CustomerID,PC1,PC2,Cluster
12346,-1.074033295076956,-2.263672987553388,0
12347,0.6859695376208224,0.7956726091906551,2
12348,0.06131734928137202,-0.38726903681712255,0
12349,0.12281972072966883,0.6638392316363804,2
12350,-0.4329212108982734,-0.454277450430068,0
12352,0.026362838576528415,0.5024151694375357,2
12353,-0.8197692772256313,-1.5049354587477952,0
12354,-0.007636419068515158,0.4980327640086081,2
12355,-0.4834299310063407,-0.6685542488119138,0
12356,0.26362186406757215,0.3299754694385187,2
12357,0.9409689196461949,0.9322499848569462,2
12358,-0.424227571197184,-0.6876861011319741,0
12359,0.9090093780270123,1.3893452643368138,2
12360,0.36963503018282673,0.9143167115372398,2
12361,-0.5912309571985983,-0.8551560021264589,0
12362,0.8965346017622766,1.3366598900710445,2
12363,-0.3080401353440612,-0.2304511567124346,0
12364,0.20154283367722148,0.601153699660545,2
12365,-0.3722064435729679,-0.24896647237234548,0
12367,-0.5579497786667227,-0.7859912747257415,0
12370,0.6944613219666468,1.0914907734649892,2
12371,0.08906007900834675,0.5414793333558767,2
12372,-0.09077001440248599,0.04589773890155257,2
12373,-0.4790159551062499,-0.6067001683602073,0
12374,-0.20913076449818632,0.05717313561550173,2
12375,-0.4744600798673146,-0.6081899902661765,0
12377,0.15372040234322093,0.6416296997391344,2
12378,0.8711076379630304,1.4234878190575557,2
12379,-0.1478159039622943,0.18655634238817176,2
12380,0.28709440202442676,0.6594678552670427,2
12381,0.1375115426773743,0.6212381613067717,2
12383,0.2959051612284716,0.7358354187028365,2
12384,-0.31688266924693076,-0.11974247276736569,0
12386,-0.535946898543925,-0.872804159547198,0
12388,0.26153855507223245,0.396120010362716,2
12390,-0.2313140524976172,0.036956510432835425,0
12391,0.027014071415669104,0.9042586347515057,2
12393,0.019851111014946264,0.3000266585513505,2
12394,-0.15839036345229365,-0.1703851218092353,0
12395,0.4961209471445233,0.7442351673329483,2
12397,0.3753871345692589,0.9548403057279796,2
12398,0.26287534543100166,0.7571321951022058,2
12399,0.03321993010538006,0.2960129115320909,2
12401,-0.7728833205342309,-1.3527761792642907,0
12402,-0.5646951979808922,-0.7838778762896201,0
12403,-0.7341178021079168,-1.3652366296805236,0
12405,0.07249426100340435,0.4079774289408783,2
12406,0.4783094336340474,0.7596561091390476,2
12407,0.16705074663153205,0.42662643849922727,2
12408,0.34977105905517875,0.6853349883606474,2
12409,1.650759232872288,0.37388806434089233,2
12410,-0.29478163747884323,-0.1268123023480026,0
12412,-0.030591844354747637,0.23649075459371735,2
12413,-0.2551192294389415,-0.04287836668804513,0
12414,-0.41462031471455324,-0.5125626581367185,0
12415,21.637052528032726,-4.57954857692502,1
12417,0.6066621255276868,1.2101220287330756,2
12418,-0.19812761568777884,0.0802744621955488,2
12420,-0.2537163514353762,-0.04327826950333152,0
12421,-0.18361349829896723,0.049044024829395294,2
12422,-0.1568340759083213,0.18944105859093688,2
12423,0.3054958481570973,0.8631725495279049,2
12424,-0.09296530199121163,-0.06481639513291029,0
12425,-0.16159524232348763,0.11953893100586745,2
12426,-0.25897141971821463,-0.0115609003757793,0
12427,-0.28865345390513586,-0.12877041570567024,0
12428,1.3718998463349783,1.4121987858830076,2
12429,0.45014360929230973,0.6641457528934168,2
12430,-0.5588562024510769,-0.785745906296193,0
12431,1.0319869017482042,1.1021628160488244,2
12432,0.6626789152269212,0.8372786402258859,2
12433,2.869967242772585,0.7845751310613813,2
12434,-0.10010148942414529,0.37589140542153016,2
12435,0.6022124069374143,-0.2592940197473167,2
12436,-0.4318261930509253,-0.5070761617244024,0
12437,0.8384666543821209,0.8780950630931773,2
12438,0.33303377592694117,0.7235356559259442,2
12441,-0.5650660459135195,-0.7837350133213853,0
12442,-0.5350708129675726,-0.7199213270436029,0
12444,0.6323506081781463,1.0781185924005487,2
12445,-0.810076906557967,-1.5080330207424726,0
12446,-0.039614520257856174,0.5082190161394847,2
12447,-0.3142797066851934,-0.12052522727338315,0
12448,-0.3515668992501249,-0.255579157163992,0
12449,0.5715000868439465,0.955557256482156,2
12450,-0.6700754752175468,-1.1218941495125632,0
12451,1.8911393851978313,1.2713281720956062,2
12452,-0.3737693130578066,-0.289247940578655,0
12453,-0.12449650790094992,0.2665448564671821,2
12454,-0.5200920274911822,-0.5343592740756712,0
12455,0.43116450299673603,0.7033199129169803,2
12456,0.47494613252203155,0.8806560347778739,2
12457,0.061237767479276596,0.39463875213466226,2
12458,-0.15351056841863311,0.09178869736707053,2
12461,-0.19495740773771855,0.10500106761776846,2
12462,-0.03993238474600672,0.3925546769029225,2
12463,0.07733189429082016,0.5874533316717251,2
12464,-0.6248792498011145,-1.2590658532331187,0
12465,-0.10444236260119429,0.32059589528235,2
12468,-0.1849810408429591,0.12698664994735354,2
12471,2.7602470162232393,0.4840774589316433,2
12472,1.2763372462521616,1.3225018618398992,2
12473,0.6291500145569398,1.0932708099509751,2
12474,1.479945577396824,1.3604412079002732,2
12475,-0.16038096227271814,0.11917957325513988,2
12476,0.9948864389224407,1.18889182903538,2
12477,1.739625374874388,1.0234793207914037,2
12478,-0.2069619869737403,0.13398361881782062,2
12479,-0.24574166841863054,0.013378480321383474,0
12480,0.5528986741513997,1.0428400684340384,2
12481,1.0073844866704085,1.0346821712450465,2
12483,0.11574342950293737,0.24994459028694252,2
12484,0.901027882462222,1.5561807283848248,2
12488,-0.05039445418560525,0.30316949574482954,2
12489,-0.4775181700782158,-0.5480329954054363,0
12490,0.9276051595915578,0.9368731142421031,2
12491,-0.3155589839899281,-0.15468795359988743,0
12492,-0.4114065984787617,-0.3645431587728062,0
12493,-0.3838106430038745,-0.3286755900961459,0
12494,0.04201212814858239,0.5567730225143647,2
12497,-0.2736383810029343,-0.6722094754168123,0
12498,-0.37926673672178923,-0.28749118331745216,0
12500,0.41807266467246273,-0.11700120161758144,2
12501,0.4955448588314084,1.192723449369119,2
12502,0.399222915526415,0.8781096363526097,2
12503,-1.1664122769414682,-2.2338099959607347,0
12504,-0.723619320262079,-1.227197538834975,0
12505,-1.0745460829112883,-2.2635080669148513,0
12506,-0.40274369470609817,-0.2001634705516388,0
12507,-0.22870303303561923,-0.42300930591515984,0
12508,-0.10535766101775511,0.5137149520543149,2
12509,-0.6823516571990993,-1.1179876861463083,0
12510,-0.22125717042869214,-0.053764712813048496,0
12512,-0.31077666624829764,0.03418568347623635,0
12513,-0.19025827451101887,0.10362577289808708,2
12514,-0.05931131025491663,0.39875643077687034,2
12515,-0.4536248978385684,-0.5000972589894099,0
12516,-0.21402185878477217,-0.38299479052351965,0
12517,0.5864949093232824,1.5671708987422002,2
12518,0.28330674782659143,0.7397286135596958,2
12519,-0.4363847014718249,-0.45317651148868954,0
12520,0.4387750545558043,1.0212088171191505,2
12521,-0.18907378628904692,0.17657625321899714,2
12522,-0.5529708931685313,-0.7875829544078288,0
12523,0.19191682657163206,0.7688838104020086,2
12524,0.9037427183280634,0.8105835839639369,2
12526,0.052304171152028525,0.5676253325282157,2
12527,-0.4120115674554444,-0.4113858163866424,0
12528,0.05430967586546,0.3444686049064553,2
12530,0.05664536784027025,0.3616619613748718,2
12531,-0.4719707073704365,-0.4417830649109897,0
12532,-0.4532274363711691,-0.5002070264677366,0
12534,0.03227964433749338,0.5598861050965845,2
12535,-0.2714148658677002,-0.06877685476713405,0
12536,0.9424092958226178,1.5573778521445123,2
12538,-0.3779091650361287,-0.2879028207120018,0
12539,0.7050627927437046,1.1787600009068255,2
12540,2.294272367101628,1.184984617447669,2
12541,-0.054629793585936386,0.30466717730156073,2
12544,-0.41248097805808726,-0.3642468983831681,0
12545,-0.09938657660737878,0.23737155726140804,2
12546,0.014470994599916027,0.5063846057690025,2
12547,-0.668397833895045,-1.1224313835070505,0
12548,-0.7665117632702956,-1.3548036083260526,0
12550,-0.015952171709150836,0.48506596407267216,2
12551,-0.5917272804278905,-0.8549878940903766,0
12552,-0.399100797744436,-0.3238330787869752,0
12553,0.5337781550150439,0.7709593963272434,2
12556,0.07103372693334951,0.9658138754779189,2
12557,1.0942004063359576,-1.0524893535144813,0
12558,-0.5967274936398997,-0.7736026204458053,0
12559,-0.35082285022584225,-0.2965825671380777,0
12560,0.2763108630464794,0.8243351757639527,2
12561,-0.45885798636657116,-0.49836638476405615,0
12562,0.5343541472477016,0.8081138248020349,2
12564,-0.37865751178853546,-0.2877102566810705,0
12565,-0.6237381934062279,-0.9321309134861933,0
12566,-0.39418693399328897,-0.37004857890244475,0
12567,1.617423691393542,1.5388221228145909,2
12569,0.5402425991063114,0.7396210308190749,2
12571,-0.21747758267893388,0.0043877716311994195,0
12572,-0.04887752407025036,0.43002781052752376,2
12573,-0.35544301868609995,-0.10730835142724146,0
12574,-0.5700386976051022,-0.7821785378655801,0
12576,0.1302981679343962,0.6492185494669065,2
12577,0.16685727582925713,1.2213858755311273,2
12578,0.3950140718507057,0.9648057815886826,2
12579,-0.2789127293107604,-0.03518992000251067,0
12580,-0.3328403872379978,-0.18511449043155387,0
12581,-0.48068449454814655,-0.5469617449425739,0
12582,-0.3501190561494827,-0.2967939173801403,0
12583,1.3185462450255994,0.6935637806494382,2
12584,-0.0384468798847883,0.2592501350258513,2
12585,0.24569385054799142,0.6729639627172821,2
12586,-0.5495638411558526,-0.7153254440587158,0
12587,-0.8107945604652567,-1.5078103819614062,0
12588,-0.5946618132893874,-0.854079229103264,0
12589,-0.255547441509371,-0.042719512310531296,0
12590,1.2939530634953795,0.22414132094581707,2
12591,-0.31073744798728786,-0.12163801400723136,0
12592,-0.5190709491929502,-0.7984602728121841,0
12593,-0.47333598673511806,-0.6085287028118115,0
12594,0.31674493766667283,0.260502894043788,2
12596,-0.2717735499925649,-0.16866058873333983,0
12597,0.7489795137250065,1.303659179740447,2
12598,0.4504575267119626,0.68622221809549,2
12599,-0.10483275299161474,-0.003418616092461218,2
12600,-0.0043769502215976995,-0.03604922829982514,2
12601,-0.35342555080774174,-0.2957726653313716,0
12602,-0.5395057834323846,-0.7185046306544997,0
12603,-0.8196083312999374,-1.7097380820497676,0
12604,-0.4702917782756595,-0.5502874133686069,0
12605,-0.890577263561143,-1.6868534475374473,0
12607,-0.026636467004503558,1.0061279899632236,2
12609,0.008709408067150443,0.47716071358208423,2
12610,0.24470143702437624,0.7626959047874958,2
12611,0.07712175206718191,0.5737961243569827,2
12612,-0.3717418724990943,-0.3773155757698876,0
12613,0.5213152325833378,1.0169612882774413,2
12614,-0.41084240312221715,-0.32004751984456137,0
12615,0.3045184415472885,0.7110687409650689,2
12616,-0.29755998427996677,-0.16049552253974328,0
12617,-0.21681094527698672,0.20869393875373082,2
12618,-0.5683624571370062,-0.7826906400054262,0
12619,0.5356205652798578,0.19108868863028458,2
12620,0.22000956879288855,0.8125310738762221,2
12621,2.407163636945231,1.0914124425873453,2
12622,-0.5720266771650802,-0.7815290651892653,0
12623,-0.4217834025812308,-0.4082634164956017,0
12624,-0.19307009059298308,0.12959398089183377,2
12625,0.3329674049381298,0.6090275820538259,2
12626,1.199702458073315,1.3706482591831688,2
12627,0.8618668454815144,1.151455107698095,2
12628,-0.1843731782919308,0.07586033038292245,2
12630,0.01952405582727872,0.5198619788464359,2
12631,-0.24895362623144,0.014318961957773886,0
12633,0.22888252005037804,0.6299925667976181,2
12635,0.2673158483739789,0.8659704821611256,2
12637,1.0766394570202933,1.2970872123814066,2
12638,-0.1377915459143273,0.18346123604421977,2
12639,-0.35462016601574187,-0.2546278534402297,0
12640,-0.08638032406076245,0.33393890216038946,2
12641,-0.5942979609920962,-0.854180684566495,0
12642,-0.11341669632164357,0.1755601743632907,2
12643,-0.06208502713290809,-0.9449007138353197,0
12644,-0.24944028400614998,0.014552025371922026,0
12645,0.12587912802309517,0.4553317280363006,2
12646,-0.010950844185606996,0.23019917245817692,2
12647,0.41399219397483933,0.6419303243614981,2
12648,-0.38613846729300383,-0.2852688715917324,0
12649,-0.21169317040910904,-0.02657587443324788,0
12650,-0.38527404752615446,-0.3281616595793973,0
12651,-0.6247121225210697,-0.9318135132652339,0
12652,-0.074651549685168,0.3492329901385617,2
12653,0.02384909397230313,0.08442388132843649,2
12654,-0.248072005783955,0.014057783841002345,0
12656,0.5125137153097128,0.718420186563941,2
12657,-0.11540802685443918,0.07959703497595859,2
12658,-0.19443669734424082,0.13000598610059963,2
12659,-0.7587262284965036,-1.357272823388438,0
12660,-0.5172759511287867,-0.6577088296529839,0
12662,0.644770051819719,1.0134237046576253,2
12664,-0.04818821492356559,-1.0297628439732407,0
12665,-0.8791376904364885,-1.690517538920942,0
12666,-0.9927259907303871,-1.9178932389182186,0
12667,-0.21154842247795927,0.057999807698799165,2
12668,0.5442046446472848,0.9409839765828519,2
12669,0.25771846341528615,0.8877537845986286,2
12670,0.2726882591199622,0.4081434318298737,2
12672,-0.590156356123961,-0.8555144571024889,0
12673,-0.1561205815598523,0.25556588747706044,2
12674,0.1154492707301212,0.3603061791846869,2
12676,-0.11363802389611646,0.026581819670429906,2
12678,2.995706805764405,0.07365621586715597,2
12679,-0.07563776835401073,0.29159375532183657,2
12680,-0.18474914940217152,0.04937711278416229,2
12681,2.4349984324697767,1.1032910893148433,2
12682,1.9725170240941354,1.0273111639597952,2
12683,1.502008018340471,1.0271356163493233,2
12684,0.3139950632210788,0.4408126142252532,2
12685,0.4662854987081303,0.9818003057842092,2
12686,-0.6820104705659771,-1.1180537313682168,0
12688,0.9483552427685057,1.173053759520937,2
12689,0.01571777893628066,0.474878060428352,2
12690,-0.456794342855415,-0.4990939307113277,0
12691,-0.2936076758502799,-0.3149826565266107,0
12693,-0.19995772178307175,0.10658605862360696,2
12694,-0.1826241020783205,0.021349008321358817,2
12695,-0.3326796716583086,-0.22264579130230477,0
12697,-0.14080330214702638,0.13729451331889334,2
12700,0.9705706617060311,1.276279462334494,2
12701,-0.04818868436761823,0.377542520541142,2
12702,-0.5498245231485472,-0.7152615960049108,0
12703,-0.3895452491281715,-0.2841666921900066,0
12704,0.1798582788081524,0.5267059616878011,2
12705,1.3197975706882912,1.3164626289544017,2
12707,-0.2329577011660212,0.06480260961086076,2
12708,0.32840664046747786,0.7464518657932957,2
12709,1.2864160681481296,0.6027119297184224,2
12710,0.10999604611215782,0.6926448766789121,2
12712,0.3299773225256496,0.40475258150556925,2
12713,-0.13999685125670366,0.16088024153231847,2
12714,1.0026644800665914,1.3688175179664535,2
12715,-0.39184403238469,-0.32609050777272486,0
12716,0.02478504322863322,0.5182973915549939,2
12717,-0.06339406884927648,0.36413713518332724,2
12718,-0.41186522504073053,-0.3643855351384459,0
12719,-0.20971386342390166,0.0839808638587449,2
12720,1.3072497776680019,1.25030791250728,2
12721,0.5451028724875513,1.080206310512836,2
12722,-0.05646784709119971,0.38011855133942285,2
12723,-0.07409150542524257,0.4381652517861287,2
12724,-0.07878828613675212,0.3315986178303798,2
12725,-0.34251827542279345,-0.1820488422580929,0
12726,0.4898457481075144,0.32374446583249056,2
12727,0.6174561048779825,0.8689795026104695,2
12728,-0.15382952418053644,0.1652762639705904,2
12729,-0.3100034604648772,-0.1218710390410965,0
12731,2.7390939994159345,0.1884515163557065,2
12732,-0.5400484695356268,-0.7183725946322337,0
12733,-0.37221492966845593,-0.2489943650186604,0
12734,-0.808212338303783,-1.5086136636007128,0
12735,-0.1658319343540614,0.16911294566961155,2
12736,-0.7858328245785143,-1.515776072517422,0
12738,-0.5626641157204924,-0.7844885210190417,0
12739,-0.1296947476200262,0.15753110394775913,2
12740,-0.28668171768914713,-0.09594153681140771,0
12743,0.09497898864843646,1.077172392091262,2
12744,1.6248877182809454,0.9928347469537036,2
12747,0.27079897545117726,0.11833966562064888,2
12748,6.484565930844312,1.5404434216426808,3
12749,0.6168292331698702,1.2182076018029515,2
12750,-0.4777415324494277,-0.5479335558767452,0
12752,0.48776858383868216,0.2580853933722292,2
12753,3.3881940441700324,0.155318183101975,2
12754,0.9644077525244745,0.055131758529840896,2
12755,-0.4760457123724177,-1.4480088397461577,0
12756,-0.8000008523851343,-1.5112205781450074,0
12757,0.8863934075677793,1.4905918468866284,2
12758,0.46128073964141464,0.6828892856984743,2
12759,0.17071596902980113,0.7427961284875362,2
12762,0.17742599709571288,0.49900113447731326,2
12763,-0.4179106563186532,-0.511485355988624,0
12764,-0.04436676099943683,0.2813620672363231,2
12766,1.2588225594835627,1.2387569800714322,2
12769,-0.1822444560495006,0.021096075176310774,2
12770,-0.357579750303051,-0.7768223917797935,0
12772,-0.033101694213632106,0.4583941669811378,2
12775,0.006234083482787836,0.30446019413173725,2
12778,-0.08474531743694284,0.18918432651027894,2
12779,0.5417202328340569,0.6989693302887536,2
12781,-0.24743357169742985,-0.17642868441969348,0
12782,0.25570770401196047,0.7154633682680882,2
12783,0.11952004361575681,0.7013696148612314,2
12784,-0.10715453902709955,0.4655624208639348,2
12785,-0.4937880142218201,-0.6019834455787164,0
12787,-0.4131057673345846,-0.46062882980443814,0
12789,-0.8218426434994591,-1.5042788066506152,0
12790,-0.3847106626996968,-0.28572533954394586,0
12791,-0.936259999067612,-1.9360170960540695,0
12792,-0.32666191644339204,-0.15113524282787977,0
12793,-0.34804504266310643,-0.29746864970009335,0
12794,-0.09478052648876154,0.25703968278826067,2
12795,-0.49221822015576516,-0.6025419812037006,0
12797,-0.5283674566011618,-0.6541640679404527,0
12798,0.5889950218195257,-1.6471038734379757,0
12802,-0.3134206930489363,-0.15534346824424047,0
12808,-0.304293600896496,-0.09037910403910551,0
12809,-0.3195075591096915,-0.1534463678042729,0
12811,-0.2956824908273145,-0.09312712119508965,0
12812,-0.47763646189135933,-0.5479445455988745,0
12814,-0.9486424641636302,-1.9320549989886742,0
12815,-0.14099152032198561,0.16109201449864075,2
12816,-0.30569072038173234,-0.08997850981125141,0
12817,-0.8087008303871821,-1.5084855311700371,0
12818,-0.2798745746708405,-0.6704598309952678,0
12820,-0.005083398640264804,0.4494778101808685,2
12821,-0.7226230943420389,-1.227503425067502,0
12822,-0.10871903879373798,0.21881487906272842,2
12823,-0.8967456307865561,-2.3207899795405615,0
12824,-0.3247794172348026,-0.15173104331804319,0
12826,0.09975343101700607,0.46376220244123784,2
12827,-0.39701104712188523,-0.3691926298822198,0
12828,-0.07837235871179345,0.31218427608588595,2
12829,-0.5705016738799479,-0.949085665100562,0
12830,1.4352055794935195,-1.21730855152759,0
12831,-0.6082166977849026,-0.9370975695728242,0
12832,-0.31152652168280226,-0.08803492244157968,0
12833,-0.3445252261194822,-0.18140685267811493,0
12834,-0.4328653485785094,-0.40474982811725724,0
12836,0.44125746281304706,1.203572803258909,2
12837,-0.5609601064585134,-0.7116864160210127,0
12838,0.11385031732199004,1.0790516589011179,2
12839,0.9657957008155387,0.6424090333416318,2
12840,0.304673040120386,0.5281925186255465,2
12841,0.8876223346878898,1.4630253378982152,2
12842,-0.14104819697835558,0.06194123625350443,2
12843,0.119315852120862,0.6140770241647745,2
12844,-0.18271069822794256,0.36492184630895025,2
12845,-0.3222874735923227,-0.11792460006943492,0
12847,0.07922424238726404,0.6656520468249036,2
12849,-0.05860351056084444,0.32520273051971255,2
12851,-0.22453250057820878,0.2985717045754428,2
12852,-0.44325668583600747,-0.45098049871051193,0
12853,0.1282881429397009,0.5710017103635827,2
12854,0.15716323080915315,0.9105240142943668,2
12855,-0.8819400066087759,-1.6896167253328749,0
12856,0.4176526341501141,1.253346247985081,2
12857,-0.14958408770368922,0.14000036839554603,2
12863,-0.7132569189202064,-1.3719029968640075,0
12864,-0.8461929914293096,-1.7010145662467815,0
12865,0.18728556106681937,0.8022269668015171,2
12866,-0.31025052823273996,-0.12184393012069085,0
12867,1.1419805265358602,1.4248644684741125,2
12868,0.14968847993986867,0.6429195046464018,2
12870,-0.9675305384211292,-1.925992352203248,0
12871,-0.6133480826515708,-1.0320770939608876,0
12872,-0.0773294877543682,0.520383250381944,2
12873,-0.7808528411401046,-1.5174242731205718,0
12875,-0.7548261797040056,-2.365146593352862,0
12876,0.32688422784224236,0.5213832262627253,2
12877,0.2663792023481977,0.9033638821339364,2
12878,-0.13652593933057935,0.1597820094495553,2
12879,-0.6071400887873324,-1.1420396201685508,0
12881,-0.6773011379388555,-1.1196493282407003,0
12882,-0.42009460709559987,-0.7570358299033196,0
12883,-0.19011948671016618,0.20005333562118305,2
12884,-0.6732241138893468,-1.1209486073973676,0
12885,0.050574766051671605,0.5960155972151123,2
12886,0.11537213973460393,0.690832030449608,2
12888,-0.7944370781891484,-1.5130838848699326,0
12890,-0.026937971758049302,0.7719375228743742,2
12891,-0.8019407900523942,-1.9787132751464773,0
12893,-0.3435785666809879,-0.07776264312167297,0
12895,-0.3655572562361482,-0.25108960937607006,0
12897,-0.8557925044595079,-1.6980014868168234,0
12901,4.022826731333526,-1.3208038483843285,3
12902,-0.5990309826421288,-0.8526557215960038,0
12904,-0.08496830625226609,0.5382560021410369,2
12906,0.30496747538509233,0.3501199992407474,2
12908,-0.9458709063314196,-1.9329926741520487,0
12909,0.26277854349198726,0.6791422447643468,2
12910,0.27389353610597356,0.23756966450384814,2
12912,-0.2559526588307557,-0.5110844883778132,0
12913,0.11836355508283121,0.054295190932957704,2
12915,-0.4174526386885842,-0.3626728723179819,0
12916,0.19821447962355318,0.3506809450487127,2
12917,-0.9000637930985773,-1.9476988622136477,0
12919,-0.10865771748481659,0.05157316541850245,2
12920,-0.33922781994467144,-0.07913679406445308,0
12921,2.9001459227385116,0.8300617747463326,2
12922,-0.27511694720014324,-0.06745156236948563,0
12923,-0.33770802555067275,-0.047474414993322424,0
12924,-0.278037599991491,-0.2791476761127911,0
12925,-0.12188484106033089,0.24466000832982213,2
12928,0.21320058618576285,0.4428678432646167,2
12929,-0.6595634862415722,-1.0172763597031376,0
12930,-0.378031272537434,-0.3305064737978353,0
12931,5.758833234331597,-1.9673867826795373,3
12933,0.09999871375435246,0.9834345404719826,2
12935,0.35561166947237877,0.6725715963189522,2
12936,-0.020972845629545423,0.4707023745575982,2
12937,0.18362888229802554,0.7387110576191936,2
12938,-0.615761726072238,-0.9346541933304232,0
12939,1.216452038596379,-0.799333474907045,0
12940,0.06521691020867691,0.851652035751725,2
12942,-0.04687133989118278,0.6541237951620045,2
12943,-1.074484647650011,-2.2635279274170497,0
12944,-0.2614527380001462,-0.04082494284270493,0
12945,-0.350369381499969,-0.21697395012568307,0
12947,0.20373066671461523,0.7544556139482679,2
12948,0.24195605754596491,0.7310391651663124,2
12949,0.7847576605174091,1.1983009252504846,2
12950,-0.20573321700064223,-0.7573565961619787,0
12951,-0.033721217952847306,0.4420104622950745,2
12952,0.06060874394050134,0.5649576893073046,2
12953,-0.4495858362834656,-0.44898635171931095,0
12955,0.8281137177318726,0.5326074168380294,2
12956,-0.4468945371916877,-0.3532052428867265,0
12957,0.8553089918292337,1.3815228619148887,2
12962,-0.4796723034221325,-0.5473161933194934,0
12963,0.175134935302072,0.6836042952975582,2
12965,0.09476082894705876,1.0280383627371752,2
12966,-0.5959722520855005,-0.8536368746204731,0
12967,-0.30235811241036287,-0.31228235753197664,0
12968,-0.7597135503408655,-1.3569808786204713,0
12970,0.08176524289579326,1.09722758931581,2
12971,2.1794057946617094,0.24516306329378623,2
12974,-0.6580416282779654,-1.017778550782026,0
12976,-0.2820335053853272,-0.2777869676382383,0
12977,-0.6403516229652673,-0.9268138151332609,0
12980,-0.03480542971520735,-1.4491821895359558,0
12981,-0.5100243944377949,-0.7279671553910853,0
12982,-0.2906894912839626,-0.06249563556839255,0
12984,-0.818207953331148,-1.5054350901914533,0
12985,0.19117407973832198,0.6424074378911139,2
12987,-0.29508708479064116,-0.09333066425397159,0
12988,-0.04541896733263708,0.742271438135323,2
12989,0.7187472995685584,-0.046670228949810585,2
12990,-0.6109840537976154,-1.0328413260854847,0
12991,-0.23578871400071078,0.01020689003514294,0
12993,-0.3121274249233526,-0.12117845680639566,0
12994,-0.06369482595508814,0.4176548270057233,2
12995,-0.8588152175567966,-1.6970345303464167,0
12997,-0.04721685043642042,0.28250639267611233,2
12999,-0.3041067799644809,-0.15832038625166814,0
13000,-0.24544811853138215,-0.015829678582282274,0
13001,1.6949662504734342,0.906707243283401,2
13002,-0.6843067894176966,-1.1173403222063676,0
13003,-0.8028837305059384,-1.5103235058608626,0
13004,1.391744545375369,1.4718535303132378,2
13005,-0.37276845885731197,-0.2895851080114864,0
13006,-0.8153317265473192,-1.5063402242597888,0
13008,-0.4888926220508279,-0.5443474060935979,0
13011,-0.8833711778049204,-1.689168530038489,0
13012,0.07161736378728055,0.6162184434410516,2
13013,0.7983066874360903,1.1312637404299217,2
13014,0.2687668440310014,0.5392733358992465,2
13015,0.5937919248255744,1.2027250839154762,2
13016,-0.13531816207038633,0.18261910216503527,2
13017,-1.0504024432094496,-2.2712714101679756,0
13018,1.6520887546683414,1.499988685057547,2
13021,0.3828535172726343,0.8927077082869972,2
13023,-0.19902332273638287,0.13145979478440795,2
13026,-0.006226153473305802,0.019240789148409612,2
13027,2.3172427863731535,-2.1955712578463844,0
13028,-0.1006228755938394,0.19429332081034972,2
13029,-0.5518560221303669,-1.0520121239357494,0
13030,0.010271980536238979,0.7364536407218013,2
13032,-0.051827890032592784,0.46428704449984415,2
13033,-0.5691522114579345,-0.7824463949414067,0
13034,-0.18381314501840235,0.15108790298225663,2
13035,-0.24905475763549575,-0.2493333031307526,0
13037,-0.11031403727495488,0.2825485384966029,2
13038,-0.2748870969084599,-0.2037455354748459,0
13040,-0.1761089312898586,0.1724241818864673,2
13043,-0.4808471025666684,-0.669379852439726,0
13044,-0.2115333996616749,0.058023885185253206,2
13045,-0.41744337011849525,-0.4096409117765062,0
13046,-0.22968354581338338,0.06375096407220232,2
13047,0.4336911303397624,0.902387998698193,2
13048,0.22437304637321545,0.6798241139806723,2
13049,-0.4448540920209667,-0.6176834337359393,0
13050,1.209071243578815,1.4214734627056205,2
13052,-0.41378755431720987,-0.4108218957075168,0
13055,0.11837087851375115,0.677817551554491,2
13058,-0.7516460437541824,-1.3596067751852516,0
13059,-0.6532938212308764,-1.0193040385073122,0
13060,-0.47716743215686713,-0.5481310623146782,0
13061,-0.5841149846791192,-0.8574428042440897,0
13062,-0.5188526248955129,-0.7984857486765493,0
13064,-0.041441234762980346,0.393042450836917,2
13065,-0.5097526137399404,-0.5968684389506813,0
13066,-0.1405075441008133,0.3703677241891781,2
13067,-0.5232130137659534,-0.5925527661544978,0
13068,-1.0170197352375163,-2.281933862964267,0
13069,1.3385104327565547,1.5156597201080764,2
13070,-0.6106947913281738,-0.9363177381461488,0
13072,-0.6802799455726453,-1.1186455053363895,0
13075,-0.2781637061269643,-0.2791026541158776,0
13077,0.15200306262267557,0.9309381176089159,2
13078,1.7795356516175855,0.38083881346148457,2
13079,-0.9390535421541402,-1.935143797580907,0
13080,-0.7182517709428574,-1.2288740159399236,0
13081,5.436193700486659,0.7369563013240263,3
13082,0.7655533933271832,0.32595317886653474,2
13083,-0.46824978480697693,-0.5509594534057353,0
13085,-0.4508331851709274,-0.44856269064581755,0
13089,9.589068369084782,-0.39511490190911497,3
13090,0.9935136745868706,0.6508084505599442,2
13091,-0.34418236274277586,-0.29858545372723083,0
13092,-0.3839108053155284,-0.3733646404314837,0
13093,1.1707076511672139,0.6042380217263696,2
13094,-0.46764430291369075,-1.6174735419792075,0
13095,-0.7134547092574374,-1.2304043634760637,0
13097,0.9924748916549337,1.3672504822841156,2
13098,4.741413130223194,-0.08589494151503908,3
13099,-1.015524909238695,-2.28234221530084,0
13101,-0.6487821962036243,-1.0206961574366435,0
13102,1.1803017214032556,0.9231334317673122,2
13103,-0.6415584824071838,-1.0230577866360302,0
13104,-0.37463902851091563,-0.6401813931459512,0
13106,-1.0671409632822668,-2.2658891941493096,0
13107,0.11937207476220665,0.39318977077628947,2
13108,-0.5482671747368081,-0.8688689746158693,0
13109,-0.12608337939476788,0.2243994073971231,2
13110,0.16785156475265506,1.0128779922569275,2
13113,1.2378988980715042,0.7016187917255313,2
13115,0.35059392282766494,0.800709353607332,2
13116,-0.2623476396981841,-0.0104422198742626,0
13117,0.07832950379187939,0.5872908171209594,2
13118,0.017478335599769447,0.6334836758036133,2
13120,-1.0697966212168255,-2.2650323875472367,0
13121,-0.15768967152594363,0.4125576835504437,2
13122,-0.031269664712341945,0.44129027067815757,2
13124,0.7466076742406965,1.3093154729269922,2
13126,0.5030651404043172,1.0233155260775888,2
13127,-0.4805520727373651,-0.5470334876343043,0
13130,-0.9561655558680443,-1.929637436296288,0
13131,-0.19489948072945604,-0.032116340383112486,0
13132,-0.8801707529526853,-1.690197191327656,0
13133,-0.6911313539020606,-1.1151690001011685,0
13134,0.24752576442334884,0.8531388988556855,2
13135,-0.2004705898529187,-2.5424149296160388,0
13136,0.36036724331659536,0.8454212180871191,2
13137,0.9085838860526613,1.8293073880634636,2
13138,-0.18841665602775642,-0.005049457986092158,0
13139,0.8068135665142514,0.9822986880445304,2
13140,-0.2081453189645872,0.22853270953202548,2
13141,0.42146321397705905,0.9646612814104624,2
13142,-0.34972805513014565,-0.21710213211931284,0
13144,-0.8772701812967039,-1.6911340234849734,0
13145,-0.7105434788676552,-1.372817628986235,0
13146,-0.46298826249605685,-0.49705074152529677,0
13147,-0.9948838403587502,-2.289137506892626,0
13148,0.7346359912068299,1.5430226877837592,2
13149,0.22030137576521525,0.6693494578453544,2
13151,0.0423471476431607,0.6896242564864677,2
13153,-0.4199982777063644,-0.5663613926421779,0
13154,-1.124297176630566,-2.247424767427832,0
13155,0.016607953814706308,0.6204590365553581,2
13157,0.22026608200515785,0.5820184356793096,2
13158,0.043427210015655325,0.49716589365498304,2
13159,0.26816358618633407,1.0218064690978437,2
13160,-0.8143495733168276,-1.5066568791351218,0
13161,-0.659946080443216,-1.0171586334481406,0
13162,0.26596517478614784,0.630760933735473,2
13165,0.012635729113618108,0.15817319184918643,2
13166,-0.21117852777559243,0.20687652132476092,2
13167,-0.0281116601081112,0.38896394959603514,2
13168,0.17798510389399833,0.9495010031579992,2
13169,-0.49911692369370053,-0.8049262342828855,0
13170,-0.3233954374872501,-0.020926346371801605,0
13171,-0.22197625358583709,0.16330425118775022,2
13173,-0.19409906873795693,0.24618551247528325,2
13174,0.6084065737922365,1.544207292800538,2
13176,-0.03456308638497698,0.623363255606877,2
13177,-0.45245931092952557,-0.4480514713577887,0
13178,0.9409173731307501,0.6407420911840074,2
13182,-0.5578217640909074,-0.7860088306822117,0
13183,0.4364267447891424,0.24000113248035193,2
13184,0.423516400949521,1.1460354591847515,2
13185,-1.0664545430033334,-2.2661127988668337,0
13186,0.11511327864303564,0.6154790133323185,2
13187,-0.25663583211812496,0.17439650468600407,2
13188,-0.953029957440534,-1.9306570548005237,0
13189,-0.20988764371296958,-0.05702406103111783,0
13192,-0.01653600340107659,0.48527682842871517,2
13193,-0.40760484257986934,-0.23763112146858537,0
13194,-0.8806654624689533,-1.690032157964405,0
13196,0.2864410634085041,0.8692448377089956,2
13198,0.8126135362374234,1.359603423761903,2
13199,1.470993821863507,-0.14561080431689877,2
13200,-0.11106916319998392,0.24114229188744402,2
13203,0.00490746146719427,0.4625580215894511,2
13207,-0.6654964840365961,-1.1233727222367962,0
13208,0.23897752544209167,1.1075439329722194,2
13209,1.3054010235291775,1.423624339463499,2
13210,-0.3489032878164474,-0.25637811395292587,0
13211,-0.02879785548445669,0.27671027260895886,2
13212,0.14416639982356144,1.166695726147112,2
13213,0.23847947580761045,0.7324013380851634,2
13216,-0.7112163595032329,-1.3724681983377334,0
13217,-0.8620048053324016,-1.6959897994219275,0
13218,-0.7635559983465153,-1.355725945112433,0
13220,-0.3789433252529054,-0.4221083001229081,0
13221,-0.050399563013658256,0.5718149768134453,2
13223,-0.755318758514438,-1.3583888412472043,0
13224,0.36754209048836217,0.8799865122354475,2
13225,0.5694826437733166,-0.5116272485038755,0
13226,-0.48354428761104223,-0.4904684604292262,0
13227,-0.6099134248602942,-0.9365796956187251,0
13228,-0.9078613206471305,-1.9451100342162,0
13229,-0.5976392937506007,-0.8531081732319127,0
13230,0.7742274223527784,1.9887348439415689,2
13232,0.2927824876047012,1.245145056721281,2
13233,-0.05629164842371644,0.24494779128741545,2
13235,-0.11944437706748047,0.4696715818405524,2
13236,-0.19274339664194537,0.07853728119546073,2
13238,-0.3492062904868651,-0.3397857323779229,0
13239,-0.34408637854941015,-0.25789530472739974,0
13240,-0.07066368726895011,0.5336350762217305,2
13242,-0.5345125873755933,-0.7201460395738801,0
13243,-0.10027599425551895,0.4960778663794054,2
13244,-0.35556542144185915,-0.07393184110302195,0
13245,-0.4506563951348627,-0.5010620085745192,0
13246,0.37282220298704183,0.9559026586753263,2
13247,-0.3859745341602968,-0.4197229520225823,0
13248,-0.3086385477504916,-0.15688686467593002,0
13249,-0.2982648625245128,-0.3133477511683035,0
13253,0.006980167430431167,0.040813173171713825,2
13255,-0.49857631108668493,-0.6637139643109207,0
13256,0.733937088935148,-2.8374736093909307,0
13258,-0.26589664449536426,-0.07050714642302217,0
13259,-0.05673663415303983,0.7697689350776241,2
13260,-0.6072132227304546,-1.0341097005962732,0
13261,-0.5657512368923888,-1.0474554683060153,0
13262,-0.5622989689981045,-0.7846261369278185,0
13263,1.6659687335846716,1.82722542788628,2
13265,0.283689516699407,0.5215795432238273,2
13266,0.8459842285178384,0.5495047456857174,2
13267,0.5773866214696939,0.6873907610030565,2
13268,0.9959495678567608,1.5302673603118768,2
13269,1.0641596920220757,1.1726354393414002,2
13270,-0.9968689695385202,-2.288448107685366,0
13271,-0.05301368933419086,0.7918363372469188,2
13272,-0.4835970580792424,-0.54607550009289,0
13273,-0.4704989361582965,-0.49462357728300593,0
13276,-0.27228482539500837,-0.007339552207930634,0
13277,-0.7348330645495381,-1.3649364720233692,0
13278,-0.11116205346219181,0.32282096731125115,2
13279,-0.6248579943694609,-0.9317731644985217,0
13280,0.0054400143755556855,0.6240872264644215,2
13282,-0.21640308295452568,-0.025295810998211023,0
13283,-0.6840912172580282,-1.1173955443639194,0
13284,-0.5282060866482065,-0.6542162348595606,0
13285,0.6075609873102369,1.2044769761007716,2
13291,-0.19983174840582663,0.24800130219530186,2
13292,-0.2551850473745753,-0.042801774391147,0
13294,-0.08505744582855697,0.35255526029341155,2
13295,-0.5688344027466657,-0.7825508366457398,0
13296,-0.7629695782542195,-1.3559240302382194,0
13297,0.10899250731329815,0.3622743513151897,2
13298,-0.9226918250171579,-1.9404042025194228,0
13299,-0.7653765951924176,-1.3551867491164644,0
13300,-0.38875007894492936,-0.32708304748512124,0
13301,-0.00464791588760331,0.7292775334088084,2
13302,-1.0680904165350367,-2.265589918366988,0
13304,-0.3763368567013566,-0.28837111216370026,0
13305,0.13023941350749887,0.32033257847272517,2
13307,-1.072227884784737,-2.264253228098741,0
13308,0.016575267241302562,0.33857010940579113,2
13309,0.2603912783342701,0.7254769306194992,2
13310,0.02906487205422568,0.5891011054739214,2
13311,-0.29775303858894847,-0.16040588085880345,0
13313,0.022662675111449086,0.2991475343308766,2
13314,-0.06753877089569832,0.46946810411301193,2
13316,1.115646338015008,0.26943058773825296,2
13317,0.2932733412657767,0.9035626051547749,2
13318,-0.44096781223364745,-0.6189091359883919,0
13319,1.7174229711349924,1.1177362844765169,2
13320,0.17499004071174987,0.6956488557317756,2
13321,-0.51979828796929,-0.8780092883951033,0
13322,-0.35754910795340794,-0.14123527686392354,0
13323,-0.6505439287795667,-1.250715483586454,0
13324,0.9383178022426549,-0.555831402458192,2
13325,-0.48548634832051324,-0.7359014014821442,0
13327,0.4167332450402459,0.5819575164008638,2
13328,-0.28349359502431853,-0.5021726741141206,0
13329,-0.38173011264140483,-0.523087170937389,0
13330,-0.08793169147408264,0.12041687973320256,2
13332,-0.3807082537823675,-0.2870081564695976,0
13334,0.7043982553106737,1.425254212894163,2
13336,-0.060385043521340755,0.3992048111864315,2
13338,-0.38966543794005926,-0.3715247338677432,0
13339,-0.07371208273891915,0.45479044693861004,2
13340,1.7472839841335488,0.6530955772204603,2
13341,-0.1497866058972378,0.25347571963972393,2
13343,-0.4175867069598696,-0.36260144836600616,0
13344,0.3506234252992787,1.00301680948346,2
13345,-0.3966806500565557,-0.3245720517564266,0
13347,-0.6158447707355358,-1.0312657213858092,0
13348,-0.4985282934870269,-0.6004442224039102,0
13349,-0.4512437166824984,-0.5007870420521539,0
13350,-0.18122349607600943,0.12570384857447736,2
13351,-0.45644284310533884,-0.4991982008992913,0
13352,-0.3239029741751897,-0.1879382082924097,0
13354,-0.05812303836036729,0.3985118557904251,2
13355,-0.22670918460018874,0.03543468141532363,0
13356,-0.1469497386149763,0.25257905452706286,2
13357,0.024109476311869073,0.8334061790799591,2
13358,-0.2755845191150683,-0.0362598911362503,0
13359,-0.35383028367315034,-0.21586023195404827,0
13362,0.4874852376213312,1.056620648401617,2
13363,-0.0437688368249026,0.320503209967774,2
13364,-0.6199064056207974,-0.845963379063329,0
13365,0.3812158265908272,1.0471447083064078,2
13366,-1.0486716403123633,-2.2717492400078187,0
13368,-0.254426690419402,-0.04306395245455454,0
13369,-0.49736928857275553,-0.60082655905704,0
13370,-0.16847265015829493,0.19317458812043387,2
13372,-0.3581405816043747,-0.2144668191198034,0
13373,0.5593526076340197,1.0821148990114278,2
13375,-0.16277302641829067,0.14434742442256907,2
13376,-0.08415955157578604,0.2943171503136915,2
13379,0.06146113094485876,0.821569591851097,2
13381,0.4912314923355212,0.5942421280072352,2
13382,-0.48293900467471773,-0.5462584475096335,0
13384,0.7112485379470744,0.9488860566627939,2
13385,-0.2197666536363974,0.11301617790002463,2
13388,-0.21218308498431177,0.11056459750864514,2
13389,-0.08406809634743277,0.38892954908487076,2
13390,-0.47880030070639273,-0.6700645099079352,0
13391,-1.068558151844432,-2.26543956209673,0
13394,0.54056029415579,1.0258342311689848,2
13395,-0.36160961269149505,-0.2930486683356633,0
13396,-0.06282465902193062,0.22561071156016277,2
13397,-0.17373681515162334,-0.10017504545506487,0
13398,-0.3027283134230559,-0.12418206635705874,0
13402,-0.2073000251607015,0.029300594636653823,2
13403,-0.8768989240205796,-1.6912344687958822,0
13404,-0.5600415425465424,-0.7853678211259897,0
13405,-0.32007721937482375,-0.1533081647011487,0
13408,4.7735252900475125,0.24180755016460748,3
13410,-0.3651243437175394,-0.5840199348502384,0
13411,-0.4608425126655636,-0.44535755834091706,0
13414,-0.07124598630143854,-0.30600858932364255,0
13416,-0.5178909655595398,-0.7989676803334718,0
13417,-0.3048549477007772,-0.1235958470054274,0
13418,1.2152391757123988,1.3298897298570769,2
13419,-0.4461859566306438,-0.5023795409358062,0
13420,-0.6491788630948164,-1.0205891998244525,0
13421,0.2525419645271694,0.8019682000687828,2
13422,0.4374086269975887,1.0656178303275339,2
13425,0.15636029597159698,0.5622168677354117,2
13426,0.592584433399639,0.8344448520953818,2
13427,-0.26445889608551754,-0.17096481464833913,0
13428,-0.08484832040786061,0.6925837797418438,2
13429,0.09650650341630393,0.4172047724875249,2
13430,-0.057020096008886696,0.36227487017844073,2
13431,-0.04378259109674872,0.2612456565641439,2
13434,-0.5582815857218872,-0.9530999426838712,0
13435,0.4864360887047514,0.48335855551806867,2
13436,-0.5483195805176503,-0.7157285337830553,0
13437,0.529370289192519,1.143950907005528,2
13439,-0.1330387544095628,0.4738978102306276,2
13441,-0.5019525474403942,-0.662596980515697,0
13447,-0.01272795137613447,0.4518257102548092,2
13448,0.5718210079848316,1.091460818369164,2
13449,-0.404732845224301,-0.36667508833055673,0
13450,0.1259182967267862,-0.07714160395463616,2
13451,0.8130474983985638,1.7742384313210249,2
13452,-1.0254158703387113,-2.2793880978668786,0
13453,-0.455381102613676,-0.49952696837379007,0
13455,-0.12447983284956272,0.2453321091125758,2
13456,0.0007362647079669156,0.2263010279195842,2
13458,1.7731017359329826,1.2256442784686858,2
13460,-0.4476816104029756,-0.5018866720243357,0
13461,-0.2502329059264673,-0.6798320532554047,0
13462,-0.6247671438645997,-0.9318101932200942,0
13464,-0.14963610990064535,0.23191896232066597,2
13466,-0.4271122123296308,-0.45610344516932194,0
13467,0.111447722670026,0.8471149858265613,2
13468,0.9674514432751952,1.2333678962222305,2
13470,-0.676805732538643,-1.119742251586497,0
13471,0.6051668274952778,1.4875564384261966,2
13473,-0.3635712484335856,-0.2924791959446235,0
13474,-0.1308101916405707,0.5529351361922735,2
13475,0.11652105552340523,0.5471889802126575,2
13476,-0.032452433205361904,0.4743070666450459,2
13477,0.08783122409254873,0.4518974550950153,2
13479,-0.4942720831463366,-0.6018227030556599,0
13481,0.2734427201843485,0.8826815838535081,2
13482,-0.5648785045167688,-0.7837998958204972,0
13483,-0.5853424368637441,-0.8570008962900506,0
13484,-0.6413146907367657,-1.023168936451,0
13485,-0.3349351078008294,-0.22186815753222525,0
13486,0.06146854154177879,0.6327061465638528,2
13487,-0.29536440442785383,-0.12657625220426,0
13488,1.616047851888807,1.382443750946183,2
13489,-0.47916694610678695,-0.811130481237184,0
13491,0.11766056647417039,0.6657385306836014,2
13492,-0.11990506295871031,0.154299962771982,2
13493,-0.6348492273305238,-1.2556147378729954,0
13494,-0.425050357626784,-0.4072319696332839,0
13495,-0.031195668235957395,0.026655844579275872,2
13496,-0.26361742108749325,-0.07120396605335108,0
13497,-0.41142652792907836,-0.36456479906593786,0
13499,-0.0457018517949358,-0.05043249360490677,2
13500,0.013873133840760036,0.5217202693084207,2
13501,-0.013384942199628899,0.40149045147688467,2
13502,-0.4267345411357593,-0.4562204309372894,0
13503,-0.43519717458243967,-0.45349828661146807,0
13504,-0.3735137449986019,-0.24853959911982937,0
13505,0.8347159754944057,1.2662003273456797,2
13506,-0.29733151259764923,-0.1258926787443118,0
13507,0.5040447783610225,1.171328402926753,2
13508,-0.5628547699163092,-0.7110739181332117,0
13509,-0.13130486801308539,-0.14552086987410043,0
13510,0.2764710066497905,0.7633366850975989,2
13512,-0.4788972853770408,-0.5475548235098388,0
13513,-0.5873906964366917,-0.8563821455605741,0
13514,-0.811708807208634,-1.5075241895733045,0
13515,-0.040104598559716015,0.3749316883179585,2
13516,0.0052130839326299735,0.22504866181000047,2
13517,0.39849545544038245,1.06377776981503,2
13518,-0.19032166552635127,0.12872845996177812,2
13519,-0.6611150459892107,-1.0167866927650033,0
13520,0.3058731062350433,0.24572976703695518,2
13521,0.4642051025483853,1.8799888079791605,2
13522,-0.7647260859435148,-1.3553851286890208,0
13523,0.6491460583287698,1.1907731440830505,2
13524,-0.38628671217213906,-0.4692451547825807,0
13525,-0.6730634489867496,-1.3847195447544685,0
13527,0.504754419368935,1.2138493469147271,2
13529,-0.4842132290767893,-0.5458950292267367,0
13531,-0.42399936098516544,-0.4571812370850482,0
13532,-0.10276866765623527,0.6451409660737938,2
13533,-0.10808960858574705,0.5757448283488686,2
13534,0.891095851027913,0.8610456020443318,2
13536,0.5345377511558334,0.7318270266891039,2
13538,-0.4897564197443713,-0.8878887291534128,0
13539,-0.2018720513536632,0.13240454636112767,2
13544,-0.06277565808711,0.7598673016865108,2
13546,-0.013400601076289285,0.6951562545224131,2
13548,0.12373086240071766,1.0679805925998016,2
13549,-0.14873452865807105,0.13982274091721436,2
13551,-0.8206933290502033,-1.5046435436199024,0
13552,0.40821632963138316,0.6775542856256878,2
13555,0.7517253107237873,0.9722680675779444,2
13557,-0.20888219175980477,0.0016286670926550374,0
13558,0.12282262231299322,1.137342091487134,2
13560,-0.30412294526136924,0.060247036772406865,0
13561,-0.5136975029689388,-0.5955854947245247,0
13562,0.04524762256672048,0.34740409985610365,2
13563,-0.12273558232541901,0.3830688845154183,2
13564,0.01171279905417876,0.6355560262709034,2
13565,-0.259593158912517,0.125798344158888,2
13566,0.19996787872597221,1.1905995906889302,2
13568,-0.23816708037658652,0.26025205097828824,2
13569,-0.06189378631662976,0.72314832018832,2
13570,-0.3281864046211843,-0.08267812786572747,0
13571,0.5143719377912399,1.2343524996237303,2
13572,-0.1368685530807782,0.006578644725991199,2
13573,-0.3338891775409404,-0.1847209784526267,0
13575,-0.1383029754409855,0.2282943859265276,2
13576,0.8350117083676475,0.4953192693846712,2
13577,0.08774199290708876,0.5129215285148663,2
13579,-0.39701695300387313,-0.36920859165142483,0
13581,-0.6059153031797865,-0.8504608268362656,0
13583,-0.027552322196848587,0.42336792453977073,2
13584,-0.3842068260476864,-0.1686800407359052,0
13587,-0.621870709570773,-1.0293559792217764,0
13588,0.6153112964355458,1.0443385458152323,2
13589,-0.3877246927667955,-0.28479523007305574,0
13590,0.3048731735870962,0.5680388934860982,2
13591,-0.020220500985669184,0.47041320613408083,2
13592,-0.4876699045759666,-0.5447690614382376,0
13593,0.16307028283751626,0.6991950080589938,2
13594,-0.29642769358740495,-0.1261525231104096,0
13596,0.15581579829619768,1.1978937482396066,2
13598,-0.299877123468183,0.08626155063048876,2
13599,0.9826202808827799,1.167416113109956,2
13600,-0.3959541400322487,-0.3694262248637295,0
13601,0.07876594105332672,0.8677938566829579,2
13602,-0.33845338229868277,-0.22073929630445788,0
13603,-0.3339096890011797,-0.08082537842147818,0
13606,-0.20696174039562834,0.22822752879936417,2
13607,0.048461643989381624,0.907136417205734,2
13610,0.2604790000805614,1.3606779612805702,2
13611,0.06693123803673229,0.6044060649540065,2
13614,0.3237440664706228,1.37287825824569,2
13615,-0.35293149409998736,-0.21613036442402142,0
13617,-0.24761627098636732,0.013941092031312384,0
13618,-0.5056694464675499,-0.6613596568971877,0
13621,-0.39367924154082107,-0.3701454743486811,0
13623,-0.001184130119413131,0.7636306641219979,2
13626,-0.4094454457619973,-0.3651626839994906,0
13627,0.24035160656099458,0.753570697526553,2
13629,0.906971200471894,-0.44618575571053004,2
13630,0.15589343231841982,0.3299834409609567,2
13631,-0.42646508094879737,-1.3229121042383176,0
13632,0.34278287017752634,1.0519003189155245,2
13634,0.3159234449816202,1.2917795398619347,2
13635,0.03034629795590413,0.5460803177031753,2
13636,-0.015402391728133237,0.48490270078316067,2
13637,0.03291979874476419,0.7642578505009001,2
13638,-0.6499086730644426,-1.020349015292602,0
13639,-0.07601615545946987,0.16368055143198124,2
13642,-0.12967062417166803,0.5214726124134081,2
13643,-0.3192964925647369,-0.18946311198275304,0
13644,0.5768444657187299,1.1356160811427702,2
13645,-0.7379442935442859,-1.3639460065486757,0
13647,0.11949602708706364,0.5601316080998169,2
13649,-0.363648621299499,-0.21270322595896668,0
13650,0.1892087502042802,0.7141700565257176,2
13651,-0.7278363839598205,-1.2258495843207091,0
13652,-0.04890463818690862,0.3409743257163612,2
13654,0.626301452753448,1.1985301275790394,2
13655,-0.03738689624255436,0.40929053823351297,2
13656,-0.11481386706789819,0.3807471206128592,2
13657,-0.4425069343819502,-0.5036250439218171,0
13658,0.28970171800021377,0.8100259007456195,2
13659,0.20280650497867858,0.8577332656344776,2
13662,-0.06450138383567408,0.3826883633062066,2
13663,-0.5270231548419725,-0.6545884354907969,0
13666,-0.5625597414853887,-0.7111548265402735,0
13667,-0.035569359522181515,0.8199665483973715,2
13668,1.275208969722148,1.5377635211975262,2
13669,-0.5932240206988427,-0.9418575297016986,0
13670,-0.3214549506877885,-0.15276321123300257,0
13672,-0.7873723107963386,-1.348102458663561,0
13673,-0.17926058401017153,0.3637971486208723,2
13675,-0.30330248585259434,-0.1585906066648784,0
13678,-0.35167027567649534,-0.5323818267124536,0
13680,0.46400155319943204,1.2900017956358054,2
13681,-0.1699517854824101,0.14659920889457054,2
13682,-0.8830705791536793,-1.6892682591553534,0
13684,-0.34221349988259087,-0.014931435678995422,0
13685,0.6318427007303759,-0.32554857325860076,2
13686,-0.6573728360392499,-1.0179556088012054,0
13689,-0.5919507706925244,-1.2693704171194122,0
13690,-0.6215265894952,-0.9328526783905103,0
13692,0.08006970568753648,0.31837071000867295,2
13693,-0.8334294156450813,-1.5005415994674485,0
13694,14.37619403905028,-2.414737968462739,3
13695,0.20319534209823198,0.22210415334307926,2
13697,-0.53749222233307,-0.7191428002160197,0
13699,-0.5024918504887249,-0.5992224723290169,0
13700,0.5707805992130783,1.1055596992842205,2
13703,-1.0644411210808078,-2.266765390431844,0
13704,0.4065965154231323,0.9532075170986906,2
13705,-0.2801108141220661,-0.16605981818761878,0
13706,-0.39330621616370265,-0.32562037287984075,0
13707,-0.10527867321773438,0.35900548156272394,2
13708,-0.14978927992632993,0.3918929685597136,2
13709,1.2206209769930674,1.4100962533641803,2
13710,-0.6332041555813138,-1.0256785401258577,0
13711,-0.5558956536963134,-0.7866834055730936,0
13712,-0.5504112328328223,-0.8681298996158826,0
13715,0.10606741919713909,0.848832179023946,2
13716,-0.4040359677194825,-0.27950177386049674,0
13717,0.3483750758759088,0.8017874759076491,2
13718,-0.5952428977756864,-0.941259340604182,0
13719,-0.008523031203392022,0.46673722711235605,2
13720,-0.11898132851874854,0.24368733446671353,2
13721,-0.273174396761119,-0.0681254949222614,0
13722,0.29089463606683474,0.634633732555981,2
13723,-0.7177404408211971,-1.2291048433171927,0
13725,0.20596689433218202,0.8947793335741637,2
13726,-0.035601141989397435,0.15083152997834584,2
13727,-0.40997581206550426,-0.3650312266650782,0
13728,-0.13347775067343987,0.15873022738169054,2
13730,-0.15073999434948188,0.16433621428716105,2
13731,-0.2066733069656076,0.1339260376929896,2
13732,-0.20720533496326735,0.05668344777750263,2
13735,0.4789048329529113,1.2681875884175604,2
13736,0.23635772027331675,1.3794719254316097,2
13737,-0.30679739915364224,-0.02630569810278131,0
13739,-0.8638336099202141,-1.6954496520652922,0
13740,-0.32207426725348787,-0.22589980158672465,0
13741,-0.22570541213846118,0.08902799251786456,2
13742,0.5659015096458249,1.4380504892507433,2
13743,-0.30767346591897804,-1.129553821166617,0
13744,0.06357546524260578,0.41111255119816237,2
13745,-0.29680709201545186,-0.1605576510597479,0
13747,-1.0663595558800374,-2.266146909856153,0
13748,-0.2602378264467452,-0.2084140537204747,0
13750,-0.23832367241152713,-0.3754441234735803,0
13751,-0.59911431029725,-0.9400256795750591,0
13752,0.0756220627345622,0.560293176195309,2
13753,-0.16953119716493248,0.0969728768459194,2
13754,-0.5427249661236918,-0.7908781894982116,0
13755,0.5413021568900844,1.581679330134961,2
13756,0.7390347572859763,0.3755895000102702,2
13758,0.5082962396005183,0.8613697628825292,2
13759,-0.3058125668033881,-0.19381021806122256,0
13760,-0.15938880689056684,0.4130814420435099,2
13761,0.049502922466109406,0.6233462209837508,2
13762,-0.7047391166864403,-1.1107971785682433,0
13763,-0.24579818856897606,-0.5143203727581183,0
13764,0.3884919404816538,1.4141485761527444,2
13767,2.2481476366585023,-0.2733739825038768,2
13769,0.28102224128873193,0.6131396360445617,2
13771,0.43369583348959556,0.968661614953663,2
13772,0.23131355031753165,1.2268372433755776,2
13774,-0.36747577290407724,-0.25047961233184396,0
13777,3.6857510632886243,-1.0195290252655216,2
13778,-0.6205657174482112,-0.933160751585455,0
13780,-0.10631642421031817,0.4981037741328559,2
13781,-0.4739187375243885,-0.4411660798851479,0
13782,0.08762342213320097,0.9233772514145635,2
13784,-0.0841284020709936,-1.1045157104205754,0
13786,-0.6662582321552165,-1.1231213618906561,0
13787,-0.3273038501283695,-0.18682006712147883,0
13790,-0.10235540745114353,0.3004164259239377,2
13791,-0.49954184183879413,-1.1764277602790405,0
13792,-0.5263809433905492,-0.6547951955872985,0
13798,6.375728177102992,-0.9255495975812236,3
13799,-0.2128617754005193,0.031033044103377573,0
13800,-0.22583878821076478,0.06256506590878669,2
13801,-0.3612532278272682,-0.2134529184967621,0
13802,0.4718217767350031,0.3288376086982627,2
13803,-0.44857471853706,-0.44928173411572864,0
13804,0.4503416643046312,1.039791255515571,2
13805,-0.27023410884948423,-0.9573868943308097,0
13806,-0.5908315049723342,-0.8553149201542252,0
13807,-0.6903252905266211,-1.1154261764774263,0
13808,0.13275562613081446,0.622774780630483,2
13809,-0.5798456655584515,-0.7790354194020005,0
13810,-0.20872669861648704,0.029618834959043088,0
13811,-0.6466068856718187,-1.1295328757010137,0
13812,-0.22713300800793604,0.06298515719472755,2
13813,-0.0010093989579800268,0.43147808935514964,2
13814,-0.03742690227738931,0.10418439009184167,2
13815,0.7415917545697874,1.0035015774925793,2
13816,-0.2880650919596325,-0.0955641080666087,0
13817,-0.38585926324892283,-0.32800906678376823,0
13819,-0.12740250088212907,-0.1801559422855663,0
13821,-0.15246262217224063,0.4286257116638396,2
13822,0.08282609889134507,0.8665349209459137,2
13823,-0.13426301515778594,0.1822031112570238,2
13824,-0.06167940234101687,0.0364713367187222,2
13826,-0.5708871677970189,-0.7818880794187614,0
13827,-0.02489302738186308,0.8274968372930093,2
13828,-0.45809311137753767,-0.5541373310323224,0
13829,-1.0841186058106977,-2.260422867750245,0
13831,0.11473863124169728,0.4586531964963308,2
13832,-0.8824274339492598,-1.6894634071144996,0
13833,-0.3133571442341248,-0.055304754340529644,0
13835,-0.0898519436742167,0.3540958420003687,2
13837,-0.44063842165458433,-0.45179543184444165,0
13838,0.1589666923061738,1.2691687359534645,2
13841,-1.0526530054654177,-2.2704996070038046,0
13842,0.618780167573859,1.1889181301647278,2
13844,-0.3897715834901184,-0.3267570753009672,0
13845,-0.5934186064023259,-0.94184142993781,0
13846,-0.057003855678423955,0.48221755398940547,2
13848,-0.2531323486738982,-1.8897715371860773,0
13849,0.23516876802468467,0.8856428961625811,2
13850,0.21725668425950473,0.8531248536502393,2
13851,0.364912225019292,0.6348040044609878,2
13853,-0.28167297263826263,-0.2390635129832572,0
13854,0.7097906167661749,-0.08909358684394515,2
13856,-0.5203576606227074,-0.877733145062643,0
13858,-0.5682069930660386,-0.7827587686937394,0
13859,-0.3359397965742336,-0.08019887978896884,0
13860,0.01402531794641491,0.4910802685757672,2
13862,0.3843816299761412,0.8379728300720802,2
13863,-0.39153909244326573,-0.3261661103286732,0
13865,-0.3102076629515464,-0.12182970441504665,0
13866,-0.6845887034726748,-1.117262802353295,0
13867,-0.051547851240834816,0.396298607261009,2
13868,0.21742719974108105,-0.10673948954594276,2
13869,0.694685907227303,1.5403551328103042,2
13870,0.3615540308859407,0.7870624840430293,2
13871,1.0137976953407521,1.0620978051896057,2
13873,-0.3840965393192807,-0.28594769845403306,0
13874,-0.40409095652571797,-0.41399230820667754,0
13875,0.2447437508155897,0.6965556607374849,2
13876,-0.6894979623414184,-1.1156936312403658,0
13877,-0.8642116090387064,-1.6952815003018376,0
13878,-0.1331561896876031,0.08517203659337218,2
13880,0.5589699422419658,1.0123105146758495,2
13881,2.726628431934787,-0.18236848612691106,2
13882,0.03846562159233279,0.4190571903545867,2
13883,0.4010802204568223,0.9466237207889628,2
13884,-0.13195123638159567,0.3096002253538177,2
13885,-0.2939143997353158,-0.06153479831508257,0
13886,-0.46582516252579814,-0.4961574698252218,0
13887,-0.41082210320054774,-0.36477040664532906,0
13888,-0.1973319548193966,0.17919911009810927,2
13889,-0.4648924786556286,-0.5520796785315631,0
13890,0.1629723460546176,0.663343684003876,2
13892,-0.18713007430483883,-0.16095471935136849,0
13893,-0.3406065017121617,-0.299962701193365,0
13894,-0.29797884199687164,-0.1603039502037314,0
13895,0.3713653999393085,0.8419100377505154,2
13897,-0.43439235606105375,-0.45379931254464906,0
13898,-0.5434567177201598,-0.7172520702010389,0
13899,-0.40633234062456386,-0.3662141769676748,0
13900,-0.13404665498855625,0.24849716133907215,2
13901,0.5526543658001489,1.1431629719016243,2
13904,-0.32609156857351124,-0.18721622279726127,0
13908,0.3852801253501439,0.9008195595677768,2
13911,0.6240247975446225,0.9548758341275781,2
13914,-0.2567346242072905,-0.07338645425564602,0
13917,-0.4487862816707915,-0.5015789170806533,0
13918,-0.08019332253933689,-0.068604860651233,0
13919,-0.3095179328699692,-0.19248471478993673,0
13922,-0.677221092212968,-1.119613933063661,0
13923,-0.39221679694452927,-0.32597595919807976,0
13924,0.3045397483528292,0.8056742049837541,2
13925,-0.2640106231334086,-0.0710785555455739,0
13926,-0.5633967842571965,-0.7842891113712828,0
13927,-0.37581853958105355,-0.28855909527777185,0
13928,-0.3554270269356445,-0.2153695742979795,0
13929,-0.587558059366373,-1.0404662823257442,0
13930,-0.4529549690384812,-0.555829852502624,0
13931,0.02312687492572028,0.45660090635220096,2
13932,-0.46838131148591566,-0.4953770840036774,0
13933,-0.3326560394936637,-0.22266619599368595,0
13934,-0.20368358839699327,-0.00018466890428077968,0
13936,-0.3043973622207606,-0.12360591112535188,0
13937,-0.614550361896636,-0.935060264437268,0
13938,-0.688776843588852,-1.1158978171258462,0
13939,-0.0834661921411907,0.2535956389565583,2
13940,-0.13286985217984587,0.18181826306614043,2
13941,0.3338023801490934,-0.39886290906007343,0
13946,-0.4868571412720522,-0.808743998100166,0
13947,-0.7676094475394687,-1.3544530091191727,0
13948,-0.8752639596812627,-1.6917664163736437,0
13949,0.5830542094603344,0.9977497801176678,2
13950,-0.2133355657042821,0.0585145729698883,2
13951,-0.16132266030795112,0.1677326497512729,2
13952,0.4902180179857359,0.9970208545454758,2
13953,0.007355483104446844,-1.230587298750331,0
13954,-0.3498653018327652,-0.1796933031242215,0
13955,-0.27063719153660937,0.07689665599158713,2
13956,0.17895354608325245,1.119322298524206,2
13958,-0.7930826936590097,-1.3462751549551104,0
13959,0.008487814696460065,0.7721135573578628,2
13960,-0.5573962959713769,-0.7861965829997658,0
13962,-0.5702956937070319,-0.782073331381233,0
13963,-0.18331278069192167,0.10138387033546181,2
13967,-0.9533558347169239,-1.9305372397320328,0
13969,1.6681606212452755,1.5533841479596586,2
13971,0.4978888880282318,0.9795794534135858,2
13972,-0.47754698768029424,-0.5479538974063665,0
13973,-0.5593297290262811,-0.785599634851089,0
13974,-0.2918897641401431,-0.062132296000031444,0
13975,0.6457906090471578,1.5792831647704357,2
13976,-0.5683798007778574,-0.8624896034692762,0
13978,-0.4757490905660895,-0.6076558469857889,0
13979,-0.027786252875343802,0.4402101236767642,2
13980,-0.5555349715169813,-0.7867727732186359,0
13982,0.19991060917677278,0.6268575349644763,2
13983,0.32675669000473245,0.7981839547095703,2
13984,-0.4582363056402146,-0.6133547416842804,0
13985,1.0622724460396404,0.7179523657724038,2
13986,-0.48715910846923965,-0.7351989494977231,0
13988,0.909546672383911,1.2720964990173942,2
13989,-0.026282466980867537,-0.0011108808955385518,2
13990,-0.45104904866049245,-0.5008797584059251,0
13991,0.040124686158885974,0.48298679152644186,2
13992,-0.7658563310136207,-1.3550027283856385,0
13993,0.26930836136841774,0.5255069676566293,2
13994,0.3438901714773642,1.0589507645391893,2
13995,0.05195838070992463,0.4311610071125718,2
13999,0.6142374032504643,0.8098015251150936,2
14000,-0.3662498877250084,-0.5834909803261457,0
14001,0.000508063708690121,0.0423837815576565,2
14002,-0.057598594773214856,0.325116146004859,2
14004,0.7360056687644873,0.7708087400827496,2
14005,0.3966905295167594,0.28771249417785333,2
14006,-0.25218432395988993,-0.2873683905813188,0
14009,-0.14850170815593491,0.253111403929219,2
14012,-0.5467260724290544,-0.7896306846649592,0
14013,-0.2385462113376798,-0.01799026168474958,0
14014,-0.07948703598758487,0.16503747729137436,2
14015,-0.31801043176048677,-0.3498008008229008,0
14016,0.7456252928914932,1.1423132975948989,2
14019,-0.02599362071725668,0.10063466458395123,2
14020,-0.1734299964078818,0.14779255953726417,2
14021,-0.3439747376234187,-0.25807691643949976,0
14022,-0.25541247233946424,-0.07372196531643704,0
14023,-0.2463183201846483,-0.015577297878133573,0
14024,-0.45547271494726466,-0.499483736373496,0
14027,-0.7227853489267708,-1.2274577801668705,0
14029,-0.45323737430565547,-0.5558032338383424,0
14030,0.5733118973940583,1.480529911736014,2
14031,1.9940638858923023,0.5217753007746109,2
14032,0.3334427663184549,0.3077589635821849,2
14034,0.0051365216495903145,0.8069460556236341,2
14035,-0.039484031326004754,0.19659545256951472,2
14036,-0.1927758012268835,0.17773813219912182,2
14037,-0.3523264889723537,-0.07497209995375329,0
14038,0.11950722720167842,0.5461819256949362,2
14039,-0.7145789906876425,-1.2300851630527987,0
14040,0.576488399286313,1.1540605353172642,2
14041,-0.41012333362912723,-0.27757132284111896,0
14044,0.19987940661981282,1.3801134307630851,2
14045,-0.616852584356442,-1.5700951475719338,0
14046,-0.4582675237944781,-0.613183810671749,0
14047,-0.2633939152241897,-0.2839692705976066,0
14048,-0.004972427915651343,0.8320337053238833,2
14049,1.303134177617122,1.7188375490006504,2
14050,-0.05608422378364555,0.3619306268207565,2
14051,1.606132770781242,-0.11935003133175498,2
14052,-0.15036246651854668,0.512147892498432,2
14053,-0.9137057390336075,-1.9432079131431874,0
14054,-0.7237978020326228,-1.2271304790906397,0
14055,-0.5293244880294523,-0.8750624592251092,0
14056,1.5471512087217707,1.555960675937863,2
14057,1.3060579280224953,1.1005671402480082,2
14059,-0.639869045694446,-1.0235647937984003,0
14060,1.208365199606031,0.465475506218326,2
14062,1.5000052533345876,0.045552277112796906,2
14064,0.12009145095291086,0.47285028843561855,2
14066,-0.6857552525425681,-1.1168958978559782,0
14067,-0.12337009438320658,0.41939782411729487,2
14068,-0.3911162165443366,-0.24293850991700347,0
14071,0.47125292656717277,1.7460851442378933,2
14073,-0.5257785831027127,-0.6549592877955688,0
14075,-0.13340228845721586,0.03304260210203024,2
14076,-0.2295016055558154,0.30015511645829923,2
14077,-0.23974660886314625,0.06700750774489823,2
14078,-0.1023893182976165,0.31979178181965734,2
14079,-0.5012820833010994,-0.7307431196149352,0
14080,-0.8192873955448581,-1.5050674111969287,0
14081,0.1897278854434702,1.137865955900207,2
14082,-0.3308801763321707,-0.04964594797215889,0
14083,0.2820363780746518,1.3371579764559158,2
14085,1.0546472306351606,1.5627937665852056,2
14087,-0.10445354149845736,0.589293547640178,2
14088,6.2690486355479464,0.18861700733392836,3
14089,-0.5234841399438553,-0.6556967695852752,0
14090,-1.0574009516892957,-2.268988541282009,0
14092,0.6421503864928343,0.9254053702171684,2
14093,0.049125764156684695,0.9263309582098935,2
14096,7.646240868001903,0.74022474807561,3
14098,-0.40819500369313366,-0.27818619427198976,0
14099,0.6735178028843696,1.23958280546013,2
14100,-0.3763994201859326,-0.1711818561734776,0
14101,0.9703604893826056,-1.0102781104732987,0
14102,-0.10965775234365494,0.07781640526635732,2
14104,-0.4071680681044131,-0.27854540916943693,0
14105,0.10974378731467928,0.6805273340272263,2
14107,0.31875509272511066,0.4391061673316592,2
14108,-0.21583836479180685,0.05937387506844674,2
14109,-0.630652682829327,-0.9299117988752129,0
14110,0.7727989703770279,0.6845318090288338,2
14111,-0.4976120905328409,-0.8851092029315615,0
14112,0.4712575359346443,0.980265303963763,2
14113,-0.17628181792034867,-0.1647578405479996,0
14114,-0.4738681291689994,-0.5492163674553077,0
14116,0.05594257771021645,0.5231470298514186,2
14117,-0.8716332833283373,-1.6929128923495367,0
14119,-1.0759517298761858,-2.263054506977697,0
14121,0.5983844135478796,1.1536421576999187,2
14124,-0.5622965781932996,-1.5868101238062327,0
14125,0.5508681077328994,1.233988477624775,2
14126,-0.4185295749003438,-0.6260318098134062,0
14127,-0.17158631200288402,0.1941683930746547,2
14128,-0.13588861492090779,0.20549643114228056,2
14129,-0.15803307810968664,-0.014770449122237048,0
14130,-0.06214826325388256,0.63211832083631,2
14132,0.7492979281438049,0.7491101761778215,2
14133,-0.28303904148979986,-0.1304952105596876,0
14135,0.8964929610457647,0.6553416860281844,2
14138,-0.10379945452316419,0.1951534343472489,2
14139,-0.2731130044204865,-0.13356108515956158,0
14140,0.02841628447558415,0.5172094519462106,2
14141,-0.2410763486614371,-0.0784841298881466,0
14142,-0.3527491597330242,-0.255137391574741,0
14143,-0.6909282243451765,-1.1152363688680647,0
14145,-0.390733711237554,-1.3343133973564658,0
14146,0.6440500083704642,1.3323499261951557,2
14147,-0.7777338301206832,-1.518459804319551,0
14148,-0.8742025548512673,-1.6921299663271498,0
14149,-0.3218187293116299,-0.05255912093330176,0
14150,-0.28661734886047646,-0.23730172634880037,0
14152,-0.076597473096678,0.3311065360379382,2
14154,-0.023769892821182276,0.4047693574723388,2
14155,-0.7269788132073471,-1.2261336237565719,0
14156,17.971457259126684,-2.9740924176068226,3
14157,-0.16913871251541865,0.32159053067148,2
14158,-0.10881870421835499,0.21904538137616897,2
14159,1.4009772003741872,2.0108423305596603,2
14161,0.08882427727651768,0.8336936904446177,2
14162,-0.34658229957523023,-0.14475930008103594,0
14163,0.03233291533857014,0.057184595578728396,2
14164,-0.079069962295471,-0.13026449636206186,0
14165,-0.3945733784869193,-0.2027792019429441,0
14167,-0.30373856179621544,-0.09059342545798701,0
14171,-0.12314443016045218,0.5193764711168827,2
14173,-0.30311192989679314,-0.058588696033311835,0
14174,-0.35613756483824405,-0.10707531181758553,0
14175,0.5229551360118327,1.1203226701952775,2
14176,-0.2848053936581675,-0.06445823994571315,0
14177,-0.2157952436493893,0.1612856593843714,2
14178,0.4883433938249958,1.421411148926877,2
14179,0.1534594098837284,1.2121966104781738,2
14180,0.4831535149004332,0.935920166267248,2
14184,-0.3457975830155616,-0.18102021012050762,0
14185,-0.8723309090930477,-1.6927435331589284,0
14188,0.01888497092726496,0.010747692112058733,2
14189,1.0623740166824434,1.1632506572538162,2
14191,0.9796893404388475,1.019317326421487,2
14193,-0.17000602590227992,0.0970693602620748,2
14194,1.985256745073776,1.2540283676026653,2
14195,-0.5246690761100568,-1.1684119721830226,0
14196,-0.6923537612244235,-1.2372274806707924,0
14198,-0.20934969892106675,0.10964778279410507,2
14199,-0.946797939975942,-1.9326691590840972,0
14201,-0.18755392168601273,0.02300141619157011,2
14204,-0.2740522732089945,0.15553268691591568,2
14205,-0.27187425571497154,0.12970639636531878,2
14206,-0.37050430783676847,-0.29022599512580055,0
14208,-0.5910407291590382,-0.8551979251575562,0
14209,0.08215029833601917,0.4212483770855353,2
14210,0.12654401235823048,0.5715459716969534,2
14211,0.2925500058047566,0.7684996773150602,2
14212,-0.3915180138445213,-1.0062854337437872,0
14213,-0.9142110832286585,-1.3073054100592865,0
14214,0.04310867178411868,0.5706967262689754,2
14215,0.30626165690459156,0.8722652093567359,2
14216,0.008871221907952797,0.30338726349234224,2
14217,0.16061504054192396,0.7116645384375612,2
14218,-0.5384540281330549,-0.7188463391584304,0
14219,-0.6861260513539759,-1.1167479447688642,0
14220,-0.34424115958281665,-0.2987179241185927,0
14221,0.6219255599616788,0.9775704937545348,2
14222,-0.11952870434278791,0.22235958586521637,2
14223,-0.047344112925084725,0.3771886464819716,2
14224,0.1359583826267929,0.9892782168199447,2
14226,0.2180946503247566,0.5145884733461602,2
14227,0.5448848532577443,0.9566361642044646,2
14229,-0.14874933478089758,-0.07700301781196096,0
14231,-0.10213649486803288,0.3391099239005871,2
14232,0.36191834776689186,0.6818659078922729,2
14233,-0.12858930792115775,-0.05335875309856169,0
14234,0.2221190860814956,1.098332517059914,2
14235,0.3915400502925139,0.4730894070534365,2
14236,-0.4351892350233656,-0.5615424394117556,0
14237,-0.6266292301477228,-0.9312277997225022,0
14238,-0.6453303700303898,-1.021813749559795,0
14239,0.2541266594277725,0.7380183135900658,2
14240,-0.1564691377724181,0.1422899599679398,2
14241,-0.5813517169073414,-0.8583029114569147,0
14242,-0.5149488161790775,-0.6584645388888481,0
14243,0.3493998144270189,0.8674156664012445,2
14245,0.2659936485615133,0.9648108569361579,2
14246,0.05964215509148178,0.4608281707370154,2
14247,-0.4426693230601256,-0.3545600872336847,0
14248,-0.6338715387787535,-1.0255257656081729,0
14250,0.2834035958874423,0.8416732382760265,2
14251,0.18757205499527826,0.03213879766208856,2
14256,-0.070404306637267,0.402316992459431,2
14257,0.434694644761853,0.7435507885411605,2
14258,1.8871102990144963,-0.10890267336700786,2
14259,-0.7617409548973703,-1.3563297238136542,0
14261,-0.04719850795045114,0.4122930409484077,2
14262,0.3856736794790963,0.7387465571589117,2
14264,-0.45303127309956254,-0.44788784511265795,0
14265,-0.24443777453018367,0.012939092645306979,0
14267,-0.21951764231611137,-0.1855646956875696,0
14270,-0.28387981896889236,-0.03365311360965423,0
14271,-0.5980183494251382,-0.8529643589030111,0
14272,-0.19705867947364097,0.05348923570889733,2
14273,-0.339486097548263,-0.2594667109002228,0
14276,-0.013295116402980102,0.4016026789760411,2
14277,0.7021649431207048,1.371314916539323,2
14280,-0.6548860840263985,-1.018774832286837,0
14282,0.5629832629041062,0.4852875880851631,2
14284,-0.33118721314087424,-0.18571785175560485,0
14285,-0.23985762234521824,-0.46677767681113347,0
14286,1.1766158760350882,1.3303988787975285,2
14287,-0.5734930006032558,-0.8607668503082606,0
14288,-0.4430813294018284,-0.5034580781971588,0
14289,-0.20255104779046212,0.05500352576937132,2
14290,0.26360960943465755,0.8083490802135445,2
14291,0.7823724364933596,1.0760669783397532,2
14292,0.4970025797267343,0.4661345679839232,2
14293,-0.018162227393734166,0.385682867820835,2
14295,-0.6802446162602037,-1.118645863433412,0
14297,0.012759080735017414,0.33982165921843716,2
14298,13.080509396983246,-1.198827280560233,3
14299,0.47854338609251595,0.7792812278812696,2
14300,-0.8812338942987541,-1.6898432919985162,0
14301,-0.41738489699674647,-0.6895986167358291,0
14304,-0.36682716731592246,-0.13828952247348889,0
14305,0.2618513625567697,0.8676493624492182,2
14306,0.00606655762222418,-0.011772761301723096,2
14307,0.6199751926153283,1.1588821032698253,2
14309,0.31841614949637,0.625923076136937,2
14311,-0.41081333217699423,-0.3200152187747412,0
14312,0.16937050821663135,0.6614336022002237,2
14314,-0.6208571430506098,-1.0295679042700803,0
14315,0.2002106094722281,0.5201325129915167,2
14317,-0.3227812479480515,-0.188351894654693,0
14320,-0.2900737877307538,-0.03161501454250238,0
14321,0.47055535307428653,0.9332783827928125,2
14323,-0.2311880118571034,0.0369047016107498,0
14326,-0.6454222115963366,-1.0217942714476034,0
14327,-0.529836061605326,-0.7216501858229092,0
14329,1.0195874830282907,1.3717647305724547,2
14331,-0.2967856880087185,-0.09275176280638162,0
14332,-0.28783953032088916,-0.27599342119218956,0
14333,-0.48380629818986287,-0.5460453019238621,0
14334,0.42285247833590395,0.8348942531010455,2
14335,-0.09504384473062681,0.47826450299151,2
14336,0.28779011664985427,0.6597816307640788,2
14338,-0.25107026385017206,-0.014054727885100007,0
14339,-0.4747179920284521,-0.5488999288007013,0
14340,-0.7209144731841486,-1.2280659920730739,0
14341,0.3708067220556477,0.9481279647122318,2
14342,-0.3622817764651901,-0.38030060512445973,0
14344,-0.039984699601985585,0.4767956752695054,2
14345,-0.7241747032108969,-1.2270188482482471,0
14346,-0.015461181702213276,0.45273312408739574,2
14348,-0.4143792903870347,-0.41066379104573375,0
14349,-0.3121103028551257,0.034608305245826004,0
14350,-0.4155246121166017,-0.3632340326939261,0
14351,-1.0681255821100795,-2.265572593207035,0
14352,-0.0786772782692648,0.27241221287785083,2
14353,-0.7236618089472556,-1.2271727402958792,0
14354,-0.6016162984348277,-0.9391674906363432,0
14355,-0.5691775310174331,-0.7824305507555126,0
14356,-0.2037875862016418,0.1329829434652951,2
14357,-0.23636753341962335,0.21496248756531797,2
14359,-0.11999433374898197,0.2856200712090309,2
14360,0.31879790969948246,0.9220299365085943,2
14362,-0.2634150002290149,0.17658889325507807,2
14364,0.4288411741526257,0.4036703858654867,2
14367,1.6159615297794356,1.3756265150893119,2
14368,-0.6554759935245807,-1.018597745116076,0
14371,-0.8168088021526971,-1.5058805932030144,0
14373,-0.8212216313628394,-1.504468501535263,0
14375,-0.13119722503190845,0.5219942077485493,2
14377,-0.5146080539447061,-0.7999634375719802,0
14379,-0.2053882301769527,0.20507103914300537,2
14381,-0.14400222161952111,0.5101402894401977,2
14382,0.24895812730504516,1.0824025912755704,2
14383,0.0034361243980948982,0.34279809668693456,2
14385,-0.5161837797718446,-0.6580346696780363,0
14386,-0.6852890900118472,-1.117038937687672,0
14387,0.2857882526138367,1.0997324091669969,2
14388,0.5660576062311798,1.0027839711668023,2
14389,-0.12847072046161767,0.0580071537878396,2
14390,0.7312875475871337,1.0269334015041844,2
14393,-0.7739342566967435,-1.3524347355670558,0
14395,0.6526687819421283,1.319362580033863,2
14396,-0.047008974668263516,0.6932499790018405,2
14397,0.0021285838030791777,-0.5438901782485192,0
14400,-0.28003146472994667,-0.16601143290668557,0
14401,0.983436584779774,0.7855064316017407,2
14403,-0.2979191424427207,-0.4976513679800839,0
14404,0.1104082384027251,0.6300306259766206,2
14406,-0.6494214176482273,-1.0205201489270541,0
14407,0.24185513365372097,0.5484208528775107,2
14408,0.2814329073824574,0.43609707940255826,2
14409,0.05384389850405344,0.14466609079520554,2
14410,0.23884262616439197,1.5292843993280016,2
14411,-0.4219516160713771,-0.6251485103820793,0
14412,-0.07521469087173285,0.25087792346561477,2
14413,-0.403842375254971,-0.23882956320714296,0
14414,0.39203595572747624,0.6499549724907521,2
14415,1.1459403546142002,1.5725742650099366,2
14416,-0.46850619240283065,-0.6733055388286703,0
14418,0.41069229989767647,0.9762980739996833,2
14419,0.15643893700759873,1.0413457407944666,2
14420,-0.27301858963436604,-0.03704854475702558,0
14421,-0.27152870131627815,-0.1688325012351044,0
14422,0.9072981002278203,1.2775651107518398,2
14423,-0.850361545493884,-1.699748671679703,0
14424,-1.0407300756739315,-2.274398247634103,0
14426,0.7944922722194131,1.303838293146533,2
14427,-0.441307562531286,-0.5039966022149474,0
14428,0.15066313167666665,1.0100839673109605,2
14431,-0.436167228608861,-0.4532902160802926,0
14432,0.6939446240382056,1.6229826618333418,2
14434,-0.7238782375058066,-1.74042655241219,0
14436,-0.6194020601426992,-0.9334867242581014,0
14437,-0.7353591236288274,-1.2233955424430225,0
14438,-0.6226691625519112,-0.9324705477524211,0
14439,-0.03341901081590322,-0.02687084454114538,2
14440,-0.04139328536764762,0.00315709854709918,2
14441,-0.05020684628260042,0.2832874665171048,2
14442,0.027019008101321015,0.5022073010397887,2
14443,0.1799697207777688,0.7941493658417038,2
14446,0.40938650068033056,1.6279969251578255,2
14447,-0.0135600413442813,0.43555327296702656,2
14448,-0.4019111251737551,-0.3229109533627248,0
14449,0.3347798273130479,1.5170095097212541,2
14450,-0.2529164264290105,0.043844712260104245,0
14451,0.038233226534852345,0.8394986699302511,2
14452,-0.14842501581185424,0.4953009078700745,2
14453,-0.406529291378496,-0.2379762676009671,0
14456,1.097707948847135,2.241770346234902,2
14457,-0.8079469379750646,-1.5086994609702102,0
14459,-0.0295410880637351,0.10154829920200471,2
14460,-0.38059444151048255,-0.6379455403409157,0
14461,0.39834587499124624,1.359543081938051,2
14462,0.3719604352087119,1.2441518332373473,2
14463,-0.671119793739123,-1.2440604107775552,0
14465,0.13103452860532394,1.0079521833592393,2
14466,0.027113193171971313,0.033822997476820264,2
14467,-0.04601358859840568,0.6405149631908367,2
14470,-0.18500843689871274,0.28586858821817246,2
14472,0.3985096816192753,1.2477454669553854,2
14473,-0.6728559530493522,-1.1210293297122693,0
14474,-0.2885510119380672,-0.03219239031167648,0
14475,-0.16954634097675936,0.12205145678308246,2
14476,-0.45704714069119506,-0.44655217034382294,0
14477,-0.49394884888410306,-1.178328595698856,0
14479,-0.4315391087636445,-0.40517261168602264,0
14480,-0.5121881613682797,-0.6593399703913692,0
14481,-0.2681168004382834,-0.16982996052699514,0
14482,0.3961593285857711,0.9484349324967492,2
14483,-0.5956264126113142,-0.8537316559832461,0
14484,-0.48063773957466477,-0.6061648225112629,0
14485,-0.22119780969895375,0.3180873117986009,2
14487,0.19757949283894352,1.0282400434263836,2
14488,-0.03291109403965455,0.2977422212766093,2
14489,-0.262836590696123,-0.010276495098444085,0
14491,-0.4407485380234739,-0.45179642693248073,0
14493,0.33516414268945105,0.8346175048616572,2
14494,-0.6800430267345144,-1.1187025223491578,0
14495,-0.7212306272480434,-1.2279603832758397,0
14496,-0.4368823312028857,-0.5054858891604352,0
14497,-0.28157119669117747,-0.03436879816565014,0
14498,0.4168777069662342,1.29390154901729,2
14499,0.2084518824647283,1.2659493327432954,2
14500,-0.6942109490603844,-1.2366483727196695,0
14501,-0.6125500625369228,-0.9357103158014363,0
14502,0.7170679490917755,1.949490725057281,2
14503,0.582163577868395,0.9130997307945284,2
14504,0.02746619255875855,0.8323099726489298,2
14505,1.2842409230636038,2.1192596034721034,2
14506,0.4214174143998405,1.502499831014611,2
14507,0.10337520545369655,0.7416319850866254,2
14508,-0.16048084441446325,0.4486786947272378,2
14511,0.019065138843350316,0.408337648069456,2
14512,-0.42051023900733786,-0.3616597466806409,0
14513,-0.5096265886828382,-0.8014580862556097,0
14514,0.019825737839348333,0.5920785283132639,2
14515,0.1994022383436259,0.5752857433456162,2
14517,-0.4485274542077702,-0.449322543498491,0
14518,-0.449577977629365,-0.501280431348315,0
14520,-0.8461706286793281,-1.7010813655545254,0
14522,-0.3645713281236033,-0.5841884991322664,0
14523,-0.5194681491195317,-0.7249065638148172,0
14524,0.34409038002576225,1.3114191585254351,2
14525,0.8884636348814526,1.4137589673446262,2
14527,1.2145483554474406,1.6897099175012038,2
14528,-0.40439733051885146,-0.4138098670873263,0
14529,0.21594539539270058,1.4389920129718838,2
14530,0.49518885064928775,1.1357746519273573,2
14532,-0.1214115093861494,0.3061819290057429,2
14533,0.35279871191337386,0.30215608337942756,2
14534,0.8945500966526627,1.8012913549483682,2
14535,0.7373884598579514,1.6907070360252383,2
14536,-0.4546869155152,-0.39775587561645853,0
14537,-0.5734800249542787,-0.8608697609870886,0
14538,-0.40649863358529137,-0.36616126956153744,0
14539,-0.2297105305203221,0.008261536473343972,0
14540,-0.009375363921496252,0.5873767314633176,2
14541,0.0920445440345078,0.6486514276548572,2
14542,-0.7701776461326135,-1.3536440489559394,0
14543,0.07476775394282513,0.20223572045278346,2
14544,0.34834087215415765,0.8494996707157045,2
14546,0.6068546831781195,1.6469375152578325,2
14547,0.8543221300277287,1.336928961025375,2
14548,-0.875639296347629,-1.95547896263305,0
14549,-0.1383535359979652,0.5083056989332569,2
14550,-0.16462271648785298,0.16873990640242253,2
14551,-0.6147585618249511,-0.93500742553998,0
14552,-0.15059351615137478,0.5281845555001824,2
14553,0.12000117475511612,0.9769639839971234,2
14554,0.467291965487231,1.189300623658123,2
14555,-0.4311221271894253,-0.40530315652854365,0
14557,-0.5039422684415601,-0.48394237714435884,0
14560,0.07842080997525881,0.11411486880652603,2
14561,0.10007567498752479,0.5939159512653516,2
14562,0.7619157130297565,1.3235058521262222,2
14565,0.47093974514850434,0.932410344542076,2
14566,-0.5973017146974317,-1.57618994578766,0
14567,-0.1353087787032569,0.033366179381084146,2
14569,-0.5898901284715555,-0.8555996709255358,0
14570,-0.3210784760278826,-0.021714508759467902,0
14572,0.5735010460715125,1.3938162568138557,2
14573,0.24022689244505205,1.128686970878298,2
14576,-1.06940343554465,-2.2651594947613067,0
14577,0.05230661151653702,0.8349278172579621,2
14578,-0.3527904480430812,-0.17866342664467677,0
14581,-0.46130278229061533,-0.49754200265069615,0
14582,-0.7204384318904037,-1.2282071194662405,0
14583,0.39482908384214116,1.6709673815986177,2
14584,0.007152198641820206,0.6368116487753744,2
14585,-0.3266527348152676,-0.019915892605912543,0
14586,-0.4156338033691886,-0.36313916387640843,0
14587,0.3479139842637807,1.3598691779193077,2
14589,-0.8854092557006563,-1.688516477804064,0
14591,0.34100308014803093,1.1723661733861943,2
14592,0.14843964099674112,1.1934233523663296,2
14593,0.13198043675806284,1.1635118777955165,2
14594,-0.16579460010696656,0.37842581770630035,2
14595,0.238007673412834,0.8561596965486026,2
14597,-0.08621007252412981,0.29504215606012046,2
14598,-0.17112707266582175,0.398695637824181,2
14600,-0.3405167306218945,-0.14673461566825596,0
14601,-0.6629912525490536,-1.1241502636935345,0
14603,-0.8542881354392268,-1.9622587215039644,0
14606,2.3422792902650222,2.1726842498837864,2
14607,1.7352755576257572,-0.4391792509602792,2
14608,-0.4641297223623293,-1.0801140164249012,0
14609,0.09623677194176519,-2.26390121671457,0
14616,-0.9177638324309316,-1.941990492777264,0
14618,-0.5149795982111016,-0.7998075844998516,0
14619,-0.39565913732449676,-0.3248971755874341,0
14620,-0.32138409667305495,-0.11823025550544478,0
14621,0.1988963425002397,0.7224976750483812,2
14622,-0.3879496934116415,-0.28469526093097275,0
14623,0.12202525666891838,1.0193384807965185,2
14624,-0.5138066201682069,-0.6588005936503296,0
14625,-0.08395625654325958,0.42411123697796643,2
14626,0.41685938671636585,0.92485221126471,2
14627,-0.7838852781137116,-1.3492331341809327,0
14628,-0.32915917420097646,-0.2627983420912659,0
14629,0.17660131315969457,1.1911657947976582,2
14631,-0.11058317226434984,0.15146853975848087,2
14632,-0.6501380068126017,-1.0202723243582883,0
14633,-0.4055588069149597,-0.32173855597069967,0
14636,-0.28631475213216306,-0.09614611868570105,0
14638,-0.4436720989711774,-0.5032849679854343,0
14639,0.5035321107998608,1.1199947530460903,2
14640,0.2185220823565551,0.7920830171871175,2
14641,-0.6827150674054139,-1.1178404196131653,0
14642,-0.9471907326783605,-1.932501330918994,0
14643,-0.1802810681997276,-0.03657660007776301,0
14644,-0.2804414763244674,-0.1314115291825218,0
14645,-0.2578273363474718,-0.07303150541691614,0
14646,51.744161755970154,-13.789786647406007,1
14647,-0.36875091049294323,-0.1736306024057369,0
14649,0.33396235199560637,1.2382093038493038,2
14651,0.060217302826363034,0.9227044897886003,2
14652,-0.3356430724832553,-0.017041876537103783,0
14653,0.3789003746387046,1.2598630749247963,2
14655,0.010900689475784412,0.03913388136835985,2
14656,-0.07098076575528746,0.7260552801535475,2
14657,0.11424405197265444,0.9788012915683656,2
14658,-0.34399504021944755,-0.07766460050541565,0
14659,0.44430813436238775,1.1965094685024324,2
14660,-0.34492765197882674,-0.18121548635714355,0
14661,-0.8160543689573404,-1.5061236318168651,0
14662,0.20928762533063464,1.2468257696845793,2
14664,0.024453106651109724,0.7555019158030183,2
14665,0.0243688230148686,0.5623149772278394,2
14666,-0.49807838270272775,-0.6005683924513399,0
14667,1.8227729876354528,1.5573398836489456,2
14669,0.3057868769287184,1.3067331445967227,2
14670,0.06777200277127901,1.0283421230631975,2
14672,-0.044302424337816004,0.5098213016882172,2
14673,0.010986035999004546,0.13572849629387396,2
14675,0.048898636882616815,0.9070359961878098,2
14676,0.2245760097332931,-0.1659735987040915,2
14679,-1.074386351231967,-2.263559704220567,0
14680,3.926224297751404,-0.4393038476127486,2
14681,-0.6884822418237273,-1.2385352132303584,0
14682,-1.0582396822949773,-2.268710592400154,0
14684,0.4090617560671305,1.620143406590205,2
14687,-0.40085626284871545,-0.5725052811502109,0
14688,0.9476431071332687,1.0416775073151499,2
14689,-0.5354661208181741,-0.6518717981725326,0
14690,-0.20565698685159123,0.2714172425453558,2
14691,0.0638416189698584,0.34135057020003995,2
14692,-0.1116143519159456,0.4501431320889449,2
14693,-0.654298091155428,-1.0189802338511877,0
14696,0.4162510077609457,0.998062873568825,2
14697,-0.38187219251899035,-0.2458349665346136,0
14698,0.2608232493019746,1.2615112669282487,2
14699,-0.6533221471709353,-1.0192591394407993,0
14700,0.2812108018030229,0.6961657208750832,2
14701,0.5678164387379623,1.7215911044292025,2
14702,0.6177038561889552,1.4031304112723382,2
14703,-0.37097110338418376,-0.24935731733841757,0
14704,0.5235474574408016,1.7849398733688986,2
14705,-1.0449531193853137,-2.2729887899460133,0
14708,-0.21225719106560045,-0.18778076624277715,0
14709,0.6407133604262525,0.4728470448639185,2
14710,0.13070312176053112,1.142197462836647,2
14711,0.5481771460056145,1.5348483516024949,2
14712,-0.3147232123456481,-0.30822375422291864,0
14713,0.5208847076617529,1.165896383814855,2
14714,-0.5737682878818682,-0.8606838137304371,0
14715,-0.0174208739400033,0.5317823849135536,2
14716,-0.13648519287246766,0.3309715706786118,2
14719,0.3980878275555661,1.3807047133568366,2
14720,-0.22562348208301805,0.08900320855455963,2
14722,-0.32987666823634654,-0.049963549349561785,0
14723,0.3335886674390602,1.4802512148428182,2
14725,-0.10029413084504572,0.2996139061600178,2
14727,-0.5889671004555489,-0.8559125300753957,0
14729,-0.0728442717287256,0.6757244889783008,2
14730,0.5871282166992341,1.8521742946582906,2
14731,-0.21470828774536432,0.18481815124621837,2
14732,0.40579366957481006,0.9028292036724237,2
14733,1.287229507477063,0.5935111978866111,2
14735,0.7552383282947415,0.7370316569732535,2
14737,-0.37495863746334507,-0.5809837186003141,0
14738,-0.0872925884679689,0.16713531969062456,2
14739,0.642277130950057,0.10136555376463194,2
14740,0.14959556641917382,0.7931868342133144,2
14741,-0.06810953609431245,0.06446573838849348,2
14744,-0.2559836498138453,-0.32694899368941344,0
14745,0.00962444360422641,0.28418470975212656,2
14747,-0.4383832834103976,-0.40298984410124095,0
14748,0.22227661151028233,0.8219484462339479,2
14752,-0.7119719065627244,-1.372255435630461,0
14753,-0.2673515741393427,-0.008891800473794034,0
14754,-0.16041155912192287,0.16746109024029956,2
14755,0.7622936601859042,0.9684950123912394,2
14756,-0.1622379881679835,0.16799195964538183,2
14757,-0.40313603601702386,-0.36724405928280124,0
14758,-0.00919446737691197,0.43401263879248814,2
14759,0.16398174075730204,0.8602152470052778,2
14760,-0.7729306912928299,-1.352746398472433,0
14761,-0.5587529830252609,-0.78577842358674,0
14762,-0.36147850986642016,-0.2930867956412874,0
14764,-0.6945561499587157,-1.2364874198114681,0
14765,-0.24246736767540228,0.19368900502215147,2
14766,0.3875056727306732,0.9592046599467635,2
14768,-0.813614168566271,-1.506913339317335,0
14769,2.3835368704159356,2.0253596877127875,2
14770,-0.07412160740818137,0.3675923183766788,2
14772,-0.6220662778545754,-0.9326654454806621,0
14775,0.0751301466225378,0.4561361556204286,2
14776,0.3227681503296118,0.14446447309769495,2
14777,-0.9687486521761458,-1.925604523118352,0
14778,-0.20758783452473206,0.08324676625292317,2
14779,-0.2256822268174796,0.23411600761175907,2
14780,-0.29933848785494777,-0.1252532342237734,0
14782,-0.7074834474673696,-1.232360254884151,0
14784,-0.4621681037338319,-0.552882960659362,0
14785,-0.9475707466665041,-1.9323716737868872,0
14788,-0.2643506073832986,-0.13646949062319202,0
14789,-0.7073966025910243,-1.2323866276876319,0
14790,-0.18209263816690258,-0.03603862024915714,0
14792,-0.9660216720304157,-1.9264784294309496,0
14793,-0.5070559007220907,-0.597728305649795,0
14794,0.0698980119820695,0.6167759694022059,2
14795,-0.727091919583057,-1.226103867257699,0
14796,1.8307164360031916,1.673940428031243,2
14798,-0.5608693705806346,-0.7850670157836399,0
14799,-0.5216958578429646,-0.656263814011694,0
14800,1.079824409186766,1.4705854662826738,2
14801,-0.1412021909334162,0.5092580856882953,2
14803,-0.18146144916690568,0.10070879061266508,2
14804,-0.5290219869728547,-0.7219286740353502,0
14805,-0.28270872617463216,-0.004009759599476181,0
14806,-0.5333080387349922,-0.7938237335035013,0
14808,0.5932575491495587,1.3287189154818781,2
14810,0.3032678402065422,0.9442612863421662,2
14813,-0.36871927512082797,-0.1376676387680177,0
14815,-0.02502021474487278,0.4225655257522815,2
14816,-0.8069540045262089,-1.5090910848035946,0
14817,-0.015649053185469716,0.40230578059962735,2
14818,-0.16240873791453886,0.23598080842580543,2
14819,-0.5176619119332678,-0.6575993760558149,0
14820,-0.3231752691307839,-0.18822621934021985,0
14821,-0.9591407590299451,-1.928685838614248,0
14823,-0.1426371953839844,0.5096496521955015,2
14824,-0.2925815238459923,-0.4026729868804294,0
14825,0.24297352416498183,0.7306353553663159,2
14828,-0.0002893998299452211,-0.5924559021535936,0
14829,-0.15692937209687444,0.21217073815653958,2
14830,-0.2368850887111989,0.21514426740066794,2
14834,-0.006101274975550646,0.22849016058226326,2
14836,-0.7664945941446176,-1.3548125626792544,0
14837,0.30058310672610666,0.8554355573491945,2
14840,-0.820325381068827,-1.5047463231166134,0
14841,0.504849543756142,0.8536455487589034,2
14842,0.40239385493776525,1.0839303072767545,2
14844,0.4595990398005471,0.7150083024650791,2
14847,-0.5130181352619421,-0.6590912333307117,0
14849,1.556221966031103,0.9124102397700188,2
14850,-0.3595433097258488,-0.25296483872638853,0
14851,-0.2729244863500947,-0.06819862578621652,0
14852,0.44421397059914824,0.8092730144168755,2
14853,-0.6237545518758553,-1.0288142085262941,0
14854,0.4804794941810129,0.9213320390652022,2
14855,-0.46428074858908686,-0.6747217294088739,0
14856,0.06562078506542325,0.5773992178870606,2
14857,-0.011384584021683394,0.4991806281567259,2
14859,-0.020228818638693847,0.3128584126597039,2
14860,-0.5497546672975446,-0.7885920447829702,0
14861,-0.7131379243547342,-1.2305297492023641,0
14862,-0.04722344833320913,0.32167276250650034,2
14863,-0.5558449327086169,-0.7867066104134164,0
14865,-0.8100961892455588,-1.507987641137029,0
14866,1.7661568397798997,-0.6608641759225218,2
14867,-0.22265353178975233,0.03413465205443321,0
14868,0.40247364333016056,0.8224704831021372,2
14869,-0.0007966289630923052,0.6125324941065523,2
14870,-0.5117001523102069,-0.6595181556576896,0
14871,-0.06388988195237598,0.6596093003678937,2
14873,-0.29487781924832496,-0.06123526258466179,0
14875,-0.0288896745584026,0.3155603884377508,2
14878,0.0811157584000682,0.5297716273836247,2
14880,-0.1295776403154973,0.308890768369528,2
14881,-0.42223541601938086,-0.45763063494799056,0
14882,-0.6692261213424127,-1.244690459274737,0
14883,-0.10026761012009937,0.1715110865885427,2
14885,-0.35301823154269574,-0.5877539808828138,0
14886,-0.42136262005024416,-0.4084258260848773,0
14887,-0.42919330091047564,-1.321485498280061,0
14888,-0.39088079298281947,-0.3264087072723691,0
14889,-0.5957984722772407,-0.853680288342823,0
14890,-0.6870936729803794,-1.1164581135958684,0
14891,-0.2256821347275963,-0.022112306853113474,0
14893,0.10084639111809217,0.6585991663382867,2
14894,-0.3201587970008218,-0.22665518575876015,0
14895,1.8366072584053337,1.321437063359105,2
14896,-0.17198837225798586,0.28173270896287284,2
14897,-0.07121251802416126,0.24931520393467008,2
14898,0.17443913615791656,0.806475210573672,2
14901,0.09879630539210182,0.6716292363041738,2
14902,-0.39178901104116,-0.3260938278178646,0
14903,0.625443070928849,1.5347974687225858,2
14904,0.23159278264564875,0.5386296252224216,2
14905,-0.44864009326807064,-0.6164544070682423,0
14907,0.5577006412974898,1.012588092350369,2
14908,-0.6035091430580274,-0.9386219587140587,0
14910,-0.32696004949731206,-0.1510354597779571,0
14911,22.711413938345927,-3.6469762519400746,1
14912,-0.21463485619736858,-0.29922722691973247,0
14913,0.2503060522098058,0.6600437001119388,2
14915,-0.5390647353395905,-0.7186957175929842,0
14916,0.15106793818758393,0.6426471638256541,2
14918,-0.04678955804967996,0.15412593956941684,2
14920,-0.023542784667968893,0.48746876172882825,2
14921,0.1504985030172254,0.7151698410214371,2
14923,-0.12299847731601023,0.2866380415929428,2
14924,-0.5852817875419805,-0.857102198694315,0
14929,-0.5587806863133812,-0.7857541498024394,0
14930,0.3707156855605895,1.0045761415759522,2
14931,-0.20490463885817758,-0.02890489693337321,0
14932,-0.4474036885503711,-0.44969519016998677,0
14934,0.17405020809926564,0.5834227094123802,2
14935,-0.3389094294139782,-0.9360070745999242,0
14936,1.4205975612458634,1.208840243376511,2
14937,-0.11715201351222919,0.027558668744391408,2
14944,0.8558188024394595,0.7232356529419449,2
14946,-0.8779492375311537,-1.6909136503808597,0
14947,-0.487654719342332,-0.6039227873010434,0
14948,0.0010129662009183812,0.4636987267280761,2
14950,-0.4115938283246314,-0.3645311389754745,0
14951,-0.37728126295078335,-0.33069702238271903,0
14952,1.139883419711401,0.7809752963432679,2
14953,-0.1354733763934418,0.4746695453744417,2
14954,-0.06399788316157762,0.7482698836285187,2
14957,-0.5657118372654187,-0.7101417888461695,0
14958,-0.26121651186253847,0.0738290569993158,2
14959,-0.16276688311707468,0.1443879884330232,2
14960,-0.3620924091606198,-0.2131365289166174,0
14961,1.2508549406604594,1.1862908582618261,2
14962,-0.7646523636299818,-1.355408961291659,0
14963,0.3638050284348556,1.2348325690084656,2
14964,-0.5181547539435435,-0.6574111184178535,0
14965,0.013118376021812693,0.782024078072871,2
14966,-0.26326938763926866,0.12699273508247025,2
14967,-0.6821342266688676,-1.2405329057161274,0
14968,-0.25926581845777796,0.17527394628748333,2
14970,-0.2347502934295669,-0.2168143824239653,0
14971,0.24913714852275362,1.24034649004822,2
14972,-0.4608747650866318,-0.3957648577196401,0
14973,-0.1917648374783399,-0.06328523944475505,0
14974,-0.47601403219426774,-0.44048276588480634,0
14975,-0.5190095962501955,-0.7984035167244999,0
14976,-0.13153836164658744,0.34846844909148683,2
14978,0.2847412569423204,1.1766534456755107,2
14981,-0.6510128367463225,-1.0199886624538355,0
14984,-0.26472674937414126,0.17698061135577373,2
14985,-0.03387687973513049,0.7741807003960177,2
14987,-0.9208304841890224,-1.9409786960319997,0
14988,-0.22169174473012862,0.23287449032499388,2
14995,-0.1623488432699453,0.4664141367730263,2
14997,-0.18756196298413522,-0.19534968649733625,0
14998,-0.051966473440281324,0.6820449479452029,2
15000,-0.02992576564226488,0.7493379489978665,2
15002,0.21036791600235466,0.855284593258157,2
15004,0.2746543871310465,1.2932892053419855,2
15005,1.424336140560431,1.7206819247024343,2
15006,0.10164419776920873,1.1292213504968236,2
15007,-0.5526037233788191,-0.7143495332351075,0
15009,0.26961125198928537,1.2587018097602003,2
15010,-0.3958169114422565,-0.3248129821223958,0
15012,0.06150670586870614,1.0554267560871937,2
15014,-0.31004835669556524,-0.025234319850921675,0
15016,-0.4227657586309403,-0.3161929935778818,0
15017,-0.4282819323861454,-0.31442081387805965,0
15018,-0.2794233817099572,-0.005008856317512063,0
15019,-0.10433265966175827,0.6178519682967316,2
15021,0.5151966397704576,1.784252462496176,2
15022,0.10577760666090502,0.9176429100221088,2
15023,1.253967196072144,1.720818696343419,2
15024,0.24770354268394904,0.9535103361629701,2
15025,-0.08241676315921968,0.6386085031352383,2
15026,-0.09751349224167409,0.5111910400776651,2
15027,-0.17656212065579424,-0.0379422358950343,0
15028,-0.18652134779110735,0.10242026981046752,2
15030,-0.6086513225329276,-1.1415434166361496,0
15031,0.0026285604716587366,0.7148163426546008,2
15032,0.3976958271671449,-0.2518868611141978,2
15033,0.7234048287218142,1.8028321888933994,2
15034,0.9546353803190272,1.6810192522271787,2
15035,-0.3246790174363898,-0.11711658203816709,0
15036,0.06933647222311144,1.0278278587424112,2
15038,0.06275375672484498,1.0126873129090626,2
15039,3.265857356346101,1.2240073465535461,2
15041,-0.10900578823973804,0.6471351470751733,2
15042,-0.7659147680812078,-1.3550127711172057,0
15043,-0.8021456788067706,-1.715182490238691,0
15044,1.2143781271347378,1.3693458793841142,2
15045,-0.5295393858250579,-0.795232669829916,0
15046,0.9426328338271559,1.0371536989016843,2
15047,-0.36326352578479876,-0.2518157977681757,0
15048,-0.012133840797446923,0.8556126005162443,2
15049,-0.8703776202696563,-1.6933264761927922,0
15050,0.17663405171080998,0.5827023015747366,2
15051,0.2989548400959482,1.1313732236757508,2
15052,-0.34261043701882493,-0.07808497652093262,0
15053,-0.017845321174760773,0.34981997923734626,2
15054,0.03690356804285655,1.0210576562711322,2
15057,-0.17243769734873354,-0.20060832182427774,0
15058,0.47692398879285147,1.4621923480592822,2
15059,0.29199846389993733,1.3282021710820513,2
15060,-0.023620510837248636,0.8050714164555443,2
15061,8.444653519352325,-2.0277561086312867,3
15062,-0.03650757417462113,0.31820092613137607,2
15063,-0.7429271187262102,-1.3624219842446728,0
15065,0.5265565783235184,1.1762470494784796,2
15066,-0.15420848654671707,0.2548864824153985,2
15067,0.1989159639204483,0.7448482911494525,2
15068,0.057782226954362234,0.9330199175833691,2
15069,0.04270986655860857,0.6516613881616564,2
15070,-1.0601437164800376,-2.268132509177144,0
15071,-0.271529487255792,-0.16891394313717026,0
15073,-0.24534171634347696,0.013186211714206971,0
15074,-0.1406032589868712,0.22902269277220105,2
15075,-0.24324776661829675,-0.10989330517195148,0
15076,-0.06208045219815784,0.36376864135734216,2
15078,1.4845245434198673,0.49452339151277735,2
15079,-0.09828994299142799,0.3378545147122154,2
15081,-0.3136784766352315,-0.12072129209452523,0
15083,-0.7686710979755622,-1.354114909760062,0
15087,-0.42718659669540376,-0.5639933347146415,0
15088,-0.036764890648703245,0.4261180523860985,2
15089,0.4519564364716361,1.1431879937416716,2
15090,-0.350856415870696,-0.21677991095627488,0
15091,-0.25538044716521724,-0.01264943810680388,0
15092,-0.3551157058239526,-0.21546511072357266,0
15093,0.6984242625018413,0.17408289624559684,2
15095,-0.07683701563594418,-0.0697434847395883,0
15096,-0.5614552990109108,-0.7849031295904101,0
15097,-0.3459267608892462,-0.1449473915497171,0
15098,-0.9041681597641056,-1.946423081855581,0
15099,-0.32900401691209935,-0.2237293667034475,0
15100,-1.013647692360508,-2.2831448030851167,0
15101,-0.6135091333165987,-1.0319918412690654,0
15103,-0.1990199825016618,0.1063501396619813,2
15104,0.03201377299026658,0.601998036723238,2
15105,0.3058762323335003,0.794938923165442,2
15106,0.22321494933284453,0.8216042568093224,2
15107,-0.5120200827702593,-0.6593781370542612,0
15108,-0.03381595332579261,0.3727421407205712,2
15109,-0.3053704783993599,-0.057878136094865924,0
15110,-0.3742509952928701,-0.47320663768446675,0
15111,0.10761572776145581,0.6308406167035486,2
15113,0.5099413377157975,0.5884430401563825,2
15114,0.7244479336266764,1.0366967625406036,2
15115,-0.3847639802746333,-0.28571576228702583,0
15116,-0.08543089088246916,0.11952077970958921,2
15117,0.2568901975198512,0.48837795799712114,2
15118,-0.846367001794614,-2.3360464359690605,0
15119,-0.5027750917162795,-0.5991121854429846,0
15120,-0.364996284515384,-0.29199128499293026,0
15121,-0.2954837266999609,-0.06101300668209476,0
15122,0.10306579763459178,0.5653596973927215,2
15123,0.3040495860363156,0.8252830066836288,2
15124,-0.488603656822296,-0.603570065270491,0
15125,1.750360983759474,0.445720598830705,2
15127,-0.4344536564851677,-0.506192727717839,0
15128,0.20592098640141207,0.6740374284447128,2
15129,0.34987230712631434,0.3191053460934142,2
15130,-0.36797458629130025,-0.25031410328825976,0
15132,-0.03855723517830339,0.35625607441541496,2
15133,-0.1925027906728978,-0.126099619284663,0
15134,-0.00304597614551006,0.24825948030627418,2
15135,-0.6289694794733744,-0.930468701932649,0
15136,0.05753144070559783,0.5226912576818774,2
15139,-0.5110154444365606,-0.6596637658187922,0
15140,0.309874217923654,0.6164845288954186,2
15142,-0.2872262806004608,-0.12912200660746975,0
15143,-0.49440546327072393,-0.6017651175607243,0
15144,1.0152339818991682,0.9154389246794271,2
15145,0.015692848962882557,0.42625397118569985,2
15146,0.26092485329532517,0.8096816414144454,2
15147,-0.25947558698699974,-0.07251398470124246,0
15148,-0.39601102230728336,-0.324747677876009,0
15149,-0.3509651968801391,-0.2168128247241271,0
15150,1.1992648370425851,1.5494335929510834,2
15152,0.9208235046699951,1.3062158322558604,2
15153,-0.36790085579089743,-0.2503370875377514,0
15154,-0.10793122809945038,0.6467724503334107,2
15156,-0.041278366163003274,0.3930604324222742,2
15157,0.5081407182567712,1.036337656117423,2
15158,-0.64331206405057,-1.1304865291633537,0
15159,3.4764420255002615,1.0508985557138613,2
15160,-0.804876845932307,-1.509695349879328,0
15163,-0.3008802745251514,-0.028166647325904542,0
15164,0.026795489809653683,0.7661917342901318,2
15165,-0.3079946902682065,-0.08920646127477205,0
15167,-0.2536225026569278,0.22047081085141843,2
15168,-0.765148695046144,-1.3552417016087233,0
15171,-0.6692413884463094,-1.3861287264531914,0
15172,0.35141175204438185,0.9292047449081606,2
15174,-0.5647021526818787,-0.7838322270188839,0
15175,-0.3282642467605733,-0.22387405514395745,0
15178,-0.8817434137726882,-1.68968027893991,0
15179,0.3999001735734267,0.7751656603213174,2
15180,-0.7279526768272292,-1.2258094367104402,0
15181,-0.421795604458105,-0.6882221019671729,0
15182,-0.3137093240731579,-0.19128632551896052,0
15184,-0.1063534697503569,0.5450884521973619,2
15185,-0.31379389501423716,-0.30822547864164324,0
15186,-0.4240178654702898,-0.45714036405203334,0
15187,0.4927535219883224,0.38292570480331656,2
15189,2.0764697002241213,0.11982044117082875,2
15192,-0.07887207513317838,0.09315569664689102,2
15193,-0.3989864198918569,-0.36859914365497837,0
15194,1.5961268754571185,1.149067943184977,2
15195,-0.5553410916194047,-2.430158558856765,0
15197,-0.22481919023968083,-0.022435527474295038,0
15198,-0.5867434882956668,-0.8565820109657862,0
15199,-0.6203568932578792,-1.4017565700942891,0
15201,-0.06804589036734912,0.1380066273328589,2
15203,0.3209149131165229,0.7060889936946664,2
15204,-0.5821663208814543,-0.9454143398746507,0
15205,-0.17524374269993384,0.17216320978473626,2
15206,-0.8316013302616715,-1.705777643798875,0
15208,-0.274416576126684,-0.16794232364224865,0
15210,-0.3876513954278007,-0.3274152477294739,0
15211,-0.0931698251427168,0.42701316610446266,2
15212,-0.769330544047623,-1.353905982135531,0
15213,-0.3578642020539815,-0.2535204177503445,0
15214,0.31036965334633887,0.9675457849479502,2
15215,-0.22318958033885414,0.11406315555557119,2
15216,-0.9540718749111894,-1.9303176756237979,0
15218,0.8534316866592081,0.4782597551096472,2
15219,-0.6137629908545059,-0.9353811800242289,0
15220,0.33849906045419603,0.9668623227334299,2
15221,-0.6323452732862838,-0.9293910071888613,0
15222,-0.6700175217050063,-1.3856650718053807,0
15223,-0.4858926000485432,-0.6045613679156597,0
15224,-0.5086043804856736,-0.6604925612142544,0
15225,-0.3459611068884517,-0.21834712541481185,0
15226,-0.6504781532634185,-1.0201836384081195,0
15227,-0.04259448376063077,0.24030368240463595,2
15228,0.5971929073314788,0.8839776179194812,2
15230,-0.3262844171845924,-0.22460173810892772,0
15232,-0.2316632405895402,-0.14681099382234378,0
15234,-0.49288886442637997,-0.6022162505102427,0
15235,0.41904817672629696,1.1067226649915107,2
15236,-0.4550102242467651,-0.5551696942681436,0
15237,0.22452544278338527,0.8605973116070539,2
15238,-0.030676237992935652,0.3537168527248601,2
15239,-0.07412247780675786,0.3491376932496951,2
15240,0.17503977634103882,0.4852024017008509,2
15241,0.32254632210517037,0.7056143614580551,2
15243,-0.3708048022365863,-0.24940937639140842,0
15244,-0.2253193263422201,0.00682239565382719,0
15245,0.276922974720803,0.3592158784511304,2
15246,-0.2495202360643747,0.04275191381745178,0
15247,-0.6880809962231238,-1.238593442040385,0
15249,1.2264214817560013,1.2755041569576828,2
15251,1.6858065421750619,0.4210004089059381,2
15252,-0.10868566741434742,0.2820995677280246,2
15253,-0.0014926579313338953,0.3979072267007218,2
15254,-0.410060867032423,-0.41198153865076265,0
15255,-0.08395831750358325,0.3333074052338501,2
15256,-0.7243163729458938,-1.2269687949241102,0
15257,-0.6792349234789904,-1.119003759155976,0
15258,-0.2557293336220062,0.044669806685896894,0
15260,0.1150121474748035,0.5188665241990716,2
15261,-0.4008481054681766,-0.3678900807318592,0
15262,-0.5947230848132661,-0.854042401538135,0
15263,-0.5497529635181477,-0.7152540934741863,0
15264,-0.3416210007438868,-0.21971698551739766,0
15265,0.11007121856258911,0.7044156765678913,2
15266,-0.7279429945490837,-1.2258278847474295,0
15267,-0.39658528364450235,-1.1015180078832247,0
15269,-0.9287867760167742,-1.9384934254215904,0
15270,-0.02481063993342597,-0.36017656750383775,0
15271,0.5141089017008772,1.3787862553008536,2
15272,-0.046966443064865686,0.5852142164426914,2
15274,-0.09668369978162247,0.2783021750804393,2
15275,-0.14144806784863284,0.22935196459012233,2
15276,-0.19722745784945875,0.40702431956872964,2
15277,-0.5248871157602177,-0.723193891765652,0
15279,-0.3858630326507325,-0.28533663781291857,0
15280,-0.4724730477004746,-0.49398454479254855,0
15281,0.37871954830018256,1.0479133984174644,2
15286,-0.8617521750812649,-1.69612167752663,0
15287,-0.3866839284832637,-0.4690248365885105,0
15288,0.21262661648454392,0.7178786047299165,2
15289,-0.030415181868623478,0.2365757609362465,2
15290,1.2296859375312934,0.5288014775293035,2
15291,0.5247407850537463,0.40189655732834745,2
15292,-0.37866357984316956,-0.170456717290962,0
15296,0.6029394498702187,1.0815124758644838,2
15297,-0.25007287449495413,-0.01441034821351747,0
15298,0.7135493562199989,0.8872236217536806,2
15299,0.08879667780903407,-1.1600377196987746,0
15300,-0.27890363614432184,-0.0662937973660963,0
15301,0.912109968126189,1.1629343697763057,2
15303,-0.2526691325910596,0.015530305368495768,0
15304,-0.6032194554591421,-1.0354365288780236,0
15306,0.03595686314821056,0.46849014647014575,2
15307,-0.5532535608545637,-0.7141666888258843,0
15308,-0.4109463991381183,-0.3647080988457307,0
15311,10.72040195933089,-0.8537259206807168,3
15312,-0.10732327509630472,0.23992878580728955,2
15313,-1.066169376961697,-2.2661939230061297,0
15314,-0.3292134545337504,-0.18622316318866675,0
15315,-0.13807039792402254,0.08707980361928283,2
15316,-1.0460999109291589,-2.272618060571642,0
15318,-0.2011261608716165,0.05484074494643257,2
15319,-0.4619600738664126,-0.49736525851267427,0
15320,-0.2278869192833549,0.1408247224565032,2
15321,0.3076390484000774,0.7208705582285805,2
15322,-0.15472056212336488,0.2551252097776825,2
15325,-0.1808798787704791,0.3644201935836628,2
15326,-0.27145196613609357,-0.037509892442973106,0
15327,-0.5860824776318014,-0.8567991033820279,0
15329,-0.05004443530874314,0.41327262893719335,2
15330,-0.37218213788231824,-0.9249300030529054,0
15332,-0.12257085279624122,-0.085413112306994,0
15333,-0.3700924962552137,-0.5269199577850288,0
15334,-0.06655101143565094,0.6471516516129987,2
15335,-0.28623993356838706,0.10847986980984409,2
15339,0.014006822458133346,0.7703796074826925,2
15341,-0.20613650990421858,-0.5270679766403131,0
15342,-0.3293227026446033,-0.1862193329645227,0
15343,-0.3932909730446285,-0.28302131916826967,0
15344,-0.38093820973264186,-0.28699594037441917,0
15345,-0.40628716690896033,-0.3215184131746111,0
15346,-0.4472778366576893,-0.4496814109930944,0
15347,-0.746117869936993,-1.3613275192242935,0
15348,-0.6202395863788532,-0.9332542677064036,0
15349,-0.058319446504482605,0.6171341428750291,2
15350,-0.7645482759461292,-1.3554366532700228,0
15351,0.3493532067189181,1.3040794422653843,2
15353,-0.055742758111298384,0.5288481014397617,2
15355,-0.6161139135193888,-0.9346211848067673,0
15356,0.6327624704537228,1.4829451764461266,2
15358,1.9279232037523568,1.3485632219725023,2
15360,-0.48845875110289133,-0.6669430225087858,0
15361,-0.6219806115469961,-1.1372650227924437,0
15363,-0.4572724158423743,-0.49890789453445433,0
15364,-0.2067556643317942,-0.05833355150476728,0
15365,0.07967299550076859,0.5866973624877617,2
15366,-0.15077857064353142,0.14062309315310476,2
15367,0.2538515814990775,0.8315761336319523,2
15368,-0.760172077996572,-1.5240230509463286,0
15369,-1.204624190319211,-2.2214570283999806,0
15370,0.17013868596163337,0.5437107296383776,2
15372,0.2149886372014516,-0.25592188728537574,0
15373,0.14136474710091154,0.670031037009057,2
15374,-0.8574584977554327,-1.6974492963468564,0
15376,0.1594698662863469,0.9374459163980523,2
15379,0.6969974532596087,1.1032793963197804,2
15380,-0.23168761100792779,-0.29422168843832996,0
15381,-0.5998186372638754,-1.0364755083996324,0
15382,1.2073318328671778,1.2006254646879677,2
15384,-0.16649481298454577,0.09606021983548696,2
15385,-0.5262357751833302,-0.7227953474825162,0
15386,-0.23885686485564667,0.011233638397289967,0
15388,-0.5957067453274729,-0.8537116433990657,0
15389,-0.9754059475582852,-2.2952163724907284,0
15392,0.19799485815547,0.6523953599753727,2
15393,-0.5792874593809402,-0.8589668309181974,0
15394,0.1188930616346752,0.3930229459772692,2
15395,-0.6934864950540777,-1.114420406147425,0
15396,-0.4960890186620836,-0.6012446936885888,0
15397,-0.7297270581628403,-1.2252494390572928,0
15398,0.056730223844587625,0.5080205128608246,2
15399,-0.08385632403964871,0.29431954231416435,2
15400,-0.513391098028902,-0.8800907866088142,0
15402,-0.15266941404962706,0.09167676089523712,2
15405,-0.6169408740391643,-1.0309215902643465,0
15406,-0.13713998849944556,0.4237429157267017,2
15407,0.2286966434630549,1.2341337524770992,2
15408,-0.2744048237904152,0.10467684820128632,2
15410,0.23374197448957496,0.2501309805391145,2
15411,0.11644317225827192,0.8143421256370348,2
15412,-0.5887283550457755,-0.8559505645791858,0
15414,-0.16232084652154896,0.14420294783268134,2
15415,-0.10776088278169432,0.32173336685359494,2
15416,0.7298386796458219,1.2103097251321164,2
15417,-0.27904459317181085,-0.06625503743955995,0
15419,-0.6290736256588602,-1.0269678844170749,0
15421,-0.11948838152996162,0.200140176873999,2
15422,-0.7268288047405209,-1.2261710547910314,0
15423,-0.947896623942894,-1.9322518587183966,0
15424,-0.37744142811537246,-0.4719088866486775,0
15426,0.388306640128346,1.5903922642211694,2
15427,0.4511588001952627,1.6145363737068164,2
15428,-0.7179226253060692,-1.2289957385883448,0
15429,-0.015007815284016766,0.7564858317990256,2
15432,-0.5965121451166242,-0.8534708505392877,0
15433,-0.1776684008335489,0.21886238878815426,2
15434,-0.0957322840479719,0.1925778554248092,2
15435,-0.33262290685198703,-0.018017370472034173,0
15436,0.37592769098677475,1.6769271079880217,2
15437,-0.21683992815051212,0.31668617535430793,2
15438,-0.3694254283651994,-0.13744531386810888,0
15440,-0.15145219027034024,0.41051572996616315,2
15442,-0.9000637930985773,-1.9476988622136477,0
15443,0.6961567324804098,1.5514592222793502,2
15444,0.36688805629828947,1.460049174143606,2
15445,-0.7637151564951178,-1.3557000232078082,0
15447,-0.6203305023786739,-0.9332240258100033,0
15448,-0.28770165677144555,-0.06350067464006616,0
15449,-0.031094333304784286,0.31649095608222905,2
15450,-0.2544824030470419,-0.012911670591762407,0
15452,-0.14377421807592017,0.3524665491733566,2
15453,0.34248435114619713,1.3563183721986014,2
15454,-0.3850105051181756,-0.20584255965797527,0
15456,-0.0950781111483596,0.355947873785096,2
15457,-0.14320367783909363,0.5098702259675664,2
15458,-0.6690070915757785,-1.122215703556018,0
15460,-0.16307947237638853,0.46665458611157273,2
15462,-0.601280763440902,-0.9393082988012625,0
15463,-0.6791238406096249,-1.1189877585179955,0
15464,0.22229239744899607,1.315884411264646,2
15465,0.4937424470068386,0.06731661990460894,2
15466,-0.11878427602018615,0.5020730506191166,2
15467,-0.1769567551486925,0.24066850498976644,2
15468,-0.33321555949993664,-0.1490736289208595,0
15469,-0.33825396376950206,-0.1834393028614142,0
15471,-0.06051083572364318,0.6451845450333539,2
15472,-0.034912400417650064,0.7509780878168257,2
15473,-0.630337894598457,-1.56572121293253,0
15475,-0.269447267728284,-0.038214978895548084,0
15478,-0.11399925091077162,0.053220808233663354,2
15480,-0.12091249951404794,0.3060367804376752,2
15482,0.7206086683126476,0.05601073646346362,2
15483,-0.04813997440637914,0.7311357967583603,2
15484,0.7933954139355491,1.00771667445955,2
15485,0.22676720473092923,0.4383195497014247,2
15488,-0.948016447150539,-1.9322369508288861,0
15489,-0.05264841864849888,0.3232741924273545,2
15491,0.47837031059550095,0.9051689361593241,2
15492,-0.20359176004251628,0.028105208136540088,2
15493,0.35759316222901,1.3933888603417697,2
15494,0.28798136328058294,1.0621555827765656,2
15497,-0.36279907767220515,-0.7072261415732968,0
15498,2.2041343703651943,1.4551606424855035,2
15500,0.028491372668701526,0.5752723619915526,2
15502,1.1065968287442176,1.084443475903288,2
15503,-0.11694922812120874,0.6496749819522527,2
15504,-0.5465780637766254,-0.6483161745268692,0
15505,0.5679544400882328,0.7111831000281814,2
15506,0.22208315932989348,1.0907595655631863,2
15507,-0.20095702089711737,0.24830295200918598,2
15508,0.05066773753484815,0.747006098282919,2
15510,-1.0532665221178117,-2.270384670203571,0
15511,0.12472876428023304,1.0911500060874473,2
15512,-0.6850235750669496,-1.117112858113118,0
15513,2.119374041391445,0.8585279226645848,2
15514,0.4520286504498161,0.8067586354812811,2
15516,-0.5110853971424231,-0.5372479181630112,0
15517,-0.30689923462694974,-0.08944741205211372,0
15518,0.3873572176928798,1.1441006195407382,2
15520,-0.40090423640370776,-0.41490846212570875,0
15521,0.4644297517612782,0.9825287238891196,2
15522,-0.11236366453442696,0.34256078514819316,2
15523,-0.5671258824221195,-0.8629136862900444,0
15524,-1.0374145700608615,-2.2755075126778754,0
15525,0.16049471598195647,1.1963820207453173,2
15526,-0.8143236229185205,-1.506692500250082,0
15527,0.3705223970851672,1.0940982532469377,2
15528,-0.3441853021216967,-0.11091450407737535,0
15529,1.1672928764258357,1.9131746480821588,2
15530,0.20085246600628828,0.8286581892479914,2
15531,0.46670627387485336,1.4516514552866457,2
15532,0.3559286566318883,1.5279647294147547,2
15533,-0.014030803410435062,0.7077605002568818,2
15535,-0.13399587984547945,0.4906405796861258,2
15537,-0.38793887888104533,-0.16748036825419413,0
15539,-0.15978515775558674,0.2352058557558793,2
15540,-0.47378458585035543,-0.5491591259700961,0
15541,-0.33859937000340484,-0.016089582583899347,0
15543,-0.35783160527082647,-0.1065344783954718,0
15544,0.7610820554080625,0.9259321577645866,2
15545,-0.04767846639426569,0.7785624184141098,2
15547,1.342786459226745,1.912548524288548,2
15549,0.21436488928065664,0.9554033470772839,2
15550,-0.1609282559644959,0.27817086260410007,2
15551,-0.2854876126164583,-0.03311548264936928,0
15552,-0.47268323359820563,-0.4415399577882896,0
15553,-0.10624040395768847,0.41393510637455844,2
15554,-0.5088237125894257,-0.5971687297439222,0
15555,1.3636960997628471,1.8258969811646537,2
15556,-0.2785023486322485,0.023871333901847355,0
15557,-0.4348225791538898,-0.506105802124216,0
15561,-0.2749048726046702,-0.09982188585680364,0
15562,-1.057388934803748,-2.269020509036284,0
15563,0.25564296010183923,0.7909949090860597,2
15565,-0.6505282106648268,-1.0201768170842767,0
15567,-0.6573510452859392,-1.1259267983722956,0
15568,-0.2424367065532556,-0.11014358685692004,0
15569,-0.16230542652917876,-0.13587359507600363,0
15570,0.8248515638685999,1.4907253968123453,2
15571,-0.1360916648588926,0.34996935352141934,2
15572,0.4871066917801028,1.2935454801831483,2
15573,0.03665406831329819,0.8608482528953921,2
15574,0.14525716545114567,1.18746196131482,2
15576,-0.11833396925232333,0.2644854309880563,2
15577,-0.24196435099204472,0.2167224424297527,2
15578,-0.537754985569841,-0.6511522887394819,0
15579,-0.19506720177052791,0.3298508777126752,2
15581,0.36945233333026023,1.1355677697368676,2
15582,-0.15475033147240333,0.1888380684742218,2
15584,0.043703724770253735,0.8687860277809675,2
15585,-0.2520132336827983,0.015379541438261472,0
15587,-0.7695603179827838,-1.7257063203670029,0
15589,-0.2893775288303944,-0.06295039660862663,0
15590,-1.0766504453942445,-2.2628277785128796,0
15592,-0.3183374393523443,-0.18970421921218109,0
15593,-0.7563576532307932,-1.3580768202448046,0
15594,0.21427668077014309,0.7724923308448316,2
15596,-0.01706426387133637,0.38519091237824066,2
15597,-0.3577633991042669,-0.25354789885507095,0
15598,-0.49548749388480406,-0.6014102177964561,0
15599,-0.04536806883177838,0.3766647252127449,2
15601,1.4613689488021335,1.279531763538281,2
15602,-0.10236037245754635,-0.03242000055078266,0
15603,-0.9482095751413501,-1.9321549443262651,0
15604,-0.4480665426094424,-0.44941367684766825,0
15605,0.0024777973655621846,0.5402045065409473,2
15606,0.09614349065779954,0.34874001412166417,2
15607,-0.5179584972189465,-0.657424354382548,0
15608,0.024538980207627566,0.5032124217306252,2
15609,-0.4609175583044285,-0.4977278080310519,0
15610,-0.7215828233318875,-1.2278431229839826,0
15611,-0.21180802439762172,-0.2614840307662397,0
15612,-0.8064604993794685,-1.509210625836688,0
15615,1.7739925969777672,0.9800585823791681,2
15618,-0.1531023509546009,0.18828404209257815,2
15619,-0.8422224710899314,-1.7023662173606124,0
15620,0.20323993610702284,0.8478048722521971,2
15621,-0.4350547652255267,-0.8254734064909878,0
15622,0.5973367747260425,1.274539344671962,2
15623,-0.4179684329034766,-0.3624788967988261,0
15624,-0.28105742672634954,-0.13112305266006458,0
15625,0.04672788013090552,0.23240625117973443,2
15626,-0.05076248063121827,0.36027576571595477,2
15628,0.4339855537861529,0.7022317799413048,2
15630,0.0348665019891712,0.4688332722978829,2
15632,0.5418148508070887,0.8765620542181064,2
15634,-0.4858684999122634,-0.545338646065499,0
15636,-0.3473379376496535,-0.3403999366892107,0
15637,-0.48334122541249036,-0.546130972481347,0
15638,-0.9812187239772368,-1.9216098499707543,0
15639,-0.3093494111440168,-0.15664174210718235,0
15640,2.1566868873144416,1.0987735480444196,2
15641,0.3557533036199144,0.8927937297764467,2
15643,-0.24752336422768187,0.013861699585472554,0
15644,0.24981698727466797,1.369691166511603,2
15645,-0.12424243959364994,0.40176969878145224,2
15646,-0.213303607291746,0.1110178916621189,2
15648,-0.3232509817533581,-0.18823833630949005,0
15649,-0.9795098876069298,-2.2940666780117387,0
15651,-0.2490150469671837,-0.1080016539248702,0
15652,-0.3776051261002208,-0.2879866419927194,0
15653,-0.5850572593557257,-1.579807875793772,0
15654,-0.37604047204237023,-0.5805233582391814,0
15655,-0.22369687273918143,0.08846548332696348,2
15656,-0.12227687091163743,0.32624901924518207,2
15657,-1.0681156542258359,-2.2655655906496284,0
15658,-0.15742807815514134,0.21217707554833262,2
15659,-0.5556214802818358,-0.7867967180574958,0
15660,0.09027243968405146,0.41891968836312055,2
15661,-0.7705406627053482,-1.5206660376697394,0
15663,-0.6186977907780599,-0.9337339701390138,0
15664,-0.4109433845706881,-0.36473630537320323,0
15665,0.3692532036704204,0.7947793890638901,2
15667,-0.4963788458099883,-0.6643681845618677,0
15668,-1.0574009516892957,-2.268988541282009,0
15669,-0.23105710094213056,0.00862111044479827,0
15670,-0.548109758689441,-0.7157835990000284,0
15671,0.25720644806521187,0.314971463757403,2
15673,0.421105230248246,0.915075594529263,2
15674,0.23489352999193533,0.797375052313726,2
15675,-0.345156225170136,-0.3408984374926083,0
15676,0.7358065642895307,1.3420396063738933,2
15677,-0.21946682115350924,0.06049495438300285,2
15678,-0.5199855729713648,-0.724796310450471,0
15679,0.19809477210503362,0.9070763069684955,2
15680,0.08724707781942548,0.5132355532921501,2
15681,-0.16956585729512055,0.017167597378633832,2
15683,-0.5851485388573355,-0.8570882577182469,0
15687,0.44946505839646295,1.002479559087307,2
15689,-0.6404378868677437,-1.0234183454898373,0
15690,-0.38218540071449414,-0.37380583414544766,0
15691,-0.9444351891733433,-1.9333955340568556,0
15692,-0.5398598470222211,-0.7184105946373529,0
15694,0.5094978176768664,0.041506116946021104,2
15695,-0.35926949653364826,-0.25311547874923757,0
15696,0.4196317870616954,1.1598718980231786,2
15699,-0.43265644412955634,-0.40481480876529247,0
15700,0.02959365460999031,0.831639236722401,2
15701,0.4013561747004283,1.4585470428998328,2
15703,-0.7545342055548594,-1.3586611898311762,0
15704,0.24473729731296312,0.696312659064767,2
15705,-0.7196496931911709,-1.2284714601990805,0
15706,-0.08524784939901436,0.389205410130217,2
15707,0.19251381069254694,1.1369695900929127,2
15708,0.4638799164252126,1.0351985191318116,2
15709,-0.7119501432225576,-1.2309103254989484,0
15712,-0.10509404682748874,0.2175902467312383,2
15713,-0.42442710093833147,-0.4074445161198292,0
15714,-0.2577224475619562,0.09935192808938258,2
15716,0.16996159185645957,0.943200732356938,2
15717,-0.6823351516597095,-1.1179802569830302,0
15719,1.0643703463295298,1.6458127136682041,2
15720,0.12548002970793087,1.1727135909608437,2
15721,0.006508965716926903,0.7841820121313937,2
15722,0.09707934559885062,0.27523258020337926,2
15723,-0.26352003803960355,0.1766032763897935,2
15724,-0.5689565278142331,-0.7825190156263575,0
15725,-0.26137008211818324,0.04656055029968372,0
15727,1.0349684643987997,1.3455931455629935,2
15728,-0.8458870775908678,-1.4965381731230927,0
15729,-0.7728357041695338,-1.3527805094617529,0
15730,0.05850475261014544,0.6204710426806379,2
15732,-0.5005730309849424,-0.663033583107115,0
15733,-0.5976728865469689,-0.8530981645105241,0
15734,-0.23115360315528163,-0.18190094198972462,0
15737,0.012454380686790048,0.5221780661527109,2
15738,0.5869950435993643,0.09919195538098444,2
15739,-0.5685226891949373,-1.04633656430904,0
15740,-0.6106944474796365,-0.936282107313995,0
15743,-0.07357476807694072,0.5345046727482384,2
15744,-0.8692344577583098,-1.6936475254043322,0
15745,-0.02987141070592765,0.4894321032000586,2
15746,-0.32793849228480876,-0.05057990175449137,0
15747,-0.056307637280471966,0.4152888574031884,2
15748,-0.4416150694159951,-0.3548983483919709,0
15749,2.3233792559584687,-2.204589390870866,0
15750,0.6286481452845911,1.4801297514499148,2
15752,0.6942800011321414,1.5484732127697427,2
15753,-1.0467843490859208,-2.272359354635356,0
15754,-0.3354775243136924,-0.18429686015620275,0
15755,0.42521148285727484,1.069625541676502,2
15756,0.17294980174706318,1.3606978251208777,2
15757,-0.12130090781404783,0.2655271159028029,2
15758,-0.6217069633323459,-0.9328113879803254,0
15759,-0.7519965688169129,-1.3594866510942,0
15762,-0.20566048997930794,0.15805019189274425,2
15763,-0.04792780837417519,0.5108350128259784,2
15764,0.6372612567540237,1.1532752237953436,2
15766,-0.5464098037489806,-0.7897244165181422,0
15768,-0.31851118596330097,-0.1897425121985931,0
15769,7.852282993237534,-2.7371962279258146,3
15773,-0.5229966975020505,-0.8770272325959364,0
15774,-0.35603231217436204,-0.14175114945927342,0
15775,-0.6863423853423717,-1.1166865193325908,0
15776,-0.4346246252291367,-0.4041572694461904,0
15777,-0.3365629974372005,-0.43565648413288366,0
15780,-0.31005353424002535,-0.12186591442354651,0
15781,-0.3946652541987286,-0.3251903904558222,0
15782,0.025330088116804875,0.00842416302068445,2
15783,-0.4865436996517283,-0.6042538695269567,0
15785,0.24605814485920285,0.4169250428183072,2
15786,1.0922661826845677,1.4988803843333385,2
15787,0.24168699278083583,1.3156370848694632,2
15789,-0.2988323911969127,-0.15994376985831918,0
15790,-0.2773626695286295,0.10563900365249443,2
15791,0.09807958968394469,0.5807231373343007,2
15793,-0.582992362986661,-1.2722324090207848,0
15795,-0.1230018162039656,0.24505513878899915,2
15796,0.22247174200362818,0.6066722037336861,2
15797,-0.3666808179960501,-1.1112458038134523,0
15799,0.16453582744792447,0.8798917562154304,2
15800,0.1148638090844789,1.0865821045594342,2
15801,0.0071413147393726145,0.5387998775581602,2
15802,-1.1111549455380987,-2.251673326058129,0
15803,-0.5974904953291641,-1.0371268701984748,0
15804,0.7888567010692765,1.2188278587436512,2
15805,1.1008720273915436,1.354043355032506,2
15806,-0.2501439072642899,-0.2115384554587571,0
15807,-0.0859029833217429,0.3528090286812926,2
15808,0.5513405214995428,1.1368654936755886,2
15809,-0.26655593448959947,0.020022118344878118,0
15810,0.0614896245120155,0.5925577261090408,2
15811,0.3430114550526535,1.0212585966951009,2
15812,-0.01630145747986435,0.07293156578037649,2
15813,-0.07567764389701624,0.18606490072701154,2
15814,0.18406490568624378,0.5255537070850885,2
15815,0.12036385147464156,-0.048055919851253105,2
15819,0.31170392964944976,0.851778347058183,2
15820,-0.45330681462096645,-0.4477460073610286,0
15821,-0.10112820338862553,0.5122889539091662,2
15822,-0.23507012641789823,-0.08039345516350156,0
15823,-0.5983875010891122,-0.40119476657929454,0
15825,-0.37227790114069675,-0.33239192662479194,0
15826,0.1271350210550138,0.5437151973888273,2
15827,0.1437331919612445,0.6572579840086319,2
15829,-0.04891756466731659,0.2631813905808006,2
15830,-0.17216963610887376,0.19443185532578192,2
15831,0.07028792475109981,0.5621962811736896,2
15832,-0.05558262786625482,0.44904793103725094,2
15834,0.513761244802277,1.632694858157517,2
15835,-0.08598690960605217,0.3339206489557697,2
15836,-0.606823775031095,-0.8501722463293033,0
15837,-0.34184801683471255,-0.18224424530674124,0
15838,3.848824951515787,-0.7731013830366626,2
15839,-0.001443551431532251,0.4645005171876377,2
15840,-0.2955845152622309,-0.12639531684044444,0
15841,-0.06422092852877802,0.08842615090777138,2
15843,-0.6597265681499912,-1.0172312983489564,0
15844,-0.5666984791605558,-0.7831962249853932,0
15845,0.5382928169032912,0.7884179816936527,2
15847,-0.32679615368149356,-0.2634116212888412,0
15850,-0.0037607250096126643,0.8634947823861413,2
15852,-0.4033330277053057,-0.23901039168182614,0
15853,-0.3240974868606664,-0.02070449715222618,0
15854,0.36032931755305847,0.9171216295881583,2
15855,-0.0418851836081572,0.5244780689264712,2
15856,3.121220843155495,0.9816253358527225,2
15857,-0.46854975438928154,-0.6099891715087795,0
15858,0.35351430507310627,1.213357382568827,2
15860,0.1256753815665686,0.9925633110298372,2
15861,0.9026826456042195,1.8127880397034473,2
15862,0.21593640029403255,1.2382869068409053,2
15863,-0.46593464688727015,-0.3941367819368925,0
15864,-0.20845305043579831,-0.5785782974465591,0
15865,-0.16328558457044123,0.1444509988278604,2
15866,-0.21537768014739625,0.29562749529781174,2
15867,0.8698452212062681,1.7172620928773334,2
15869,-0.5181749703841313,-0.6573773509497653,0
15870,-0.05396068295197361,0.6565304895971844,2
15872,0.026229696700992174,0.9891968022631848,2
15874,0.7414385703439664,0.9392038060187976,2
15877,0.09413381089489553,1.1391044867919486,2
15880,0.0073717976524317105,0.9396477210904629,2
15881,-0.3161153186103335,-0.1199241602893741,0
15882,-0.33315275614253625,-0.22245370878728862,0
15883,-0.19210794812506995,0.26709078604208336,2
15885,-0.427235413048176,-0.40656899618557873,0
15886,-0.5393773017551595,-0.7185589306029663,0
15888,-0.5765049718256255,-0.7800890021606633,0
15889,-0.027244972242929138,0.7835382856243591,2
15891,-0.06140772598861061,0.5459145945001765,2
15894,-0.2592696653647487,0.12568695868880386,2
15895,-0.5684984502223734,-0.7826483788001867,0
15897,-0.43947818825999924,-0.4521356156469415,0
15898,0.0713226839866962,0.6424498661626811,2
15899,-0.8197126012347272,-1.5049376117000342,0
15900,-0.18585577558189878,0.30678635126664733,2
15901,0.059416779307237204,0.9875852743082277,2
15903,0.5341962883313871,0.11578563068781009,2
15904,-0.3183021047544206,0.007471170359835451,0
15906,0.20754168089611758,1.04097342752159,2
15907,0.2599050517404437,1.4145410773241067,2
15909,-0.6748873304868931,-1.1203641255747745,0
15910,0.41994966334474,1.5512061695458492,2
15912,-0.41230033405423355,-0.3642601931395181,0
15916,0.25743999181704075,1.1088558535437312,2
15917,-0.5592659841572316,-0.7122187659116611,0
15918,-0.26985820061048155,0.07664397647056398,2
15919,0.07710537201244623,0.9907392292989688,2
15920,-0.1680631662661729,0.46825888322474063,2
15921,-0.3513887243881768,-0.17918294725362244,0
15922,-0.547335706705805,-0.7894540289586669,0
15923,-0.4072602212212409,-0.2784730683554652,0
15925,-0.5450281496100253,-0.7167781050840107,0
15930,-0.38027198133368667,-0.2871832325644155,0
15932,0.4864559176317605,0.7672652618013588,2
15933,0.0675142728392544,0.5486947541253939,2
15935,-0.5246781535533517,-0.7233380340630094,0
15937,-0.6823080955841376,-1.117986450544558,0
15938,-0.48792043903731214,-0.6671025785045535,0
15939,0.8194231091589279,-0.4175832177701129,2
15940,-0.9629842881522499,-1.9274577876002026,0
15942,-0.47619456136794264,-0.6075824702610331,0
15944,-0.7064715183211934,-1.2327418505617591,0
15945,-0.943698129775413,-1.9336508271461679,0
15947,-0.08323880369324507,-0.09791884613371647,0
15948,-0.04611561467367745,0.3945986653676383,2
15949,-0.5045833438505286,-0.7296903706336282,0
15950,0.17162420023496122,0.7966608975078646,2
15951,-0.197805102552057,0.13108299429041662,2
15952,-0.02217855705611914,0.6055102561686639,2
15953,0.11856956697326014,0.5604294077666767,2
15955,0.7197038546249126,1.0440777454109271,2
15957,-0.20387085019469403,0.22717300537421325,2
15958,-0.6914336072006757,-1.1150704380772056,0
15963,-0.2991780352812487,-0.12531531657394365,0
15965,0.06587496361320164,0.8514690883349815,2
15967,-0.049991327208522646,0.7193422481999153,2
15969,-0.3826031202695662,-0.32913913834331654,0
15970,-0.5542739592834678,-0.7872280833066496,0
15971,-0.028330579651135303,-1.0357440619932414,0
15973,-0.8092272570069561,-1.5082864164575402,0
15974,0.6676883345140184,1.0872283719730844,2
15975,-0.3357802283399773,-0.18415985743395039,0
15976,-0.0036795387668118,0.8207556274749938,2
15977,0.010939349556788568,0.3220009808331364,2
15978,0.0014748729890678104,0.34349254179720873,2
15980,0.15199042908486635,0.11327984409469811,2
15981,0.3521769010620883,0.3015818386849329,2
15983,0.16620563583555625,0.7553648641193481,2
15984,0.6620064285083652,1.4820876936476475,2
15985,-0.1471270681868034,-0.07731811058256484,0
15986,-0.48487384035389997,-0.6047460377971581,0
15987,0.334274410766836,0.968360803568846,2
15988,-0.34191009252921145,-0.11160151614275919,0
15990,-0.07228181264742863,0.42043334065911736,2
15992,-0.8834956538536295,-1.6891248860081143,0
15993,0.808308910225182,1.8347384344332867,2
15994,-0.276568063243224,0.023192414237712712,0
15996,0.11631493672524489,0.9780577887104859,2
15998,0.863705329509137,1.912433875903995,2
16000,1.1066582885616882,-1.487240562467901,0
16003,0.31336519375271443,0.7080462635841116,2
16005,0.20341108868644847,1.4221470965578127,2
16006,-0.652946106063828,-1.019374747242228,0
16007,0.5193986887671003,1.5445210497447208,2
16008,-0.26684975213399464,-0.039051287515913434,0
16009,0.0016384986708060556,0.6385847307614017,2
16010,-0.09372651052548844,0.5857857665517423,2
16011,0.5361403230739016,0.8077542542237003,2
16012,0.16516331361018835,0.8093121648877147,2
16013,4.417699588609326,-1.400472703095861,3
16014,0.1142390190470535,1.1400454743833006,2
16015,0.2575493686996798,1.2504245363102315,2
16016,0.29271648026809977,1.2991966782443858,2
16017,-0.34864239746743836,-0.10949150626062706,0
16018,-0.3198162524315151,-0.11873539881525678,0
16019,0.5664209416345904,1.0662317641900727,2
16020,-0.116813187980243,0.24297451419840416,2
16022,-0.04463053404501291,0.6534479049778519,2
16023,0.053542343814795376,0.8757863325610282,2
16024,-0.08145459767711927,0.5673003322993581,2
16025,-0.2769225867247205,-0.06689507571223516,0
16026,-0.289528622343839,-0.0016952766861526834,0
16027,-0.3403786735208724,-0.7820401220438384,0
16029,8.971137628670347,-2.5850983025468532,3
16030,-0.2937333627617052,-0.06150737212039961,0
16031,0.05145505657091334,0.8865447725876637,2
16033,1.634641537233634,2.0015656224944114,2
16034,-0.40356865878733233,-0.4141083921769324,0
16036,-0.02097306373827825,0.45460944035060247,2
16037,-0.15792056634350013,0.14276768096468093,2
16038,-0.32924353291379893,-0.1862747115741609,0
16040,0.02919303804117946,0.4705694980556921,2
16041,-0.25256378142964003,-1.378173574371059,0
16042,0.06728548949541212,0.6176749973637582,2
16043,-0.20798142362208377,-0.02783621145283051,0
16045,0.11972609205755201,0.6399205229965182,2
16048,-0.6047172798075808,-0.9382220369528771,0
16049,0.4091589381716457,1.6849611848026846,2
16050,-0.5685295067803194,-0.8623356832470475,0
16052,-0.2412578307369089,0.09411102020895372,2
16053,0.29758052497426507,0.7025421925548068,2
16054,-0.004148362947884827,0.6666903561512669,2
16055,-0.6591491176283331,-1.0174222288353545,0
16056,-0.03554853208665327,0.623594172881353,2
16057,0.28889007760514146,0.9741313302284594,2
16059,0.24321057308156704,1.1206205762766195,2
16061,-1.0766307861106357,-2.262834133873583,0
16062,-0.0014452813791682316,0.3625353551323313,2
16063,-0.34683892682899276,-0.21803271192344695,0
16065,-0.05647571430209676,0.6963128950467167,2
16066,0.16129963561424276,0.6999716545042584,2
16070,-0.19155639564847804,0.024192346170701755,2
16071,-0.3825840689065017,-0.2864009007826577,0
16072,-0.3440319246183379,-0.21904396836114054,0
16073,-1.0609702173415534,-2.267864470867754,0
16076,0.25513240385757496,0.5965435735240583,2
16078,-1.0652389112193776,-2.266502378591081,0
16079,-0.23899734173879617,-0.4667809113554983,0
16080,-0.5904461176985721,-0.8553986583503027,0
16081,0.5603643907953308,1.3182567406865227,2
16083,-0.09660178287589583,-0.03436075327284181,0
16084,-0.21587506604761583,0.1851613018554326,2
16085,0.19748692546228305,1.1134585648063406,2
16086,-0.2359891571211877,-0.216192628461461,0
16091,-0.45593139881732303,-0.49933205121116125,0
16092,-0.13903148510099902,0.13680938161627687,2
16093,-1.0697572371546484,-2.265038311443471,0
16094,-0.04533684707088622,0.3398677519784285,2
16096,-0.5267944756137659,-0.7226198394347373,0
16097,-0.5922049436215295,-0.8548445403775252,0
16098,-0.05890461663293419,0.03544241208833665,2
16099,-0.23011219542116423,-0.05083317101794454,0
16101,0.10692676473079672,0.7055394267769146,2
16102,0.023705844674468856,0.17634047973038894,2
16103,-0.14634502354663698,-0.04771493186875976,0
16104,-0.3196513506018518,-0.05326573792288953,0
16105,-0.4804835781939981,-0.6694301419074699,0
16106,-0.7207636210198957,-1.22810114285479,0
16107,-0.07192643647418243,-0.6226016468501446,0
16108,-0.06872921550845727,0.34740099278853737,2
16109,-0.33595571504123883,-0.43565111658548744,0
16110,0.4581574888683493,1.7897871289112204,2
16112,-0.42130106636736997,-0.5658074772913212,0
16113,-0.30530820337061915,0.0033488550376862495,0
16114,-0.6560435980306947,-1.0184082956037364,0
16115,0.3888020895302381,1.3414785986318283,2
16116,-0.22754086032620258,0.089646026564804,2
16117,-0.30613836556229,0.0035780799759737203,0
16119,-0.4680031277026595,-0.6102237503956572,0
16120,-0.14983982857322284,-0.17310930150398432,0
16121,0.2640583674862354,1.3868321061919926,2
16122,-0.16201005671440066,-0.16895200547733874,0
16123,-0.45422091015344046,-0.4998713939420225,0
16124,-0.575486121175766,-0.780434540400246,0
16125,-0.5140837995134213,-0.6587433264066561,0
16126,0.6444077121111104,0.2729120836046718,2
16127,-0.16909921365587138,0.2160275062956798,2
16128,0.19492540315479953,0.677304390941236,2
16131,0.3606700319842168,0.33215784182420155,2
16133,2.612177315363159,0.8742322705833019,2
16134,-0.21065180782688345,0.0842806741130555,2
16135,-0.36273205072649417,-0.2927938888184751,0
16136,-0.18252329653770116,0.10111162961760703,2
16138,-1.0748286851131645,-2.2634167086047383,0
16139,-0.29113093188831046,-0.16252536936043985,0
16140,-0.15683064160664678,0.040593432878787826,2
16141,-0.25876925666180634,-0.011643274692616666,0
16142,-0.18497178971039657,0.15150756717383337,2
16143,0.2254088846550886,0.6553926252628243,2
16144,-1.057375197775867,-2.269044522872486,0
16145,0.7974618663576661,0.9995763001135901,2
16146,-0.25900569053094274,-0.13819226419558,0
16147,-0.357232844052928,-0.25374494418846133,0
16148,-1.0574009516892957,-2.268988541282009,0
16149,-0.4069282176773834,-0.41296616380235357,0
16150,0.24676252511702748,0.8239028259831396,2
16152,-0.11025275521040787,-0.08940375893260098,0
16153,0.2094249115116579,0.6962225089170282,2
16156,0.4168359864527747,0.9331116807349089,2
16157,-0.47303625554078205,-0.7398377049204048,0
16159,-0.4747364650861453,-0.6080504327672906,0
16160,-0.19872875587138691,-0.3877020949426391,0
16161,1.0494142671795055,1.6319136101375744,2
16162,-0.962381395268044,-1.927651836975297,0
16163,-0.7319372844615863,-1.3659440901646607,0
16164,-0.24299395700806578,-0.10998812054490294,0
16168,0.4040472747379456,0.3504129879035558,2
16169,0.22093804546631834,0.6075654268214645,2
16170,0.3947592839561236,0.9153234637147167,2
16171,-0.8799298939809981,-1.690271651083688,0
16172,0.005828975687133383,0.39547479645307776,2
16173,0.07439449617178717,0.6414619311716365,2
16174,-0.2840942348759251,-0.405309491754317,0
16175,-0.07693197996431209,0.29201469496092397,2
16177,-0.47920403551636775,-0.5474965067565754,0
16178,-0.6435996731127893,-1.0223877081118906,0
16179,-0.5647746133177945,-0.7838479482743775,0
16180,1.6295713493192432,0.39092301701995874,2
16181,-0.5497847947988128,-0.7886486832873434,0
16182,0.5999324320670567,-0.785115023174626,0
16183,-0.47605512622803653,-0.5484991533392837,0
16184,-0.2053110024575868,-0.15543724734186218,0
16185,-0.2545931867318294,0.01616251653511017,0
16186,0.6947115746396317,0.6400021531790359,2
16187,1.3768012726243182,0.9755756978724197,2
16188,0.0505730038674871,0.5823242147723056,2
16189,-0.6083256511684378,-0.9370631986354054,0
16190,-0.7100049634488135,-1.2315672370557353,0
16191,0.7296166226715273,0.39226375430881205,2
16193,-0.4033165822282618,-0.3671354841673451,0
16198,-0.46867203319252315,-0.5508723089204736,0
16200,0.23804997581076345,1.2749388778685675,2
16201,0.22333159541683795,0.6442063207683195,2
16202,-0.41685465635314706,-0.40985675838531116,0
16203,-0.28512684001006744,-0.09651312133194112,0
16204,-0.17587072272632792,0.3237310812668869,2
16205,0.0243323214541909,0.6955799096955544,2
16206,-0.11782803876600419,0.43501178937422635,2
16207,-0.408159146716465,-0.3656372316859845,0
16208,-0.05683268805361929,0.5592862132235289,2
16209,0.06565750828936721,0.07112951380381884,2
16210,2.708537722292456,-0.15384493196552212,2
16211,-0.34556114662642823,-0.2185385456688418,0
16212,-0.17887874030093848,0.2191192036742701,2
16213,-0.7203657333854363,-1.2282518960908455,0
16214,-0.14916218677986842,0.11545495532845704,2
16215,-0.5024382954945603,-0.5992074473446879,0
16216,-0.1780997880728272,0.14914305085925295,2
16217,-0.5050794218250308,-0.5983774644449521,0
16218,0.3680355331328304,0.34625441387665523,2
16221,0.11642301955271388,0.8557615194910962,2
16222,0.1290891881791386,1.112828783714381,2
16224,0.20996845863225594,0.8258626920019065,2
16225,0.15436045460813794,1.0173320938393788,2
16226,-0.6917308078999821,-1.237386316102411,0
16227,-0.7023673317668038,-1.2340362946890495,0
16229,-0.1044117016039099,0.3204523763772032,2
16230,-0.23022368315170788,0.036614232958244765,0
16232,-0.24180144906066173,-0.2142821710803683,0
16233,-0.3650505298343326,-0.2512866104935957,0
16235,-0.13913105313579252,0.2500540196733768,2
16236,-0.3857202310355155,-0.3280769894570408,0
16239,-0.4123368957617253,-0.41129426177868283,0
16240,0.5720068364417347,1.022371917419196,2
16241,0.7205127381303932,1.8921003678098436,2
16242,0.7085402126908708,1.31654583775509,2
16243,-0.16718849047543802,0.39735516252463987,2
16244,0.18504971097458114,0.8133011076517647,2
16245,0.16806092808414194,0.7324838737279157,2
16247,-0.4683181565321282,-0.4953038904664547,0
16248,-0.6809654894066719,-1.1184162269535358,0
16249,0.14976972430675142,0.5777966288389776,2
16250,-0.3615287086225033,-0.2523885352943118,0
16252,-0.48221107489283327,-0.2544815889744418,0
16253,0.7601712226958701,0.8724795590334976,2
16255,0.5382057563647056,1.160423715653893,2
16256,-0.41246125388757343,-0.6912098819077327,0
16257,-0.9618874721411135,-1.927813212119266,0
16258,0.8561802914872332,0.8091157550168079,2
16260,-0.34465659314915614,-0.4330944885779821,0
16261,0.06848546879783282,0.9482362739086763,2
16262,-0.8926996552409439,-1.6861681817413106,0
16265,0.9244708061274197,1.1423025238371156,2
16266,-0.11664295849005482,0.28456643937590637,2
16268,-0.10723512737360741,0.3018109538719947,2
16270,0.0015072999951774523,0.4307819407260159,2
16271,0.20502912138346382,0.8273803147293415,2
16272,-0.32473852588891045,-0.15175107047801434,0
16274,-0.09579559119403713,0.6150946979706714,2
16275,-0.22499094067078662,0.06229523274418037,2
16276,-0.6133572071872483,-1.2625285370295523,0
16278,-0.35230955594741803,-0.2163943956458084,0
16279,0.2536470852041694,0.9430107435244154,2
16281,-0.18514431103281503,-0.5337504139476118,0
16282,-0.5665053266091349,-0.7832756864285747,0
16283,0.31381464129559444,1.0308342162298845,2
16284,0.07773877547874614,0.8373496942854604,2
16287,-0.6187257326789517,-1.0302552345867264,0
16292,-0.4386011792694053,-0.4524489159784639,0
16293,0.30018647218856664,0.910260129727178,2
16295,0.10693118272556126,0.6311733941702776,2
16297,-0.3867485604842942,-0.2850546235402972,0
16298,-0.34587017109681195,-0.25745906362612375,0
16302,-0.5599750041663543,-0.7853697583459941,0
16303,0.8291629243243475,0.8808499822415097,2
16305,-0.3569198519201223,-0.2538376168148603,0
16306,-0.1795288093305256,0.12531513517228665,2
16308,0.2890758634243845,-2.6975245044913474,0
16309,-0.1527122208291876,0.18818940965238268,2
16311,-0.19678320684461764,0.10568236033648067,2
16313,-0.45769654860245845,-0.4987520608967135,0
16315,-0.5079283878615394,-0.5974573151094815,0
16316,0.45814056277458415,1.0149790627327706,2
16317,0.09154867085804144,0.5551581132557213,2
16318,-0.40507789012228007,-0.36658311683391925,0
16319,-0.8458796218008398,-1.7012384148711366,0
16320,0.008946887541642282,0.4611943069509162,2
16321,-0.6745958815174282,-1.1204753638214735,0
16322,-0.3015983210592696,-0.05900907739591813,0
16323,-1.049827392790153,-2.27145560776226,0
16324,0.04313568847173372,0.9747602871054432,2
16325,-0.4718192891985114,-0.6090547556449196,0
16326,0.4339727132441603,1.265201922603045,2
16327,0.7453926405460375,1.0688075092324985,2
16330,-0.23525598113265028,0.21460144817258056,2
16332,0.2722429570861699,1.1041061625728368,2
16333,6.175972155371491,-3.1029845295374825,3
16337,-0.5949900087994395,-0.8539441976111944,0
16338,-0.5655798657432871,-0.7835918850579622,0
16339,-0.47798418722914954,-0.4398594794313196,0
16340,0.1413683727240383,1.1388441116609516,2
16341,0.1970296896807679,0.4631936325376848,2
16342,-0.5708609416360386,-0.8616849589277142,0
16343,-0.3004912745926303,-0.028301762391106582,0
16344,-1.0631566490567415,-2.267173820505968,0
16345,-0.21622710614191104,0.11187788663872227,2
16347,-0.040673510569062335,0.5540691583571108,2
16348,0.3219644691696822,1.295742928986637,2
16349,-0.639616062664182,-0.9270541566056902,0
16350,-0.09471758230142337,0.21428344808946936,2
16351,-0.6477805801744022,-1.0210395281481968,0
16352,-0.27791405337438724,-0.06660689702966754,0
16353,0.6299387918339585,0.17727156647982933,2
16354,-0.22869837411485625,0.18925059456662752,2
16356,-0.41715945526525183,-0.3179917569548221,0
16357,-0.2460062900950582,0.013374670997104345,0
16358,0.27189652293054645,0.7215507763397729,2
16359,0.010001842438604927,0.13617431172111538,2
16360,0.8899995165521949,1.884145954082671,2
16361,0.06730283370278842,0.8406238094674021,2
16362,-0.07581248730357394,0.5198885866152572,2
16363,-0.7649193367373749,-1.3553158474835976,0
16364,-0.1239015190707835,0.36496451556257564,2
16365,-0.039924435126834946,0.2800263910020108,2
16366,-0.4105934615140229,-0.4118255330081597,0
16367,0.18368288912974318,1.1179270257190153,2
16368,-0.09696803051305775,0.5266740380973965,2
16369,0.22096811960729665,0.8322636460213478,2
16370,0.26414244900596007,1.229145322376691,2
16372,-0.017090617788448365,0.8571962820643937,2
16374,0.045764880857076806,0.9829241098347885,2
16376,0.15907562791516291,0.9732787013421145,2
16377,-0.5097201512659814,-1.4365831917393654,0
16378,-0.3551922023174317,-0.2543867622520697,0
16379,0.31166682345613256,0.7624694584114668,2
16380,-0.0129967910936499,-0.1512881753535122,0
16383,0.032017532962039665,0.7760029515171628,2
16384,-0.23393080295717592,0.06512059337827066,2
16385,-0.11838844296503341,0.43518104021022513,2
16386,-0.047195733585067415,0.7549098399783004,2
16387,-0.8158699894916788,-1.506175578145142,0
16389,-0.030369820071246653,0.00013982639954272276,2
16392,-0.21617706643272838,0.25325810770619095,2
16393,0.48155526076483335,1.0074607293236797,2
16394,0.2904680761926427,0.44870083981191283,2
16395,0.41149843690117494,1.2257788020661746,2
16398,0.13600606516573024,0.6841479761275366,2
16399,-0.05941834550793873,0.6582352470855444,2
16400,-0.3119739910091277,-0.0557050886202847,0
16401,0.7581440334340959,0.3969968721783731,2
16402,-0.141281897161234,0.49301724407552766,2
16403,-0.5918640517157251,-0.8549411263127084,0
16404,-0.3531528738992044,-0.21608092379791644,0
16405,-0.8487251807499846,-1.7002206509907576,0
16406,-0.1568572020195155,0.4980276763516354,2
16407,0.29602722723389524,0.88457524428523,2
16409,0.4226153838961665,1.1911387019097321,2
16411,-0.22677645078920564,0.25662505682521514,2
16412,-0.37053532600479855,-0.13708310738247037,0
16413,-0.30108660144799254,0.0019602874385046512,0
16414,-0.7671402213200981,-1.3546191653594597,0
16415,-0.19670251859507543,0.3304314462264843,2
16416,0.014972988530112964,0.5214242834426724,2
16418,-0.009469773461396658,0.7427777940809472,2
16419,-0.15771965179931602,0.11822732935338194,2
16422,7.352394116804049,-1.6585912268431506,3
16423,-0.41280042895772634,-0.4111342009510001,0
16424,-0.7217252221481322,-1.2277834729685377,0
16425,-0.38177296790711085,-0.28664694070189367,0
16426,0.4960992406077726,1.5096062533025716,2
16427,-0.6311253500770845,-1.0263675865831843,0
16428,-1.0744191167046482,-2.2635491119527282,0
16429,-0.941415547501751,-1.9344253225931634,0
16430,-0.7008165829691124,-1.234524848467341,0
16431,-0.09132971378533784,0.4091088916156154,2
16432,-0.6100283180668407,-1.0330856158538617,0
16433,-0.45833977133595183,-0.44613769879015314,0
16434,0.1704560108265057,0.8179380453917225,2
16438,0.023602255307761364,0.708089678258969,2
16440,0.7240000999116604,1.3214588685050346,2
16441,-0.36724984669310506,-0.2505688176897182,0
16442,0.2103816462857808,1.3544515628923819,2
16444,-0.012432088906784763,0.669389555096372,2
16445,-0.12010755672317992,0.5942366660594333,2
16446,-0.8888603036714241,-1.6874033922533413,0
16447,-0.258747720316433,0.09971315843287727,2
16448,-0.4347021609584406,-0.35711099491753356,0
16449,-0.16239837976522895,0.21389192823584108,2
16450,-0.5423417247094998,-0.7910139959759814,0
16451,-0.4981147603843445,-0.6005915234357241,0
16454,-0.9664009160029619,-1.926354127224418,0
16455,0.1663378676065887,0.5990759531915835,2
16456,0.25410911214104487,0.7047849106294048,2
16457,-0.608043818982159,-0.9371492020199435,0
16458,0.3948031890220689,0.2708923596519191,2
16460,0.22867156573710962,1.1398606615904678,2
16461,-0.31681737410685124,0.03609764710135725,0
16462,-1.0639479843432145,-2.2669231073565315,0
16463,0.16843688009339952,0.6618400940773583,2
16464,0.32500898379034776,1.2653719023762766,2
16466,0.22244563479602192,0.9440947129099976,2
16468,-0.9554168730041467,-1.92988031796956,0
16469,0.1630343535855839,1.2928329590981003,2
16470,0.15524009741577013,1.104541636775341,2
16471,-0.5169899577634633,-0.6577893702458296,0
16473,-0.42040721998113667,-0.4087048983322614,0
16474,0.4699262846471218,1.6239539851686478,2
16475,-0.32150255842659536,-0.22617482690074553,0
16477,0.4066177070008894,0.9531045034123423,2
16478,-0.46068311511386134,-0.553374083790078,0
16479,-0.26472070933121805,0.12739638454876814,2
16480,-0.07749520565316909,0.4046475999181201,2
16482,-0.40635614907803724,-0.4131187614565796,0
16483,-0.4428905145613341,-0.35449113448520975,0
16484,-0.331709625807954,-0.14952301608962318,0
16485,-0.19933533512096513,0.24784252604383125,2
16488,-0.21696680295432655,-0.08594881347642824,0
16491,-0.14716573901175228,0.1864074321048093,2
16493,-3.847059266563301e-05,0.16204663455845672,2
16494,-0.062410219910555884,0.3264997235880544,2
16495,0.0056855605717170575,0.7614524128268386,2
16496,0.23401975474922457,0.83801790926159,2
16497,0.48012297508663326,1.0590151529885725,2
16498,-0.5069822180228589,-0.5385616096059753,0
16499,-0.4039235969695448,-0.32224505295406547,0
16500,-0.622793360540939,-1.0290891959485242,0
16503,0.07876081558113575,0.6528827549040205,2
16504,0.010155351107515897,0.7366292060957585,2
16505,-0.6832015117375793,-1.5486112875252716,0
16506,-0.8759339972238553,-1.6915481077900392,0
16509,-0.5166440932788436,-0.657966706670511,0
16510,-0.5220763794170441,-0.6561867547746715,0
16511,0.18361417846313827,1.2025215047563724,2
16513,-0.18897455183174214,0.05071244500875055,2
16515,0.19215027671724177,0.8212351898193871,2
16516,-0.7236176246803554,-1.227192129976341,0
16517,-0.46154759298014997,-0.4451091993001621,0
16518,-0.2105187695386876,0.13520917772850044,2
16519,-0.530259867320255,-0.6535735733014026,0
16520,0.2031989329230398,1.1549107056359442,2
16523,1.451369024185779,0.8980216616666364,2
16525,1.805527678719614,0.1493244310045919,2
16526,-0.48102488660506143,-0.5468985095868009,0
16527,-0.5033204894727643,-0.5989205538268247,0
16528,-0.4440412060481061,-0.45070475671395394,0
16529,-0.2780643518618011,-0.005439687094677086,0
16531,0.10311110906183386,0.6062483415944513,2
16532,-0.12254326334966682,-2.197438545111015,0
16533,0.15768427057558598,1.0409686852109732,2
16535,-0.23548193885095048,0.010066018219971115,0
16536,-0.13657539051120043,0.38757699257655104,2
16539,-0.1142353645236561,0.10421248355462885,2
16542,-0.7649439599631055,-1.3553129934015973,0
16545,-0.8503471448797147,-1.6997890690323845,0
16546,-0.3869883265820081,0.05848348153124058,0
16549,1.0276340345868447,2.021246557608679,2
16550,0.5055200410780167,1.271223013936989,2
16551,-0.1653190247070272,-0.16801675583612305,0
16552,-0.4260361858399778,-0.45648448694055344,0
16553,0.9756978802028051,0.2582586398605411,2
16554,-0.10364600376479535,0.43046027681944515,2
16555,-0.47144287836220833,-0.5499374171425648,0
16556,0.6110068131788098,1.1244275682386393,2
16557,-0.5576365568517354,-0.7861452935853859,0
16558,1.6748315868225545,1.3368547240855604,2
16560,-0.05737403730357019,0.43281537133595344,2
16561,-0.2755905887344549,-0.03629281996838576,0
16563,-0.3022976249207407,-0.39956520043212923,0
16565,-0.8685256911031349,-1.693939626135893,0
16566,-0.43494095601915406,-0.6208089627213625,0
16567,-0.09706916105137196,0.048105999342624925,2
16569,-0.757792510767526,-1.357584883259613,0
16570,0.46918304042663417,0.5150951768015207,2
16571,0.1627054967846385,0.651408940494073,2
16572,-0.11112147247469496,0.19746089187565852,2
16573,-0.16527195265372818,0.21481662835960505,2
16574,-0.2647118947541811,-0.0707761127770791,0
16579,-1.0782699689370867,-2.2623135875595395,0
16581,-0.6219365267626868,-0.9326733508127661,0
16582,-0.6909757929870365,-1.2376542217642066,0
16583,-0.5021580933950457,-0.5992920727626874,0
16584,-0.22482586264874638,-0.18370060523673518,0
16586,-0.6216623618289756,-1.029478647883775,0
16587,-0.5269840000121536,-0.6546181132751344,0
16589,-0.24477003297684125,0.013078841583442455,0
16591,-0.5965066076437835,-0.853493064661676,0
16592,0.817156019554115,1.0459094356450702,2
16593,-0.3574474368829652,-0.17726346117489694,0
16594,-0.17199612866519304,0.46950052781201074,2
16595,-0.0005564980080882624,0.8197970855387106,2
16596,-0.5409291562301156,-0.7180998043781068,0
16597,-0.6708351757190366,-1.121600901122489,0
16598,-0.5982888119384178,-0.8528922430499752,0
16600,0.020436687473894044,0.35575505011826447,2
16601,-0.3135814247773448,-0.0241057822215058,0
16602,-0.2664082865108338,-0.03919910844392557,0
16603,-0.20284770352283105,0.08186247296417538,2
16607,0.715391062825522,1.0658030935345464,2
16609,0.8805209341434413,1.1048501485452036,2
16610,-0.7245972468185665,-1.2268686343427775,0
16611,-0.6033635610048117,-0.8512721260438979,0
16612,-0.051701760734892466,0.3418172943498863,2
16613,-0.25098782575896944,-0.014112014074668663,0
16614,-0.3070890535385754,-0.12282170479685725,0
16616,-0.2411084750309667,0.011896852358706515,0
16617,-0.7558159500017668,-1.358225558523305,0
16618,0.32049871938757696,0.6721050969313319,2
16619,-0.5019416939116903,-0.5993467113737886,0
16620,-0.6179492470909511,-0.9339912738157766,0
16621,-0.3132414619663054,-0.26791861521314664,0
16623,-0.765147982338636,-1.355252995006324,0
16624,-0.10787090463497806,0.2818072410585432,2
16625,-0.36115168760943595,-0.21348914793964963,0
16626,0.6746942661599306,0.6356970311868633,2
16627,-0.39785346568053753,-0.3241733364454138,0
16628,0.26076595279038717,0.6912790646987239,2
16629,-0.06849288627796804,0.517671265394016,2
16633,0.4073141224297587,0.9848475426135992,2
16634,-0.6156245859254328,-0.934747885337846,0
16637,0.08198568845213534,0.5860629089601943,2
16638,0.2668791243506433,0.8275339998286415,2
16639,-0.05363167163643051,0.3424386338661748,2
16641,-0.5195655854664089,-0.7248708100522632,0
16642,-0.2026440596795595,0.02779458502355905,2
16643,-0.29229913648504335,-0.09418768707677128,0
16644,0.0323945407052884,0.5455449703887536,2
16647,-0.5368207839360715,-0.7193862406542652,0
16648,-0.3996783862803243,-0.3682690730468647,0
16650,-0.3051065941199787,-0.19396610660900684,0
16652,0.9110800434018426,0.43573192874095773,2
16653,0.06517806420279477,0.6049498457484469,2
16654,-0.26353178092360374,-0.04016049862662728,0
16655,0.8155630980726742,1.3942287594752054,2
16656,1.443847690270064,-1.2209312062018454,0
16657,0.32616912907284346,1.3004504259401926,2
16658,-0.657500866988805,-1.0179397495510283,0
16659,-0.9524365176021156,-1.9308089022505264,0
16660,-0.37253182883807,-0.5260403248510279,0
16665,-0.6256985187993054,-0.9315108047130582,0
16666,-0.28390853339638955,0.053856886777321686,0
16667,-0.12055114427313743,0.435861466118388,2
16668,-0.5743234137829902,-0.9478986979931686,0
16669,0.2979620916764003,1.2055773524412088,2
16670,0.8180638878166451,1.2564675269644385,2
16671,-0.6246119064115842,-1.7720854479790211,0
16672,0.6563190125212376,-0.5401588410772775,0
16674,-0.008961283763482738,0.8857006939698429,2
16676,0.11363696279985479,0.6912823403159493,2
16678,0.5398886788583681,0.7500402771519586,2
16679,-0.874576793947342,-1.6919979210761822,0
16680,-0.5913062932251555,-0.8551290948509892,0
16681,-0.12644185933454005,-0.5027052252379323,0
16682,-0.2859414453659178,-0.6091693327821103,0
16684,12.53719625162916,-2.8566513815171253,3
16685,-0.07993350435375318,0.5518847989672286,2
16686,0.8671892309684167,1.9888617620165923,2
16688,0.018162857917978618,0.39150202403520323,2
16689,-0.5066006244675536,-0.6611250080359833,0
16690,-0.5830646056735855,-0.85775683583394,0
16692,-0.8395850216436058,-1.9672229228905274,0
16693,-0.1040564143605957,0.5289246894866754,2
16696,-0.6297983705604067,-1.1348994243972448,0
16697,-0.43452323052243264,-0.3124337923746655,0
16698,-0.5451715201866946,-1.5930083097939434,0
16700,1.0855816972672432,1.0631635247773072,2
16701,1.2854446919399767,0.5690764385041199,2
16705,1.9792919164281073,0.6263233564952047,2
16706,0.07046987560807312,1.0358629448459202,2
16708,-0.2761390743687098,-0.09939821992471326,0
16709,0.2242141121830418,0.5122374646155369,2
16710,0.6966871279648106,1.6638157796501991,2
16711,-0.21897215776577394,-0.4732809395996546,0
16712,0.7678671200639362,1.6094954003905986,2
16713,1.4674326827559376,1.6316922365573698,2
16714,0.058539349434063075,0.7328953683931312,2
16715,-0.3433727825959357,-0.3861538607646772,0
16716,-1.0414935439348854,-2.274154841206036,0
16717,0.6156770018265822,1.3159627676800767,2
16718,-0.15468114080926793,0.23355330017379064,2
16719,0.30381757311255025,0.9612137229298487,2
16720,-0.3522774467629987,-0.14288586170432177,0
16721,-0.2409102322525696,0.16937833373556496,2
16722,1.065182261761962,0.6112882482707039,2
16723,-0.18506864433968484,0.1515184538884425,2
16725,0.09889261778399935,1.0433935763777675,2
16726,0.268606058964033,1.0758075144458104,2
16727,-0.21793111671157248,0.2537962148353017,2
16728,0.3595221645859514,1.583108545533258,2
16729,1.5965955934093894,1.2560901574154573,2
16730,0.08201964841986126,0.70173065387758,2
16732,-0.26650907229405674,-0.0702793786543012,0
16734,-0.1419063909682566,0.2926883799698488,2
16735,0.3367092691035539,0.7648332771352004,2
16737,-0.9983033767974067,-2.287909511277116,0
16738,-1.073293589970566,-2.263909562940418,0
16739,-0.5056954700978629,-0.6614167710818943,0
16742,-0.8571924346307545,-1.493015335456284,0
16743,0.40558269285932097,0.7532351342963975,2
16744,0.37227788851801097,1.4912037747302749,2
16745,1.6281494063658735,0.8246872579920935,2
16746,1.4140424102281983,1.3103136945514615,2
16747,-0.16064416144612279,0.06830165743582088,2
16748,-0.005688327352198699,0.2073850350284767,2
16750,-0.026585019455157503,0.724102085361374,2
16751,-0.10800541287926552,-0.2571232402318949,0
16752,-0.6205134236818401,-0.933191272864342,0
16753,-0.26598177952748375,0.10202451906438481,2
16754,-0.1849232944503902,-2.1753459587143498,0
16755,0.3195650055077993,1.1523495291586612,2
16756,-0.5207705607145154,-0.6565969797040118,0
16757,-0.6843100004700053,-1.1173324761544117,0
16758,-0.36389605495807653,-0.2516274857086633,0
16759,-0.11845866150581592,0.19989920180367268,2
16761,-0.48056376354649805,-0.6693948589666522,0
16762,-0.03801670208454583,0.39190645003404445,2
16763,-0.3175019023990792,-0.22746899115705657,0
16764,0.5699138718367482,1.47706689848354,2
16765,-1.0706715248323755,-2.2647563608211025,0
16766,-0.31759707790028074,-0.49127040460019517,0
16767,1.168724344069395,0.9712609429794686,2
16768,-0.1623759055485154,0.358404276195622,2
16769,-0.2781460054299033,0.07926109603409404,2
16770,0.133879348947684,1.080530162278069,2
16771,0.5521545900456951,1.4428179086451351,2
16773,-0.3733706942010182,-0.20953308798369574,0
16774,-0.19727502278899783,0.13092184459587602,2
16775,0.12664618840501443,0.7896250732964428,2
16776,-0.09220038602853362,0.5706524872305707,2
16777,-0.21159619474245342,0.33514748780109377,2
16778,-0.4558262218299455,-0.49933201234238594,0
16779,1.7029035337009972,0.8760145276460107,2
16780,-0.13259595822178924,0.4223028769910843,2
16781,-0.4485764386793934,-0.4492896880338018,0
16782,0.2615750719142338,0.93136939361301,2
16784,-0.8771120633304068,-1.691182586117858,0
16788,0.14832962129329588,1.2338664188133965,2
16789,-0.7701423168201719,-1.3536444070529616,0
16790,0.19016879985840401,0.8116777196750091,2
16791,0.423933202106175,1.5623558303730016,2
16792,-0.5813421057201207,-0.778538892271248,0
16793,-0.4629187013615686,-0.49708003691962716,0
16794,0.2921401562498439,1.2139363490916408,2
16795,-0.07822522153469547,0.6094878175192048,2
16796,-0.4224616888000833,-0.40804839831706313,0
16800,0.2451033752072685,1.2665267358786694,2
16801,-0.002486831469646847,0.6915855524478545,2
16803,-0.33866275442537436,-0.18322630596450498,0
16804,-0.08853604006019895,0.5393685143509952,2
16805,0.06986396062878376,0.9101428159675409,2
16806,-0.0170010414694648,0.6446019235969532,2
16807,0.027021456768183582,0.47135151060920294,2
16808,-0.38337522408183594,-0.28613152386399704,0
16809,0.07726987998890059,0.7501299108546063,2
16810,-0.46521583935010513,-0.49636636295108194,0
16811,-0.26711965049696856,-0.13552667140787975,0
16812,-0.4691484265666576,-0.5507591507004727,0
16813,0.5628555253773557,1.6359029130916367,2
16814,0.9368531808611491,0.8687616364708696,2
16816,-0.2880011169979421,-0.0633681245571838,0
16817,0.1268508260163534,0.6991188939861183,2
16818,0.6977424804927829,1.2586548132451505,2
16820,-0.2956810665275081,-0.12643814118076205,0
16823,-0.26260900801905107,0.10088908237357512,2
16824,-0.34032208717130163,-0.22016157117847046,0
16825,-0.2259146764691866,-0.11539539602774879,0
16826,-0.3726480811203974,-0.24883646686041025,0
16828,-0.6543306519563611,-1.0189484327546856,0
16829,-0.5662990269342918,-0.7833551430131594,0
16830,-0.34732138204048496,-0.21787504407322192,0
16832,-0.5756565671286683,-0.7803862474326543,0
16833,-0.07896421758466733,0.31232965545047114,2
16834,-0.31572272188489725,-0.19054608877316204,0
16835,-0.5962975640180416,-0.8535436233062205,0
16836,-0.5523068106291462,-0.7878223148795174,0
16837,0.51007547760976,1.01319443424758,2
16838,-0.3269299380572688,-0.18707114661965502,0
16839,2.491364902025599,0.3330540600805879,2
16841,0.44081897055518376,0.8569123290585522,2
16842,-0.03575348959659233,0.2788380153110202,2
16843,2.4846290140977922,0.9371110169501577,2
16846,-0.5597079573771317,-0.7854552369757368,0
16847,-0.5483138301861912,-0.7157286907236341,0
16848,-0.48799217915033954,-0.6038111418828602,0
16849,-0.6584011556588132,-1.0176546654641723,0
16850,-0.3975201245048427,-0.36898380575370143,0
16851,-0.42159276202715756,-0.45787668409592797,0
16852,-0.6253520484863104,-0.9316253630048972,0
16855,-0.41010358103522143,-0.3649882201142124,0
16856,-0.9613918124981095,-1.9279649366388683,0
16858,-0.6049962775375679,-0.9381829038650352,0
16859,-0.07794728590472565,0.38714401923016284,2
16861,-0.6417653064915263,-1.0229475245314748,0
16863,-0.29481162515811793,-0.16128273017362313,0
16866,-0.5942390813837091,-0.8542099308863638,0
16869,0.15178234273083416,1.0510186767882637,2
16871,0.44847063123272773,1.0902217565663743,2
16872,-0.6391658810027436,-1.395502485085923,0
16873,1.254970170803631,1.1163336702336653,2
16875,0.27069423015629224,0.8456491062665975,2
16877,0.13366037854210436,1.040530457458674,2
16878,-0.8893862058816983,-1.6872350830608154,0
16880,0.2507841083223767,1.08139956184069,2
16881,-0.9521408245805789,-2.3025672120272462,0
16882,-0.1571121403351358,0.18957690393748203,2
16883,-0.282125183789038,0.08056703908553306,2
16884,-0.29935806526985725,-0.1252383953316047,0
16885,-0.01898979292621828,0.8146314631119926,2
16887,-0.26582282539596713,0.12779862543146883,2
16889,0.2633235274904933,1.0071687351938052,2
16891,0.2037210061855081,1.3843503234543153,2
16892,0.010589766083960301,0.8691695249110503,2
16893,-0.22373310364262838,0.3189001016974858,2
16895,-0.14733252429589896,0.527131208396634,2
16897,-0.26385354952718476,0.17669832741785943,2
16898,0.17004120537657,1.3089635369113868,2
16899,0.09104332762786443,0.7569664733350275,2
16900,0.028259056270038444,0.7660351713217054,2
16902,-0.020108530470720472,0.23293155825587405,2
16903,-0.1459209691382409,0.4087701728122346,2
16904,0.9146063169623396,1.9296679702933308,2
16905,0.45857543140063795,0.9841710871001212,2
16906,-0.024790708669229746,0.723563728001358,2
16907,0.0573339567339239,0.8643584355312034,2
16909,-0.3819123860132371,-0.4209459381877183,0
16910,0.5281619333724941,1.8739529938304336,2
16912,0.2911502013973905,0.7893875439423357,2
16913,-0.6522482178694562,-1.019602059253496,0
16914,-0.359557672363121,-0.14059021261111407,0
16915,-0.1630863562921122,0.33926215671158,2
16916,0.14618843632242642,1.1732335647595775,2
16917,-0.579776292507972,-0.9462091029953289,0
16918,0.15024715178381623,0.9128338487589661,2
16919,0.47611965335640843,1.1484318910475093,2
16921,-0.1764509596879412,0.4185606215287694,2
16923,1.2552989640218255,1.6350099049232434,2
16924,-0.0022759883262649786,0.6531302132983985,2
16926,-0.5133776134432361,-0.5957297550936858,0
16927,-0.5937243251852566,-1.409858174532027,0
16928,0.40813387321915223,0.5603440376778366,2
16929,0.033939132691361215,0.36902700522867643,2
16930,-0.14752128598851705,0.35372809264310817,2
16931,1.1931206133450243,1.9746161531002073,2
16932,-0.22049734947795183,0.31787108231129657,2
16933,-0.1606913604161187,0.29870663252067664,2
16934,-0.03448815665504317,0.5220246698753832,2
16936,-0.13554688672236462,0.5074281635529589,2
16938,0.4701517894625064,1.5221455665005363,2
16940,0.7490142343067638,1.4913971634088392,2
16942,0.3626531855628382,1.294129935267669,2
16943,-0.3242734845203506,-0.22542712890913277,0
16945,0.8027241956558888,1.017750771047929,2
16947,-0.35698004788650656,-0.2945657162568567,0
16948,-0.25175744327508237,-0.6197317022724543,0
16949,0.032001906858179587,0.46975166613540503,2
16950,-0.08661214820267643,0.16697321814692478,2
16951,0.1796078110235589,0.6460554698449728,2
16952,-0.4769484997178584,-0.49259050370749596,0
16953,-1.0708877278308524,-2.2646813617344845,0
16954,0.053334363106203035,0.14474230702617083,2
16955,-0.3984072449557317,-0.415773545755714,0
16956,-0.4638478808656611,-0.496808590133368,0
16957,-0.46116519327951305,-0.5532624918164609,0
16959,-0.6880619090718515,-1.1161468087875133,0
16960,0.03412017335899414,0.901970768548494,2
16961,-0.5000806478108726,-0.5999517455996404,0
16963,-0.6906373898407803,-1.1153261334794047,0
16965,-0.32226874032466357,-0.11785661909299928,0
16966,-0.18412628783778534,-1.0726271292994067,0
16967,-0.36111651688825136,-0.2932106270260825,0
16968,-0.25244814621142286,0.01552524391270577,0
16969,-0.08581108079626137,0.23323227778095573,2
16971,-0.23374697717753018,0.2588273958125147,2
16976,-0.932731231341666,-1.9371655184786685,0
16978,-0.22386325435709553,0.21093633206097268,2
16979,0.12550983768610524,0.5441537770460099,2
16980,0.07136951394904757,0.6554185520764382,2
16982,-0.36571798716342513,-0.2510563710328815,0
16983,0.3464585158280214,0.980631094238088,2
16984,1.0045777734571886,1.8193308823986436,2
16985,0.5562309251730971,0.3770560125492329,2
16986,-0.5860021799808584,-1.7844266037114536,0
16987,0.08170557956438212,0.689253546997961,2
16988,-0.6882085836833198,-1.1161044985078121,0
16989,-0.4341411000950573,-1.1972255494416262,0
16990,-1.0449531193853137,-2.2729887899460133,0
16992,0.18268400778891392,0.7825990865453634,2
16995,-1.0742798634457529,-2.2635941290910444,0
16996,-0.3433657775041559,-0.6502657325906663,0
16997,-0.5953322561304206,-1.1458593537505366,0
16998,-0.9319859396412156,-1.9374192178692078,0
16999,-0.3531581028618924,-0.295816574656935,0
17001,0.5337790527696471,0.5567653649684796,2
17002,-0.04338362197414487,0.19780418290044008,2
17004,-0.06410412942231301,0.13656981244742766,2
17006,-0.18641142199159574,0.15184531475999566,2
17007,-0.05477856592899072,0.3795954254672689,2
17010,-0.5648113352977722,-0.7838216099695676,0
17011,-0.4710848255175959,-0.5500438057840963,0
17014,-0.07039270721299264,0.5927260769077677,2
17015,0.5648596839171695,1.3530271666659626,2
17017,1.59281951306174,0.36310396653379456,2
17018,-0.419348226022531,-0.5667774802336354,0
17019,0.3259776241563177,1.3453000841091525,2
17022,-0.6833522084854062,-1.1176191296470557,0
17024,-0.9482220832390938,-1.9321738777607813,0
17025,-0.6101752792187567,-1.0330729979342885,0
17026,-0.8032753270256996,-1.5102020183790634,0
17027,0.12346936755360645,1.0355531933220083,2
17029,-0.9577125923103861,-2.3009361971238884,0
17030,-0.563647096274671,-0.7841724496901591,0
17031,-0.3956116503373364,-0.36961268229938526,0
17033,-0.20869109611843362,-0.22481317723642577,0
17034,-0.24296143672022005,-0.0778160085068916,0
17035,-0.31022732156976934,-0.08844981574252424,0
17037,0.0916400346395363,0.6984112747458634,2
17038,-0.41017380300174167,-0.23681595802663064,0
17040,-0.45715708315194425,-0.5545505558015706,0
17041,0.051559919173256676,0.49465507867135944,2
17042,0.11909744423376543,0.6776669197833586,2
17043,0.2567618816164663,0.9063197443716677,2
17044,-0.5296373225505449,-1.0588944776766918,0
17045,-0.40456429295038304,-0.3220515477681537,0
17046,-0.29729771836427493,-0.27289582567582626,0
17047,-0.0009655072773164507,0.5113033614837351,2
17048,-0.12386548436904164,0.22364837673854948,2
17049,0.9976435567907151,1.3043602167214938,2
17050,0.6003507311113119,1.2736016000227532,2
17051,-0.22388426288826674,0.23361561526969912,2
17052,-0.04686812268117681,0.7058852714598262,2
17053,-0.4975577387904032,-0.6640883465574848,0
17054,0.07985886803443523,0.558862249730457,2
17058,-0.02410929941235457,0.3875058423088083,2
17059,0.7735097948766947,1.7174351802305639,2
17060,-0.7310450484327832,-1.3661270040597182,0
17061,0.45601737914637824,0.3332685331791498,2
17062,-0.09271227091368117,0.44416956724250045,2
17063,0.08785948978453972,0.5840551261338739,2
17064,-0.08042439907155517,0.44011210187476196,2
17065,-1.0833804734829824,-2.260652126698711,0
17068,0.6916468837598797,0.9016729076392984,2
17069,0.4294459603382331,0.9457817100695987,2
17070,-0.11118453563784766,0.5913690937830575,2
17071,0.341782271605303,0.896986839360614,2
17073,0.29125335945144215,1.2140868686265518,2
17075,-0.04666720726611167,0.5706466933981553,2
17076,-0.3772879125194496,-0.47217892338586215,0
17078,-0.2170776816017671,-0.08585850516439773,0
17079,-0.952830096244048,-1.9307225159874892,0
17080,-0.6263316959288515,-1.027910448542885,0
17081,-0.15160194767623325,0.4962947424643693,2
17082,0.2103648794034866,0.6603683124632229,2
17083,-0.17474916285674194,-0.23576704372181462,0
17084,0.5412041414134049,1.1594050538574134,2
17085,0.2498342172947916,1.0433333069520374,2
17086,0.33441678939641867,0.6329514927270499,2
17088,0.24821026985550673,0.8718881397615247,2
17090,0.052855078281302155,0.2503717643609759,2
17091,0.5794582603165681,0.9608261533143385,2
17092,0.2763248322880034,0.8909760288100494,2
17094,-0.4938132437257494,-0.6019582695082106,0
17095,0.054371040527968297,0.6479707616870126,2
17096,-0.10386112704668506,0.3202863032215561,2
17097,0.2258276324805852,1.3029923294546406,2
17100,0.052339210208667705,0.5817685618924108,2
17101,-0.11132280179331525,-0.12002346811389285,0
17102,-1.0716561436601884,-2.2644397598788277,0
17105,0.06640510850002974,0.765078623844443,2
17107,1.7340507770039386,1.3341673442799098,2
17109,0.14199026977486653,1.004558536861398,2
17110,-0.5548196440194205,-0.7136493498322665,0
17111,-0.2930075837739565,-0.03062999777220297,0
17114,0.018204196644657198,0.8352173451327305,2
17115,-0.20014216334627188,0.05428946892232668,2
17117,-0.6259736750879988,-0.9314141944848905,0
17118,-0.5848411742529399,-0.8571680481068694,0
17119,-0.20829836160192727,0.10934790840104962,2
17120,-0.431826601225813,-0.4050771194762942,0
17122,-0.681874714899838,-1.1181205948147055,0
17123,-0.5815438751429489,-0.9456257732013535,0
17124,-0.2927439181914393,0.028384224524775754,0
17125,-0.2521785709684543,0.09764057472660774,2
17126,0.3312333607692078,1.4619816817166784,2
17128,-0.513459191463272,-0.5956684919450804,0
17131,0.24878697529903698,0.6834211361652359,2
17133,0.23867921779743792,-0.8998753073438341,0
17134,-0.38728330901233404,-0.2849515345325331,0
17135,-0.04174197468584363,0.030414114806870698,2
17138,-0.3518714907007265,-0.17905751682296514,0
17139,1.87865204364567,1.414744569717136,2
17140,-0.4240674523728672,-0.5095120359245715,0
17142,-0.46098572818493005,-0.5533979494259097,0
17144,-0.10644950171862923,0.2396207864682837,2
17146,-0.2273125704453113,0.06294023432372224,2
17147,0.14102477910145297,0.6201832637433303,2
17148,-0.6232441965974679,-0.9322846534518434,0
17152,-0.4533667313940373,-0.9868656961846173,0
17153,-0.5047785693808218,-0.5984508946142741,0
17154,-0.3144565818453581,-0.22830709609811553,0
17155,-0.40514061162178433,-0.3665262475330285,0
17157,-0.5472510654469428,-0.7894533083945176,0
17158,0.01989415442340668,0.40807475381200364,2
17159,0.24572535170152088,0.8728973943519767,2
17160,0.6982200944499288,0.8600629463085177,2
17162,0.19924321099620695,0.7336573739084042,2
17163,-0.8558616721744158,-1.6980165705928079,0
17164,0.36705256053871843,0.7953597486580315,2
17165,-0.5924907159413646,-0.8547410942497236,0
17166,-0.5703924500938811,-0.7820522644288657,0
17169,-0.06436965247418361,0.4004588968298156,2
17171,-0.4588464529561732,-0.4983633052326276,0
17172,-0.40922155677740846,-0.5141556142433014,0
17173,0.17249072961278727,0.012069064800626899,2
17174,-0.8191252637631752,-1.5051257813947583,0
17175,-0.014810357749720152,0.2103211970977081,2
17176,-0.47050582677787295,-0.5502445977684982,0
17179,-0.08153776472744731,0.4900696176913693,2
17180,0.1049778318921782,0.8694515275597899,2
17181,-0.35768119366350176,-0.21454554591153738,0
17183,0.19474530848142094,0.1429165762309626,2
17186,-1.0334024715781638,-2.2766377290446744,0
17187,-0.5824387278372832,-0.8579532096776429,0
17188,0.25455276654199704,0.5966781939630317,2
17189,-0.13701833357463844,0.4411763915962014,2
17190,-0.41712361630466854,-0.3627222201422529,0
17191,0.4394807410261417,1.2922655282140325,2
17193,-0.17306446899402944,-0.5373968245165937,0
17194,-0.34203510072446647,-0.11161301506690799,0
17197,-0.242120273157802,-0.04715804908957528,0
17198,0.048194609397242204,0.867373381718347,2
17201,-0.2257045850489552,0.18835170750438604,2
17203,0.7118573778027953,0.8957282460536563,2
17204,-0.03169165506902257,0.31649598450482536,2
17205,-0.3967501537782735,-0.6960276355005527,0
17206,-0.6770516700686312,-1.1196831700532197,0
17211,0.45511532699840185,1.2115406771022186,2
17212,-0.7901670903360509,-1.5143970374708036,0
17213,0.3206963549258409,0.7382469142687431,2
17214,0.027510760438145144,0.765892424986124,2
17217,-0.6325385977619734,-0.9293293611617566,0
17218,0.36829954130327347,1.2146651426041692,2
17219,-0.3790171685945497,-0.17031347679131714,0
17220,0.7988817569602756,1.7430964865519378,2
17221,-0.09921315280854846,0.5428550521120972,2
17222,-0.32650585516056135,-0.08325459697859194,0
17223,-0.20060384313157958,0.29083956478507167,2
17226,-0.3444915375450742,-0.2985229491412934,0
17227,-0.17789056105782566,-0.09856673009795004,0
17228,0.43662988120082513,1.1548219070040147,2
17229,-0.22321843813156225,0.21074404790102055,2
17230,0.301762661900567,0.2829772987281702,2
17231,0.7561129550363371,1.729189978491183,2
17232,-0.28055777158536793,-0.0046302220995289856,0
17233,-0.3562350978827089,-0.1416481498602236,0
17234,-0.5170766715715556,-0.5945169209917113,0
17235,-0.3238529326976978,-0.18803182644389374,0
17236,0.08042807577939606,0.8467984667000681,2
17237,-0.43339700930711306,-0.404582210337299,0
17238,0.8241368461273374,1.7165610992587421,2
17239,-0.46748666039456027,-0.5512384906659561,0
17242,-0.162835452043026,-0.042338880748532155,0
17243,1.2992466299973835,1.1066680739174017,2
17244,-0.1684129833702423,-0.011394458195266612,0
17245,-0.6204387103072216,-0.9331975548575993,0
17247,-0.1579754472431997,0.46500287888263053,2
17248,-0.07394778457513858,0.6628897057948092,2
17250,-0.1310031964568432,0.48971226507045207,2
17251,-0.25199203907305934,0.17290634411740027,2
17252,-0.012747276030964937,0.8558211209692913,2
17253,-0.4535114214352788,-0.3981324798126033,0
17254,0.02914139953902403,0.9792681259897755,2
17255,-0.07032190386298487,0.6749345997557751,2
17256,-0.5354168243660277,-0.7198443610969069,0
17259,0.084636587390557,0.9970894061815133,2
17262,-0.4897160090687244,-0.9752084827033342,0
17263,-0.40169345487735353,-0.20049192414497993,0
17265,0.08724978347999152,1.0135618614558433,2
17266,-0.11723406958989925,0.5637363572473613,2
17267,-0.2409029746373954,0.1693640735312499,2
17268,-0.7051488729183573,-1.7460762173845412,0
17272,0.3085759180560041,0.5667823176933178,2
17274,-0.38127235049427904,-0.16959464419504344,0
17277,0.01461444541858088,0.6210464715858598,2
17278,-0.47413043351141176,-0.5490651929604695,0
17279,-0.6510566521542519,-1.0200161970031278,0
17282,0.3157403841157983,0.6740722530476034,2
17284,0.5201045328148836,1.576758847916685,2
17286,-0.21535779854744305,0.3162393774608485,2
17287,0.1031393153549531,0.8395262660120472,2
17288,0.30370663511514223,1.0418287116108522,2
17289,0.08039611468489657,0.8259824838031169,2
17290,0.0480167717020352,0.8975574846005218,2
17291,-1.0185345479947439,-2.281553089392851,0
17293,0.2671183114282153,0.8371709153830795,2
17295,-0.109006728326274,0.4493324897952095,2
17297,-0.19668761393955464,0.40685320536866515,2
17298,-0.24727882382248997,-0.015231048791595632,0
17299,-0.06118846752262121,0.3817365192748736,2
17301,-0.1348664916635555,0.5542532457759368,2
17302,0.0435914663003783,0.62519852973483,2
17303,-0.15481407897834434,0.4640140756155594,2
17306,1.8025558579321765,-1.3980002512643224,0
17307,-1.1072979818522772,-2.253041880096146,0
17309,-0.584037909545584,-0.7776699584942185,0
17311,0.07196610811717423,0.42481044110418487,2
17312,-0.4903169373181453,-0.8076859524964468,0
17313,-0.014525103138635673,-0.2870444140025748,0
17314,0.4964889096324692,0.9953842390894577,2
17315,1.2822924121321921,1.4449823629565757,2
17317,-0.3117658784949774,-1.1288273961160848,0
17320,0.01273371263305136,0.475847841340685,2
17321,0.06073488637435338,0.912945095180201,2
17323,0.21162982263259528,1.123671106488418,2
17324,-0.04826542570285887,0.24221610081022532,2
17325,-0.7237306491873661,-1.227153889946003,0
17329,-0.2893144228909315,-0.031943045411583895,0
17330,-0.7342650420632342,-1.3651677556465842,0
17331,-1.057375197775867,-2.269044522872486,0
17333,-0.26711639697383843,-0.07003368760338617,0
17334,-0.5263414110960509,-0.7960894881031525,0
17337,0.682683918475578,2.0810811261241478,2
17338,1.30094360723488,1.8127538838396728,2
17339,-0.6034467249225342,-0.9386251169600228,0
17340,2.0172515928980053,1.104579292826439,2
17341,0.19228316640318968,1.277353174485887,2
17343,-0.46478023433495713,-0.44409820620368723,0
17344,-0.31316224645246393,0.034930501627386944,0
17345,-0.031413651190734596,0.6754713612542349,2
17346,0.7008118912736372,1.7623907626600779,2
17347,-1.0241362649139745,-2.2796196487392515,0
17348,0.4224441132500403,1.3884878524309516,2
17349,-0.6506089613611757,-1.020114970389221,0
17350,0.06974076510937272,0.5898877832009983,2
17351,-0.3590302999463814,-0.25327705407266504,0
17353,-0.46583325667036785,-1.4510260404539104,0
17354,-0.2609400297900338,-0.6172806067637824,0
17356,-0.4221170252200782,-0.361102868404682,0
17357,-0.20960307549585347,0.25109119986007894,2
17358,-0.12942043582832818,0.4892201706561894,2
17359,-0.5219775181049747,-0.6561599952110792,0
17360,0.09682931359268113,1.0685700325415852,2
17361,-0.31807831427248034,-0.11932531427796073,0
17362,-0.2907888804856715,-0.0013321183513550266,0
17364,0.9993605015223914,1.6325066988981805,2
17365,1.3166200682355322,1.4993947250060928,2
17367,-0.28408827814344756,0.08124080498053617,2
17368,0.15540223095297556,0.8728868453416728,2
17370,-0.22104150779305282,0.005554367568897661,0
17371,-0.022314278252536044,0.8266742544049701,2
17372,0.39047002813961046,1.5605098413703982,2
17373,-0.11561779948153193,0.34347320262189907,2
17374,-0.34834052754416733,-0.18023388096834067,0
17375,-0.06004012548227017,0.6177244358691432,2
17376,-0.3830363853891276,-0.2064807437952862,0
17377,0.7536449567749112,1.336107800831728,2
17379,0.0023235219644769534,0.6776406995155655,2
17381,5.088709911921967,-1.4621424216926435,3
17382,-0.9570601105803332,-1.9293542058563038,0
17383,-0.17937939262227318,0.40132851800047253,2
17384,-0.5351616875832201,-0.719971943502818,0
17385,-0.20735475455911168,0.2719975758925428,2
17386,0.08219740755840305,-0.35533391978248985,0
17387,0.01701227563045486,0.6728062373687642,2
17388,-0.2985079306538797,-0.727630335183823,0
17389,3.4131938968659656,-0.7724055483602177,2
17391,-0.8551393827793456,-1.9619154542884238,0
17392,-0.12194021052031702,0.4534999490676877,2
17394,-0.7784968976748339,-1.5180897284659567,0
17396,0.4883603763097589,-0.44908469275463236,0
17397,0.02890581267646279,0.863263717545583,2
17398,-0.2456870522391641,-0.015811156200862066,0
17400,0.44738752731893594,1.3544517346212321,2
17402,-0.0024792657582224076,-0.009326679639856776,2
17403,-0.28962546890377355,0.055601208817992194,0
17404,7.140683255796334,-1.1975489702860098,3
17405,0.08277365907980097,0.7251614327705589,2
17406,0.2367912186697512,0.9034558664906094,2
17408,-0.9629146615228021,-1.927480296169361,0
17409,-0.47729979715829474,-0.6706508546061016,0
17410,0.011293522745049635,0.47629810115557986,2
17411,-0.15869170789746428,0.2347570584576403,2
17412,-0.012486143676094024,0.3293372861299417,2
17414,-0.4148755784680127,-1.466733499111976,0
17415,-0.47924926947249175,-0.6066953765697102,0
17416,1.3100412699524855,1.1339192839741383,2
17418,-0.2730066628043877,-0.037089844395912154,0
17419,0.7005628196840268,1.1625683231720545,2
17420,-0.2744092534747535,-0.06776969724189259,0
17422,0.4198689743719211,0.7886924595391552,2
17423,-0.26564566269102674,-0.13605083123684822,0
17425,-0.13587024184127883,0.24906710892195288,2
17426,0.9804115435840796,1.2044593985573842,2
17427,-0.9528627798480299,-1.9307034401881848,0
17428,2.977758122583597,0.8874203570607399,2
17429,-0.16600776906926573,0.12106751186138809,2
17430,-0.4881215372724712,-0.6037625155997233,0
17431,-0.18786941044137678,0.2441843828495559,2
17432,-0.18482046032699928,0.3064440004246104,2
17433,-0.14455159727289546,0.4607313598073338,2
17434,0.4048150177592737,0.8590424599787511,2
17436,-0.6740453233339433,-1.1206431336834137,0
17438,-0.44331029813826167,-0.45100146216686665,0
17440,-0.8414303989851644,-1.702540578726863,0
17442,0.3585797057710452,0.8461505627712191,2
17443,-0.9576068913633327,-2.300881863653736,0
17444,0.5903959907170068,1.0520066947248452,2
17446,-0.7018602046581848,-1.2341066263810476,0
17447,-0.21106637705978737,0.05788482231259609,2
17448,-1.4253930304248719,-2.1500879165397246,0
17449,0.4888439233172789,1.356583520629051,2
17450,25.327557835900766,-6.9231500202365295,1
17451,0.22655362863503964,0.7470953852009601,2
17453,-0.3892053122812453,-0.3716973091189863,0
17454,-0.09959362446865656,0.5118277534466036,2
17455,-0.6530592943082372,-1.0193534742748205,0
17456,-0.43624178688277426,-0.4531827152559036,0
17457,-0.2758534070255953,-0.6718423221277404,0
17458,-0.15060089960256848,0.4455196436460347,2
17459,0.06830946234420815,0.8507697280153175,2
17460,-0.4118613211195668,-0.4114837453012008,0
17461,0.15237495731209572,0.9755163465862317,2
17462,-0.3041585324977893,-0.15840407390780675,0
17463,0.40652122101170507,1.2972350780710697,2
17464,-0.5898255612217643,-0.942970634686809,0
17466,-0.15636365556849885,0.23401126465283836,2
17468,-0.753427961508369,-1.3589762612134226,0
17469,0.10388559860525218,0.5077086566225253,2
17470,0.19900578249109988,0.5624968024418282,2
17472,0.18610728794552436,1.2478192919592603,2
17475,-0.4956994702092769,-0.6013229690929739,0
17480,-0.2627039942736847,-0.04038044561336163,0
17481,0.12823876542741466,0.6114537236615377,2
17483,-0.4128597260964802,-0.4111482206416039,0
17486,-0.34115910639784847,-0.18246525103176708,0
17489,-0.26910892294557165,-0.06934445019530215,0
17490,0.15837410573468635,0.5336665820665925,2
17491,0.46446705918790593,0.5420818503931338,2
17492,-0.5223752324858764,-0.7240484715595474,0
17495,-0.3614859798903892,-0.2931796927401298,0
17496,-0.5863137771283922,-0.8567558169601829,0
17498,-0.4096118790930572,-0.46164513458760825,0
17499,-0.11589228174726719,0.19915720760595598,2
17500,-0.7937174395700652,-1.7181479646941786,0
17501,-0.4276044425960308,-0.4064079990615124,0
17502,-0.28010087805095263,-0.16605196727706575,0
17503,-0.18091384688507828,0.12577564859238602,2
17504,0.43544244530281867,0.9519788221754536,2
17505,-0.04791857757034023,0.3406368346851783,2
17506,-0.49357005833352996,-0.6020470973346749,0
17507,0.010009803649985938,0.7716249399293187,2
17508,-0.350024907164453,-0.2560384991210858,0
17509,0.8979053815987144,0.44019606236079745,2
17510,-0.391529303735811,-0.32617352977475755,0
17511,16.682715883856762,-2.943795000275096,3
17512,0.47670894592790924,0.3888639526461104,2
17513,-0.6616515963926176,-1.247057420083699,0
17514,-0.23286891571975488,0.23648268757275692,2
17515,-0.12917945331143482,0.3851809627996718,2
17516,0.12533597889622192,1.0594277178920946,2
17517,-0.569411722278405,-0.7823463325089972,0
17519,0.16482733330156854,0.4734719538256298,2
17520,-0.24648689863155826,-0.015505780635831372,0
17521,-0.14892454155684007,0.16377485324326577,2
17522,0.06879382827254643,0.4891782426006035,2
17523,-0.21156783125053685,-0.18778491230204847,0
17524,-0.715457121729241,-1.2298029869810017,0
17525,-0.5988486639126099,-0.9401711264715089,0
17526,-0.3937741712001005,-0.4668816612421437,0
17527,-0.09920734051076867,0.2991561987244419,2
17528,0.7276015038935787,1.3055474357930716,2
17530,0.6790737615486948,1.7905137799456896,2
17531,-0.4765906615952371,-0.5483073059908896,0
17534,-0.6121496356233128,-0.9358533799261146,0
17535,-0.5225887988422292,-0.6559836582445414,0
17536,-0.8822547516313948,-1.689535400037135,0
17537,0.0649443842910556,0.6949256252688473,2
17538,-0.6179144667486186,-0.9339633714522678,0
17540,-0.37310217382411953,-0.33214843662359245,0
17542,-0.36789947530463935,-0.17386925737755943,0
17545,0.12443690873314778,1.1293882378833469,2
17547,-0.9675649585411844,-1.9259829270283102,0
17548,-0.6060253764624419,-0.6972506835392459,0
17549,-0.7389038961766112,-1.3635915387373687,0
17550,-0.22245317397639805,0.27678406090687985,2
17551,-0.23174600443227644,0.21346420642086825,2
17552,-0.06215577649326056,0.2873868383861802,2
17553,-0.6930701516610027,-2.01382506488738,0
17554,0.24164765754368564,0.4184946633646154,2
17555,0.06288083425471389,0.9774854059282536,2
17556,-0.7128144963019253,-1.2306479214976203,0
17557,-0.28254537149045134,-0.0973093513393796,0
17560,-0.2595269845190687,-0.2849861798270921,0
17561,-0.21033872622399746,0.31463981236953736,2
17562,-0.014015677235065298,0.3298955715240206,2
17564,-0.2245068837695814,0.18789218529071366,2
17566,0.14589453510348785,1.0528522775542548,2
17567,0.6746322663555592,0.8590931622621376,2
17569,-0.30152351797201005,-0.027981679604516547,0
17571,0.45311909952308227,1.6671529850072662,2
17572,-0.6724684440268064,-1.121148644807442,0
17573,-0.32793814856520026,-0.18664479909891876,0
17574,-0.6470541122470037,-1.0212854402784353,0
17576,0.7642102497316027,1.560048158785903,2
17578,-0.7581808061794092,-1.3574619099451581,0
17579,-0.16007419418082924,0.33839392308732735,2
17580,-0.2202542963465076,0.2971733488457038,2
17581,1.9133723235419389,1.1381157912603315,2
17582,-0.32957764236378007,-0.05005596202786176,0
17584,-0.17906717976924463,-0.03723197914356735,0
17585,0.4495534538949276,1.3594294868736017,2
17588,-0.2615964375243828,-0.4125611988307348,0
17589,0.5461879842851851,1.3071959058077867,2
17590,0.33700469290857415,1.3194876452470412,2
17591,0.2388689463332777,0.7208465016372428,2
17593,0.9050904437359161,1.2832469688447656,2
17594,-0.09608441505243304,0.23632702700487015,2
17595,-0.06621173367203588,0.6604015966551754,2
17596,0.9686921153595474,1.1514781425391598,2
17597,0.15064396107425784,0.3995213559567875,2
17600,-0.521659013059938,-0.6562774270193061,0
17601,-0.6209430693541553,-0.9330106800447732,0
17602,1.2918095496733883,1.677470577982631,2
17603,-0.6753284391304187,-0.6747607645513941,0
17604,-0.12731463932222406,0.520726298712408,2
17608,-0.1424261687620629,0.47692146637564947,2
17609,0.3460084219932046,1.5042273295869788,2
17611,1.0513653000107492,2.003439188812379,2
17612,0.43305691764842436,0.9927669490573923,2
17613,0.8916911133736773,1.382784072726608,2
17614,0.028232850497365868,0.9518755350868293,2
17615,-0.508479953558184,-0.6605412953635086,0
17616,-0.994948716354518,-2.2890484541052256,0
17618,-0.059459332678745855,0.4829568850558792,2
17619,-0.08398399918933391,0.7051171399771708,2
17620,-0.8146214939926025,-1.5065655698994707,0
17621,-0.20778310625549587,-0.18931648230329845,0
17623,-0.23791586263768869,0.06641311971994418,2
17624,-0.06759256301675753,0.3655361036110983,2
17625,0.5185513735810177,1.552848876090811,2
17628,-0.7637796963793946,-1.355661288062749,0
17629,0.3659654377412953,0.9245084078721556,2
17630,-0.3371742759496939,-0.18378153126154317,0
17631,-0.18456952412353783,0.1983766077968367,2
17633,0.02900869321821416,0.5168656118783983,2
17634,0.4797530978983139,1.5058706963517954,2
17636,-0.40049342902565377,-0.32330798752022016,0
17637,-0.21888772801859166,0.11273119196209198,2
17639,-0.6887868451549252,-1.1159124548615713,0
17640,-0.6944080568006158,-1.3779419043371217,0
17642,-0.18488735879379903,0.07605123122924674,2
17643,-0.6548081104782516,-1.0187838702131713,0
17644,0.45636453264180854,0.869288068027517,2
17646,-0.10534713947522101,0.32075648233030496,2
17647,-0.6895143941989786,-1.1156934252253254,0
17648,0.13188138248048864,0.7549963750014987,2
17649,-0.07306609499047571,0.42064858477557654,2
17650,-0.6381322955311989,-1.0241075202246537,0
17651,0.8414178211833043,1.0820839431816285,2
17652,0.7598763703302696,0.8954478836883557,2
17653,0.053685913895579244,0.23035687570690747,2
17654,-0.40787765607429083,-0.23754718260455676,0
17655,0.20989853026237018,0.5447671623040177,2
17656,0.20423453062856634,0.5605716014128628,2
17658,-0.37365563972688676,-0.473159970498184,0
17659,0.4901296233753311,1.04871484964346,2
17660,-0.25757844573591093,0.17472335437488615,2
17663,0.11001770994621275,0.5348761509882267,2
17664,-0.126393914566946,0.22457638572478217,2
17666,-0.3917090865858361,-0.6345847731122558,0
17667,0.24579587749376094,0.7623497582199857,2
17668,-0.49539053237638314,-0.6014951760415085,0
17669,0.3165279575706117,0.1659957503429251,2
17670,-0.5640184599801044,-0.784083032970155,0
17671,-0.06922812127180406,0.18402758538576897,2
17672,0.4791479437213069,0.8793453490103994,2
17673,0.35500965609155855,1.025464121319988,2
17674,-0.3186247754736558,-0.3941287500692185,0
17675,3.0422121005013207,0.8101856871518928,2
17676,0.03345994814266011,0.3513543277406718,2
17677,2.853464012522624,0.6045984479513383,2
17678,-0.4496784935888084,-0.5013083580048083,0
17679,-0.08435175593497711,-0.09770287512903394,0
17680,-0.5677816891337302,-0.7828783879528758,0
17682,0.17631282394415815,0.2688368210701186,2
17684,-0.4795755142878037,-0.5473338668592747,0
17685,0.47049473882485143,0.7219190338808388,2
17686,0.9880186525608332,1.325307225186726,2
17690,0.7754258790435699,1.3046171796589827,2
17691,-0.43120558090232336,-0.4052659660077955,0
17692,-0.15547304122559025,0.06670570100083767,2
17693,-0.455606406622533,-0.49937328817678034,0
17694,-0.47037219286051757,-0.5502758843158916,0
17695,-0.16889732736855037,-0.04023625825627557,0
17696,0.3383662869983721,0.6666421216566313,2
17697,-0.4194759066266541,-0.3620187997789122,0
17698,-0.6472620420086109,-1.021204605727312,0
17700,0.40174633541067406,1.0101859585846245,2
17701,-0.3512548198542901,-0.17927133826852865,0
17702,0.17618822360726394,0.4994804190442607,2
17703,-0.07694158379183756,0.33112501955058304,2
17704,-0.24905465981189548,-0.10810458403808584,0
17705,0.13307693485552624,0.5275612372191251,2
17706,1.6134052930128662,1.375972068419505,2
17707,-0.8561411783899859,-1.6978598351573542,0
17708,-0.32712214035302495,-0.05087784815624386,0
17709,-0.6910290846029806,-1.1152148262353638,0
17711,-0.35640551586772534,-0.2540123989514007,0
17712,-0.27880593816053506,-0.035278055927914734,0
17714,-0.5941093957867801,-0.8542246230436399,0
17715,-0.9919329829686492,-2.2898872062429874,0
17716,0.9982071118642363,1.1622377117694345,2
17718,-0.7169291678975378,-1.229333067820352,0
17719,0.7919268825204043,0.8294286058699967,2
17720,-0.09499247454807314,0.16962450263283316,2
17722,0.42229788733999574,0.9563268489975311,2
17723,-0.44737353029732324,-1.6246648317913772,0
17724,-0.15952195107836895,0.16700585498520934,2
17725,0.5924489009701227,0.9258524462679149,2
17727,0.038933070804958586,0.5997663046811772,2
17728,0.501977472972863,1.2205169585569873,2
17730,0.9813535205005633,0.8916852300034341,2
17731,-0.06271544977366092,0.4512916731594496,2
17732,-0.43600523917498335,-0.4037492460550581,0
17733,-0.1958417364410251,0.05298009212404893,2
17734,-0.15119043406178617,0.2103222892696784,2
17735,2.5685329347521875,1.223653191972057,2
17736,-0.3393910325506756,-0.18299767963695124,0
17737,-0.6440107651787604,-1.0222428982064575,0
17738,0.240724278117667,0.8057034661503331,2
17739,-0.0010068216167201985,-0.12453815636857016,0
17742,-0.5137433251379837,-0.6588831783523119,0
17744,0.6726877613513113,0.8687594386918731,2
17746,-0.7284688148906591,-1.2256510920234385,0
17747,-1.067151636621498,-2.2658882967217013,0
17749,-0.21790635733019265,0.05999134598030816,2
17750,0.6537012610684141,0.7893803064783121,2
17752,-1.0397459325842218,-2.2745938528161798,0
17754,0.30692007521370407,0.7106250930395297,2
17757,1.17288847928131,1.5347167886852042,2
17758,0.8456560964418633,1.7490016776872166,2
17759,0.08610889054771376,0.7810973241075448,2
17760,-0.33274218892508467,-0.14915091895439947,0
17761,-0.34488035366190545,-0.3858741442252175,0
17763,-1.071074474651396,-2.2646192891015082,0
17764,-0.005533407802668896,0.6799491788674609,2
17765,-0.15537965024639222,0.42956020477675794,2
17767,-0.39458976381416466,-0.28256400820999916,0
17768,0.2342027050011672,0.6765630302138618,2
17769,0.7411774371594356,1.3820161499408077,2
17770,-0.17302138703175707,0.0455194389656973,2
17771,-0.14459699255134154,0.42619698189737276,2
17772,-0.18914593344161537,0.4225803439348604,2
17774,0.19923482681392435,1.120155187652939,2
17775,-0.8743855830335661,-1.6920231418510452,0
17777,0.1867759431507374,1.2412019624699722,2
17779,-0.003534900909435224,0.7044840212490637,2
17781,-0.5551015580743985,-0.7135718299791938,0
17783,-0.06038962029828574,0.6452287570574038,2
17785,-0.5351958793503828,-0.6519668195605245,0
17786,-0.12704820699807026,0.5206622937180242,2
17787,0.23248765821633519,0.8578743991080988,2
17788,-0.7673937088387798,-1.7264926825523634,0
17789,-0.5081110635586076,-0.5973991115694245,0
17790,0.3023503187228054,1.064805218952116,2
17791,-0.604583255725373,-0.8508778288735842,0
17793,-0.15937297556403673,0.3949273156099904,2
17795,-0.17855599839833308,0.28387798623304705,2
17796,-0.06890238579192975,0.5921915308260005,2
17797,0.11169015038686292,0.9707878538354189,2
17799,0.7421307053214132,1.6891161172415528,2
17800,-0.00332501392881841,0.3809059362589257,2
17802,0.1932763334375478,0.9709699993136485,2
17805,-0.5090249518802842,-0.8814018358204003,0
17806,-0.10106793460567767,0.2591871314680765,2
17809,0.44214725380942627,0.16452909722242892,2
17811,1.522697161947751,1.66614536686914,2
17812,0.1077508729610436,1.0650402132172352,2
17813,0.4999964831873562,1.8204388028907057,2
17816,-0.49662221623846076,-0.4862832391852372,0
17817,-0.2858315873895568,0.054337296663767645,0
17819,0.15119076453053776,0.018874823313716593,2
17820,-0.7840654882134588,-1.349174876707817,0
17824,-0.47239642096039963,-0.6719781420647524,0
17827,0.4820378801359788,1.4184410184875418,2
17828,0.032307278669524465,0.4207850715525991,2
17829,-0.1995501056724592,-0.030567805246574552,0
17830,-0.4283897323739034,-0.40621200226072735,0
17831,-0.9613918124981095,-1.9279649366388683,0
17832,-0.11653977486903333,0.5784816643434738,2
17835,-0.16113997293684001,0.31907621975624256,2
17836,-0.39036518611737625,-0.2041098215800633,0
17837,0.1925430546394274,1.0133059237454336,2
17838,0.34711963740864155,0.8403633636833642,2
17839,-0.1481694178322954,0.40950555072416395,2
17841,7.186082852529323,1.0517935372424907,3
17843,-0.263646442560565,0.15220362993589365,2
17844,-0.769653947539822,-1.3537852647808353,0
17846,-0.9073504125394384,-2.317556594538354,0
17848,-0.13180190405456632,0.2261493491700647,2
17849,-0.47122500521284266,-0.6092894229635267,0
17850,0.2777446647188551,-0.3812607954334064,0
17852,-0.4182519639262068,-0.2749784284759203,0
17854,-0.48248476852415173,-0.5464452878237887,0
17855,-0.4431956439943104,-0.4509559800423954,0
17856,-0.3421448948863225,-0.7817414662342806,0
17857,4.483382997853866,-1.9308289188912633,3
17858,0.7828647823826568,0.7467288283059098,2
17859,-0.3857492355372198,-0.20559013036785734,0
17860,-0.18460102097188394,0.4029697364575882,2
17861,0.5658459066244352,1.301125219088693,2
17862,-0.5552046296975355,-0.7869408365503612,0
17863,0.6350729538828506,0.8720604206119393,2
17864,0.024090771191636825,0.6578387676599182,2
17865,1.795500642742896,1.0024171069658665,2
17866,-0.5936742507710694,-0.9417664454269831,0
17867,-0.07562017114501615,0.5799469013472992,2
17869,-0.23858847877534892,0.168575857210525,2
17870,0.5190752787581153,1.5151894262771255,2
17871,-0.5808959821097538,-0.8584196032666047,0
17873,-0.1152141770914275,-0.25483026884572096,0
17874,-0.20561250475564033,0.15799893746552765,2
17877,-0.5418121775320066,-0.7178134944066942,0
17878,-0.2918074180908051,-0.12761040204358093,0
17879,-0.7191993071185919,-1.2286315258853602,0
17880,-0.2978410730059329,-0.12573390745143811,0
17881,-0.6578261298001263,-1.0178414081178966,0
17883,0.1543928757763131,1.1983452339390581,2
17884,0.16331768345262135,0.9978724058591616,2
17885,-0.182617781868838,0.4205167587976572,2
17886,0.09042996235985916,0.8937231276701294,2
17887,-0.606460029163113,-0.8502847303834391,0
17888,-0.06021091797770672,0.5455328020362294,2
17889,-0.42005522671651024,-0.31706839058173186,0
17890,0.04307812401535296,0.8588115113834062,2
17891,-0.23821300958225375,0.09322116572595707,2
17892,-0.3353059484152493,-0.08042080723458746,0
17893,-0.489827797942301,-0.5440161528398074,0
17894,0.18375458510696874,1.1468375487089661,2
17895,-0.493962980705819,-0.5426980724077256,0
17896,-0.9035027923359641,-1.946444150761918,0
17897,0.04417391186475421,0.9743787011450289,2
17898,-0.33116700607913696,-0.0816898940578085,0
17899,-0.31546759395278273,-0.023464543334243464,0
17900,-0.8285702387383559,-1.502106494315974,0
17901,-0.4481470792536295,-0.3528088369800388,0
17904,-0.2971452448752906,0.08538435877142232,2
17905,-0.19531140243517445,0.05276014125570251,2
17906,-0.5656848712454162,-0.710157314292309,0
17908,-0.16273856255199268,0.4319612853152485,2
17911,-0.21385129752773963,0.20774822075206117,2
17912,-0.25369201541391645,0.12389916025251589,2
17913,-0.11137241116221737,0.4834690881387249,2
17914,-0.022879652772811305,0.6983056977296375,2
17917,-0.04412718629000438,0.7657419700889077,2
17919,-0.1962644293556233,-0.2662893330972593,0
17920,1.0366490306315495,1.9367580730591545,2
17921,0.13378240022695254,1.0647218177488238,2
17923,-1.049827392790153,-2.27145560776226,0
17924,0.030574055446115484,-0.19782254158016424,0
17925,-1.0436591124467607,-2.273430938413764,0
17926,-0.412054446389185,-0.4609304009037867,0
17928,-0.37448579320196723,-0.2091989850180096,0
17929,-0.7461592923157845,-1.5286577113381703,0
17930,-0.008318153747764196,-0.21824023482415214,0
17931,-0.08144768764009215,0.5963092399613206,2
17932,0.14762387114642264,0.7831413566404701,2
17934,-0.3086553506189069,-0.3100466310504611,0
17935,-0.3379036846337644,-0.04739924924893201,0
17936,-0.06256797569064777,0.659248338712707,2
17937,0.1445649959105656,-0.5429457782063704,0
17939,-0.5615169885041764,-0.7114927738174022,0
17940,0.8256206679407909,-1.489499874162214,0
17941,-0.9047416219306347,-1.9460743037508714,0
17942,-0.9541946635650448,-1.930269471087936,0
17946,-0.45124706529316344,-0.3988372582196023,0
17947,-0.6066019089518239,-0.9375915079167649,0
17948,-1.0239009429653045,-2.2797569944942433,0
17949,7.943462046838124,-2.670054213005841,3
17950,-0.062816478494604,0.590365373310586,2
17951,-0.30520205875631556,-0.44559471588564004,0
17954,0.790511305342276,1.8158093154900266,2
17955,-0.45227379237529614,-0.6152805729180231,0
17956,-1.0728447193685722,-2.264056373716108,0
17957,-0.2849182297896963,0.025988830761928358,0
17958,-0.6509784796875315,-1.1281051803610793,0
17960,-0.36874942917738096,-0.10304331064304857,0
17961,0.3551925160365935,1.5546005113804506,2
17962,-0.29259601323628426,0.08397242355575725,2
17964,0.005126054502122375,0.8287861354387768,2
17965,0.6713553853435349,1.6920023780930298,2
17966,0.26459646864420716,0.33049438362085204,2
17967,-0.2432833516276811,0.26191197207340267,2
17968,-0.06506121066079068,0.7364868744300028,2
17969,-0.49667691329061475,-0.6010291118864798,0
17970,-0.2509536654595215,-0.10734601246850473,0
17972,-0.3276382000278954,0.01044845132288244,0
17973,-0.4671088172764201,-0.5513376610178466,0
17974,0.1949799431084924,1.251384711891131,2
17975,0.7218426066373606,1.3363634834348428,2
17976,-0.1418868251252331,0.5094113310277167,2
17977,-0.38773805039375525,-0.3720669656677679,0
17978,-0.47881153940965426,-0.7378387933626458,0
17979,0.12320793785939743,1.0839263528583651,2
17980,-0.24728333355922533,-0.249859155784402,0
17984,-0.19530469982450208,0.3878933689115126,2
17985,-0.3712814127909952,-0.3327557656779786,0
17986,-1.0708877278308524,-2.2646813617344845,0
17987,-0.5017677750049756,-0.6626082058929408,0
17988,-0.2679510028758996,0.17800931686080526,2
17990,-0.2596528898197118,-0.1046180171254024,0
17991,-0.818692071376884,-1.505279437787276,0
17994,-0.03160549052263216,0.5803854109429669,2
17995,-0.9406125973860043,-1.9345793725583589,0
17997,0.4671505277947899,1.1054906266972437,2
17999,-0.0032313902517176613,0.8632564325552674,2
18001,-0.09545758634145997,0.4946308241093967,2
18004,-0.30349866476435133,0.06005543430782862,0
18005,-0.17008639476639195,0.4517473388589947,2
18006,-0.36711516177886505,-0.2913675763036764,0
18008,8.173549616857986e-05,-0.29159709511573434,0
18009,-0.2978643915559282,0.030034441062465347,0
18010,-0.5143153204269898,-0.5954053425981259,0
18011,-0.3430119118803475,-0.04575724657741472,0
18013,-0.27901308884944986,0.02407814258431812,0
18014,-0.32983364774755264,-0.018908857034086613,0
18015,-0.20057394805185003,0.35140224398175113,2
18016,0.21207454989423896,0.8251061057498067,2
18017,-0.987939559545874,-2.291249665356892,0
18018,-0.3347026870435623,-0.017344177917795356,0
18019,-0.7772157679069948,-1.3513790100618404,0
18022,0.21304567634705826,1.232881508678894,2
18024,-0.39452570740503745,-0.28256769606935517,0
18027,-0.4145681009882638,-0.2761480553590777,0
18030,-0.6457689766366491,-1.0217102538690392,0
18032,-0.7692985240299293,-1.3539086744183555,0
18033,-0.283230132561358,0.053653745542834426,0
18034,0.08297847552430393,0.9529942084221565,2
18035,-0.1019493977819543,0.2799746601620683,2
18036,-0.03162922290278467,0.7617425352793793,2
18037,-0.45202982051384266,-0.35155704665368137,0
18040,-0.42371527923120034,-0.40767548149178207,0
18041,1.1223410125911797,1.584090998541759,2
18042,-0.6864614467212893,-1.116677814721802,0
18043,0.06767467492831411,1.0197844864728043,2
18044,0.25667812160550385,0.7902960390488472,2
18045,-0.21610741643519296,0.29587531500798087,2
18048,-0.7078871754888573,-1.2322186765921284,0
18050,-0.7695131542497315,-1.3538409917703018,0
18053,-0.379920603643961,-0.3298522987397378,0
18055,1.086945220084461,1.3701794045144045,2
18056,-0.40043983922180365,-0.3680722721087977,0
18058,-0.8627602623363239,-1.695767704830044,0
18059,-0.42721378529494286,-0.4560706091390205,0
18061,-0.1630159229961609,-0.4912663859181483,0
18062,-0.29596615690344336,-0.23436458764893273,0
18064,-0.5826976933796351,-1.1499233717538102,0
18065,0.3384863408473044,0.9665660317530602,2
18066,-0.5782868180390639,-0.8593260555328384,0
18067,-0.23705582014076232,0.14367221461683413,2
18068,-1.064837616047731,-2.266640617403576,0
18069,0.6399303320396409,1.883082822554137,2
18071,-0.33748767729949114,-0.22105744187104354,0
18072,-0.44101964906778757,-0.3103174917590671,0
18073,0.34881324804678443,-0.44051154449201607,0
18074,-0.4881649511522846,-0.6670660837664776,0
18075,0.3778437315299058,0.8398778761784044,2
18077,0.4502022255279331,0.8535428096364462,2
18078,-0.3225770866880657,-0.08450509777014033,0
18079,1.3233177724547274,0.5577997429636036,2
18080,-0.7725838098122602,-1.9884657695129075,0
18081,-0.48103678200760863,-0.6060485869475186,0
18082,-0.011563763907948353,0.5595700863224717,2
18084,-0.9140129485372979,-1.9430269039234331,0
18085,-0.296034817021612,-0.16099537943282952,0
18086,-0.6811552999158652,-1.118331037911966,0
18087,0.11893874124667952,-1.3740329607431152,0
18088,-0.2750417922914762,0.1307371906838442,2
18092,0.9936905782193444,-0.47432381008437774,2
18093,0.03432308870623265,-0.07628300683957154,2
18094,0.33419213862747493,0.032532361832154785,2
18095,-0.3397278705287985,-0.3427451984133854,0
18096,0.27310199972009563,1.3115244912050275,2
18097,0.3185636199218351,0.5102383782439192,2
18099,-0.425379786339107,-0.3600625653380859,0
18101,-0.2589049065962641,0.17512323240869548,2
18102,30.33031975136387,-8.386864122602795,1
18104,-0.1687391000389289,0.17004765451476417,2
18105,-0.45838526093601156,-0.39655433491208486,0
18106,-0.26656958733558483,0.0755578720512497,2
18108,-0.4552149608638519,-0.4471682968108319,0
18109,1.2713941957051393,0.746857631758434,2
18110,-0.2961171708618254,0.0850579648399935,2
18112,-0.315049163146658,-0.12022116602463852,0
18113,-1.0574009516892957,-2.268988541282009,0
18114,-0.33570943814642296,-0.0481315719224175,0
18116,0.4267316624523543,1.6104804472553609,2
18117,-0.017676429086536573,0.6450321586680118,2
18118,1.221892305763521,1.9146668630930286,2
18119,-0.3199576594429541,-0.022052162078318987,0
18120,-0.4751417006053479,-0.4407698751349038,0
18121,-0.24500492109887786,-0.07712816849973378,0
18122,0.524796021574913,1.6141860334605929,2
18123,-0.20447985577775518,0.00023613662173517356,0
18125,0.309257059422909,1.3396303015869528,2
18126,-0.16511465226719568,0.4501817963252737,2
18127,-0.2076131056268341,0.25047767675567256,2
18129,-0.5395235347052937,-0.650583964495448,0
18130,0.030984954938964245,0.48579166487300324,2
18133,-0.90741243277175,-1.9454253485282926,0
18135,-0.4905522178826421,-0.8076294650970707,0
18136,-0.1953911579356515,0.07936089901729917,2
18138,-0.6553801381432481,-1.0186270307932126,0
18139,1.1780961598067885,-0.30932498810799286,2
18141,-1.0786631546092622,-2.2621864803454694,0
18142,-0.3786254480068037,-1.0103503107943859,0
18143,-0.0038829697053981253,0.5122779920012358,2
18144,0.059240582969073086,-0.2069178197636787,0
18145,0.7300268543874179,1.2591601005694057,2
18146,-0.5847125779595358,-0.8572104711112847,0
18147,-0.6607809348762526,-1.1248350197991592,0
18149,-0.5018951246760167,-0.8039957725505549,0
18150,-0.2583601444804418,-0.04178810893472772,0
18151,-0.17804537072532312,0.17305018491576318,2
18154,-0.45062795689182106,-0.5565982870356858,0
18155,-0.39496024826978715,-0.3698036915003191,0
18156,0.06688502863726224,0.9670937751598103,2
18158,-0.3133071283458185,-0.19133124548533856,0
18159,-0.34861336502286994,-0.2175637528636729,0
18160,-0.195012178459297,0.1546444488370053,2
18161,0.03233357572127314,0.3334503075941393,2
18164,-0.34249026922048553,-0.18204172697597232,0
18165,-0.5585100217192579,-0.8655951592277868,0
18167,-0.22796377796044845,-0.18292107067296454,0
18168,0.14946797713992088,0.94969390673255,2
18169,-0.6199014711714275,-0.9333831449942132,0
18170,-0.21336842441595408,-0.05626729351912731,0
18171,-0.08284664455464252,0.2530838886159876,2
18172,1.043949699615021,0.6627316006141513,2
18173,-0.06360633795048376,-0.30877955281100056,0
18174,-1.058305458846438,-2.2687148584588708,0
18176,-0.2669267045609643,-0.008971282328348148,0
18177,0.013046383941457892,0.410225494850855,2
18178,0.18198683569128105,0.7279572928483168,2
18179,0.27395525737354554,0.764131242691729,2
18180,0.3902008560101549,0.9337544895563928,2
18181,-0.22019852380763813,0.23238496089305086,2
18183,-0.19538737134027812,0.1303490575067858,2
18184,-1.061303417728077,-2.2677371824201202,0
18185,-0.4374093761349728,-0.4528384514868468,0
18188,0.18115952784756148,0.5121960327459775,2
18189,0.027537091834891014,0.5895856380773117,2
18190,-0.4947577821576171,-0.6016605825660648,0
18191,-0.6675327762950393,-1.122705929259126,0
18192,-0.11142414303504435,0.3030000651914178,2
18193,-0.45397038093772213,-0.44753830076245726,0
18194,-0.5667534904132412,-1.1550232746829805,0
18196,0.16043084721315987,1.1826409338466946,2
18198,0.8850879344434851,0.514356707089118,2
18200,-0.325327265016,-0.020333321249102844,0
18202,0.011829803145975587,0.44389019892192577,2
18203,-0.44130876955451454,-0.355003324568293,0
18204,0.4252023646828266,1.2742386678571507,2
18205,-0.2738417506912189,-0.006809855731331233,0
18209,-0.6536065431969744,-1.019183370227078,0
18210,0.40976325536068275,0.9355368329242717,2
18211,-0.18875262189380687,0.15267620382754865,2
18212,-0.31293915051835025,0.005744267746428925,0
18213,-0.46759984090192314,-0.5511312692240538,0
18215,-0.5141305394332119,-0.6587333225438645,0
18216,-0.312407078052758,-0.1211220918489274,0
18217,-0.2492959126529866,-0.10790064499039095,0
18218,-0.3672583776707425,-0.47524847126930136,0
18219,0.12028697192843145,0.4569786949916694,2
18220,-0.9009717086925536,-1.947267493571374,0
18221,0.030407071243275546,0.501379237853312,2
18222,-0.37606213151186546,-0.3758474587842873,0
18223,0.9506300103691875,0.841811593131279,2
18224,-0.5969380635140014,-0.8533297576447922,0
18225,0.9803692171552606,1.0494085843667196,2
18226,0.9855093430012192,0.9855084444820801,2
18227,-0.7706674735754591,-1.3534839978454505,0
18228,-0.3150468015449509,-0.22833244658961815,0
18229,0.8161935493999829,0.350070692908549,2
18230,0.08241980847059983,-0.0636617011771208,2
18231,0.2706235269919859,0.9546365273693322,2
18232,-0.244623972380618,0.012972904817752247,0
18233,-1.0374145700608615,-2.2755075126778754,0
18235,0.3454054249721012,0.8781570566246926,2
18236,-0.12636583010073202,0.24599116341591504,2
18237,-0.09888936833073361,0.19358484678077043,2
18239,0.15449182118033858,0.7366891678132177,2
18240,-0.6875291763620218,-1.2388007657604567,0
18241,0.15595128226803187,0.4761830758846205,2
18242,0.2137514416209431,0.6222852708039627,2
18245,0.5487293316841944,1.211574897782419,2
18246,-0.816624199951572,-1.7106159760155804,0
18248,-0.13962949199704597,0.1839907226241666,2
18249,-0.6470987472415737,-1.021227609899684,0
18250,-0.37862257589567433,-0.2876662356077778,0
18251,0.9775274426845809,-0.9562067125783795,0
18252,0.019155603337538737,0.886797192254693,2
18255,-0.7211797425229481,-1.2279666210532323,0
18256,-0.8441393343506384,-1.4971338113255879,0
18257,0.2965946644539859,0.8750975652735009,2
18259,-0.07651110075390295,-0.16356793304179001,0
18260,0.35370237086712764,0.7384411770448585,2
18261,-0.41303951475112427,-0.36405442327245874,0
18262,-0.5171788427065305,-0.6576934174200509,0
18263,0.14272037524031433,0.4656480992343641,2
18265,-0.13413224179138022,0.2901462556113244,2
18268,-1.074033295076956,-2.263672987553388,0
18269,-0.6832689676311264,-1.1176783773496133,0
18270,-0.5418465894651919,-0.7178032208786096,0
18272,0.5138320246806716,0.8149736349603283,2
18273,-1.0457888026760853,-2.272735654179044,0
18274,-0.5967274936398997,-0.7736026204458053,0
18276,-0.48426836680637053,-0.6050132564164907,0
18277,-0.6276389884238955,-0.9308766908251104,0
18278,-0.6215356081870573,-0.9328506138700011,0
18280,-0.5986248627051495,-0.8528048811332866,0
18281,-0.6903333345311325,-1.1154082580538294,0
18282,-0.546809731252721,-0.7161979087545224,0
18283,0.5898976614091732,1.6807226953522938,2
18287,0.21117169845632927,0.4436207465159575,2
