StockCode,Description,TotalQuantity,TransactionCount,UniqueCustomers,TotalRevenue,AverageUnitPrice
10002,INFLATABLE POLITICAL GLOBE,823,49,40,699.55,0.85
10080,GROOVY CACTUS INFLATABLE,291,21,19,114.41,0.41190476190476194
10120,DOGGY RUBBER,192,29,25,40.32,0.21
10123C,HEARTS WRAPPING TAPE,5,3,3,3.25,0.65
10124A,SPOTS ON RED BOOKCOVER TAPE,16,5,5,6.72,0.42000000000000004
10124G,ARMY CAMO BOOKCOVER TAPE,17,4,4,7.14,0.42
10125,MINI FUNKY DESIGN TAPES,1225,61,49,929.45,0.7817460317460317
10133,COLOURING PENCILS BROWN TUBE,2363,123,101,1134.79,0.5283739837398373
10135,COLOURING PENCILS BROWN TUBE,1935,118,92,1782.94,1.19725
11001,ASSTD DESIGN RACING CAR PEN,1067,67,45,1715.95,1.8340579710144926
15030,FAN BLACK FRAME,143,12,11,41.47,0.29
15034,PAPER POCKET TRAVELING FAN,5034,95,70,588.7700000000001,0.13557894736842105
15036,ASSORTED COLOURS SILK FAN,21132,328,194,15538.76,0.8045288753799392
15039,SANDALWOOD FAN,1532,73,58,1110.2,0.8368493150684931
15044A,PINK PAPER PARASOL,421,79,53,1227.63,3.0168354430379747
15044B,BLUE PAPER PARASOL,306,49,37,862.7,2.933673469387755
15044C,PURPLE PAPER PARASOL,268,62,43,771.4000000000001,2.9370967741935488
15044D,RED PAPER PARASOL,627,75,54,1727.29,2.9558666666666666
15056BL,EDWARDIAN PARASOL BLACK,2649,296,142,14566.17,5.887905405405406
15056N,EDWARDIAN PARASOL NATURAL,3777,384,184,20406.86,5.861165803108808
15056P,EDWARDIAN PARASOL PINK,757,139,89,4184.06,5.9320863309352525
15058A,BLUE POLKADOT GARDEN PARASOL,143,55,41,1067.25,7.775454545454546
15058B,PINK POLKADOT GARDEN PARASOL,110,43,32,828.9,7.838372093023256
15058C,ICE CREAM DESIGN GARDEN PARASOL,193,30,26,894.35,6.35
15060B,FAIRY CAKE DESIGN UMBRELLA,410,96,68,1479.12,3.8195833333333336
16008,SMALL FOLDING SCISSOR(POINTED EDGE),2892,70,54,360.71,0.13614285714285712
16010,FOLDING CAMPING SCISSOR W/KNIF & S,30,3,3,3.5999999999999996,0.12
16011,ANIMAL STICKERS,1749,46,38,367.29,0.21
16012,FOOD/DRINK SPONGE STICKERS,1220,35,33,256.2,0.21
16014,SMALL CHINESE STYLE SCISSOR,13328,54,34,4335.76,0.4014814814814815
16015,MEDIUM CHINESE STYLE SCISSOR,662,24,19,289.98,0.48833333333333334
16016,LARGE CHINESE STYLE SCISSOR,1273,65,41,1053.45,0.8460000000000001
16020C,CLEAR STATIONERY BOX SET,6,2,1,5.1,0.85
16033,MINI HIGHLIGHTER PENS,840,4,4,100.79999999999998,0.12
16043,POP ART PUSH DOWN RUBBER,98,2,2,11.759999999999998,0.12
16045,POPART WOODEN PENCILS ASST,8900,68,61,380.0,0.043478260869565216
16046,TEATIME PEN CASE & PENS,64,13,13,54.4,0.85
16048,TEATIME ROUND PENCIL SHARPENER,1436,47,41,186.72,0.13249999999999998
16049,TEATIME GEL PENS ASST,504,5,5,82.08,0.24
16052,TEATIME PUSH DOWN RUBBER,467,6,5,105.28999999999999,0.305
16054,POPART RECT PENCIL SHARPENER ASST,1058,34,29,127.56,0.1288235294117647
16151A,FLOWERS HANDBAG blue and orange,49,3,3,61.25,1.25
16156L,WRAP CAROUSEL,375,14,13,157.5,0.42
16156L,"WRAP, CAROUSEL",100,4,4,42.0,0.42
16156S,WRAP PINK FAIRY CAKES,5800,167,135,2331.0,0.4168862275449102
16161G,WRAP BAD HAIR DAY,700,22,22,70.0,0.1
16161M,WRAP  PINK FLOCK,25,1,1,10.5,0.42
16161P,WRAP ENGLISH ROSE,7176,249,189,2969.92,0.41943775100401604
16161U,WRAP SUKI AND FRIENDS,4050,135,105,1677.0,0.41955555555555557
16162L,THE KING GIFT BAG,17,6,5,11.05,0.65
16162M,THE KING GIFT BAG 25x24x12cm,26,7,6,10.92,0.42
16168M,FUNKY MONKEY GIFT BAG MEDIUM,329,20,19,138.18,0.42000000000000004
16169E,WRAP 50'S  CHRISTMAS,4438,151,143,1839.96,0.4192105263157895
16169K,WRAP FOLK ART,200,8,8,84.0,0.42
16169M,WRAP DAISY CARPET,660,25,24,277.2,0.42
16169N,WRAP BLUE RUSSIAN FOLKART,25,1,1,10.5,0.42
16169P,WRAP GREEN RUSSIAN FOLKART,50,2,2,21.0,0.42
16202A,PASTEL PINK PHOTO ALBUM,7,2,2,3.5,0.5
16202B,PASTEL BLUE PHOTO ALBUM,29,2,2,14.5,0.5
16202E,BLACK PHOTO ALBUM,14,4,4,1.9500000000000002,1.7625
16206B,RED PURSE WITH PINK HEART,7,2,2,8.75,1.25
16207A,PINK STRAWBERRY HANDBAG,13,5,4,38.35000000000001,2.95
16207B,PINK HEART RED HANDBAG,4,3,3,11.31,2.7866666666666666
16216,LETTER SHAPE PENCIL SHARPENER,3316,41,38,227.14,0.09463414634146342
16218,CARTOON  PENCIL SHARPENERS,3760,50,43,253.2,0.0732
16219,HOUSE SHAPE PENCIL SHARPENER,2867,48,41,307.02,0.09020833333333333
16225,RATTLE SNAKE EGGS,760,75,57,596.84,1.1866666666666668
16235,RECYCLED PENCIL WITH RABBIT ERASER,2628,81,68,517.98,0.2139506172839506
16236,KITTY PENCIL ERASERS,1296,73,59,266.56,0.20931506849315068
16237,SLEEPING CAT ERASERS,4535,163,109,872.85,0.20610778443113772
16238,PARTY TIME PENCIL ERASERS,1259,78,61,265.09,0.2362820512820513
16244B,MAXWELL 2 TONE BLUE 60 PAGE PHOTO A,7,2,2,7.85,1.225
16248B,BLUE HOLE PUNCH,13,7,7,16.25,1.25
16254,TRANSPARENT ACRYLIC TAPE DISPENSER,31,9,7,27.91,1.0233333333333332
16258A,SWIRLY CIRCULAR RUBBERS IN BAG,444,39,29,156.10999999999999,0.45820512820512815
16259,PIECE OF CAMO STATIONERY SET,3272,32,28,317.92,0.09625
17001,HEAVENS SCENT FRAGRANCE OILS ASSTD,72,1,1,20.88,0.29
17003,BROCADE RING PURSE,22924,209,136,5796.81,1.134644549763033
17007B,S/3 POT POURI CUSHIONS BLUE COLOURS,24,2,2,50.400000000000006,2.1
17011F,ORIGAMI SANDLEWOOD INCENSE+FLOWER,80,6,6,62.150000000000006,1.1333333333333335
17012A,ORIGAMI VANILLA INCENSE/CANDLE SET,270,24,21,244.89999999999998,1.1079999999999999
17012B,ORIGAMI JASMINE INCENSE/CANDLE SET,455,36,33,422.54999999999995,1.0763888888888888
17012C,ORIGAMI LAVENDER INCENSE/CANDL SET,362,43,37,341.79999999999995,1.1186046511627907
17012D,ORIGAMI ROSE INCENSE/CANDLE SET,385,44,35,362.95,1.0818181818181818
17012E,ORIGAMI OPIUM INCENSE/CANDLE SET,35,3,3,40.05,1.8666666666666665
17012F,ORIGAMI SANDLEWOOD INCENSE/CAND SET,365,42,33,329.05,1.0035714285714286
17013D,ORIGAMI ROSE INCENSE IN TUBE,532,11,10,257.88,0.8672727272727272
17014A,ORIGAMI VANILLA INCENSE CONES,154,7,7,67.83,0.6071428571428571
17021,NAMASTE SWAGAT INCENSE,2391,47,30,632.34,0.29411764705882354
17028J,INCENSE BAZAAR PEACH,6,1,1,2.52,0.42
17038,PORCELAIN BUDAH INCENSE HOLDER,1501,19,18,138.1,0.09526315789473684
17084A,TRANQUILITY MASALA INCENSE,200,7,7,42.0,0.21
17084J,LOVE POTION MASALA INCENSE,225,8,8,47.25,0.21
17084N,FAIRY DREAMS INCENSE,1025,32,25,212.75,0.2084375
17084P,DRAGONS BLOOD INCENSE,349,13,12,73.29,0.21
17084R,ASSORTED INCENSE PACK,4032,27,16,760.3199999999999,0.20259259259259257
17090A,LAVENDER INCENSE 40 CONES IN TIN,109,10,9,107.44999999999999,1.17
17090D,VANILLA INCENSE 40 CONES IN TIN,29,12,6,36.25,1.25
17091A,LAVENDER INCENSE IN TIN,171,25,19,98.91,0.7976000000000001
17091J,VANILLA INCENSE IN TIN,2066,87,66,876.34,0.5476923076923077
17096,ASSORTED LAQUERED INCENSE HOLDERS,2516,13,12,443.76000000000005,0.20076923076923076
17107D,FLOWER FAIRY 5 DRAWER LINERS,59,20,18,150.45,2.55
17107D,FLOWER FAIRY 5 SUMMER DRAW LINERS,6,1,1,15.299999999999999,2.55
17107D,"FLOWER FAIRY,5 SUMMER B'DRAW LINERS",105,25,24,267.75,2.55
17109D,FLOWER FAIRY INCENSE BOUQUET,61,5,4,32.349999999999994,0.9039999999999999
17129F,BLUE GLASS GEMS IN BAG,425,20,11,289.55,0.844
17136A,BLUE STONES ON WIRE FOR CANDLE,352,17,16,29.59,0.10294117647058823
17164B,ASS COL SMALL SAND GECKO P'WEIGHT,27,9,9,11.34,0.42
17165D,ASS COL LARGE SAND FROG P'WEIGHT,27,7,6,28.35,1.05
17174,ASSTD RASTA KEY-CHAINS,9,3,3,3.7800000000000002,0.42
17191A,ROSE FLOWER CANDLE+INCENSE 16X16CM,4,2,1,15.0,3.75
18007,ESSENTIAL BALM 3.5g TIN IN ENVELOPE,5856,17,15,383.76,0.16666666666666666
18094C,WHITE AND BLUE CERAMIC OIL BURNER,134,15,13,153.1,1.1966666666666665
18097A,PINK TALL PORCELAIN T-LIGHT HOLDER,5,4,4,12.75,2.55
18097C,WHITE TALL PORCELAIN T-LIGHT HOLDER,377,54,43,889.35,2.494444444444444
18098C,PORCELAIN BUTTERFLY OIL BURNER,193,36,24,540.5500000000001,2.918421052631579
20615,BLUE POLKADOT PASSPORT COVER,231,35,28,233.34,1.4831428571428573
20616,CHERRY BLOSSOM PASSPORT COVER,134,25,19,122.78,1.3172
20617,FIRST CLASS PASSPORT COVER,66,26,20,137.74,2.224615384615385
20618,QUEEN OF THE SKIES PASSPORT COVER,68,28,20,137.88000000000002,2.0707142857142857
20619,TROPICAL PASSPORT COVER,142,22,16,206.23000000000002,2.309090909090909
20622,VIP PASSPORT COVER,35,11,8,73.5,2.1
20622,VIPPASSPORT COVER,127,21,18,164.58,1.9323809523809523
20652,BLUE POLKADOT LUGGAGE TAG,147,33,26,191.01,1.4333333333333333
20653,CHERRY BLOSSOM LUGGAGE TAG,33,6,5,43.67,1.6533333333333333
20654,FIRST CLASS LUGGAGE TAG,105,23,21,126.69,1.2341666666666666
20655,QUEEN OF SKIES LUGGAGE TAG,89,34,20,109.11,1.31
20657,TROPICAL LUGGAGE TAG,61,22,20,76.39,1.3513636363636363
20658,RED RETROSPOT LUGGAGE TAG,327,59,44,408.75,1.25
20659,ECONOMY LUGGAGE TAG,94,29,18,139.56,1.5499999999999998
20661,BLUE POLKADOT PURSE,9,5,3,35.07,4.654
20662,FIRST CLASS HOLIDAY PURSE,11,5,4,40.97,4.086
20663,QUEEN OF THE SKIES HOLIDAY PURSE,3,3,3,11.690000000000001,3.896666666666667
20664,TROPICAL HOLIDAY PURSE,6,3,3,17.700000000000003,2.9500000000000006
20665,RED RETROSPOT PURSE,340,73,58,998.2000000000002,2.944520547945206
20666,ECONOMY HOLIDAY PURSE,4,4,4,11.8,2.95
20667,CHERRY BLOSSOM PURSE,1,1,1,2.95,2.95
20668,DISCO BALL CHRISTMAS DECORATION,12618,181,111,1397.04,0.11847826086956523
20669,RED HEART LUGGAGE TAG,195,42,36,243.75,1.25
20670,VIP HOLIDAY PURSE,8,6,5,29.28,3.896666666666667
20671,BLUE TEATIME PRINT BOWL,10,2,2,12.5,1.25
20674,GREEN POLKADOT BOWL,1354,150,101,1625.31,1.2517218543046358
20675,BLUE POLKADOT BOWL,2716,225,150,3163.65,1.2419383259911896
20676,RED RETROSPOT BOWL,4288,301,186,4953.2300000000005,1.243774834437086
20677,PINK POLKADOT BOWL,3152,221,133,3633.8300000000004,1.2583856502242152
20678,LARGE BLACK DIAMANTE HAIRSLIDE,4,1,1,6.6,1.65
20679,EDWARDIAN PARASOL RED,1621,273,142,9002.32,5.920693430656934
20681,PINK POLKADOT CHILDRENS UMBRELLA,123,35,30,399.75,3.25
20682,RED RETROSPOT CHILDRENS UMBRELLA,1120,188,140,3564.66,3.3109523809523806
20684,STRAWBERRY DREAM CHILDS UMBRELLA,77,32,30,250.25,3.25
20685,DOORMAT RED RETROSPOT,3831,583,329,24903.63,7.749760273972602
20686,DOLLY MIXTURE CHILDREN'S UMBRELLA,252,64,51,822.38,3.3028125
20694,FLORAL PINK MONSTER,36,10,9,135.0,3.75
20695,FLORAL BLUE MONSTER,5,4,4,21.25,4.25
20696,FLORAL SOFT CAR TOY,32,10,10,120.0,3.75
20697,LITTLE GREEN MONSTER SOFT TOY,17,9,8,43.349999999999994,2.55
20698,LITTLE PINK MONSTER SOFT TOY,16,7,7,40.8,2.55
20699,MOUSEY LONG LEGS SOFT TOY,29,11,11,73.94999999999999,2.55
20700,GREEN CAT FLORAL CUSHION COVER,10,4,4,37.5,3.75
20701,PINK CAT FLORAL CUSHION COVER,6,3,3,22.5,3.75
20702,PINK PADDED MOBILE,127,40,31,539.75,4.25
20703,BLUE PADDED SOFT MOBILE,-6,4,3,-25.5,4.25
20704,MR ROBOT SOFT TOY,207,40,38,598.65,4.825
20705,MRS ROBOT SOFT TOY,142,29,27,426.9,4.708620689655173
20707,CRAZY DAISY HEART DECORATION,154,32,20,194.27,1.5346875
20711,JUMBO BAG TOYS,4176,252,152,7648.97,2.0079133858267717
20712,JUMBO BAG WOODLAND ANIMALS,7947,501,248,15085.14,2.0346442687747035
20713,JUMBO BAG OWLS,10208,417,207,18615.59,2.0167298578199055
20716,PARTY FOOD SHOPPER BAG,314,34,31,373.5,1.2445714285714287
20717,STRAWBERRY SHOPPER BAG,2024,232,150,2440.88,1.2759322033898306
20718,RED RETROSPOT SHOPPER BAG,4233,388,237,5077.32,1.2648593350383632
20719,WOODLAND CHARLOTTE BAG,9107,539,238,7174.54,0.8447619047619048
20723,STRAWBERRY CHARLOTTE BAG,6767,504,232,5453.99,0.8589566929133857
20724,RED RETROSPOT CHARLOTTE BAG,12582,755,335,9952.14,0.8482984293193717
20725,LUNCH BAG RED RETROSPOT,17024,1329,532,27050.4,1.6571375464684015
20725,LUNCH BAG RED SPOTTY,200,1,1,290.0,1.45
20726,LUNCH BAG WOODLAND,9009,839,373,14362.61,1.658705882352941
20727,LUNCH BAG  BLACK SKULL.,11128,1073,458,17764.6,1.6429026387625114
20728,LUNCH BAG CARS BLUE,10575,989,481,16887.03,1.656
20731,POSY CANDY BAG,74,8,8,92.5,1.25
20733,GOLD MINI TAPE MEASURE,616,47,30,471.2,0.83625
20735,BLACK MINI TAPE MEASURE,158,30,11,121.3,0.8456666666666667
20748,KENSINGTON COFFEE SET,53,30,26,675.75,12.75
20749,ASSORTED COLOUR MINI CASES,1709,371,239,12043.91,7.792688172043011
20750,RED RETROSPOT MINI CASES,1705,369,235,12161.15,7.7510810810810815
20751,FUNKY WASHING UP GLOVES ASSORTED,940,172,127,1914.96,2.095367231638418
20752,BLUE POLKADOT WASHING UP GLOVES,358,117,92,751.8000000000001,2.1
20754,RETROSPOT RED WASHING UP GLOVES,1354,240,153,2666.28,2.0898765432098765
20755,BLUE PAISLEY POCKET BOOK,291,50,44,247.35,0.85
20756,GREEN FERN POCKET BOOK,63,22,20,53.55,0.85
20757,RED DAISY POCKET BOOK,155,30,30,132.53,0.8751612903225806
20758,ABSTRACT CIRCLES POCKET BOOK,158,41,35,134.29999999999998,0.85
20759,CHRYSANTHEMUM POCKET BOOK,64,20,17,54.4,0.85
20760,GARDEN PATH POCKET BOOK,69,21,18,58.65,0.85
20761,BLUE PAISLEY SKETCHBOOK,107,52,46,408.67,3.821346153846154
20762,GREEN FERN SKETCHBOOK,101,51,42,382.46,3.8227450980392157
20763,DAISY SKETCHBOOK,71,25,24,189.96,3.6984
20764,ABSTRACT CIRCLES SKETCHBOOK,126,60,45,483.63,3.9324590163934428
20765,CHRYSANTHEMUM SKETCHBOOK,94,51,45,367.34,3.968235294117647
20766,GARDEN PATH SKETCHBOOK,111,47,41,414.58,3.887916666666667
20767,BLUE PAISLEY JOURNAL,214,58,50,534.3199999999999,2.625344827586207
20768,GREEN FERN JOURNAL,130,36,31,317.71,2.6044444444444443
20769,DAISY JOURNAL,66,26,21,173.11999999999998,2.6426923076923075
20770,ABSTRACT CIRCLE JOURNAL,107,28,24,256.65,2.533928571428571
20771,CHRYSANTHEMUM  JOURNAL,70,27,21,180.91,2.639259259259259
20772,GARDEN PATH JOURNAL,217,47,40,531.91,2.591702127659574
20773,BLUE PAISLEY NOTEBOOK,56,23,21,92.39999999999999,1.6499999999999997
20774,GREEN FERN NOTEBOOK,52,22,21,85.8,1.65
20775,DAISY NOTEBOOK,63,20,19,103.94999999999999,1.65
20777,CHRYSANTHEMUM NOTEBOOK,95,36,32,156.75,1.65
20778,GARDEN PATH NOTEBOOK,15,8,8,24.75,1.65
20780,BLACK EAR MUFF HEADPHONES,36,17,13,192.86,5.737777777777778
20781,GOLD EAR MUFF HEADPHONES,28,21,19,146.64000000000001,5.152857142857143
20782,CAMOUFLAGE EAR MUFF HEADPHONES,39,17,12,215.87,5.593529411764706
20785,FUSCHIA RETRO BAR STOOL,14,5,4,523.3000000000001,39.15
20793,BLUE TILED TRAY,3,5,4,20.25,6.75
20794,BLUE  TILE HOOK,76,17,15,190.2,2.525
20795,LARGE BLUE PROVENCAL CERAMIC BALL,38,10,6,79.80000000000001,2.1
20796,SMALL BLUE PROVENCAL CERAMIC BALL,61,8,8,100.64999999999999,1.65
20798,CLEAR MILKSHAKE GLASS,32,6,6,69.00000000000001,2.025
20801,LARGE PINK GLASS SUNDAE DISH,816,56,47,684.16,0.9338596491228071
20802,SMALL GLASS SUNDAE DISH CLEAR,609,46,40,710.3699999999999,1.4497826086956522
20803,SMALL PINK GLASS SUNDAE DISH,843,33,26,355.35,0.5136363636363637
20816,GOLD FLOWER CUSHION COVER,8,2,1,15.6,1.95
20818,GOLD TEDDY BEAR,12,2,2,20.0,2.5
20819,SILVER TEDDY BEAR,48,16,14,183.71,3.981875
20820,SILVER LOOKING MIRROR,5,2,2,24.75,4.95
20821,GOLDIE LOOKING MIRROR,4,7,5,19.8,4.95
20823,GOLD WINE GOBLET,160,7,6,126.4,0.79
20826,SILVER APERITIF GLASS,276,8,7,128.4,0.8225
20827,GOLD APERITIF GLASS,88,2,1,34.32,0.39
20828,GLITTER BUTTERFLY CLIPS,1010,177,116,2489.1,2.5402173913043478
20829,GLITTER HANGING BUTTERFLY STRING,1144,169,90,2323.13,2.146551724137931
20830,SILVER PHOTO FRAME,74,21,20,155.4,2.1
20831,GOLD PHOTO FRAME,169,24,19,272.34000000000003,1.8645833333333333
20832,RED FLOCK LOVE HEART PHOTO FRAME,1009,56,47,516.8299999999999,0.5826315789473684
20835,FRENCH LATTICE CUSHION COVER,66,7,7,54.779999999999994,0.83
20836,FRENCH PAISLEY CUSHION COVER,158,18,14,131.14,0.83
20837,FRENCH FLORAL CUSHION COVER,141,15,14,142.47,0.9713333333333334
20838,FRENCH LATTICE CUSHION COVER,318,34,30,272.74,0.9217647058823529
20839,FRENCH PAISLEY CUSHION COVER,452,49,44,411.84,0.9855102040816326
20840,FRENCH FLORAL CUSHION COVER,452,44,35,389.08,0.9584444444444443
20845,ZINC HEART LATTICE 2 WALL PLANTER,19,11,7,120.64999999999999,6.35
20846,ZINC HEART LATTICE T-LIGHT HOLDER,646,62,50,784.22,1.2601587301587303
20847,ZINC HEART LATTICE CHARGER LARGE,46,14,12,172.5,3.75
20848,ZINC HEART LATTICE CHARGER SMALL,21,8,7,61.95,2.95
20851,ZINC HEART LATTICE TRAY OVAL,9,7,5,53.550000000000004,5.95
20854,BLUE PATCH PURSE PINK HEART,150,18,16,229.69999999999996,1.6388888888888888
20856,DENIM PATCH PURSE PINK BUTTERFLY,130,28,26,214.5,1.65
20857,BLUE ROSE PATCH PURSE PINK BUTTERFL,17,9,7,28.049999999999997,1.65
20861,GOLD COSMETIC BAG PINK STAR,2,2,2,4.2,2.1
20866,BLUE ROSE FABRIC MIRROR,288,38,34,360.14,1.2986842105263159
20867,PINK ROSE FABRIC MIRROR,187,25,23,231.47,1.2424
20868,SILVER FABRIC MIRROR,381,31,29,159.26000000000002,0.567741935483871
20869,GOLD FABRIC MIRROR,139,17,17,54.21000000000001,0.39
20878,SET/9 CHRISTMAS T-LIGHTS SCENTED,24,7,7,30.0,1.25
20886,BOX OF 9 PEBBLE CANDLES,446,78,56,839.6999999999999,1.9462025316455696
20892,SET/3 TALL GLASS CANDLE HOLDER PINK,1,1,1,12.75,12.75
20893,HANGING BAUBLE T-LIGHT HOLDER SMALL,222,20,16,490.95,2.46
20894,HANGING BAUBLE T-LIGHT HOLDER LARGE,25,9,9,73.75,2.95
20897,VINTAGE NOTEBOOK PARIS DAYS,73,10,9,194.95,2.91
20898,VINTAGE NOTEBOOK TRAVELOGUE,19,5,4,56.050000000000004,2.9500000000000006
20901,VINTAGE KEEPSAKE BOX PINK FLOWER,1,3,2,6.35,6.349999999999999
20902,VINTAGE KEEPSAKE BOX PARIS DAYS,33,6,6,190.35,6.216666666666666
20903,VINTAGE KEEPSAKE BOX TRAVELOGUE,20,10,10,127.0,6.35
20906,VINTAGE NOTEBOOK BEAUTY GIRL,3,2,2,8.850000000000001,2.95
20910,VINTAGE PHOTO ALBUM PARIS DAYS,8,3,2,50.8,6.349999999999999
20914,SET/5 RED RETROSPOT LID GLASS BOWLS,5764,797,360,16236.28,2.950446096654275
20914,SET/5 RED SPOTTY LID GLASS BOWLS,288,1,1,734.4,2.55
20931,BLUE POT PLANT CANDLE,249,39,35,753.1500000000001,3.1064102564102565
20932,PINK POT PLANT CANDLE,179,24,22,486.75000000000006,3.004166666666667
20933,YELLOW POT PLANT CANDLE,23,9,9,71.05,3.127777777777778
20934,SET/3 POT PLANT CANDLES,40,24,22,219.0,5.429166666666667
20935,ROUND CACTUS CANDLE,6,4,4,17.700000000000003,2.95
20936,FORKED CACTUS CANDLE,91,27,21,270.03000000000003,3.0825925925925928
20941,FROG CANDLE,59,18,14,73.75,1.25
20956,PORCELAIN T-LIGHT HOLDERS ASSORTED,723,61,51,907.38,1.2890322580645162
20957,PORCELAIN HANGING BELL SMALL,-1,1,1,-1.45,1.45
20961,STRAWBERRY BATH SPONGE,976,128,82,1239.36,1.3156589147286821
20963,APPLE BATH SPONGE,1100,122,83,1397.99,1.32744
20964,POLYESTER FILLER PAD 60x40cm,2,1,1,5.1,2.55
20966,SANDWICH BATH SPONGE,589,41,28,698.25,1.2453658536585366
20967,GREY FLORAL FELTCRAFT SHOULDER BAG,256,75,63,960.0,3.75
20969,RED FLORAL FELTCRAFT SHOULDER BAG,1729,259,157,6234.900000000001,3.817876447876448
20970,PINK FLORAL FELTCRAFT SHOULDER BAG,1077,232,141,3968.63,3.7807725321888412
20971,PINK BLUE FELT CRAFT TRINKET BOX,8896,461,277,10214.38,1.269225806451613
20972,PINK CREAM FELT CRAFT TRINKET BOX,7082,537,312,8587.24,1.2747697974217311
20973,12 PENCIL SMALL TUBE WOODLAND,3994,278,192,2542.7000000000003,0.665625
20974,12 PENCILS SMALL TUBE SKULL,6161,294,195,3862.65,0.6483443708609272
20975,12 PENCILS SMALL TUBE RED RETROSPOT,6273,311,231,4018.6500000000005,0.6490476190476191
20977,36 PENCILS TUBE WOODLAND,1520,146,111,1875.68,1.2487074829931972
20978,36 PENCILS TUBE SKULLS,1611,180,133,1989.43,1.2489617486338798
20979,36 PENCILS TUBE RED RETROSPOT,3358,246,165,4027.26,1.2445934959349594
20980,36 PENCILS TUBE POSY,18,12,11,22.5,1.25
20981,12 PENCILS TALL TUBE WOODLAND,1830,212,157,1555.5,0.8499999999999999
20982,12 PENCILS TALL TUBE SKULLS,2010,218,158,1702.26,0.8494117647058823
20983,12 PENCILS TALL TUBE RED RETROSPOT,2636,237,185,2234.3599999999997,0.8494715447154472
20984,12 PENCILS TALL TUBE POSY,3758,168,135,1154.2199999999998,0.3640229885057471
20985,HEART CALCULATOR,997,90,66,1136.45,1.2762105263157895
20986,BLUE CALCULATOR RULER,459,58,40,543.01,1.3231147540983605
20992,JAZZ HEARTS PURSE NOTEBOOK,4339,244,162,1845.87,0.45910852713178296
20996,JAZZ HEARTS ADDRESS BOOK,3054,184,124,648.12,0.2532972972972973
20997,ROSE DU SUD CUSHION COVER,15,5,4,74.25,4.95
20998,ROSE DU SUD OVEN GLOVE,119,28,27,348.25000000000006,2.935714285714286
21000,ROSE DU SUD COSMETICS BAG,45,16,16,191.25,4.25
21001,ROSE DU SUD WASHBAG,24,12,12,142.8,5.95
21002,ROSE DU SUD DRAWSTRING BAG,13,5,5,55.25,4.25
21003,ROSE DU SUD CUSHION COVER,13,6,6,82.55,6.349999999999999
21011,GLITTER SNOW PEAR TREE DECORATION,18,2,2,26.099999999999998,1.45
21012,ANTIQUE ALL GLASS CANDLESTICK,562,81,66,1122.8,2.085180722891566
21014,SWISS CHALET TREE DECORATION,1233,66,64,455.56999999999994,0.41
21015,DARK BIRD HOUSE TREE DECORATION,1245,67,59,376.16999999999996,0.3229411764705882
21018,BIRD BOX CHRISTMAS TREE DECORATION,22,4,4,18.7,0.85
21025,SPACE FROG,100,16,14,127.25,1.465
21026,SPACE OWL,140,22,20,173.62,1.3513636363636363
21027,NINJA RABBIT PINK,99,17,16,119.95,1.2394444444444443
21028,NINJA RABBIT BLACK,116,21,15,148.29,1.52
21030,SPACE CADET RED,111,21,19,141.17,1.305
21031,SPACE CADET BLACK,39,10,9,49.96,1.371
21032,SPACE CADET WHITE,64,15,13,83.63,1.492
21033,JUMBO BAG CHARLIE AND LOLA TOYS,920,109,75,1930.88,2.3156880733944956
21034,REX CASH+CARRY JUMBO SHOPPER,1811,862,480,1720.4499999999998,0.95
21035,SET/2 RED RETROSPOT TEA TOWELS,2115,221,151,6257.01,3.2860538116591926
21038,SET/4 MODERN VINTAGE COTTON NAPKINS,75,24,20,80.85000000000001,1.24
21039,RED RETROSPOT SHOPPING BAG,498,79,57,1254.06,2.7083544303797464
21040,MODERN VINTAGE COTTON SHOPPING BAG,22,8,8,29.7,1.67
21041,RED RETROSPOT OVEN GLOVE DOUBLE,566,141,100,1669.7000000000003,2.95
21042,RED RETROSPOT APRON,296,110,72,1762.5,5.938495575221239
21043,APRON MODERN VINTAGE COTTON,441,57,52,927.9499999999999,2.300877192982456
21051,RIBBONS PURSE,108,24,23,228.83,2.1845833333333333
21054,NURSE'S BAG SOFT TOY,68,27,24,608.5999999999999,8.95
21055,TOOL BOX SOFT TOY,138,83,63,1296.54,9.505180722891566
21056,DOCTOR'S BAG SOFT TOY,172,68,46,1622.28,9.725882352941175
21058,PARTY INVITES WOODLAND,1034,88,68,843.02,0.8644444444444445
21059,PARTY INVITES DINOSAURS,561,78,67,476.84999999999997,0.85
21060,PARTY INVITES BALLOON GIRL,356,53,47,302.59999999999997,0.85
21061,PARTY INVITES FOOTBALL,412,52,49,350.2,0.8499999999999999
21062,PARTY INVITES SPACEMAN,500,61,55,425.0,0.85
21063,PARTY INVITES JAZZ HEARTS,483,81,64,412.10999999999996,0.8692592592592592
21064,BOOM BOX SPEAKER BOYS,171,54,40,740.15,5.026785714285714
21065,BOOM BOX SPEAKER GIRLS,485,40,31,827.15,4.271428571428571
21066,VINTAGE RED MUG,675,42,33,641.37,1.2347619047619047
21067,VINTAGE RED TEATIME MUG,174,44,30,217.5,1.2415555555555555
21068,VINTAGE BILLBOARD LOVE/HATE MUG,1493,128,81,1592.05,1.2170542635658914
21069,VINTAGE BILLBOARD TEA MUG,1166,52,35,1304.7400000000002,1.231730769230769
21070,VINTAGE BILLBOARD MUG,1032,77,51,1058.54,1.3275641025641025
21071,VINTAGE BILLBOARD DRINK ME MUG,839,108,72,1014.62,1.2299090909090908
21078,SET/20 STRAWBERRY PAPER NAPKINS,2483,201,148,1972.73,0.8504950495049504
21080,SET/20 RED RETROSPOT PAPER NAPKINS,12288,734,427,9635.539999999999,0.8390374331550803
21084,SET/6 COLLAGE PAPER CUPS,2175,104,90,459.29,0.2569158878504673
21086,SET/6 RED SPOTTY PAPER CUPS,6573,285,167,3999.09,0.6589041095890411
21087,SET/6 POSIES PAPER CUPS,126,10,10,62.120000000000005,0.466
21088,SET/6 FRUIT SALAD PAPER CUPS,1564,75,67,343.14000000000004,0.2561333333333333
21089,SET/6 GREEN SPRING PAPER CUPS,231,24,23,45.730000000000004,0.22833333333333336
21090,SET/6 COLLAGE PAPER PLATES,1628,119,98,690.22,0.45766666666666667
21094,SET/6 RED SPOTTY PAPER PLATES,7351,325,179,5496.53,0.8289634146341462
21095,SET/6 POSIES PAPER PLATES,95,9,9,80.75,0.85
21096,SET/6 FRUIT SALAD  PAPER PLATES,1143,70,63,479.25,0.4482857142857143
21098,CHRISTMAS TOILET ROLL,3125,165,115,3623.14,1.3029378531073446
21100,CHARLIE AND LOLA CHARLOTTE BAG,43,8,7,70.95,1.65
21106,CREAM SLICE FLANNEL CHOCOLATE SPOT,193,34,30,530.95,2.9042857142857144
21107,CREAM SLICE FLANNEL PINK SPOT,837,62,48,2209.95,2.8674603174603175
21108,FAIRY CAKE FLANNEL ASSORTED COLOUR,6920,195,160,10700.150000000001,1.400204081632653
21109,LARGE CAKE TOWEL CHOCOLATE SPOTS,829,64,51,2082.15,4.020588235294118
21109,"LARGE CAKE TOWEL, CHOCOLATE SPOTS",7,4,4,47.25,6.75
21110,LARGE CAKE TOWEL PINK SPOTS,772,79,62,2274.8,5.4775
21111,"SWISS ROLL TOWEL, CHOCOLATE  SPOTS",788,50,46,1290.3,2.1598039215686278
21112,SWISS ROLL TOWEL PINK  SPOTS,666,27,21,1782.1799999999998,3.1581481481481486
21112,"SWISS ROLL TOWEL, PINK  SPOTS",579,19,18,769.65,1.786842105263158
21114,LAVENDER SCENTED FABRIC HEART,1317,129,105,1661.53,1.321923076923077
21115,ROSE CARAVAN DOORSTOP,519,129,104,2567.61,5.874307692307692
21116,OWL DOORSTOP,489,117,81,2339.19,4.948644067796611
21117,BLOND DOLL DOORSTOP,109,14,11,141.75,1.6428571428571428
21121,SET/10 RED POLKADOT PARTY CANDLES,6450,338,238,7734.18,1.2466666666666668
21122,SET/10 PINK POLKADOT PARTY CANDLES,5202,307,215,6284.83,1.2514376996805112
21123,SET/10 IVORY POLKADOT PARTY CANDLES,949,98,66,1183.31,1.2375247524752475
21124,SET/10 BLUE POLKADOT PARTY CANDLES,3917,230,181,4732.09,1.2475324675324675
21125,SET 6 FOOTBALL CELEBRATION CANDLES,593,69,60,741.25,1.25
21126,SET OF 6 GIRLS CELEBRATION CANDLES,487,67,57,604.19,1.2472058823529413
21128,GOLD FISHING GNOME,47,16,12,284.16,6.9193750000000005
21129,SILVER FISHING GNOME,43,21,14,318.40000000000003,8.214285714285714
21131,GOLD STANDING GNOME,93,17,11,290.25,3.8676470588235294
21132,SILVER STANDING GNOME,35,16,13,142.75,3.875
21135,VICTORIAN  METAL POSTCARD SPRING,2415,164,122,2851.59,1.6582840236686391
21136,PAINTED METAL PEARS ASSORTED,4445,354,259,7439.01,1.692638888888889
21137,BLACK RECORD COVER FRAME,11386,318,140,38990.63,3.65884012539185
21143,ANTIQUE GLASS HEART DECORATION,293,28,27,571.3499999999999,1.95
21144,PINK POODLE HANGING DECORATION,-12,1,1,-4.5600000000000005,0.38
21145,ANTIQUE GLASS PLACE SETTING,122,8,8,152.5,1.25
21147,JINGLE BELLS TREE DECORATION,89,21,11,200.94,2.2800000000000002
21154,RED RETROSPOT OVEN GLOVE,2974,266,175,3523.38,1.2935055350553506
21155,RED RETROSPOT PEG BAG,2220,367,206,5364.349999999999,2.517069892473118
21156,RETROSPOT CHILDRENS APRON,2999,300,203,5509.87,1.9995016611295682
21157,RED RETROSPOT WASHBAG,48,14,12,100.80000000000001,2.1
21158,MOODY GIRL DOOR HANGER,1398,147,103,675.6,0.6201315789473685
21159,MOODY BOY  DOOR HANGER,1108,108,73,542.36,0.6942592592592592
21161,KEEP OUT BOYS DOOR HANGER,130,34,25,188.5,1.45
21162,TOXIC AREA  DOOR HANGER,1413,137,98,695.23,0.6111510791366906
21163,DO NOT TOUCH MY STUFF DOOR HANGER,1170,111,87,598.54,0.7016521739130435
21164,HOME SWEET HOME METAL SIGN,1706,247,166,4827.02,2.938192771084337
21165,BEWARE OF THE CAT METAL SIGN,4013,360,178,6381.65,1.6722950819672129
21166,COOK WITH WINE METAL SIGN,10082,613,287,20071.030000000002,2.0374757281553397
21167,WHITE SAGE INCENSE,1210,26,20,254.1,0.21
21169,YOU'RE CONFUSING ME METAL SIGN,4252,347,192,6714.76,1.6702832861189802
21171,BATHROOM METAL SIGN,424,60,43,566.8,1.4333333333333333
21172,PARTY METAL SIGN,3317,373,236,4682.17,1.4870526315789472
21174,POTTERING IN THE SHED METAL SIGN,3922,371,225,8364.64,2.07
21175,GIN + TONIC DIET METAL SIGN,9471,662,330,21169.55,2.462
21175,GIN AND TONIC DIET METAL SIGN,474,37,34,1118.46,2.5118918918918918
21179,NO JUNK MAIL METAL SIGN,1771,167,122,1014.91,0.7429479768786127
21181,PLEASE ONE PERSON METAL SIGN,11845,704,361,23696.120000000003,2.071342657342657
21187,WHITE BELL HONEYCOMB PAPER GARLAND,328,33,30,522.0,1.638235294117647
21188,3D HEARTS  HONEYCOMB PAPER GARLAND,294,33,27,838.5000000000001,2.926470588235294
21189,WHITE HONEYCOMB PAPER GARLAND,165,29,27,272.25,1.65
21190,PINK HEARTS PAPER GARLAND,118,8,6,172.70000000000002,1.575
21191,LARGE WHITE HONEYCOMB PAPER BELL,394,44,38,788.0400000000001,2.0813636363636365
21192,WHITE BELL HONEYCOMB PAPER,924,39,32,1390.1999999999998,1.6214285714285712
21194,PINK  HONEYCOMB PAPER FAN,426,44,37,358.1,0.9077777777777778
21195,PINK  HONEYCOMB PAPER BALL,417,24,21,607.86,1.8675
21196,ROUND WHITE CONFETTI IN TUBE,89,9,9,146.84999999999997,1.65
21197,MULTICOLOUR  CONFETTI IN TUBE,222,14,13,288.05999999999995,1.5335714285714286
21198,WHITE HEART CONFETTI IN TUBE,891,52,47,870.1499999999999,1.3623076923076924
21199,PINK  HEART CONFETTI IN TUBE,816,49,45,746.3999999999999,1.3754
21200,MULTICOLOUR HONEYCOMB PAPER GARLAND,1010,39,33,1272.8999999999999,1.5012820512820513
21201,TROPICAL  HONEYCOMB PAPER GARLAND,1174,73,44,2669.7000000000003,2.5026315789473683
21202,DOLLY HONEYCOMB GARLAND,448,20,20,403.2,1.45
21204,DAISIES  HONEYCOMB GARLAND,419,51,44,691.3499999999999,1.65
21205,MULTICOLOUR 3D BALLS GARLAND,189,51,44,481.95,2.55
21206,STRAWBERRY HONEYCOMB  GARLAND,1218,76,56,1443.3,1.5499999999999998
21207,SKULL AND CROSSBONES  GARLAND,981,84,74,1532.2499999999998,1.6288235294117646
21208,PASTEL COLOUR HONEYCOMB FAN,837,61,50,515.6999999999999,0.6008064516129032
21209,MULTICOLOUR HONEYCOMB FAN,1123,62,49,660.79,0.6635483870967742
21210,SET OF 72 RETROSPOT PAPER  DOILIES,5544,370,244,7769.37,1.4622972972972972
21211,SET OF 72 SKULL PAPER  DOILIES,815,66,58,1143.35,1.4440298507462686
21212,PACK OF 72 RETROSPOT CAKE CASES,33386,1041,636,16235.300000000001,0.5479566854990584
21213,PACK OF 72 SKULL CAKE CASES,14254,500,295,6829.06,0.5405928853754941
21215,IVORY PAPER CUP CAKE CASES,866,63,51,460.70000000000005,0.54796875
21216,"SET 3 RETROSPOT TEA,COFFEE,SUGAR",1820,251,150,8251.62,4.896980392156863
21217,RED RETROSPOT ROUND CAKE TINS,965,264,169,9088.75,9.862878787878786
21218,RED SPOTTY BISCUIT TIN,2009,214,131,6905.95,3.748433179723502
21219,SET/4 BADGES BALLOON GIRL,323,42,35,408.59,1.3625581395348838
21220,SET/4 BADGES DOGS,229,41,34,299.56,1.397560975609756
21221,SET/4 BADGES CUTE CREATURES,201,24,24,262.14,1.3004166666666668
21222,SET/4 BADGES BEETLES,194,35,26,252.18,1.4852777777777777
21224,SET/4 SKULL BADGES,728,82,58,906.2,1.2477380952380952
21226,POCKET MIRROR WOODLAND,8,4,4,10.0,1.25
21228,"POCKET MIRROR ""GLAMOROUS""",5,2,2,6.25,1.25
21231,SWEETHEART CERAMIC TRINKET BOX,5591,408,216,6676.530000000001,1.2681796116504855
21232,STRAWBERRY CERAMIC TRINKET BOX,8956,559,298,10468.52,1.2408672566371681
21232,STRAWBERRY CERAMIC TRINKET POT,1014,80,58,1284.54,1.3315853658536585
21238,RED RETROSPOT CUP,3468,286,162,2779.19,0.8473010380622837
21239,PINK  POLKADOT CUP,2551,203,141,2031.85,0.8461951219512195
21240,BLUE POLKADOT CUP,3117,220,150,2454.19,0.8406306306306307
21242,RED RETROSPOT PLATE,3036,226,150,4796.76,1.6740707964601769
21243,PINK  POLKADOT PLATE,1903,131,95,2997.19,1.6718181818181819
21243,PINK POLKADOT PLATE,202,18,18,318.34,1.6766666666666667
21244,BLUE POLKADOT PLATE,2116,150,108,3334.12,1.6725165562913906
21245,GREEN POLKADOT PLATE,1011,100,72,1618.03,1.6963366336633663
21246,RED RETROSPOT BIG BOWL,173,41,33,839.5500000000001,4.932926829268292
21248,DOOR HANGER  MUM + DADS ROOM,186,53,46,269.7,1.45
21249,WOODLAND  HEIGHT CHART STICKERS,672,79,68,1874.4,2.9145569620253164
21250,SET OF SKULL WALL STICKERS,92,17,15,257.0,2.926470588235294
21251,DINOSAUR HEIGHT CHART STICKER SET,165,35,32,486.75000000000006,2.95
21253,SET OF PICTURE FRAME  STICKERS,65,16,14,189.59000000000003,2.8150000000000004
21257,VICTORIAN SEWING BOX MEDIUM,476,157,100,3639.04,7.974303797468354
21258,VICTORIAN SEWING BOX LARGE,364,124,63,4334.48,12.702016129032257
21259,VICTORIAN SEWING BOX SMALL,1111,244,134,6333.96,5.9238114754098365
21260,FIRST AID TIN,1086,150,104,3390.6,3.237828947368421
21261,GREEN GOOSE FEATHER CHRISTMAS TREE,167,27,24,520.6500000000001,3.468518518518519
21262,WHITE GOOSE FEATHER CHRISTMAS TREE,260,53,43,725.0000000000001,3.478301886792453
21263,GREEN GOOSE FEATHER TREE 60CM,159,37,32,310.05,1.95
21264,WHITE GOOSE FEATHER TREE 60CM,246,44,37,479.7,1.95
21265,PINK GOOSE FEATHER TREE 60CM,128,16,15,249.59999999999997,1.95
21268,VINTAGE BLUE TINSEL REEL,2,1,1,0.84,0.42
21269,ANTIQUE CREAM CUTLERY SHELF,28,18,17,238.0,8.5
21270,ANTIQUE CREAM CUTLERY CUPBOARD,14,13,12,178.5,12.75
21272,SALLE DE BAIN HOOK,496,62,49,651.3199999999999,1.25125
21275,ZINC TOP  2 DOOR WOODEN SHELF,5,11,10,92.75,16.768181818181816
21277,FRENCH STYLE EMBOSSED HEART CABINET,21,22,19,442.0,21.361363636363635
21278,VINTAGE KITCHEN PRINT PUDDINGS,31,7,7,79.05,2.55
21279,VINTAGE KITCHEN PRINT FRUITS,62,13,12,158.1,2.55
21280,VINTAGE KITCHEN PRINT VEGETABLES,65,12,12,165.75,2.55
21281,VINTAGE KITCHEN PRINT SEAFOOD,35,6,6,89.24999999999999,2.55
21284,RETROSPOT CANDLE  SMALL,348,27,26,281.48,1.1737037037037037
21285,RETROSPOT CANDLE  MEDIUM,326,34,27,342.02000000000004,1.6108823529411767
21286,RETROSPOT CANDLE  LARGE,255,18,17,279.37,1.2577777777777777
21287,SCENTED VELVET LOUNGE CANDLE,1788,54,47,755.13,0.508888888888889
21288,STRIPEY CHOCOLATE NESTING BOXES,229,41,33,646.75,2.901219512195122
21289,LARGE STRIPES CHOCOLATE GIFT BAG,423,21,20,528.75,1.25
21291,SMALL POLKADOT CHOCOLATE GIFT BAG,920,40,32,782.0,0.85
21292,SMALL STRIPES CHOCOLATE GIFT BAG,865,26,25,591.25,0.8165384615384615
21293,MIRRORED DOVE WALL DECORATION,101,18,14,214.13000000000002,2.2068421052631577
21294,ETCHED GLASS COASTER,1536,58,46,722.88,0.519
21306,SET/4 DAISY MIRROR MAGNETS,467,38,35,158.95999999999998,0.5757894736842105
21307,SET/4 BUTTERFLY MIRROR MAGNETS,79,13,11,39.199999999999996,1.2646153846153847
21310,CAPIZ CHANDELIER,1,1,1,29.95,29.95
21311,SET/4 BIRD MIRROR MAGNETS,425,46,40,150.39999999999998,0.521063829787234
21313,GLASS HEART T-LIGHT HOLDER,2797,139,97,2074.0899999999997,0.8294964028776978
21314,SMALL GLASS HEART TRINKET POT,3525,382,216,7129.81,2.0851436031331594
21316,SMALL CHUNKY GLASS ROMAN  BOWL,148,9,9,153.64000000000001,1.51
21317,GLASS SPHERE CANDLE STAND MEDIUM,94,27,23,505.8,5.396428571428571
21318,GLASS CHALICE BLUE SMALL,661,45,38,352.29,0.8830434782608695
21319,GLASS CHALICE GREEN  SMALL,146,13,12,127.86,1.246923076923077
21320,GLASS CHALICE GREEN  LARGE,179,12,10,294.96,1.6338461538461537
21324,HANGING MEDINA LANTERN SMALL,69,20,20,203.55,2.95
21326,AGED GLASS SILVER T-LIGHT HOLDER,10019,282,168,6038.35,0.6395833333333334
21327,SKULLS WRITING SET,538,145,99,887.6999999999999,1.65
21328,BALLOONS  WRITING SET,755,187,135,1253.9499999999998,1.6847089947089946
21329,DINOSAURS  WRITING SET,586,168,120,975.0999999999999,1.688816568047337
21331,MOROCCAN BEATEN METAL DISH LARGE,11,7,7,140.25,12.75
21332,MOROCCAN BEATEN METAL MIRROR,14,8,8,143.3,10.55
21333,CLASSIC WHITE FRAME,55,15,15,162.25,2.95
21336,GOLD WASHBAG,8,3,3,23.6,2.9500000000000006
21340,CLASSIC METAL BIRDCAGE PLANT HOLDER,901,266,179,9875.96,12.166516853932585
21344,MOROCCAN BEATEN METAL DISH,11,6,5,109.44999999999999,9.95
21348,PINK SPOTS CHOCOLATE NESTING BOXES,139,5,5,355.65,2.79
21349,IVY HEART WREATH,8,8,7,54.0,6.75
21351,CINAMMON & ORANGE WREATH,94,33,28,607.3,6.704285714285715
21352,EUCALYPTUS & PINECONE  WREATH,302,39,36,1057.9,4.4884615384615385
21354,TOAST ITS - BEST MUM,751,68,55,885.95,1.223529411764706
21355,TOAST ITS - I LOVE YOU,772,107,95,955.4,1.2445454545454546
21356,TOAST ITS - FAIRY FLOWER,303,53,37,361.9,1.1868518518518518
21357,TOAST ITS - DINOSAUR,19,10,9,23.75,1.25
21358,TOAST ITS - HAPPY BIRTHDAY,327,59,54,408.75,1.25
21359,RELAX LARGE WOOD LETTERS,124,28,22,735.8,7.7
21360,JOY LARGE WOOD LETTERS,37,14,14,194.15,7.378571428571428
21361,LOVE LARGE WOOD LETTERS,87,56,43,1076.85,12.717857142857143
21363,HOME SMALL WOOD LETTERS,193,96,68,955.35,4.95
21364,PEACE SMALL WOOD LETTERS,24,22,19,162.0,6.75
21365,MIRRORED WALL ART STARS,348,42,35,360.0,1.0999999999999999
21366,MIRRORED WALL ART PHOTO FRAMES,24,10,9,102.0,4.25
21367,MIRRORED WALL ART GENTS,163,35,29,159.51,1.56
21368,MIRRORED WALL ART LADIES,160,30,25,128.4,0.8733333333333333
21369,MIRRORED WALL ART SPLODGES,98,13,12,142.5,1.6346153846153846
21370,MIRRORED WALL ART FOXY,15,8,7,88.2,4.94
21371,MIRRORED WALL ART POPPIES,275,32,27,274.65,1.0875
21372,MIRRORED WALL ART TABLE LAMP,67,25,18,75.73,1.3292000000000002
21373,MIRRORED WALL ART SNOWFLAKES,495,46,41,371.25,0.75
21374,MIRRORED WALL ART SKULLS,294,40,37,400.0,1.6875
21375,LARGE CAMPHOR WOOD FIELD MUSHROOM,22,10,9,107.30000000000001,4.6863636363636365
21376,LARGE  TALL CAMPHOR WOOD TOADSTOOL,29,13,13,149.65,5.126923076923077
21377,SMALL CAMPHOR WOOD FIELD  MUSHROOM,93,19,18,123.20999999999998,1.4510526315789474
21378,SMALL TALL CAMPHOR WOOD TOADSTOOL,129,22,21,175.04999999999998,1.478181818181818
21379,CAMPHOR WOOD PORTOBELLO MUSHROOM,141,23,22,155.61,1.1378260869565218
21380,WOODEN HAPPY BIRTHDAY GARLAND,2089,233,138,5898.35,2.9745493562231764
21381,MINI WOODEN HAPPY BIRTHDAY GARLAND,1670,140,88,2684.06,1.6883098591549295
21382,SET/4 SPRING FLOWER DECORATION,1032,94,64,1145.8,1.6531578947368422
21383,PACK OF 12 STICKY BUNNIES,763,78,75,495.95000000000005,0.65
21385,IVORY HANGING DECORATION  HEART,3556,206,153,2950.8399999999997,0.8596744186046511
21386,IVORY HANGING DECORATION  EGG,689,46,42,253.01,0.45399999999999996
21389,IVORY HANGING DECORATION  BIRD,1014,95,81,861.9,0.85
21390,FILIGRIS HEART WITH BUTTERFLY,3775,175,120,4536.63,1.2636813186813187
21391,FRENCH LAVENDER SCENT HEART,962,76,69,840.3000000000001,1.0096153846153846
21392,RED POLKADOT PUDDING BOWL,32,6,5,38.13,1.3671428571428572
21393,BLUE POLKADOT PUDDING BOWL,29,7,7,38.67,1.45875
21394,RED POLKADOT BEAKER,3800,118,88,1530.04,0.44016949152542373
21395,BLUE POLKADOT BEAKER,2796,81,63,1090.44,0.39
21397,BLUE POLKADOT EGG CUP,1016,44,43,445.26,0.5268181818181819
21398,RED POLKADOT COFFEE  MUG,1499,49,43,642.75,0.6691836734693878
21399,BLUE POLKADOT COFFEE MUG,1924,65,50,782.8499999999999,0.5454545454545454
21400,RED PUDDING SPOON,837,48,42,109.74,0.1575
21401,BLUE PUDDING SPOON,1010,58,48,132.29999999999998,0.15050847457627117
21402,RED  EGG  SPOON,1290,61,54,155.4,0.12491803278688525
21403,BLUE EGG  SPOON,1718,71,58,258.71999999999997,0.13183098591549294
21407,BROWN CHECK CAT DOORSTOP,232,95,79,960.75,4.221052631578948
21408,SPOTTY PINK DUCK DOORSTOP,219,66,50,744.01,4.076666666666667
21411,GINGHAM HEART  DOORSTOP RED,708,186,147,2345.7599999999998,3.8997872340425532
21412,VINTAGE GOLD TINSEL REEL,-6,1,1,-2.52,0.42
21413,PERIWINKLE T-LIGHT HOLDER,36,10,8,45.0,1.25
21414,SCALLOP SHELL SOAP DISH,1,1,1,2.1,2.1
21415,CLAM SHELL SMALL,202,30,25,375.73,1.969
21416,CLAM SHELL LARGE,5,4,4,18.75,3.75
21417,COCKLE SHELL DISH,288,33,24,418.78000000000003,1.7824242424242425
21418,STARFISH SOAP DISH,59,12,11,115.25,2.0084615384615385
21420,OYSTER TRINKET BOX,47,13,12,83.87,2.8985714285714286
21421,PORCELAIN ROSE LARGE,298,13,11,345.14,1.2353846153846153
21422,PORCELAIN ROSE SMALL,1556,48,33,1214.96,0.906875
21424,WOODLAND STORAGE BOX LARGE,222,27,21,597.3,2.890740740740741
21425,SKULLS STORAGE BOX LARGE,67,16,12,188.05,2.9250000000000003
21426,WOODLAND STORAGE BOX SMALL,209,20,16,402.90000000000003,2.0523809523809526
21427,SKULLS STORAGE BOX SMALL,74,28,23,155.4,2.1
21428,SET3 BOOK BOX GREEN GINGHAM FLOWER,1063,188,117,4123.05,4.1803723404255315
21429,RED GINGHAM ROSE JEWELLERY BOX,1570,226,147,2843.1,1.8803030303030301
21430,SET/3 RED GINGHAM ROSE STORAGE BOX,2657,331,188,9257.79,3.693183183183183
21439,BASKET OF TOADSTOOLS,914,78,51,1142.5,1.2451898734177216
21441,BLUE BIRDHOUSE DECORATION,376,38,34,223.3,0.7626315789473684
21442,GREEN BIRDHOUSE DECORATION,386,36,31,229.45999999999998,0.7144444444444444
21445,12 PINK ROSE PEG PLACE SETTINGS,210,22,17,262.5,1.25
21446,12 RED ROSE PEG PLACE SETTINGS,392,75,47,490.0,1.25
21447,12 IVORY ROSE PEG PLACE SETTINGS,748,92,56,935.0,1.25
21448,12 DAISY PEGS IN WOOD BOX,322,62,46,531.3,1.65
21452,TOADSTOOL MONEY BOX,717,145,110,2059.9500000000003,2.9391156462585033
21454,PAINTED PINK RABBIT,317,43,41,269.45,0.85
21455,PAINTED YELLOW WOODEN DAISY,258,33,32,219.29999999999998,0.85
21456,2 PICTURE BOOK EGGS EASTER CHICKS,160,20,17,200.0,1.25
21457,2 PICTURE BOOK EGGS EASTER DUCKS,115,16,15,143.75,1.25
21458,2 PICTURE BOOK EGGS EASTER BUNNY,158,19,18,197.5,1.25
21459,YELLOW EASTER EGG HUNT START POST,67,20,17,130.65,1.95
21460,GREEN EASTER EGG HUNT START POST,26,9,9,50.699999999999996,1.9500000000000002
21461,BLUE EASTER EGG HUNT START POST,6,6,5,11.7,1.95
21462,"NURSERY A,B,C PAINTED LETTERS",192,67,57,859.2,5.890298507462687
21463,MIRRORED DISCO BALL,600,137,77,3176.5,5.786131386861314
21464,DISCO BALL ROTATOR BATTERY OPERATED,235,106,57,995.75,4.245283018867925
21465,PINK FLOWER CROCHET FOOD COVER,193,63,55,727.46,3.808888888888889
21466,RED FLOWER CROCHET FOOD COVER,267,91,71,982.49,3.8954945054945056
21467,CHERRY CROCHET FOOD COVER,213,80,58,806.17,3.84275
21468,BUTTERFLY CROCHET FOOD COVER,123,50,43,468.67,3.8983999999999996
21469,POLKA DOT RAFFIA FOOD COVER,248,73,57,933.71,3.8008219178082188
21470,FLOWER VINE RAFFIA FOOD COVER,331,116,78,1252.38,3.845948275862069
21471,STRAWBERRY RAFFIA FOOD COVER,489,95,78,1680.15,3.7247368421052633
21472,LADYBIRD + BEE RAFFIA FOOD COVER,119,33,29,446.25,3.75
21473,SWEETHEART CREAM STEEL TABLE RECT,22,18,16,438.9,19.95
21476,STEEL SWEETHEART ROUND TABLE CREAM,31,18,14,463.45,14.949999999999998
21479,WHITE SKULL HOT WATER BOTTLE,2514,382,254,9579.54,4.015204081632653
21481,FAWN BLUE HOT WATER BOTTLE,2831,386,255,8956.45,3.357917737789203
21484,CHICK GREY HOT WATER BOTTLE,1497,284,206,5622.67,3.899034482758621
21485,RETROSPOT HEART HOT WATER BOTTLE,3306,541,372,15728.18,4.958834244080146
21486,PINK HEART DOTS HOT WATER BOTTLE,8,4,4,30.0,3.75
21488,RED WHITE SCARF  HOT WATER BOTTLE,3,2,2,11.850000000000001,3.95
21494,ROTATING LEAVES T-LIGHT HOLDER,1220,127,79,1614.73,1.3695384615384614
21495,SKULLS AND CROSSBONES WRAP,5775,166,102,2345.5,0.417710843373494
21497,FANCY FONTS BIRTHDAY WRAP,8550,230,177,3409.0,0.4182608695652174
21498,RED RETROSPOT WRAP,10472,337,238,4289.24,0.4180415430267062
21499,BLUE POLKADOT WRAP,6675,217,175,2715.5,0.4166820276497696
21500,PINK POLKADOT WRAP,6350,213,162,2593.0,0.4169014084507042
21503,TOYBOX  WRAP,725,24,22,288.5,0.4166666666666667
21504,SKULLS GREETING CARD,1860,96,74,753.12,0.41687499999999994
21506,"FANCY FONT BIRTHDAY CARD,",4692,251,171,1890.72,0.41856573705179284
21507,ELEPHANT BIRTHDAY CARD,1068,73,63,444.84,0.4576712328767123
21507,"ELEPHANT, BIRTHDAY CARD,",2102,127,95,854.04,0.4171653543307086
21508,VINTAGE KID DOLLY CARD,2369,146,108,961.03,0.42753424657534245
21509,COWBOYS AND INDIANS BIRTHDAY CARD,3581,203,142,1444.75,0.4317241379310345
21518,BANK ACCOUNT  GREETING  CARD,265,17,16,106.97999999999999,0.41647058823529415
21519,GIN & TONIC DIET GREETING CARD,3181,194,100,1305.78,0.4178350515463918
21520,BOOZE & WOMEN GREETING CARD,455,34,29,186.78,0.41823529411764704
21523,DOORMAT FANCY FONT HOME SWEET HOME,3082,400,203,19109.02,7.86655
21524,DOORMAT SPOTTY HOME SWEET HOME,1651,408,251,12006.42,7.964901960784314
21527,RED RETROSPOT TRADITIONAL TEAPOT,430,154,102,3248.5,7.840322580645161
21528,DAIRY MAID TRADITIONAL TEAPOT,162,96,62,1115.9,6.908333333333334
21530,DAIRY MAID TOASTRACK,695,91,65,641.9300000000001,1.0482608695652174
21531,RED RETROSPOT SUGAR JAM BOWL,1454,217,143,3412.5,2.506849315068493
21533,RETROSPOT LARGE MILK JUG,1275,321,213,6069.75,4.87608695652174
21534,DAIRY MAID LARGE MILK JUG,308,132,94,1499.4,4.934210526315789
21535,RED RETROSPOT SMALL MILK JUG,2418,326,205,5724.0,2.5335866261398174
21537,RED RETROSPOT PUDDING BOWL,271,64,52,1128.75,4.2109375
21538,DAIRY MAID  PUDDING BOWL,5,2,2,18.75,3.75
21539,RED RETROSPOT BUTTER DISH,913,227,124,4305.85,4.901091703056769
21544,SKULLS  WATER TRANSFER TATTOOS,1869,113,80,1519.85,0.8447368421052631
21547,CERAMIC BIRDHOUSE CRESTED TIT SMALL,72,16,13,212.40000000000003,2.95
21555,CERAMIC STRAWBERRY TRINKET TRAY,55,12,11,140.25,2.55
21556,CERAMIC STRAWBERRY MONEY BOX,803,48,38,1856.85,2.525
21557,SET OF 6 FUNKY BEAKERS,300,51,26,854.0400000000001,3.2153846153846155
21558,SKULL LUNCH BOX WITH CUTLERY,1936,269,167,4599.3,2.53021978021978
21559,STRAWBERRY LUNCH BOX WITH CUTLERY,3697,436,233,8686.64,2.5562302483069974
21561,DINOSAUR LUNCH BOX WITH CUTLERY,1225,169,116,2863.68,2.563411764705882
21562,HAWAIIAN GRASS SKIRT,319,25,20,368.35,1.2272
21563,RED HEART SHAPE LOVE BUCKET,1358,134,95,2591.02,2.7335820895522387
21564,PINK  HEART SHAPE LOVE BUCKET,1013,106,63,1678.47,2.7413207547169813
21576,LETS GO SHOPPING COTTON TOTE BAG,177,46,40,403.67,2.367826086956522
21577,SAVE THE PLANET COTTON TOTE BAG,542,118,94,1219.5,2.25
21578,WOODLAND DESIGN  COTTON TOTE BAG,581,83,68,1307.25,2.25
21579,LOLITA  DESIGN  COTTON TOTE BAG,142,35,31,319.5,2.25
21580,RABBIT  DESIGN  COTTON TOTE BAG,90,24,21,202.5,2.25
21581,SKULLS  DESIGN  COTTON TOTE BAG,153,41,33,344.25,2.25
21584,RETROSPOT SMALL TUBE MATCHES,1058,147,119,1741.7,1.6487096774193548
21586,KINGS CHOICE GIANT TUBE MATCHES,718,68,56,1658.1,2.5036764705882355
21587,COSY HOUR GIANT TUBE MATCHES,195,26,25,475.65,2.5344827586206895
21588,RETROSPOT GIANT TUBE MATCHES,1493,133,99,3439.95,2.5268382352941177
21591,COSY HOUR CIGAR BOX MATCHES,1129,145,115,1383.89,1.24875
21592,RETROSPOT CIGAR BOX MATCHES,2138,210,156,2135.32,1.1293548387096775
21609,SET 12 LAVENDER  BOTANICAL T-LIGHTS,760,73,59,2069.2,2.922972972972973
21613,S/12 VANILLA  BOTANICAL T-LIGHTS,221,38,37,632.7500000000001,2.9394736842105265
21614,SET OF 12 ROSE BOTANICAL T-LIGHTS,48,7,7,141.60000000000002,2.95
21615,4 LAVENDER BOTANICAL DINNER CANDLES,839,100,86,1193.75,1.6868932038834952
21616,4 PEAR BOTANICAL DINNER CANDLES,755,104,84,1093.75,1.6898148148148149
21617,4 LILY  BOTANICAL DINNER CANDLES,470,76,62,848.0,2.2884615384615383
21618,4 WILDFLOWER BOTANICAL CANDLES,301,51,48,471.25,1.9956140350877194
21619,4 VANILLA BOTANICAL CANDLES,896,121,99,1247.5,1.6188524590163935
21620,SET OF 4 ROSE BOTANICAL CANDLES,795,124,97,1188.75,1.746031746031746
21621,VINTAGE UNION JACK BUNTING,2510,395,267,20707.16,8.505321782178218
21622,VINTAGE UNION JACK CUSHION COVER,340,98,78,1666.2,4.942857142857143
21623,VINTAGE UNION JACK MEMOBOARD,3248,209,140,22639.48,9.768086124401913
21624,VINTAGE UNION JACK DOORSTOP,198,84,73,1155.1000000000001,5.926744186046512
21625,VINTAGE UNION JACK APRON,303,113,97,2112.3900000000003,6.995438596491228
21626,VINTAGE UNION JACK PENNANT,719,79,64,1402.05,1.95
21627,ELEPHANT CARNIVAL POUFFE,38,24,14,568.0999999999999,14.949999999999998
21628,TRIANGULAR POUFFE VINTAGE,41,17,14,575.55,14.691176470588236
21629,SQUARE FLOOR CUSHION VINTAGE RED,51,25,13,395.45000000000005,7.87
21630,FLOOR CUSHION ELEPHANT CARNIVAL,53,23,13,452.35,8.819565217391304
21631,HIPPY CHIC DECORATIVE PARASOL,155,16,15,761.85,7.25
21632,VINTAGE PINK DECORATIVE PARASOL,60,5,5,237.00000000000003,3.95
21633,SUNFLOWER DECORATIVE PARASOL,86,15,13,515.7,10.403333333333334
21634,ASSORTED MINI MADRAS NOTEBOOK,948,23,22,462.6,0.5769565217391304
21635,MADRAS NOTEBOOK LARGE,270,15,15,367.5,1.9166666666666667
21636,MADRAS NOTEBOOK MEDIUM,911,71,60,699.45,0.7993150684931507
21637,ASSORTED SANSKRIT MINI NOTEBOOK,109,6,6,136.25,1.25
21638,ASSORTED TUTTI FRUTTI NOTEBOOK,233,31,25,489.30000000000007,2.1
21640,ASSORTED TUTTI FRUTTI  FOB NOTEBOOK,529,46,38,437.16999999999996,0.8475
21641,ASSORTED TUTTI FRUTTI KEYRING BALL,1102,23,19,367.97999999999996,0.4791304347826087
21642,ASSORTED TUTTI FRUTTI PEN,2333,96,81,754.41,0.3871428571428571
21643,ASSORTED TUTTI FRUTTI MIRROR,478,32,27,579.26,1.238125
21644,ASSORTED TUTTI FRUTTI HEART BOX,190,34,30,237.5,1.25
21645,ASSORTED TUTTI FRUTTI ROUND BOX,-24,1,1,-39.599999999999994,1.65
21647,ASSORTED TUTTI FRUTTI LARGE PURSE,105,25,21,220.50000000000003,2.1
21648,ASSORTED TUTTI FRUTTI SMALL PURSE,645,32,27,778.89,1.238125
21650,ASSORTED TUTTI FRUTTI BRACELET,2173,62,48,436.33000000000004,0.24333333333333332
21651,HANGING GLASS ETCHED TEALIGHT,125,10,9,191.84999999999997,1.6099999999999999
21654,RIDGED GLASS FINGER BOWL,934,47,40,427.86,0.655
21655,HANGING RIDGE GLASS T-LIGHT HOLDER,0,5,1,0.0,1.69
21656,RIDGED GLASS POSY VASE,117,17,15,169.64999999999998,1.45
21657,MILK BOTTLE WITH GLASS STOPPER,28,15,11,194.60000000000002,6.95
21658,GLASS  BEURRE DISH,739,149,83,2745.9300000000003,3.881466666666667
21661,VINTAGE GLASS TEA CADDY,3,3,3,17.85,5.95
21662,VINTAGE GLASS COFFEE CADDY,74,16,14,416.3,5.91875
21664,RIDGED GLASS STORAGE JAR CREAM LID,96,17,15,342.72,3.73
21666,RIDGED GLASS T-LIGHT HOLDER,384,33,21,249.60000000000002,0.65
21667,GLASS CAKE COVER AND PLATE,0,2,1,0.0,14.95
21668,RED STRIPE CERAMIC DRAWER KNOB,4917,343,170,6074.86,1.3035549132947977
21669,BLUE STRIPE CERAMIC DRAWER KNOB,4856,361,167,6124.39,1.326260162601626
21670,BLUE SPOT CERAMIC DRAWER KNOB,3893,296,159,4874.97,1.3008080808080806
21671,RED SPOT CERAMIC DRAWER KNOB,3909,293,166,4803.84,1.2899319727891156
21672,WHITE SPOT RED CERAMIC DRAWER KNOB,4475,314,159,5500.59,1.2925786163522013
21673,WHITE SPOT BLUE CERAMIC DRAWER KNOB,3868,284,155,4786.0,1.3019860627177702
21675,BUTTERFLIES STICKERS,507,52,45,432.51,0.9375
21676,FLOWERS  STICKERS,211,32,21,191.04999999999998,1.09375
21677,HEARTS  STICKERS,754,81,62,644.8,0.9158024691358024
21678,PAISLEY PATTERN  STICKERS,104,16,16,88.39999999999999,0.85
21679,SKULLS  STICKERS,1054,87,67,891.2199999999999,0.8485057471264367
21680,WOODLAND  STICKERS,804,53,43,683.4,0.85
21681,GIANT MEDINA STAMPED METAL BOWL,2,2,2,19.9,9.95
21682,LARGE MEDINA STAMPED METAL BOWL,174,51,42,866.3100000000001,5.048235294117648
21683,MEDIUM MEDINA STAMPED METAL BOWL,297,48,39,876.1500000000001,2.9500000000000006
21684,SMALL MEDINA STAMPED METAL BOWL,752,36,27,565.21,0.8888888888888888
21686,MEDINA STAMPED METAL STOOL,32,19,6,1228.4,39.68684210526316
21688,SILVER PLATE CANDLE BOWL SMALL,316,39,36,932.2000000000002,2.95
21689,SILVER VANILLA  FLOWER CANDLE POT,92,23,22,345.0,3.75
21690,SILVER  CANDLEPOT JARDIN,22,7,6,82.5,3.75
21692,SILVER LATTICE VANILLA CANDLE POT,17,7,7,63.75,3.75
21693,SMALL HAMMERED SILVER CANDLEPOT,346,43,40,1020.7000000000002,2.95
21694,SMALL REGAL  SILVER CANDLEPOT,303,20,18,817.0500000000001,2.91
21695,SMALL SILVER FLOWER CANDLE POT,277,35,35,817.1500000000001,2.95
21696,SMALL SILVER TRELLIS CANDLEPOT,208,30,27,613.6000000000001,2.95
21698,MOCK LOBSTER FRIDGE MAGNET,266,22,22,116.62,0.49454545454545457
21700,BIG DOUGHNUT FRIDGE MAGNETS,1230,86,58,1045.5,0.85
21703,BAG 125g SWIRLY MARBLES,9186,248,175,3395.23,0.42734126984126986
21704,BAG 250g SWIRLY MARBLES,4999,200,137,3852.5199999999995,0.8622885572139303
21705,BAG 500g SWIRLY MARBLES,1357,113,89,1267.61,1.5162608695652173
21706,FOLDING UMBRELLA RED/WHITE POLKADOT,228,68,53,1129.63,5.076764705882353
21707,FOLDING UMBRELLA BLACKBLUE POLKADOT,120,47,44,601.22,5.148297872340425
21708,FOLDING UMBRELLA CREAM POLKADOT,137,33,28,672.5500000000001,4.907575757575758
21709,FOLDING UMBRELLA CHOCOLATE POLKADOT,87,31,30,430.06,5.089032258064516
21710,FOLDING UMBRELLA PINKWHITE POLKADOT,84,31,29,412.41,5.066451612903226
21711,FOLDING UMBRELLA WHITE/RED POLKADOT,86,23,22,420.1,4.889130434782609
21713,CITRONELLA CANDLE FLOWERPOT,676,130,103,1396.8500000000001,2.096212121212121
21714,CITRONELLA CANDLE GARDEN POT,1059,131,106,1323.75,1.25
21715,GIRLS VINTAGE TIN SEASIDE BUCKET,1141,138,116,2736.75,2.5176258992805756
21716,BOYS VINTAGE TIN SEASIDE BUCKET,1182,138,112,2860.52,2.55231884057971
21717,EASTER TIN BUCKET,405,38,34,931.95,2.5026315789473683
21718,RED METAL BEACH SPADE,1287,144,106,1611.17,1.2666896551724136
21719,LOVELY BONBON STICKER SHEET,301,34,29,255.85,0.85
21720,CAKE SHOP  STICKER SHEET,57,8,8,48.449999999999996,0.85
21721,CANDY SHOP  STICKER SHEET,175,20,19,148.75,0.85
21722,SWEET PUDDING STICKER SHEET,64,16,14,54.4,0.85
21723,ALPHABET HEARTS STICKER SHEET,367,38,29,311.95,0.85
21724,PANDA AND BUNNIES STICKER SHEET,372,57,43,316.2,0.85
21725,SWEETIES  STICKERS,274,32,26,232.89999999999998,0.85
21726,MULTI HEARTS  STICKERS,231,36,29,196.35,0.85
21730,GLASS STAR FROSTED T-LIGHT HOLDER,483,127,80,2250.59,4.9252343750000005
21731,RED TOADSTOOL LED NIGHT LIGHT,12689,533,266,19570.21,1.6586827458256028
21733,RED HANGING HEART T-LIGHT HOLDER,7692,692,385,22442.24,2.945555555555556
21735,TWO DOOR CURIO CABINET,177,95,61,2169.0,12.50842105263158
21736,GOLD SCROLL GLASS T-LIGHT HOLDER,77,6,5,136.05,1.6114285714285717
21738,COSY SLIPPER SHOES SMALL  RED,43,18,17,126.85000000000001,2.95
21739,COSY SLIPPER SHOES SMALL GREEN,141,48,38,411.54,2.878541666666667
21741,COSY SLIPPER SHOES LARGE GREEN,131,28,27,386.45000000000005,2.95
21742,LARGE ROUND WICKER PLATTER,192,89,75,1142.4,5.95
21743,STAR PORTABLE TABLE LIGHT,265,33,29,724.15,2.9257575757575762
21744,SNOWFLAKE PORTABLE TABLE LIGHT,365,80,66,1122.19,3.1924390243902443
21745,GAOLERS KEYS DECORATIVE GARDEN,922,206,115,3385.94,3.7782125603864736
21746,SMALL RED RETROSPOT WINDMILL,2959,188,122,3502.9500000000003,1.2571052631578947
21747,SMALL SKULL WINDMILL,425,43,31,512.53,1.2409302325581395
21749,LARGE RED RETROSPOT WINDMILL,1892,110,80,3628.2000000000003,2.075
21750,LARGE SKULL WINDMILL,77,16,15,161.70000000000002,2.1
21754,HOME BUILDING BLOCK WORD,2622,700,360,15439.460000000001,6.016704545454545
21755,LOVE BUILDING BLOCK WORD,1919,557,337,11374.91,6.017989323843417
21756,BATH BUILDING BLOCK WORD,776,243,168,4632.63,6.03844262295082
21757,LIGHTHOUSE PRINTED METAL SIGN,6,3,3,29.700000000000003,4.95
21758,VINTAGE SHELLS PRINT,32,14,13,202.4,6.414285714285714
21761,WOOD AND GLASS MEDICINE CABINET,10,10,10,299.5,29.95
21763,VINTAGE WOODEN BAR STOOL,6,4,4,169.75,27.4625
21769,VINTAGE POST OFFICE CABINET,11,2,2,607.6500000000001,66.36
21770,OPEN CLOSED METAL SIGN,1568,342,263,7266.81,4.9441982507288635
21773,DECORATIVE ROSE BATHROOM BOTTLE,920,59,50,693.52,1.0779661016949154
21774,DECORATIVE CATS BATHROOM BOTTLE,834,53,39,645.78,1.1524528301886792
21775,DECORATIVE FLORE BATHROOM BOTTLE,280,42,34,310.16,1.2302380952380954
21777,RECIPE BOX WITH METAL HEART,2,5,5,15.9,7.95
21781,MA CAMPAGNE CUTLERY BOX,116,89,52,1714.3999999999999,14.826404494382022
21784,SHOE SHINE BOX,49,39,21,487.54999999999995,9.95
21785,RAIN PONCHO,410,4,3,267.1,0.8
21786,POLKADOT RAIN HAT,1708,90,56,620.65,0.4512631578947368
21787,RAIN PONCHO RETROSPOT,8224,183,115,6542.08,0.862127659574468
21788,KIDS RAIN MAC BLUE,1177,69,61,915.03,0.8497142857142856
21789,KIDS RAIN MAC PINK,776,69,55,655.5799999999999,0.8582857142857142
21790,VINTAGE SNAP CARDS,13244,725,449,10369.22,0.8515374149659863
21791,VINTAGE HEADS AND TAILS CARD GAME,7082,488,342,8455.16,1.2708739837398373
21792,CLASSIC FRENCH STYLE BASKET GREEN,330,71,58,1384.7,4.580985915492958
21793,CLASSIC FRENCH STYLE BASKET BROWN,296,66,57,1240.44,4.293582089552239
21794,CLASSIC FRENCH STYLE BASKET NATURAL,498,95,79,2052.62,4.386526315789474
21801,CHRISTMAS TREE DECORATION WITH BELL,421,23,22,176.82,0.42
21802,CHRISTMAS TREE HEART DECORATION,996,47,45,418.32,0.42
21803,CHRISTMAS TREE STAR DECORATION,1101,49,46,462.41999999999996,0.42
21804,WHITE CHRISTMAS GARLAND STARS TREES,178,40,37,656.7,3.7236585365853654
21807,WHITE CHRISTMAS STAR DECORATION,414,25,24,173.88,0.42
21808,"CHRISTMAS GARLAND STARS,TREES",99,21,21,366.25,3.630952380952381
21809,CHRISTMAS HANGING TREE WITH BELL,1857,85,72,993.66,0.7421348314606742
21810,CHRISTMAS HANGING STAR WITH BELL,5141,175,129,2328.37,0.5788709677419355
21811,CHRISTMAS HANGING HEART WITH BELL,216,17,16,270.0,1.25
21811,HANGING HEART WITH BELL,4064,139,106,1887.86,0.5559863945578232
21812,GARLAND WITH HEARTS AND BELLS,203,45,36,962.85,4.903333333333333
21813,GARLAND WITH STARS AND BELLS,243,42,38,1152.45,4.901162790697675
21814,HEART T-LIGHT HOLDER,71,12,11,102.95,1.4499999999999997
21815,STAR  T-LIGHT HOLDER,131,18,15,189.95,1.45
21816,CHRISTMAS TREE T-LIGHT HOLDER,33,7,6,47.849999999999994,1.45
21817,GLITTER CHRISTMAS TREE,902,54,48,405.14000000000004,0.5029824561403509
21818,GLITTER CHRISTMAS HEART,262,18,17,222.7,0.8499999999999999
21818,GLITTER HEART DECORATION,2434,129,104,1056.3400000000001,0.463049645390071
21819,GLITTER CHRISTMAS STAR,2462,118,95,1053.46,0.49283464566929136
21820,GLITTER HEART GARLAND WITH BELLS,258,61,49,956.09,3.791746031746032
21821,GLITTER STAR GARLAND WITH BELLS,211,41,35,780.45,3.732857142857143
21822,GLITTER CHRISTMAS TREE WITH BELLS,570,60,46,522.96,1.039375
21823,PAINTED METAL HEART WITH HOLLY BELL,1195,69,61,687.5899999999999,0.7526315789473684
21824,PAINTED METAL STAR WITH HOLLY BELLS,1425,74,63,662.81,0.6102597402597403
21826,EIGHT PIECE DINOSAUR SET,92,18,16,115.0,1.25
21827,EIGHT PIECE CREEPY CRAWLIE SET,6,3,3,7.5,1.25
21828,EIGHT PIECE SNAKE  SET,311,68,53,388.75,1.25
21829,DINOSAUR KEYRINGS ASSORTED,6246,132,104,1287.57,0.21225563909774436
21830,ASSORTED CREEPY CRAWLIES,2503,90,63,1053.31,0.43782608695652175
21832,CHOCOLATE CALCULATOR,779,115,83,1296.83,1.7348275862068965
21833,CAMOUFLAGE LED TORCH,2598,123,87,4227.42,1.681869918699187
21836,GINGHAM OVEN GLOVE RED HEART,3,2,2,11.25,3.75
21839,MUMMY MOUSE RED GINGHAM RIBBON,1,1,1,5.45,5.45
21841,BABY MOUSE RED GINGHAM DRESS,72,20,19,306.0,4.25
21843,RED RETROSPOT CAKE STAND,1487,462,262,15449.249999999998,10.838012958963283
21844,RED RETROSPOT MUG,1793,145,100,4910.55,2.903424657534247
21845,DAIRY MAID STRIPE MUG,1854,90,64,1644.66,1.1215555555555556
21846,PINK DIAMANTE PEN IN GIFT BOX,60,25,12,306.21999999999997,5.59
21847,GREEN  DIAMANTE PEN IN GIFT BOX,9,5,5,44.550000000000004,4.95
21849,SILVER DIAMANTE PEN IN GIFT BOX,50,22,16,250.84000000000003,5.089166666666666
21850,BLUE  DIAMANTE PEN IN GIFT BOX,24,22,12,118.80000000000001,4.886363636363637
21851,LILAC DIAMANTE PEN IN GIFT BOX,26,15,12,138.72,5.617999999999999
21864,UNION JACK FLAG PASSPORT COVER,589,97,65,1148.3400000000001,2.075151515151515
21865,PINK UNION JACK  PASSPORT COVER,220,68,52,457.08000000000004,2.0881159420289856
21866,UNION JACK FLAG LUGGAGE TAG,534,106,79,666.71,1.3029906542056073
21867,PINK UNION JACK  LUGGAGE TAG,261,75,56,330.02,1.276547619047619
21868,POTTING SHED TEA MUG,2259,242,153,2825.07,1.331275720164609
21870,I CAN ONLY PLEASE ONE PERSON MUG,1323,140,97,1626.39,1.2473239436619719
21871,SAVE THE PLANET MUG,4591,281,135,5428.99,1.371298245614035
21872,GLAMOROUS  MUG,1249,121,82,1348.01,1.3555737704918032
21873,IF YOU CAN'T STAND THE HEAT MUG,1492,92,62,1648.52,1.2759782608695651
21874,GIN AND TONIC MUG,2823,201,112,3687.8999999999996,1.346318407960199
21875,KINGS CHOICE MUG,1972,116,85,2214.56,1.3606837606837605
21876,POTTERING MUG,3499,205,141,3990.71,1.3826570048309177
21877,HOME SWEET HOME MUG,4288,308,175,5564.24,1.4109708737864077
21878,PACK OF 6 SANDCASTLE FLAGS ASSORTED,2383,154,121,1961.85,0.8524683544303797
21879,HEARTS GIFT TAPE,1025,57,52,301.93,0.4596551724137931
21880,RED RETROSPOT TAPE,1446,100,84,661.1400000000001,0.5498019801980198
21881,CUTE CATS TAPE,975,45,37,315.55,0.5708888888888889
21882,SKULLS TAPE,598,38,35,189.98000000000002,0.5202564102564102
21883,STARS GIFT TAPE,1367,94,82,580.87,0.5527659574468086
21884,CAKES AND BOWS GIFT  TAPE,1017,44,43,318.81,0.5036363636363637
21888,BINGO SET,1544,283,211,5691.96,3.832862190812721
21889,WOODEN BOX OF DOMINOES,5740,451,336,7168.45,1.2801295896328295
21890,S/6 WOODEN SKITTLES IN COTTON BAG,1066,177,143,3234.66,3.2392222222222227
21891,TRADITIONAL WOODEN SKIPPING ROPE,7861,345,265,9942.75,1.392136752136752
21892,TRADITIONAL WOODEN CATCH CUP GAME,2897,297,235,3635.5,1.2966666666666666
21894,POTTING SHED SEED ENVELOPES,471,71,57,604.48,1.3172222222222223
21895,POTTING SHED SOW 'N' GROW SET,1,1,1,4.25,4.25
21896,POTTING SHED TWINE,941,92,80,2142.45,2.100537634408602
21897,POTTING SHED CANDLE CITRONELLA,402,2,1,1250.82,2.88
21898,POTTING SHED ROSE CANDLE,445,7,6,1423.03,3.0157142857142856
21899,GARAGE KEY FOB,730,115,81,489.20000000000005,0.7091379310344827
21899,"KEY FOB , GARAGE DESIGN",1827,107,90,1112.67,0.6477981651376147
21900,"KEY FOB , SHED",3076,267,167,1955.88,0.6856716417910448
21901,"KEY FOB , BACK DOOR",1733,235,143,1134.41,0.6778512396694214
21902,"KEY FOB , FRONT  DOOR",1894,162,114,1163.0800000000002,0.6782424242424242
21903,MAN FLU METAL SIGN,1114,155,113,2329.0800000000004,2.236322580645161
21904,HOUSE WRECKING METAL SIGN,50,23,21,105.0,2.1
21905,MORE BUTTER METAL SIGN,684,110,84,705.3100000000001,1.2827272727272727
21906,PHARMACIE FIRST AID TIN,466,100,71,3106.06,6.733762376237624
21907,I'M ON HOLIDAY METAL SIGN,2279,331,208,4730.05,2.113072289156627
21908,CHOCOLATE THIS WAY METAL SIGN,3607,377,220,7149.72,2.1400785340314137
21910,WAY OUT METAL SIGN,36,8,8,59.39999999999999,1.65
21911,GARDEN METAL SIGN,93,21,18,153.45,1.65
21912,VINTAGE SNAKES & LADDERS,1571,268,201,5508.53,3.8400373134328363
21913,VINTAGE SEASIDE JIGSAW PUZZLES,302,91,72,1131.28,3.8275824175824176
21914,BLUE HARMONICA IN BOX,7395,519,307,9173.88,1.2807604562737642
21915,RED  HARMONICA IN BOX,20882,569,350,23677.68,1.261048951048951
21916,SET 12 RETRO WHITE CHALK STICKS,4338,249,156,1761.04,0.43215686274509807
21917,SET 12 KIDS  WHITE CHALK STICKS,4077,188,132,1645.68,0.4274468085106383
21918,SET 12 KIDS COLOUR  CHALK STICKS,6996,285,193,2807.56,0.4270833333333333
21922,UNION STRIPE WITH FRINGE  HAMMOCK,758,167,113,5674.14,7.950238095238096
21925,UNION STRIPE CUSHION COVER,397,69,38,496.25,1.25
21926,RED/CREAM STRIPE CUSHION COVER,400,62,35,492.4,1.2469354838709679
21927,BLUE/CREAM STRIPE CUSHION COVER,583,106,42,721.15,1.2482242990654207
21928,JUMBO BAG SCANDINAVIAN BLUE PAISLEY,7489,459,232,14147.15,2.0558134490238613
21928,JUMBO BAG SCANDINAVIAN PAISLEY,1942,93,76,3421.8,1.9085106382978725
21929,JUMBO BAG PINK VINTAGE PAISLEY,9666,614,308,18040.83,2.038427876823339
21930,JUMBO STORAGE BAG SKULLS,5691,474,220,10859.59,2.027713097713098
21931,JUMBO STORAGE BAG SUKI,11179,791,334,21182.510000000002,2.028306148055207
21932,SCANDINAVIAN PAISLEY PICNIC BAG,2430,322,218,4301.71,1.8558282208588956
21933,PINK VINTAGE PAISLEY PICNIC BAG,2403,286,198,4284.3099999999995,1.8435153583617747
21934,SKULL SHOULDER BAG,1278,144,85,2064.7,1.6458333333333333
21935,SUKI  SHOULDER BAG,1762,205,121,2822.72,1.6440776699029127
21936,RED RETROSPOT PICNIC BAG,3700,397,223,10208.66,2.9441206030150755
21937,STRAWBERRY   PICNIC BAG,1574,212,146,4383.3,2.9274647887323946
21942,SKULLS DESIGN FLANNEL,149,24,14,124.35,0.8308333333333332
21943,CAKES AND RABBITS DESIGN FLANNEL,57,10,7,48.449999999999996,0.85
21944,KITTENS DESIGN FLANNEL,232,33,24,177.88,0.7688235294117647
21945,STRAWBERRIES  DESIGN FLANNEL,225,29,27,190.79,0.8346666666666667
21946,PARTY TIME DESIGN FLANNEL,72,11,8,58.9,0.8081818181818182
21947,SET OF 6 HEART CHOPSTICKS,594,82,62,741.48,1.3603488372093022
21948,SET OF 6 CAKE CHOPSTICKS,417,54,37,541.82,1.404
21949,SET OF 6 STRAWBERRY CHOPSTICKS,613,59,46,725.49,1.305084745762712
21955,DOORMAT UNION JACK GUNS AND ROSES,1157,155,108,6619.41,7.755064102564102
21967,PACK OF 12 SKULL TISSUES,5162,173,129,1504.9799999999998,0.32386363636363635
21972,SET OF 36 DINOSAUR PAPER DOILIES,290,41,37,420.49999999999994,1.45
21973,SET OF 36 MUSHROOM PAPER DOILIES,158,31,26,229.1,1.45
21974,SET OF 36 PAISLEY FLOWER DOILIES,1975,235,177,2854.06,1.492936170212766
21975,PACK OF 60 DINOSAUR CAKE CASES,12035,532,289,5883.22,0.5584798534798535
21976,PACK OF 60 MUSHROOM CAKE CASES,4907,278,182,2480.13,0.5523674911660779
21977,PACK OF 60 PINK PAISLEY CAKE CASES,24129,675,411,11555.45,0.5514076246334311
21980,PACK OF 12 RED RETROSPOT TISSUES,6425,252,193,1974.8899999999999,0.3281349206349206
21981,PACK OF 12 WOODLAND TISSUES,5274,191,143,1506.1399999999999,0.3372020725388601
21982,PACK OF 12 SUKI TISSUES,6906,260,182,1994.6599999999999,0.34217228464419475
21983,PACK OF 12 BLUE PAISLEY TISSUES,2199,125,99,705.77,0.35176
21984,PACK OF 12 PINK PAISLEY TISSUES,3270,158,124,992.6399999999999,0.354875
21985,PACK OF 12 HEARTS DESIGN TISSUES,8541,354,262,2542.17,0.334438202247191
21986,PACK OF 12 PINK POLKADOT TISSUES,3985,155,118,1129.79,0.33987261146496817
21987,PACK OF 6 SKULL PAPER CUPS,2037,149,106,1246.2900000000002,0.6476623376623377
21988,PACK OF 6 SKULL PAPER PLATES,2194,147,101,1663.3,0.8401342281879194
21989,PACK OF 20 SKULL PAPER NAPKINS,2065,205,130,1672.6899999999998,0.8464903846153846
21990,MODERN FLORAL STATIONERY SET,1200,178,128,1719.6,1.499281767955801
21991,BOHEMIAN COLLAGE STATIONERY SET,459,103,80,660.53,1.50875
21992,VINTAGE PAISLEY STATIONERY SET,1151,199,160,1640.29,1.5270243902439025
21993,FLORAL FOLK STATIONERY SET,1348,206,151,1912.3500000000001,1.5241346153846154
22021,BLUE FELT EASTER EGG BASKET,350,64,60,577.4999999999999,1.65
22023,EMPIRE BIRTHDAY CARD,1119,85,71,471.21000000000004,0.4295348837209302
22024,RAINY LADIES BIRTHDAY CARD,2268,130,90,913.87,0.42846153846153845
22025,RING OF ROSES BIRTHDAY CARD,1752,88,73,696.96,0.4152808988764045
22026,BANQUET BIRTHDAY  CARD,1548,101,71,637.2,0.41821782178217815
22027,TEA PARTY BIRTHDAY CARD,3973,265,180,1630.79,0.42413533834586464
22028,PENNY FARTHING BIRTHDAY CARD,2891,186,124,1193.41,0.4309090909090909
22029,SPACEBOY BIRTHDAY CARD,7822,395,234,3115.1,0.423459595959596
22030,SWALLOWS GREETING CARD,5337,242,179,2120.55,0.41921810699588474
22031,BOTANICAL LAVENDER BIRTHDAY CARD,351,33,28,153.57,0.4696969696969697
22032,BOTANICAL LILY GREETING CARD,361,31,28,151.62,0.42
22033,BOTANICAL ROSE GREETING CARD,336,21,20,141.12,0.42000000000000004
22034,ROBIN CHRISTMAS CARD,-9,2,2,-3.7800000000000002,0.42
22035,VINTAGE CARAVAN GREETING CARD,1394,87,65,569.02,0.42666666666666664
22037,ROBOT BIRTHDAY CARD,3747,257,173,1552.96,0.42065891472868217
22038,BOTANICAL LAVENDER GIFT WRAP,475,19,19,199.5,0.42
22039,BOTANICAL LILY GIFT WRAP,225,8,6,94.5,0.42
22040,BOTANICAL ROSE GIFT WRAP,725,28,27,304.5,0.42
22041,"RECORD FRAME 7"" SINGLE SIZE",3774,200,73,8357.07,2.4918719211822657
22042,CHRISTMAS CARD SINGING ANGEL,348,26,24,146.16,0.42
22043,CHRISTMAS CARD SCREEN PRINT,1188,43,40,283.32,0.23674418604651162
22044,CHRISTMAS CARD STACK OF PRESENTS,816,36,35,196.44,0.2602777777777778
22045,SPACEBOY GIFT WRAP,6427,208,148,2631.34,0.41865384615384615
22046,TEA PARTY  WRAPPING PAPER,2216,77,62,914.72,0.4189610389610389
22047,EMPIRE GIFT WRAP,3325,106,93,1352.5,0.41792452830188676
22048,BIRTHDAY BANQUET GIFT WRAP,950,33,32,383.0,0.41757575757575754
22049,WRAP CHRISTMAS SCREEN PRINT,975,32,27,260.0,0.2690625
22050,PINK PAISLEY ROSE GIFT WRAP,1200,41,37,488.0,0.4180487804878049
22051,BLUE SCANDINAVIAN PAISLEY WRAP,975,39,36,409.5,0.42
22052,VINTAGE CARAVAN GIFT WRAP,546,24,22,229.32,0.42
22053,EMPIRE DESIGN ROSETTE,4236,26,23,3596.4199999999996,1.2261538461538461
22055,MINI CAKE STAND  HANGING STRAWBERY,1228,149,103,1624.03,1.4514935064935064
22057,CERAMIC PLATE STRAWBERRY DESIGN,530,60,46,576.66,1.262
22059,CERAMIC STRAWBERRY DESIGN MUG,1715,150,85,1924.71,1.3092207792207793
22060,LARGE CAKE STAND HANGING HEARTS,215,40,32,1023.85,5.524390243902439
22061,LARGE CAKE STAND  HANGING STRAWBERY,548,144,87,3705.63,9.029444444444444
22062,CERAMIC BOWL WITH LOVE HEART DESIGN,584,54,44,594.76,1.139322033898305
22063,CERAMIC BOWL WITH STRAWBERRY DESIGN,531,86,56,1088.8500000000001,2.7180898876404496
22064,PINK DOUGHNUT TRINKET POT,1567,178,87,2076.5499999999997,1.6342391304347825
22065,CHRISTMAS PUDDING TRINKET POT,6408,173,132,2861.42,0.6314754098360655
22066,LOVE HEART TRINKET POT,2227,133,100,1027.19,0.615985401459854
22067,CHOC TRUFFLE GOLD TRINKET POT,379,51,33,553.43,1.5173076923076922
22068,BLACK PIRATE TREASURE CHEST,419,83,57,480.92999999999995,1.4249999999999998
22069,BROWN  PIRATE TREASURE CHEST,218,37,26,237.47999999999996,1.417894736842105
22070,SMALL RED RETROSPOT MUG IN BOX,577,89,64,1694.14,3.847666666666667
22071,SMALL WHITE RETROSPOT MUG IN BOX,424,77,65,1114.54,3.56
22072,RED RETROSPOT TEA CUP AND SAUCER,788,148,91,2447.94,3.477368421052631
22073,RED RETROSPOT STORAGE JAR,286,47,38,1022.1,3.7059183673469387
22074,6 RIBBONS SHIMMERING PINKS,988,76,61,753.14,1.2164935064935065
22075,6 RIBBONS ELEGANT CHRISTMAS,1526,121,96,1985.12,1.5277235772357722
22076,6 RIBBONS EMPIRE,1034,113,96,1302.7199999999998,1.4291150442477873
22077,6 RIBBONS RUSTIC CHARM,8560,732,413,14913.739999999998,1.7782195448460507
22078,RIBBON REEL LACE DESIGN,1288,143,105,2584.8,2.0932432432432435
22079,RIBBON REEL HEARTS DESIGN,1671,228,190,2759.39,1.6988311688311688
22080,RIBBON REEL POLKADOTS,1157,127,116,1861.05,1.6468992248062015
22081,RIBBON REEL FLORA + FAUNA,575,90,74,961.87,1.7401098901098901
22082,RIBBON REEL STRIPES DESIGN,2505,336,250,4121.33,1.6823976608187134
22083,PAPER CHAIN KIT RETROSPOT,4218,448,295,11796.660000000002,2.9540979955456574
22084,PAPER CHAIN KIT EMPIRE,4844,376,278,13290.6,2.907068062827225
22085,PAPER CHAIN KIT SKULLS,507,73,62,1415.65,2.9283783783783788
22086,PAPER CHAIN KIT 50'S CHRISTMAS,15138,990,615,41423.78,2.9343632773938797
22087,PAPER BUNTING WHITE LACE,3696,265,155,10019.6,2.8803703703703705
22088,PAPER BUNTING COLOURED LACE,1642,172,115,4533.900000000001,2.9040229885057474
22089,PAPER BUNTING VINTAGE PAISLEY,1213,181,142,3395.55,2.9185792349726776
22090,PAPER BUNTING RETROSPOT,6829,575,325,18589.59,2.899378238341969
22091,EMPIRE TISSUE BOX,1930,131,97,910.9200000000001,0.5582442748091603
22092,BLUE PAISLEY TISSUE BOX,666,88,75,311.56,0.5076136363636364
22093,MOTORING TISSUE BOX,1811,154,115,789.8100000000001,0.5257692307692308
22094,RED RETROSPOT TISSUE BOX,2016,150,119,890.07,0.574640522875817
22095,LADS ONLY TISSUE BOX,1562,104,72,1416.53,0.6580180180180181
22096,PINK PAISLEY SQUARE TISSUE BOX,1351,110,89,559.4100000000001,0.5213157894736842
22097,SWALLOW SQUARE TISSUE BOX,1567,133,103,681.65,0.5302836879432624
22098,BOUDOIR SQUARE TISSUE BOX,1880,149,98,879.97,0.6620645161290323
22099,CARAVAN SQUARE TISSUE BOX,1390,123,96,692.32,0.61171875
22100,SKULLS SQUARE TISSUE BOX,727,38,34,304.17,0.6389473684210527
22101,MIRROR MOSAIC VOTIVE HOLDER,513,25,21,505.26000000000005,1.8748000000000002
22102,MIRROR MOSAIC T-LIGHT HOLDER,813,19,13,434.25,1.4510526315789474
22103,MIRROR MOSAIC T-LIGHT HOLDER ROUND,671,18,13,492.63,1.3994444444444443
22104,MIRROR MOSAIC CANDLE PLATE,151,12,9,120.07,1.3641666666666667
22105,MIRROR MOSAIC GOBLET CANDLE HOLDER,266,11,9,338.5,3.35
22106,MIRROR MOSAIC HURRICANE LAMP,165,14,9,428.15000000000003,5.3428571428571425
22107,PIZZA PLATE IN BOX,270,73,46,886.23,3.538684210526316
22108,PING! MICROWAVE PLATE,101,28,16,246.53,2.855
22109,FULL ENGLISH BREAKFAST PLATE,1348,163,101,4871.16,3.830542168674699
22110,BIRD HOUSE HOT WATER BOTTLE,615,155,116,1556.9599999999998,2.577361963190184
22111,SCOTTIE DOG HOT WATER BOTTLE,4119,663,427,19505.45,4.897679640718563
22112,CHOCOLATE HOT WATER BOTTLE,5072,707,383,23239.760000000002,4.869705469845722
22113,GREY HEART HOT WATER BOTTLE,3118,515,339,12044.65,4.031233644859813
22114,HOT WATER BOTTLE TEA AND SYMPATHY,3695,518,325,15255.97,4.211230769230769
22115,METAL SIGN EMPIRE TEA,1495,183,152,1706.8100000000002,1.5037297297297296
22116,METAL SIGN HIS DINNER IS SERVED,493,91,65,483.19,1.21989010989011
22117,METAL SIGN HER DINNER IS SERVED,1290,72,58,3802.5,2.785416666666667
22118,JOY WOODEN BLOCK LETTERS,217,78,67,742.63,4.2676923076923075
22119,PEACE WOODEN BLOCK LETTERS,341,104,82,1692.71,6.172264150943396
22120,WELCOME  WOODEN BLOCK LETTERS,490,169,121,4707.2699999999995,9.866331360946745
22121,NOEL WOODEN BLOCK LETTERS,331,115,94,1918.9900000000002,6.062413793103448
22123,PING MICROWAVE APRON,442,72,59,793.5999999999999,2.1576712328767123
22124,SET OF 2 TEA TOWELS PING MICROWAVE,78,23,14,127.42,2.2886956521739132
22125,UNION JACK HOT WATER BOTTLE,4,1,1,23.8,5.95
22127,PARTY CONES CARNIVAL ASSORTED,402,20,20,479.7,1.2409523809523808
22128,PARTY CONES CANDY ASSORTED,1673,75,62,1972.69,1.2373333333333334
22129,PARTY CONES CANDY DECORATION,296,8,6,233.27999999999997,1.4375
22129,PARTY CONES CANDY TREE DECORATION,690,28,27,552.18,0.8360714285714286
22130,PARTY CONE CHRISTMAS DECORATION,1360,90,80,1156.0,0.8472043010752688
22131,FOOD CONTAINER SET 3 LOVE HEART,1883,181,115,3356.77,2.0393548387096776
22132,RED LOVE HEART SHAPE CUP,923,84,60,762.71,0.8561904761904762
22133,PINK LOVE HEART SHAPE CUP,702,60,41,585.78,0.8738333333333334
22134,LADLE LOVE HEART RED,6,1,1,2.52,0.42
22134,MINI LADLE LOVE HEART RED,630,54,28,252.24,0.4636363636363636
22135,LADLE LOVE HEART PINK,19,3,3,7.98,0.42
22135,MINI LADLE LOVE HEART PINK,242,45,20,106.56,0.46555555555555556
22136,LOVE HEART SOCK HANGER,332,51,37,528.8,1.6424528301886792
22137,BATHROOM SET LOVE HEART DESIGN,68,11,9,191.0,2.913636363636364
22138,BAKING SET 9 PIECE RETROSPOT,4718,881,585,22642.0,4.983152542372881
22139,RETROSPOT TEA SET CERAMIC 11 PC,4197,839,489,20230.93,4.995041617122473
22141,CHRISTMAS CRAFT TREE TOP ANGEL,2435,351,256,4998.280000000001,2.1462290502793295
22142,CHRISTMAS CRAFT WHITE FAIRY,3059,323,259,4318.99,1.4963855421686747
22144,CHRISTMAS CRAFT LITTLE FRIENDS,3415,424,319,7016.8,2.1476674364896073
22145,CHRISTMAS CRAFT HEART STOCKING,30,1,1,63.0,2.1
22146,EASTER CRAFT IVY WREATH WITH CHICK,1,1,1,1.95,1.95
22147,FELTCRAFT BUTTERFLY HEARTS,5246,444,287,7205.099999999999,1.4636244541484718
22148,EASTER CRAFT 4 CHICKS,1798,161,148,3326.1,1.9371951219512193
22149,FELTCRAFT 6 FLOWER FRIENDS,5259,470,337,10391.29,2.102878151260504
22150,3 STRIPEY MICE FELTCRAFT,2903,406,288,5439.05,1.9641463414634146
22151,PLACE SETTING WHITE HEART,13963,294,175,5590.23,0.42926910299003324
22152,PLACE SETTING WHITE STAR,2346,95,70,965.4499999999999,0.43161616161616156
22153,ANGEL DECORATION STARS ON DRESS,2329,89,62,958.02,0.4187234042553191
22154,ANGEL DECORATION 3 BUTTONS,3521,114,87,1452.9,0.4194915254237288
22155,STAR DECORATION RUSTIC,2153,86,67,904.26,0.41999999999999993
22156,HEART DECORATION WITH PEARLS,1768,165,106,1498.25,0.863764705882353
22157,ANGEL DECORATION WITH LACE PADDED,212,11,11,180.2,0.85
22158,3 HEARTS HANGING DECORATION RUSTIC,2820,269,201,7941.96,2.9742962962962967
22161,HEART DECORATION RUSTIC HANGING,4114,154,118,851.36,0.23116959064327486
22162,HEART GARLAND RUSTIC PADDED,97,29,21,280.25,2.8548387096774195
22163,HEART STRING MEMO HOLDER HANGING,601,51,41,561.19,1.360566037735849
22164,STRING OF STARS CARD HOLDER,71,12,11,209.45000000000005,2.9500000000000006
22165,"DIAMANTE HEART SHAPED WALL MIRROR,",266,39,27,1477.9,10.39102564102564
22166,WALL MIRROR RECTANGLE DIAMANTE PINK,119,18,13,466.05000000000007,7.672222222222222
22167,OVAL WALL MIRROR DIAMANTE,116,62,41,1000.25,9.696825396825396
22168,ORGANISER WOOD ANTIQUE WHITE,127,85,71,1060.8,8.39
22169,FAMILY ALBUM WHITE PICTURE FRAME,1044,302,165,8165.89,8.380099337748344
22170,PICTURE FRAME WOOD TRIPLE PORTRAIT,1004,230,142,6259.5,6.743739130434783
22171,3 HOOK PHOTO SHELF ANTIQUE WHITE,1596,320,173,11300.73,8.36346875
22173,METAL 4 HOOK HANGER FRENCH CHATEAU,2048,343,210,5987.62,3.06606936416185
22174,PHOTO CUBE,2667,169,104,3997.91,1.728081395348837
22175,PINK OWL SOFT TOY,837,141,85,2373.15,2.9414893617021276
22176,BLUE OWL SOFT TOY,486,100,62,1414.5000000000002,2.946078431372549
22178,VICTORIAN GLASS HANGING T-LIGHT,21955,839,403,28111.71,1.431767497034401
22179,SET 10 LIGHTS NIGHT OWL,399,82,54,2539.65,6.701807228915663
22179,SET 10 NIGHT OWL LIGHTS,367,102,59,2385.39,6.751346153846153
22180,RETROSPOT LAMP,279,143,93,2728.2,9.90944055944056
22181,SNOWSTORM PHOTO FRAME FRIDGE MAGNET,550,48,40,455.02,0.8472916666666667
22182,CAKE STAND VICTORIAN FILIGREE SMALL,201,38,30,698.95,4.463157894736842
22183,CAKE STAND VICTORIAN FILIGREE MED,72,19,16,458.0,6.228947368421053
22184,CAKE STAND VICTORIAN FILIGREE LARGE,6,6,5,51.0,8.5
22185,SLATE TILE NATURAL HANGING,1390,126,111,1974.1999999999998,1.5909375
22186,RED STAR CARD HOLDER,748,122,112,1591.64,2.312276422764228
22187,GREEN CHRISTMAS TREE CARD HOLDER,1179,148,124,2547.5699999999997,2.579066666666667
22188,BLACK HEART CARD HOLDER,4842,167,123,12254.0,3.798802395209581
22189,CREAM HEART CARD HOLDER,8180,457,274,22656.32,3.8768627450980393
22190,LOCAL CAFE MUG,566,52,38,785.13,1.8186538461538464
22191,IVORY DINER WALL CLOCK,1075,407,241,8874.0,8.460609756097561
22192,BLUE DINER WALL CLOCK,886,345,180,7360.63,8.481681159420289
22193,RED DINER WALL CLOCK,1325,425,207,10855.94,8.493388235294118
22194,BLACK DINER WALL CLOCK,51,34,24,433.5,8.5
22195,LARGE HEART MEASURING SPOONS,1695,221,148,2835.2699999999995,1.7353097345132744
22196,SMALL HEART MEASURING SPOONS,2350,251,147,1984.4999999999998,0.8697276264591439
22197,POPCORN HOLDER,30492,668,296,23088.1,0.8411320754716981
22197,SMALL POPCORN HOLDER,18197,417,228,13752.23,0.83270783847981
22198,LARGE POPCORN HOLDER,830,68,44,1301.1,1.6205882352941174
22199,FRYING PAN RED POLKADOT,1,1,1,4.25,4.25
22199,FRYING PAN RED RETROSPOT,374,99,71,1289.0,3.8055555555555554
22200,FRYING PAN PINK POLKADOT,322,77,51,1194.54,3.8851282051282054
22201,FRYING PAN BLUE POLKADOT,106,42,29,357.5,3.8095238095238093
22202,MILK PAN PINK POLKADOT,38,18,16,142.5,3.75
22203,MILK PAN RED RETROSPOT,308,93,75,988.63,3.560967741935484
22204,MILK PAN BLUE POLKADOT,91,32,23,283.75,3.371212121212121
22207,FRYING PAN UNION FLAG,1124,117,68,4444.86,4.423675213675213
22208,WOOD STAMP SET THANK YOU,1270,201,148,1217.51,0.993816425120773
22209,WOOD STAMP SET HAPPY BIRTHDAY,808,122,100,788.7099999999999,0.9939837398373983
22210,WOOD STAMP SET BEST WISHES,912,142,117,820.91,0.9662837837837838
22211,WOOD STAMP SET FLOWERS,734,127,101,737.13,0.9859848484848486
22212,FOUR HOOK  WHITE LOVEBIRDS,1393,260,146,2856.57,2.1095849056603777
22214,CANDLE PLATE LACE WHITE,114,21,18,246.7,2.3823809523809523
22215,CAKE STAND WHITE TWO TIER LACE,328,91,72,2237.5,7.435164835164835
22216,T-LIGHT HOLDER WHITE LACE,327,20,17,182.31,0.7144999999999999
22217,T-LIGHT HOLDER HANGING LACE,724,65,63,596.26,0.9986153846153846
22218,CAKE STAND LACE WHITE,1,1,1,4.25,4.25
22219,LOVEBIRD HANGING DECORATION WHITE,3341,314,190,2792.27,0.8608668730650155
22220,CAKE STAND LOVEBIRD 2 TIER WHITE,191,83,66,1288.05,8.548192771084338
22221,CAKE STAND LOVEBIRD 2 TIER PINK,122,46,38,944.5,9.157608695652174
22222,CAKE PLATE LOVEBIRD WHITE,824,149,104,2599.2,4.307046979865772
22223,CAKE PLATE LOVEBIRD PINK,315,42,34,902.85,4.096511627906977
22224,WHITE LOVEBIRD LANTERN,683,117,89,1958.8500000000001,2.9059322033898307
22227,HANGING HEART MIRROR DECORATION,1967,172,83,1275.5500000000002,0.6646739130434782
22228,BUNNY WOODEN PAINTED WITH BIRD,849,94,81,595.61,0.6982978723404255
22229,BUNNY WOODEN PAINTED WITH FLOWER,493,63,54,332.57,0.6730769230769231
22230,JIGSAW TREE WITH WATERING CAN,909,67,51,342.64,0.564927536231884
22231,JIGSAW TREE WITH BIRDHOUSE,798,115,93,726.0799999999999,0.9605084745762711
22232,JIGSAW TOADSTOOLS 3 PIECE,559,66,54,451.71,0.9112121212121211
22233,JIGSAW RABBIT AND BIRDHOUSE,519,81,71,481.10999999999996,1.0442857142857143
22236,CAKE STAND 3 TIER MAGIC GARDEN,263,99,67,3115.6499999999996,12.513636363636362
22241,GARLAND WOODEN HAPPY EASTER,1758,168,125,2142.9700000000003,1.2466470588235294
22242,5 HOOK HANGER MAGIC TOADSTOOL,597,30,23,908.2499999999999,1.63
22243,5 HOOK HANGER RED MAGIC TOADSTOOL,3043,111,71,4576.95,1.632300884955752
22244,3 HOOK HANGER MAGIC GARDEN,1599,102,67,2880.45,1.9266990291262134
22245,"HOOK, 1 HANGER ,MAGIC GARDEN",1193,58,44,961.01,0.8433898305084745
22246,"GARLAND, MAGIC GARDEN 1.8M",12,1,1,23.4,1.95
22246,MAGIC GARDEN FELT GARLAND,254,36,31,508.38,2.192222222222222
22247,BUNNY DECORATION MAGIC GARDEN,483,56,54,406.39,0.8477966101694915
22248,DECORATION  PINK CHICK MAGIC GARDEN,362,46,43,303.53999999999996,0.8472916666666667
22249,DECORATION WHITE CHICK MAGIC GARDEN,625,76,73,527.09,0.8483544303797468
22250,DECORATION  BUTTERFLY  MAGIC GARDEN,443,58,57,372.39,0.8477966101694915
22251,BIRDHOUSE DECORATION MAGIC GARDEN,502,75,67,622.94,1.2475324675324675
22252,BIRDCAGE DECORATION TEALIGHT HOLDER,637,68,48,754.07,1.2364285714285714
22254,FELT TOADSTOOL LARGE,594,41,33,706.02,1.2453658536585366
22255,FELT TOADSTOOL  SMALL,542,44,33,460.7,0.85
22256,FELT FARM ANIMAL CHICKEN,257,33,32,321.25,1.25
22257,FELT FARM ANIMAL SHEEP,283,16,16,194.39,1.1577777777777778
22258,FELT FARM ANIMAL RABBIT,715,38,35,535.1899999999999,1.1407894736842106
22259,FELT FARM ANIMAL HEN,384,16,16,240.96,1.0547058823529412
22260,FELT EGG COSY BLUE RABBIT,406,48,37,348.21999999999997,0.9111764705882353
22261,FELT EGG COSY WHITE RABBIT,510,71,61,438.96,0.8921621621621622
22262,FELT EGG COSY CHICKEN,915,92,62,780.87,0.8660824742268041
22263,FELT EGG COSY LADYBIRD,206,19,14,92.49,0.858095238095238
22264,FELT FARM ANIMAL WHITE BUNNY,1391,40,38,517.07,0.6614285714285715
22265,EASTER DECORATION NATURAL CHICK,510,48,42,331.50000000000006,0.65
22266,EASTER DECORATION HANGING BUNNY,1860,78,69,562.7,0.46058823529411763
22267,EASTER DECORATION EGG BUNNY,828,75,67,654.7,0.9683116883116883
22268,DECORATION SITTING BUNNY,1296,42,32,250.20000000000002,0.205
22268,EASTER DECORATION SITTING BUNNY,500,55,44,406.28,0.8477192982456141
22269,EGG CUP NATURAL CHICKEN,840,87,62,520.48,0.9270454545454545
22270,HAPPY EASTER HANGING DECORATION,203,45,35,744.33,3.7346808510638296
22271,FELTCRAFT DOLL ROSIE,1640,258,181,4678.52,2.9673846153846157
22272,FELTCRAFT DOLL MARIA,193,47,44,550.15,2.941666666666667
22273,FELTCRAFT DOLL MOLLY,3017,298,212,8235.59,2.9634883720930234
22274,FELTCRAFT DOLL EMILY,1287,233,168,3690.8500000000004,2.988454935622318
22275,WEEKEND BAG VINTAGE ROSE PAISLEY,69,1,1,527.85,7.65
22276,WASH BAG VINTAGE ROSE PAISLEY,246,64,53,627.3,2.55
22277,COSMETIC BAG VINTAGE ROSE PAISLEY,355,63,54,728.62,2.224920634920635
22278,OVERNIGHT BAG VINTAGE ROSE PAISLEY,237,85,59,1173.15,4.95
22279,POCKET BAG BLUE PAISLEY RED SPOT,476,47,44,573.41,1.2708163265306123
22280,POCKET BAG PINK PAISELY BROWN SPOT,176,30,26,223.63,1.3670967741935485
22281,EASTER TREE YELLOW BIRDS,108,43,35,642.6,5.95
22282,12 EGG HOUSE PAINTED WOOD,110,65,39,1412.52,12.910153846153845
22283,6 EGG HOUSE PAINTED WOOD,252,119,82,2011.24,8.015882352941176
22284,HEN HOUSE DECORATION,861,101,79,1420.6499999999999,1.65
22285,"DECORATION HEN ON NEST, HANGING",39,3,3,64.35,1.6499999999999997
22285,HANGING HEN ON NEST DECORATION,794,87,72,1310.1,1.65
22286,"DECORATION , WOBBLY RABBIT , METAL",272,34,30,448.79999999999995,1.65
22286,DECORATION WOBBLY RABBIT METAL,753,45,35,375.57,0.6699999999999999
22287,"DECORATION , WOBBLY CHICKEN, METAL",227,28,27,374.54999999999995,1.65
22287,DECORATION WOBBLY CHICKEN,509,30,25,251.42999999999998,0.6419999999999999
22288,HANGING METAL RABBIT DECORATION,452,39,37,565.0,1.25
22289,HANGING METAL CHICKEN DECORATION,122,19,19,152.5,1.25
22291,HANGING CHICK CREAM DECORATION,1191,91,72,1726.9499999999998,1.45
22292,HANGING CHICK  YELLOW DECORATION,1085,88,76,1515.6499999999999,1.4478260869565216
22293,HANGING CHICK GREEN DECORATION,817,82,63,1184.6499999999999,1.45
22294,HEART FILIGREE DOVE  SMALL,5328,249,162,6532.32,1.2455642023346305
22295,HEART FILIGREE DOVE LARGE,2707,213,156,4370.669999999999,1.669074074074074
22296,HEART IVORY TRELLIS LARGE,3038,271,189,4960.78,1.6588571428571428
22297,HEART IVORY TRELLIS SMALL,3856,221,157,4706.28,1.257345132743363
22299,PIG KEYRING WITH LIGHT & SOUND,1264,45,39,1166.34,1.0588888888888888
22300,COFFEE MUG DOG + BALL DESIGN,1423,148,100,2978.49,2.534256756756757
22301,COFFEE MUG CAT + BIRD DESIGN,2074,192,123,4418.94,2.514427083333333
22302,COFFEE MUG PEARS  DESIGN,2275,193,134,4926.7,2.5202577319587625
22303,COFFEE MUG APPLES DESIGN,2690,239,156,5937.7,2.512833333333333
22304,COFFEE MUG BLUE PAISLEY DESIGN,738,47,38,1252.76,2.6125531914893614
22305,COFFEE MUG PINK PAISLEY DESIGN,683,45,35,1556.89,2.6906666666666665
22306,SILVER MUG BONE CHINA TREE OF LIFE,1109,103,85,1261.8700000000001,1.1533333333333333
22307,GOLD MUG BONE CHINA TREE OF LIFE,690,66,53,789.71,1.157910447761194
22308,TEA COSY BLUE STRIPE,145,36,27,356.89,2.8052777777777775
22309,TEA COSY RED  STRIPE,292,64,48,706.8299999999999,2.647384615384615
22310,IVORY KNITTED MUG COSY,531,51,29,841.79,1.7896226415094338
22311,OFFICE MUG WARMER BLACK+SILVER,1042,95,62,2890.1,3.1553608247422678
22312,OFFICE MUG WARMER POLKADOT,497,94,62,1437.2900000000002,3.015894736842105
22313,OFFICE MUG WARMER PINK,303,55,41,845.3900000000001,2.8366666666666664
22314,OFFICE MUG WARMER CHOC+BLUE,514,94,59,1425.2400000000002,3.0381250000000004
22315,200 RED + WHITE BENDY STRAWS,759,119,90,912.27,1.2468333333333335
22316,200 BENDY SKULL STRAWS,636,42,28,703.8000000000001,1.2364285714285714
22317,FIVE CATS HANGING DECORATION,171,39,35,503.37000000000006,3.0751282051282054
22318,FIVE HEART HANGING DECORATION,389,91,67,1140.3500000000001,2.941304347826087
22319,HAIRCLIPS FORTIES FABRIC ASSORTED,1316,62,54,568.36,0.5683870967741936
22320,BIRDS MOBILE VINTAGE DESIGN,174,73,56,1046.66,6.105616438356165
22321,BIRD DECORATION RED RETROSPOT,735,58,45,624.75,0.85
22322,BIRD DECORATION GREEN POLKADOT,378,38,30,321.29999999999995,0.85
22323,PINK POLKADOT KIDS BAG,1,1,1,1.95,1.95
22324,BLUE POLKADOT KIDS BAG,228,29,20,456.35999999999996,2.4486666666666665
22325,MOBILE VINTAGE HEARTS,139,64,52,685.95,4.9390625
22326,ROUND SNACK BOXES SET OF4 WOODLAND,8035,612,281,21983.77,2.9358401305057096
22327,ROUND SNACK BOXES SET OF 4 SKULLS,810,167,106,2293.5,2.940588235294118
22328,ROUND SNACK BOXES SET OF 4 FRUITS,5813,473,228,15883.99,2.9273949579831933
22329,ROUND CONTAINER SET OF 5 RETROSPOT,1369,154,104,2153.2499999999995,1.6396774193548385
22331,WOODLAND PARTY BAG + STICKER SET,1766,145,103,2747.66,1.6560689655172414
22332,SKULLS PARTY BAG + STICKER SET,971,132,92,1544.55,1.6439849624060148
22333,RETROSPOT PARTY BAG + STICKER SET,4321,278,169,6633.73,1.6346263345195728
22334,DINOSAUR PARTY BAG + STICKER SET,684,91,77,1101.44,1.663478260869565
22335,HEART DECORATION PAINTED ZINC,2018,123,88,1246.3000000000002,0.66015625
22336,DOVE DECORATION PAINTED ZINC,2258,50,48,652.7600000000001,0.44849056603773585
22337,ANGEL DECORATION PAINTED ZINC,635,26,24,383.95000000000005,0.6870370370370371
22338,STAR DECORATION PAINTED ZINC,4154,118,94,912.6800000000001,0.3175409836065574
22339,CHRISTMAS TREE PAINTED ZINC,2252,53,45,552.36,0.273859649122807
22340,NOEL GARLAND PAINTED ZINC,968,62,53,407.76,0.46483870967741936
22341,LOVE GARLAND PAINTED ZINC,405,41,37,672.6499999999999,1.8002439024390244
22342,HOME GARLAND PAINTED ZINC,797,54,49,729.4499999999999,0.9925925925925926
22343,PARTY PIZZA DISH RED RETROSPOT,1684,64,48,729.04,0.56078125
22344,PARTY PIZZA DISH PINK POLKADOT,1046,46,34,372.74,0.5860869565217391
22345,PARTY PIZZA DISH BLUE POLKADOT,951,42,29,302.61,0.5559090909090909
22346,PARTY PIZZA DISH GREEN POLKADOT,882,32,23,309.12,0.5551515151515152
22348,TEA BAG PLATE RED RETROSPOT,3849,255,144,3211.5899999999997,0.8666279069767442
22349,DOG BOWL CHASING BALL DESIGN,1326,116,86,5171.679999999999,3.7622222222222224
22350,ILLUSTRATED CAT BOWL,1355,89,63,3583.7699999999995,2.553111111111111
22351,DOTCOMGIFTSHOP TEA TOWEL,12,1,1,19.799999999999997,1.65
22352,LUNCH BOX WITH CUTLERY RETROSPOT,2832,333,185,6664.24,2.554597014925373
22353,LUNCH BOX WITH CUTLERY FAIRY CAKES,60,24,23,153.0,2.55
22354,RETROSPOT PADDED SEAT CUSHION,699,66,44,2499.43,3.8024242424242427
22355,CHARLOTTE BAG SUKI DESIGN,8797,597,249,7001.26,0.8504318936877076
22356,CHARLOTTE BAG PINK POLKADOT,7037,504,220,5636.56,0.8604305283757339
22357,KINGS CHOICE BISCUIT TIN,306,95,70,1256.1,4.2095789473684215
22358,KINGS CHOICE TEA CADDY,446,114,87,1311.7800000000002,2.9959130434782613
22359,GLASS JAR KINGS CHOICE,158,64,47,468.94000000000005,2.9943750000000002
22360,GLASS JAR ENGLISH CONFECTIONERY,776,159,103,2156.2000000000003,2.99125
22361,GLASS JAR DAISY FRESH COTTON WOOL,525,129,92,1472.3500000000001,2.9346153846153844
22362,GLASS JAR PEACOCK BATH SALTS,316,88,62,889.8800000000001,3.01
22363,GLASS JAR MARMALADE,323,61,46,888.49,2.9633333333333334
22364,GLASS JAR DIGESTIVE BISCUITS,449,109,69,1238.67,2.976545454545455
22365,DOORMAT RESPECTABLE HOUSE,727,127,83,4849.29,7.862755905511811
22366,DOORMAT AIRMAIL,695,159,104,4693.75,7.802327044025157
22367,CHILDRENS APRON SPACEBOY DESIGN,3502,459,300,6492.54,1.9835497835497835
22371,AIRLINE BAG VINTAGE TOKYO 78,812,256,145,3414.98,4.35953488372093
22372,AIRLINE BAG VINTAGE WORLD CHAMPION,220,102,81,931.08,4.317450980392157
22374,AIRLINE BAG VINTAGE JET SET RED,441,159,108,1853.0900000000001,4.262125
22375,AIRLINE BAG VINTAGE JET SET BROWN,250,96,67,1043.3,4.234375
22376,AIRLINE BAG VINTAGE JET SET WHITE,191,82,66,812.19,4.290952380952381
22377,BOTTLE BAG RETROSPOT,1029,107,83,1492.44,1.9517757009345795
22378,WALL TIDY RETROSPOT,1679,104,69,2079.96,1.8362857142857143
22379,RECYCLING BAG RETROSPOT,6010,412,188,11790.38,2.1235990338164252
22380,TOY TIDY SPACEBOY,1115,201,114,2188.65,2.127722772277228
22381,TOY TIDY PINK POLKADOT,3140,296,134,6168.93,2.1231000000000004
22382,LUNCH BAG SPACEBOY DESIGN,9716,1001,491,15577.8,1.6554870775347912
22383,LUNCH BAG SUKI  DESIGN,2114,147,122,3328.3,1.6380794701986754
22383,LUNCH BAG SUKI DESIGN,9436,916,400,15132.0,1.6528326180257509
22384,LUNCH BAG PINK POLKADOT,10074,951,445,16067.1,1.6508740894901144
22385,JUMBO BAG SPACEBOY DESIGN,8125,482,247,15105.61,2.0317008196721313
22386,JUMBO BAG PINK POLKADOT,19692,884,372,36437.78,2.0164771460423636
22389,PAPERWEIGHT SAVE THE PLANET,229,37,36,386.90999999999997,1.9916216216216216
22390,PAPERWEIGHT CHILDHOOD MEMORIES,259,30,24,405.62,2.356666666666667
22391,PAPERWEIGHT HOME SWEET HOME,146,18,18,186.05999999999997,1.5977777777777777
22393,PAPERWEIGHT VINTAGE COLLAGE,481,51,44,602.0799999999999,1.9980392156862743
22394,PAPERWEIGHT KINGS CHOICE,154,17,17,175.5,1.6688235294117646
22395,PAPERWEIGHT VINTAGE PAISLEY,134,15,15,130.26,1.3153333333333335
22396,MAGNETS PACK OF 4 RETRO PHOTO,1170,108,87,561.26,0.6373148148148148
22398,MAGNETS PACK OF 4 SWALLOWS,2466,231,167,1430.79,0.64508547008547
22399,MAGNETS PACK OF 4 CHILDHOOD MEMORY,1112,89,71,1287.4,1.2393258426966292
22400,MAGNETS PACK OF 4 HOME SWEET HOME,1385,144,112,711.48,0.5832876712328767
22402,MAGNETS PACK OF 4 VINTAGE COLLAGE,1695,145,107,998.22,0.6276712328767123
22403,MAGNETS PACK OF 4 VINTAGE LABELS,1216,86,72,561.86,0.5927906976744186
22405,MONEY BOX POCKET MONEY DESIGN,344,55,47,347.63,1.1214545454545455
22406,MONEY BOX KINGS CHOICE DESIGN,318,65,49,335.64,1.2161538461538461
22407,MONEY BOX FIRST ADE DESIGN,50,13,11,62.5,1.25
22407,MONEY BOX FIRST AID DESIGN,43,10,9,34.32,1.199
22408,MONEY BOX CONFECTIONERY DESIGN,136,22,20,140.25,1.1877272727272727
22409,MONEY BOX BISCUITS DESIGN,215,46,36,268.75,1.25
22410,MONEY BOX HOUSEKEEPING DESIGN,223,46,34,212.88,1.1454347826086957
22411,JUMBO SHOPPER VINTAGE RED PAISLEY,10148,801,375,19517.31,2.034987562189055
22412,METAL SIGN NEIGHBOURHOOD WITCH,872,114,73,1774.2000000000003,2.0934782608695652
22413,METAL SIGN TAKE IT OR LEAVE IT,3669,354,228,10585.35,2.964385474860335
22414,DOORMAT NEIGHBOURHOOD WITCH,251,72,37,1629.47,8.28375
22415,WHITE TISSUE REAM,19,13,13,151.05,7.950000000000001
22416,SET OF 36 DOILIES SPACEBOY DESIGN,800,56,47,1102.3999999999999,1.4428571428571428
22416,SET OF 36 SPACEBOY PAPER DOILIES,44,8,8,63.8,1.45
22417,PACK OF 60 SPACEBOY CAKE CASES,8051,409,270,4103.09,0.5527884615384615
22418,10 COLOUR SPACEBOY PEN,6102,249,179,5068.92,0.8718400000000001
22419,LIPSTICK PEN RED,2797,158,94,1229.82,0.4468711656441718
22420,LIPSTICK PEN BABY PINK,1198,84,55,499.90999999999997,0.47779069767441856
22421,LIPSTICK PEN FUSCHIA,1922,121,80,793.9399999999999,0.4565853658536585
22422,TOOTHPASTE TUBE PEN,970,73,53,396.6,0.6606578947368421
22423,REGENCY CAKESTAND 3 TIER,11529,1884,887,132567.69999999998,12.428511087645195
22424,ENAMEL BREAD BIN CREAM,683,343,189,8150.9,12.657521865889212
22425,ENAMEL COLANDER CREAM,428,144,110,2056.4100000000003,4.960486111111112
22426,ENAMEL WASH BOWL CREAM,648,147,104,2186.8,3.663513513513514
22427,ENAMEL FLOWER JUG CREAM,1950,453,311,11183.18,5.910921052631579
22428,ENAMEL FIRE BUCKET CREAM,218,94,75,1507.88,7.013617021276596
22429,ENAMEL MEASURING JUG CREAM,1153,330,227,4784.29,4.259156626506024
22430,ENAMEL WATERING CAN CREAM,519,168,131,2522.85,4.9292899408284025
22431,WATERING CAN BLUE ELEPHANT,1971,278,159,3667.1499999999996,1.9704285714285714
22432,WATERING CAN PINK BUNNY,1630,237,158,3065.4799999999996,1.9490794979079498
22433,WATERING CAN GREEN DINOSAUR,1338,192,121,2481.68,1.9504123711340207
22434,BALLOON PUMP WITH 10 BALLOONS,756,114,94,1476.3799999999999,1.9691228070175437
22435,SET OF 9 HEART SHAPED BALLOONS,2659,214,153,3230.79,1.255925925925926
22436,12 COLOURED PARTY BALLOONS,2069,140,105,1346.65,0.6625874125874126
22437,SET OF 9 BLACK SKULL BALLOONS,2735,175,140,2253.15,0.8429545454545454
22438,BALLOON ART MAKE YOUR OWN FLOWERS,887,68,66,801.45,1.5042857142857142
22439,6 ROCKET BALLOONS,1694,159,116,1128.7,0.689877300613497
22440,BALLOON WATER BOMB PACK OF 35,5863,139,100,2239.86,0.4174647887323944
22441,GROW YOUR OWN BASIL IN ENAMEL MUG,987,170,130,2054.7000000000003,2.097093023255814
22442,GROW YOUR OWN FLOWERS SET OF 3,281,81,69,1090.35,6.438888888888888
22443,GROW YOUR OWN HERBS SET OF 3,150,82,60,1192.5,7.949999999999999
22444,GROW YOUR OWN PLANT IN A CAN,730,36,31,894.26,1.2447222222222223
22445,PENCIL CASE LIFE IS BEAUTIFUL,469,93,72,1359.3500000000001,3.0577551020408165
22446,PIN CUSHION BABUSHKA PINK,161,38,25,432.99,3.2551219512195124
22447,PIN CUSHION BABUSHKA BLUE,75,16,16,223.95000000000002,3.0875
22448,PIN CUSHION BABUSHKA RED,187,34,29,576.3100000000001,3.199411764705882
22449,SILK PURSE BABUSHKA PINK,358,88,65,1194.23,3.3255056179775284
22450,SILK PURSE BABUSHKA BLUE,182,53,42,607.3000000000001,3.3425925925925926
22451,SILK PURSE BABUSHKA RED,201,38,35,654.1500000000001,3.3394736842105264
22452,MEASURING TAPE BABUSHKA PINK,387,67,53,1091.8500000000001,2.894347826086957
22453,MEASURING TAPE BABUSHKA BLUE,333,46,38,948.7500000000001,2.9239130434782608
22454,MEASURING TAPE BABUSHKA RED,228,37,31,639.0,2.918421052631579
22456,NATURAL SLATE CHALKBOARD LARGE,1380,335,220,6486.6,4.879166666666667
22457,NATURAL SLATE HEART CHALKBOARD,8375,984,590,23936.570000000003,2.974428715874621
22458,CAST IRON HOOK GARDEN FORK,513,14,12,1371.4299999999998,2.57
22459,CAST IRON HOOK GARDEN TROWEL,375,15,12,962.73,2.529333333333333
22460,EMBOSSED GLASS TEALIGHT HOLDER,2349,168,119,2831.84,1.285297619047619
22461,SAVOY ART DECO CLOCK,209,57,37,1090.55,7.992105263157895
22464,HANGING METAL HEART LANTERN,3061,289,193,4602.8099999999995,1.5909278350515463
22465,HANGING METAL STAR LANTERN,1931,166,120,2785.93,1.5342857142857143
22466,FAIRY TALE COTTAGE NIGHT LIGHT,895,82,74,1689.1499999999999,1.935542168674699
22466,FAIRY TALE COTTAGE NIGHTLIGHT,2015,70,51,3350.85,1.9142857142857144
22467,GUMBALL COAT RACK,7506,599,263,17153.600000000002,2.4959570957095707
22468,BABUSHKA LIGHTS STRING OF 10,464,118,83,3012.94,6.751186440677966
22469,HEART OF WICKER SMALL,16633,972,573,28009.14,1.638939393939394
22470,HEART OF WICKER LARGE,9509,817,487,28290.15,2.9561064087061673
22471,TV DINNER TRAY AIR HOSTESS,358,65,53,1090.78,4.315230769230769
22472,TV DINNER TRAY DOLLY GIRL,289,82,58,1214.27,4.763658536585366
22473,TV DINNER TRAY VINTAGE PAISLEY,437,79,58,1239.39,4.238607594936709
22474,SPACEBOY TV DINNER TRAY,212,84,71,873.0400000000001,4.593333333333334
22475,SKULL DESIGN TV DINNER TRAY,278,109,49,1211.1000000000001,4.637272727272728
22476,EMPIRE UNION JACK TV DINNER TRAY,802,79,61,2106.22,4.960126582278481
22477,WATERING CAN GARDEN MARKER,1279,71,64,1764.35,1.2564788732394365
22478,BIRDHOUSE GARDEN MARKER,1411,76,59,1929.35,1.2560526315789473
22479,DAISY GARDEN MARKER,1078,54,48,1513.1,1.2585185185185184
22480,RED TEA TOWEL CLASSIC DESIGN,612,67,57,728.52,1.2443283582089553
22481,BLACK TEA TOWEL CLASSIC DESIGN,692,84,68,607.74,1.0524418604651162
22482,BLUE TEA TOWEL CLASSIC DESIGN,448,48,40,523.52,1.2420833333333332
22483,RED GINGHAM TEDDY BEAR,721,131,91,2027.0300000000002,2.981145038167939
22485,SET OF 2 WOODEN MARKET CRATES,456,169,142,5576.4,12.63284023668639
22486,PLASMATRONIC LAMP,46,13,10,212.44000000000003,9.022307692307693
22487,WHITE WOOD GARDEN PLANT LADDER,698,396,278,6536.0599999999995,9.76290404040404
22488,NATURAL SLATE RECTANGLE CHALKBOARD,2875,318,211,4577.509999999999,1.6541249999999998
22489,PACK OF 12 TRADITIONAL CRAYONS,9311,320,232,3753.63,0.43207430340557273
22491,PACK OF 12 COLOURED PENCILS,3886,201,162,3110.4399999999996,0.8557635467980296
22492,MINI PAINT SET VINTAGE,25880,335,213,15911.84,0.6563283582089552
22493,PAINT YOUR OWN CANVAS SET,2079,180,125,3340.83,1.6974725274725275
22494,EMERGENCY FIRST AID TIN,850,126,79,1052.64,1.343015873015873
22495,SET OF 2 ROUND TINS CAMEMBERT,235,66,60,494.53000000000003,2.59
22496,SET OF 2 ROUND TINS DUTCH CHEESE,238,70,63,462.34000000000003,2.672285714285714
22497,SET OF 2 TINS VINTAGE BATHROOM,177,59,50,752.25,4.25
22498,WOODEN REGATTA BUNTING,228,96,68,1356.6000000000001,5.95
22499,WOODEN UNION JACK BUNTING,1730,298,217,9905.03,5.945049833887043
22500,SET OF 2 TINS JARDIN DE PROVENCE,235,85,78,826.5500000000001,4.122941176470588
22501,PICNIC BASKET WICKER LARGE,1092,274,187,9925.8,9.746788321167882
22502,PICNIC BASKET WICKER 60 PIECES,61,2,1,39619.5,649.5
22502,PICNIC BASKET WICKER SMALL,1349,241,175,7343.6,5.806172839506173
22503,CABIN BAG VINTAGE PAISLEY,51,18,15,967.05,23.383333333333333
22504,CABIN BAG VINTAGE RETROSPOT,155,43,32,2879.85,22.801162790697674
22505,MEMO BOARD COTTAGE DESIGN,1356,267,187,6261.64,4.924869888475836
22507,MEMO BOARD RETROSPOT  DESIGN,2779,353,230,12377.07,4.935524079320113
22508,DOORSTOP RETROSPOT HEART,1489,240,179,5836.96,3.8366249999999997
22509,SEWING BOX RETROSPOT DESIGN,187,82,71,1684.6499999999999,11.840243902439024
22510,GINGHAM BABUSHKA DOORSTOP,209,41,34,400.87,2.4070731707317075
22511,RETROSPOT BABUSHKA DOORSTOP,245,48,44,455.87,2.3329166666666667
22512,DOORSTOP RACING CAR DESIGN,117,32,28,232.25,2.6490625
22513,DOORSTOP FOOTBALL DESIGN,134,51,37,404.98,3.780980392156863
22514,CHILDS GARDEN SPADE BLUE,260,75,61,537.0,2.0966666666666667
22515,CHILDS GARDEN SPADE PINK,235,64,53,484.50000000000006,2.09609375
22516,CHILDS GARDEN RAKE BLUE,170,41,35,348.00000000000006,2.094186046511628
22517,CHILDS GARDEN RAKE PINK,179,54,48,366.90000000000003,2.0953703703703703
22518,CHILDS GARDEN BRUSH BLUE,333,57,44,663.3000000000001,2.0824561403508772
22519,CHILDS GARDEN BRUSH PINK,370,65,53,741.0000000000001,2.0846153846153848
22520,CHILDS GARDEN TROWEL BLUE,705,105,88,599.25,0.85
22521,CHILDS GARDEN TROWEL PINK,598,94,81,508.29999999999995,0.85
22522,CHILDS GARDEN FORK BLUE,909,121,100,747.6899999999999,0.8489430894308944
22523,CHILDS GARDEN FORK PINK,831,119,98,706.3499999999999,0.85
22524,CHILDRENS GARDEN GLOVES BLUE,592,65,55,721.0,1.247121212121212
22525,CHILDRENS GARDEN GLOVES PINK,458,52,42,553.5,1.246346153846154
22526,WHEELBARROW FOR CHILDREN,106,71,57,1329.9,12.724647887323945
22529,MAGIC DRAWING SLATE GO TO THE FAIR,814,61,52,328.92,0.4180327868852459
22530,MAGIC DRAWING SLATE DOLLY GIRL,3487,182,143,1420.62,0.41608695652173916
22531,MAGIC DRAWING SLATE CIRCUS PARADE,3291,163,127,1347.66,0.4196341463414634
22532,MAGIC DRAWING SLATE LEAP FROG,1063,66,54,360.06,0.4133823529411765
22533,MAGIC DRAWING SLATE BAKE A CAKE,1716,79,68,595.44,0.41126582278481016
22534,MAGIC DRAWING SLATE SPACEBOY,4329,203,173,1734.66,0.4174038461538461
22535,MAGIC DRAWING SLATE BUNNIES,1665,111,88,610.02,0.41486486486486485
22536,MAGIC DRAWING SLATE PURDEY,4598,145,109,1737.72,0.4123972602739726
22537,MAGIC DRAWING SLATE DINOSAUR,1768,136,115,742.5600000000001,0.42
22538,MINI JIGSAW GO TO THE FAIR,386,26,25,151.07999999999998,0.41115384615384615
22539,MINI JIGSAW DOLLY GIRL,2821,85,74,1049.1499999999999,0.403448275862069
22540,MINI JIGSAW CIRCUS PARADE,2450,66,51,915.36,0.41227272727272724
22541,MINI JIGSAW LEAP FROG,465,21,19,180.62,0.4257142857142857
22543,MINI JIGSAW BAKE A CAKE,1434,39,32,515.77,0.3758974358974359
22544,MINI JIGSAW SPACEBOY,4368,125,102,1608.98,0.4106349206349206
22545,MINI JIGSAW BUNNIES,1087,48,40,390.27,0.4008333333333333
22546,MINI JIGSAW PURDEY,2063,60,50,766.99,0.39899999999999997
22547,MINI JIGSAW DINOSAUR,736,51,41,278.67,0.4373076923076923
22548,HEADS AND TAILS SPORTING FUN,1871,179,149,2095.46,1.2591758241758242
22549,PICTURE DOMINOES,2991,244,195,4235.59,1.5166666666666666
22550,HOLIDAY FUN LUDO,1094,178,136,3780.71,3.829101123595506
22551,PLASTERS IN TIN SPACEBOY,7627,587,339,12090.749999999998,1.657070707070707
22553,PLASTERS IN TIN SKULLS,3949,447,283,6322.65,1.6428884026258204
22554,PLASTERS IN TIN WOODLAND ANIMALS,7268,592,352,11573.079999999998,1.6501333333333332
22555,PLASTERS IN TIN STRONGMAN,5853,453,294,9409.49,1.648782608695652
22556,PLASTERS IN TIN CIRCUS PARADE,5881,531,306,9479.81,1.658119180633147
22557,PLASTERS IN TIN VINTAGE PAISLEY,4537,484,316,7287.289999999999,1.6783975659229207
22558,CLOTHES PEGS RETROSPOT PACK 24,8363,650,364,12458.63,1.5956508422664626
22559,SEASIDE FLYING DISC,387,39,33,472.77,1.3643589743589744
22560,TRADITIONAL MODELLING CLAY,7989,337,229,9280.41,1.2722255192878338
22561,WOODEN SCHOOL COLOURING SET,5414,398,288,8659.619999999999,1.6557002457002457
22562,MONSTERS STENCIL CRAFT,1390,190,149,1710.42,1.2651052631578947
22563,HAPPY STENCIL CRAFT,2776,253,171,3243.3500000000004,1.256015625
22564,ALPHABET STENCIL CRAFT,2236,166,120,2541.27,1.2592771084337349
22565,FELTCRAFT HAIRBANDS PINK AND WHITE,817,108,85,711.6099999999999,0.921559633027523
22566,FELTCRAFT HAIRBAND PINK AND PURPLE,828,118,94,716.28,0.8951239669421488
22567,20 DOLLY PEGS RETROSPOT,2330,185,135,2997.2999999999997,1.3518181818181818
22568,FELTCRAFT CUSHION OWL,3119,424,245,11216.14,3.784765258215962
22569,FELTCRAFT CUSHION BUTTERFLY,2498,297,193,8974.6,3.7359197324414715
22570,FELTCRAFT CUSHION RABBIT,2767,327,202,9839.960000000001,3.7361515151515152
22571,ROCKING HORSE RED CHRISTMAS,2091,179,152,1727.4299999999998,0.8457377049180327
22572,ROCKING HORSE GREEN CHRISTMAS,1252,126,114,1039.24,0.847984496124031
22573,STAR WOODEN CHRISTMAS DECORATION,2440,154,127,2036.56,0.9087096774193548
22574,HEART WOODEN CHRISTMAS DECORATION,1929,158,132,1713.75,0.897125
22575,METAL MERRY CHRISTMAS WREATH,613,77,62,1142.55,1.9384615384615382
22576,SWALLOW WOODEN CHRISTMAS DECORATION,1412,126,102,1212.6799999999998,0.891
22577,WOODEN HEART CHRISTMAS SCANDINAVIAN,9681,465,344,3332.8499999999995,0.4238045738045738
22578,WOODEN STAR CHRISTMAS SCANDINAVIAN,9495,436,334,3051.5899999999997,0.38044052863436123
22579,WOODEN TREE CHRISTMAS SCANDINAVIAN,4709,277,227,1582.6899999999998,0.4069444444444444
22580,ADVENT CALENDAR GINGHAM SACK,778,170,130,4466.780000000001,6.040882352941177
22581,WOOD STOCKING CHRISTMAS SCANDISPOT,1086,99,84,702.3199999999999,0.7419417475728155
22582,PACK OF 6 SWEETIE GIFT BOXES,1017,78,73,2466.16,2.568875
22583,PACK OF 6 HANDBAG GIFT BOXES,526,79,73,1341.3,2.55
22584,PACK OF 6 PANETTONE GIFT BOXES,212,15,15,478.21000000000004,2.6806666666666663
22584,PACK OF 6 PANNETONE GIFT BOXES,2011,140,117,4972.48,2.571418439716312
22585,PACK OF 6 BIRDY GIFT TAGS,6006,322,241,7079.7,1.2590119760479042
22586,FELTCRAFT HAIRBAND PINK AND BLUE,748,119,100,635.8,0.85
22587,FELTCRAFT HAIRBAND RED AND BLUE,842,120,103,715.6999999999999,0.85
22588,CARD HOLDER GINGHAM HEART,407,138,111,1312.55,2.94268115942029
22589,CARDHOLDER GINGHAM STAR,323,57,46,940.49,3.1558620689655172
22591,CARDHOLDER GINGHAM CHRISTMAS TREE,315,69,55,1094.79,3.6442028985507244
22592,CARDHOLDER HOLLY WREATH METAL,504,93,80,1878.58,3.922365591397849
22593,CHRISTMAS GINGHAM STAR,1903,139,107,1631.59,0.9080851063829787
22594,CHRISTMAS GINGHAM TREE,1743,126,93,1479.2099999999998,0.9216535433070866
22595,CHRISTMAS GINGHAM HEART,408,31,30,346.79999999999995,0.8416129032258064
22595,GINGHAM HEART DECORATION,5951,331,251,4817.33,0.86
22596,CHRISTMAS STAR WISH LIST CHALKBOARD,3239,240,197,3504.48,1.1649382716049381
22597,CHRISTMAS MUSICAL ZINC HEART,35,5,5,29.75,0.85
22597,MUSICAL ZINC HEART DECORATION,2464,115,90,914.7399999999999,0.4928571428571428
22598,CHRISTMAS MUSICAL ZINC TREE,805,52,42,285.07,0.48207547169811316
22599,CHRISTMAS MUSICAL ZINC STAR,1465,71,58,507.80999999999995,0.48416666666666663
22600,CHRISTMAS RETROSPOT STAR WOOD,1510,146,122,1278.04,0.8915646258503401
22601,CHRISTMAS RETROSPOT ANGEL WOOD,2231,153,121,1821.4699999999998,0.8978064516129032
22602,CHRISTMAS RETROSPOT HEART WOOD,110,10,10,93.5,0.85
22602,RETROSPOT WOODEN HEART DECORATION,1810,166,133,1518.2199999999998,0.8614035087719297
22603,CHRISTMAS RETROSPOT TREE WOOD,1280,127,112,1077.08,0.8893939393939393
22604,SET OF 4 NAPKIN CHARMS CUTLERY,1171,108,77,2642.86,2.535357142857143
22605,WOODEN CROQUET GARDEN SET,701,247,182,9458.98,14.295282258064516
22606,WOODEN SKITTLES GARDEN SET,292,140,112,4186.599999999999,15.11099290780142
22607,WOODEN ROUNDERS GARDEN SET,1261,307,224,11524.439999999999,9.767402597402596
22608,PENS ASSORTED FUNKY JEWELED,4890,85,63,976.56,0.20811764705882355
22609,PENS ASSORTED SPACEBALL,5528,119,89,1199.36,0.27416666666666667
22610,PENS ASSORTED FUNNY FACE,9110,171,123,2313.74,0.2294186046511628
22611,VINTAGE UNION JACK SHOPPING BAG,219,40,36,1016.85,4.898780487804878
22613,PACK OF 20 SPACEBOY NAPKINS,1478,115,82,1141.8799999999999,0.8475
22614,PACK OF 12 SPACEBOY TISSUES,2918,174,133,946.18,0.34728813559322036
22615,PACK OF 12 CIRCUS PARADE TISSUES,2010,70,61,613.16,0.33428571428571424
22616,PACK OF 12 LONDON TISSUES,25305,384,195,7253.61,0.32588832487309644
22617,BAKING SET SPACEBOY DESIGN,2124,439,300,10068.74,5.0340723981900455
22618,COOKING SET RETROSPOT,46,28,25,447.47999999999996,9.845714285714285
22619,SET OF 6 SOLDIER SKITTLES,2366,341,250,8556.25,3.8580523255813954
22620,4 TRADITIONAL SPINNING TOPS,4484,365,260,5949.93,1.4299731182795696
22621,TRADITIONAL KNITTING NANCY,5842,513,366,9229.82,1.640210325047801
22622,BOX OF VINTAGE ALPHABET BLOCKS,1282,236,174,12884.31,11.131610169491525
22623,BOX OF VINTAGE JIGSAW BLOCKS,902,224,166,4934.47,5.819017857142858
22624,IVORY KITCHEN SCALES,1748,629,376,14501.03,8.581955484896662
22625,RED KITCHEN SCALES,1447,467,293,11638.18,8.416552462526766
22626,BLACK KITCHEN SCALES,492,187,134,4057.53,8.50711229946524
22627,MINT KITCHEN SCALES,774,317,194,6457.08,8.439274447949527
22628,PICNIC BOXES SET OF 3 RETROSPOT,753,129,85,3503.35,4.9338461538461535
22629,SPACEBOY LUNCH BOX,13854,712,322,24580.44,1.9306694560669455
22630,DOLLY GIRL LUNCH BOX,11057,625,288,19642.989999999998,1.9504113924050634
22631,CIRCUS PARADE LUNCH BOX,3338,261,168,6050.48,1.9400757575757575
22632,HAND WARMER RED POLKA DOT,120,18,2,225.00000000000003,1.8638888888888892
22632,HAND WARMER RED RETROSPOT,4251,348,261,8479.570000000002,2.086281690140845
22633,HAND WARMER UNION JACK,4704,448,301,9462.36,2.082835497835498
22634,CHILDS BREAKFAST SET SPACEBOY,687,226,156,6270.15,9.695614035087718
22635,CHILDS BREAKFAST SET DOLLY GIRL,572,187,143,5326.0,9.78121693121693
22636,CHILDS BREAKFAST SET CIRCUS PARADE,537,196,141,4416.6,8.379187817258883
22637,PIGGY BANK RETROSPOT,2560,285,191,6162.17,2.5219649122807017
22638,SET OF 4 NAPKIN CHARMS CROWNS,254,39,37,391.87,2.253846153846154
22639,SET OF 4 NAPKIN CHARMS HEARTS,762,127,101,1730.82,2.4765384615384614
22640,SET OF 4 NAPKIN CHARMS 3 KEYS,185,41,33,341.66999999999996,2.3797560975609753
22641,SET OF 4 NAPKIN CHARMS INSTRUMENT,112,24,23,225.92,2.4058333333333333
22642,SET OF 4 NAPKIN CHARMS STARS,253,43,39,516.8,2.2315555555555555
22643,SET OF 4 NAPKIN CHARMS LEAVES,183,30,29,331.28999999999996,2.0826666666666664
22644,CERAMIC CHERRY CAKE MONEY BANK,2034,192,147,2302.68,1.3390624999999998
22645,CERAMIC HEART FAIRY CAKE MONEY BANK,1731,237,161,2219.49,1.4096638655462186
22646,CERAMIC STRAWBERRY CAKE MONEY BANK,3888,288,185,4703.41,1.3872852233676976
22647,CERAMIC LOVE HEART MONEY BANK,709,37,34,412.45,0.9440540540540541
22649,STRAWBERRY FAIRY CAKE TEAPOT,708,180,87,3443.7000000000003,4.927173913043478
22650,CERAMIC PIRATE CHEST MONEY BANK,788,108,78,1118.6,1.4425925925925924
22651,GENTLEMAN SHIRT REPAIR KIT,1992,94,73,1602.7199999999998,0.8942553191489362
22652,TRAVEL SEWING KIT,4844,399,263,7754.36,1.6592537313432836
22653,BUTTON BOX,1041,120,74,1962.21,1.9392682926829268
22654,DELUXE SEWING KIT,1024,236,159,5775.320000000001,6.055822784810126
22655,VINTAGE RED KITCHEN CABINET,50,46,35,6394.5,150.66304347826087
22656,VINTAGE BLUE KITCHEN CABINET,20,26,19,2885.0,143.65384615384616
22659,LUNCH BOX I LOVE LONDON,10753,522,214,18770.17,1.9229795158286775
22660,DOORMAT I LOVE LONDON,327,69,56,2157.33,7.934782608695652
22661,CHARLOTTE BAG DOLLY GIRL DESIGN,5052,347,172,4000.4,0.8448148148148147
22662,LUNCH BAG DOLLY GIRL DESIGN,6511,605,312,10304.59,1.6559380097879282
22663,JUMBO BAG DOLLY GIRL DESIGN,3085,319,171,5984.88,2.0546708463949845
22664,TOY TIDY DOLLY GIRL DESIGN,630,105,62,1152.98,2.1170476190476193
22665,RECIPE BOX BLUE SKETCHBOOK DESIGN,1196,240,163,3359.96,2.9739999999999998
22666,RECIPE BOX PANTRY YELLOW DESIGN,7215,875,473,20417.57,2.9600453001132507
22667,RECIPE BOX RETROSPOT,2770,462,233,7671.5,2.918443496801706
22668,PINK BABY BUNTING,1894,207,162,5258.66,2.9720289855072464
22669,RED BABY BUNTING,977,168,143,2842.15,2.9404761904761907
22670,FRENCH WC SIGN BLUE METAL,1748,210,141,2186.49,1.2653301886792452
22671,FRENCH LAUNDRY SIGN BLUE METAL,917,104,76,1462.2099999999998,1.7073076923076924
22672,FRENCH BATHROOM SIGN BLUE METAL,1366,161,125,2201.22,1.6576073619631901
22673,FRENCH GARDEN SIGN BLUE METAL,757,111,85,941.83,1.2682142857142857
22674,FRENCH TOILET SIGN BLUE METAL,1257,146,106,1515.46,1.2542953020134227
22675,FRENCH KITCHEN SIGN BLUE METAL,1146,126,94,1386.39,1.302265625
22676,FRENCH BLUE METAL DOOR SIGN 1,1027,140,61,1287.39,1.2754999999999999
22677,FRENCH BLUE METAL DOOR SIGN 2,863,115,59,1078.76,1.26
22678,FRENCH BLUE METAL DOOR SIGN 3,739,104,59,926.18,1.2726923076923078
22679,FRENCH BLUE METAL DOOR SIGN 4,636,92,54,796.82,1.2756521739130435
22680,FRENCH BLUE METAL DOOR SIGN 5,713,102,61,892.47,1.2726923076923078
22681,FRENCH BLUE METAL DOOR SIGN 6,615,84,45,770.76,1.275232558139535
22682,FRENCH BLUE METAL DOOR SIGN 7,607,81,52,759.36,1.2640243902439026
22683,FRENCH BLUE METAL DOOR SIGN 8,563,82,54,705.57,1.278780487804878
22684,FRENCH BLUE METAL DOOR SIGN 9,449,63,41,560.65,1.249047619047619
22685,FRENCH BLUE METAL DOOR SIGN 0,533,71,49,665.65,1.2491549295774647
22686,FRENCH BLUE METAL DOOR SIGN No,835,75,40,967.2,1.2553333333333334
22687,DOORMAT CHRISTMAS VILLAGE,568,35,30,2991.7,8.836
22688,DOORMAT PEACE ON EARTH BLUE,700,27,26,3442.04,7.9585185185185185
22689,DOORMAT MERRY CHRISTMAS RED,562,114,95,3986.44,8.742521739130435
22690,DOORMAT HOME SWEET HOME BLUE,1589,265,198,9571.69,7.875488721804512
22691,DOORMAT WELCOME SUNRISE,340,97,65,2236.54,7.943711340206185
22692,DOORMAT WELCOME TO OUR HOME,1373,340,231,9427.73,7.915352941176471
22693,GROW A FLYTRAP OR SUNFLOWER IN TIN,15868,241,167,17136.2,1.23551867219917
22694,WICKER STAR,1556,307,229,3219.6000000000004,2.096794871794872
22695,WICKER WREATH SMALL,695,96,82,850.87,1.333469387755102
22696,WICKER WREATH LARGE,692,123,108,1303.4599999999998,1.989375
22697,GREEN REGENCY TEACUP AND SAUCER,6263,733,390,17342.49,2.9414285714285713
22698,PINK REGENCY TEACUP AND SAUCER,5169,591,321,14275.79,2.934309764309764
22699,ROSES REGENCY TEACUP AND SAUCER,8684,836,427,23682.8,2.9224644549763035
22700,BLACK AND WHITE DOG BOWL,1170,52,41,2547.48,2.3309615384615388
22701,PINK DOG BOWL,420,57,39,570.24,2.2656896551724137
22702,BLACK AND WHITE CAT BOWL,1357,43,35,2661.8999999999996,1.7930232558139536
22703,PINK CAT BOWL,168,40,30,249.42000000000002,1.61
22704,WRAP RED APPLES,5200,175,129,2136.0,0.4190857142857143
22705,WRAP GREEN PEARS,1850,75,61,777.0,0.42
22706,WRAP COWBOYS,2025,70,64,834.5,0.4188571428571429
22707,WRAP MONSTER FUN,1250,47,41,525.0,0.42
22708,WRAP DOLLY GIRL,2750,100,79,1139.0,0.4192
22709,WRAP WEDDING DAY,1325,39,38,528.5,0.41641025641025636
22710,WRAP I LOVE LONDON,4400,101,79,1732.0,0.4162376237623762
22711,WRAP CIRCUS PARADE,2802,101,89,1160.84,0.4192079207920792
22712,CARD DOLLY GIRL,4246,216,141,1690.71,0.43537037037037035
22713,CARD I LOVE LONDON,3241,150,109,1283.56,0.4214569536423841
22714,CARD BIRTHDAY COWBOY,3355,156,125,1319.85,0.4206410256410257
22715,CARD WEDDING DAY,1506,98,78,615.24,0.4181632653061224
22716,CARD CIRCUS PARADE,3076,214,167,1267.23,0.4243457943925234
22717,CARD DOG AND BALL,1170,87,69,487.08,0.41931034482758617
22718,CARD CAT AND TREE,1512,106,70,626.4,0.41886792452830185
22719,GUMBALL MONOCHROME COAT RACK,453,38,25,496.90000000000003,1.19
22720,SET OF 3 CAKE TINS PANTRY DESIGN,6857,1218,640,32573.15,4.951135620915033
22721,SET OF 3 CAKE TINS SKETCHBOOK,908,246,183,3942.82,4.831295546558704
22722,SET OF 6 SPICE TINS PANTRY DESIGN,5330,665,393,20364.600000000002,3.9168148148148147
22723,SET OF 6 HERB TINS SKETCHBOOK,1052,237,170,3678.2400000000002,3.7489166666666667
22725,ALARM CLOCK BAKELIKE CHOCOLATE,1724,335,174,6379.26,3.799410029498525
22726,ALARM CLOCK BAKELIKE GREEN,5598,809,323,20719.15,3.79046398046398
22727,ALARM CLOCK BAKELIKE RED,7135,907,391,25602.7,3.7663794983642314
22728,ALARM CLOCK BAKELIKE PINK,5025,629,292,18385.34,3.786273584905661
22729,ALARM CLOCK BAKELIKE ORANGE,2148,376,181,7868.49,3.7647120418848163
22730,ALARM CLOCK BAKELIKE IVORY,2680,480,242,10105.61,3.755414937759336
22731,3D CHRISTMAS STAMPS STICKERS,1061,106,85,1344.45,1.3499999999999999
22732,3D VINTAGE CHRISTMAS STICKERS,1522,126,102,1930.38,1.3437795275590552
22733,3D TRADITIONAL CHRISTMAS STICKERS,1471,141,119,1882.31,1.3340277777777778
22734,SET OF 6 RIBBONS VINTAGE CHRISTMAS,2809,333,278,7953.570000000001,2.8916326530612246
22735,RIBBON REEL SOCKS AND MITTENS,668,86,73,1097.88,1.7409090909090907
22736,RIBBON REEL MAKING SNOWMEN,1078,154,130,1785.86,1.7232467532467532
22737,RIBBON REEL CHRISTMAS PRESENT,1186,189,148,2007.74,1.73586387434555
22738,RIBBON REEL SNOWY VILLAGE,1861,178,147,3002.53,1.698268156424581
22739,RIBBON REEL CHRISTMAS SOCK BAUBLE,1561,205,168,2659.89,1.7436538461538462
22740,POLKADOT PEN,6625,107,89,5475.25,0.8451401869158878
22741,FUNKY DIVA PEN,8277,158,107,6967.589999999999,0.8541139240506328
22742,MAKE YOUR OWN PLAYTIME CARD KIT,622,89,78,1230.3400000000001,2.6300000000000003
22743,MAKE YOUR OWN FLOWERPOWER CARD KIT,857,149,116,2001.1100000000001,2.8089333333333335
22744,MAKE YOUR OWN MONSOON CARD KIT,822,148,123,1868.5400000000002,2.6926666666666668
22745,POPPY'S PLAYHOUSE BEDROOM,1767,319,216,3645.8500000000004,2.115077881619938
22746,POPPY'S PLAYHOUSE LIVINGROOM,1303,254,179,2699.42,2.128901960784314
22747,POPPY'S PLAYHOUSE BATHROOM,876,169,123,1794.6000000000001,2.0956140350877193
22748,POPPY'S PLAYHOUSE KITCHEN,1874,349,233,3889.61,2.125994318181818
22749,FELTCRAFT PRINCESS CHARLOTTE DOLL,2210,401,275,8022.76,3.7540686274509807
22750,FELTCRAFT PRINCESS LOLA DOLL,1939,380,247,7073.19,3.7668407310704963
22751,FELTCRAFT PRINCESS OLIVIA DOLL,1509,252,184,5427.35,3.794251968503937
22752,SET 7 BABUSHKA NESTING BOXES,1527,302,188,11687.79,8.39953947368421
22753,SMALL YELLOW BABUSHKA NOTEBOOK,917,166,98,613.78,0.7711976047904191
22754,SMALL RED BABUSHKA NOTEBOOK,1800,194,120,1104.74,0.7683505154639175
22755,SMALL PURPLE BABUSHKA NOTEBOOK,1574,193,110,1010.2299999999999,0.7906666666666667
22756,LARGE YELLOW BABUSHKA NOTEBOOK,554,93,68,546.88,1.1112903225806452
22757,LARGE RED BABUSHKA NOTEBOOK,1007,114,81,947.96,1.1217543859649122
22758,LARGE PURPLE BABUSHKA NOTEBOOK,1120,127,85,939.52,1.115625
22759,SET OF 3 NOTEBOOKS IN PARCEL,5173,321,253,8227.65,1.6882978723404254
22760,"TRAY, BREAKFAST IN BED",253,72,50,3015.1499999999996,12.5
22761,CHEST 7 DRAWER MA CAMPAGNE,32,25,21,777.4,24.47
22762,CUPBOARD 3 DRAWER MA CAMPAGNE,127,94,74,1826.05,14.73936170212766
22763,KEY CABINET MA CAMPAGNE,185,96,76,1805.9499999999998,9.9046875
22764,"RUSTIC WOODEN CABINET, GLASS DOORS",2,3,2,49.9,24.95
22765,NEWSPAPER STAND,25,3,3,257.37,13.263333333333334
22766,PHOTO FRAME CORNICE,3135,469,280,9156.33,2.954936440677966
22767,TRIPLE PHOTO FRAME CORNICE,726,225,154,6584.58,9.856844444444445
22768,FAMILY PHOTO FRAME CORNICE,800,258,186,7281.589999999999,9.90212355212355
22769,CHALKBOARD KITCHEN ORGANISER,-4,5,4,-87.8,23.75
22770,MIRROR CORNICE,79,59,44,1163.45,14.912711864406779
22771,CLEAR DRAWER KNOB ACRYLIC EDWARDIAN,5627,325,169,6765.67,1.2448036253776433
22772,PINK DRAWER KNOB ACRYLIC EDWARDIAN,3266,172,85,3827.97,1.2471676300578034
22773,GREEN DRAWER KNOB ACRYLIC EDWARDIAN,1840,145,82,2227.52,1.2489261744966442
22774,RED DRAWER KNOB ACRYLIC EDWARDIAN,1967,100,57,2272.46,1.2371287128712871
22775,PURPLE DRAWERKNOB ACRYLIC EDWARDIAN,2464,147,80,2982.37,1.2574172185430463
22776,"CAKESTAND, 3 TIER, LOVEHEART",2,1,1,19.9,9.95
22776,SWEETHEART 3 TIER CAKE STAND,198,133,103,1954.1499999999999,9.906716417910447
22776,SWEETHEART CAKESTAND 3 TIER,822,355,256,7723.599999999999,9.827464788732392
22777,GLASS BELL JAR LARGE,2,1,1,17.0,8.5
22777,GLASS CLOCHE LARGE,324,45,36,2539.8,8.33
22778,GLASS BELL JAR SMALL,4,1,1,15.8,3.95
22778,GLASS CLOCHE SMALL,691,125,81,2504.83,3.811923076923077
22779,WOODEN OWLS LIGHT GARLAND,1507,153,88,5662.35,4.185225806451613
22780,LIGHT GARLAND BUTTERFILES PINK,1315,138,82,4912.59,4.188142857142857
22781,GUMBALL MAGAZINE RACK,483,173,121,3556.79,7.688323699421966
22782,SET 3 WICKER STORAGE BASKETS,241,74,65,3399.95,19.355405405405406
22783,SET 3 WICKER OVAL BASKETS W LIDS,462,32,29,5922.12,13.858125
22784,LANTERN CREAM GAZEBO,1164,286,194,5476.02,4.973448275862069
22785,SQUARECUSHION COVER PINK UNION FLAG,62,25,23,415.3,6.718
22785,SQUARECUSHION COVER PINK UNION JACK,150,29,27,382.14,6.103793103448275
22786,CUSHION COVER PINK UNION JACK,108,37,31,576.64,5.934864864864865
22788,BROCANTE COAT RACK,199,50,35,1677.25,9.7996
22789,T-LIGHT HOLDER SWEETHEART HANGING,821,127,101,1572.69,1.989375
22791,T-LIGHT GLASS FLUTED ANTIQUE,7087,270,184,8096.14,1.2314022140221401
22792,FLUTED ANTIQUE CANDLE HOLDER,2277,129,100,1857.7099999999998,0.8651162790697674
22794,SWEETHEART WIRE MAGAZINE RACK,295,161,114,2333.25,7.942546583850931
22795,SWEETHEART RECIPE BOOK STAND,1081,290,170,6999.45,6.66655290102389
22796,PHOTO FRAME 3 CLASSIC HANGING,497,234,146,4833.5,9.888559322033897
22797,CHEST OF DRAWERS GINGHAM HEART,132,89,63,2221.74,17.066179775280897
22798,ANTIQUE GLASS DRESSING TABLE POT,1597,205,126,4551.31,2.974
22799,SWEETHEART WIRE FRUIT BOWL,197,79,70,1489.3,8.127215189873418
22800,ANTIQUE TALL SWIRLGLASS TRINKET POT,758,143,109,2790.88,3.7943356643356645
22801,ANTIQUE GLASS PEDESTAL BOWL,868,170,124,3141.21,3.7616091954022988
22802,FAUX FUR CHOCOLATE THROW,65,34,30,1035.75,18.008823529411764
22803,IVORY EMBROIDERED QUILT,46,25,18,1715.9,38.102000000000004
22804,CANDLEHOLDER PINK HANGING HEART,2023,348,223,5703.93,2.941161473087819
22804,PINK HANGING HEART T-LIGHT HOLDER,659,69,50,1056.3300000000002,3.1700000000000004
22805,BLUE DRAWER KNOB ACRYLIC EDWARDIAN,1547,124,77,1890.43,1.2454032258064516
22806,SET OF 6 T-LIGHTS WEDDING CAKE,243,28,28,595.6500000000001,2.632142857142857
22807,SET OF 6 T-LIGHTS TOADSTOOLS,669,107,74,1786.1900000000003,2.79348623853211
22808,SET OF 6 T-LIGHTS EASTER CHICKS,302,55,51,846.7000000000002,2.8572727272727274
22809,SET OF 6 T-LIGHTS SANTA,1160,175,142,3410.36,3.124463276836158
22810,SET OF 6 T-LIGHTS SNOWMEN,846,139,106,2628.38,3.158857142857143
22811,SET OF 6 T-LIGHTS CACTI,774,56,38,1984.98,3.008771929824561
22812,PACK 3 BOXES CHRISTMAS PANETTONE,33,13,9,83.97,2.453076923076923
22812,PACK 3 BOXES CHRISTMAS PANNETONE,1516,112,92,2837.8999999999996,2.1036206896551723
22813,PACK 3 BOXES BIRD PANETTONE,177,14,11,340.33,2.551428571428571
22813,PACK 3 BOXES BIRD PANNETONE,2088,140,110,3862.9999999999995,2.012857142857143
22814,CARD PARTY GAMES,1569,95,75,628.74,0.4168421052631579
22815,CARD PSYCHEDELIC APPLES,1798,113,79,742.2,0.4184070796460177
22816,CARD MOTORBIKE SANTA,3402,176,158,1405.08,0.41830508474576267
22817,CARD SUKI BIRTHDAY,1858,126,79,763.08,0.4180952380952381
22818,CARD CHRISTMAS VILLAGE,3042,165,151,1269.0,0.41927272727272724
22819,"BIRTHDAY CARD, RETRO SPOT",1848,126,94,758.88,0.41857142857142854
22820,GIFT BAG BIRTHDAY,759,46,43,493.53000000000003,0.6538297872340426
22821,GIFT BAG PSYCHEDELIC APPLES,810,67,52,526.86,0.6553731343283583
22822,CREAM WALL PLANTER HEART SHAPED,414,146,121,2384.81,5.946643835616438
22823,CHEST NATURAL WOOD 20 DRAWERS,24,13,13,2745.0,118.07692307692308
22824,3 TIER SWEETHEART GARDEN SHELF,54,44,42,1902.3000000000002,35.67727272727273
22825,DECORATIVE PLANT POT WITH FRIEZE,68,26,23,531.0,7.857692307692308
22826,LOVE SEAT ANTIQUE WHITE METAL,54,45,33,5692.5,115.38888888888889
22827,RUSTIC  SEVENTEEN DRAWER SIDEBOARD,32,29,21,5000.0,156.0344827586207
22828,REGENCY MIRROR WITH SHUTTERS,10,7,7,1530.0,156.42857142857142
22829,SWEETHEART WIRE WALL TIDY,203,99,80,1958.9499999999998,9.847474747474747
22830,UTILTY CABINET WITH HOOKS,131,6,5,2610.29,21.771666666666665
22831,WHITE BROCANTE SOAP DISH,684,104,91,1960.2000000000003,2.9462264150943396
22832,BROCANTE SHELF WITH HOOKS,148,74,65,1570.2,10.728378378378379
22833,HALL CABINET WITH 3 DRAWERS,75,4,4,2503.5299999999997,45.635000000000005
22834,HAND WARMER BABUSHKA DESIGN,4401,295,199,5812.38,1.8784333333333332
22835,HOT WATER BOTTLE I AM SO POORLY,2593,510,317,12209.43,4.855625
22837,HOT WATER BOTTLE BABUSHKA,946,135,107,4279.7,4.617647058823529
22837,HOT WATER BOTTLE BABUSHKA LARGE,8,1,1,37.2,4.65
22838,3 TIER CAKE TIN RED AND CREAM,524,150,119,7066.18,14.728933333333332
22839,3 TIER CAKE TIN GREEN AND CREAM,348,146,108,4715.36,14.94061224489796
22840,ROUND CAKE TIN VINTAGE RED,868,265,194,6418.88,7.9189056603773595
22841,ROUND CAKE TIN VINTAGE GREEN,503,209,157,3784.1800000000003,7.920382775119617
22842,BISCUIT TIN VINTAGE RED,553,160,120,3482.3500000000004,6.6450000000000005
22843,BISCUIT TIN VINTAGE GREEN,423,122,92,2617.63,6.697377049180329
22844,VINTAGE CREAM DOG FOOD CONTAINER,795,300,176,6526.05,8.533953488372092
22845,VINTAGE CREAM CAT FOOD CONTAINER,689,244,155,4113.639999999999,6.376163265306122
22846,BREAD BIN DINER STYLE RED,601,266,158,9197.56,16.34642857142857
22847,BREAD BIN DINER STYLE IVORY,804,371,214,12435.039999999999,16.518948787061994
22847,"BREAD BIN, DINER STYLE, IVORY",4,1,1,59.8,14.95
22848,BREAD BIN DINER STYLE PINK,290,119,68,4404.95,16.22504201680672
22849,BREAD BIN DINER STYLE MINT,287,126,79,4378.41,16.24111111111111
22849,"BREAD BIN, DINER STYLE, MINT",4,1,1,59.8,14.95
22851,SET 20 NAPKINS FAIRY CAKES DESIGN,2588,288,198,2130.38,0.8633561643835617
22852,DOG BOWL VINTAGE CREAM,349,110,83,1486.67,4.248818181818182
22853,CAT BOWL VINTAGE CREAM,425,102,76,1377.45,3.2470588235294118
22854,CREAM SWEETHEART EGG HOLDER,747,150,123,3532.4500000000003,4.917763157894737
22855,FINE WICKER HEART,2494,180,152,2967.02,1.2352222222222222
22856,ASSORTED EASTER DECORATIONS  BELLS,543,24,21,624.03,1.2420833333333332
22857,ASSORTED EASTER GIFT TAGS,1142,58,56,933.26,0.8455172413793103
22858,EASTER TIN KEEPSAKE,1068,113,103,1697.3999999999999,1.644736842105263
22859,EASTER TIN BUNNY BOUQUET,1112,133,112,1769.9999999999998,1.6455555555555554
22860,EASTER TIN CHICKS PINK DAISY,545,87,83,899.2499999999999,1.65
22861,EASTER TIN CHICKS IN GARDEN,292,38,36,481.79999999999995,1.65
22862,LOVE HEART NAPKIN BOX,139,45,42,590.75,4.25
22863,SOAP DISH BROCANTE,678,95,77,1904.1000000000001,2.9289473684210527
22865,HAND WARMER OWL DESIGN,7933,583,375,15855.680000000002,2.112235294117647
22866,HAND WARMER SCOTTY DOG DESIGN,5998,475,330,12020.760000000002,2.0884836065573773
22867,HAND WARMER BIRD DESIGN,5940,480,333,11953.330000000002,2.1100616016427107
22868,NUMBER TILE COTTAGE GARDEN 0,53,10,10,103.35,1.95
22869,NUMBER TILE COTTAGE GARDEN 1,68,20,19,132.6,1.95
22870,NUMBER TILE COTTAGE GARDEN 2,66,15,14,128.7,1.95
22871,NUMBER TILE COTTAGE GARDEN 3,52,10,10,101.39999999999999,1.95
22872,NUMBER TILE COTTAGE GARDEN 4,55,13,13,107.25,1.9499999999999997
22873,NUMBER TILE COTTAGE GARDEN 5,47,13,12,91.64999999999999,1.9499999999999997
22874,NUMBER TILE COTTAGE GARDEN 6,54,11,10,105.3,1.95
22875,NUMBER TILE COTTAGE GARDEN 7,51,14,14,99.45,1.95
22876,NUMBER TILE COTTAGE GARDEN 8,52,11,11,101.39999999999999,1.95
22877,NUMBER TILE COTTAGE GARDEN 9,55,14,13,107.25,1.95
22878,NUMBER TILE COTTAGE GARDEN No,51,12,11,107.10000000000001,2.1
22879,NUMBER TILE VINTAGE FONT 0,62,8,6,69.34,1.595
22880,NUMBER TILE VINTAGE FONT 1,70,11,8,84.94,1.6918181818181817
22881,NUMBER TILE VINTAGE FONT 2,79,13,9,102.49,1.7315384615384615
22882,NUMBER TILE VINTAGE FONT 3,82,21,13,108.33999999999999,1.8147619047619048
22883,NUMBER TILE VINTAGE FONT 4,77,12,9,98.59,1.7133333333333332
22884,NUMBER TILE VINTAGE FONT 5,75,16,12,94.69,1.7725
22885,NUMBER TILE VINTAGE FONT 6,78,13,10,100.53999999999999,1.7315384615384615
22886,NUMBER TILE VINTAGE FONT 7,74,13,8,92.74,1.7315384615384615
22887,NUMBER TILE VINTAGE FONT 8,66,11,8,77.14,1.6918181818181817
22888,NUMBER TILE VINTAGE FONT 9,63,8,7,71.28999999999999,1.595
22889,NUMBER TILE VINTAGE FONT No,143,7,6,156.18,1.7242857142857144
22890,NOVELTY BISCUITS CAKE STAND 3 TIER,331,155,97,3177.1699999999996,9.976089743589743
22891,TEA FOR ONE POLKADOT,312,121,70,1378.76,4.575619834710744
22892,SET OF SALT AND PEPPER TOADSTOOLS,2359,213,118,2885.16,1.243474178403756
22893,MINI CAKE STAND T-LIGHT HOLDER,1443,70,45,583.02,0.4174647887323944
22894,TABLECLOTH RED APPLES DESIGN,291,109,82,2821.95,9.696363636363635
22895,SET OF 2 TEA TOWELS APPLE AND PEARS,1969,239,163,5821.89,3.185850622406639
22896,PEG BAG APPLE DESIGN,100,1,1,210.0,2.1
22896,PEG BAG APPLES DESIGN,1372,222,144,3290.47,2.5944642857142854
22897,OVEN MITT APPLES DESIGN,1254,177,135,1786.86,1.546629213483146
22898,CHILDRENS APRON APPLES DESIGN,2189,277,201,4097.45,1.946774193548387
22899,CHILDREN'S APRON DOLLY GIRL,1977,263,191,3974.28,2.1181132075471703
22900,SET 2 TEA TOWELS I LOVE LONDON,4352,379,194,12478.1,3.122596401028278
22902,TOTE BAG I LOVE LONDON,1180,96,71,2239.38,2.0530208333333335
22903,CALENDAR FAMILY FAVOURITES,153,32,21,427.43,2.7590625
22904,CALENDAR PAPER CUT DESIGN,1762,235,162,5054.9400000000005,2.977394957983193
22905,CALENDAR IN SEASON DESIGN,477,67,50,1222.54,2.7483823529411766
22906,12 MESSAGE CARDS WITH ENVELOPES,1621,187,150,2578.6499999999996,1.6417525773195876
22907,PACK OF 20 NAPKINS PANTRY DESIGN,6048,538,357,4920.42,0.850644007155635
22908,PACK OF 20 NAPKINS RED APPLES,4226,315,212,3323.84,0.8477950310559006
22909,SET OF 20 VINTAGE CHRISTMAS NAPKINS,7852,496,368,6325.719999999999,0.8451669941060904
22910,PAPER CHAIN KIT VINTAGE CHRISTMAS,9072,709,470,24708.32,2.934958217270195
22911,PAPER CHAIN KIT LONDON,433,83,68,1232.19,2.974578313253012
22912,YELLOW COAT RACK PARIS FASHION,264,92,74,1193.0400000000002,4.933010752688173
22913,RED COAT RACK PARIS FASHION,323,97,78,1459.89,4.926494845360825
22914,BLUE COAT RACK PARIS FASHION,422,138,106,1949.94,4.933597122302158
22915,ASSORTED BOTTLE TOP  MAGNETS,2874,136,110,1081.68,0.3997810218978102
22916,HERB MARKER THYME,1804,187,130,1160.6000000000001,0.6494791666666667
22917,HERB MARKER ROSEMARY,1839,191,132,1183.3500000000001,0.6494791666666667
22918,HERB MARKER PARSLEY,1759,188,130,1111.3500000000001,0.6489528795811519
22919,HERB MARKER MINT,1653,192,132,1062.45,0.6494871794871795
22920,HERB MARKER BASIL,1798,190,133,1156.7,0.6484375
22921,HERB MARKER CHIVES,1631,167,116,1048.15,0.6494047619047619
22922,FRIDGE MAGNETS US DINER ASSORTED,1320,92,73,1104.3,0.8546739130434782
22923,FRIDGE MAGNETS LES ENFANTS ASSORTED,1093,81,65,897.8499999999999,0.8435802469135802
22924,FRIDGE MAGNETS LA VIE EN ROSE,1013,78,63,845.4499999999999,0.845
22925,BLUE GIANT GARDEN THERMOMETER,418,167,125,2464.1200000000003,5.982797619047619
22926,IVORY GIANT GARDEN THERMOMETER,551,188,140,3206.4500000000003,5.939417989417989
22927,GREEN GIANT GARDEN THERMOMETER,381,136,94,2194.9500000000003,5.935294117647059
22928,YELLOW GIANT GARDEN THERMOMETER,245,92,62,1499.8700000000001,6.363695652173914
22929,SCHOOL DESK AND CHAIR,16,15,13,1004.75,64.06
22930,BAKING MOULD HEART MILK CHOCOLATE,944,146,120,2311.52,2.562380952380952
22931,BAKING MOULD HEART WHITE CHOCOLATE,792,110,95,1873.51,2.5514414414414412
22932,BAKING MOULD TOFFEE CUP  CHOCOLATE,6,1,1,15.299999999999999,2.55
22932,BAKING MOULD TOFFEE CUP CHOCOLATE,746,65,51,1672.8000000000002,2.4946153846153845
22933,BAKING MOULD EASTER EGG MILK CHOC,720,93,82,1934.4,2.9143617021276595
22934,BAKING MOULD EASTER EGG WHITE CHOC,557,70,65,1518.3500000000001,2.915714285714286
22935,BAKING MOULD ROSE MILK CHOCOLATE,601,53,46,1766.25,3.1556603773584904
22936,BAKING MOULD ROSE WHITE CHOCOLATE,186,34,30,568.88,3.288333333333333
22937,BAKING MOULD CHOCOLATE CUP CAKES,12,2,2,30.599999999999998,2.55
22937,BAKING MOULD CHOCOLATE CUPCAKES,902,135,119,2325.74,2.6133333333333333
22937,BAKING MOULD CUPCAKE CHOCOLATE,12,1,1,30.599999999999998,2.55
22938,CUPCAKE LACE PAPER SET 6,2261,174,160,4238.33,1.941931818181818
22939,ADULT APRON APPLE DELIGHT,179,40,32,891.9300000000001,5.8085
22939,APRON APPLE DELIGHT,253,64,52,1217.3500000000001,4.9390625
22940,FELTCRAFT CHRISTMAS FAIRY,1852,306,241,7580.68,4.34022435897436
22941,CHRISTMAS LIGHTS 10 REINDEER,1519,273,215,11703.75,8.444871794871794
22942,CHRISTMAS LIGHTS 10 SANTAS,504,143,116,3495.9,7.515034965034966
22943,CHRISTMAS LIGHTS 10 VINTAGE BAUBLES,1246,169,133,5803.4800000000005,4.95698224852071
22944,CHRISTMAS METAL POSTCARD WITH BELLS,2691,59,51,1120.01,0.5287096774193548
22945,CHRISTMAS METAL TAGS ASSORTED,2677,140,118,2261.6499999999996,0.8901398601398601
22946,WOODEN ADVENT CALENDAR CREAM,352,96,66,5085.3,16.278350515463917
22947,WOODEN ADVENT CALENDAR RED,531,107,81,5007.85,10.256542056074768
22948,METAL DECORATION NAUGHTY CHILDREN,1448,99,69,1279.76,0.9234285714285714
22949,36 DOILIES DOLLY GIRL,881,75,71,1277.4499999999998,1.45
22949,SET OF 36 DOLLY GIRL PAPER DOILIES,40,13,13,58.0,1.4499999999999997
22950,36 DOILIES VINTAGE CHRISTMAS,4828,163,151,6592.599999999999,1.435276073619632
22950,SET OF 36 VINTAGE CHRISTMAS DOILIES,26,7,7,37.699999999999996,1.45
22951,60 CAKE CASES DOLLY GIRL DESIGN,7091,359,237,3669.61,0.5630219780219781
22952,60 CAKE CASES VINTAGE CHRISTMAS,14400,470,342,7264.8,0.5421946169772257
22952,72 CAKE CASES VINTAGE CHRISTMAS,24,1,1,13.200000000000001,0.55
22953,BIRTHDAY BANNER TAPE,24,1,1,30.0,1.25
22953,BIRTHDAY PARTY CORDON BARRIER TAPE,436,81,60,548.63,1.2795121951219512
22954,HEN PARTY CORDON BARRIER TAPE,159,29,20,198.75,1.25
22955,36 FOIL STAR CAKE CASES,1141,107,91,1912.3400000000001,1.9925688073394494
22956,36 FOIL HEART CAKE CASES,1846,173,145,3531.1700000000005,2.0491477272727274
22957,SET 3 PAPER VINTAGE CHICK PAPER EGG,1720,200,179,4800.400000000001,2.9282178217821784
22959,WRAP CHRISTMAS VILLAGE,4576,143,133,1877.92,0.41846153846153844
22960,JAM MAKING SET WITH JARS,7905,965,574,31611.72,4.1764596273291925
22961,JAM MAKING SET PRINTED,14708,880,538,20721.8,1.4709399773499432
22962,JAM JAR WITH PINK LID,3590,267,181,2875.35,0.8456179775280899
22963,JAM JAR WITH BLUE LID,24,1,1,17.28,0.72
22963,JAM JAR WITH GREEN LID,2931,221,165,2343.02,0.8447058823529412
22964,3 PIECE SPACEBOY COOKIE CUTTER SET,2496,303,218,4996.84,2.133267973856209
22965,3 TRADITIONAL COOKIE CUTTERS  SET,162,4,4,304.20000000000005,2.0375
22965,3 TRADITIONAl BISCUIT CUTTERS  SET,1128,206,169,2363.42,2.1270048309178744
22966,GINGERBREAD MAN COOKIE CUTTER,7191,556,388,8608.880000000001,1.2613756613756615
22967,SET 3 SONG BIRD PAPER EGGS ASSORTED,1137,135,122,3159.75,2.9292592592592595
22968,ROSE COTTAGE KEEPSAKE BOX,708,154,118,6376.15,9.714610389610389
22969,HOMEMADE JAM SCENTED CANDLES,11940,526,429,17318.399999999998,1.4503422053231938
22970,LONDON BUS COFFEE MUG,4197,279,180,9548.550000000001,2.487544483985765
22971,QUEENS GUARD COFFEE MUG,2349,238,165,5565.92,2.5187916666666665
22972,CHILDREN'S SPACEBOY MUG,1654,186,137,2690.0599999999995,1.653422459893048
22972,CHILDRENS SPACEBOY MUG,24,2,2,39.599999999999994,1.65
22973,CHILDREN'S CIRCUS PARADE MUG,1164,115,81,1878.2799999999997,1.6713793103448276
22974,CHILDRENS DOLLY GIRL MUG,1494,164,126,2410.14,1.684909090909091
22975,SPACEBOY CHILDRENS EGG CUP,1117,143,110,1404.72,1.2750344827586206
22976,CIRCUS PARADE CHILDRENS EGG CUP,1009,114,77,1266.09,1.2605217391304349
22977,DOLLY GIRL CHILDRENS EGG CUP,903,112,98,1129.96,1.26070796460177
22978,PANTRY ROLLING PIN,2331,209,153,8907.92,3.7504306220095693
22979,PANTRY WASHING UP BRUSH,3822,309,225,5668.16,1.495176848874598
22980,PANTRY SCRUBBING BRUSH,2205,248,198,3532.8899999999994,1.6731999999999998
22981,PANTRY APPLE CORER,429,74,58,593.25,1.4474025974025975
22982,PANTRY PASTRY BRUSH,1020,148,120,1277.05,1.3141216216216216
22983,CARD BILLBOARD FONT,4893,334,223,2019.15,0.42715568862275444
22984,CARD GINGHAM ROSE,2654,140,91,1063.66,0.42157142857142854
22985,WRAP BILLBOARD FONTS DESIGN,1800,62,52,756.0,0.42
22985,"WRAP, BILLBOARD FONTS DESIGN",1950,34,34,731.0,0.4152941176470588
22986,GINGHAM ROSE WRAP,1825,72,68,766.5,0.42
22986,WRAP GINGHAM ROSE,2251,83,69,933.42,0.4192771084337349
22987,WRAP SUMMER ROSE DESIGN,100,4,4,42.0,0.42
22988,SOLDIERS EGG CUP,8645,335,198,9937.44,1.2557227138643068
22989,SET 2 PANTRY DESIGN TEA TOWELS,2669,315,241,8232.17,3.229719626168224
22990,COTTON APRON PANTRY DESIGN,476,151,117,2116.84,4.76921568627451
22991,GIRAFFE WOODEN RULER,3000,239,185,5642.639999999999,2.0461475409836067
22992,REVOLVER WOODEN RULER,4204,292,217,7762.74,1.9597999999999998
22993,SET OF 4 PANTRY JELLY MOULDS,11701,875,431,14066.42,1.256932584269663
22994,TRAVEL CARD WALLET RETROSPOT,2074,166,89,869.64,0.4196407185628742
22995,TRAVEL CARD WALLET SUKI,2179,186,90,912.3,0.4193617021276596
22996,TRAVEL CARD WALLET VINTAGE TICKET,4514,296,155,1864.2,0.41940397350993375
22997,TRAVEL CARD WALLET UNION JACK,2399,189,101,1006.14,0.41968421052631577
22998,TRAVEL CARD WALLET KEEP CALM,11468,448,218,4566.98,0.42762749445676274
22999,TRAVEL CARD WALLET RETRO PETALS,1489,88,61,623.94,0.4193406593406593
22999,TRAVEL CARD WALLET VINTAGE LEAF,1317,99,66,553.14,0.42
23000,TRAVEL CARD WALLET TRANSPORT,3003,209,126,1258.38,0.4197142857142857
23002,TRAVEL CARD WALLET SKULLS,1924,148,85,806.64,0.4196
23003,TRAVEL CARD WALLET VINTAGE ROSE,541,52,38,225.78,0.41886792452830185
23004,TRAVEL CARD WALLET PANTRY,1669,127,73,702.62,0.42946153846153845
23005,TRAVEL CARD WALLET I LOVE LONDON,4345,176,105,1767.3,0.4193296089385475
23006,TRAVEL CARD WALLET FLOWER MEADOW,1615,135,88,676.86,0.41955555555555557
23007,SPACEBOY BABY GIFT SET,443,145,110,6946.849999999999,16.52241379310345
23008,DOLLY GIRL BABY GIFT SET,412,124,99,6415.4,16.433870967741935
23009,I LOVE LONDON BABY GIFT SET,209,61,48,3262.5499999999997,16.425409836065572
23010,CIRCUS PARADE BABY GIFT SET,282,91,73,4393.9,16.48846153846154
23012,GLASS APOTHECARY BOTTLE PERFUME,1006,203,151,3732.0400000000004,3.8833658536585367
23013,GLASS APOTHECARY BOTTLE TONIC,859,183,135,3187.3900000000003,3.886630434782609
23014,GLASS APOTHECARY BOTTLE ELIXIR,789,163,122,2916.2300000000005,3.908666666666667
23015,CORDIAL GLASS JUG,23,16,14,189.75,8.25
23015,CORDIAL JUG,6,2,2,49.5,8.25
23016,GLASS TWIST BON BON JAR,66,20,19,492.9,7.67
23017,APOTHECARY MEASURING JAR,63,22,20,738.9000000000001,12.193181818181818
23018,LARGE APOTHECARY MEASURING JAR,50,20,19,587.2,12.2975
23019,SMALL APOTHECARY MEASURING JAR,81,28,26,629.0500000000001,8.078571428571427
23020,GLASS  SONGBIRD STORAGE JAR,159,75,65,1891.65,12.338000000000001
23020,GLASS SONGBIRD STORAGE JAR,11,3,3,126.7,12.049999999999999
23021,GLASS BONNE JAM JAR,117,25,24,475.95000000000005,4.134
23022,SMALL BONNE JAM JAR  T-LIGHT HOLDER,386,23,19,733.28,2.0336000000000003
23023,RIDGED BONNE JAM JAR T-LIGHT HOLDER,258,24,23,408.13999999999993,1.7016666666666664
23024,LARGE BONNE JAM JAR  T-LIGHT HOLDER,252,11,8,657.08,2.7081818181818185
23025,DRAWER KNOB VINTAGE GLASS BALL,311,47,40,657.13,2.123617021276596
23026,DRAWER KNOB VINTAGE GLASS STAR,489,55,43,987.85,2.1057894736842107
23027,DRAWER KNOB VINTAGE GLASS HEXAGON,287,27,26,596.96,2.08
23028,DOORKNOB CRACKED GLAZE BLUE,162,3,3,238.49999999999997,1.5833333333333333
23028,DRAWER KNOB CRACKLE GLAZE BLUE,1072,114,87,1740.2399999999998,1.660782608695652
23029,DOORKNOB CRACKED GLAZE GREEN,12,2,2,19.799999999999997,1.65
23029,DRAWER KNOB CRACKLE GLAZE GREEN,1244,144,97,2014.1999999999998,1.6472222222222221
23031,DOORKNOB CRACKED GLAZE PINK,12,2,2,19.799999999999997,1.65
23031,DRAWER KNOB CRACKLE GLAZE PINK,1196,145,93,1934.9999999999998,1.6472413793103449
23032,DOORKNOB CRACKED GLAZE IVORY,174,5,5,258.29999999999995,1.6099999999999999
23032,DRAWER KNOB CRACKLE GLAZE IVORY,2030,188,115,3272.7,1.6458333333333333
23033,DRAWER KNOB CERAMIC RED,679,59,42,943.75,1.4398305084745764
23034,DRAWER KNOB CERAMIC BLACK,929,79,57,1306.25,1.4425925925925924
23035,DOORKNOB CERAMIC IVORY,36,1,1,52.199999999999996,1.45
23035,DRAWER KNOB CERAMIC IVORY,2026,167,110,2850.3399999999997,1.4538095238095237
23036,T-LIGHT HOLDER SILVER PETIT FOUR,182,15,14,227.5,1.25
23037,CANDLE HOLDER SILVER MADELINE,193,18,17,315.28999999999996,1.7299999999999998
23038,T-LIGHT HOLDER SILVER SAUCER,41,6,4,38.029999999999994,1.2299999999999998
23039,T-LIGHT HOLDER SILVER HEART HANDLE,186,23,22,359.09999999999997,1.9375
23040,PAPER LANTERN 9 POINT SNOW STAR,246,36,33,1318.5,5.728947368421053
23041,PAPER LANTERN 6 POINT SNOW STAR,26,6,6,107.9,4.15
23041,PAPER LANTERN 9 POINT SNOW STAR,210,43,40,871.5000000000001,4.15
23042,PAPER LANTERN 7 POINT SNOW STAR,89,26,25,591.85,6.65
23043,PAPER LANTERN 9 POINT HOLLY STAR 40,6,3,3,37.5,6.25
23043,PAPER LANTERN 9 POINT HOLLY STAR L,69,16,15,431.25,6.25
23044,PAPER LANTERN 9 POINT HOLLY STAR 23,18,5,5,74.7,4.15
23044,PAPER LANTERN 9 POINT HOLLY STAR S,82,19,19,340.3,4.15
23045,PAPER LANTERN 5 POINT STAR MOON,86,19,17,356.90000000000003,4.15
23045,PAPER LANTERN 5 POINT STAR MOON 30,10,5,5,41.5,4.15
23046,PAPER LANTERN 9 POINT DELUXE STAR,347,34,31,2091.55,6.623529411764706
23047,PAPER LANTERN 5 POINT SEQUIN STAR,50,21,21,287.5,5.75
23047,PAPER LANTERN 5 POINT STUDDED STAR,8,4,4,46.0,5.75
23048,SET OF 10 LANTERNS FAIRY LIGHT STAR,528,89,81,2115.34,4.190652173913044
23049,RECYCLED ACAPULCO MAT RED,432,171,103,3548.0,8.245321637426901
23050,RECYCLED ACAPULCO MAT GREEN,458,177,116,3755.3,8.240960451977402
23051,RECYCLED ACAPULCO MAT BLUE,333,135,95,2724.85,8.238148148148149
23052,RECYCLED ACAPULCO MAT TURQUOISE,570,222,147,4686.5,8.246396396396397
23053,RECYCLED ACAPULCO MAT PINK,317,130,105,2581.65,8.231538461538461
23054,RECYCLED ACAPULCO MAT LAVENDER,265,110,81,2181.45,8.242727272727274
23055,IVORY CHANDELIER T-LIGHT HOLDER,224,40,33,692.0,5.244761904761905
23056,CRYSTAL CHANDELIER T-LIGHT HOLDER,3,1,1,18.75,6.25
23056,FLOWERS CHANDELIER T-LIGHT HOLDER,380,42,32,1007.84,5.882325581395349
23057,BEADED CHANDELIER T-LIGHT HOLDER,259,39,32,758.29,4.266410256410257
23057,GEMSTONE CHANDELIER T-LIGHT HOLDER,78,7,7,347.70000000000005,4.835714285714286
23058,CHRISTMAS HANGING SNOWFLAKE,486,44,39,421.02000000000004,1.1129545454545455
23060,HEART BEADED TRELLIS DECORATION,244,39,34,507.52000000000004,2.08
23061,VINTAGE EMBOSSED HEART,883,85,72,1098.71,1.247529411764706
23061,VINTAGE ENGRAVED HEART,60,4,4,75.0,1.25
23064,CINDERELLA CHANDELIER,149,32,20,2103.55,42.1703125
23065,LARGE DECO JEWELLERY STAND,245,89,77,2965.3,12.469662921348315
23065,LARGE JEWELLERY STAND,10,4,4,125.0,12.5
23066,SMALL DECO JEWELLERY STAND,228,71,64,1823.4,8.227464788732394
23066,SMALL JEWELLERY STAND,16,6,6,132.0,8.25
23067,HANGING ENGRAVED METAL HEART,274,71,63,1137.1000000000001,4.15
23068,ALUMINIUM HEART,30,6,6,74.7,2.49
23068,ALUMINIUM STAMPED HEART,771,124,100,1852.5500000000002,2.476984126984127
23069,EDWARDIAN PHOTO FRAME,87,31,27,543.75,6.25
23070,EDWARDIAN HEART PHOTO FRAME,147,33,29,610.0500000000001,4.15
23071,MARIE ANTOIENETT TRINKET BOX GOLD,1,1,1,12.5,12.5
23071,MARIE ANTOINETTE TRINKET BOX GOLD,236,20,15,733.6,9.888095238095238
23072,MARIE ANTOINETTE TRINKET BOX SILVER,254,24,21,715.0,10.270833333333334
23073,GEORGIAN TRINKET BOX,140,60,49,1669.0,12.41
23074,EMBOSSED HEART TRINKET BOX,215,36,32,431.54,2.0638888888888887
23075,DOUBLE CERAMIC PARLOUR HOOK,22,5,5,91.30000000000001,4.15
23075,PARLOUR CERAMIC WALL HOOK,409,78,58,1678.15,4.144871794871795
23076,ICE CREAM SUNDAE LIP GLOSS,7868,250,202,9603.16,1.24496
23077,DOUGHNUT LIP GLOSS,9582,311,217,11540.7,1.241897106109325
23078,ICE CREAM PEN LIP GLOSS,6559,215,159,8017.31,1.2451162790697674
23079,TOADSTOOL BEDSIDE LIGHT,234,111,83,2073.2999999999997,8.937499999999998
23080,RED METAL BOX TOP SECRET,987,228,148,7830.03,8.355689655172414
23081,GREEN METAL BOX ARMY SUPPLIES,431,114,78,3424.89,8.33780701754386
23081,GREEN METAL BOX TOP SECRET,16,4,4,132.0,8.25
23082,SET 6 PAPER TABLE LANTERN HEARTS,2232,269,205,8007.52,3.721563636363636
23083,SET 6 PAPER TABLE LANTERN STARS,1796,212,162,6521.71,3.7588372093023255
23084,RABBIT NIGHT LIGHT,27045,816,450,51042.840000000004,2.0129355608591886
23085,ANTIQUE SILVER BAUBLE LAMP,356,77,64,3308.9500000000003,10.037349397590361
23086,ZINC  STAR T-LIGHT HOLDER,1167,36,30,1337.79,1.2325
23086,ZINC STAR T-LIGHT HOLDER,8,1,1,10.0,1.25
23087,ZINC  HEART T-LIGHT HOLDER,815,50,43,978.4300000000001,1.2374
23088,ZINC HEART FLOWER T-LIGHT HOLDER,760,57,52,947.18,1.306315789473684
23089,GLASS BON BON JAR,2120,141,101,3469.62,1.7718055555555554
23090,VINTAGE GLASS T-LIGHT HOLDER,2120,123,96,1715.32,0.8573809523809524
23091,METAL HERB GERDEN CONTAINER,24,5,5,139.68,6.078
23091,ZINC HERB GARDEN CONTAINER,528,191,155,3236.07,6.292291666666666
23092,LARGE ANTIQUE WHITE PHOTO FRAME,497,134,96,3490.51,7.798731343283582
23093,SMALL PARISIENNE HEART PHOTO FRAME,912,125,105,2115.2000000000003,2.47312
23094,LE GRAND TRAY CHIC SET,145,76,65,1812.5,12.5
23096,PETIT TRAY CHIC,993,117,89,1606.7299999999998,1.728974358974359
23099,FRENCH CARRIAGE LANTERN,124,58,46,805.7,6.588983050847458
23100,SILVER BELLS TABLE DECORATION,2089,214,180,2560.85,1.2461818181818183
23101,SILVER STARS TABLE DECORATION,1942,190,175,1569.62,0.8265445026178011
23102,SILVER HEARTS TABLE DECORATION,1231,139,128,995.3299999999999,0.8268794326241135
23103,BELL HEART DECORATION,252,9,9,387.0,1.6277777777777775
23103,JINGLE BELL HEART DECORATION,3651,310,224,6009.749999999999,1.6481308411214952
23104,IVORY CAFE HANGING LAMP,114,43,37,1330.5,12.304651162790698
23104,IVORY PANTRY HANGING LAMP,2,1,1,25.0,12.5
23106,ZINC HEARTS PLANT POT HOLDER,263,50,48,711.47,2.772
23106,ZINC PLANT POT HOLDER,8,1,1,23.12,2.89
23107,WHITE HEARTS WIRE PLANT POT HOLDER,324,59,58,873.5600000000001,2.7340677966101694
23107,WHITE WIRE PLANT POT HOLDER,16,2,2,46.24,2.89
23108,SET OF 10 LED DOLLY LIGHTS,2128,369,271,12655.13,6.135783783783783
23109,LED TEA LIGHTS,595,54,54,1676.3500000000001,2.8754545454545455
23109,PACK OF SIX LED TEA LIGHTS,1619,175,132,4569.51,2.911348314606742
23110,PARISIENNE KEY CABINET,611,247,158,3380.45,5.717741935483871
23111,PARISIENNE SEWING BOX,272,140,80,3181.6,12.291489361702126
23112,PARISIENNE CURIO CABINET,438,202,134,3197.4500000000003,7.449504950495049
23113,PANTRY CHOPPING BOARD,192,49,39,892.8000000000002,4.930000000000001
23114,VINTAGE LEAF CHOPPING BOARD,141,43,40,669.1500000000001,4.93139534883721
23115,RED APPLES CHOPPING BOARD,144,38,38,684.0,4.928947368421053
23116,VEGETABLE GARDEN CHOPPING BOARD,70,17,17,317.70000000000005,4.902941176470589
23117,POPPY FIELDS CHOPPING BOARD,84,40,39,415.8,4.95
23118,PARISIENNE JEWELLERY DRAWER,741,242,154,5219.02,7.462892561983471
23119,PACK OF 6 LARGE FRUIT STRAWS,2119,118,97,1253.39,0.6474576271186441
23120,PACK OF 6 SMALL FRUIT STRAWS,1545,81,69,614.34,0.4186046511627907
23121,PACK OF 6 COCKTAIL PARASOL STRAWS,2460,87,81,958.3199999999999,0.41608695652173916
23122,PARTY CHARMS 50 PIECES,2088,96,90,1550.1599999999999,0.8204040404040404
23123,COCKTAIL SWORDS 50 PIECES,893,70,64,700.27,0.8237142857142856
23124,18PC WOODEN CUTLERY SET DISPOSABLE,503,24,23,595.15,1.24125
23125,6PC WOOD PLATE SET DISPOSABLE,405,16,15,443.25,1.236875
23126,DOLLCRAFT GIRL AMELIE,36,8,8,178.2,4.95
23126,DOLLCRAFT GIRL AMELIE KIT,66,8,8,294.7,4.8500000000000005
23126,FELTCRAFT GIRL AMELIE KIT,966,261,187,4720.18,5.020570342205324
23127,DOLLCRAFT GIRL NICOLE,68,12,12,336.6,4.95
23127,FELTCRAFT GIRL NICOLE KIT,632,173,137,3105.44,4.969657142857143
23128,DOLLCRAFT BOY JEAN-PAUL,82,12,12,373.9,4.883333333333334
23128,FELTCRAFT BOY JEAN-PAUL KIT,342,119,103,1676.5800000000002,4.979159663865546
23129,HEART SHAPED HOLLY WREATH,941,166,138,3929.03,4.41710843373494
23130,MISELTOE HEART WREATH,80,5,5,312.8,4.07
23130,MISTLETOE HEART WREATH GREEN,829,164,135,3398.2700000000004,4.2387804878048785
23131,MISELTOE HEART WREATH CREAM,240,1,1,996.0000000000001,4.15
23131,MISELTOE HEART WREATH WHITE,78,4,4,304.5,4.050000000000001
23131,MISTLETOE HEART WREATH CREAM,569,105,86,2307.23,4.213018867924529
23132,SMALL IVORY HEART WALL ORGANISER,1004,144,115,4966.08,5.735833333333334
23133,LARGE IVORY HEART WALL ORGANISER,758,135,94,5134.66,7.994074074074074
23134,LARGE ZINC HEART WALL ORGANISER,1064,37,29,6414.48,7.6710810810810806
23135,SMALL ZINC HEART WALL ORGANISER,1538,42,31,5378.8,5.191190476190476
23136,IVORY WIRE SWEETHEART LETTER TRAY,127,44,39,467.05,3.7290909090909095
23137,ZINC WIRE SWEETHEART LETTER TRAY,80,20,18,253.24,3.4539999999999997
23138,SINGLE WIRE HOOK IVORY HEART,858,76,60,1184.5,1.4448717948717948
23139,SINGLE WIRE HOOK PINK HEART,394,23,20,484.98,1.2566666666666666
23140,TRIPLE WIRE HOOK IVORY HEART,148,36,29,608.74,4.2538888888888895
23141,TRIPLE WIRE HOOK PINK HEART,68,18,18,215.00000000000003,3.5900000000000003
23142,IVORY WIRE KITCHEN ORGANISER,114,38,34,1118.1000000000001,10.301315789473684
23143,ZINC WIRE KITCHEN ORGANISER,25,12,12,156.8,7.175000000000001
23144,ZINC T-LIGHT HOLDER STARS SMALL,4850,240,180,3843.4599999999996,0.8368879668049792
23145,ZINC T-LIGHT HOLDER STAR LARGE,2019,150,126,1886.0899999999997,0.960728476821192
23145,ZINC T-LIGHT HOLDER STARS LARGE,24,2,2,22.799999999999997,0.95
23146,TRIPLE HOOK ANTIQUE IVORY ROSE,728,233,151,2361.92,3.2815254237288136
23147,SINGLE ANTIQUE ROSE HOOK IVORY,1828,256,170,2648.2,1.4492307692307693
23148,MINIATURE ANTIQUE ROSE HOOK IVORY,2052,237,142,1700.7599999999998,0.8296311475409835
23148,MINITURE ANTIQUE ROSE HOOK IVORY,48,4,4,40.8,0.85
23149,ANTIQUE IVORY WIRE BOWL SMALL,86,21,18,214.14000000000001,2.49
23150,IVORY SWEETHEART SOAP DISH,138,41,33,343.62,2.49
23151,ZINC SWEETHEART SOAP DISH,59,19,18,104.41000000000001,1.953157894736842
23152,IVORY SWEETHEART WIRE LETTER RACK,534,152,108,1972.26,3.742941176470588
23153,ZINC SWEETHEART WIRE LETTER RACK,244,79,67,908.63,3.7878481012658227
23154,SET OF 4 JAM JAR MAGNETS,2380,217,141,4795.13,2.0809459459459463
23155,KNICKERBOCKERGLORY MAGNET ASSORTED,1925,125,84,1539.6699999999998,0.8220799999999999
23156,SET OF 5 MINI GROCERY MAGNETS,1607,186,117,3247.3,2.094468085106383
23157,SET OF 6 NATIVITY MAGNETS,2530,147,111,4587.55,2.1347712418300655
23158,SET OF 5 LUCKY CAT MAGNETS,2476,190,96,4992.52,2.1662105263157896
23159,SET OF 5 PANCAKE DAY MAGNETS,2230,198,121,4510.7300000000005,2.082211055276382
23160,REGENCY TEA SPOON,1386,62,50,1644.3,1.2296774193548385
23161,REGENCY CAKE FORK,1596,69,58,1881.6000000000001,1.228695652173913
23162,REGENCY TEA STRAINER,1362,142,96,4789.24,3.7471830985915493
23163,REGENCY SUGAR TONGS,1659,136,95,3835.3,2.4297058823529416
23164,REGENCY CAKE SLICE,563,81,70,2574.26,4.922962962962963
23165,LARGE CERAMIC TOP STORAGE JAR,2848,238,167,4463.4,1.63
23166,MEDIUM CERAMIC TOP STORAGE JAR,3422,205,138,3937.09,1.2176923076923076
23167,SMALL CERAMIC TOP STORAGE JAR,5141,186,129,3818.99,0.8250259067357513
23168,CLASSIC CAFE SUGAR DISPENSER,2579,226,132,2971.49,1.2285964912280702
23168,CLASSIC SUGAR DISPENSER,216,12,12,247.32,1.1975
23169,CLASSIC GLASS COOKIE JAR,1239,282,192,4971.05,4.110424028268551
23169,CLASSIC GLASS SWEET JAR,119,14,14,479.45000000000005,4.092857142857143
23170,REGENCY TEA PLATE ROSES,5845,340,225,9124.689999999999,1.6549411764705881
23171,REGENCY TEA PLATE GREEN,5869,275,195,9038.65,1.6707246376811595
23172,REGENCY TEA PLATE PINK,3586,233,160,5638.98,1.6391845493562232
23173,REGENCY TEAPOT ROSES,2610,367,248,22597.12,9.682621621621621
23174,REGENCY SUGAR BOWL GREEN,2866,285,192,11222.04,4.125228070175439
23175,REGENCY MILK JUG PINK,2982,283,206,8769.5,3.191696113074205
23176,ABC TREASURE BOOK BOX,2043,196,159,4272.01,2.262994923857868
23177,TREASURE ISLAND BOOK BOX,2408,219,174,4984.8,2.2418918918918918
23178,JAM CLOCK MAGNET,304,58,50,824.02,2.841379310344828
23179,CLOCK MAGNET MUM'S KITCHEN,304,40,36,837.88,2.9330000000000003
23180,MUM'S KITCHEN CLOCK,103,37,29,466.95,4.771621621621622
23181,BULL DOG BOTTLE TOP WALL CLOCK,181,73,60,1451.25,8.188356164383562
23182,TOILET SIGN OCCUPIED OR VACANT,3364,260,140,2796.0699999999997,0.8781439393939393
23183,MOTHER'S KITCHEN SPOON REST,171,60,45,664.46,4.04655737704918
23184,BULL DOG BOTTLE OPENER,765,201,129,3685.15,5.095024630541872
23185,FRENCH STYLE STORAGE JAR JAM,316,31,27,114.55999999999999,0.3496875
23186,FRENCH STYLE STORAGE JAR CAFE,1970,72,57,810.2199999999999,0.3527397260273973
23187,FRENCH STYLE STORAGE JAR BONBONS,2301,78,66,678.5699999999999,0.3263291139240506
23188,VINTAGE  2 METER FOLDING RULER,1762,157,131,2881.0199999999995,1.6784276729559748
23188,VINTAGE  2 METRE FOLDING RULER,1320,128,103,2196.04,1.7383076923076923
23189,SET OF 12 FORK CANDLES,1214,114,89,3316.46,2.858695652173913
23190,BUNDLE OF 3 SCHOOL EXERCISE BOOKS,1676,181,146,2687.8399999999997,1.651318681318681
23191,BUNDLE OF 3 RETRO EXERCISE BOOKS,60,5,5,98.99999999999999,1.65
23191,BUNDLE OF 3 RETRO NOTE BOOKS,2096,242,178,3388.3999999999996,1.675806451612903
23192,BUNDLE OF 3 ALPHABET EXERCISE BOOKS,3266,314,224,5192.219999999999,1.6541249999999998
23193,BUFFALO BILL TREASURE BOOK BOX,1827,143,109,3705.57,2.265244755244755
23194,GYMKHANA TREASURE BOOK BOX,1593,164,129,3334.58,2.2549700598802396
23194,GYMKHANNA TREASURE BOOK BOX,120,14,14,261.84000000000003,2.189285714285714
23196,LEAVES MAGNETIC  SHOPPING LIST,24,2,2,34.8,1.45
23196,RETO LEAVES MAGNETIC SHOPPING LIST,36,3,3,52.199999999999996,1.45
23196,RETRO LEAVES MAGNETIC NOTEPAD,103,17,17,149.35,1.45
23196,VINTAGE LEAF MAGNETIC NOTEPAD,1580,214,159,2223.7999999999997,1.443577981651376
23197,SKETCHBOOK MAGNETIC SHOPPING LIST,1293,187,113,1864.6899999999998,1.5414893617021277
23197,VEGETABLE MAGNETIC  SHOPPING LIST,36,3,3,49.8,1.3833333333333335
23198,PANTRY MAGNETIC  SHOPPING LIST,2999,388,259,4248.389999999999,1.479570707070707
23199,JUMBO BAG APPLES,13152,739,344,25117.05,2.0597852348993286
23200,JUMBO BAG PEARS,6595,476,262,12791.29,2.0709603340292277
23201,JUMBO BAG ALPHABET,11939,766,396,23084.420000000002,2.0571335927367054
23202,JUMBO BAG VINTAGE LEAF,10453,778,377,20479.09,2.0778343949044586
23203,JUMBO BAG DOILEY PATTERNS,8713,458,299,16691.34,2.0465726681127983
23203,JUMBO BAG VINTAGE DOILEY,143,6,6,268.44,2.0316666666666667
23203,JUMBO BAG VINTAGE DOILY,10052,634,365,19610.760000000002,2.060936037441498
23204,CHARLOTTE BAG APPLES DESIGN,6853,433,199,5493.81,0.8422298850574713
23205,CHARLOTTE BAG ALPHABET  DESIGN,400,22,22,320.5,0.838181818181818
23205,CHARLOTTE BAG VINTAGE ALPHABET,4559,331,192,3644.27,0.851951951951952
23206,LUNCH BAG APPLE DESIGN,11472,878,401,18125.0,1.6412359550561795
23207,LUNCH BAG ALPHABET DESIGN,7085,660,377,11334.81,1.6520208023774146
23208,LUNCH BAG VINTAGE LEAF DESIGN,6118,601,305,9840.5,1.644736842105263
23209,LUNCH BAG DOILEY PATTERN,6473,468,290,10316.45,1.642356687898089
23209,LUNCH BAG VINTAGE DOILEY,70,4,4,115.5,1.65
23209,LUNCH BAG VINTAGE DOILY,6402,545,319,10288.46,1.6494244604316546
23210,WHITE ROCKING HORSE HAND PAINTED,2550,158,115,3091.74,1.2425000000000002
23211,RED ROCKING HORSE HAND PAINTED,2182,117,82,2601.5,1.241176470588235
23212,HEART WREATH DECORATION WITH BELL,2103,147,103,2487.63,1.2389473684210526
23212,PAINTED HEART WREATH WITH BELL,12,1,1,15.0,1.25
23213,STAR WREATH DECORATION WITH BELL,1582,122,95,1906.94,1.24328
23214,BELL HEART ANTIQUE GOLD,12,1,1,24.96,2.08
23214,JINGLE BELL HEART ANTIQUE GOLD,760,91,78,1599.8700000000001,2.1882608695652173
23215,JINGLE BELL HEART ANTIQUE SILVER,3424,198,162,6741.0,2.138407960199005
23216,LAUREL HEART ANTIQUE GOLD,518,40,32,613.51,1.348048780487805
23217,LAUREL HEART ANTIQUE SILVER,1290,84,64,1567.0,1.4022093023255815
23218,LAUREL STAR ANTIQUE GOLD,372,33,27,465.81,1.383939393939394
23219,LAUREL STAR ANTIQUE SILVER,404,49,41,504.6,1.3117307692307691
23220,REINDEER HEART DECORATION GOLD,929,77,55,774.43,0.9106410256410257
23221,REINDEER HEART DECORATION SILVER,1403,113,85,1193.4499999999998,0.9104237288135593
23222,CHRISTMAS TREE HANGING GOLD,764,65,49,680.68,0.9597014925373134
23223,CHRISTMAS TREE HANGING SILVER,745,67,51,670.1099999999999,0.9460294117647059
23224,CHERUB HEART DECORATION GOLD,705,61,44,608.8299999999999,0.9295081967213114
23225,CHERUB HEART DECORATION SILVER,1224,72,46,1029.84,0.9526388888888889
23226,FILIGREE HEART DAISY WHITE,1151,72,56,1418.59,1.2413698630136987
23227,FILIGREE HEART BUTTERFLY WHITE,1586,89,61,1939.56,1.267752808988764
23228,FILIGREE HEART BIRD WHITE,1253,79,58,1576.54,1.388125
23229,DONKEY TAIL GAME,54,4,4,189.54000000000002,3.66
23229,VINTAGE DONKEY TAIL GAME,1739,220,183,6106.0,3.7840454545454545
23230,WRAP ALPHABET DESIGN,7875,234,178,3175.5,0.4173504273504273
23231,WRAP  VINTAGE DOILEY,100,2,2,42.0,0.42
23231,WRAP  VINTAGE DOILY,2450,93,80,1029.0,0.41999999999999993
23231,WRAP DOILEY DESIGN,4675,162,124,1915.5,0.4185185185185185
23232,WRAP VINTAGE LEAF DESIGN,5225,136,118,2098.5,0.41737226277372264
23232,WRAP VINTAGE PETALS  DESIGN,3250,105,95,1317.0,0.4177142857142857
23233,WRAP POPPIES  DESIGN,5150,159,130,2095.0,0.418625
23234,BISCUIT TIN VINTAGE CHRISTMAS,1832,238,201,4521.14,2.9130543933054396
23235,BISCUIT TIN VINTAGE LEAF,24,3,3,64.56,2.7566666666666664
23235,STORAGE TIN VINTAGE LEAF,688,100,87,1790.64,2.7592000000000003
23236,DOILEY BISCUIT TIN,120,13,13,327.6,2.8592307692307695
23236,DOILEY STORAGE TIN,1077,117,93,2920.53,2.8662711864406782
23236,STORAGE TIN VINTAGE DOILEY,6,1,1,17.34,2.89
23236,STORAGE TIN VINTAGE DOILY,1207,170,126,3421.23,2.981860465116279
23237,SET OF 4 KNICK KNACK TINS LEAF,725,124,96,2913.9500000000003,4.133870967741935
23237,SET OF 4 KNICK KNACK TINS LEAVES,301,55,51,1224.75,4.128181818181818
23238,SET OF 4 KNICK KNACK TINS LONDON,1759,241,150,7051.05,4.130408163265306
23239,SET OF 4 KNICK KNACK TINS POPPIES,784,164,125,3026.6000000000004,3.915868263473054
23240,SET OF 4 KNICK KNACK TINS  DOILEY,6,1,1,24.900000000000002,4.15
23240,SET OF 4 KNICK KNACK TINS DOILEY,1779,179,142,7037.650000000001,4.123626373626374
23240,SET OF 4 KNICK KNACK TINS DOILY,2259,322,230,9125.65,4.136585365853659
23241,TREASURE TIN GYMKHANA DESIGN,1998,289,183,4045.44,2.07527397260274
23242,TREASURE TIN BUFFALO BILL,1403,190,132,2829.92,2.074041450777202
23243,SET OF TEA COFFEE SUGAR TINS PANTRY,4543,419,275,21573.43,4.888928571428571
23244,CANNISTER VINTAGE LEAF DESIGN,12,2,2,23.4,1.95
23244,ROUND STORAGE TIN VINTAGE LEAF,844,101,80,1535.56,1.9723762376237624
23244,STORAGE TIN VINTAGE LEAF,60,7,7,117.0,1.95
23245,SET OF 3 REGENCY CAKE TINS,5754,755,472,26144.780000000002,4.930369393139842
23247,BISCUIT TIN 50'S CHRISTMAS,2002,276,231,5641.9800000000005,2.968623188405797
23249,ENAMEL DINNER PLATE PANTRY,12,1,1,19.799999999999997,1.65
23249,VINTAGE RED ENAMEL TRIM PLATE,723,74,56,1167.1899999999998,1.6397297297297295
23250,ENAMEL BOWL PANTRY,24,2,2,30.0,1.25
23250,VINTAGE RED TRIM ENAMEL BOWL,958,95,64,1186.79,1.2433684210526317
23251,ENAMEL MUG PANTRY,12,1,1,15.0,1.25
23251,VINTAGE RED ENAMEL TRIM MUG,1575,106,80,1867.95,1.2400943396226414
23252,ENAMEL JUG PANTRY,8,2,2,30.0,3.75
23252,VINTAGE RED ENAMEL TRIM JUG,545,130,104,1999.5900000000001,3.742923076923077
23253,16 PC CUTLERY SET PANTRY DESIGN,4,1,1,63.8,15.95
23253,16 PIECE CUTLERY SET PANTRY DESIGN,208,48,44,2986.3999999999996,15.6625
23254,CHILDRENS CUTLERY DOLLY GIRL,1601,276,197,6442.55,4.142805755395684
23254,KIDS CUTLERY DOLLY GIRL,36,8,8,149.4,4.15
23255,CHILDRENS CUTLERY CIRCUS PARADE,953,146,116,3815.09,4.164657534246576
23256,CHILDRENS CUTLERY SPACEBOY,1892,324,226,7628.080000000001,4.1504268292682935
23256,KIDS CUTLERY SPACEBOY,36,8,8,149.4,4.15
23263,SET OF 3 WOODEN HEART DECORATIONS,3670,394,269,4732.83,1.317210401891253
23264,SET OF 3 WOODEN SLEIGH DECORATIONS,1841,250,177,2395.45,1.3227169811320754
23265,SET OF 3 WOODEN TREE DECORATIONS,1650,248,180,2134.96,1.3193076923076923
23266,SET OF 3 WOODEN STOCKING DECORATION,1952,275,201,2514.64,1.3109215017064848
23267,SET OF 4 SANTA PLACE SETTINGS,1110,92,79,1367.34,1.2477894736842106
23268,SET OF 2 CERAMIC CHRISTMAS REINDEER,1614,80,68,1962.78,1.497875
23269,SET OF 2 CERAMIC CHRISTMAS TREES,748,76,63,1065.3999999999999,1.4474025974025975
23270,SET OF 2 CERAMIC PAINTED HEARTS,1247,120,96,1604.1499999999999,1.4317073170731707
23271,CHRISTMAS TABLE CANDLE SILVER SPIKE,16,1,1,13.28,0.83
23271,CHRISTMAS TABLE SILVER CANDLE SPIKE,1603,74,68,1301.05,0.8368421052631578
23272,TREE T-LIGHT HOLDER WILLIE WINKIE,352,35,34,522.7399999999999,1.5637142857142856
23273,HEART T-LIGHT HOLDER WILLIE WINKIE,924,101,88,1527.2399999999998,1.6782352941176468
23274,STAR T-LIGHT HOLDER WILLIE WINKIE,1136,101,85,1865.1599999999999,1.742549019607843
23275,SET OF 3 HANGING OWLS OLLIE BEAK,3536,274,171,4195.76,1.2869503546099292
23280,FOLDING BUTTERFLY MIRROR HOT PINK,1836,129,85,1425.5,0.8349230769230769
23280,FOLDING MIRROR HOT PINK,156,5,5,118.91999999999999,0.808
23281,FOLDING BUTTERFLY MIRROR RED,1252,89,56,961.28,0.8228260869565218
23281,FOLDING MIRROR RED,18,2,2,14.939999999999998,0.83
23282,FOLDING BUTTERFLY MIRROR IVORY,735,100,67,597.78,0.8747058823529411
23282,FOLDING MIRROR IVORY,18,2,2,14.939999999999998,0.83
23283,DOORMAT VINTAGE LEAF,534,123,100,3709.12,8.092357723577235
23283,DOORMAT VINTAGE LEAVES DESIGN,426,88,75,2833.7000000000003,7.66625
23284,DOORMAT KEEP CALM AND COME IN,5113,655,378,34279.6,7.909271623672231
23285,PINK VINTAGE SPOT BEAKER,4677,133,108,4383.13,0.8466165413533834
23286,BLUE VINTAGE SPOT BEAKER,4852,167,126,4486.64,0.8465269461077845
23287,RED VINTAGE SPOT BEAKER,1723,148,115,1402.1499999999999,0.8456666666666667
23288,GREEN VINTAGE SPOT BEAKER,4487,138,107,4246.72,0.8476978417266187
23289,DOLLY GIRL CHILDRENS BOWL,1541,145,111,1839.8500000000001,1.2458904109589042
23290,SPACEBOY CHILDRENS BOWL,2357,176,125,2744.65,1.2420454545454545
23291,DOLLY GIRL CHILDRENS CUP,1538,147,104,1867.64,1.2691216216216217
23292,SPACE BOY CHILDRENS CUP,130,5,5,143.3,1.21
23292,SPACEBOY CHILDRENS CUP,1930,165,112,2316.82,1.2646385542168674
23293,SET OF 12 FAIRY CAKE BAKING CASES,8196,470,323,6430.44,0.8239406779661016
23294,SET OF 6 SNACK LOAF BAKING CASES,4251,295,214,3326.1499999999996,0.8248494983277592
23295,SET OF 12 MINI LOAF BAKING CASES,5944,364,250,4659.84,0.8246486486486486
23296,SET OF 6 TEA TIME BAKING CASES,4850,325,243,5650.900000000001,1.239787234042553
23297,SET 40 HEART SHAPE PETIT FOUR CASES,4234,144,123,6634.099999999999,1.6363013698630136
23298,"BUNTING , SPOTTY",146,7,7,634.7,4.721428571428572
23298,SPOTTY BUNTING,7523,1015,571,35026.740000000005,4.915477582846004
23299,"FOOD COVER WITH BEADS , SET 2 SIZES",3,1,1,11.25,3.75
23299,FOOD COVER WITH BEADS SET 2,969,123,109,3515.17,3.792764227642276
23300,GARDENERS KNEELING PAD CUP OF TEA,6133,642,351,9702.089999999998,1.6649922958397534
23301,GARDENERS KNEELING PAD KEEP CALM,7608,767,405,12294.88,1.663208279430789
23302,KNEELING MAT HOUSEWORK  DESIGN,1437,192,140,1926.4699999999998,1.5763076923076922
23303,SET 4 PICNIC CUTLERY FONDANT,65,6,6,126.75,1.95
23304,SET 4 PICNIC CUTLERY CHERRY,71,9,9,138.45,1.9500000000000002
23305,SET 4 PICNIC CUTLERY BLUEBERRY,82,9,9,159.9,1.9500000000000002
23306,SET OF 36 DOILIES PANTRY DESIGN,2646,197,172,3751.7699999999995,1.4543939393939394
23306,SET OF 36 PANTRY PAPER DOILIES,39,14,14,58.019999999999996,1.5479999999999998
23307,SET OF 60 PANTRY DESIGN CAKE CASES,11573,509,366,5925.990000000001,0.5562571976967371
23308,SET OF 60 VINTAGE LEAF CAKE CASES,5955,305,209,3091.61,0.5637820512820513
23309,SET OF 60 I LOVE LONDON CAKE CASES,7606,298,178,3662.5,0.5686495176848876
23310,BUBBLEGUM RING ASSORTED,11891,213,146,4894.83,0.4292523364485981
23311,VINTAGE CHRISTMAS STOCKING,2190,284,246,5541.299999999999,2.5452961672473866
23312,VINTAGE CHRISTMAS GIFT SACK,1363,194,168,5518.85,4.13989898989899
23313,VINTAGE CHRISTMAS BUNTING,2735,361,254,12895.77,4.951304347826087
23314,VINTAGE CHRISTMAS TABLECLOTH,386,106,87,4576.02,12.440841121495328
23315,IVORY REFECTORY CLOCK,190,77,63,1796.8999999999999,9.80974025974026
23316,RED REFECTORY CLOCK,234,96,75,2202.2999999999997,9.81875
23317,BLUE REFECTORY CLOCK,161,70,56,1547.95,9.872857142857141
23318,BOX OF 6 MINI VINTAGE CRACKERS,3477,336,270,7976.72,2.452836257309942
23319,BOX OF 6 MINI 50'S CRACKERS,3404,371,300,7924.51,2.459709762532982
23320,GIANT 50'S CHRISTMAS CRACKER,2615,312,260,6869.95,2.660094637223975
23321,SMALL WHITE HEART OF WICKER,4223,586,378,6733.749999999999,1.6436666666666666
23322,LARGE WHITE HEART OF WICKER,2829,521,350,7967.650000000001,2.9468500948766603
23323,WHITE WICKER STAR,1419,273,210,2948.4,2.09644128113879
23324,RUSTIC STRAWBERRY JAM POT LARGE,226,35,32,464.33000000000004,2.066857142857143
23324,RUSTIC STRAWBERRY JAMPOT LARGE,120,6,6,238.56,2.0416666666666665
23325,RUSTIC STRAWBERRY JAM POT SMALL,390,30,24,612.3,1.6233333333333333
23325,RUSTIC STRAWBERRY JAMPOT SMALL,36,3,3,59.39999999999999,1.6499999999999997
23326,HANGING MINI COLOURED BOTTLES,3369,55,52,1999.5900000000001,0.6192727272727273
23327,HANGING CLEAR MINI BOTTLE,1702,36,33,1007.3000000000001,0.617027027027027
23328,SET 6 SCHOOL MILK BOTTLES IN CRATE,2055,286,195,7465.65,3.72048275862069
23329,DECORATIVE WICKER HEART LARGE,1698,216,168,2789.7,1.648283261802575
23330,DECORATIVE WICKER HEART MEDIUM,1745,196,158,2173.69,1.2489655172413792
23331,DECORATIVE WICKER HEART SMALL,1492,81,67,932.2800000000001,0.6290697674418605
23332,IVORY WICKER HEART LARGE,1977,268,207,3252.45,1.6485559566787003
23333,IVORY WICKER HEART MEDIUM,1997,217,179,2483.65,1.2481497797356826
23334,IVORY WICKER HEART SMALL,2154,95,83,1345.5,0.6284158415841584
23335,EGG FRYING PAN IVORY,346,83,62,697.6,2.07452380952381
23336,EGG FRYING PAN PINK,199,63,46,415.97,2.1120312500000002
23337,EGG FRYING PAN MINT,169,60,49,351.52000000000004,2.08
23338,EGG FRYING PAN RED,399,92,62,807.84,2.075
23339,EGG FRYING PAN BLUE,150,58,43,312.0,2.08
23340,VINTAGE CHRISTMAS CAKE FRILL,2453,122,112,3879.45,1.645121951219512
23341,PINK DINER WALL CLOCK,281,98,75,2317.1,8.456632653061224
23342,MINT DINER CLOCK,2,1,1,17.0,8.5
23342,MINT DINER WALL CLOCK,362,155,104,3026.0,8.483548387096775
23343,JUMBO BAG VINTAGE CHRISTMAS,4634,392,286,9236.42,2.077
23344,JUMBO BAG 50'S CHRISTMAS,8671,593,391,17149.08,2.0692821368948247
23345,DOLLY GIRL BEAKER,2387,135,101,2745.75,1.2437956204379563
23346,SPACEBOY BEAKER,2561,139,106,2963.25,1.2439716312056739
23347,I LOVE LONDON BEAKER,793,73,51,957.25,1.2477027027027028
23348,CHILDRENS TOY COOKING UTENSIL SET,653,130,95,1315.9,2.069015151515152
23349,ROLL WRAP VINTAGE CHRISTMAS,2835,247,214,3435.39,1.24501976284585
23350,ROLL WRAP VINTAGE SPOT,2572,247,205,3139.4,1.2466798418972334
23351,ROLL WRAP 50'S CHRISTMAS,2970,273,242,3604.14,1.2431768953068592
23352,ROLL WRAP 50'S RED CHRISTMAS,1593,162,151,1961.01,1.2474233128834356
23353,6 GIFT TAGS VINTAGE CHRISTMAS,3714,254,227,3058.8599999999997,0.8295736434108527
23354,6 GIFT TAGS 50'S CHRISTMAS,3295,263,235,2711.0899999999997,0.8295940959409593
23355,HOT WATER BOTTLE KEEP CALM,5265,726,474,24084.15,4.865853658536586
23356,LOVE HOT WATER BOTTLE,2316,451,316,12901.2,5.891431670281996
23357,HOT WATER BOTTLE SEX BOMB,432,88,79,1832.0,4.479213483146068
23358,HOT STUFF HOT WATER BOTTLE,525,68,61,1678.65,3.4423529411764706
23359,SET OF 12 T-LIGHTS VINTAGE DOILEY,61,6,6,118.94999999999999,1.95
23359,SET OF 12 T-LIGHTS VINTAGE DOILY,915,70,67,1715.85,1.9285714285714286
23360,SET 8 CANDLES VINTAGE DOILEY,122,7,7,216.29999999999998,1.907142857142857
23360,SET 8 CANDLES VINTAGE DOILY,1024,100,88,1932.0,1.9441176470588233
23365,SET 12 COLOUR PENCILS LOVE LONDON,1529,128,107,991.45,0.649236641221374
23366,SET 12 COLOUR PENCILS DOILEY,48,3,3,31.200000000000003,0.65
23366,SET 12 COLOURING PENCILS DOILEY,1,1,1,0.65,0.65
23366,SET 12 COLOURING PENCILS DOILY,1870,137,112,1177.1000000000001,0.6492857142857144
23367,SET 12 COLOUR PENCILS SPACEBOY,2762,232,184,1792.9,0.6495744680851064
23368,SET 12 COLOUR PENCILS DOLLY GIRL,2146,180,134,1392.5,0.6494565217391305
23369,SET 36 COLOUR PENCILS LOVE LONDON,901,95,80,1053.29,1.2441836734693879
23370,SET 36 COLOUR PENCILS DOILEY,64,3,3,80.0,1.25
23370,SET 36 COLOURING PENCILS DOILEY,1,1,1,1.25,1.25
23370,SET 36 COLOURING PENCILS DOILY,1288,103,84,1561.3600000000001,1.2463809523809524
23371,SET 36 COLOUR PENCILS SPACEBOY,1498,133,98,1775.22,1.2443283582089553
23372,SET 36 COLOUR PENCILS DOLLY GIRL,1278,100,76,1500.22,1.2426923076923078
23373,VINTAGE CHRISTMAS PAPER GIFT BAG,1563,88,86,1241.6599999999999,0.8177272727272726
23374,RED SPOT PAPER GIFT BAG,2428,125,108,1930.9599999999998,0.8175999999999999
23375,50'S CHRISTMAS PAPER GIFT BAG,1316,89,85,1059.12,0.8188764044943819
23376,PACK OF 12 VINTAGE CHRISTMAS TISSUE,2606,114,104,986.1,0.389406779661017
23377,PACK OF 12 DOLLY GIRL TISSUES,1192,81,69,464.88,0.39
23378,PACK OF 12 50'S CHRISTMAS TISSUES,3413,144,127,1270.59,0.3890728476821192
23379,PACK OF 12 RED APPLE TISSUES,1175,50,49,428.01,0.38862745098039214
23380,PACK OF 12 DOILEY TISSUES,72,2,2,28.08,0.39
23380,PACK OF 12 VINTAGE DOILY TISSUES,2051,94,85,769.65,0.3892708333333334
23381,PACK OF 12 VINTAGE LEAF TISSUES,1474,64,59,544.62,0.3889230769230769
23382,BOX OF 6 CHRISTMAS CAKE DECORATIONS,1695,166,136,6091.29,3.711437125748503
23388,WOODLAND MINI BACKPACK,784,133,114,3133.6000000000004,4.1379699248120305
23388,WOODLAND MINI RUCKSACK,5,2,2,20.75,4.15
23389,SPACEBOY MINI BACKPACK,1028,202,157,4126.2,4.142156862745098
23389,SPACEBOY MINI RUCKSACK,13,4,4,53.95,4.15
23390,DOLLY GIRL MINI BACKPACK,712,145,116,2834.8,4.13918918918919
23390,DOLLY GIRL MINI RUCKSACK,8,2,2,33.2,4.15
23391,I LOVE LONDON MINI BACKPACK,359,68,58,1449.8500000000001,4.138405797101449
23391,I LOVE LONDON MINI RUCKSACK,1,1,1,4.15,4.15
23392,SPACEBOY ROCKET LOLLY MAKERS,563,79,70,1115.3600000000001,2.07275
23393,HOME SWEET HOME CUSHION COVER,742,207,165,2782.5,3.75
23394,POSTE FRANCE CUSHION COVER,392,119,90,1470.0,3.75
23395,BELLE JARDINIERE CUSHION COVER,676,180,141,2529.48,3.7474585635359112
23396,BUTTERFLY CUSHION COVER,8,2,2,30.0,3.75
23396,LA JARDIN BOTANIQUE CUSHION COVER,80,23,23,300.0,3.75
23396,LE JARDIN BOTANIQUE CUSHION COVER,517,140,114,1933.23,3.7468275862068965
23397,FOOT STOOL HOME SWEET HOME,428,181,139,4010.2,9.850552486187844
23398,HANGING HEART BONHEUR,586,58,53,494.97999999999996,0.8479687499999999
23399,HOME SWEET HOME HANGING HEART,1815,176,146,1539.6299999999999,0.8492972972972973
23400,SHELF WITH 4 HOOKS HOME SWEET HOME,446,96,76,2234.86,6.154329896907217
23401,RUSTIC MIRROR WITH LACE HEART,440,73,59,2136.76,6.09958904109589
23402,HOME SWEEET HOME 3 PEG HANGER,25,4,4,93.75,3.75
23402,HOME SWEET HOME 3 PEG HANGER,255,51,44,934.1700000000001,3.7409803921568625
23403,LETTER HOLDER HOME SWEET HOME,592,113,80,1969.06,3.707894736842105
23404,HOME SWEET HOME BLACKBOARD,940,150,104,3965.03,4.871733333333333
23405,HOME SWEET HOME 2 DRAWER CABINET,234,58,54,1123.1000000000001,4.909322033898306
23406,HOME SWEET HOME KEY HOLDER,431,96,65,2129.79,6.144583333333333
23407,SET OF 2 TRAYS HOME SWEET HOME,244,122,103,2367.02,9.845365853658537
23408,PHOTO FRAME LINEN AND LACE SMALL,296,62,53,615.6800000000001,2.08
23409,PHOTO FRAME LINEN AND LACE LARGE,201,43,39,745.47,3.728604651162791
23410,CURIO CABINET LINEN AND LACE,35,19,16,281.95,8.034210526315789
23411,TRELLIS COAT RACK,216,47,42,1011.6000000000001,4.916666666666667
23412,HEART MIRROR ANTIQUE WHITE,349,72,64,2254.14,7.396027397260274
23413,DECORATIVE VINTAGE COFFEE  BOX,44,16,13,208.20000000000002,4.9
23413,DECROTIVEVINTAGE COFFEE GRINDER BOX,10,4,4,49.5,4.95
23413,VINTAGE COFFEE GRINDER BOX,90,24,20,435.90000000000003,4.8500000000000005
23414,ZINC BOX SIGN HOME,135,63,58,1308.2099999999998,9.903650793650792
23415,HOME SWEET HOME HOOK,321,46,42,397.34999999999997,1.376086956521739
23416,CHAMBRE HOOK,123,18,18,155.06999999999996,1.16
23417,BATHROOM HOOK,140,21,21,137.76,1.1345454545454545
23418,LAVENDER TOILETTE BOTTLE,533,60,55,1066.88,2.0655
23419,HOME SWEET HOME BOTTLE,436,62,56,892.96,2.0753225806451616
23420,PANTRY HOOK TEA STRAINER,159,28,26,330.72,2.08
23421,PANTRY HOOK SPATULA,152,26,24,316.16,2.08
23422,PANTRY HOOK BALLOON WHISK,196,31,29,407.68,2.08
23423,PANTRY 3 HOOK ROLLING PIN HANGER,197,54,47,738.75,3.75
23424,GINGHAM RECIPE BOOK BOX,408,104,87,1962.0,4.926923076923076
23425,STORAGE TIN HOME SWEET HOME,230,38,35,418.00000000000006,2.087368421052632
23426,METAL SIGN DROP YOUR PANTS,1224,172,126,3169.44,2.854655172413793
23427,STOOL HOME SWEET HOME,225,108,87,2613.0,12.288073394495413
23428,IVORY RETRO KITCHEN WALL CLOCK,68,27,25,543.2,8.10925925925926
23429,RED RETRO KITCHEN WALL CLOCK,44,20,19,358.6,8.15
23430,BLUE RETRO KITCHEN WALL CLOCK,35,17,16,285.25,8.15
23431,NATURAL HANGING QUILTED HEARTS,1411,70,63,1099.85,0.8254166666666667
23432,PRETTY HANGING QUILTED HEARTS,1272,70,65,1045.1999999999998,0.8268571428571428
23433,HANGING QUILTED PATCHWORK APPLES,1168,85,76,964.16,0.8287058823529412
23434,3 RAFFIA RIBBONS 50'S CHRISTMAS,1772,135,129,1616.6000000000001,0.9038235294117647
23435,3 RAFFIA RIBBONS VINTAGE CHRISTMAS,676,44,40,606.28,0.9072727272727273
23436,GIFT BAG LARGE VINTAGE CHRISTMAS,148,9,9,185.0,1.25
23436,VINTAGE CHRISTMAS GIFT BAG LARGE,1766,85,82,2047.9,1.2401176470588235
23437,50'S CHRISTMAS GIFT BAG LARGE,1883,110,106,2269.75,1.248090909090909
23437,GIFT BAG LARGE 50'S CHRISTMAS,24,2,2,30.0,1.25
23438,GIFT BAG LARGE SPOT,96,6,6,120.0,1.25
23438,RED SPOT GIFT BAG LARGE,1686,92,82,2023.5,1.247717391304348
23439,HAND WARMER RED LOVE HEART,3721,371,268,7574.1,2.0941709844559586
23440,PAINT YOUR OWN EGGS IN CRATE,164,5,5,299.36,2.022
23441,HAND PAINTED HANGING EASTER EGG,22,3,3,9.24,0.42
23442,12 HANGING EGGS HAND PAINTED,40,7,7,83.2,2.08
23444,Next Day Carriage,78,80,63,1185.0,15.1875
23445,ICE CREAM BUBBLES,2627,95,81,2114.41,0.8265625
23446,BLUE BUNNY EASTER EGG BASKET,157,3,3,230.24999999999997,1.5833333333333333
23447,PINK BUNNY EASTER EGG BASKET,158,4,4,231.89999999999998,1.5999999999999999
23448,CREAM BUNNY EASTER EGG BASKET,25,3,3,41.24999999999999,1.6499999999999997
23449,SET OF 6 EASTER RAINBOW CHICKS,12,1,1,15.0,1.25
23451,SQUARE MINI PORTRAIT FRAME,268,44,38,519.0,1.9433333333333334
23452,HEART MINI PORTRAIT FRAME,509,82,69,988.9499999999999,1.946341463414634
23453,OVAL  MINI PORTRAIT FRAME,315,46,40,611.85,1.9437499999999999
23454,SET OF 3 MINI HANGING PORTRAITS,32,2,2,123.2,3.95
23454,THREE MINI HANGING FRAMES,127,45,39,527.0500000000001,4.15
23455,SMALL PARLOUR FRAME,42,2,2,106.98000000000002,2.6900000000000004
23455,SMALL PARLOUR PICTURE FRAME,164,32,30,459.56,2.877878787878788
23456,MEDIUM PARLOUR FRAME,22,2,2,84.1,3.95
23456,MEDIUM PARLOUR PICTURE FRAME,134,35,31,541.7,4.127142857142857
23457,LARGE PARLOUR FRAME,27,2,2,122.85,4.725
23457,LARGE PARLOUR PICTURE FRAME,77,27,25,375.75,4.933333333333334
23458,DOLLY CABINET 3 DRAWERS,46,34,30,687.6999999999999,14.95
23459,DOLLY CABINET 2 DRAWERS,30,21,19,375.0,12.5
23460,SWEETHEART WALL TIDY,103,47,41,957.3299999999999,9.905106382978722
23461,SWEETHEART BIRD HOUSE,825,84,75,2891.95,4.136111111111112
23462,ROCOCO WALL MIROR,2,1,1,39.9,19.95
23462,ROCOCO WALL MIRROR WHITE,57,55,43,1092.1499999999999,19.73181818181818
23463,VINTAGE ZINC WATERING CAN,12,7,7,119.39999999999999,9.95
23464,VINTAGE ZINC WATERING CAN SMALL,16,6,6,79.2,4.95
23465,TUSCAN VILLA BIRD FEEDER,16,8,8,132.0,8.25
23465,TUSCAN VILLA FEEDING STATION,12,7,7,99.0,8.25
23466,TUSCAN VILLA DOVECOTE,12,4,4,99.0,8.25
23466,TUSCAN VILLA DOVECOTE BIRD FEEDER,36,18,18,291.0,8.208333333333334
23467,VINTAGE ZINC PLANTER,23,5,5,75.67,3.29
23468,TUSCAN VILLA BIRD TABLE,19,11,11,156.75,8.25
23469,CARD HOLDER LOVE BIRD SMALL,316,65,61,1239.16,4.123538461538462
23470,CARD HOLDER LOVE BIRD LARGE,208,83,70,1252.7,6.198192771084338
23471,SIX DRAWER OFFICE TIDY,64,26,26,596.0,9.753846153846153
23472,NINE DRAWER OFFICE TIDY,54,30,29,777.9,14.786666666666665
23473,WOODLAND SMALL RED FELT HEART,665,43,41,530.8299999999999,0.8274418604651163
23474,WOODLAND SMALL BLUE FELT HEART,297,27,26,246.51,0.83
23475,WOODLAND SMALL PINK FELT HEART,280,26,25,232.39999999999998,0.83
23476,WOODLAND LARGE RED FELT HEART,198,18,18,247.5,1.25
23477,WOODLAND LARGE BLUE FELT HEART,85,8,8,106.25,1.25
23478,WOODLAND LARGE PINK FELT HEART,278,10,9,307.18,1.2289999999999999
23479,WIRE EGG BASKET,109,40,35,819.65,7.775
23480,MINI LIGHTS WOODLAND MUSHROOMS,1698,175,143,6050.49,3.7033519553072622
23481,PEARLISED IVORY HEART SMALL,217,27,23,266.21,1.2429999999999999
23482,PEARLISED IVORY HEART LARGE,415,36,32,651.15,1.6388888888888888
23483,HANGING  BUTTERFLY T-LIGHT HOLDER,1300,69,57,1515.3799999999999,1.226
23484,HEART TRELLIS TRIPLE T-LIGHT HOLDER,118,20,20,331.42,2.870952380952381
23484,HEART TRELLISTRIPLE T-LIGHT HOLDER,56,5,5,152.24,2.81
23485,BOTANICAL GARDENS WALL CLOCK,241,93,70,5311.6,24.003225806451614
23486,ANTIQUE HEART SHELF UNIT,254,74,64,3679.5,16.406756756756756
23487,SWEET HEART CAKE CARRIER,69,48,41,664.4499999999999,9.879166666666666
23489,"GARLAND, VINTAGE BELLS",92,10,10,265.88,2.89
23489,VINTAGE BELLS GARLAND,784,127,116,2246.56,2.886992481203008
23490,T-LIGHT HOLDER HANGING LOVE BIRD,530,96,83,1954.38,3.7404166666666665
23491,VINTAGE JINGLE BELLS HEART,225,77,64,1856.25,8.25
23492,VINTAGE JINGLE BELLS WREATH,74,26,24,610.5,8.25
23493,VINTAGE DOILY TRAVEL SEWING KIT,3510,352,282,6724.8,1.9475069252077561
23494,VINTAGE DOILY DELUXE SEWING KIT,657,187,145,3808.15,5.93404255319149
23495,SET OF 3 PANTRY WOODEN SPOONS,192,24,21,240.0,1.25
23496,PANTRY KITCHEN THERMOMETER,88,22,21,110.0,1.25
23497,CLASSIC CHROME BICYCLE BELL,2439,171,149,3413.95,1.4393749999999998
23497,CLASSIC CROME BICYCLE BELL,60,2,2,77.4,1.35
23498,CLASSIC BICYCLE CLIPS,1587,86,77,2200.15,1.4402247191011237
23499,SET 12 VINTAGE DOILY CHALK,1244,93,86,522.48,0.42
23500,KEY RING BASEBALL BOOT ASSORTED,1580,84,76,1928.8,1.2428409090909092
23501,KEY RING BASEBALL BOOT UNION JACK,1770,85,77,2103.3,1.2379310344827588
23502,PLAYING CARDS VINTAGE DOILEY,13,2,2,16.25,1.25
23502,PLAYING CARDS VINTAGE DOILY,677,85,78,822.73,1.2451162790697674
23503,PLAYING CARDS KEEP CALM & CARRY ON,3430,329,284,4240.46,1.248125
23504,PLAYING CARDS JUBILEE UNION JACK,1661,190,164,2073.73,1.2489447236180904
23505,PLAYING CARDS I LOVE LONDON,1058,104,93,1238.5,1.2420754716981133
23506,MINI PLAYING CARDS SPACEBOY,2694,127,114,1106.28,0.41909090909090907
23507,MINI PLAYING CARDS BUFFALO BILL,2839,101,91,1128.18,0.41834862385321103
23508,MINI PLAYING CARDS DOLLY GIRL,2470,107,95,1012.2,0.41895652173913045
23509,MINI PLAYING CARDS FUN FAIR,1040,54,51,433.2,0.4178181818181818
23510,MINI PLAYING CARDS GYMKHANA,2297,95,90,901.74,0.41879999999999995
23511,EMBROIDERED RIBBON REEL EMILY,519,86,83,1036.02,2.0733333333333333
23512,EMBROIDERED RIBBON REEL ROSIE,484,49,46,921.46,2.0622448979591836
23513,EMBROIDERED RIBBON REEL SUSIE,550,63,59,1060.48,2.070793650793651
23514,EMBROIDERED RIBBON REEL SALLY,452,63,57,896.66,2.070793650793651
23515,EMBROIDERED RIBBON REEL DAISY,558,59,58,1075.3799999999999,2.0655
23516,EMBROIDERED RIBBON REEL SOPHIE,291,40,39,1025.01,3.7280952380952384
23517,EMBROIDERED RIBBON REEL REBECCA,312,51,50,860.88,2.8743137254901963
23518,EMBROIDERED RIBBON REEL RACHEL,351,42,40,937.59,2.870952380952381
23519,EMBROIDERED RIBBON REEL CLAIRE,219,19,18,755.01,3.701578947368421
23520,EMBROIDERED RIBBON REEL RUBY,165,30,30,585.63,3.734666666666667
23521,CAT AND BIRD WALL ART,270,4,3,323.64,2.005
23521,WALL ART CAT AND BIRD,118,18,18,324.98,2.7544444444444447
23522,DOG AND BALL WALL ART,252,4,3,425.87999999999994,2.26
23522,WALL ART DOG AND BALL,89,17,17,226.29000000000002,2.6500000000000004
23523,TREASURE AHOY WALL ART,270,16,15,833.46,3.585
23523,WALL ART TREASURE AHOY,81,23,22,295.47,3.71
23524,HORSE & PONY WALL ART,256,17,16,797.3100000000001,3.594705882352941
23524,WALL ART HORSE & PONY,203,35,28,622.1700000000001,3.6925714285714286
23525,BUFFALO BILL WALL ART,246,15,15,845.22,3.6886666666666668
23525,WALL ART BUFFALO BILL,315,30,25,910.1700000000001,3.646333333333333
23526,DOG LICENCE WALL ART,408,29,28,2081.64,5.745172413793104
23526,WALL ART DOG LICENCE,458,64,59,2169.98,5.849692307692308
23527,ANIMALS AND NATURE WALL ART,267,17,16,923.97,3.6958823529411764
23527,WALL ART ANIMALS AND NATURE,141,28,26,444.75,3.6782142857142857
23528,SPACEBOY WALL ART,306,13,12,885.9000000000001,3.582307692307692
23528,WALL ART SPACEBOY,156,21,20,495.48,3.654285714285714
23529,DOLLY GIRL WALL ART,318,11,10,1055.94,3.6090909090909093
23529,WALL ART DOLLY GIRL,311,19,18,896.3700000000001,3.6110526315789473
23530,WALL ART ONLY ONE PERSON,1031,73,59,4211.55,4.749178082191781
23530,"WALL ART,ONLY ONE PERSON",6,1,1,29.700000000000003,4.95
23531,WALL ART BIG LOVE,960,97,77,5319.36,6.744897959183674
23532,WALL ART WORK REST AND PLAY,205,26,23,853.47,4.470769230769231
23533,WALL ART GARDEN HAVEN,210,31,27,936.34,5.151935483870968
23534,STOP FOR TEA WALL ART,518,41,40,2572.7,5.775853658536586
23534,WALL ART STOP FOR TEA,681,154,132,3706.53,5.909807692307693
23535,BICYCLE SAFTEY WALL ART,458,39,38,2371.94,5.782307692307692
23535,WALL ART BICYCLE SAFETY,643,121,102,3406.57,5.89655737704918
23535,WALL ART BICYCLE SAFTEY,21,3,3,114.15,5.75
23536,VILLAGE SHOW WALL ART,386,18,17,2072.42,5.735555555555556
23536,WALL ART VILLAGE SHOW,223,57,54,1177.8100000000002,5.913684210526315
23537,I LOVE LONDON WALL ART,12,2,2,59.400000000000006,4.95
23537,WALL ART I LOVE LONDON,86,19,18,387.3,4.8236842105263165
23538,WALL ART VINTAGE HEART,326,27,25,1273.92,4.78925925925926
23539,"WALL ART , LOVES' SECRET",8,2,2,47.6,5.95
23539,WALL ART LOVES' SECRET,229,33,31,1082.1100000000001,5.788181818181818
23540,"WALL ART , THE MAGIC FOREST",2,1,1,13.9,6.95
23540,WALL ART THE MAGIC FOREST,144,9,8,876.64,6.052222222222222
23541,"WALL ART ,PUDDINGS",8,2,2,61.2,7.85
23541,WALL ART CLASSIC PUDDINGS,819,119,96,6076.99,8.116050420168067
23542,70'S ALPHABET WALL ART,150,15,14,1043.1,7.986
23542,WALL ART 70'S ALPHABET,328,58,45,2350.88,8.05793103448276
23543,KEEP CALM WALL ART,269,20,19,2015.97,7.9465
23543,WALL ART KEEP CALM,958,74,64,4853.5,7.835921052631579
23544,WALL ART MID CENTURY MODERN,163,21,17,1007.53,7.557619047619048
23545,WRAP RED DOILEY,375,15,15,157.5,0.42
23545,WRAP RED VINTAGE DOILY,2100,68,63,866.0,0.41884057971014493
23546,WRAP PAISLEY PARK,3250,120,106,1365.0,0.42
23547,WRAP FLOWER SHOP,1575,62,57,661.5,0.42
23548,WRAP MAGIC FOREST,1075,43,42,451.5,0.42
23549,WRAP BIRD GARDEN,1300,51,46,546.0,0.42
23550,WRAP ALPHABET POSTER,1850,63,60,761.0,0.41873015873015873
23551,PACK OF 12 PAISLEY PARK TISSUES,1614,95,88,629.4599999999999,0.38999999999999996
23552,BICYCLE PUNCTURE REPAIR KIT,1730,103,93,3336.7200000000003,2.062181818181818
23553,LANDMARK FRAME CAMDEN TOWN,557,62,50,6244.85,12.375
23554,LANDMARK FRAME OXFORD STREET,419,54,49,4730.65,12.385185185185184
23555,LANDMARK FRAME NOTTING HILL,419,48,45,4730.65,12.405102040816328
23556,LANDMARK FRAME COVENT GARDEN,434,53,46,4899.55,12.383018867924527
23557,LANDMARK FRAME BAKER STREET,347,29,25,3867.85,12.39310344827586
23558,LANDMARK FRAME LONDON BRIDGE,410,47,43,4604.2,12.401063829787235
23559,WOODLAND BUNNIES LOLLY MAKERS,563,75,69,1129.28,2.0722666666666667
23560,SET OF 6 RIBBONS COUNTRY STYLE,163,20,20,447.07,2.87
23561,SET OF 6 RIBBONS PARTY,167,13,13,458.63,2.8592307692307695
23562,SET OF 6 RIBBONS PERFECTLY PRETTY,243,37,37,678.27,2.8791891891891894
23564,EGG CUP MILKMAID INGRID,587,42,39,703.51,1.2449999999999999
23565,EGG CUP MILKMAID HELGA,343,33,28,428.75,1.25
23566,EGG CUP MILKMAID HEIDI,780,47,44,914.52,1.241063829787234
23567,EGG CUP HENRIETTA HEN PINK,186,19,15,232.5,1.25
23568,EGG CUP HENRIETTA HEN CREAM,579,29,24,663.27,1.2355172413793103
23569,TRADTIONAL ALPHABET STAMP SET,924,175,152,4487.400000000001,4.945530726256983
23570,TRADITIONAL PICK UP STICKS GAME,1836,231,203,2295.0,1.25
23571,TRADITIONAL NAUGHTS & CROSSES,2018,216,195,3300.8999999999996,1.6490950226244343
23574,PACKING CHARGE,12,16,9,90.0,7.5
23575,SNACK TRAY PAISLEY PARK,164,22,22,305.4,1.9375
23576,SNACK TRAY RED VINTAGE DOILY,185,29,28,346.34999999999997,1.94
23578,SNACK TRAY RED GINGHAM,56,11,11,109.2,1.95
23579,SNACK TRAY I LOVE LONDON,149,24,22,276.15,1.9375
23580,SNACK TRAY HAPPY FOREST,110,21,20,214.5,1.9499999999999997
23581,JUMBO BAG PAISLEY PARK,4236,306,230,8273.28,2.058562300319489
23582,VINTAGE DOILY JUMBO BAG RED,4313,237,186,8285.54,2.0653333333333332
23583,LUNCH BAG PAISLEY PARK,3295,299,233,5234.75,1.6447712418300653
23597,PAPER BUNTING PAISLEY PARK,240,29,28,644.0,2.9086206896551725
23598,PAPER BUNTING VINTAGE PARTY,420,42,40,1175.0,2.930952380952381
23630,SET 10 CARDS HANGING BAUBLES 17080,0,2,1,0.0,2.99
23660,HENRIETTA HEN MUG,277,35,30,457.04999999999995,1.65
23661,MILK MAIDS MUG,184,27,23,303.59999999999997,1.65
23664,FLOWER SHOP DESIGN MUG,1,1,1,1.65,1.65
23681,LUNCH BAG RED VINTAGE DOILY,1547,118,105,2432.55,1.6415966386554621
23691,KEEP CALM BIRTHDAY WRAP,50,2,2,21.0,0.42
23691,WRAP KEEP CALM BIRTHDAY,1125,36,34,460.5,0.4183333333333333
23692,WRAP A PRETTY THANK YOU,50,2,2,21.0,0.42
23694,PAISLEY PARK CARD,348,24,23,141.84,0.4175
23695,DOILY THANK YOU CARD,703,44,41,286.62,0.41727272727272724
23697,A PRETTY THANK YOU CARD,438,26,26,179.64,0.41777777777777775
23702,High Resolution Image,4,3,3,27.0,8.5
23843,"PAPER CRAFT , LITTLE BIRDIE",0,2,1,0.0,2.08
35001G,HAND OPEN SHAPE GOLD,156,24,23,506.58,3.602692307692308
35001W,HAND OPEN SHAPE DECO.WHITE,91,6,5,266.53000000000003,3.151666666666667
35004B,SET OF 3 BLACK FLYING DUCKS,445,55,32,2114.35,4.981578947368421
35004C,SET OF 3 COLOURED  FLYING DUCKS,357,46,28,1712.0500000000002,5.171739130434783
35004G,SET OF 3 GOLD FLYING DUCKS,124,21,17,444.4,5.140476190476191
35004P,SET OF 3 PINK FLYING DUCKS,1,1,1,5.45,5.45
35095A,BLUE VICTORIAN FABRIC OVAL BOX,811,34,29,293.82,0.41617647058823526
35095B,RED VICTORIAN FABRIC OVAL BOX,772,41,36,277.44,0.4168292682926829
35241,ENAMEL BLUE RIM BISCUIT BIN,89,30,27,413.95000000000005,4.786666666666666
35265,COLOURFUL FLOWER FRUIT BOWL,16,11,11,50.25,2.3181818181818183
35271S,GOLD PRINT PAPER BAG,19,2,2,3.6100000000000003,0.19
35400,WOODEN BOX ADVENT CALENDAR,-6,13,13,-45.7,8.796153846153846
35443,RASTA IN BATH W SPLIFF ASHTRAY,7,5,5,5.949999999999999,0.85
35471D,SET OF 3 BIRD LIGHT PINK FEATHER,1652,139,115,687.5,0.48537414965986403
35591T,TURQUOISE CHRISTMAS TREE,5,4,4,6.25,1.25
35597A,DUSTY PINK CHRISTMAS TREE 30CM,1,1,1,1.25,1.25
35597B,BLACKCHRISTMAS TREE 30CM,1,1,1,1.25,1.25
35597D,PINK/WHITE CHRISTMAS TREE 30CM,46,2,2,17.48,0.38
35598A,DUSTY PINK CHRISTMAS TREE 60CM,9,2,2,26.550000000000004,2.95
35598B,BLACK CHRISTMAS TREE 60CM,554,22,20,433.70000000000005,1.2772727272727273
35598C,WHITE CHRISTMAS TREE 60CM,2,2,2,5.9,2.95
35598D,PINK/WHITE CHRISTMAS TREE 60CM,659,25,24,432.57,0.7464
35599B,BLACK CHRISTMAS TREE 120CM,209,23,19,503.85,3.033478260869565
35599D,PINK AND WHITE CHRISTMAS TREE 120CM,186,19,17,465.38,2.573157894736842
35607A,PINK FLUFFY CHRISTMAS DECORATION,24,1,1,4.5600000000000005,0.19
35607B,BLACK FEATHER CHRISTMAS DECORATION,96,7,7,18.240000000000002,0.19
35610A,PINK CHRISTMAS FLOCK DROPLET,8,1,1,10.0,1.25
35610B,BLACK CHRISTMAS FLOCK DROPLET,24,1,1,30.0,1.25
35610C,WHITE CHRISTMAS FLOCK DROPLET,24,1,1,30.0,1.25
35637A,IVORY STRING CURTAIN WITH POLE,166,24,23,363.7,2.6166666666666667
35637C,PINK STRING CURTAIN WITH POLE,28,7,7,62.6,2.5214285714285714
35638A,PINK AND BLACK STRING CURTAIN,38,5,5,82.1,3.55
35638B,PINK/BLUE STRING CURTAIN,56,4,4,109.2,1.95
35645,VINTAGE BEAD PINK JEWEL BOX,4,3,2,17.0,4.25
35646,VINTAGE BEAD PINK EVENING BAG,513,44,32,668.88,1.4330434782608696
35647,VINTAGE BEAD PINK SHADE,13,2,2,16.25,1.25
35648,VINTAGE BEAD PINK PURSE,787,62,40,754.01,0.9899999999999999
35649,VINTAGE BEAD COSMETIC BAG,16,6,5,51.82,3.095714285714286
35650,VINTAGE BEAD PINK JEWEL STAND,1,1,1,4.95,4.95
35651,VINTAGE BEAD PINK SCARF,318,34,29,537.3,1.8299999999999998
35653,VINTAGE BEAD NOTEBOOK,47,17,11,138.65,2.95
35809A,ENAMEL PINK TEA CONTAINER,388,40,37,374.10999999999996,1.1087804878048781
35809B,ENAMEL BLUE RIM TEA CONTAINER,8,3,3,9.18,1.6766666666666667
35810A,ENAMEL PINK COFFEE CONTAINER,602,52,46,545.38,1.021698113207547
35810B,ENAMEL BLUE RIM COFFEE CONTAINER,134,23,18,144.23999999999998,1.161304347826087
35815P,"ACRYLIC JEWEL SNOWFLAKE, PINK",162,5,5,63.28000000000001,0.724
35816P,"ACRYLIC JEWEL ANGEL,PINK",78,2,2,29.64,0.38
35817P,"ACRYLIC JEWEL SNOWFLAKE,PINK",6,1,1,15.299999999999999,2.55
35817P,PINK ACRYLIC JEWEL SNOWFLAKE,12,1,1,4.5600000000000005,0.38
35818B,"ACRYLIC JEWEL ICICLE, BLUE",31,3,3,11.780000000000001,0.38000000000000006
35818P,"ACRYLIC JEWEL ICICLE, PINK",261,17,15,99.18,0.38
35819B,"ACRYLIC HANGING JEWEL,BLUE",266,22,19,101.08,0.38
35819P,"ACRYLIC HANGING JEWEL,PINK",95,7,7,66.55,0.5042857142857143
35832,WOOLLY HAT SOCK GLOVE ADVENT STRING,-1,1,1,-2.95,2.95
35833P,4 PINK FLOCK CHRISTMAS BALLS,36,11,8,45.0,1.25
35909A,RABBIT EASTER DECORATION,8,3,3,23.6,2.9500000000000006
35909B,PINK FLOWERS RABBIT EASTER,8,2,2,23.6,2.95
35910A,MULTICOLOUR EASTER RABBIT,20,4,4,39.0,1.95
35910B,PINK FLOWERS RABBIT EASTER,13,3,3,25.349999999999998,1.95
35911A,MULTICOLOUR RABBIT EGG WARMER,205,25,23,194.14999999999998,1.0984
35911B,PINK/FLOWER RABBIT EGG WARMER,17,4,4,35.7,2.1
35912B,WHITE/PINK CHICK DECORATION,249,18,15,283.89,1.228888888888889
35913B,WHITE/PINK CHICK EASTER DECORATION,34,9,8,28.9,0.85
35914,PINK CHICK EGG WARMER + EGG CUP,135,18,16,162.25,1.2666666666666666
35915B,BLUE KNITTED HEN,91,14,14,150.14999999999998,1.65
35915C,PEACH KNITTED HEN,49,8,8,80.85,1.65
35916A,YELLOW FELT HANGING HEART W FLOWER,20,3,3,17.0,0.85
35916B,BLUE FELT HANGING HEART WITH FLOWER,6,1,1,5.1,0.85
35916C,PINK FELT HANGING HEART W FLOWER,54,5,5,45.9,0.85
35920,FOUR RABBIT EASTER DECORATIONS,67,11,11,83.75,1.25
35921,EASTER BUNNY HANGING GARLAND,53,12,10,66.25,1.25
35922,EASTER BUNNY WREATH,28,10,10,138.6,4.95
35923,CANDY HEART HANGING DECORATION,1264,42,30,631.32,0.4811627906976744
35924,HANGING FAIRY CAKE DECORATION,545,36,25,959.5899999999999,1.9597368421052632
35933,PINK STOCKING CHRISTMAS DECORATION,222,16,15,84.36,0.38
35953,FOLKART STAR CHRISTMAS DECORATIONS,2992,86,81,1251.1599999999999,0.4962921348314607
35954,SMALL FOLKART STAR CHRISTMAS DEC,1076,32,30,244.23000000000002,0.2596969696969697
35957,SMALLFOLKART BAUBLE CHRISTMAS DEC,462,8,7,127.80000000000001,0.305
35958,FOLKART ZINC STAR CHRISTMAS DEC,12,3,3,10.2,0.85
35961,FOLKART ZINC HEART CHRISTMAS DEC,2678,154,117,2126.54,0.8467088607594937
35964,FOLKART CLIP ON STARS,621,37,34,245.61,0.43500000000000005
35965,FOLKART HEART NAPKIN RINGS,157,29,22,162.91,1.3858620689655174
35966,FOLKART CHRISTMAS TREE T-LIGHT HOLD,27,2,2,10.260000000000002,0.38
35967,FOLK ART METAL STAR T-LIGHT HOLDER,381,29,24,150.54000000000002,0.39655172413793105
35968,FOLK ART METAL HEART T-LIGHT HOLDER,145,18,14,52.760000000000005,0.37
35970,ZINC FOLKART SLEIGH BELLS,4554,345,270,7510.14,1.7343428571428572
35971,ROSE FOLKART HEART DECORATIONS,406,55,39,483.39,1.4025862068965516
35972,DAISY FOLKART HEART DECORATION,96,16,14,120.0,1.25
37327,ASSTD MULTICOLOUR CIRCLES MUG,1370,46,36,546.42,0.4189583333333333
37330,BIG POLKADOT MUG,6,1,1,2.34,0.39
37333,"RETRO ""TEA FOR ONE""",14,11,9,54.3,3.5863636363636364
37340,MULTICOLOUR SPRING FLOWER MUG,2039,65,59,802.5699999999999,0.40393939393939393
37342,POLKADOT COFFEE CUP & SAUCER PINK,1379,66,50,1096.6100000000001,0.7962686567164179
37343,POLKADOT MUG PINK,62,8,8,89.69999999999999,1.4925
37351,ORANGE FLOWER MUG,4,1,1,1.56,0.39
37370,RETRO COFFEE MUGS ASSORTED,2481,118,73,2801.48,1.232314049586777
37379A,PINK CHERRY BLOSSOM CUP & SAUCER,6,1,1,7.5,1.25
37413,ICON MUG REVOLUTIONARY,701,79,52,283.71,0.4112345679012346
37423,WHITE WITH BLACK CATS PLATE,78,3,3,33.18,0.5433333333333333
37444A,YELLOW BREAKFAST CUP AND SAUCER,47,14,9,31.130000000000003,0.9385714285714286
37444B,BLUE BREAKFAST CUP AND SAUCER,4,3,2,11.8,2.9500000000000006
37444C,PINK BREAKFAST CUP AND SAUCER,19,7,5,30.45,1.487142857142857
37446,MINI CAKE STAND WITH HANGING CAKES,1221,160,94,1676.05,1.426969696969697
37447,CERAMIC CAKE DESIGN SPOTTED PLATE,740,82,51,1081.0,1.4782926829268292
37448,CERAMIC CAKE DESIGN SPOTTED MUG,1354,166,78,1968.5,1.4828994082840237
37449,CERAMIC CAKE STAND + HANGING CAKES,511,177,109,4628.13,9.709265536723164
37450,CERAMIC CAKE BOWL + HANGING CAKES,629,110,47,1735.95,2.882142857142857
37461,FUNKY MONKEY MUG,1,1,1,1.25,1.25
37462E,"PET MUG, GOLDFISH",27,4,4,5.59,0.2475
37464,ROBOT MUG IN DISPLAY BOX,3,2,2,3.75,1.25
37467,PIG MUG IN TWO COLOUR DESIGNS,128,11,11,60.04,0.5154545454545455
37468,HARDMAN MUG 3 ASSORTED,63,12,11,24.57,0.38999999999999996
37471,MULTICOLOUR POLKADOT PLATE,12,1,1,10.2,0.85
37475,SET/4 COLOURFUL MIXING BOWLS,56,29,27,522.16,9.748620689655171
37476,CONDIMENT TRAY 4 BOWLS AND 4 SPOONS,17,9,9,160.39,9.787777777777777
37479B,CUBIC MUG FLOCK BLUE ON BROWN,127,17,16,60.33,0.898235294117647
37479P,CUBIC MUG FLOCK PINK ON BROWN,118,20,15,52.5,0.5957142857142858
37482P,CUBIC MUG PINK POLKADOT,477,34,30,216.26999999999998,0.6368571428571428
37487B,YELLOW/ORANGE FLOWER DESIGN PLATE,68,2,2,19.72,0.29
37488A,YELLOW PINK FLOWER DESIGN BIG BOWL,28,3,3,10.92,0.38999999999999996
37489A,YELLOW/PINK FLOWER DESIGN BIG MUG,33,14,14,14.43,0.494
37489B,BLUE/YELLOW FLOWER DESIGN BIG MUG,31,12,12,16.77,0.65
37489C,GREEN/BLUE FLOWER DESIGN BIG MUG,23,8,8,13.65,0.78
37489D,PINK/GREEN FLOWER DESIGN BIG MUG,40,16,16,17.16,0.48176470588235293
37491B,BLUE/YELLOW CERAMIC CANDLE HOLDER,4,1,1,6.6,1.65
37491C,GREEN/BLUE CERAMIC CANDLE HOLDER,8,1,1,13.2,1.65
37491D,PURPLE/BLUE CERAMIC CANDLE HOLDER,2,1,1,3.3,1.65
37495,FAIRY CAKE BIRTHDAY CANDLE SET,379,96,75,1363.65,3.733333333333333
37500,TEA TIME TEAPOT IN GIFT BOX,336,82,53,1957.56,6.294878048780487
37501,TEA TIME TEA SET IN GIFT BOX,100,30,28,695.0,6.95
37503,TEA TIME CAKE STAND IN GIFT BOX,-1,1,1,-10.75,10.75
37509,NEW ENGLAND MUG W GIFT BOX,2,2,2,5.1,2.55
40001,WHITE BAMBOO RIBS LAMPSHADE,736,41,23,561.55,0.7936585365853658
40003,WHITE BAMBOO RIBS LAMPSHADE,147,11,10,154.95,1.2227272727272727
40005B,BLUE ORGANDY ROUND LAMPSHADE W BEA,12,4,4,10.2,0.85
40016,CHINESE DRAGON PAPER LANTERNS,5524,75,54,1870.7,0.5113333333333333
40046A,RED DAISY PAPER LAMPSHADE,50,6,6,62.5,1.25
44089A,PINK GAUZE BUTTERFLY LAMPSHADE,15,4,4,6.3,0.42
44089C,LILAC GAUZE BUTTERFLY LAMPSHADE,24,6,6,10.08,0.42
44091A,BLUE CRUSOE CHECK LAMPSHADE,9,3,3,3.78,0.42
44092B,BLUE WHITE PLASTIC RINGS LAMPSHADE,14,5,4,11.899999999999999,0.85
44092C,PURPLE/COPPER HANGING LAMPSHADE,18,6,5,15.299999999999999,0.85
44228,CANNABIS LEAF BEAD CURTAIN,36,2,2,30.599999999999998,0.85
44234,ASSORTED CIRCULAR MOBILE,638,20,17,119.57999999999998,0.20714285714285713
44235,ASS COL CIRCLE MOBILE,474,6,6,173.15999999999997,0.4114285714285714
44235,ASSORTED COLOURED CIRCLE MOBILE,64,7,6,26.88,0.42
44236,PINK/PURPLE CIRCLE CURTAIN,52,6,6,56.52,1.3414285714285714
44242A,LILAC FEATHERS CURTAIN,12,1,1,9.48,0.79
44242B,PINK FEATHERS CURTAIN,52,3,3,50.28,0.9433333333333334
44265,M/COLOUR POM-POM CURTAIN,2,1,1,8.5,4.25
45013,FOLDING SHOE TIDY,3,2,2,8.850000000000001,2.95
46000M,POLYESTER FILLER PAD 45x45cm,1007,134,92,1560.8500000000001,1.55
46000P,POLYESTER FILLER PAD 65CMx65CM,17,5,5,72.25,4.25
46000R,POLYESTER FILLER PAD 45x30cm,101,37,22,146.45,1.45
46000S,POLYESTER FILLER PAD 40x40cm,1507,185,128,2185.15,1.45
46000U,POLYESTER FILLER PAD 30CMx30CM,107,26,16,133.75,1.25
46115B,GREEN POP ART MAO CUSHION COVER,12,2,1,2.2800000000000002,0.19
46118,FUNKY MONKEY CUSHION COVER,193,18,12,164.04999999999998,0.85
46126A,ELVIS WALLHANGING / CURTAIN,48,6,5,60.0,1.25
46138B,BLUE CHENILLE SHAGGY CUSHION COVER,30,14,8,32.1,1.0071428571428571
46775D,SUNSET COLOUR CHUNKY KNITTED THROW,24,13,12,406.79999999999995,16.95
46776A,WOVEN BUBBLE GUM CUSHION COVER,14,6,6,69.30000000000001,4.95
46776B,WOVEN BERRIES CUSHION COVER,15,7,6,74.25,4.95
46776C,WOVEN FROST CUSHION COVER,11,6,6,54.45,4.95
46776D,WOVEN SUNSET CUSHION COVER,12,3,3,59.400000000000006,4.95
46776E,WOVEN CANDY CUSHION COVER,14,5,5,69.3,4.95
46776F,WOVEN ROSE GARDEN CUSHION COVER,19,8,6,94.05000000000001,4.95
47013A,WINE BOTTLE DRESSING LT.BLUE,14,4,4,3.0399999999999996,0.205
47013C,WINE BOTTLE DRESSING DARK BLUE,31,8,7,4.0600000000000005,0.14125
47016,LIGHT DECORATION BATTERY OPERATED,2,1,1,4.2,2.1
47021G,SET/6 BEAD COASTERS GAUZE BAG GOLD,518,15,12,230.39999999999998,0.6193333333333334
47310M,SMALL POP BOX FUNKY MONKEY,172,34,20,210.48,1.356857142857143
47310M,"SMALL POP BOX,FUNKY MONKEY",93,13,8,116.25,1.25
47341A,FUSCHIA TABLE RUN FLOWER,27,5,5,38.75,1.75
47341B,BLUE TABLE RUN FLOWER,45,11,11,56.25,1.25
47343A,FUSCHIA FLOWER PURSE WITH BEADS,159,14,13,145.17,0.9714285714285714
47344B,BLUE FLOWER DES PURSE,44,6,6,43.66,0.9700000000000001
47348A,FUSCHIA VOILE POINTY SHOE DEC,97,15,11,50.31,0.702
47351B,BLUE  VOILE LAMPSHADE,38,10,7,112.10000000000002,2.87
47367B,PAIR PADDED HANGERS PINK CHECK,57,11,11,194.55,3.6772727272727277
47369A,PINK GREEN EMBROIDERY COSMETIC BAG,8,6,6,23.6,2.9500000000000006
47369B,BLUE GREEN EMBROIDERY COSMETIC BAG,3,3,3,11.690000000000001,3.896666666666667
47420,ASSORTED COLOUR SUCTION CUP HOOK,196,13,11,37.24,0.19
47421,ASSORTED COLOUR LIZARD SUCTION HOOK,970,54,16,382.92,0.41600000000000004
47422,ASSORTED MONKEY SUCTION CUP HOOK,518,43,16,204.6,0.41608695652173916
47469,ASSORTED SHAPES PHOTO CLIP SILVER,355,11,10,164.51,0.6335714285714287
47471,RAINBOW PEGS PHOTO CLIP STRING,262,24,19,148.88,0.7075
47480,HANGING PHOTO CLIP ROPE LADDER,690,52,29,1089.58,1.8553846153846152
47481,50CM METAL STRING WITH  7 CLIPS,221,19,15,163.37,0.8410526315789474
47503A,ASS FLORAL PRINT MULTI SCREWDRIVER,2694,163,123,1226.53,0.5077976190476191
47503H,ASS FLORAL PRINT SPIRIT LEVEL,95,32,30,90.13,1.1214285714285714
47503J,SET/3 FLORAL GARDEN TOOLS IN BAG,1,1,1,7.95,7.95
47504H,ENGLISH ROSE SPIRIT LEVEL,944,93,69,855.88,1.2373118279569892
47504K,ENGLISH ROSE GARDEN SECATEURS,1945,175,141,1816.51,1.0931284916201118
47518F,ICON PLACEMAT POP ART ELVIS,827,28,19,113.64,0.14142857142857143
47556B,TEA TIME TEA TOWELS,2600,2,1,6045.0,2.325
47559B,TEA TIME OVEN GLOVE,1971,243,152,2375.42,1.2809795918367346
47563A,RETRO LONGBOARD IRONING BOARD COVER,194,46,32,245.0,1.3043478260869565
47566,PARTY BUNTING,15015,1399,708,67628.43000000001,4.870624556422995
47566B,TEA TIME PARTY BUNTING,864,320,193,6737.450000000001,4.833021806853583
47567B,TEA TIME KITCHEN APRON,577,125,81,3201.7700000000004,5.939761904761905
47570B,TEA TIME TABLE CLOTH,180,26,23,1642.68,10.400769230769232
47574A,ENGLISH ROSE SCENTED HANGING FLOWER,420,51,37,364.0,1.2211538461538463
47574B,ENGLISH ROSE SCENTED HANGING HEART,4,2,2,17.0,4.25
47578A,ENGLISH ROSE SMALL SCENTED FLOWER,192,27,26,163.2,0.85
47579,TEA TIME BREAKFAST BASKET,1,1,1,2.1,2.1
47580,TEA TIME DES TEA COSY,316,78,55,783.01,2.569358974358974
47585A,PINK FAIRY CAKE CUSHION COVER,102,27,23,382.5,3.75
47586A,PINK FAIRY CAKE CUSHION COVER,21,8,7,53.55,2.55
47589,CONGRATULATIONS BUNTING,13,3,3,70.85000000000001,5.45
47590A,BLUE HAPPY BIRTHDAY BUNTING,1924,358,228,9981.820000000002,5.4656983240223465
47590B,PINK HAPPY BIRTHDAY BUNTING,2257,363,238,11542.250000000002,5.408241758241759
47591B,SCOTTIES CHILDRENS APRON,38,10,9,62.699999999999996,1.65
47591D,PINK FAIRY CAKE CHILDRENS APRON,3138,399,252,5811.66,1.9739598997493735
47593A,CAROUSEL PONIES BABY BIB,33,12,10,14.37,0.5853846153846154
47593B,SCOTTIE DOGS BABY BIB,1663,94,68,676.39,0.4895833333333333
47594A,CAROUSEL DESIGN WASHBAG,43,31,28,83.85,1.95
47594B,SCOTTIES DESIGN WASHBAG,87,33,26,169.65,1.9499999999999997
47599A,PINK PARTY BAGS,2403,145,102,4469.02,2.0693197278911564
47599B,BLUE PARTY BAGS,1399,110,70,2619.7400000000002,2.0776363636363637
48111,DOORMAT 3 SMILEY CATS,1102,175,111,6674.9,7.789829545454546
48116,DOORMAT MULTICOLOUR STRIPE,1415,143,88,8021.12,7.703496503496503
48129,DOORMAT TOPIARY,857,186,126,5485.31,7.955187165775402
48138,DOORMAT UNION FLAG,3602,523,314,23525.04,7.80047619047619
48173C,DOORMAT BLACK FLOCK,1780,175,106,9764.75,7.7444
48184,DOORMAT ENGLISH ROSE,1966,359,227,13399.4,7.7774651810584965
48185,DOORMAT FAIRY CAKE,2753,244,143,16616.89,7.903061224489796
48187,DOORMAT NEW ENGLAND,3694,533,315,22752.0,7.814504672897197
48188,DOORMAT WELCOME PUPPIES,2022,255,164,11496.2,7.910901960784313
48194,DOORMAT HEARTS,3265,482,286,19900.81,7.949068322981367
51008,AFGHAN SLIPPER SOCK PAIR,509,20,16,1656.05,3.425
51014A,"FEATHER PEN,HOT PINK",3501,158,106,1697.6899999999998,0.5151265822784811
51014C,"FEATHER PEN,COAL BLACK",2328,114,71,1128.0,0.5360869565217391
51014L,"FEATHER PEN,LIGHT PINK",1840,107,72,875.4599999999999,0.5352777777777779
51020A,SUMMER FUN DESIGN SHOWER CAP,323,19,16,115.74999999999999,0.5426315789473685
51020B,STRIPY DESIGN SHOWER CAP,196,16,13,70.27999999999999,0.65
62018,SOMBRERO,4402,59,39,5691.5,1.8076271186440676
62043B,BLUE CHECK BAG W HANDLE 34X20CM,16,6,5,13.28,0.83
62074B,ELEPHANT CLIP W SUCTION CUP,16,4,4,6.72,0.42
62086A,PINK RETRO BIG FLOWER BAG,86,13,13,167.7,1.9499999999999997
62094B,TURQ ICE CREAM BUM BAG,13,3,2,33.15,2.55
62096A,PINK/YELLOW FLOWERS HANDBAG,106,8,7,132.5,1.25
62096B,PURPLE/TURQ FLOWERS HANDBAG,2,1,1,2.5,1.25
62097B,BLUE STRIPES SHOULDER BAG,9,3,2,7.469999999999999,0.83
70006,LOVE HEART POCKET WARMER,2619,78,72,1656.05,1.2315
70007,HI TEC ALPINE HAND WARMER,716,54,46,612.96,1.3907272727272726
71038,WHITE HANGING BEADS CANDLE HOLDER,233,49,34,1212.25,5.402
71050,SMALL SINGLE FLAME CANDLE HOLDER,33,6,5,11.549999999999999,0.3499999999999999
71053,WHITE METAL LANTERN,1547,247,145,5554.51,3.714015748031496
71053,WHITE MOROCCAN METAL LANTERN,47,12,9,199.17,4.8549999999999995
71101E,STANDING FAIRY POLE SUPPORT,346,22,17,278.5,0.8322727272727272
71143,SILVER BOOK MARK WITH BEADS,10,1,1,8.5,0.85
71215,METAL BASE FOR CANDLES,11,2,2,4.62,0.42
71270,PHOTO CLIP LINE,204,31,16,256.21,1.2878125
71279,PINK GLASS CANDLEHOLDER,150,31,21,432.90000000000003,2.9375
71403,"PINK/WHITE ""KEEP CLEAN"" BULLET BIN",53,13,12,156.35000000000002,2.95
71406C,BLACK ORANGE SQUEEZER,138,21,13,57.96,0.42000000000000004
71459,HANGING JAM JAR T-LIGHT HOLDER,10402,320,193,8060.79,0.8285358255451712
71459,HANGING JAM JAR T-LIGHT HOLDERS,2410,70,61,1864.78,0.8508571428571428
71477,COLOUR GLASS. STAR T-LIGHT HOLDER,4480,245,150,13320.18,3.4257085020242912
71477,COLOURED GLASS STAR T-LIGHT HOLDER,942,49,34,3277.42,3.9638
71495A,CD WALL TIDY BLUE OFFICE,96,2,2,34.56,0.36
71495B,CD WALL TIDY RED FLOWERS,160,5,4,58.56,0.384
71496A,A4 WALL TIDY BLUE OFFICE,114,5,5,61.86000000000001,0.554
71496B,A4 WALL TIDY RED FLOWERS,13,4,4,7.37,0.56
71510,SQUARE METAL CANDLEHOLDER BASE,52,8,5,36.519999999999996,0.8099999999999999
72024U,LILAC VOTIVE CANDLE,72,3,3,15.120000000000001,0.21
72051S,BAG OF SILVER STONES,45,5,5,18.9,0.42000000000000004
72122,COFFEE SCENT PILLAR CANDLE,291,44,38,276.45,0.95
72127,COLUMBIAN CANDLE ROUND,168,29,25,208.1,1.2436666666666667
72128,COLUMBIAN CANDLE ROUND,189,33,28,145.53,0.8372727272727273
72130,COLUMBIAN CANDLE ROUND,215,24,20,126.79,0.6356
72131,COLUMBIAN CANDLE RECTANGLE,136,18,14,236.39999999999998,1.8999999999999997
72132,COLUMBIAN CUBE CANDLE,28,12,9,54.599999999999994,1.95
72133,COLUMBIAN CANDLE RECTANGLE,39,13,11,48.75,1.25
72134,COLUMBIAN  CUBE CANDLE,98,8,6,47.18,0.7424999999999999
72140E,BEST DAD CANDLE LETTERS,30,9,8,25.499999999999996,0.85
72225C,LAVENDER SCENT CAKE CANDLE,600,16,12,158.64,0.27999999999999997
72232,FENG SHUI PILLAR CANDLE,3317,65,45,630.23,0.19
72349B,SET/6 PURPLE BUTTERFLY T-LIGHTS,687,91,51,1314.78,2.0823655913978496
72351A,SET/6 TURQUOISE BUTTERFLY T-LIGHTS,1234,133,78,2384.76,2.0819117647058825
72351B,SET/6 PINK  BUTTERFLY T-LIGHTS,2055,159,88,3849.7400000000002,2.0718125
72369A,PINK CLEAR GLASS CANDLE PLATE,28,3,3,35.0,1.25
72586,SET OF 6 HALLOWEEN GHOST T-LIGHTS,588,38,36,246.95999999999998,0.42
72598,SET/12 TAPER CANDLES,459,41,38,364.95,0.8402325581395349
72709,IVORY SCULPTED RND CANDLE,44,7,4,37.4,0.85
72741,GRAND CHOCOLATECANDLE,5758,257,196,7722.7,1.4290697674418604
72760B,VINTAGE CREAM 3 BASKET CAKE STAND,383,137,105,3652.6299999999997,9.847372262773723
72780,BLACK SILOUETTE CANDLE PLATE,137,20,18,116.44999999999999,0.85
72783,BLACK SIL'T SQU CANDLE PLATE,16,2,2,33.6,2.1
72798C,SET/4 GARDEN ROSE DINNER CANDLE,7,3,3,11.549999999999999,1.6499999999999997
72799C,PINK PILLAR CANDLE SILVER FLOCK,80,18,17,123.68,2.23
72799E,IVORY PILLAR CANDLE SILVER FLOCK,387,49,44,707.4900000000001,2.5612
72799F,IVORY PILLAR CANDLE GOLD FLOCK,127,21,19,365.05,2.930952380952381
72800B,4 PURPLE FLOCK DINNER CANDLES,138,36,31,265.65999999999997,2.312162162162162
72800C,4 PINK DINNER CANDLE SILVER FLOCK,124,30,26,229.95999999999998,2.2566666666666664
72800D,4 BLUE DINNER CANDLES SILVER FLOCK,85,29,20,216.74999999999997,2.55
72800E,4 IVORY DINNER CANDLES SILVER FLOCK,450,96,62,913.74,2.308989898989899
72801C,4 ROSE PINK DINNER CANDLES,138,14,13,163.38,1.2364285714285714
72801D,4 SKY BLUE DINNER CANDLES,58,12,10,72.5,1.25
72801G,4 BURGUNDY WINE DINNER CANDLES,43,11,9,53.75,1.25
72802A,ROSE SCENT CANDLE IN JEWELLED BOX,311,59,44,1255.55,4.364
72802B,OCEAN SCENT CANDLE IN JEWELLED BOX,568,80,55,1293.44,3.90775
72802C,VANILLA SCENT CANDLE JEWELLED BOX,869,92,64,1961.31,3.94
72803A,ROSE SCENT CANDLE JEWELLED DRAWER,526,42,30,705.5,4.160714285714286
72807A,SET/3 ROSE CANDLE IN JEWELLED BOX,330,71,53,1363.78,4.2316666666666665
72807B,SET/3 OCEAN SCENT CANDLE JEWEL BOX,345,79,56,1422.25,4.2337037037037035
72807C,SET/3 VANILLA SCENTED CANDLE IN BOX,535,122,84,2211.27,4.2247540983606555
72811,SMALL ZINC/GLASS CANDLEHOLDER,49,6,6,67.25,1.45
72812,LARGE ZINC GLASS CANDLEHOLDER,18,4,3,49.980000000000004,3.115
72815,3 WICK CHRISTMAS BRIAR CANDLE,-2,2,2,-7.5,3.75
72816,SET/3 CHRISTMAS DECOUPAGE CANDLES,802,32,26,811.56,1.258125
72817,SET OF 2 CHRISTMAS DECOUPAGE CANDLE,1024,95,74,931.4,0.9382474226804124
72818,CHRISTMAS DECOUPAGE CANDLE,1785,64,51,756.85,0.5984848484848485
72819,CUPID DESIGN SCENTED CANDLES,208,30,28,436.4,2.188333333333333
72821,CUPID SCENTED CANDLE IN GLASS,11,4,4,18.15,1.65
75011,BLUE DAISY MOBILE,172,12,9,138.76,0.7999999999999999
75013B,"STRING OF 8 BUTTERFLIES,PINK",25,6,6,41.24999999999999,1.65
75049L,LARGE CIRCULAR MIRROR MOBILE,6581,138,71,5887.849999999999,1.0866197183098592
75131,METAL TUBE CHIME ON BAMBOO,488,13,13,522.5600000000001,1.5692307692307692
75172,PAINTED SEA SHELL METAL WINDCHIME,93,8,8,85.31,1.53
75178,ASSTD COL BUTTERFLY/CRYSTAL W/CHIME,455,9,6,210.19,0.9733333333333333
77079,DOLPHIN WINDMILL,1,1,1,2.12,2.12
77101A,UNION FLAG WINDSOCK,385,20,16,421.97,1.231
78033,FLAG OF ST GEORGE CHAIR,34,9,6,161.5,5.572222222222222
78034B,BLUE NETTING STORAGE HANGER,8,6,6,15.6,1.95
78124,MAGAZINE RACK GEBRA ASSORTED,190,17,16,246.5,1.338235294117647
79000,MOROCCAN TEA GLASS,3775,99,69,2735.15,0.8156565656565656
79026B,"S/4 ICON COASTER,ELVIS LIVES",25,9,7,10.61,0.4855555555555556
79030D,TUMBLER BAROQUE,401,26,22,156.39,0.39
79030D,"TUMBLER, BAROQUE",54,5,5,58.85999999999999,1.398
79030G,TUMBLER NEW ENGLAND,1220,41,35,475.8,0.39
79030G,"TUMBLER, NEW ENGLAND",138,11,11,131.94,1.1918181818181817
79051A,SMOKEY GREY COLOUR D.O.F. GLASS,587,26,23,204.79,0.3522222222222222
79051A,SMOKEY GREY COLOUR GLASS,196,11,10,56.83999999999999,0.29
79062D,"RETRO TIN ASHTRAY,REVOLUTIONARY",52,4,4,19.4,0.38
79063C,"RETRO PILL BOX KEY CHAIN,THE KING",235,14,13,43.65,0.18928571428571428
79063D,"RETRO PILL BOX , REVOLUTIONARY",188,10,9,34.72,0.189
79066K,RETRO MOD TRAY,727,113,70,607.93,0.901504424778761
79067,CORONA MEXICAN TRAY,143,18,16,496.25,3.7055555555555557
79071B,ENGLISH ROSE METAL WASTE BIN,20,11,10,59.0,2.95
79144B,PAINTED LIGHTBULB STAR+ MOON,107,15,14,42.54,0.41333333333333333
79144C,PAINTED LIGHTBULB RAINBOW DESIGN,63,6,5,24.06,0.4033333333333333
79149B,SILICON STAR BULB  BLUE,18,8,8,7.56,0.42
79151B,"SILICON CUBE 25W, BLUE",11,2,2,4.62,0.42
79157B,UBO-LIGHT TRIOBASE BLUE,4,2,2,3.4,0.85
79157V,UBO-LIGHT TRIOBASE PURPLE,5,3,3,4.25,0.85
79160,HEART SHAPE WIRELESS DOORBELL,435,51,30,775.74,2.062037037037037
79161A,ST GEORGE SET OF 10 PARTY LIGHTS,2,2,2,5.9,2.95
79163,BLACK CHAMPAGNE GLASS,1507,36,25,616.71,0.5299999999999999
79164,BLACK WINE GLASS,1663,20,12,692.6700000000001,0.6900000000000001
79190A,RETRO PLASTIC 70'S TRAY,337,35,24,141.54,0.42
79190B,RETRO PLASTIC POLKA TRAY,639,37,24,238.38,0.4172972972972973
79190D,RETRO PLASTIC DAISY TRAY,227,25,16,95.34,0.42
79191B,RETRO PLASTIC POLKA TRAY,142,27,23,120.69999999999999,0.85
79191C,RETRO PLASTIC ELEPHANT TRAY,947,78,58,678.23,0.8387179487179487
79191D,RETRO PLASTIC DAISY TRAY,13,8,7,11.049999999999999,0.85
79192A,RETRO PLASTIC 70'S TRAY,3,2,2,3.75,1.25
79302M,"ART LIGHTS,FUNK MONKEY",355,47,26,950.45,2.85
79320,FLAMINGO LIGHTS,-1,1,1,-4.95,4.95
79321,CHILLI LIGHTS,9566,525,205,45915.41,5.424895635673624
79323B,BLACK CHERRY LIGHTS,0,3,2,0.0,6.75
79323P,PINK CHERRY LIGHTS,-4,3,1,-27.0,6.75
79323W,WHITE CHERRY LIGHTS,-8,1,1,-54.0,6.75
79329,PINK FLOCK GLASS CANDLEHOLDER,12,2,2,12.18,1.015
79331,PINK FLOCK GLASS CANDLEHOLDER,26,3,3,17.5,0.8033333333333333
79336,LIGHT PINK FLOCK GLASS CANDLEHOLDER,36,3,2,13.680000000000003,0.38000000000000006
79337,BLUE FLOCK GLASS CANDLEHOLDER,638,11,9,257.68,0.6109090909090908
79403,FROSTED WHITE BASE,89,11,9,75.64999999999999,0.85
79406,FROSTED WHITE BASE,140,6,6,30.8,0.22
81950B,FLOWER BLUE CLOCK WITH SUCKER,116,8,8,33.64,0.29
81950V,FLOWER PURPLE CLOCK W/SUCKER,5,3,3,4.25,0.85
81950V,FLOWER PURPLE CLOCK WITH SUCKER,15,3,3,4.35,0.29
81952B,ROUND BLUE CLOCK WITH SUCKER,200,9,9,38.0,0.19
81952V,ROUND PURPLE CLOCK WITH SUCKER,365,24,22,69.35,0.19
81953B,ROUND BLUE CLOCK WITH SUCKER,11,3,2,2.09,0.19
81953P,ROUND ARTICULATED PINK CLOCK W/SUCK,28,3,2,5.32,0.19000000000000003
82001S,SILVER RECORD COVER FRAME,272,19,13,955.86,4.398421052631579
82001S,VINYL RECORD FRAME SILVER,1229,90,45,4249.69,3.697032967032967
82011A,"BATHROOM SCALES, TROPICAL BEACH",16,10,8,60.0,3.75
82011B,BATHROOM SCALES RUBBER DUCKS,41,19,11,139.35,3.6657894736842107
82011C,BATHROOM SCALES FOOTPRINTS IN SAND,51,20,17,172.05,3.6700000000000004
82095,HEART BUTTONS JEWELLERY BOX,7,4,4,53.550000000000004,7.65
82482,WOODEN PICTURE FRAME WHITE FINISH,8023,894,411,19363.9,2.6534888888888886
82483,WOOD 2 DRAWER CABINET WHITE FINISH,2121,549,243,13347.87,6.698303249097473
82484,WOOD BLACK BOARD ANT WHITE FINISH,5889,615,285,34243.76,7.462959349593496
82486,3 DRAWER ANTIQUE WHITE WOOD CABINET,666,191,130,5787.98,8.901458333333332
82486,WOOD S/3 CABINET ANT WHITE FINISH,1335,389,183,11093.45,8.56841432225064
82494L,WOODEN FRAME ANTIQUE WHITE,5963,826,392,16795.22,2.9303365384615385
82551,LAUNDRY 15C METAL SIGN,2787,256,156,4224.5199999999995,1.4906976744186045
82552,WASHROOM METAL SIGN,2918,292,184,4456.57,1.4685472972972973
82567,"AIRLINE LOUNGE,METAL SIGN",495,149,86,1007.21,2.0566442953020134
82578,KITCHEN METAL SIGN,1942,221,142,1080.8600000000001,0.5614349775784754
82580,BATHROOM METAL SIGN,5213,388,210,2889.9500000000003,0.5637340153452686
82581,TOILET METAL SIGN,3728,307,172,1985.97,0.5541233766233766
82582,AREA PATROLLED METAL SIGN,4269,378,177,8508.12,2.109
82583,HOT BATHS METAL SIGN,6295,393,206,12597.880000000001,2.0757960199004977
82599,FANNY'S REST STOPMETAL SIGN,421,85,67,879.1800000000001,2.0952873563218395
82600,N0 SINGING METAL SIGN,1197,35,30,2523.78,2.091142857142857
82600,NO SINGING METAL SIGN,4597,388,207,9498.2,2.081687979539642
82605,OLD DOC RUSSEL METAL SIGN,14,3,3,29.400000000000002,2.1
82613A,"METAL SIGN,CUPCAKE SINGLE HOOK",66,14,13,82.5,1.25
82613B,"METAL SIGN,CUPCAKE SINGLE HOOK",380,46,39,259.2,1.0154347826086956
82613C,"METAL SIGN,CUPCAKE SINGLE HOOK",340,38,33,225.8,0.9878947368421053
82613D,METAL SIGN CUPCAKE SINGLE HOOK,449,51,43,262.45,0.9407843137254901
82615,PINK MARSHMALLOW SCARF KNITTING KIT,36,1,1,91.8,2.55
82616B,FRAPPUCINO SCARF KNITTING KIT,298,48,35,402.58,1.6574
82616C,MIDNIGHT GLAMOUR SCARF KNITTING KIT,274,53,40,381.77,1.570188679245283
84006,MAGIC TREE -PAPER FLOWERS,830,78,46,705.5,0.85
84012,MAGIC SHEEP WOOL GROWING FROM PAPER,1092,95,78,1088.0,1.0802083333333334
84016,FLAG OF ST GEORGE CAR FLAG,25,1,1,10.5,0.42
84029E,RED WOOLLY HOTTIE WHITE HEART.,3657,326,228,13234.810000000001,4.055365853658537
84029G,KNITTED UNION FLAG HOT WATER BOTTLE,2451,323,212,9255.17,4.002354740061162
84030E,ENGLISH ROSE HOT WATER BOTTLE,1411,279,198,5716.91,4.271921708185054
84031A,CHARLIE+LOLA RED HOT WATER BOTTLE,153,50,35,459.53000000000003,3.9272000000000005
84031B,CHARLIE LOLA BLUE HOT WATER BOTTLE,72,38,30,297.14000000000004,3.9463157894736844
84032A,CHARLIE+LOLA PINK HOT WATER BOTTLE,419,107,79,1024.41,2.7440740740740743
84032B,CHARLIE + LOLA RED HOT WATER BOTTLE,585,134,108,1199.65,2.6414705882352942
84033,FLAG OF ST GEORGE,23,7,7,37.95,1.65
84050,PINK HEART SHAPE EGG FRYING PAN,3120,203,140,4348.08,1.6389320388349515
84051,ASS COLOUR GLOWING TIARAS,279,24,24,211.95,0.8416
84077,WORLD WAR 2 GLIDERS ASSTD DESIGNS,53119,477,307,13304.49,0.2920335429769392
84078A,SET/4 WHITE RETRO STORAGE CUBES,322,114,79,11758.900000000001,38.765789473684215
84086B,YELLOW/BLUE RETRO RADIO,15,8,3,44.25,2.95
84086C,PINK/PURPLE RETRO RADIO,136,19,13,401.20000000000005,2.95
84192,ASSORTED COLOUR METAL CAT,111,25,19,138.75,1.25
84199,GLOW IN DARK DOLPHINS,128,28,28,26.88,0.21
84201B,HAPPY BIRTHDAY CARD STRIPEY TEDDY,13,2,2,2.47,0.19
84201C,HAPPY BIRTHDAY CARD TEDDY/CAKE,5,1,1,0.95,0.19
84206A,3 BLACK CATS W HEARTS BLANK CARD,24,3,3,4.5600000000000005,0.19000000000000003
84206B,CAT WITH SUNGLASSES BLANK CARD,5,1,1,0.95,0.19
84206C,CHAMPAGNE TRAY BLANK CARD,8,2,2,1.52,0.19
84212,"ASSORTED FLOWER COLOUR ""LEIS""",10297,103,72,4871.45,0.61873786407767
84218,BOX/12 CHICK & EGG IN BASKET,122,40,37,222.29999999999998,1.9434999999999998
84226,HEN HOUSE W FAMILY IN BARN & NEST,49,9,9,34.510000000000005,0.8266666666666667
84227,HEN HOUSE W CHICK IN NEST,1,1,1,0.42,0.42
84228,HEN HOUSE W CHICK STANDING,269,17,13,106.98,0.41705882352941176
84228,HEN HOUSE WITH CHICK STANDING,14,3,3,5.88,0.42
84231,EASTER BUNNY WITH BASKET ON BACK,105,18,13,68.25,0.65
84247E,PACK OF 12 CHRISTMAS FUN CARDS,24,15,13,70.80000000000001,2.95
84247E,PACK/12 XMAS FUN CARD,33,10,10,97.35000000000001,2.95
84247G,"DECOUPAGE,GREETING CARD,",336,23,17,141.12,0.42
84247K,"FOLK ART GREETING CARD,pack/12",11,10,7,32.45,2.95
84247L,FAWN AND MUSHROOM GREETING CARD,108,8,8,45.36,0.42
84247N,PACK/12 BLUE FOLKART CARDS,22,18,16,64.9,2.95
84249A,"GREETING CARD,SQUARE, DOUGHNUTS",160,13,12,68.84,0.483076923076923
84251B,"GREETING CARD, STICKY GORDON",145,15,12,27.550000000000004,0.19
84251C,"GREETING CARD, TWO SISTERS.",24,2,2,4.5600000000000005,0.19
84251G,"GREETING CARD, OVERCROWDED POOL.",180,15,15,34.2,0.19
84279B,CHERRY BLOSSOM DECORATIVE FLASK,172,60,48,640.68,3.7439999999999998
84279P,CHERRY BLOSSOM  DECORATIVE FLASK,320,101,79,1182.72,3.7358823529411764
84306,S/3 PINK SQUARE PLANTERS ROSES,2,2,2,21.9,10.95
84313B,BLUE TV TRAY TABLE,76,13,6,175.8,3.1884615384615387
84313C,ORANGE TV TRAY TABLE,461,24,17,908.15,2.2375
84341B,SMALL PINK MAGIC CHRISTMAS TREE,618,33,30,252.23,0.5044117647058823
84347,ROTATING SILVER ANGELS T-LIGHT HLDR,-1475,308,193,17255.62,2.5987306501547986
84352,SILVER CHRISTMAS TREE BAUBLE STAND,29,25,16,475.54999999999995,16.79
84356,POMPOM CURTAIN,337,46,32,1570.15,5.645652173913043
84358,FLOOR LAMP SHADE WOOD BASE,32,12,6,287.74,9.341666666666667
84360,TABLE LAMP WHITE SHADE WOOD BASE,74,17,9,388.3,5.797058823529412
84375,SET OF 20 KIDS COOKIE CUTTERS,4126,418,290,8648.970000000001,2.1497149643705464
84378,SET OF 3 HEART COOKIE CUTTERS,5929,525,376,7629.34,1.3277067669172933
84380,SET OF 3 BUTTERFLY COOKIE CUTTERS,5224,505,325,6627.25,1.3279411764705882
84387A,BIRD ON BRANCH CANVAS SCREEN,11,1,1,21.45,1.95
84388,WISE MAN STAR SHAPE EGG PAN,24,6,6,13.14,1.02
84402B,PURPLE DRESS JEWELLERY STAND,61,3,3,48.19,0.79
84406B,CREAM CUPID HEARTS COAT HANGER,1875,247,134,6958.7300000000005,3.8121686746987953
84415A,PINK FLOCK SUEDE CUSHION COVER,12,2,2,15.0,1.25
84415B,BLUE FLOCK CUSHION COVER,6,2,2,12.5,2.5
84422,PINK/BLUE DISC/MIRROR STRING,503,9,8,201.69,0.4411111111111111
84429A,MEDIUM PINK BUDDHA HEAD,46,14,13,135.70000000000002,2.95
84452,METAL RABBIT LADDER EASTER,70,17,14,59.5,0.85
84457,SET/3 RABBITS FLOWER SKIPPPING ROPE,119,21,21,101.14999999999999,0.85
84459A,PINK METAL CHICKEN HEART,610,56,50,816.74,1.4777966101694915
84459B,YELLOW METAL CHICKEN HEART,676,60,54,938.12,1.4821311475409835
84461,12 PINK HEN+CHICKS IN BASKET,35,15,13,89.25,2.55
84462,3 PINK HEN+CHICKS IN BASKET,12,6,6,15.0,1.25
84465,15 PINK FLUFFY CHICKS IN BOX,10,7,7,29.5,2.95
84466,TOP SECRET PEN SET,46,10,8,57.5,1.25
84497,BUTTONS AND STRIPES NOTEBOOK,13,7,7,48.75,3.75
84499,BLACK FLOWER CANDLE PLATE,7,2,2,5.949999999999999,0.85
84507B,STRIPES DESIGN MONKEY DOLL,31,14,10,79.05,2.55
84507C,BLUE CIRCLES DESIGN MONKEY DOLL,56,27,11,142.79999999999998,2.55
84508A,CAMOUFLAGE DESIGN TEDDY,1629,36,17,3442.9500000000003,2.4124999999999996
84508B,STRIPES DESIGN TEDDY,50,31,22,127.49999999999999,2.55
84508C,BLUE CIRCLES DESIGN TEDDY,51,20,14,130.04999999999998,2.55
84509A,SET OF 4 ENGLISH ROSE PLACEMATS,603,142,103,2160.89,3.805845070422535
84509B,SET OF 4 FAIRY CAKE PLACEMATS,156,48,37,585.0,3.75
84509C,SET OF 4 POLKADOT PLACEMATS,77,23,20,269.55,3.715217391304348
84509E,SET OF 4 CAROUSEL PLACEMATS,70,8,7,101.06,2.385
84509G,SET OF 4 FAIRY CAKE PLACEMATS,491,46,42,856.25,2.717391304347826
84510A,SET OF 4 ENGLISH ROSE COASTERS,1057,145,100,1288.09,1.272108843537415
84510C,SET OF 4 POLKADOT COASTERS,96,32,25,122.42,1.325625
84510E,SET OF 4 GREEN CAROUSEL COASTERS,25,9,9,26.05,1.018888888888889
84519A,TOMATO CHARLIE+LOLA COASTER SET,477,61,45,739.1899999999999,1.4506557377049178
84519B,CARROT CHARLIE+LOLA COASTER SET,425,91,63,545.99,1.336304347826087
84520B,PACK 20 ENGLISH ROSE PAPER NAPKINS,481,54,51,388.69,0.8461818181818181
84522,PINK PARTY SUNGLASSES,12,6,6,23.4,1.95
84527,FLAMES SUNGLASSES PINK LENSES,47,6,6,84.44999999999999,1.9000000000000001
84531A,PINK KNITTED EGG COSY,140,25,24,71.75999999999999,0.6900000000000001
84531B,BLUE KNITTED EGG COSY,149,25,24,81.50999999999999,0.7020000000000001
84534B,FAIRY CAKE NOTEBOOK A5 SIZE,46,5,5,39.1,0.85
84535A,ENGLISH ROSE NOTEBOOK A6 SIZE,398,20,19,185.1,0.6385
84535B,FAIRY CAKES NOTEBOOK A6 SIZE,1193,111,80,701.24,0.6617857142857143
84536A,ENGLISH ROSE NOTEBOOK A7 SIZE,2697,222,140,1133.56,0.4236283185840708
84536B,FAIRY CAKES NOTEBOOK A7 SIZE,1636,101,74,635.18,0.43009803921568623
84539,KNITTED RABBIT DOLL,16,1,1,26.4,1.65
84548,CROCHET BEAR RED/BLUE  KEYRING,15,3,3,24.75,1.65
84549,CROCHET WHITE RABBIT KEYRING,31,3,3,46.349999999999994,1.5833333333333333
84550,CROCHET LILAC/RED BEAR KEYRING,1,1,1,1.65,1.65
84551,CROCHET DOG KEYRING,1,1,1,1.65,1.65
84558A,3D DOG PICTURE PLAYING CARDS,290,60,49,855.5000000000001,2.95
84559A,3D SHEET OF DOG STICKERS,272,42,34,231.98,0.8685714285714285
84559B,3D SHEET OF CAT STICKERS,212,44,37,180.2,0.85
84562A,PINK/WHITE RIBBED MELAMINE JUG,2,2,2,15.9,7.95
84563A,PINK & WHITE BREAKFAST TRAY,59,14,11,198.05,4.021428571428571
84563B,BLUE & WHITE BREAKFAST TRAY,69,21,18,209.55,3.2357142857142858
84568,GIRLS ALPHABET IRON ON PATCHES,11040,23,18,2088.0,0.20304347826086958
84569A,PACK 3 IRON ON DOG PATCHES,191,26,26,239.96,1.2965384615384616
84569B,PACK 3 FIRE ENGINE/CAR PATCHES,75,11,11,93.75,1.25
84569C,PACK 4 FLOWER/BUTTERFLY PATCHES,1,1,1,1.25,1.25
84569D,PACK 6 HEART/ICE-CREAM PATCHES,268,34,32,337.42,1.2855882352941177
84575A,PINK DOG CANNISTER,13,5,4,33.35,4.35
84576,BLUE CAT BISCUIT BARREL PINK HEART,57,9,8,111.14999999999999,1.9500000000000002
84580,MOUSE TOY WITH PINK T-SHIRT,334,120,91,1256.3,3.765573770491803
84581,DOG TOY WITH PINK CROCHET SKIRT,164,70,60,615.76,3.7608571428571427
84584,PINK GINGHAM CAT WITH SCARF,83,18,18,211.64999999999998,2.55
84592,CROCHET ROSE PURSE WITH SUEDE BACK,70,17,15,206.50000000000003,2.95
84593,CROCHET ROSE DES CLOTHES HANGER,5,1,1,14.750000000000002,2.95
84595E,LARGE TORTILLA DESIGN RED BOWL,64,9,8,109.79999999999998,2.1166666666666667
84596B,SMALL DOLLY MIX DESIGN ORANGE BOWL,4420,362,189,2033.47,0.48341463414634145
84596E,SMALL LICORICE DES PINK BOWL,391,35,33,252.63,0.7702857142857144
84596F,SMALL MARSHMALLOWS PINK BOWL,3269,289,166,1546.53,0.4971140939597315
84596G,SMALL CHOCOLATES PINK BOWL,1660,158,84,774.18,0.4859375
84596J,MIXED NUTS LIGHT GREEN BOWL,469,27,21,205.28,0.5122222222222222
84596L,BISCUITS SMALL BOWL LIGHT BLUE,1038,79,49,440.94,0.48303797468354426
84597B,RETRO BROWN BALL ASHTRAY,41,5,3,51.25,1.25
84597C,RETRO PINK BALL ASHTRAY,46,13,11,57.5,1.25
84598,BOYS ALPHABET IRON ON PATCHES,960,6,5,201.6,0.21
84600,NEW BAROQUE JEWELLERY BOX,47,21,17,359.65000000000003,7.854761904761905
84609,TALL ROCOCO CANDLE HOLDER,88,18,16,703.0,8.36111111111111
84613A,PINK NEW BAROQUE FLOCK CANDLESTICK,6,3,3,27.900000000000002,4.65
84613C,BLUE NEW BAROQUE FLOCK CANDLESTICK,1,1,1,4.65,4.65
84614A,PINK BAROQUE FLOCK CANDLE HOLDER,2,1,1,11.9,5.95
84616,SILVER ROCCOCO CHANDELIER,8,8,6,239.6,29.95
84617,NEW BAROQUE BLACK BOXES,3,3,3,38.25,12.75
84620,BLUE GINGHAM ROSE CUSHION COVER,2,1,1,11.9,5.95
84625A,PINK NEW BAROQUECANDLESTICK CANDLE,435,33,24,447.45,1.4863636363636366
84625C,BLUE NEW BAROQUE CANDLESTICK CANDLE,390,33,20,436.5,1.4227272727272728
84629,WHITE 3 FRAME BIRDS AND TREE,19,11,10,145.05,9.586363636363636
84631,FRUIT TREE AND BIRDS WALL PLAQUE,13,11,7,103.35000000000001,7.95
84632,DECORATIVE HANGING SHELVING UNIT,5,6,5,299.75,59.95000000000001
84637,KITCHEN FLOWER POTS WALL PLAQUE,29,13,11,172.55,5.950000000000001
84638,SMALL KITCHEN FLOWER POTS PLAQUE,19,12,11,132.05,6.95
84658,WHITE STITCHED CUSHION COVER,44,16,14,308.48,7.028823529411765
84659A,WHITE TRAVEL ALARM CLOCK,133,23,19,311.76,2.4730434782608692
84660A,WHITE STITCHED WALL CLOCK,835,38,30,757.36,1.4155263157894737
84660B,BLACK STITCHED WALL CLOCK,695,29,20,684.65,1.3410344827586207
84660C,PINK STITCHED WALL CLOCK,639,27,20,590.57,1.0018518518518518
84661A,WHITE SQUARE TABLE CLOCK,94,11,10,132.99,2.129090909090909
84661B,BLACK SQUARE TABLE CLOCK,95,12,10,225.48999999999998,2.5658333333333334
84661C,PINK SQUARE TABLE CLOCK,62,5,5,70.10000000000001,1.494
84663A,GRASS HOPPER WOODEN WALL CLOCK,255,28,21,314.93,2.162857142857143
84665,SQUARE CHERRY BLOSSOM CABINET,85,20,14,505.75,5.95
84666,SQUARE CHERRY BLOSSOM CABINET,24,4,4,94.80000000000001,3.95
84673A,PINK FLY SWAT,63,25,21,40.95,0.6500000000000001
84673B,BLUE FLY SWAT,135,42,31,114.21000000000001,0.86
84674,FLYING PIG WATERING CAN,182,41,31,414.50000000000006,2.8285714285714287
84675,FROG KING WATERING CAN,9,2,2,26.55,2.95
84678,CLASSICAL ROSE SMALL VASE,135,12,11,222.04999999999998,2.1166666666666667
84679,CLASSICAL ROSE TABLE LAMP,6,2,2,55.7,11.95
84683,CLASSICAL ROSE CANDLESTAND,187,7,6,147.35000000000002,0.9928571428571429
84685,BEACH HUT KEY CABINET,20,10,6,75.0,3.75
84686,BEACH HUT MIRROR,49,8,7,66.39,2.9525
84687,BEACH HUT SHELF W 3 DRAWERS,66,23,16,352.7,5.732608695652174
84688,BEACH HUT DESIGN BLACKBOARD,21,10,7,89.25,4.25
84689,S/2 BEACH HUT TREASURE CHESTS,3,2,2,9.95,3.975
84691,PACK 20 DOLLY PEGS,242,4,2,174.5,0.7525
84692,BOX OF 24 COCKTAIL PARASOLS,6797,366,209,2806.05,0.4309139784946236
84705C,PINK FLOCK PHOTO FRAME,12,1,1,15.0,1.25
84706D,CHERRY BLOSSOM TABLE CLOCK,6,3,3,25.7,4.283333333333333
84706F,RED PEONY TABLE CLOCK,16,10,9,47.2,2.95
84707A,SILVER JEWELLED MIRROR TRINKET TRAY,66,25,21,440.73999999999995,9.5512
84707B,PINK JEWELLED MIRROR TRINKET TRAY,29,13,13,178.56,8.873846153846154
84708B,PINK JEWELLED PHOTO FRAME,53,14,13,256.75,4.8500000000000005
84709B,PINK OVAL JEWELLED MIRROR,20,11,11,119.0,5.95
84711A,SILVER OVAL SHAPE TRINKET BOX,14,7,7,139.29999999999998,9.95
84711B,PINK OVAL SHAPE TRINKET BOX,15,8,7,149.25,9.95
84712B,PINK JEWELLED PHOTO FRAME,19,11,9,147.87,7.805454545454546
84715,SET OF 6 ICE CREAM SKITTLES,16,3,3,47.2,2.9500000000000006
84723,CHERRY BLOSSOM CANVAS ART PICTURE,41,6,5,97.95,3.9499999999999997
84725,FREESTYLE CANVAS ART PICTURE,41,18,16,39.65,1.2444444444444445
84731,3 BIRDS CANVAS SCREEN,2,2,2,2.04,1.02
84732B,CUTE BIRD CEATURE SCREEN,22,2,2,8.58,0.39
84732D,CUTE RABBIT CEATURE SCREEN,11,2,2,4.29,0.39
84741C,CITRUS GARLAND FELT FLOWERS,60,14,14,117.0,1.95
84743C,ORANGE FELT VASE + FLOWERS,1,1,1,1.25,1.25
84744,S/6 SEW ON CROCHET FLOWERS,108,18,17,135.0,1.25
84745A,PINK HANGING GINGHAM EASTER HEN,32,5,5,13.44,0.42000000000000004
84745B,BLUE HANGING GINGHAM EASTER HEN,32,5,5,13.44,0.42000000000000004
84746,PINK EASTER HENS+FLOWER,3,1,1,11.25,3.75
84748,FOLK FELT HANGING MULTICOL GARLAND,24,8,7,90.0,3.75
84750A,PINK SMALL GLASS CAKE STAND,-3,3,2,-5.85,1.95
84750B,BLACK SMALL GLASS CAKE STAND,60,13,12,54.6,1.1099999999999999
84751B,BLACK MEDIUM GLASS CAKE STAND,16,9,8,36.32,1.7766666666666666
84754,S/15 SILVER GLASS BAUBLES IN BAG,358,37,35,433.82000000000005,1.235
84755,COLOUR GLASS T-LIGHT HOLDER HANGING,15498,540,318,9524.26,0.6484103512014788
84760S,SMALL HANGING GLASS+ZINC LANTERN,43,8,8,62.349999999999994,1.45
84763,ZINC FINISH 15CM PLANTER POTS,573,49,39,679.01,1.2422448979591836
84766,SILVER ROCOCO CANDLE STICK,131,17,11,303.45,3.361764705882353
84773,RED ROSE AND LACE C/COVER,3,1,1,8.850000000000001,2.95
84789,ENCHANTED BIRD PLANT CAGE,180,43,33,595.8000000000001,3.6383720930232557
84792,ENCHANTED BIRD COATHANGER 5 HOOK,745,194,126,3355.8500000000004,4.6615816326530615
84795B,SUNSET CHECK HAMMOCK,167,40,33,1249.65,7.8
84795C,OCEAN STRIPE HAMMOCK,2,1,1,15.9,7.95
84796A,PINK HAWAIIAN PICNIC HAMPER FOR 2,14,10,10,178.5,12.75
84796B,BLUE SAVANNAH PICNIC HAMPER FOR 2,69,17,16,793.3499999999999,12.43235294117647
84798A,PINK FOXGLOVE ARTIIFCIAL FLOWER,2,4,4,5.099999999999998,2.55
84798B,PURPLE FOXGLOVE ARTIIFCIAL FLOWER,7,2,2,17.849999999999998,2.55
84799,SPRIG LAVENDER ARTIFICIAL FLOWER,160,11,9,120.32,0.9481818181818181
84800L,LARGE WHITE/PINK ROSE ART FLOWER,336,23,20,598.8000000000001,1.9143478260869566
84800M,MEDIUM WHITE/PINK ROSE ART FLOWER,124,12,12,169.24,1.55
84800S,SMALL WHITE/PINK ROSE ART FLOWER,105,10,9,117.57000000000001,1.2120000000000002
84801A,PINK HYDRANGEA ART FLOWER,46,5,5,96.60000000000001,2.1
84801B,WHITE HYDRANGEA ART FLOWER,22,3,3,46.2,2.1
84802A,WHITE ANEMONE ARTIFICIAL FLOWER,2,1,1,3.38,1.69
84802B,PURPLE ANEMONE ARTIFICIAL FLOWER,4,1,1,6.76,1.69
84803B,WHITE ALLIUM  ARTIFICIAL FLOWER,15,3,3,25.35,1.6900000000000002
84804A,CREAM DELPHINIUM ARTIFICIAL FLOWER,70,8,8,180.58,2.68
84804B,BLUE DELPHINIUM ARTIFICIAL FLOWER,99,6,6,188.37000000000003,2.23
84805A,CREAM CLIMBING HYDRANGA ART FLOWER,30,3,3,52.5,2.0833333333333335
84805B,BLUE CLIMBING HYDRANGA ART FLOWER,38,3,3,52.5,2.0833333333333335
84806A,PINK CANDYSTUFT ARTIFICIAL FLOWER,137,11,11,96.88999999999999,1.0645454545454545
84806B,WHITE CANDYSTUFT ARTIFICIAL FLOWER,296,19,18,394.15999999999997,1.3836842105263158
84809A,WHITE CHRYSANTHEMUMS ART FLOWER,38,5,5,79.80000000000001,2.1
84809B,PINK CHRYSANTHEMUMS ART FLOWER,18,1,1,37.800000000000004,2.1
84813,SET OF 4 DIAMOND NAPKIN RINGS,144,23,20,1143.02,9.124347826086957
84816,DANISH ROSE BEDSIDE CABINET,7,15,10,279.65000000000003,39.95
84817,DANISH ROSE DECORATIVE PLATE,914,61,49,632.94,1.499516129032258
84818,DANISH ROSE PHOTO FRAME,1328,106,79,1359.36,1.36188679245283
84819,DANISH ROSE ROUND SEWING BOX,807,64,57,934.79,2.283125
84820,DANISH ROSE TRINKET TRAYS,255,32,31,459.25,3.9425
84821,DANISH ROSE DELUXE COASTER,923,41,35,396.95,0.62
84823,DANISH ROSE FOLDING CHAIR,112,25,25,890.4000000000001,7.95
84824,DANISH ROSE UMBRELLA STAND,2,2,2,31.9,15.95
84826,ASSTD DESIGN 3D PAPER STICKERS,13639,32,30,335.83,0.5414705882352941
84827,ASS DES PHONE SPONGE CRAFT STICKER,509,14,12,153.09,0.465
84828,JUNGLE POPSICLES ICE LOLLY HOLDERS,119,15,15,148.75,1.25
84828,JUNGLE POPSICLES ICE LOLLY MOULDS,807,97,74,1008.66,1.3194949494949495
84832,ZINC WILLIE WINKIE  CANDLE STICK,2594,189,137,2165.9,0.8723437500000001
84836,ZINC METAL HEART DECORATION,5715,478,311,7056.18,1.2554918032786884
84839,SWEETHEART KEY CABINET,-1,1,1,-5.55,5.55
84840,SWEETHEART CARRY-ALL BASKET,1,4,4,8.5,8.5
84842,HELLO SAILOR BATHROOM SET,14,9,8,52.5,3.75
84843,WHITE SOAP RACK WITH 2 BOTTLES,160,42,36,858.4000000000001,5.859302325581396
84846A,SCENTED CANDLE IN DIGITALIS TIN,52,10,9,109.20000000000002,2.1
84847,FLORAL BATHROOM SET,20,11,9,75.0,3.75
84849A,HELLO SAILOR BLUE SOAP HOLDER,139,32,26,234.91000000000003,1.69
84849B,FAIRY SOAP SOAP HOLDER,231,58,42,390.39,1.69
84849D,HOT BATHS SOAP HOLDER,457,104,66,772.33,1.69
84854,GIRLY PINK TOOL SET,5,1,1,24.75,4.95
84856S,SMALL TAHITI BEACH BAG,-1,1,1,-3.81,3.81
84857B,BLUE MONTE CARLO HANDBAG,22,2,2,42.9,1.95
84857C,PINK MONTE CARLO HANDBAG,94,9,8,196.39999999999998,2.677777777777778
84858C,PINK RIVIERA HANDBAG,185,5,4,250.05,4.07
84859A,SILVER DISCO HANDBAG,123,30,24,248.20999999999998,2.2196774193548388
84859B,BLUE DISCO HANDBAG,30,10,10,60.68,2.168
84859C,PINK DISCO HANDBAG,83,21,17,176.39,2.348095238095238
84865,NEW BAROQUE BLACK PHOTO ALBUM,24,11,8,109.65,5.9772727272727275
84870B,BLUE GEISHA GIRL,20,10,9,75.0,3.75
84870C,GREEN GEISHA GIRL,20,10,10,75.0,3.75
84872A,TEATIME FUNKY FLOWER BACKPACK FOR 2,3,3,3,50.849999999999994,16.95
84873A,FUNKY FLOWER PICNIC BAG FOR 4,2,2,2,33.9,16.95
84874B,BLUE TRAVEL FIRST AID KIT,34,7,7,56.1,1.65
84875B,GREEN SQUARE COMPACT MIRROR,125,15,14,168.75,1.5833333333333333
84875D,BLUE SQUARE COMPACT MIRROR,51,8,8,63.75,1.25
84876B,GREEN HEART COMPACT MIRROR,201,20,17,251.25,1.25
84876D,BLUE HEART COMPACT MIRROR,124,12,12,187.5,2.2916666666666665
84877A,PINK ROUND COMPACT MIRROR,12,1,1,15.0,1.25
84877B,GREEN ROUND COMPACT MIRROR,126,9,8,157.5,1.25
84877D,BLUE ROUND COMPACT MIRROR,87,11,11,121.25,1.7045454545454546
84879,ASSORTED COLOUR BIRD ORNAMENT,35215,1385,679,56331.909999999996,1.6807758007117437
84880,WHITE WIRE EGG HOLDER,292,67,51,1826.0500000000002,7.038235294117648
84881,BLUE WIRE SPIRAL CANDLE HOLDER,10,6,5,63.5,6.349999999999999
84882,GREEN WIRE STANDING CANDLE HOLDER,34,15,12,127.5,3.75
84884A,ANT WHITE WIRE HEART SPIRAL,285,65,52,1072.71,4.026923076923077
84898F,YELLOW FLOWERS FELT HANDBAG KIT,45,18,15,94.50000000000001,2.1
84905,PINK BUTTERFLY CUSHION COVER,12,2,2,59.400000000000006,4.95
84906,PINK B'FLY C/COVER W BOBBLES,11,6,6,65.45,5.95
84906,PINK BUTTERFLY CUSHION COVER,16,5,3,31.2,1.95
84907,PINK YELLOW PATCH CUSHION COVER,5,3,3,38.25,7.650000000000001
84910A,PINK PAISLEY CUSHION COVER,10,6,6,59.5,5.95
84912A,PINK ROSE WASHBAG,103,38,25,386.25,3.75
84912B,GREEN ROSE WASHBAG,148,46,32,555.0,3.75
84913A,SOFT PINK ROSE TOWEL,37,10,10,172.05,4.65
84913B,MINT GREEN ROSE TOWEL,70,20,19,325.5,4.65
84915,HAND TOWEL PINK FLOWER AND DAISY,199,11,8,281.95,2.89
84916,HAND TOWEL PALE BLUE W FLOWERS,212,18,17,407.4,3.8055555555555554
84917,WHITE HAND TOWEL WITH BUTTERFLY,170,14,13,400.5,3.2642857142857147
84919,BLUE CUSHION COVER WITH FLOWER,29,9,9,201.55,6.95
84920,PINK FLOWER FABRIC PONY,71,26,22,266.25,3.75
84921,CREAM AND PINK FLOWERS PONY,11,5,5,41.25,3.75
84922,PINK BUTTERFLY WASHBAG,8,5,5,34.0,4.25
84924A,WAKE UP COCKEREL CALENDAR SIGN,72,24,21,281.13,4.059166666666667
84924F,PSYCHEDELIC METAL SIGN CALENDAR,10,3,3,7.9,0.79
84925D,LA PALMIERA WALL THERMOMETER,15,10,8,38.25,2.55
84925F,PSYCHEDELIC WALL THERMOMETER,79,14,14,109.92999999999999,1.9214285714285713
84926A,WAKE UP COCKEREL TILE COASTER,597,31,24,198.08999999999997,0.47580645161290325
84926D,LA PALMIERA TILE COASTER,705,31,25,266.64,0.6515624999999999
84926E,FLOWERS TILE COASTER,966,37,32,322.88,0.44054054054054054
84926F,PSYCHEDELIC TILE COASTER,399,24,19,171.04,0.8833333333333333
84927A,WAKE UP COCKEREL TILE HOOK,45,15,12,53.46,1.4160000000000001
84927D,LA PALMIERA TILE HOOK,42,12,9,35.190000000000005,0.96
84927E,FLOWERS TILE HOOK,55,12,10,67.62,1.573846153846154
84927F,PSYCHEDELIC TILE HOOK,290,41,36,164.4,0.7876744186046513
84929,ASSTD FRUIT+FLOWERS FRIDGE MAGNETS,2225,65,58,535.07,0.2841538461538462
84931A,PINK SCOTTIE DOG W FLOWER PATTERN,82,22,20,209.1,2.55
84931B,BLUE SCOTTIE DOG W FLOWER PATTERN,128,26,21,326.4,2.55
84944,SET OF 6 KASHMIR FOLKART BAUBLES,505,73,62,919.05,2.141891891891892
84945,MULTI COLOUR SILVER T-LIGHT HOLDER,10165,324,209,8172.55,0.8536474164133737
84946,ANTIQUE SILVER T-LIGHT GLASS,12633,557,349,14827.210000000001,1.2410357142857142
84946,ANTIQUE SILVER TEA GLASS ETCHED,3468,147,119,3993.0,1.223221476510067
84947,ANTIQUE SILVER TEA GLASS ENGRAVED,8187,288,178,9233.550000000001,1.2451877133105802
84949,SILVER HANGING T-LIGHT HOLDER,4390,285,166,6761.099999999999,1.6297909407665505
84950,ASSORTED COLOUR T-LIGHT HOLDER,3339,91,67,1977.0700000000002,0.6741304347826087
84951A,SET OF 4 PISTACHIO LOVEBIRD COASTER,338,34,26,295.31,0.9970588235294118
84951B,SET OF 4 BLACK LOVEBIRD COASTERS,334,31,24,318.44,1.0784375
84952A,CLEAR LOVE BIRD T-LIGHT HOLDER,38,6,6,146.21,4.368333333333333
84952B,BLACK LOVE BIRD T-LIGHT HOLDER,142,14,10,236.21,3.3007142857142857
84952C,MIRROR LOVE BIRD T-LIGHT HOLDER,140,9,7,225.0,3.0
84963A,PINK PAINTED KASHMIRI CHAIR,4,1,1,171.8,42.95
84963B,BLUE PAINTED KASHMIRI CHAIR,3,1,1,149.85000000000002,49.95
84968A,SET OF 16 VINTAGE ROSE CUTLERY,137,51,32,1660.35,12.680769230769231
84968B,SET OF 16 VINTAGE IVORY CUTLERY,2,2,2,25.5,12.75
84968C,SET OF 16 VINTAGE PISTACHIO CUTLERY,90,50,37,1147.5,12.75
84968D,SET OF 16 VINTAGE RED CUTLERY,61,32,27,802.17,13.513125
84968E,SET OF 16 VINTAGE BLACK CUTLERY,87,22,15,1035.06,13.141363636363637
84968F,SET OF 16 VINTAGE SKY BLUE CUTLERY,78,30,25,951.3,12.69
84969,BOX OF 6 ASSORTED COLOUR TEASPOONS,293,75,48,1259.49,4.3988
84970L,SINGLE HEART ZINC T-LIGHT HOLDER,5687,337,234,5652.129999999999,1.027248520710059
84970S,HANGING HEART ZINC T-LIGHT HOLDER,8419,418,271,6788.29,0.8680143540669856
84971S,SMALL HEART FLOWERS HOOK,1653,115,69,1364.6499999999999,0.8574137931034482
84974,S/2 ZINC HEART DESIGN PLANTERS,39,28,26,388.04999999999995,9.95
84975,HEART SHAPED MIRROR,5,2,2,8.45,1.69
84976,RECTANGULAR SHAPED MIRROR,488,31,27,409.62,0.9867741935483871
84978,HANGING HEART JAR T-LIGHT HOLDER,10786,602,304,12444.380000000001,1.226161449752883
84984A,GREEN PEONY CUSHION COVER,19,6,4,88.35000000000001,4.65
84984B,RED PEONY CUSHION COVER,17,5,4,79.05000000000001,4.65
84984D,ORIENTAL RED CUSHION COVER,13,4,3,60.45,4.65
84985A,SET OF 72 GREEN PAPER DOILIES,36,19,15,52.199999999999996,1.45
84987,SET OF 36 TEATIME PAPER DOILIES,2911,243,203,4054.0299999999997,1.4632098765432098
84988,SET OF 72 PINK HEART PAPER DOILIES,3940,309,209,5546.379999999999,1.4691935483870968
84989A,75 GREEN FAIRY CAKE CASES,27,17,16,14.850000000000001,0.55
84990,60 GOLD AND SILVER FAIRY CAKE CASES,2,2,2,1.1,0.55
84991,60 TEATIME FAIRY CAKE CASES,17514,664,415,8522.12,0.5481885125184095
84992,72 SWEETHEART FAIRY CAKE CASES,12899,505,325,6190.21,0.5558188824662814
84993A,75 GREEN PETIT FOUR CASES,305,33,30,128.1,0.42
84993B,75 BLACK PETIT FOUR CASES,57,17,16,23.94,0.42
84997A,CHILDRENS CUTLERY POLKADOT GREEN,1675,169,115,6549.110000000001,4.183727810650888
84997A,GREEN 3 PIECE POLKADOT CUTLERY SET,837,68,55,3019.23,3.816470588235294
84997B,CHILDRENS CUTLERY RETROSPOT RED,2486,230,158,9581.18,4.148111587982833
84997B,RED 3 PIECE RETROSPOT CUTLERY SET,1515,99,80,5450.13,3.7932
84997C,BLUE 3 PIECE POLKADOT CUTLERY SET,1170,97,80,4213.34,3.8011340206185564
84997C,CHILDRENS CUTLERY POLKADOT BLUE,2517,213,151,9804.35,4.118075117370893
84997D,CHILDRENS CUTLERY POLKADOT PINK,3524,324,209,13773.300000000001,4.171284403669724
84997D,PINK 3 PIECE POLKADOT CUTLERY SET,1367,103,83,4916.650000000001,3.8028155339805827
85006,SET 4 NURSERY DES ROUND BOXES,55,9,9,57.25,1.55
85008,SET OF 3 CONEY ISLAND OVAL BOXES,12,7,7,55.95,4.457142857142857
85014A,BLACK/BLUE POLKADOT UMBRELLA,1126,257,184,6326.290000000001,6.096186770428016
85014B,RED RETROSPOT UMBRELLA,1839,305,211,10205.820000000002,6.092918032786886
85015,SET OF 12  VINTAGE POSTCARD SET,2128,113,103,1590.1200000000001,1.0183185840707965
85016,SET OF 6 VINTAGE NOTELETS KIT,522,25,22,459.0,1.7139999999999997
85017A,ENVELOPE 50 ROMANTIC IMAGES,6,2,2,5.1,0.85
85017B,ENVELOPE 50 BLOSSOM IMAGES,935,75,65,481.34999999999997,0.5044736842105263
85017C,ENVELOPE 50 CURIOUS IMAGES,49,10,10,26.17,0.6154545454545454
85018D,YULETIDE IMAGES S/6 PAPER BOXES,12,7,6,30.599999999999998,2.55
85019A,ROMANTIC IMAGES NOTEBOOK SET,409,28,25,547.25,1.7857142857142858
85019B,BLOSSOM  IMAGES NOTEBOOK SET,498,25,21,640.5,1.37
85019C,CURIOUS  IMAGES NOTEBOOK SET,169,11,9,211.25,2.6136363636363638
85020,ROUND PINK HEART MIRROR,78,16,11,163.8,2.1
85023B,EAU DE NILE JEWELLED PHOTOFRAME,31,14,11,79.05,2.4857142857142853
85023C,PINK LARGE JEWELED PHOTOFRAME,-1,1,1,-2.55,2.55
85024B,EAU DE NILE JEWELLED PHOTOFRAME,193,12,12,289.65,1.633333333333333
85024C,PINK SMALL JEWELLED PHOTOFRAME,11,10,9,18.15,1.65
85025B,EAU DE NILE HEART SHAPE PHOTO FRAME,302,22,21,469.49999999999994,1.6409090909090909
85025C,PINK HEART SHAPE PHOTO FRAME,306,29,28,474.69999999999993,1.6433333333333333
85026B,EAU DE NILE JEWELLED T-LIGHT HOLDER,75,9,9,63.75,0.85
85027L,FRENCH CHATEAU LARGE PLATTER,65,19,17,150.75,2.8973684210526316
85028L,FRENCH CHATEAU LARGE FRUIT BOWL,10,4,4,19.5,1.95
85028S,FRENCH CHATEAU SMALL FRUITBOWL,24,8,8,51.599999999999994,2.025
85030,FRENCH CHATEAU OVAL PLATTER,15,6,6,29.25,1.95
85031A,ROMANTIC IMAGES SCRAP BOOK SET,16,7,7,45.9,3.892857142857143
85031B,BLOSSOM IMAGES SCRAP BOOK SET,1,1,1,4.95,4.95
85031C,CURIOUS IMAGES SCRAP BOOK SET,3,1,1,14.850000000000001,4.95
85032A,ROMANTIC IMAGES GIFT WRAP SET,737,96,82,679.1500000000001,0.7708333333333334
85032B,BLOSSOM IMAGES GIFT WRAP SET,739,93,84,655.8000000000001,0.7591397849462367
85032C,CURIOUS IMAGES GIFT WRAP SET,583,85,72,557.3000000000001,0.7848837209302325
85032D,YULETIDE IMAGES GIFT WRAP SET,618,59,58,459.70000000000005,0.8675
85034A,3 GARDENIA MORRIS BOXED CANDLES,482,70,58,819.54,2.329473684210526
85034B,3 WHITE CHOC MORRIS BOXED CANDLES,880,90,80,1357.44,2.0891304347826085
85034C,3 ROSE MORRIS BOXED CANDLES,1048,136,109,1482.64,1.8214685314685313
85035A,GARDENIA 3 WICK MORRIS BOXED CANDLE,254,74,60,651.54,3.367402597402598
85035B,CHOCOLATE 3 WICK MORRIS BOX CANDLE,557,43,38,816.25,2.5755813953488373
85035C,ROSE 3 WICK MORRIS BOX CANDLE,1090,107,86,1592.7,2.2063963963963964
85036A,GARDENIA 1 WICK MORRIS BOXED CANDLE,198,53,48,629.78,3.4633333333333334
85036B,CHOCOLATE 1 WICK MORRIS BOX CANDLE,346,43,40,528.08,2.129302325581395
85036C,ROSE 1 WICK MORRIS BOXED CANDLE,533,79,66,781.27,2.3284146341463416
85038,6 CHOCOLATE LOVE HEART T-LIGHTS,1014,110,70,1985.8600000000001,2.1428947368421056
85039A,SET/4 RED MINI ROSE CANDLE IN BOWL,443,40,26,583.2499999999999,1.59825
85039B,S/4 IVORY MINI ROSE CANDLE IN BOWL,491,51,38,669.91,1.6151923076923076
85039C,S/4 BLACK MINI ROSE CANDLE IN BOWL,221,13,10,128.29,1.3599999999999999
85040A,S/4 PINK FLOWER CANDLES IN BOWL,789,132,88,1318.4899999999998,1.7083941605839414
85040B,SET/4 BLUE FLOWER CANDLES IN BOWL,131,37,29,216.14999999999998,1.65
85042,ANTIQUE LILY FAIRY LIGHTS,-3,2,2,-14.850000000000001,4.95
85045,GREEN CHRISTMAS TREE STRING 20LIGHT,37,11,10,166.35,4.886363636363637
85047,WHITE BEADED GARLAND STRING 20LIGHT,0,4,4,0.8000000000000007,6.1499999999999995
85048,15CM CHRISTMAS GLASS BALL 20 LIGHTS,1225,236,173,9066.75,7.765126050420169
85049A,TRADITIONAL CHRISTMAS RIBBONS,2891,267,204,3587.8,1.2923897058823528
85049B,LUSH GREENS RIBBONS,54,13,13,67.5,1.25
85049C,ROMANTIC PINKS RIBBONS,1196,205,162,1468.85,1.2548571428571427
85049D,BRIGHT BLUES RIBBONS,537,102,85,671.25,1.25
85049E,SCANDINAVIAN REDS RIBBONS,2726,337,248,3473.45,1.2917784256559766
85049F,BABY BOOM RIBBONS,374,85,70,467.5,1.25
85049G,CHOCOLATE BOX RIBBONS,1559,229,162,1900.08,1.273723849372385
85049H,URBAN BLACK RIBBONS,447,73,58,519.22,1.194078947368421
85053,FRENCH ENAMEL CANDLEHOLDER,1513,247,158,3030.36,2.128809523809524
85054,FRENCH ENAMEL POT W LID,545,90,66,1219.01,2.7715384615384617
85055,FRENCH ENAMEL UTENSIL HOLDER,37,10,9,122.75,3.6700000000000004
85059,FRENCH ENAMEL WATER BASIN,282,81,62,748.71,3.3379268292682926
85061W,WHITE JEWELLED HEART DECORATION,1961,110,77,1588.55,0.8561538461538462
85062,PEARL CRYSTAL PUMPKIN T-LIGHT HLDR,1364,134,97,2208.2699999999995,1.6665925925925924
85063,CREAM SWEETHEART MAGAZINE RACK,-3,2,2,-46.849999999999994,15.95
85064,CREAM SWEETHEART LETTER RACK,203,25,21,856.75,5.323200000000001
85065,CREAM SWEETHEART TRAYS,-1,1,1,-12.75,12.75
85066,CREAM SWEETHEART MINI CHEST,1655,470,291,20000.12,12.618336842105263
85067,CREAM SWEETHEART WALL CABINET,7,5,5,126.64999999999999,18.55
85068,CREAM SWEETHEART SHELF + HOOKS,-1,1,1,-7.95,7.95
85071A,BLUE CHARLIE+LOLA PERSONAL DOORSIGN,824,92,78,64.40000000000002,0.7711702127659575
85071B,RED CHARLIE+LOLA PERSONAL DOORSIGN,1243,104,88,612.45,0.655377358490566
85071C,"CHARLIE+LOLA""EXTREMELY BUSY"" SIGN",607,72,62,313.78,0.7483561643835616
85071D,CHARLIE+LOLA MY ROOM DOOR SIGN,362,64,58,205.98,0.6845454545454546
85078,SCANDINAVIAN 3 HEARTS NAPKIN RING,1746,65,46,376.50000000000006,0.2989230769230769
85084,HOLLY TOP CHRISTMAS STOCKING,17,6,6,14.45,0.85
85086A,CANDY SPOT HEART DECORATION,45,8,8,38.25,0.85
85087,CANDY SPOT CUSHION COVER,39,8,7,116.41000000000001,2.9925
85088,CANDY SPOT HAND BAG,186,21,18,381.07000000000005,2.265909090909091
85089,CANDY SPOT BUNNY,13,5,5,38.35,2.95
85092,CANDY SPOT TEA COSY,27,2,2,40.05,2.3
85093,CANDY SPOT EGG WARMER HARE,451,20,20,227.49,0.5947619047619048
85094,CANDY SPOT EGG WARMER RABBIT,501,30,29,122.75000000000001,0.29600000000000004
85095,THREE CANVAS LUGGAGE TAGS,66,10,9,128.26,2.356
85096,HILDA CANDY SPOT RABBIT,20,11,10,75.0,3.75
85098B,BLUE FLYING SINGING CANARY,-1,1,1,-3.75,3.75
85099B,JUMBO BAG RED RETROSPOT,44963,1643,636,83056.52,2.0131404460518385
85099C,JUMBO  BAG BAROQUE BLACK WHITE,12490,663,306,23119.7,2.010179104477612
85099F,JUMBO BAG STRAWBERRY,16521,667,317,30120.83,2.0040508221225712
85103,SILVER T-LIGHT SETTING,54,7,6,325.3,6.292857142857143
85104,SILVER GLASS T-LIGHT SET,193,15,13,493.63,3.0753333333333335
85106,CUT GLASS HEXAGON T-LIGHT HOLDER,528,9,9,912.9599999999999,2.4544444444444444
85107,CUT GLASS T-LIGHT HOLDER OCTAGON,241,25,21,511.35,2.4225925925925926
85109,PINK BOUDOIR T-LIGHT HOLDER,12,1,1,10.2,0.85
85111,SILVER GLITTER FLOWER VOTIVE HOLDER,1395,51,40,416.07,0.30846153846153845
85114A,BLACK ENCHANTED FOREST PLACEMAT,585,42,20,893.25,1.630952380952381
85114B,IVORY ENCHANTED FOREST PLACEMAT,391,52,36,621.15,1.6423076923076922
85114C,RED ENCHANTED FOREST PLACEMAT,457,60,37,730.05,1.6436507936507936
85116,BLACK CANDELABRA T-LIGHT HOLDER,664,39,30,639.8000000000001,1.275
85118,HEART T-LIGHT HOLDER,129,8,5,119.49000000000001,1.1412499999999999
85123A,CREAM HANGING HEART T-LIGHT HOLDER,57,7,7,155.35,2.892857142857143
85123A,WHITE HANGING HEART T-LIGHT HOLDER,34128,2013,858,93767.8,2.8910204081632656
85124B,BLUE JUICY FRUIT PHOTO FRAME,76,30,23,193.79999999999998,2.55
85124C,GREEN JUICY FRUIT PHOTO FRAME,84,31,23,214.2,2.55
85125,SMALL ROUND CUT GLASS CANDLESTICK,127,18,14,574.75,4.794444444444444
85126,LARGE ROUND CUTGLASS CANDLESTICK,-1,1,1,-6.75,6.75
85127,SMALL SQUARE CUT GLASS CANDLESTICK,75,20,17,371.25,4.95
85129B,BEADED CRYSTAL HEART GREEN SMALL,101,16,10,124.11,1.389375
85129C,BEADED CRYSTAL HEART BLUE SMALL,77,12,8,99.88,1.5525
85129D,BEADED CRYSTAL HEART PINK SMALL,165,34,16,240.13,1.4991176470588234
85130A,BEADED PEARL HEART WHITE LARGE,77,10,10,127.04999999999998,1.65
85130B,BEADED CRYSTAL HEART GREEN LARGE,816,50,44,707.7,0.9564
85130C,BEADED CRYSTAL HEART BLUE  LARGE,478,43,37,424.06,0.9268181818181819
85130D,BEADED CRYSTAL HEART PINK LARGE,552,51,41,526.38,1.1207692307692307
85131A,BEADED PEARL HEART WHITE ON STICK,456,28,21,450.9,1.1839285714285714
85131B,BEADED CRYSTAL HEART GREEN ON STICK,142,13,2,120.38,0.8946153846153846
85131C,BEADED CRYSTAL HEART BLUE ON STICK,73,11,5,78.71,1.0036363636363637
85131D,BEADED CRYSTAL HEART PINK ON STICK,115,12,5,113.09,1.005
85132A,CHARLIE + LOLA BISCUITS TINS,451,53,38,959.4499999999999,2.8556603773584905
85132B,CHARLIE AND LOLA TABLE TINS,513,60,44,1048.35,2.75
85132C,CHARLIE AND LOLA FIGURES TINS,1399,130,96,2808.0499999999997,2.316412213740458
85135A,YELLOW DRAGONFLY HELICOPTER,15,6,6,119.25,7.95
85135B,BLUE DRAGONFLY HELICOPTER,46,35,28,365.7,7.949999999999999
85135C,RED DRAGONFLY HELICOPTER,77,50,41,612.15,7.95
85136A,YELLOW SHARK HELICOPTER,50,37,35,397.5,7.95
85136B,BLUE SHARK HELICOPTER,2,2,2,15.9,7.95
85136C,RED SHARK HELICOPTER,35,25,20,278.25,7.95
85141,JARDIN ETCHED GLASS FRUITBOWL,110,41,32,571.1,5.6865853658536585
85144,JARDIN ETCHED GLASS BUTTER DISH,1,1,1,7.25,7.25
85144,JARDIN ETCHED GLASS CHEESE DISH,219,40,37,575.45,3.889024390243902
85145,JARDIN ETCHED GLASS LARGE BELL JAR,37,13,12,163.75,5.303846153846154
85146,JARDIN ETCHED GLASS SMALL BELL JAR,43,8,8,147.85000000000002,3.6166666666666663
85150,LADIES & GENTLEMEN METAL SIGN,3893,371,196,8684.28,2.5131451612903226
85152,HAND OVER THE CHOCOLATE   SIGN,8064,593,270,15349.29,2.1010252100840336
85159A,"BLACK TEA,COFFEE,SUGAR JARS",411,51,38,697.05,2.057843137254902
85159B,"WHITE TEA,COFFEE,SUGAR JARS",584,72,45,1047.96,2.1516666666666664
85160B,BLACK BIRD GARDEN DESIGN MUG,103,16,15,45.33,0.44058823529411767
85161,ACRYLIC GEOMETRIC LAMP,12,9,8,221.39999999999998,18.727777777777774
85163A,WHITE BAROQUE WALL CLOCK,45,18,15,349.95,11.572222222222223
85163B,BLACK BAROQUE WALL CLOCK,43,15,11,320.85,11.336666666666668
85167B,BLACK GRAND BAROQUE PHOTO FRAME,48,7,7,93.0,3.392857142857143
85168B,BLACK BAROQUE CARRIAGE CLOCK,17,7,5,149.67,9.06142857142857
85169A,IVORY LOVE BIRD CANDLE,502,48,44,496.72,1.1691836734693877
85169B,BLACK LOVE BIRD CANDLE,201,25,17,191.49,1.1504
85169C,EAU DE NIL LOVE BIRD CANDLE,336,21,14,353.72,1.1833333333333333
85169D,PINK LOVE BIRD CANDLE,232,22,20,236.48000000000002,1.1659090909090908
85170A,SET/6 IVORY BIRD T-LIGHT CANDLES,1,1,1,2.1,2.1
85170B,SET/6 BLACK BIRD T-LIGHT CANDLES,178,24,14,193.8,1.8395833333333333
85170C,SET/6 EAU DE NIL BIRD T-LIGHTS,252,29,26,366.23,1.9544827586206897
85170D,SET/6 PINK BIRD T-LIGHT CANDLES,350,53,30,489.21000000000004,2.169811320754717
85172,HYACINTH BULB T-LIGHT CANDLES,1216,41,34,510.71999999999997,0.42
85173,SET/6 FROG PRINCE T-LIGHT CANDLES,429,50,41,615.7199999999999,2.1745098039215685
85174,S/4 CACTI CANDLES,491,82,56,1956.67,5.027317073170732
85175,CACTI T-LIGHT CANDLES,5087,134,85,2024.06,0.41947761194029853
85176,SEWING SUSAN 21 NEEDLE SET,625,76,50,541.39,0.9218421052631579
85177,BASKET OF FLOWERS SEWING KIT,773,43,40,598.91,0.8813953488372093
85178,VICTORIAN SEWING KIT,2081,103,77,2318.09,1.261826923076923
85179A,GREEN BITTY LIGHT CHAIN,119,17,15,188.31,2.9770588235294118
85179C,PINK BITTY LIGHT CHAIN,69,7,7,89.65,1.7357142857142858
85180A,RED HEARTS LIGHT CHAIN,428,38,32,816.44,3.0930769230769233
85180B,PINK HEARTS LIGHT CHAIN,196,21,19,381.0,3.354761904761905
85183A,CHARLIE & LOLA WASTEPAPER BIN BLUE,655,83,61,803.25,1.326470588235294
85183B,CHARLIE & LOLA WASTEPAPER BIN FLORA,977,106,84,1228.25,1.4042056074766356
85184C,S/4 VALENTINE DECOUPAGE HEART BOX,1368,92,82,2025.1000000000001,2.2989130434782608
85184C,SET 4 VALENTINE DECOUPAGE HEART BOX,151,44,38,441.53000000000003,3.0673333333333335
85185B,PINK HORSE SOCK PUPPET,240,45,40,688.8000000000001,2.932608695652174
85185B,PINK HORSE SOCK PUPPET KIT,41,15,13,120.95000000000002,2.95
85185D,FROG SOCK PUPPET,15,8,7,44.25000000000001,2.95
85186A,EASTER BUNNY GARLAND OF FLOWERS,477,37,35,200.34,0.42
85186C,BUNNY EGG GARLAND,393,34,32,165.06,0.42
85187,S/12 MINI RABBIT EASTER,324,58,53,515.4,1.6433333333333333
85188A,GREEN METAL SWINGING BUNNY,299,35,29,254.14999999999998,0.85
85188B,PINK METAL SWINGING BUNNY,75,8,8,63.74999999999999,0.85
85189,HANGING BUTTERFLY  EGG,9,3,2,7.6499999999999995,0.85
85194L,HANGING SPRING FLOWER EGG LARGE,872,59,52,722.4799999999999,0.8477966101694915
85194S,HANGING SPRING FLOWER EGG SMALL,1134,58,50,429.36,0.4675862068965517
85195,HANGING HEART BASKET,11,3,3,23.1,2.1
85197,SET OF 12 MINI BUNNIES IN A BUCKET,32,18,18,67.2,2.1
85198,ASSORTED FARMYARD ANIMALS IN BUCKET,86,6,6,68.06,0.815
85199L,LARGE HANGING IVORY & RED WOOD BIRD,912,67,52,589.9200000000001,0.6482089552238806
85199S,SMALL HANGING IVORY/RED WOOD BIRD,2203,158,101,933.05,0.44236363636363635
85200,BUNNY EGG BOX,183,26,24,228.75,1.25
85202,HANGING WOOD AND FELT HEART,296,39,34,124.32,0.42
85203,HANGING WOOD AND FELT BUTTERFLY,569,49,45,237.54,0.41888888888888887
85204,HANGING WOOD AND FELT FLOWER,1870,43,40,248.76,0.1868181818181818
85205B,PINK FELT EASTER RABBIT GARLAND,116,24,22,295.8,2.55
85206A,CREAM FELT EASTER EGG BASKET,914,103,99,1446.8999999999999,1.6423076923076922
85206B,PINK FELT EASTER EGG BASKET,14,4,4,23.099999999999998,1.65
85208,SET/12 FUNKY FELT FLOWER PEG IN BAG,160,24,22,296.64000000000004,2.0829166666666667
85211,S/4 GROOVY CAT MAGNETS,140,18,15,150.34,1.21
85212,MINI PAINTED GARDEN DECORATION,2427,70,60,702.4699999999999,0.3677142857142857
85213,MINI  ZINC GARDEN DECORATIONS,808,25,23,297.03999999999996,0.5364
85214,TUB 24 PINK FLOWER PEGS,103,43,36,169.95,1.6500000000000001
85215,ASSORTED CHEESE FRIDGE MAGNETS,163,8,8,105.95000000000002,0.65
85216,ASSORTED CAKES FRIDGE MAGNETS,55,8,6,35.75,0.65
85224,ASSORTED COLOUR SILK GLASSES CASE,3,1,1,6.300000000000001,2.1
85225,BLING KEY RING STAND,6,3,3,6.25,1.0833333333333333
85227,SET OF 6 3D KIT CARDS FOR KIDS,1311,147,115,1097.73,0.8744370860927152
85230A,OPIUM SCENTED VOTIVE CANDLE,840,18,14,203.27999999999997,0.2633333333333333
85230B,CINNAMON SCENTED VOTIVE CANDLE,1264,38,30,326.23999999999995,0.27736842105263154
85230E,STRAWBRY SCENTED VOTIVE CANDLE,1101,24,17,267.45,0.26666666666666666
85230F,JASMINE VOTIVE CANDLE,338,12,11,90.33999999999999,0.27666666666666667
85230G,ORANGE VOTIVE CANDLE,984,26,20,243.11999999999998,0.2715384615384615
85231B,CINAMMON SET OF 9 T-LIGHTS,787,109,74,662.7099999999999,0.8894642857142856
85231G,ORANGE SCENTED SET/9 T-LIGHTS,563,67,49,462.95,0.8576470588235294
85232A,SET/3 POLKADOT STACKING TINS,71,26,22,334.65000000000003,4.923076923076923
85232B,SET OF 3 BABUSHKA STACKING TINS,12,15,8,63.59999999999991,4.856666666666667
85232D,SET/3 DECOUPAGE STACKING TINS,171,54,45,812.85,4.924074074074075
90000A,RASPBERRY ANT COPPER FLOWER NECKLAC,11,6,6,65.45,5.95
90000B,MIDNIGHT BLUE COPPER FLOWER NECKLAC,3,2,2,17.85,5.95
90000D,COPPER/OLIVE GREEN FLOWER NECKLACE,6,4,4,35.7,5.95
90001A,ANTIQUE RASPBERRY FLOWER EARRINGS,2,1,1,8.5,4.25
90001B,ANTIQUE MID BLUE FLOWER EARRINGS,4,2,2,17.0,4.25
90001C,ANTIQUE OPAL WHITE FLOWER EARRINGS,2,2,2,8.5,4.25
90001D,ANTIQUE OLIVE GREEN FLOWER EARRINGS,5,3,3,21.25,4.25
90002D,FLOWER BURST SILVER RING CRYSTAL,10,6,5,37.5,3.75
90003B,ROSE COLOUR PAIR HEART HAIR SLIDES,2,4,3,7.5,3.75
90003C,MIDNIGHT BLUE PAIR HEART HAIR SLIDE,8,6,5,30.0,3.75
90003D,CRYSTAL PAIR HEART HAIR SLIDES,14,8,7,52.5,3.75
90003E,GREEN PAIR HEART HAIR SLIDES,4,3,2,15.0,3.75
90010A,MIDNIGHT BLUE GLASS/SILVER BRACELET,7,5,5,62.64999999999999,8.95
90010B,BLACK/WHITE GLASS/SILVER BRACELET,7,3,3,62.64999999999999,8.95
90010E,AMBER GLASS/SILVER BRACELET,10,7,7,89.5,8.95
90011A,MIDNIGHT BLUE CRYSTAL DROP EARRINGS,1,1,1,2.95,2.95
90011B,BLACK CRYSTAL DROP EARRINGS,7,2,2,20.650000000000002,2.95
90012A,MIDNIGHT BLUE DROP CRYSTAL NECKLACE,8,2,2,23.6,2.95
90012B,BLACK DROP CRYSTAL NECKLACE,12,2,2,35.400000000000006,2.95
90013A,MIDNIGHT BLUE VINTAGE EARRINGS,8,4,3,30.0,3.75
90013C,GREEN VINTAGE EARRINGS,11,4,4,41.25,3.75
90014A,SILVER M.O.P. ORBIT NECKLACE,8,3,3,23.6,2.9500000000000006
90014A,SILVER/MOP ORBIT NECKLACE,8,7,5,79.6,9.95
90014B,GOLD M PEARL  ORBIT NECKLACE,8,6,5,79.6,9.95
90014B,GOLD M.O.P. ORBIT NECKLACE,2,2,2,5.9,2.95
90014C,SILVER AND BLACK ORBIT NECKLACE,1,1,1,2.95,2.95
90014C,SILVER/BLACK ORBIT NECKLACE,3,2,2,29.849999999999998,9.95
90016A,SILVER/M.O.P PENDANT ORBIT NECKLACE,14,4,4,80.75,7.4375
90016B,GOLD/M.O.P PENDANT ORBIT NECKLACE,9,8,6,76.5,8.5
90018A,SILVER M.O.P ORBIT DROP EARRINGS,16,10,8,68.0,4.25
90018B,GOLD M.O.P ORBIT DROP EARRINGS,8,5,5,34.0,4.25
90018C,SILVER BLACK ORBIT DROP EARRINGS,5,4,3,21.25,4.25
90019A,SILVER M.O.P ORBIT BRACELET,18,9,8,89.10000000000001,4.95
90019B,GOLD M.O.P ORBIT BRACELET,2,2,2,9.9,4.95
90019C,SILVER BLACK ORBIT BRACELET,4,3,3,19.8,4.95
90021,LASER CUT MULTI STRAND NECKLACE,1,1,1,11.95,11.95
90022,EDWARDIAN DROP EARRINGS JET BLACK,4,5,4,15.0,3.75
90023,FILIGREE DIAMANTE EARRINGS,8,4,2,34.0,4.25
90024B,NEW BAROQUE B'FLY NECKLACE RED,2,3,2,17.0,8.5
90024C,NEW BAROQUE B'FLY NECKLACE GREEN,2,1,1,17.0,8.5
90024D,NEW BAROQUE B'FLY NECKLACE PINK,1,1,1,8.5,8.5
90024F,NEW BAROQUE B'FLY NECKLACE CRYSTAL,2,1,1,17.0,8.5
90025A,BAROQUE BUTTERFLY EARRINGS BLACK,2,2,2,7.5,3.75
90025F,BAROQUE BUTTERFLY EARRINGS CRYSTAL,1,1,1,3.75,3.75
90026A,GLASS BEAD HOOP NECKLACE BLACK,2,1,1,17.0,8.5
90026B,GLASS BEAD HOOP NECKLACE MONTANA,2,2,2,17.0,8.5
90026C,GLASS BEAD HOOP NECKLACE GREEN,3,2,2,25.5,8.5
90026D,GLASS BEAD HOOP NECKLACE AMETHYST,3,3,3,25.5,8.5
90027A,GLASS BEAD HOOP EARRINGS BLACK,4,1,1,11.8,2.95
90027D,GLASS BEAD HOOP EARRINGS AMETHYST,4,1,1,11.8,2.95
90028,NEW BAROQUE LARGE NECKLACE BLK/WHIT,2,1,1,17.0,8.5
90029,NEW BAROQUE SMALL NECKLACE BLACK,3,2,2,25.5,8.5
90030A,SPOTTED WHITE NATURAL SEED NECKLACE,72,7,7,72.0,1.0
90030B,RED KUKUI COCONUT SEED NECKLACE,112,15,13,131.8,1.3299999999999998
90030C,BROWN KUKUI COCONUT SEED NECKLACE,74,8,8,74.0,1.0
90031,BILI NUT AND WOOD NECKLACE,48,5,5,48.0,1.0
90032,IVORY SHELL HEART NECKLACE,19,6,4,90.67,5.73
90033,IVORY SHELL HEART EARRINGS,2,1,1,5.1,2.55
90035A,"PEARL & SHELL 42""NECKL. GREEN",4,2,1,43.0,10.75
90035C,"PEARL & SHELL 42""NECKL. IVORY",2,1,1,21.5,10.75
90036A,FLOWER GARLAND NECKLACE RED,6,4,3,47.7,7.95
90036B,"FLOWER GLASS GARLAND NECKL.36""GREEN",4,2,2,31.8,7.95
90036C,"FLOWER GLASS GARLAND NECKL.36""BLUE",6,2,2,47.7,7.95
90036D,"FLOWER GLASS GARLAND NECKL.36""BLACK",11,4,4,87.45,7.95
90036E,"FLOWER GLASS GARLD NECKL36""AMETHYST",7,5,4,55.650000000000006,7.95
90036F,"FLOWER GLASS GARLD NECKL36""TURQUOIS",4,1,1,31.8,7.95
90037B,TINY CRYSTAL BRACELET GREEN,6,1,1,15.299999999999999,2.55
90038A,GLASS AND PAINTED BEADS BRACELET TO,6,1,1,22.5,3.75
90038B,GLASS AND PAINTED BEADS BRACELET OL,6,1,1,22.5,3.75
90038C,GLASS AND BEADS BRACELET IVORY,6,1,1,22.5,3.75
90039A,FIRE POLISHED GLASS BRACELET RED,6,1,1,22.5,3.75
90039B,FIRE POLISHED GLASS BRACELET MONTAN,6,1,1,22.5,3.75
90039C,FIRE POLISHED GLASS BRACELET BLACK,1,1,1,3.75,3.75
90039D,FIRE POLISHED GLASS BRACELET GREEN,14,2,2,52.5,3.75
90040A,MURANO STYLE GLASS BRACELET RED,6,2,2,21.0,3.5
90040B,MURANO STYLE GLASS BRACELET BLACK,4,2,2,14.0,3.5
90040C,MURANO STYLE GLASS BRACELET GOLD,7,3,3,24.5,3.5
90041,PEARL AND CHERRY QUARTZ BRACLET,2,1,1,7.0,3.5
90042A,FRESHWATER PEARL BRACELET GOLD,3,2,1,7.6499999999999995,2.55
90043,COPPER AND BRASS BAG CHARM,4,2,2,24.810000000000002,7.455
90046,WHITE WITH METAL BAG CHARM,3,1,1,14.850000000000001,4.95
90048,GREEN WITH METAL BAG CHARM,3,1,1,14.850000000000001,4.95
90049,IVORY GOLD METAL BAG CHARM,5,3,2,34.77,8.290000000000001
90050,CRACKED GLAZE NECKLACE IVORY,4,3,2,27.800000000000004,6.95
90051,CRACKED GLAZE NECKLACE RED,6,3,3,41.7,6.95
90054,CRACKED GLAZE EARRINGS RED,1,1,1,2.55,2.55
90055,CRACKED GLAZE EARRINGS BROWN,1,1,1,2.55,2.55
90057,DIAMANTE RING ASSORTED IN BOX.,1008,22,21,1311.3600000000001,1.3472727272727274
90058A,CRYSTAL STUD EARRINGS CLEAR DISPLAY,288,8,7,109.44,0.38
90058B,CRYSTAL STUD EARRINGS ASSORTED COL,576,16,15,218.88,0.38
90059A,DIAMANTE HAIR GRIP PACK/2 CRYSTAL,0,2,1,0.0,1.65
90059B,DIAMANTE HAIR GRIP PACK/2 BLACK DIA,3,4,3,4.950000000000001,1.65
90059C,DIAMANTE HAIR GRIP PACK/2 MONTANA,2,4,3,3.3000000000000003,1.65
90059D,DIAMANTE HAIR GRIP PACK/2 PERIDOT,0,2,1,0.0,1.65
90059E,DIAMANTE HAIR GRIP PACK/2 RUBY,4,4,3,6.6,1.65
90059F,DIAMANTE HAIR GRIP PACK/2 LT ROSE,3,4,3,4.950000000000001,1.65
90060B,FIRE POLISHED GLASS NECKL GOLD,1,1,1,5.95,5.95
90060D,FIRE POLISHED GLASS NECKL BRONZE,3,3,3,17.85,5.95
90062,CARNIVAL BRACELET,19,7,6,242.25,12.75
90063A,WHITE VINT ART DECO CRYSTAL NECKLAC,11,7,7,93.5,8.5
90063B,BLACK VINT ART DEC CRYSTAL NECKLACE,8,5,5,68.0,8.5
90064A,WHITE VINTAGE CRYSTAL EARRINGS,7,3,3,26.25,3.75
90064B,BLACK VINTAGE  CRYSTAL EARRINGS,10,7,6,37.5,3.75
90065A,WHITE VINTAGE CRYSTAL BRACELET,6,3,3,40.5,6.75
90065B,BLACK VINT ART DEC CRYSTAL BRACELET,1,1,1,6.75,6.75
90067A,PINK VINTAGE VICTORIAN EARRINGS,10,3,3,29.500000000000004,2.9500000000000006
90069,RUBY GLASS CLUSTER NECKLACE,2,1,1,15.0,7.5
90070,RUBY GLASS CLUSTER BRACELET,5,4,3,29.75,5.95
90071,RUBY GLASS CLUSTER EARRINGS,1,1,1,1.25,1.25
90072,RUBY DROP CHANDELIER EARRINGS,10,3,2,37.5,3.75
90073,VINTAGE ENAMEL & CRYSTAL EARRINGS,13,4,4,64.35000000000001,4.95
90074,BLACK DIAMOND CLUSTER NECKLACE,2,1,1,17.9,8.95
90076,MONTANA DIAMOND CLUSTER EARRINGS,5,2,1,12.75,2.55
90078,PINK/WHITE GLASS DEMI CHOKER,2,1,1,15.0,7.5
90079,VINTAGE ENAMEL & CRYSTAL NECKLACE,5,2,2,24.75,4.95
90081A,LILY BROOCH AMETHYST COLOUR,15,8,7,74.25,4.95
90081C,LILY BROOCH OLIVE COLOUR,11,6,6,54.45,4.95
90082A,DIAMANTE BOW BROOCH GREEN COLOUR,21,10,8,133.35,6.35
90082B,DIAMANTE BOW BROOCH RED COLOUR,25,10,8,158.75,6.35
90082D,DIAMANTE BOW BROOCH BLACK COLOUR,7,4,4,44.449999999999996,6.35
90083,CRYSTAL CZECH CROSS PHONE CHARM,19,4,2,13.69,1.27
90084,PINK CRYSTAL GUITAR PHONE CHARM,1,1,1,0.85,0.85
90085,CRYSTAL STILETTO PHONE CHARM,24,2,2,20.4,0.85
90086,CRYSTAL FROG PHONE CHARM,85,11,5,49.93,1.2863636363636362
90087,CRYSTAL SEA HORSE PHONE CHARM,90,8,4,33.66,1.1724999999999999
90089,PINK CRYSTAL SKULL PHONE CHARM,13,2,2,2.47,0.19
90093,CLEAR CRYSTAL STAR PHONE CHARM,47,6,5,20.39,0.89
90094,NECKLACE+BRACELET SET FRUIT SALAD,13,12,12,33.15,2.55
90096,NECKLACE+BRACELET SET BLUE BLOSSOM,8,3,3,20.4,2.55
90098,NECKLACE+BRACELET PINK BUTTERFLY,22,10,9,56.099999999999994,2.55
90099,NECKLACE+BRACELET SET BLUE HIBISCUS,20,13,12,51.0,2.55
90100,NECKLACE+BRACELET SET PINK DAISY,1,1,1,2.55,2.55
90101,WHITE FRANGIPANI NECKLACE,9,5,3,22.95,2.55
90102,WHITE FRANGIPANI HAIR CLIP,10,1,1,8.5,0.85
90103,PURPLE FRANGIPANI NECKLACE,8,2,2,20.4,2.55
90104,PURPLE FRANGIPANI HAIRCLIP,1,1,1,0.85,0.85
90108,BLUE BLOSSOM HAIR CLIP,54,7,6,56.7,1.05
90114,SUMMER DAISIES BAG CHARM,66,11,11,168.29999999999998,2.55
90116,FRUIT SALAD BAG CHARM,16,3,3,27.04,1.6900000000000002
90118,PINK DAISY BAG CHARM,0,2,1,0.0,2.55
90119,METALIC LEAVES BAG CHARMS,59,15,3,145.76999999999998,2.472
90120B,BLUE MURANO TWIST BRACELET,20,5,5,85.0,4.25
90120C,GREEN MURANO TWIST BRACELET,31,7,6,131.75,4.25
90120D,WHITE MURANO TWIST BRACELET,2,2,2,8.5,4.25
90122A,PINK CRYSTAL+GLASS BRACELET,8,3,3,39.6,4.95
90122B,JADE CRYSTAL+GLASS BRACELET,1,1,1,4.95,4.95
90122C,TURQUOISE CRYSTAL+GLASS BRACELET,17,5,3,84.15,4.95
90123A,PINK HEART OF GLASS BRACELET,14,8,8,83.3,5.95
90123B,TURQUOISE HEART OF GLASS BRACELET,8,4,4,47.6,5.95
90123C,GREEN HEART OF GLASS BRACELET,13,5,5,77.35,5.95
90123D,WHITE HEART OF GLASS BRACELET,3,2,2,17.85,5.95
90124A,PINK MURANO TWIST NECKLACE,6,4,4,59.699999999999996,9.95
90124B,BLUE MURANO TWIST NECKLACE,4,3,3,39.8,9.95
90124C,GREEN MURANO TWIST NECKLACE,7,4,4,69.64999999999999,9.95
90125A,PINK BERTIE GLASS BEAD BAG CHARM,109,6,4,93.89999999999999,1.0583333333333333
90125B,AQUA BERTIE GLASS BEAD BAG CHARM,19,3,3,24.9,1.6833333333333336
90125C,TURQUOISE BERTIE GLASS BEAD CHARM,73,3,2,63.3,1.2666666666666666
90125D,PURPLE BERTIE GLASS BEAD BAG CHARM,74,5,3,65.39999999999999,1.35
90125E,AMBER BERTIE GLASS BEAD BAG CHARM,1,1,1,2.1,2.1
90128B,BLUE LEAVES AND BEADS PHONE CHARM,1,1,1,1.25,1.25
90129A,PINK GLASS TASSLE BAG CHARM,7,3,3,20.650000000000002,2.9500000000000006
90129B,TURQUOISE GLASS TASSLE BAG CHARM,21,6,6,61.95000000000001,2.9500000000000006
90129C,GREEN GLASS TASSLE BAG CHARM,17,6,6,50.150000000000006,2.9500000000000006
90129D,AMBER GLASS TASSLE BAG CHARM,8,2,2,23.6,2.95
90129E,PURPLE GLASS TASSLE BAG CHARM,6,1,1,17.700000000000003,2.95
90129F,RED GLASS TASSLE BAG CHARM,16,5,5,47.2,2.95
90130A,WHITE STONE/CRYSTAL EARRINGS,1,1,1,2.95,2.95
90130B,TURQ STONE/CRYSTAL EARRINGS,9,3,3,26.55,2.9500000000000006
90131,PINK/AMETHYST/GOLD NECKLACE,4,1,1,27.8,6.95
90133,TEAL/FUSCHIA COL BEAD NECKLACE,9,3,3,44.55,4.95
90135,ORANGE/WHT/FUSCHIA STONES NECKLACE,6,1,1,29.700000000000003,4.95
90136,PALE PINK/AMETHYST STONE NECKLACE,3,2,2,29.849999999999998,9.95
90138,WHITE/PINK MINI CRYSTALS NECKLACE,4,1,1,19.8,4.95
90141A,GREEN PENDANT TRIPLE SHELL NECKLACE,4,2,2,19.8,4.95
90141B,IVORY PENDANT TRIPLE SHELL NECKLACE,6,2,2,29.700000000000003,4.95
90141C,TURQ PENDANT TRIPLE SHELL NECKLACE,4,2,2,19.8,4.95
90141D,ROSE PENDANT TRIPLE SHELL NECKLACE,3,1,1,14.850000000000001,4.95
90141E,ORANGE PENDANT TRIPLE SHELL NECKLAC,3,1,1,14.850000000000001,4.95
90142D,MOP PENDANT SHELL NECKLACE,9,3,3,44.55,4.95
90143,SILVER BRACELET W PASTEL FLOWER,17,8,7,127.5,7.5
90144,SILVER DROP EARRINGS WITH FLOWER,7,3,3,26.25,3.75
90145,SILVER HOOP EARRINGS WITH FLOWER,21,11,7,124.95,5.95
90146,FINE SILVER NECKLACE W PASTEL FLOWE,13,3,3,63.75,6.25
90147,CHUNKY SILVER NECKLACE PASTEL FLOWE,19,13,10,189.04999999999998,9.95
90148,LONG SILVER NECKLACE PASTEL FLOWER,6,6,5,76.5,12.75
90149,SILVER FLOWR PINK SHELL NECKLACE,52,3,2,335.28000000000003,7.12
90151,SILVER/NATURAL SHELL NECKLACE,8,4,2,68.0,8.5
90152A,SILVER/NAT SHELL NECKLACE W PENDANT,3,3,3,17.85,5.95
90152B,BLUE/GREEN SHELL NECKLACE W PENDANT,1,1,1,5.95,5.95
90152C,BLUE/NAT SHELL NECKLACE W PENDANT,1,1,1,5.95,5.95
90154,LAZER CUT NECKLACE W PASTEL BEADS,57,5,5,421.75,8.61
90155,RESIN NECKLACE W PASTEL BEADS,6,4,4,45.0,7.5
90156,RESIN BRACELET W PASTEL BEADS,3,2,2,14.850000000000001,4.95
90157,RIVIERA NECKLACE,7,2,2,34.65,4.95
90158,ST TROPEZ NECKLACE,14,6,6,69.30000000000001,4.95
90159,COTE D'AZURE NECKLACE,3,2,2,14.850000000000001,4.95
90160A,PURPLE BOUDICCA LARGE BRACELET,24,12,10,166.8,6.95
90160B,RED BOUDICCA LARGE BRACELET,21,8,7,145.95000000000002,6.95
90160C,TURQ+RED BOUDICCA LARGE BRACELET,41,16,14,284.95000000000005,6.95
90160D,PINK BOUDICCA LARGE BRACELET,32,9,9,222.4,6.95
90161A,ANT COPPER RED BOUDICCA BRACELET,9,6,6,44.550000000000004,4.95
90161B,ANT COPPER TURQ BOUDICCA BRACELET,45,12,10,222.75,4.95
90161C,ANT COPPER LIME BOUDICCA BRACELET,45,15,13,222.75,4.95
90161D,ANT COPPER PINK BOUDICCA BRACELET,31,9,6,153.45000000000002,4.95
90162A,ANT SILVER TURQUOISE BOUDICCA RING,6,1,1,17.700000000000003,2.95
90162B,ANT SILVER LIME GREEN BOUDICCA RING,26,11,7,76.70000000000002,2.95
90162C,ANT SILVER FUSCHIA BOUDICCA RING,14,7,3,41.300000000000004,2.95
90162D,ANT SILVER PURPLE BOUDICCA RING,10,5,3,29.500000000000004,2.95
90163A,PINK ROSEBUD & PEARL NECKLACE,4,2,2,30.0,7.5
90163B,WHITE ROSEBUD & PEARL NECKLACE,2,1,1,15.0,7.5
90164A,PINK ROSEBUD PEARL BRACELET,19,6,6,70.35,4.7250000000000005
90164B,WHITE  ROSEBUD PEARL BRACELET,28,7,7,65.7,2.742857142857143
90165B,WHITE ROSEBUD  PEARL EARRINGS,1,1,1,2.55,2.55
90166,PINK & WHITE ROSEBUD RING,14,8,4,58.900000000000006,4.1875
90167,BEADED LOVE HEART JEWELLERY SET,10,1,1,8.5,0.85
90168,2 DAISIES HAIR COMB,0,2,1,0.0,2.95
90169,DAISY HAIR COMB,0,2,1,0.0,2.55
90170,DAISY HAIR BAND,34,7,6,56.099999999999994,1.65
90173,PAIR BUTTERFLY HAIR CLIPS,16,3,3,60.0,3.75
90174,BUTTERFLY HAIR BAND,4,6,4,10.200000000000001,2.55
90175A,WHITE GLASS CHUNKY CHARM BRACELET,9,8,6,80.55,8.95
90175C,BLUE GLASS CHUNKY CHARM BRACELET,9,6,6,80.55,8.95
90175D,TIGRIS EYE CHUNKY CHARM BRACELET,3,2,2,26.849999999999998,8.95
90176A,CLASSIC DIAMANTE NECKLACE JET,1,2,1,7.5,7.5
90176B,DIAMANTE NECKLACE BLACK,2,1,1,15.0,7.5
90176C,DIAMANTE NECKLACE,2,1,1,15.0,7.5
90176D,DIAMANTE NECKLACE PURPLE,6,5,4,45.0,7.5
90176E,DIAMANTE NECKLACE GREEN,3,2,2,22.5,7.5
90177A,CLASSIC DIAMANTE EARRINGS JET,0,2,1,0.0,2.95
90177B,DROP DIAMANTE EARRINGS BLACK DIAMON,7,2,2,20.650000000000002,2.95
90177C,DROP DIAMANTE EARRINGS CRYSTAL,7,4,3,20.650000000000002,2.95
90177D,DROP DIAMANTE EARRINGS PURPLE,11,7,5,32.45,2.95
90177E,DROP DIAMANTE EARRINGS GREEN,0,2,1,0.0,2.95
90178A,AMBER CHUNKY GLASS+BEAD NECKLACE,6,6,6,71.69999999999999,11.949999999999998
90178B,PURPLE CHUNKY GLASS+BEAD NECKLACE,1,1,1,11.95,11.95
90179A,AMBER FINE BEAD NECKLACE W TASSEL,3,2,2,17.85,5.95
90179C,BLACK FINE BEAD NECKLACE W TASSEL,1,1,1,5.95,5.95
90180A,BLACK+WHITE NECKLACE W TASSEL,13,5,5,87.35,8.55
90180B,PURPLE AMETHYST NECKLACE W TASSEL,3,3,3,29.849999999999998,9.95
90181A,AMBER GLASS/SHELL/PEARL NECKLACE,1,1,1,8.95,8.95
90182C,BLACK 3 BEAD DROP EARRINGS,0,2,1,0.0,2.95
90183A,AMBER DROP EARRINGS W LONG BEADS,14,6,5,41.300000000000004,2.9500000000000006
90183C,BLACK DROP EARRINGS W LONG BEADS,1,1,1,2.95,2.95
90184A,AMBER CHUNKY BEAD BRACELET W STRAP,8,4,4,71.6,8.95
90184B,AMETHYST CHUNKY BEAD BRACELET W STR,21,11,11,187.95,8.95
90184C,BLACK CHUNKY BEAD BRACELET W STRAP,11,7,7,98.44999999999999,8.95
90185A,AMBER DIAMANTE EXPANDABLE RING,16,6,5,68.0,4.25
90185B,AMETHYST DIAMANTE EXPANDABLE RING,4,5,3,17.0,4.25
90185C,BLACK DIAMANTE EXPANDABLE RING,5,8,6,21.25,4.25
90185D,CRYSTAL DIAMANTE EXPANDABLE RING,32,8,7,136.0,4.25
90186A,AMETHYST HOOP EARRING FLORAL LEAF,4,3,3,11.8,2.9500000000000006
90186B,CRYSTAL HOOP EARRING FLORAL LEAF,12,6,6,35.400000000000006,2.9500000000000006
90187B,GREEN DROP EARRINGS W BEAD CLUSTER,4,1,1,13.4,3.35
90188,DROP EARRINGS W FLOWER & LEAF,2,2,2,5.1,2.55
90189A,SILVER 2 STRAND NECKLACE-LEAF CHARM,2,2,2,15.0,7.5
90190A,SILVER/CRYSTAL DROP EARRINGS W LEAF,6,1,1,17.700000000000003,2.95
90190B,GOLD/AMBER DROP EARRINGS W LEAF,6,1,1,17.700000000000003,2.95
90190C,SILVER/AMETHYST DROP EARRINGS LEAF,5,4,4,14.75,2.95
90191,SILVER LARIAT 40CM,22,7,7,113.9,8.55
90192,JADE DROP EARRINGS W FILIGREE,21,9,5,103.95,4.95
90194,SILVER LARIAT BLACK STONE EARRINGS,12,6,6,51.0,4.25
90195A,PURPLE GEMSTONE BRACELET,16,7,7,95.2,6.378571428571428
90195B,BLACK GEMSTONE BRACELET,3,3,3,20.849999999999998,6.949999999999999
90196A,PURPLE GEMSTONE NECKLACE 45CM,8,5,5,102.0,12.75
90196B,BLACK GEMSTONE NECKLACE 45CM,4,4,4,51.0,12.75
90197B,BLACK GLASS BRACELET W HEART CHARMS,3,1,1,14.850000000000001,4.95
90198A,VINTAGE ROSE BEAD BRACELET RASPBERR,34,10,8,144.5,4.25
90198B,VINTAGE ROSE BEAD BRACELET BLACK,30,11,11,127.5,4.25
90199A,5 STRAND GLASS NECKLACE BLACK,8,3,3,50.8,6.349999999999999
90199B,5 STRAND GLASS NECKLACE AMETHYST,2,1,1,12.7,6.35
90199C,5 STRAND GLASS NECKLACE CRYSTAL,15,8,7,95.25,6.35
90199D,5 STRAND GLASS NECKLACE AMBER,2,2,2,12.7,6.35
90200A,PURPLE SWEETHEART BRACELET,41,16,14,174.25,4.25
90200B,BLACK SWEETHEART BRACELET,66,25,18,280.5,4.25
90200C,BLUE SWEETHEART BRACELET,20,6,6,85.0,4.25
90200D,PINK SWEETHEART BRACELET,98,24,21,404.5,4.229166666666667
90200E,GREEN SWEETHEART BRACELET,76,18,15,311.0,4.222222222222222
90201A,PURPLE ENAMEL FLOWER RING,43,12,11,126.85000000000001,2.9500000000000006
90201B,BLACK ENAMEL FLOWER RING,57,12,9,168.15000000000003,2.9500000000000006
90201C,RED ENAMEL FLOWER RING,46,13,12,135.70000000000002,2.95
90201D,GREEN ENAMEL FLOWER RING,46,9,9,135.70000000000002,2.95
90202A,PURPLE ENAMEL FLOWER HAIR TIE,0,2,1,0.0,2.95
90202B,WHITE ENAMEL FLOWER HAIR TIE,1,3,2,2.9499999999999993,2.9500000000000006
90202C,GREEN ENAMEL FLOWER HAIR TIE,1,3,2,2.9499999999999993,2.9500000000000006
90202D,PINK ENAMEL FLOWER HAIR TIE,6,3,2,17.700000000000003,2.9500000000000006
90204,PAIR OF ENAMEL BUTTERFLY HAIRCLIP,13,9,8,43.55,3.35
90205A,LARGE MINT DIAMANTE HAIRSLIDE,16,6,6,26.4,1.6499999999999997
90205C,LARGE CRYSTAL DIAMANTE HAIRSLIDE,6,3,3,9.899999999999999,1.6499999999999997
90206A,GOLD DIAMANTE STAR BROOCH,6,3,2,29.700000000000003,4.95
90206C,CRYSTAL DIAMANTE STAR BROOCH,12,7,6,59.400000000000006,4.95
90208,PAIR OF PINK FLOWER CLUSTER SLIDE,4,5,4,10.2,2.55
90209A,PURPLE ENAMEL+GLASS HAIR COMB,78,5,3,151.2,2.0300000000000002
90209B,GREEN ENAMEL+GLASS HAIR COMB,104,11,7,189.0,2.0416666666666665
90209C,PINK ENAMEL+GLASS HAIR COMB,228,13,8,407.4,2.019230769230769
90210A,GREY ACRYLIC FACETED BANGLE,26,3,3,35.9,1.8166666666666667
90210B,CLEAR ACRYLIC FACETED BANGLE,40,6,6,58.6,2.016666666666667
90210C,RED   ACRYLIC FACETED BANGLE,94,5,5,115.9,1.49
90210D,PURPLE ACRYLIC FACETED BANGLE,104,5,4,125.0,1.15
90211A,DIAMOND LAS VEGAS NECKLACE 45CM,5,3,3,29.75,5.95
90211B,JET BLACK LAS VEGAS NECKLACE 45CM,2,3,2,11.9,5.95
90212B,JET BLACK LAS VEGAS BRACELET ROUND,3,1,1,11.25,3.75
90212C,PURPLE LAS VEGAS BRACELET ROUND,6,2,2,22.5,3.75
90214A,"LETTER ""A"" BLING KEY RING",63,14,5,55.71,1.1128571428571428
90214B,"LETTER ""B"" BLING KEY RING",13,2,2,4.7299999999999995,0.77
90214C,"LETTER ""C"" BLING KEY RING",52,9,7,40.04,0.8233333333333334
90214D,"LETTER ""D"" BLING KEY RING",39,7,5,25.71,0.9757142857142858
90214E,"LETTER ""E"" BLING KEY RING",41,8,6,27.25,0.89
90214F,"LETTER ""F"" BLING KEY RING",13,2,2,3.7699999999999996,0.29
90214G,"LETTER ""G"" BLING KEY RING",34,7,5,18.5,0.8385714285714286
90214H,"LETTER ""H"" BLING KEY RING",22,6,4,15.02,0.93
90214I,"LETTER ""I"" BLING KEY RING",25,3,3,18.77,0.61
90214J,"LETTER ""J"" BLING KEY RING",23,5,3,17.23,1.058
90214K,"LETTER ""K"" BLING KEY RING",47,12,6,34.75,1.01
90214L,"LETTER ""L"" BLING KEY RING",51,5,4,29.189999999999998,0.866
90214M,"LETTER ""M"" BLING KEY RING",27,5,3,22.23,1.058
90214N,"LETTER ""N"" BLING KEY RING",18,5,3,10.02,0.866
90214O,"LETTER ""O"" BLING KEY RING",12,1,1,3.4799999999999995,0.29
90214P,"LETTER ""P"" BLING KEY RING",28,6,4,10.999999999999998,0.77
90214R,"LETTER ""R"" BLING KEY RING",15,4,3,6.27,0.77
90214S,"LETTER ""S"" BLING KEY RING",40,6,5,26.0,0.77
90214T,"LETTER ""T"" BLING KEY RING",12,1,1,3.4799999999999995,0.29
90214U,"LETTER ""U"" BLING KEY RING",12,1,1,3.4799999999999995,0.29
90214V,"LETTER ""V"" BLING KEY RING",14,3,2,5.9799999999999995,0.93
90214W,"LETTER ""W"" BLING KEY RING",12,1,1,3.4799999999999995,0.29
90214Y,"LETTER ""Y"" BLING KEY RING",61,3,3,18.65,0.61
90214Z,"LETTER ""Z"" BLING KEY RING",12,1,1,3.4799999999999995,0.29
BANK CHARGES,Bank Charges,12,11,10,165.001,13.750083333333334
C2,CARRIAGE,133,134,29,6636.0,50.134328358208954
CRUK,CRUK Commission,-16,16,1,-7933.43,495.839375
D,Discount,-1194,65,24,-5696.22,72.48454545454545
DOT,DOTCOM POSTAGE,16,16,1,11906.36,744.1475
M,Manual,2944,412,276,-58745.46,338.04439130434787
PADS,PADS TO MATCH ALL CUSHIONS,4,4,4,0.003,0.00075
POST,POSTAGE,3002,1194,379,66710.24,37.88852842809364
