CustomerID,TotalRevenue,OrderCount,TotalQuantity,UniqueProducts,FirstPurchase,LastPurchase,AverageOrderValue,ActiveDays
12346,77183.6,1,74215,1,2011-01-18 10:01:00,2011-01-18 10:01:00,77183.6,0
12347,4310.0,7,2458,103,2010-12-07 14:57:00,2011-12-07 15:52:00,615.7142857142857,365
12348,1797.24,4,2341,22,2010-12-16 19:09:00,2011-09-25 13:13:00,449.31,282
12349,1757.55,1,631,73,2011-11-21 09:51:00,2011-11-21 09:51:00,1757.55,0
12350,334.4,1,197,17,2011-02-02 16:01:00,2011-02-02 16:01:00,334.4,0
12352,2506.04,8,536,59,2011-02-16 12:33:00,2011-11-03 14:37:00,313.255,260
12353,89.0,1,20,4,2011-05-19 17:47:00,2011-05-19 17:47:00,89.0,0
12354,1079.4,1,530,58,2011-04-21 13:11:00,2011-04-21 13:11:00,1079.4,0
12355,459.4,1,240,13,2011-05-09 13:49:00,2011-05-09 13:49:00,459.4,0
12356,2811.43,3,1591,53,2011-01-18 09:50:00,2011-11-17 08:40:00,937.1433333333333,302
12357,6207.67,1,2708,131,2011-11-06 16:07:00,2011-11-06 16:07:00,6207.67,0
12358,1168.06,2,248,13,2011-07-12 10:04:00,2011-12-08 10:26:00,584.03,149
12359,6310.03,4,1609,214,2011-01-12 12:43:00,2011-10-13 12:47:00,1577.5075,274
12360,2662.06,3,1165,105,2011-05-23 09:43:00,2011-10-18 15:22:00,887.3533333333334,148
12361,189.9,1,91,10,2011-02-25 13:51:00,2011-02-25 13:51:00,189.9,0
12362,5226.23,10,2229,201,2011-02-17 10:30:00,2011-12-06 15:40:00,522.6229999999999,292
12363,552.0,2,408,23,2011-04-11 13:29:00,2011-08-22 10:18:00,276.0,132
12364,1313.1,4,1506,70,2011-08-19 15:24:00,2011-12-02 10:22:00,328.275,104
12365,641.38,2,174,22,2011-02-21 13:51:00,2011-02-21 14:04:00,320.69,0
12367,168.9,1,173,11,2011-12-05 16:48:00,2011-12-05 16:48:00,168.9,0
12370,3541.94,4,2352,143,2010-12-14 12:58:00,2011-10-19 14:51:00,885.485,309
12371,1887.96,2,591,63,2011-10-11 10:43:00,2011-10-26 10:16:00,943.98,14
12372,1298.04,3,794,34,2011-02-16 12:46:00,2011-09-29 12:12:00,432.68,224
12373,364.6,1,197,14,2011-02-01 13:10:00,2011-02-01 13:10:00,364.6,0
12374,742.9300000000001,1,342,33,2011-11-14 15:37:00,2011-11-14 15:37:00,742.9300000000001,0
12375,457.5,2,178,14,2011-09-02 14:23:00,2011-11-29 10:36:00,228.75,87
12377,1628.12,2,944,72,2010-12-20 09:37:00,2011-01-28 15:45:00,814.06,39
12378,4008.62,1,2529,219,2011-08-02 10:34:00,2011-08-02 10:34:00,4008.62,0
12379,852.24,2,407,39,2011-06-22 16:32:00,2011-09-19 10:09:00,426.12,88
12380,2724.81,4,1127,77,2011-06-07 09:49:00,2011-11-18 11:27:00,681.2025,164
12381,1845.31,5,808,70,2011-08-12 09:57:00,2011-12-05 12:44:00,369.062,115
12383,1850.56,5,1532,84,2010-12-22 14:28:00,2011-06-08 08:02:00,370.11199999999997,167
12384,585.27,2,126,26,2011-08-10 11:23:00,2011-11-11 08:39:00,292.635,92
12386,401.9,2,354,10,2010-12-08 09:53:00,2011-01-06 12:37:00,200.95,29
12388,2780.66,6,1462,57,2011-01-17 11:12:00,2011-11-24 12:30:00,463.4433333333333,311
12390,549.84,1,353,32,2011-09-21 09:33:00,2011-09-21 09:33:00,549.84,0
12391,439.66,1,293,92,2011-11-18 12:07:00,2011-11-18 12:07:00,439.66,0
12393,1582.6000000000001,4,816,47,2011-01-11 09:47:00,2011-09-28 15:41:00,395.65000000000003,260
12394,1272.48,2,819,26,2011-05-06 14:01:00,2011-10-07 08:08:00,636.24,153
12395,3018.63,12,2118,91,2010-12-03 16:35:00,2011-11-20 15:21:00,251.5525,351
12397,2409.9,2,1263,110,2011-07-27 14:21:00,2011-11-04 09:52:00,1204.95,99
12398,1635.6599999999999,1,1394,85,2011-10-25 10:27:00,2011-10-25 10:27:00,1635.6599999999999,0
12399,1108.65,4,1178,47,2011-03-23 09:42:00,2011-08-12 13:15:00,277.1625,142
12401,84.3,1,11,5,2011-02-09 13:50:00,2011-02-09 13:50:00,84.3,0
12402,225.6,1,94,11,2011-01-20 13:49:00,2011-01-20 13:49:00,225.6,0
12403,427.7,1,96,5,2011-10-21 10:51:00,2011-10-21 10:51:00,427.7,0
12405,1710.39,1,857,54,2011-07-14 08:52:00,2011-07-14 08:52:00,1710.39,0
12406,3415.3,2,1818,92,2011-06-09 10:23:00,2011-11-17 19:22:00,1707.65,161
12407,1708.1200000000001,5,1416,57,2011-03-20 13:21:00,2011-10-21 10:11:00,341.624,214
12408,2888.55,5,1409,81,2011-03-24 14:46:00,2011-11-07 12:27:00,577.71,227
12409,11072.67,3,5551,91,2011-06-10 12:19:00,2011-09-22 10:38:00,3690.89,103
12410,693.3299999999999,2,211,26,2011-02-04 10:38:00,2011-02-04 10:39:00,346.66499999999996,0
12412,1226.88,3,829,43,2011-06-23 13:51:00,2011-09-26 10:16:00,408.96000000000004,94
12413,758.1,3,286,29,2011-01-06 16:12:00,2011-10-04 09:00:00,252.70000000000002,270
12414,562.41,3,300,16,2011-02-02 14:51:00,2011-05-06 14:51:00,187.47,93
12415,124914.53,21,77374,444,2011-01-06 11:12:00,2011-11-15 14:22:00,5948.310952380953,313
12417,3649.1,9,1552,158,2010-12-17 11:51:00,2011-12-06 14:52:00,405.4555555555555,354
12418,668.58,1,407,34,2011-08-19 11:08:00,2011-08-19 11:08:00,668.58,0
12420,600.39,1,345,29,2011-10-07 08:55:00,2011-10-07 08:55:00,600.39,0
12421,807.04,4,484,32,2011-01-24 15:09:00,2011-11-24 09:07:00,201.76,303
12422,803.5600000000001,3,370,39,2011-01-19 09:13:00,2011-09-05 09:48:00,267.85333333333335,229
12423,1859.31,8,1339,97,2010-12-21 10:54:00,2011-12-09 10:10:00,232.41375,352
12424,1760.96,2,740,30,2011-06-30 12:06:00,2011-06-30 12:06:00,880.48,0
12425,777.2,1,496,36,2011-09-22 17:31:00,2011-09-22 17:31:00,777.2,0
12426,582.73,1,258,30,2011-05-29 12:26:00,2011-05-29 12:26:00,582.73,0
12427,825.8,3,533,26,2010-12-03 10:44:00,2011-11-18 08:56:00,275.26666666666665,349
12428,7956.46,9,3536,258,2011-03-01 09:33:00,2011-11-14 08:22:00,884.0511111111111,257
12429,3750.4,4,1557,82,2010-12-09 12:05:00,2011-11-30 17:22:00,937.6,356
12430,256.4,1,117,11,2011-10-27 15:09:00,2011-10-27 15:09:00,256.4,0
12431,6419.95,15,2896,163,2010-12-01 10:03:00,2011-11-04 11:55:00,427.99666666666667,338
12432,5059.32,5,1801,107,2011-06-20 13:27:00,2011-10-28 11:43:00,1011.8639999999999,129
12433,13375.87,7,11071,219,2010-12-01 13:24:00,2011-12-09 10:02:00,1910.8385714285716,372
12434,806.14,2,394,46,2011-03-24 13:05:00,2011-09-16 12:38:00,403.07,175
12435,7829.89,2,2055,31,2011-03-17 07:40:00,2011-09-21 09:06:00,3914.945,188
12436,509.01,1,211,16,2011-09-01 12:09:00,2011-09-01 12:09:00,509.01,0
12437,4951.41,18,2922,118,2011-01-12 14:13:00,2011-12-08 11:35:00,275.0783333333333,329
12438,2906.85,2,1180,84,2011-07-22 13:29:00,2011-11-25 13:28:00,1453.425,125
12441,173.55,1,121,11,2010-12-08 10:45:00,2010-12-08 10:45:00,173.55,0
12442,172.06,1,182,12,2011-12-06 14:22:00,2011-12-06 14:22:00,172.06,0
12444,5005.46,5,1153,138,2011-06-21 14:00:00,2011-11-18 13:23:00,1001.092,149
12445,133.4,1,62,4,2011-11-17 18:43:00,2011-11-17 18:43:00,133.4,0
12446,1002.3100000000001,1,351,57,2011-10-13 12:50:00,2011-10-13 12:50:00,1002.3100000000001,0
12447,476.49,1,190,26,2011-04-10 13:25:00,2011-04-10 13:25:00,476.49,0
12448,449.45,1,243,22,2011-10-26 13:46:00,2011-10-26 13:46:00,449.45,0
12449,4067.29,4,1553,118,2011-06-05 15:37:00,2011-11-17 13:46:00,1016.8225,164
12450,197.88,2,128,7,2011-06-19 14:36:00,2011-07-06 14:41:00,98.94,17
12451,9035.52,5,6575,265,2011-01-19 09:05:00,2011-11-29 08:40:00,1807.104,313
12452,430.57,2,185,21,2011-11-23 08:05:00,2011-11-23 10:28:00,215.285,0
12453,707.09,1,473,43,2011-07-28 14:08:00,2011-07-28 14:08:00,707.09,0
12454,3528.34,1,1006,15,2011-10-14 17:13:00,2011-10-14 17:13:00,3528.34,0
12455,2466.86,6,2089,85,2011-02-16 09:56:00,2011-09-27 15:31:00,411.1433333333334,223
12456,3181.04,3,1633,105,2011-03-30 09:12:00,2011-10-26 14:41:00,1060.3466666666666,210
12457,2363.23,7,843,53,2011-04-14 18:57:00,2011-10-04 13:13:00,337.6042857142857,172
12458,947.4,2,506,35,2011-02-28 10:55:00,2011-09-29 15:25:00,473.7,213
12461,826.88,2,287,35,2011-07-08 10:23:00,2011-09-06 16:57:00,413.44,60
12462,1189.59,2,536,51,2011-02-09 14:44:00,2011-11-21 09:11:00,594.795,284
12463,1344.78,4,776,65,2011-04-12 12:47:00,2011-10-17 13:44:00,336.195,188
12464,1212.05,8,112,6,2011-02-03 13:30:00,2011-11-29 13:33:00,151.50625,299
12465,742.1899999999999,2,479,46,2011-06-23 13:37:00,2011-11-22 16:34:00,371.09499999999997,152
12468,729.5400000000001,2,366,36,2011-01-27 13:29:00,2011-06-05 11:36:00,364.77000000000004,128
12471,19788.65,30,8200,150,2010-12-10 09:35:00,2011-12-07 15:43:00,659.6216666666667,362
12472,6572.11,7,4148,219,2010-12-05 14:19:00,2011-11-07 14:01:00,938.8728571428571,336
12473,3928.0499999999997,5,2414,140,2011-06-01 10:15:00,2011-11-10 13:46:00,785.6099999999999,162
12474,7324.09,18,4833,253,2011-01-14 10:06:00,2011-11-22 14:39:00,406.8938888888889,312
12475,723.38,1,535,36,2011-10-17 10:10:00,2011-10-17 10:10:00,723.38,0
12476,6816.42,11,2408,177,2010-12-13 14:39:00,2011-11-24 12:40:00,619.6745454545454,345
12477,13219.74,6,3653,191,2011-02-11 12:45:00,2011-11-17 09:51:00,2203.29,278
12478,680.99,1,236,36,2011-12-06 09:56:00,2011-12-06 09:56:00,680.99,0
12479,527.2,1,385,31,2011-11-28 13:26:00,2011-11-28 13:26:00,527.2,0
12480,3281.63,4,1707,129,2011-01-07 15:27:00,2011-11-11 14:52:00,820.4075,307
12481,5579.82,10,3294,150,2010-12-09 10:13:00,2011-11-17 08:29:00,557.982,342
12483,2484.98,8,1110,46,2011-01-04 14:20:00,2011-11-22 17:02:00,310.6225,322
12484,4527.32,6,2187,256,2011-01-07 14:04:00,2011-11-07 11:37:00,754.5533333333333,303
12488,1298.66,3,529,46,2011-09-25 10:34:00,2011-11-30 08:50:00,432.8866666666667,65
12489,334.93,1,105,15,2011-01-07 13:13:00,2011-01-07 13:13:00,334.93,0
12490,5417.93,10,3064,131,2011-01-14 09:13:00,2011-12-04 16:07:00,541.793,324
12491,460.40000000000003,1,260,25,2011-11-01 12:18:00,2011-11-01 12:18:00,460.40000000000003,0
12492,263.21000000000004,2,192,19,2011-08-26 14:51:00,2011-10-07 15:15:00,131.60500000000002,42
12493,433.74,2,207,20,2011-05-26 14:53:00,2011-06-27 10:17:00,216.87,31
12494,1246.1000000000001,7,707,63,2010-12-09 11:31:00,2011-11-24 09:34:00,178.01428571428573,349
12497,1043.1,1,1236,14,2011-09-19 12:29:00,2011-09-19 12:29:00,1043.1,0
12498,403.70000000000005,3,159,21,2011-10-13 09:30:00,2011-11-18 12:53:00,134.5666666666667,36
12500,4257.82,11,2678,34,2011-01-10 09:48:00,2011-11-16 16:20:00,387.07454545454544,310
12501,2169.39,1,1783,149,2011-01-07 12:28:00,2011-01-07 12:28:00,2169.39,0
12502,3723.87,5,820,102,2011-02-03 10:41:00,2011-09-05 11:52:00,744.774,214
12504,482.04999999999995,2,90,6,2011-11-09 14:56:00,2011-11-21 16:02:00,241.02499999999998,12
12506,73.5,1,23,23,2011-04-21 08:54:00,2011-04-21 08:54:00,73.5,0
12507,1304.81,3,894,19,2011-02-14 09:24:00,2011-07-28 17:09:00,434.93666666666667,164
12508,397.88,2,271,57,2011-11-10 16:27:00,2011-11-13 15:37:00,198.94,2
12509,176.5,1,55,7,2011-02-28 14:45:00,2011-02-28 14:45:00,176.5,0
12510,982.5699999999999,2,353,29,2011-01-18 14:04:00,2011-07-20 10:15:00,491.28499999999997,182
12512,132.18,2,96,31,2011-10-04 14:53:00,2011-10-04 14:55:00,66.09,0
12513,612.29,1,462,35,2011-08-19 10:51:00,2011-08-19 10:51:00,612.29,0
12514,1017.68,1,440,51,2011-03-17 16:38:00,2011-03-17 16:38:00,1017.68,0
12515,383.7,1,131,16,2010-12-21 15:43:00,2010-12-21 15:43:00,383.7,0
12516,1312.06,2,875,20,2011-06-12 11:37:00,2011-09-23 09:13:00,656.03,102
12517,2481.6,5,1361,232,2011-06-02 15:13:00,2011-11-11 14:04:00,496.32,161
12518,2056.89,5,1318,84,2011-08-21 13:18:00,2011-12-09 10:13:00,411.378,109
12519,330.84,1,175,17,2011-10-07 09:26:00,2011-10-07 09:26:00,330.84,0
12520,2634.26,5,1439,121,2011-03-11 11:35:00,2011-09-21 15:23:00,526.8520000000001,194
12521,599.68,1,309,38,2011-07-20 10:51:00,2011-07-20 10:51:00,599.68,0
12522,192.72,2,194,11,2011-10-19 14:41:00,2011-10-31 15:30:00,96.36,12
12523,1789.77,11,865,84,2011-01-12 09:43:00,2011-11-20 12:55:00,162.70636363636365,312
12524,4485.72,8,3699,113,2011-01-10 10:35:00,2011-11-30 15:31:00,560.715,324
12526,1316.66,3,632,64,2011-09-06 14:19:00,2011-12-09 12:09:00,438.8866666666667,93
12527,348.71000000000004,3,234,18,2011-01-18 12:05:00,2011-09-19 11:55:00,116.23666666666668,243
12528,1933.48,6,756,50,2011-01-31 09:05:00,2011-11-30 14:40:00,322.24666666666667,303
12530,1662.28,4,913,51,2011-01-07 10:04:00,2011-10-11 12:34:00,415.57,277
12531,125.22,1,45,17,2011-11-25 11:12:00,2011-11-25 11:12:00,125.22,0
12532,349.83000000000004,1,153,16,2011-11-09 13:47:00,2011-11-09 13:47:00,349.83000000000004,0
12534,1089.18,1,651,63,2011-08-01 10:26:00,2011-08-01 10:26:00,1089.18,0
12535,716.35,2,219,28,2011-06-06 12:47:00,2011-09-09 08:48:00,358.175,94
12536,12601.830000000002,3,2803,260,2011-10-11 14:52:00,2011-10-27 14:20:00,4200.610000000001,15
12538,363.95,1,191,21,2011-11-10 17:16:00,2011-11-10 17:16:00,363.95,0
12539,5568.35,4,2067,157,2011-01-10 09:11:00,2011-11-17 13:30:00,1392.0875,311
12540,13400.24,17,6685,277,2010-12-13 09:39:00,2011-11-20 11:31:00,788.2494117647059,342
12541,981.18,3,680,46,2011-03-04 09:32:00,2011-11-10 10:40:00,327.06,251
12544,372.7,1,136,19,2011-11-03 16:15:00,2011-11-03 16:15:00,372.7,0
12545,1000.39,2,523,42,2011-03-25 12:04:00,2011-09-25 13:39:00,500.195,184
12546,1161.5,2,633,59,2011-09-23 09:44:00,2011-10-24 12:09:00,580.75,31
12547,207.79999999999998,2,134,7,2011-03-04 12:46:00,2011-05-26 12:38:00,103.89999999999999,82
12548,95.19999999999999,1,49,5,2011-06-26 15:35:00,2011-06-26 15:35:00,95.19999999999999,0
12550,964.83,1,569,57,2011-09-21 14:35:00,2011-09-21 14:35:00,964.83,0
12551,168.0,1,100,10,2010-12-17 11:23:00,2010-12-17 11:23:00,168.0,0
12552,437.82,2,88,20,2011-10-31 12:11:00,2011-11-01 10:02:00,218.91,0
12553,3692.28,10,1965,95,2011-01-14 10:42:00,2011-12-01 16:38:00,369.228,321
12556,599.56,2,355,100,2011-07-11 13:35:00,2011-10-20 13:06:00,299.78,100
12557,11990.960000000001,5,4384,15,2010-12-03 12:20:00,2011-11-23 16:59:00,2398.192,355
12558,269.96,1,196,11,2011-12-02 10:41:00,2011-12-02 10:41:00,269.96,0
12559,561.71,2,283,21,2011-01-24 10:12:00,2011-02-02 09:49:00,280.855,8
12560,2134.01,3,1110,91,2011-07-19 15:55:00,2011-12-04 13:54:00,711.3366666666667,137
12561,238.85,1,177,16,2011-02-10 11:39:00,2011-02-10 11:39:00,238.85,0
12562,3781.7400000000002,7,1779,99,2011-05-25 12:44:00,2011-12-01 17:20:00,540.2485714285715,190
12564,456.9,1,133,21,2011-03-23 14:55:00,2011-03-23 14:55:00,456.9,0
12565,145.92,1,80,9,2011-02-24 10:34:00,2011-02-24 10:34:00,145.92,0
12566,351.65,1,265,19,2011-09-14 14:30:00,2011-09-14 14:30:00,351.65,0
12567,9401.28,10,4305,323,2010-12-05 11:57:00,2011-11-17 11:02:00,940.128,346
12569,4124.69,32,1801,92,2011-04-01 13:47:00,2011-12-07 16:24:00,128.8965625,250
12571,519.61,2,523,31,2011-08-10 12:35:00,2011-10-31 10:19:00,259.805,81
12572,1020.42,2,452,53,2011-10-19 08:20:00,2011-12-01 09:20:00,510.21,43
12573,160.54000000000002,1,84,26,2011-04-26 15:52:00,2011-04-26 15:52:00,160.54000000000002,0
12574,218.45,1,61,11,2011-01-28 09:20:00,2011-01-28 09:20:00,218.45,0
12576,1315.83,5,967,72,2011-02-08 11:31:00,2011-11-04 10:11:00,263.166,268
12577,626.6,3,469,137,2010-12-15 16:21:00,2011-11-04 13:24:00,208.86666666666667,323
12578,2794.51,2,1196,111,2011-01-13 15:34:00,2011-11-18 13:30:00,1397.255,308
12579,440.42,1,285,29,2011-09-22 17:15:00,2011-09-22 17:15:00,440.42,0
12580,415.7,1,238,24,2011-04-07 10:24:00,2011-04-07 10:24:00,415.7,0
12581,197.71,1,161,15,2011-10-31 08:56:00,2011-10-31 08:56:00,197.71,0
12582,511.36,2,300,21,2011-02-24 11:42:00,2011-04-15 08:45:00,255.68,49
12583,7281.38,15,5060,115,2010-12-01 08:45:00,2011-12-07 08:07:00,485.42533333333336,370
12584,2338.15,9,416,44,2011-03-04 15:15:00,2011-12-06 09:35:00,259.7944444444445,276
12585,2040.1,2,1279,77,2010-12-23 12:58:00,2011-04-19 13:39:00,1020.05,117
12586,196.94000000000003,1,79,11,2011-11-22 16:24:00,2011-11-22 16:24:00,196.94000000000003,0
12587,144.0,1,51,4,2011-12-02 12:47:00,2011-12-02 12:47:00,144.0,0
12588,214.89999999999998,1,53,10,2011-10-31 15:01:00,2011-10-31 15:01:00,214.89999999999998,0
12589,646.68,2,306,29,2011-07-18 12:05:00,2011-11-11 10:19:00,323.34,115
12590,9864.26,2,4283,68,2011-05-12 14:46:00,2011-05-12 14:52:00,4932.13,0
12591,452.84999999999997,1,228,26,2011-01-26 14:35:00,2011-01-26 14:35:00,452.84999999999997,0
12592,437.6,2,290,11,2011-05-10 13:44:00,2011-09-08 15:04:00,218.8,121
12593,418.09999999999997,3,206,14,2011-05-05 09:29:00,2011-08-23 12:43:00,139.36666666666665,110
12594,3338.2200000000003,10,1777,50,2011-01-21 09:52:00,2011-11-02 12:20:00,333.822,285
12596,618.27,2,474,25,2011-04-11 13:22:00,2011-10-19 13:02:00,309.135,190
12597,3811.22,4,2236,184,2011-03-16 14:00:00,2011-11-20 13:33:00,952.805,248
12598,3023.08,8,1964,84,2011-02-28 11:58:00,2011-11-30 12:18:00,377.885,275
12599,1032.58,7,956,32,2011-02-08 13:28:00,2011-11-10 13:34:00,147.51142857142855,275
12600,2599.04,10,774,32,2010-12-03 12:57:00,2011-11-11 10:29:00,259.904,342
12601,577.0600000000001,5,245,21,2011-01-11 10:38:00,2011-06-03 10:17:00,115.412,142
12602,153.12,1,162,12,2011-10-12 11:22:00,2011-10-12 11:22:00,153.12,0
12603,739.1999999999999,1,63,2,2011-11-18 10:42:00,2011-11-18 10:42:00,739.1999999999999,0
12604,254.18,2,201,15,2011-03-23 12:06:00,2011-09-21 14:08:00,127.09,182
12607,1579.51,1,1228,101,2011-10-10 16:06:00,2011-10-10 16:06:00,1579.51,0
12609,1126.85,3,648,57,2011-01-25 15:13:00,2011-09-22 16:34:00,375.6166666666666,240
12610,2099.54,5,1049,85,2011-08-05 13:52:00,2011-11-17 09:34:00,419.908,103
12611,1193.32,1,846,65,2011-10-18 13:12:00,2011-10-18 13:12:00,1193.32,0
12612,704.0400000000001,1,262,19,2011-09-26 15:35:00,2011-09-26 15:35:00,704.0400000000001,0
12613,3344.38,5,1644,124,2011-03-22 15:42:00,2011-10-13 14:59:00,668.876,204
12614,315.6,1,76,20,2011-03-07 10:22:00,2011-03-07 10:22:00,315.6,0
12615,2291.19,4,1376,82,2011-06-24 13:35:00,2011-12-07 15:02:00,572.7975,166
12616,713.3,2,284,25,2011-02-15 14:17:00,2011-09-05 15:17:00,356.65,202
12617,352.98,1,210,39,2011-11-10 14:39:00,2011-11-10 14:39:00,352.98,0
12618,177.31,1,96,11,2011-11-18 11:10:00,2011-11-18 11:10:00,177.31,0
12619,3641.24,9,3378,50,2011-03-31 13:10:00,2011-11-23 14:52:00,404.5822222222222,237
12620,1339.41,3,1181,89,2011-05-19 12:10:00,2011-11-25 10:20:00,446.47,189
12621,13689.67,20,7440,261,2010-12-09 10:16:00,2011-12-08 11:25:00,684.4835,364
12622,180.1,1,69,11,2011-04-21 16:39:00,2011-04-21 16:39:00,180.1,0
12623,305.1,1,191,18,2011-03-08 13:50:00,2011-03-08 13:50:00,305.1,0
12624,641.13,2,355,36,2011-06-15 12:34:00,2011-08-25 15:04:00,320.565,71
12625,2683.82,2,1612,73,2011-01-24 13:27:00,2011-05-12 09:54:00,1341.91,107
12626,6620.48,9,3453,232,2011-01-17 11:01:00,2011-11-16 16:06:00,735.6088888888888,303
12627,4478.53,7,2752,162,2011-07-22 13:59:00,2011-11-29 12:07:00,639.79,129
12628,786.46,3,448,34,2011-10-06 09:28:00,2011-12-05 13:15:00,262.15333333333336,60
12630,1270.88,2,548,60,2011-10-27 10:41:00,2011-11-30 10:48:00,635.44,34
12631,640.5,1,236,31,2011-10-13 13:53:00,2011-10-13 13:53:00,640.5,0
12633,2163.98,4,1162,73,2011-02-25 08:44:00,2011-10-12 11:40:00,540.995,229
12635,1689.18,2,1172,96,2011-07-08 08:43:00,2011-09-11 11:04:00,844.59,65
12637,6002.9,8,2994,205,2011-01-20 10:47:00,2011-10-03 13:46:00,750.3625,256
12638,671.69,1,577,39,2011-11-06 13:11:00,2011-11-06 13:11:00,671.69,0
12639,486.1,1,201,22,2011-04-15 12:48:00,2011-04-15 12:48:00,486.1,0
12640,1174.58,3,311,47,2011-09-19 12:01:00,2011-11-16 11:52:00,391.52666666666664,57
12641,185.9,1,72,10,2011-08-16 13:26:00,2011-08-16 13:26:00,185.9,0
12642,1013.26,3,552,39,2011-08-24 09:23:00,2011-11-14 15:03:00,337.75333333333333,82
12643,3344.64,6,1808,11,2011-01-11 11:48:00,2011-08-03 12:56:00,557.4399999999999,204
12644,477.91,1,325,31,2011-08-02 10:33:00,2011-08-02 10:33:00,477.91,0
12645,1775.18,4,1084,58,2011-01-27 13:08:00,2011-11-06 12:38:00,443.795,282
12646,1346.97,2,897,43,2011-10-21 12:52:00,2011-12-05 10:14:00,673.485,44
12647,3722.82,12,1431,78,2010-12-05 14:02:00,2011-11-17 12:56:00,310.235,346
12648,318.05,1,160,21,2011-07-08 11:55:00,2011-07-08 11:55:00,318.05,0
12649,623.51,3,586,28,2011-05-11 14:37:00,2011-08-24 14:41:00,207.83666666666667,105
12650,314.44,1,254,20,2011-12-06 16:34:00,2011-12-06 16:34:00,314.44,0
12651,114.0,1,78,9,2011-01-09 12:46:00,2011-01-09 12:46:00,114.0,0
12652,919.98,1,505,48,2011-01-12 15:00:00,2011-01-12 15:00:00,919.98,0
12653,2209.85,2,919,37,2011-02-16 10:53:00,2011-07-14 10:41:00,1104.925,147
12654,601.98,5,264,31,2011-02-17 13:16:00,2011-11-29 10:10:00,120.396,284
12656,4051.17,5,1723,89,2011-04-20 09:20:00,2011-11-22 13:42:00,810.234,216
12657,1643.18,4,1044,35,2011-09-22 11:40:00,2011-11-28 15:47:00,410.795,67
12658,686.05,1,320,36,2011-11-21 10:22:00,2011-11-21 10:22:00,686.05,0
12659,91.68,1,105,5,2011-11-10 11:53:00,2011-11-10 11:53:00,91.68,0
12660,245.1,1,127,13,2011-11-28 13:26:00,2011-11-28 13:26:00,245.1,0
12662,3849.78,11,2058,129,2010-12-01 13:04:00,2011-12-09 11:59:00,349.98,372
12664,4881.88,9,1203,10,2011-01-21 11:42:00,2011-12-01 17:07:00,542.4311111111111,314
12665,63.0,1,37,3,2011-01-19 08:34:00,2011-01-19 08:34:00,63.0,0
12667,620.13,1,395,33,2011-10-12 17:00:00,2011-10-12 17:00:00,620.13,0
12668,3807.15,4,1634,115,2010-12-19 12:46:00,2011-11-28 10:56:00,951.7875,343
12669,2744.0299999999997,3,1115,98,2011-03-28 10:15:00,2011-07-12 09:54:00,914.6766666666666,105
12670,2996.05,5,1397,58,2011-04-21 10:16:00,2011-11-29 15:23:00,599.21,222
12672,225.89999999999998,1,78,10,2011-01-14 09:20:00,2011-01-14 09:20:00,225.89999999999998,0
12673,610.52,2,351,42,2011-01-17 11:46:00,2011-12-04 13:55:00,305.26,321
12674,1970.6,4,1133,52,2011-05-16 09:10:00,2011-11-01 12:12:00,492.65,169
12676,1331.39,6,670,33,2011-02-01 15:41:00,2011-11-15 12:25:00,221.89833333333334,286
12678,17628.46,12,10923,105,2010-12-21 11:00:00,2011-10-28 13:04:00,1469.0383333333332,311
12679,1113.02,4,554,43,2011-03-01 12:26:00,2011-10-12 12:30:00,278.255,225
12680,862.81,4,443,33,2011-08-18 15:44:00,2011-12-09 12:50:00,215.7025,112
12681,13787.54,22,7536,267,2010-12-07 10:08:00,2011-11-25 11:33:00,626.7063636363637,353
12682,12279.82,31,5555,209,2010-12-03 13:59:00,2011-12-06 10:00:00,396.1232258064516,367
12683,8476.57,15,4987,177,2010-12-09 10:37:00,2011-12-05 16:31:00,565.1046666666666,361
12684,2283.63,7,1985,61,2011-05-10 12:55:00,2011-12-02 09:53:00,326.23285714285714,205
12685,2863.08,6,1523,117,2011-09-07 10:28:00,2011-11-11 13:46:00,477.18,65
12686,89.14,1,107,7,2010-12-03 09:51:00,2010-12-03 09:51:00,89.14,0
12688,4873.8099999999995,1,3028,171,2011-08-18 08:49:00,2011-08-18 08:49:00,4873.8099999999995,0
12689,1247.61,2,628,57,2011-08-04 10:04:00,2011-11-14 08:31:00,623.805,101
12690,389.01,1,106,16,2011-05-18 09:09:00,2011-05-18 09:09:00,389.01,0
12691,1035.8,6,394,21,2010-12-17 14:46:00,2011-11-11 16:49:00,172.63333333333333,329
12693,855.91,4,255,35,2011-01-24 12:58:00,2011-08-04 17:51:00,213.9775,192
12694,869.67,2,509,32,2011-06-09 17:48:00,2011-09-30 13:06:00,434.835,112
12695,582.1,4,220,23,2011-05-13 13:15:00,2011-12-02 13:22:00,145.525,203
12697,957.59,3,508,37,2011-06-23 15:44:00,2011-11-11 08:47:00,319.19666666666666,140
12700,4939.99,4,2967,193,2011-05-08 16:10:00,2011-12-02 10:47:00,1234.9975,207
12701,797.71,2,678,50,2011-04-11 13:02:00,2011-09-21 10:47:00,398.855,162
12702,219.0,1,53,12,2011-11-20 10:36:00,2011-11-20 10:36:00,219.0,0
12703,283.55,1,164,21,2011-09-29 17:52:00,2011-09-29 17:52:00,283.55,0
12704,2340.84,8,1006,64,2011-06-23 10:20:00,2011-12-02 13:15:00,292.605,162
12705,6868.29,9,3997,228,2010-12-17 15:58:00,2011-11-24 13:17:00,763.1433333333333,341
12707,603.42,1,256,33,2011-02-21 08:38:00,2011-02-21 08:38:00,603.42,0
12708,2712.91,10,1307,86,2010-12-06 10:43:00,2011-11-10 09:52:00,271.291,338
12709,9706.52,15,3912,93,2010-12-08 09:49:00,2011-11-24 15:38:00,647.1013333333334,351
12710,1149.02,3,851,75,2011-05-22 14:05:00,2011-09-04 12:00:00,383.00666666666666,104
12712,4396.13,13,1062,58,2010-12-03 14:30:00,2011-11-11 08:19:00,338.1638461538462,342
12713,848.55,1,508,38,2011-12-09 12:16:00,2011-12-09 12:16:00,848.55,0
12714,4708.86,5,3069,216,2011-02-18 10:53:00,2011-11-30 15:43:00,941.7719999999999,285
12715,343.36,1,192,20,2011-08-25 15:22:00,2011-08-25 15:22:00,343.36,0
12716,1053.49,2,708,60,2011-07-29 13:28:00,2011-12-06 08:55:00,526.745,129
12717,1030.98,2,506,49,2011-04-08 10:32:00,2011-07-11 14:47:00,515.49,94
12718,238.25,1,203,19,2011-09-29 16:38:00,2011-09-29 16:38:00,238.25,0
12719,644.95,2,374,34,2011-10-05 14:50:00,2011-12-04 13:45:00,322.475,59
12720,5781.73,25,4672,211,2010-12-05 15:21:00,2011-12-07 08:03:00,231.26919999999998,366
12721,2656.13,6,1959,133,2010-12-20 11:38:00,2011-11-08 12:13:00,442.68833333333333,323
12722,997.63,4,566,50,2011-07-12 11:55:00,2011-09-15 14:50:00,249.4075,65
12723,725.07,5,434,53,2011-10-05 15:52:00,2011-12-06 10:19:00,145.014,61
12724,1031.41,4,445,47,2011-01-11 15:00:00,2011-12-04 16:02:00,257.8525,327
12725,427.8,1,164,24,2010-12-03 15:45:00,2010-12-03 15:45:00,427.8,0
12726,2609.1,7,3143,57,2010-12-17 12:56:00,2011-11-11 13:35:00,372.7285714285714,329
12727,3980.7,7,2098,109,2011-01-23 15:17:00,2011-11-29 11:46:00,568.6714285714286,309
12728,836.33,4,419,38,2011-01-11 13:31:00,2011-09-29 15:31:00,209.0825,261
12729,453.01,1,233,26,2011-08-18 11:40:00,2011-08-18 11:40:00,453.01,0
12731,18895.91,12,8437,109,2010-12-10 10:56:00,2011-11-16 11:59:00,1574.6591666666666,341
12732,236.26000000000002,1,111,12,2011-06-13 11:33:00,2011-06-13 11:33:00,236.26000000000002,0
12733,383.95,1,137,22,2011-04-19 16:19:00,2011-04-19 16:19:00,383.95,0
12734,110.39999999999999,1,88,4,2010-12-22 12:47:00,2010-12-22 12:47:00,110.39999999999999,0
12735,779.5699999999999,2,368,38,2011-01-06 14:26:00,2011-01-28 13:37:00,389.78499999999997,21
12736,234.0,1,173,4,2011-01-11 07:57:00,2011-01-11 07:57:00,234.0,0
12738,155.35,1,148,11,2010-12-02 18:27:00,2010-12-02 18:27:00,155.35,0
12739,1013.04,2,486,38,2011-09-01 17:45:00,2011-09-22 13:00:00,506.52,20
12740,427.6,1,342,27,2011-10-07 10:44:00,2011-10-07 10:44:00,427.6,0
12743,540.13,2,315,114,2011-07-28 16:06:00,2011-07-28 16:21:00,270.065,0
12744,21279.29,7,5241,178,2011-01-25 13:26:00,2011-10-19 11:18:00,3039.8985714285714,266
12747,4196.01,11,1275,42,2010-12-05 15:38:00,2011-12-07 14:34:00,381.4554545454546,366
12748,33053.19,209,25287,1768,2010-12-01 12:48:00,2011-12-09 12:20:00,158.14923444976077,372
12749,4090.88,5,1471,160,2011-05-10 15:25:00,2011-12-06 09:56:00,818.176,209
12750,275.88,1,137,15,2011-08-03 09:13:00,2011-08-03 09:13:00,275.88,0
12752,4366.78,1,2262,53,2011-09-19 13:32:00,2011-09-19 13:32:00,4366.78,0
12753,21429.39,6,11421,132,2010-12-12 11:44:00,2011-11-17 10:52:00,3571.565,339
12754,3010.74,3,6481,49,2011-02-04 10:31:00,2011-04-18 09:00:00,1003.5799999999999,72
12755,3811.95,2,1491,4,2010-12-09 10:44:00,2011-03-04 12:42:00,1905.975,85
12756,112.07999999999998,1,144,4,2011-09-14 09:31:00,2011-09-14 09:31:00,112.07999999999998,0
12757,7834.650000000001,13,2395,237,2011-05-12 19:01:00,2011-11-24 12:30:00,602.6653846153847,195
12758,2791.59,2,2135,84,2011-03-08 12:05:00,2011-08-15 10:22:00,1395.795,159
12759,1531.44,3,902,81,2011-03-09 08:09:00,2011-10-18 14:49:00,510.48,223
12762,1898.52,2,1227,62,2011-11-14 14:23:00,2011-12-02 10:23:00,949.26,17
12763,494.08,2,316,16,2010-12-05 15:46:00,2011-07-24 14:12:00,247.04,230
12764,1693.88,1,386,45,2011-01-27 10:19:00,2011-01-27 10:19:00,1693.88,0
12766,6989.63,7,3646,205,2010-12-08 13:53:00,2011-12-06 08:46:00,998.5185714285715,362
12769,1143.6,1,356,32,2011-04-15 10:25:00,2011-04-15 10:25:00,1143.6,0
12770,1351.45,1,743,12,2011-05-13 09:33:00,2011-05-13 09:33:00,1351.45,0
12772,892.47,1,556,55,2011-10-11 09:19:00,2011-10-11 09:19:00,892.47,0
12775,1386.04,5,877,47,2011-02-01 13:45:00,2011-11-22 16:33:00,277.20799999999997,294
12778,822.23,6,825,40,2011-01-31 14:35:00,2011-11-20 11:30:00,137.03833333333333,292
12779,3981.36,8,2024,88,2010-12-03 13:40:00,2011-11-02 11:43:00,497.67,333
12781,826.74,2,671,25,2011-02-28 08:43:00,2011-10-07 10:37:00,413.37,221
12782,2330.92,5,1086,81,2010-12-17 11:30:00,2011-12-05 09:16:00,466.184,352
12783,2225.91,6,624,76,2011-09-25 15:35:00,2011-12-07 15:56:00,370.98499999999996,73
12784,532.8199999999999,2,280,54,2011-11-24 12:53:00,2011-11-30 15:38:00,266.40999999999997,6
12785,311.95,1,131,14,2010-12-10 13:48:00,2010-12-10 13:48:00,311.95,0
12787,463.66,3,261,17,2011-05-31 09:36:00,2011-11-30 08:44:00,154.55333333333334,182
12789,91.85,1,4,4,2011-10-05 13:34:00,2011-10-05 13:34:00,91.85,0
12790,324.92,1,166,21,2011-05-31 14:14:00,2011-05-31 14:14:00,324.92,0
12791,192.60000000000002,1,97,2,2010-12-01 11:27:00,2010-12-01 11:27:00,192.60000000000002,0
12792,400.53999999999996,1,217,25,2011-03-28 11:36:00,2011-03-28 11:36:00,400.53999999999996,0
12793,545.48,2,295,21,2010-12-03 15:14:00,2011-01-09 12:12:00,272.74,36
12794,860.41,2,592,43,2011-09-02 12:01:00,2011-10-17 14:54:00,430.205,45
12795,430.48,1,68,14,2011-11-21 10:27:00,2011-11-21 10:27:00,430.48,0
12797,254.03,1,118,13,2010-12-09 10:55:00,2010-12-09 10:55:00,254.03,0
12798,6977.04,3,5256,6,2011-06-22 10:11:00,2011-11-29 15:52:00,2325.68,160
12802,427.58,1,314,25,2011-06-06 09:36:00,2011-06-06 09:36:00,427.58,0
12808,483.65000000000003,3,188,27,2010-12-06 10:27:00,2011-11-03 10:05:00,161.21666666666667,331
12809,489.31,1,220,25,2011-06-15 10:51:00,2011-06-15 10:51:00,489.31,0
12811,514.85,3,230,27,2011-02-28 15:39:00,2011-03-24 09:42:00,171.61666666666667,23
12812,229.64000000000001,1,164,15,2011-10-26 09:54:00,2011-10-26 09:54:00,229.64000000000001,0
12814,125.92,1,49,2,2011-08-30 12:11:00,2011-08-30 12:11:00,125.92,0
12815,1063.46,2,379,38,2011-05-25 13:34:00,2011-07-15 10:21:00,531.73,50
12816,572.2,2,128,27,2011-06-16 13:24:00,2011-09-05 12:41:00,286.1,80
12817,166.04,1,53,4,2011-03-03 16:28:00,2011-03-03 16:28:00,166.04,0
12818,1542.08,1,929,14,2011-03-23 12:06:00,2011-03-23 12:06:00,1542.08,0
12820,942.34,4,722,55,2011-01-17 12:34:00,2011-12-06 15:12:00,235.585,323
12821,92.72,1,70,6,2011-05-09 15:51:00,2011-05-09 15:51:00,92.72,0
12822,948.88,2,550,41,2011-09-13 13:46:00,2011-09-30 10:04:00,474.44,16
12823,1759.5,5,230,1,2011-02-16 12:15:00,2011-09-26 07:35:00,351.9,221
12824,397.12,1,232,25,2011-10-11 12:49:00,2011-10-11 12:49:00,397.12,0
12826,1474.72,7,1058,58,2010-12-09 15:21:00,2011-12-07 10:25:00,210.67428571428573,362
12827,430.15000000000003,3,197,19,2011-10-26 15:44:00,2011-12-04 12:17:00,143.38333333333335,38
12828,1018.71,6,494,46,2011-08-01 16:16:00,2011-12-07 08:45:00,169.785,127
12829,293.0,2,376,9,2010-12-14 14:54:00,2011-01-07 11:13:00,146.5,23
12830,6814.64,6,9848,13,2011-06-21 10:53:00,2011-11-02 11:54:00,1135.7733333333333,134
12831,215.05,1,135,9,2011-03-22 13:02:00,2011-03-22 13:02:00,215.05,0
12832,383.03,2,195,27,2011-09-02 13:48:00,2011-11-07 13:30:00,191.515,65
12833,417.38,1,156,24,2011-07-17 13:46:00,2011-07-17 13:46:00,417.38,0
12834,312.38,1,110,18,2011-03-02 09:49:00,2011-03-02 09:49:00,312.38,0
12836,2610.36,4,1062,148,2011-02-01 11:19:00,2011-10-11 15:10:00,652.59,252
12837,134.1,1,24,12,2011-06-19 16:07:00,2011-06-19 16:07:00,134.1,0
12838,671.95,2,355,115,2010-12-01 11:57:00,2011-11-06 12:20:00,335.975,340
12839,5591.42,14,3807,95,2010-12-07 15:48:00,2011-12-07 12:33:00,399.38714285714286,364
12840,2726.77,4,1511,67,2011-04-27 12:21:00,2011-07-19 09:29:00,681.6925,82
12841,3991.58,25,2720,229,2010-12-03 10:43:00,2011-12-05 11:13:00,159.6632,367
12842,1118.99,2,547,34,2011-02-04 12:36:00,2011-09-30 15:33:00,559.495,238
12843,1702.26,8,781,69,2011-03-20 14:38:00,2011-10-05 12:09:00,212.7825,198
12844,325.96000000000004,2,125,47,2011-08-01 13:11:00,2011-11-10 13:31:00,162.98000000000002,101
12845,354.09,4,204,26,2011-02-22 14:10:00,2011-03-17 13:34:00,88.5225,22
12847,843.64,1,873,72,2011-11-17 13:16:00,2011-11-17 13:16:00,843.64,0
12849,1010.29,2,597,47,2011-03-16 12:26:00,2011-11-08 13:41:00,505.145,237
12851,131.81,1,106,43,2011-09-04 12:41:00,2011-09-04 12:41:00,131.81,0
12852,311.55,1,149,17,2011-02-18 08:47:00,2011-02-18 08:47:00,311.55,0
12853,1957.1000000000001,6,800,66,2011-01-28 10:28:00,2011-07-28 11:29:00,326.18333333333334,181
12854,1316.25,3,626,95,2011-01-25 13:35:00,2011-09-22 12:15:00,438.75,239
12855,38.1,1,30,3,2010-12-02 09:37:00,2010-12-02 09:37:00,38.1,0
12856,2170.78,6,1076,155,2011-10-07 12:38:00,2011-12-02 10:52:00,361.7966666666667,55
12857,1106.4,2,343,37,2011-02-10 12:32:00,2011-05-13 10:20:00,553.2,91
12863,521.2,1,188,5,2011-10-18 14:15:00,2011-10-18 14:15:00,521.2,0
12864,147.12,1,216,3,2011-07-24 13:03:00,2011-07-24 13:03:00,147.12,0
12865,1568.23,2,925,86,2011-08-08 10:11:00,2011-11-13 14:31:00,784.115,97
12866,559.12,1,171,26,2011-03-01 14:11:00,2011-03-01 14:11:00,559.12,0
12867,4009.34,7,4284,240,2010-12-14 16:39:00,2011-11-13 15:30:00,572.7628571428571,333
12868,1607.0600000000002,6,928,72,2010-12-01 12:50:00,2011-06-07 10:42:00,267.84333333333336,187
12871,380.64,2,200,8,2011-05-16 13:32:00,2011-09-16 15:07:00,190.32,123
12872,599.97,2,319,58,2010-12-09 14:44:00,2011-01-17 10:52:00,299.985,38
12873,374.0,1,128,4,2011-03-02 14:58:00,2011-03-02 14:58:00,374.0,0
12875,343.2300000000001,2,2019,1,2010-12-12 12:03:00,2011-07-19 15:30:00,171.61500000000004,219
12876,2218.02,2,1941,67,2011-05-27 13:34:00,2011-10-13 12:26:00,1109.01,138
12877,1535.77,12,1178,100,2010-12-16 12:23:00,2011-12-06 10:30:00,127.98083333333334,354
12878,854.99,2,547,38,2011-03-18 14:02:00,2011-04-17 13:07:00,427.495,29
12879,573.22,3,370,7,2011-09-09 12:11:00,2011-10-26 12:24:00,191.07333333333335,47
12881,298.0,1,21,7,2011-03-09 11:44:00,2011-03-09 11:44:00,298.0,0
12882,1463.04,2,246,12,2011-11-06 11:22:00,2011-11-30 16:18:00,731.52,24
12883,703.47,4,196,39,2011-09-11 15:18:00,2011-11-15 09:32:00,175.8675,64
12884,309.05,1,43,7,2011-09-12 13:10:00,2011-09-12 13:10:00,309.05,0
12885,1175.22,3,655,66,2011-08-08 11:45:00,2011-10-07 13:40:00,391.74,60
12886,1378.4,2,770,75,2011-05-04 11:21:00,2011-10-03 10:09:00,689.2,151
12888,354.12,2,76,4,2011-03-29 14:31:00,2011-05-09 16:02:00,177.06,41
12890,376.71999999999997,1,256,78,2011-11-15 17:26:00,2011-11-15 17:26:00,376.71999999999997,0
12891,331.0,3,950,2,2011-02-20 11:28:00,2011-06-07 12:31:00,110.33333333333333,107
12893,176.55,1,90,27,2011-11-09 12:34:00,2011-11-09 12:34:00,176.55,0
12895,372.8,2,210,22,2011-09-14 08:35:00,2011-10-28 13:51:00,186.4,44
12897,216.5,2,110,3,2011-02-11 11:40:00,2011-05-19 12:13:00,108.25,97
12901,17654.54,28,23075,30,2011-03-14 10:41:00,2011-12-01 10:07:00,630.5192857142857,261
12902,138.68,1,66,10,2011-03-20 12:06:00,2011-03-20 12:06:00,138.68,0
12904,496.06,2,294,59,2011-06-20 13:18:00,2011-11-21 14:34:00,248.03,154
12906,2919.81,5,1749,55,2011-09-22 15:03:00,2011-11-28 09:55:00,583.962,66
12908,750.0,2,1200,1,2011-01-31 12:37:00,2011-06-16 15:39:00,375.0,136
12909,2178.67,5,1280,78,2011-03-31 12:51:00,2011-10-31 12:43:00,435.73400000000004,213
12910,3075.04,8,1692,48,2011-04-12 10:01:00,2011-11-16 14:28:00,384.38,218
12912,1662.3,5,670,17,2011-10-30 11:35:00,2011-12-07 08:55:00,332.46,37
12913,2483.63,5,1419,37,2010-12-06 16:36:00,2011-12-05 12:11:00,496.726,363
12915,363.65,2,93,19,2010-12-02 12:33:00,2011-07-14 11:34:00,181.825,223
12916,2944.95,4,1083,53,2011-01-23 10:43:00,2011-07-24 10:35:00,736.2375,181
12917,594.0,1,120,2,2011-08-03 16:42:00,2011-08-03 16:42:00,594.0,0
12919,1335.19,6,673,34,2011-06-23 09:22:00,2011-12-01 13:47:00,222.53166666666667,161
12920,162.78,1,128,27,2011-11-22 15:05:00,2011-11-22 15:05:00,162.78,0
12921,16587.09,37,9526,233,2010-12-01 15:06:00,2011-11-30 16:22:00,448.29972972972973,364
12922,405.38,1,370,28,2011-07-01 15:35:00,2011-07-01 15:35:00,405.38,0
12923,172.82,1,68,28,2011-10-06 16:20:00,2011-10-06 16:20:00,172.82,0
12924,933.7,4,481,22,2011-01-16 11:49:00,2011-09-12 13:55:00,233.425,239
12925,694.05,2,541,42,2011-09-26 11:05:00,2011-12-05 11:11:00,347.025,70
12928,2062.7000000000003,5,1472,59,2010-12-15 15:45:00,2011-11-04 14:24:00,412.5400000000001,323
12929,117.85,1,37,8,2011-02-01 12:08:00,2011-02-01 12:08:00,117.85,0
12930,415.8,2,252,20,2011-06-21 13:25:00,2011-09-22 15:18:00,207.9,93
12931,42055.96,15,28004,28,2010-12-17 09:45:00,2011-11-18 12:39:00,2803.730666666667,336
12933,607.53,3,499,102,2011-03-01 11:30:00,2011-11-15 16:38:00,202.51,259
12935,2160.7,7,1853,80,2011-01-24 13:58:00,2011-12-07 17:25:00,308.6714285714285,317
12936,1063.9,4,559,56,2011-09-22 13:51:00,2011-11-22 17:32:00,265.975,61
12937,1504.27,4,1007,81,2011-03-17 14:19:00,2011-11-24 15:05:00,376.0675,252
12938,114.14,1,140,9,2011-11-14 11:21:00,2011-11-14 11:21:00,114.14,0
12939,11581.8,8,4876,21,2011-01-09 11:20:00,2011-10-06 14:33:00,1447.725,270
12940,899.69,2,404,87,2011-09-13 10:16:00,2011-10-16 12:09:00,449.845,33
12942,675.6,3,198,68,2010-12-09 09:34:00,2011-07-31 14:39:00,225.20000000000002,234
12944,604.51,2,289,29,2010-12-20 10:41:00,2011-11-04 11:04:00,302.255,319
12945,462.95,1,165,23,2011-02-24 14:15:00,2011-02-24 14:15:00,462.95,0
12947,1603.99,6,1165,83,2010-12-01 16:21:00,2011-07-19 10:06:00,267.33166666666665,229
12948,2064.95,7,1080,82,2011-03-20 10:17:00,2011-11-23 17:10:00,294.99285714285713,248
12949,4167.22,8,2381,166,2011-04-01 13:20:00,2011-11-09 11:25:00,520.9025,221
12950,1843.0,3,1380,13,2011-11-15 13:48:00,2011-12-07 13:17:00,614.3333333333334,21
12951,1064.07,6,503,53,2011-01-13 10:33:00,2011-12-01 12:14:00,177.345,322
12952,1387.79,4,653,64,2011-09-22 16:37:00,2011-12-04 10:35:00,346.9475,72
12953,329.85,1,84,17,2011-11-30 09:24:00,2011-11-30 09:24:00,329.85,0
12955,4757.16,11,3664,81,2011-03-17 09:03:00,2011-12-08 16:29:00,432.4690909090909,266
12956,108.07,1,34,19,2011-02-06 16:08:00,2011-02-06 16:08:00,108.07,0
12957,4017.54,8,2549,208,2011-01-04 12:18:00,2011-11-30 09:53:00,502.1925,329
12962,266.39,2,129,15,2011-08-18 13:38:00,2011-12-02 15:55:00,133.195,106
12963,1856.63,8,881,75,2010-12-09 09:14:00,2011-12-01 12:55:00,232.07875,357
12965,769.8100000000001,1,282,108,2011-09-11 15:31:00,2011-09-11 15:31:00,769.8100000000001,0
12966,160.18,1,75,10,2011-11-30 12:38:00,2011-11-30 12:38:00,160.18,0
12967,1660.9,2,438,19,2010-12-03 09:49:00,2010-12-16 19:10:00,830.45,13
12968,135.95,1,73,5,2011-08-19 15:44:00,2011-08-19 15:44:00,135.95,0
12970,405.47,4,268,116,2011-01-21 14:04:00,2011-12-02 14:30:00,101.3675,315
12971,11189.91,86,9289,94,2010-12-02 16:42:00,2011-12-06 12:20:00,130.11523255813952,368
12974,144.8,1,24,8,2011-05-26 09:33:00,2011-05-26 09:33:00,144.8,0
12976,738.6,1,561,22,2011-05-12 09:55:00,2011-05-12 09:55:00,738.6,0
12977,39.239999999999995,1,12,9,2011-07-06 16:40:00,2011-07-06 16:40:00,39.239999999999995,0
12980,7374.900000000001,9,886,6,2010-12-16 11:36:00,2011-07-05 09:34:00,819.4333333333334,200
12981,372.21999999999997,2,242,12,2011-07-29 14:14:00,2011-11-10 12:00:00,186.10999999999999,103
12982,390.54,1,288,28,2011-04-11 11:51:00,2011-04-11 11:51:00,390.54,0
12984,97.5,1,26,4,2011-11-21 12:37:00,2011-11-21 12:37:00,97.5,0
12985,1239.38,2,1533,73,2011-11-11 12:44:00,2011-12-09 10:46:00,619.69,27
12987,558.7,2,219,27,2011-05-26 12:00:00,2011-09-27 12:03:00,279.35,124
12988,505.82,1,126,75,2011-02-20 14:31:00,2011-02-20 14:31:00,505.82,0
12989,6924.110000000001,15,2943,41,2010-12-10 13:24:00,2011-12-06 15:28:00,461.6073333333334,361
12990,409.5,3,200,8,2011-02-02 15:39:00,2011-11-08 13:01:00,136.5,278
12991,503.76,2,405,31,2011-08-19 14:39:00,2011-11-16 15:34:00,251.88,89
12993,414.76,4,240,26,2011-02-14 14:29:00,2011-11-16 15:49:00,103.69,275
12994,974.4200000000001,3,459,52,2011-03-16 08:31:00,2011-12-05 15:43:00,324.8066666666667,264
12995,211.32,1,108,3,2011-09-15 15:44:00,2011-09-15 15:44:00,211.32,0
12997,1226.89,4,664,45,2011-01-26 15:49:00,2011-11-17 15:47:00,306.7225,294
12999,455.88,3,342,25,2011-04-08 10:26:00,2011-05-27 13:24:00,151.96,49
13000,534.85,3,379,30,2010-12-10 10:26:00,2011-08-25 10:43:00,178.28333333333333,258
13001,9785.970000000001,13,5490,166,2011-01-17 12:45:00,2011-12-05 14:51:00,752.7669230769231,322
13002,120.94999999999999,1,73,7,2011-01-25 15:18:00,2011-01-25 15:18:00,120.94999999999999,0
13003,149.05,3,103,4,2011-05-09 08:23:00,2011-08-26 10:50:00,49.68333333333334,109
13004,5655.91,18,4822,277,2010-12-17 08:20:00,2011-11-28 11:27:00,314.21722222222223,346
13005,513.7,2,172,21,2011-04-07 13:32:00,2011-06-19 10:53:00,256.85,72
13006,81.57,1,55,4,2011-10-14 13:49:00,2011-10-14 13:49:00,81.57,0
13008,229.46999999999997,1,175,14,2011-01-20 14:24:00,2011-01-20 14:24:00,229.46999999999997,0
13011,50.550000000000004,1,13,3,2010-12-02 17:22:00,2010-12-02 17:22:00,50.550000000000004,0
13012,1646.8400000000001,8,820,67,2011-02-18 09:43:00,2011-11-30 13:05:00,205.85500000000002,285
13013,4810.9400000000005,13,2224,155,2010-12-03 12:28:00,2011-12-08 15:01:00,370.07230769230773,370
13014,3466.2799999999997,10,905,67,2011-03-03 18:28:00,2011-11-29 12:27:00,346.628,270
13015,3339.64,5,1609,156,2011-04-04 14:28:00,2011-10-17 13:19:00,667.928,195
13016,789.89,3,527,39,2011-08-08 15:00:00,2011-09-27 14:08:00,263.2966666666667,49
13017,204.0,1,48,1,2011-12-02 15:53:00,2011-12-02 15:53:00,204.0,0
13018,7277.7,28,5435,313,2011-02-17 11:05:00,2011-11-23 13:28:00,259.91785714285714,279
13021,2616.38,9,1352,101,2010-12-16 10:12:00,2011-12-05 16:37:00,290.7088888888889,354
13023,689.9,2,286,36,2011-08-02 09:34:00,2011-10-06 16:27:00,344.95,65
13026,975.36,5,1620,32,2011-03-09 11:35:00,2011-12-08 16:58:00,195.072,274
13027,6912.0,6,17280,6,2010-12-20 12:45:00,2011-08-18 09:39:00,1152.0,240
13028,661.3199999999999,2,798,40,2011-10-25 14:09:00,2011-11-17 11:10:00,330.65999999999997,22
13029,1247.5,3,134,8,2010-12-21 13:53:00,2011-11-09 09:13:00,415.8333333333333,322
13030,752.4399999999999,2,348,76,2010-12-06 14:31:00,2011-11-28 14:30:00,376.21999999999997,356
13032,1010.18,2,375,55,2011-09-13 16:40:00,2011-10-18 15:54:00,505.09,34
13033,190.55,1,83,11,2010-12-17 14:23:00,2010-12-17 14:23:00,190.55,0
13034,642.77,2,369,37,2010-12-05 14:52:00,2011-10-16 12:21:00,321.385,314
13035,921.88,2,644,23,2011-03-24 09:21:00,2011-09-27 08:57:00,460.94,186
13037,881.07,3,431,44,2011-03-28 15:42:00,2011-07-24 15:46:00,293.69,118
13038,908.46,3,360,24,2011-02-22 11:43:00,2011-09-20 14:37:00,302.82,210
13040,676.99,2,355,38,2011-11-06 13:53:00,2011-12-01 10:38:00,338.495,24
13043,516.42,1,254,13,2011-03-11 14:52:00,2011-03-11 14:52:00,516.42,0
13044,560.47,1,429,33,2011-02-21 15:20:00,2011-02-21 15:20:00,560.47,0
13045,305.28000000000003,1,221,18,2011-09-01 15:04:00,2011-09-01 15:04:00,305.28000000000003,0
13046,629.31,2,264,33,2011-03-18 15:43:00,2011-11-09 08:36:00,314.655,235
13047,3237.54,10,1391,106,2010-12-01 08:34:00,2011-11-08 12:06:00,323.754,342
13048,1819.41,4,1228,77,2011-01-16 14:36:00,2011-11-25 13:23:00,454.8525,312
13049,656.6800000000001,2,268,14,2011-01-25 16:33:00,2011-10-06 15:31:00,328.34000000000003,253
13050,5836.86,17,3748,246,2010-12-08 09:30:00,2011-11-25 09:18:00,343.3447058823529,351
13052,348.15000000000003,1,222,18,2011-05-11 14:12:00,2011-05-11 14:12:00,348.15000000000003,0
13055,1214.41,3,894,74,2011-05-10 08:58:00,2011-09-22 14:26:00,404.80333333333334,135
13058,271.40000000000003,3,52,5,2011-07-11 12:01:00,2011-11-15 12:43:00,90.46666666666668,127
13059,183.4,1,35,8,2011-04-04 10:40:00,2011-04-04 10:40:00,183.4,0
13060,307.53,1,123,15,2011-03-31 11:37:00,2011-03-31 11:37:00,307.53,0
13061,248.61,1,107,10,2011-09-28 16:04:00,2011-09-28 16:04:00,248.61,0
13062,346.98,1,343,11,2011-06-01 15:12:00,2011-06-01 15:12:00,346.98,0
13064,1105.59,4,514,51,2011-01-16 13:41:00,2011-11-27 12:31:00,276.3975,314
13065,205.86,1,74,14,2010-12-01 16:52:00,2010-12-01 16:52:00,205.86,0
13066,470.8,2,322,48,2011-11-07 17:06:00,2011-11-15 12:57:00,235.4,7
13067,115.46000000000001,1,32,14,2011-09-18 13:38:00,2011-09-18 13:38:00,115.46000000000001,0
13068,344.0,2,200,1,2011-01-24 08:20:00,2011-11-29 15:00:00,172.0,309
13069,4431.44,24,5873,281,2010-12-05 11:02:00,2011-12-09 08:39:00,184.64333333333332,368
13070,228.8,1,110,9,2011-05-31 13:45:00,2011-05-31 13:45:00,228.8,0
13072,177.15,1,69,7,2011-03-18 08:12:00,2011-03-18 08:12:00,177.15,0
13075,919.61,1,485,22,2011-08-02 10:19:00,2011-08-02 10:19:00,919.61,0
13077,728.02,4,862,99,2010-12-08 14:59:00,2011-12-08 19:24:00,182.005,365
13078,12627.94,26,5630,95,2010-12-08 09:07:00,2011-12-06 15:36:00,485.69,363
13079,220.10000000000002,5,62,2,2011-07-22 14:41:00,2011-12-05 16:53:00,44.02,136
13080,58.08,1,120,6,2011-06-13 14:59:00,2011-06-13 14:59:00,58.08,0
13081,28337.38,11,19068,503,2010-12-03 17:20:00,2011-11-28 10:54:00,2576.1254545454544,359
13082,3613.63,9,4324,63,2011-01-05 15:42:00,2011-08-05 16:16:00,401.51444444444445,212
13083,303.75,2,187,15,2011-09-25 10:46:00,2011-12-05 15:01:00,151.875,71
13085,416.08000000000004,2,216,17,2011-02-17 13:57:00,2011-07-05 12:11:00,208.04000000000002,137
13089,58762.08,97,31025,636,2010-12-05 10:27:00,2011-12-07 09:02:00,605.7946391752578,366
13090,8910.82,14,2263,98,2010-12-02 07:48:00,2011-12-01 12:39:00,636.4871428571429,364
13091,345.82,1,466,21,2011-11-11 15:54:00,2011-11-11 15:54:00,345.82,0
13092,477.83,5,279,19,2010-12-15 12:27:00,2011-09-30 11:18:00,95.566,288
13093,7832.47,8,3961,97,2010-12-01 15:00:00,2011-03-09 12:14:00,979.05875,97
13094,1927.3200000000002,12,1716,4,2010-12-06 10:34:00,2011-11-18 14:07:00,160.61,347
13095,74.39999999999999,1,144,6,2011-09-30 12:03:00,2011-09-30 12:03:00,74.39999999999999,0
13097,6003.22,10,2360,214,2010-12-14 15:13:00,2011-11-07 10:43:00,600.322,327
13098,28882.44,28,15968,156,2011-01-26 13:46:00,2011-12-08 14:14:00,1031.5157142857142,316
13099,207.35999999999999,1,288,1,2011-09-01 17:40:00,2011-09-01 17:40:00,207.35999999999999,0
13101,101.19,1,113,8,2011-04-19 14:37:00,2011-04-19 14:37:00,101.19,0
13102,6424.09,24,4204,140,2010-12-09 13:38:00,2011-12-08 12:52:00,267.67041666666665,363
13103,243.94,1,82,8,2011-10-31 09:38:00,2011-10-31 09:38:00,243.94,0
13104,1098.48,6,504,14,2010-12-20 11:58:00,2011-12-06 13:10:00,183.08,351
13106,76.5,1,18,1,2011-07-29 15:12:00,2011-07-29 15:12:00,76.5,0
13107,1531.6200000000001,4,1293,54,2011-01-10 12:28:00,2011-10-26 14:52:00,382.90500000000003,289
13108,350.06,1,298,10,2010-12-02 10:35:00,2010-12-02 10:35:00,350.06,0
13109,786.54,2,520,41,2011-07-05 14:56:00,2011-10-11 10:16:00,393.27,97
13110,1488.67,7,388,109,2011-02-01 15:24:00,2011-11-08 14:30:00,212.66714285714286,279
13113,12245.960000000001,24,3045,95,2010-12-08 13:21:00,2011-12-09 12:49:00,510.2483333333334,365
13115,2294.78,4,1567,88,2011-06-08 16:15:00,2011-11-28 12:38:00,573.695,172
13116,501.14,1,291,30,2011-07-24 14:33:00,2011-07-24 14:33:00,501.14,0
13117,984.91,8,945,66,2010-12-02 13:11:00,2011-11-18 12:02:00,123.11375,350
13118,1197.81,5,410,68,2011-02-24 12:32:00,2011-11-20 12:46:00,239.56199999999998,269
13120,30.599999999999998,1,12,1,2011-04-15 10:19:00,2011-04-15 10:19:00,30.599999999999998,0
13121,283.73,1,252,50,2011-03-15 16:47:00,2011-03-15 16:47:00,283.73,0
13122,922.39,2,585,54,2011-04-13 14:12:00,2011-09-06 15:53:00,461.195,146
13124,3756.33,3,2119,185,2010-12-15 15:00:00,2011-09-11 12:45:00,1252.11,269
13126,2099.64,8,2143,124,2010-12-08 11:42:00,2011-12-05 10:00:00,262.455,361
13127,259.17,1,127,15,2011-09-23 10:26:00,2011-09-23 10:26:00,259.17,0
13130,64.0,1,32,2,2011-09-06 15:30:00,2011-09-06 15:30:00,64.0,0
13131,1073.3,3,447,30,2011-06-05 10:54:00,2011-11-16 13:21:00,357.76666666666665,164
13132,77.3,1,20,3,2011-03-23 12:44:00,2011-03-23 12:44:00,77.3,0
13133,109.8,2,32,7,2011-02-08 15:48:00,2011-03-11 10:31:00,54.9,30
13134,1793.58,4,1059,94,2011-04-13 12:57:00,2011-09-15 10:35:00,448.395,154
13135,3096.0,1,4300,1,2011-05-27 10:52:00,2011-05-27 10:52:00,3096.0,0
13136,2607.61,5,1328,94,2011-05-11 12:47:00,2011-10-14 13:41:00,521.522,156
13137,3603.29,8,2204,345,2011-02-04 11:54:00,2011-11-29 12:09:00,450.41125,298
13138,962.39,6,473,31,2010-12-02 15:03:00,2011-11-17 16:51:00,160.39833333333334,350
13139,5064.94,7,2425,132,2011-03-25 11:57:00,2011-11-23 13:54:00,723.5628571428571,243
13140,422.47,3,185,40,2010-12-08 15:12:00,2011-08-23 15:33:00,140.82333333333335,258
13141,2388.75,5,1548,113,2011-01-28 13:04:00,2011-09-16 09:54:00,477.75,230
13142,307.09,1,258,23,2011-11-20 16:07:00,2011-11-20 16:07:00,307.09,0
13144,110.95,1,21,3,2011-01-11 11:15:00,2011-01-11 11:15:00,110.95,0
13145,618.52,4,145,5,2010-12-02 18:06:00,2011-10-31 12:45:00,154.63,332
13146,228.91,1,154,16,2011-11-13 15:29:00,2011-11-13 15:29:00,228.91,0
13147,712.8000000000001,4,144,1,2011-09-01 12:28:00,2011-11-29 13:59:00,178.20000000000002,89
13148,3683.26,12,1965,231,2010-12-10 13:06:00,2011-11-10 15:23:00,306.93833333333333,335
13149,1676.06,4,1280,76,2011-02-23 13:57:00,2011-11-25 13:09:00,419.015,274
13151,1257.8700000000001,1,363,73,2011-02-17 12:29:00,2011-02-17 12:29:00,1257.8700000000001,0
13153,486.22,1,418,15,2011-12-04 12:14:00,2011-12-04 12:14:00,486.22,0
13155,971.76,4,497,67,2010-12-06 12:44:00,2011-11-06 15:41:00,242.94,335
13157,1741.22,4,1439,69,2011-02-14 14:03:00,2011-10-21 13:50:00,435.305,248
13158,1201.06,4,784,59,2011-01-25 09:58:00,2011-09-06 11:58:00,300.265,224
13159,1429.35,4,1058,114,2011-08-16 11:44:00,2011-12-01 11:20:00,357.3375,106
13160,91.8,1,56,4,2011-11-17 13:07:00,2011-11-17 13:07:00,91.8,0
13161,112.75,1,29,8,2011-01-30 14:03:00,2011-01-30 14:03:00,112.75,0
13162,1688.29,4,1713,74,2011-01-09 10:43:00,2011-08-09 15:59:00,422.0725,212
13165,1021.48,2,1376,40,2010-12-23 14:06:00,2011-10-24 15:05:00,510.74,305
13166,417.2,1,216,39,2011-03-01 15:16:00,2011-03-01 15:16:00,417.2,0
13167,791.33,4,785,51,2011-07-19 12:13:00,2011-11-21 12:24:00,197.8325,125
13168,1299.59,4,670,102,2011-01-25 13:55:00,2011-11-03 12:56:00,324.8975,281
13169,712.88,2,272,11,2011-04-01 14:24:00,2011-10-07 12:11:00,356.44,188
13170,108.81,1,141,29,2011-11-13 12:19:00,2011-11-13 12:19:00,108.81,0
13171,468.41,3,229,37,2011-02-13 14:16:00,2011-11-18 10:27:00,156.13666666666668,277
13173,353.65,2,277,41,2010-12-07 14:30:00,2011-12-05 15:51:00,176.825,363
13174,2742.82,3,1352,228,2010-12-05 16:24:00,2011-11-23 14:35:00,914.2733333333334,352
13176,481.49,1,448,66,2011-10-24 15:43:00,2011-10-24 15:43:00,481.49,0
13177,282.45,1,91,17,2011-10-06 09:56:00,2011-10-06 09:56:00,282.45,0
13178,5725.47,11,3570,95,2010-12-14 12:22:00,2011-11-13 16:14:00,520.4972727272727,334
13182,121.18,1,201,11,2011-10-25 13:46:00,2011-10-25 13:46:00,121.18,0
13183,3957.78,9,2208,51,2011-01-09 10:50:00,2011-12-02 10:30:00,439.75333333333333,326
13184,1668.95,10,1662,138,2011-02-22 17:25:00,2011-11-25 12:02:00,166.895,275
13185,71.4,1,12,1,2011-03-17 11:56:00,2011-03-17 11:56:00,71.4,0
13186,1575.89,3,820,69,2011-08-03 09:09:00,2011-10-31 11:40:00,525.2966666666667,89
13187,236.02,1,95,37,2011-01-06 18:57:00,2011-01-06 18:57:00,236.02,0
13188,114.60000000000001,1,25,2,2011-11-28 15:28:00,2011-11-28 15:28:00,114.60000000000001,0
13189,260.68,2,842,29,2011-08-16 13:12:00,2011-11-21 10:39:00,130.34,96
13192,911.94,2,595,57,2011-05-18 14:57:00,2011-09-05 14:13:00,455.97,109
13193,112.08,1,46,22,2011-10-09 14:30:00,2011-10-09 14:30:00,112.08,0
13194,60.7,1,26,3,2011-07-27 09:01:00,2011-07-27 09:01:00,60.7,0
13196,1797.78,4,1224,97,2011-03-22 14:24:00,2011-11-28 13:54:00,449.445,250
13198,3401.2400000000002,6,2648,199,2010-12-13 09:29:00,2011-11-29 15:17:00,566.8733333333333,351
13199,9817.12,38,6176,48,2010-12-08 10:51:00,2011-12-06 12:30:00,258.34526315789475,363
13200,870.09,4,516,42,2011-08-05 14:50:00,2011-11-20 15:35:00,217.5225,107
13203,869.46,4,800,56,2011-04-11 14:40:00,2011-11-30 10:45:00,217.365,232
13207,250.26000000000002,2,130,7,2011-07-12 11:35:00,2011-11-24 14:52:00,125.13000000000001,135
13208,1217.65,6,803,124,2011-02-03 19:32:00,2011-10-12 09:54:00,202.9416666666667,250
13209,5891.61,8,4253,255,2010-12-13 10:31:00,2011-11-09 13:54:00,736.45125,331
13210,353.48,1,316,22,2011-09-07 08:18:00,2011-09-07 08:18:00,353.48,0
13211,1095.42,3,834,45,2010-12-13 16:17:00,2011-11-29 14:43:00,365.14000000000004,350
13212,786.83,3,309,128,2011-10-09 14:48:00,2011-11-20 12:40:00,262.2766666666667,41
13213,1520.58,5,1360,82,2011-05-24 12:22:00,2011-10-14 11:42:00,304.116,142
13216,333.74,1,297,5,2011-03-17 12:18:00,2011-03-17 12:18:00,333.74,0
13217,533.98,3,262,3,2011-07-06 12:08:00,2011-08-09 15:32:00,177.99333333333334,34
13218,62.63999999999999,1,88,5,2011-08-04 16:59:00,2011-08-04 16:59:00,62.63999999999999,0
13220,819.2900000000001,4,196,18,2011-04-17 10:59:00,2011-09-22 13:38:00,204.82250000000002,158
13221,847.41,2,244,62,2010-12-15 13:24:00,2011-04-13 16:58:00,423.705,119
13223,163.20000000000002,2,88,5,2011-04-21 15:16:00,2011-05-23 13:03:00,81.60000000000001,31
13224,2155.95,2,1518,101,2011-07-11 14:10:00,2011-10-10 14:55:00,1077.975,91
13225,6463.84,7,3416,23,2010-12-13 09:49:00,2011-12-06 13:29:00,923.4057142857143,358
13226,108.21000000000001,1,80,16,2011-03-11 14:35:00,2011-03-11 14:35:00,108.21000000000001,0
13227,257.7,1,99,9,2011-05-22 11:47:00,2011-05-22 11:47:00,257.7,0
13228,358.0,1,200,2,2011-09-19 14:28:00,2011-09-19 14:28:00,358.0,0
13229,160.95,1,63,10,2011-04-28 12:07:00,2011-04-28 12:07:00,160.95,0
13230,2755.63,14,1638,393,2010-12-09 19:28:00,2011-12-05 16:03:00,196.8307142857143,360
13232,1328.35,7,773,147,2011-04-10 13:48:00,2011-11-27 10:39:00,189.7642857142857,230
13233,605.12,2,1004,43,2011-01-07 14:49:00,2011-09-26 13:25:00,302.56,261
13235,1031.07,1,441,53,2011-05-11 17:13:00,2011-05-11 17:13:00,1031.07,0
13236,744.85,2,416,34,2011-08-25 08:58:00,2011-11-15 12:50:00,372.425,82
13238,700.73,4,298,20,2010-12-14 14:37:00,2011-11-22 15:37:00,175.1825,343
13239,329.56,1,327,21,2011-03-23 10:25:00,2011-03-23 10:25:00,329.56,0
13240,663.65,4,298,59,2010-12-09 12:49:00,2011-09-04 14:08:00,165.9125,269
13242,270.40000000000003,3,130,12,2011-05-10 12:26:00,2011-08-19 12:53:00,90.13333333333334,101
13243,585.12,1,232,56,2011-05-20 13:14:00,2011-05-20 13:14:00,585.12,0
13244,121.74000000000001,1,38,27,2011-09-08 11:46:00,2011-09-08 11:46:00,121.74000000000001,0
13245,430.5,1,125,16,2011-10-20 11:40:00,2011-10-20 11:40:00,430.5,0
13246,1961.52,6,1587,110,2011-01-13 13:36:00,2011-11-21 16:50:00,326.92,312
13247,501.12,4,328,18,2011-09-18 11:31:00,2011-11-22 10:59:00,125.28,64
13248,465.68,2,305,25,2011-06-03 13:05:00,2011-08-07 12:40:00,232.84,64
13249,711.41,3,546,21,2011-03-23 15:26:00,2011-09-08 13:26:00,237.13666666666666,168
13253,1030.4,2,1572,35,2011-01-04 15:43:00,2011-07-06 10:09:00,515.2,182
13255,399.51,2,177,13,2010-12-01 11:58:00,2011-11-30 13:14:00,199.755,364
13258,672.83,3,282,28,2011-05-18 13:11:00,2011-11-28 09:31:00,224.27666666666667,193
13259,283.18,1,126,77,2011-10-09 10:48:00,2011-10-09 10:48:00,283.18,0
13260,557.62,1,142,8,2011-10-09 13:21:00,2011-10-09 13:21:00,557.62,0
13261,944.1,2,210,8,2011-02-27 10:41:00,2011-03-16 12:22:00,472.05,17
13262,200.29,1,125,11,2011-03-21 15:06:00,2011-03-21 15:06:00,200.29,0
13263,7436.93,35,4768,450,2011-01-18 16:31:00,2011-12-08 13:59:00,212.48371428571429,323
13265,2092.66,5,1740,66,2011-03-11 09:54:00,2011-10-17 15:02:00,418.532,220
13266,3834.2599999999998,12,4428,82,2011-03-28 10:14:00,2011-11-28 14:39:00,319.52166666666665,245
13267,4521.49,19,1969,88,2010-12-08 09:20:00,2011-12-07 11:12:00,237.97315789473683,364
13268,3174.75,11,3624,257,2011-03-17 13:20:00,2011-11-22 11:51:00,288.6136363636364,249
13269,5343.28,15,3513,177,2010-12-05 11:51:00,2011-12-08 14:53:00,356.21866666666665,368
13270,590.0,1,200,1,2010-12-08 14:53:00,2010-12-08 14:53:00,590.0,0
13271,211.49,1,240,79,2011-11-02 14:31:00,2011-11-02 14:31:00,211.49,0
13272,276.56,2,96,15,2011-09-11 12:06:00,2011-11-08 14:00:00,138.28,58
13273,138.98,1,153,16,2011-08-18 14:02:00,2011-08-18 14:02:00,138.98,0
13276,590.9300000000001,2,161,30,2011-09-01 10:03:00,2011-10-07 12:44:00,295.46500000000003,36
13277,258.4,4,176,5,2011-07-29 10:06:00,2011-11-24 09:21:00,64.6,117
13278,542.73,1,537,46,2011-10-30 11:49:00,2011-10-30 11:49:00,542.73,0
13279,137.75,1,73,9,2011-09-22 17:24:00,2011-09-22 17:24:00,137.75,0
13280,798.46,3,518,67,2011-01-06 17:10:00,2011-08-09 13:14:00,266.15333333333336,214
13282,1132.14,3,307,29,2011-05-03 12:03:00,2011-11-21 15:33:00,377.38000000000005,202
13283,93.66,2,90,7,2011-06-07 12:39:00,2011-10-11 09:50:00,46.83,125
13284,201.19,1,91,13,2011-01-13 09:23:00,2011-01-13 09:23:00,201.19,0
13285,2709.12,4,2051,157,2011-02-22 17:13:00,2011-11-16 13:19:00,677.28,266
13291,361.11,1,233,41,2011-07-07 10:36:00,2011-07-07 10:36:00,361.11,0
13292,578.9399999999999,2,347,29,2011-02-28 15:00:00,2011-11-01 10:04:00,289.46999999999997,245
13294,873.74,2,453,48,2011-04-04 12:37:00,2011-06-03 08:54:00,436.87,59
13295,201.20000000000002,1,82,10,2010-12-15 11:21:00,2010-12-15 11:21:00,201.20000000000002,0
13296,87.4,1,78,5,2011-07-25 13:46:00,2011-07-25 13:46:00,87.4,0
13297,2089.85,4,963,52,2011-10-03 15:08:00,2011-12-02 09:32:00,522.4625,59
13298,360.0,1,96,2,2011-12-08 13:11:00,2011-12-08 13:11:00,360.0,0
13299,142.5,1,30,5,2011-03-16 12:55:00,2011-03-16 12:55:00,142.5,0
13300,371.89,1,203,20,2011-06-23 13:09:00,2011-06-23 13:09:00,371.89,0
13301,618.09,4,345,75,2011-02-20 13:13:00,2011-08-28 11:25:00,154.5225,188
13302,63.75,1,5,1,2011-07-07 17:56:00,2011-07-07 17:56:00,63.75,0
13304,300.42,1,238,21,2010-12-23 14:35:00,2010-12-23 14:35:00,300.42,0
13305,2000.86,10,1232,50,2010-12-02 12:10:00,2011-12-05 15:15:00,200.08599999999998,368
13307,15.0,1,4,1,2011-08-11 17:14:00,2011-08-11 17:14:00,15.0,0
13308,1385.51,3,843,49,2011-05-20 13:13:00,2011-11-17 09:31:00,461.83666666666664,180
13309,1456.79,5,1544,82,2011-02-04 12:29:00,2011-12-02 16:34:00,291.358,301
13310,1132.03,3,587,65,2011-01-19 14:50:00,2011-11-11 17:23:00,377.3433333333333,296
13311,598.57,2,305,25,2011-07-12 14:26:00,2011-12-05 12:55:00,299.285,145
13313,1555.32,5,851,47,2011-01-04 10:00:00,2011-11-17 16:48:00,311.06399999999996,317
13314,775.94,3,560,55,2011-09-27 10:20:00,2011-12-08 12:29:00,258.6466666666667,72
13316,5732.93,4,5508,66,2011-03-30 13:01:00,2011-11-02 13:40:00,1433.2325,217
13317,2273.68,6,1035,100,2010-12-16 09:22:00,2011-10-04 13:35:00,378.94666666666666,292
13318,640.76,3,304,14,2011-11-02 13:26:00,2011-12-08 18:51:00,213.58666666666667,36
13319,10845.550000000001,26,4724,209,2010-12-09 10:04:00,2011-12-04 13:34:00,417.1365384615385,360
13320,1532.2,4,1086,77,2011-05-10 10:29:00,2011-09-22 18:07:00,383.05,135
13321,567.36,2,372,10,2011-09-14 15:18:00,2011-09-28 15:24:00,283.68,14
13322,199.48000000000002,1,117,25,2011-11-22 14:21:00,2011-11-22 14:21:00,199.48000000000002,0
13323,787.85,5,175,6,2011-09-16 13:23:00,2011-12-06 17:12:00,157.57,81
13324,7121.95,10,5205,25,2010-12-14 09:50:00,2011-11-03 16:28:00,712.1949999999999,324
13325,675.3,1,240,12,2011-09-19 10:36:00,2011-09-19 10:36:00,675.3,0
13327,3627.77,8,1600,74,2010-12-09 15:32:00,2011-11-01 10:21:00,453.47125,326
13328,1308.48,1,680,17,2011-01-27 15:22:00,2011-01-27 15:22:00,1308.48,0
13329,789.0,2,463,16,2010-12-08 10:11:00,2011-11-08 10:29:00,394.5,335
13330,1140.93,3,751,37,2011-01-28 10:08:00,2011-09-08 12:27:00,380.31,223
13332,350.9,1,179,21,2011-11-25 13:30:00,2011-11-25 13:30:00,350.9,0
13334,3502.32,3,1764,207,2011-02-07 11:42:00,2011-09-18 15:21:00,1167.44,223
13336,795.12,1,559,51,2011-09-23 14:05:00,2011-09-23 14:05:00,795.12,0
13338,487.02,1,256,19,2011-07-05 09:06:00,2011-07-05 09:06:00,487.02,0
13339,860.12,1,326,54,2011-05-23 08:31:00,2011-05-23 08:31:00,860.12,0
13340,10736.48,7,5770,128,2011-03-08 11:39:00,2011-10-25 13:15:00,1533.782857142857,231
13341,775.85,1,301,42,2011-03-24 09:50:00,2011-03-24 09:50:00,775.85,0
13343,353.43,1,135,19,2011-06-15 12:24:00,2011-06-15 12:24:00,353.43,0
13344,2511.69,3,952,115,2011-03-07 10:28:00,2011-10-03 09:45:00,837.23,209
13345,389.5,1,141,20,2011-02-25 09:01:00,2011-02-25 09:01:00,389.5,0
13347,341.36,1,205,8,2011-09-30 13:28:00,2011-09-30 13:28:00,341.36,0
13348,233.76,1,136,14,2011-10-06 17:28:00,2011-10-06 17:28:00,233.76,0
13349,247.32,1,225,16,2011-11-29 08:07:00,2011-11-29 08:07:00,247.32,0
13350,979.12,2,287,36,2011-09-21 13:33:00,2011-11-23 16:33:00,489.56,63
13351,373.94,1,117,16,2011-10-04 12:55:00,2011-10-04 12:55:00,373.94,0
13352,397.97999999999996,1,321,24,2011-10-10 13:55:00,2011-10-10 13:55:00,397.97999999999996,0
13354,743.53,1,604,51,2011-09-29 13:17:00,2011-09-29 13:17:00,743.53,0
13355,674.7,1,314,32,2011-08-09 14:48:00,2011-08-09 14:48:00,674.7,0
13356,768.24,1,325,42,2011-09-20 14:33:00,2011-09-20 14:33:00,768.24,0
13357,609.4,1,321,85,2011-03-27 13:56:00,2011-03-27 13:56:00,609.4,0
13358,439.03,1,285,29,2011-03-16 11:52:00,2011-03-16 11:52:00,439.03,0
13359,439.56,1,161,23,2011-10-07 09:30:00,2011-10-07 09:30:00,439.56,0
13362,3090.7400000000002,4,1382,128,2011-02-25 11:33:00,2011-11-30 14:41:00,772.6850000000001,278
13363,992.5,2,710,47,2011-10-27 10:46:00,2011-11-22 12:40:00,496.25,26
13364,134.95999999999998,1,71,10,2011-09-29 18:13:00,2011-09-29 18:13:00,134.95999999999998,0
13365,2225.37,2,1247,122,2011-05-06 12:00:00,2011-11-06 12:36:00,1112.685,184
13366,56.160000000000004,1,144,1,2011-10-20 13:37:00,2011-10-20 13:37:00,56.160000000000004,0
13368,623.4,2,327,29,2011-01-06 12:32:00,2011-03-28 09:59:00,311.7,80
13369,308.28000000000003,1,149,14,2010-12-09 11:30:00,2010-12-09 11:30:00,308.28000000000003,0
13370,754.87,1,343,39,2010-12-03 10:26:00,2010-12-03 10:26:00,754.87,0
13372,378.64,1,159,23,2011-09-11 12:46:00,2011-09-11 12:46:00,378.64,0
13373,3312.25,3,1651,135,2011-03-08 14:35:00,2011-10-10 10:51:00,1104.0833333333333,215
13375,778.65,1,442,37,2011-09-12 10:19:00,2011-09-12 10:19:00,778.65,0
13376,1019.76,3,493,45,2011-04-19 13:03:00,2011-09-01 16:16:00,339.92,135
13379,572.56,3,601,85,2011-07-26 12:26:00,2011-11-13 13:45:00,190.85333333333332,110
13381,3639.31,6,2029,77,2011-02-14 10:10:00,2011-11-08 11:58:00,606.5516666666666,267
13382,222.99,1,131,15,2011-03-04 10:03:00,2011-03-04 10:03:00,222.99,0
13384,4151.93,7,2422,123,2011-06-14 12:47:00,2011-11-09 11:04:00,593.1328571428572,147
13385,534.57,1,281,35,2011-01-14 09:52:00,2011-01-14 09:52:00,534.57,0
13388,677.1,2,282,35,2011-07-31 12:52:00,2011-07-31 12:52:00,338.55,0
13389,797.96,3,429,50,2011-04-21 12:12:00,2011-11-28 14:01:00,265.9866666666667,221
13390,544.08,1,224,13,2011-09-26 08:38:00,2011-09-26 08:38:00,544.08,0
13391,59.8,1,4,1,2011-05-20 10:50:00,2011-05-20 10:50:00,59.8,0
13394,2520.02,8,2392,124,2011-02-03 10:39:00,2011-12-08 11:36:00,315.0025,308
13395,307.72,1,336,21,2011-06-07 15:04:00,2011-06-07 15:04:00,307.72,0
13396,1360.99,2,600,42,2011-01-24 13:37:00,2011-11-10 16:59:00,680.495,290
13397,1544.13,5,430,28,2011-01-04 13:50:00,2011-09-28 10:56:00,308.826,266
13398,457.34,1,281,26,2011-05-31 13:17:00,2011-05-31 13:17:00,457.34,0
13402,621.23,2,479,32,2010-12-02 17:12:00,2011-08-04 15:51:00,310.615,244
13403,75.0,1,44,3,2011-11-22 08:28:00,2011-11-22 08:28:00,75.0,0
13404,252.49,2,111,11,2011-05-11 11:57:00,2011-12-08 15:37:00,126.245,211
13405,572.451,3,165,25,2011-01-26 09:27:00,2011-09-26 17:01:00,190.817,243
13408,28117.04,62,16232,234,2010-12-01 10:39:00,2011-12-08 09:05:00,453.5006451612903,371
13410,1003.06,5,518,15,2011-02-21 14:38:00,2011-11-15 15:33:00,200.612,267
13411,213.55,1,72,17,2011-08-24 13:57:00,2011-08-24 13:57:00,213.55,0
13414,1390.5,3,1574,23,2011-02-16 12:13:00,2011-07-29 11:45:00,463.5,162
13416,712.5,2,142,11,2011-09-19 14:43:00,2011-10-27 08:56:00,356.25,37
13417,640.83,2,162,26,2011-05-18 16:26:00,2011-12-05 08:49:00,320.415,200
13418,6127.43,18,3918,223,2010-12-02 10:45:00,2011-11-28 10:23:00,340.4127777777778,360
13419,221.06,1,275,16,2011-10-07 12:49:00,2011-10-07 12:49:00,221.06,0
13420,159.85,2,101,8,2011-06-22 11:35:00,2011-07-13 08:48:00,79.925,20
13421,1833.71,2,1128,88,2011-02-22 15:46:00,2011-10-30 14:21:00,916.855,249
13422,2626.3,1,1326,127,2011-10-06 13:42:00,2011-10-06 13:42:00,2626.3,0
13425,1624.21,3,1123,66,2011-02-18 08:34:00,2011-08-23 17:13:00,541.4033333333333,186
13426,3641.32,10,2245,103,2010-12-15 12:43:00,2011-12-09 08:59:00,364.132,358
13427,582.6,3,545,25,2011-05-08 15:58:00,2011-11-20 13:02:00,194.20000000000002,195
13428,201.78,1,151,70,2011-11-29 14:20:00,2011-11-29 14:20:00,201.78,0
13429,1006.8,4,1390,55,2011-09-25 15:59:00,2011-11-29 09:10:00,251.7,64
13430,679.45,2,751,48,2011-09-14 14:26:00,2011-11-21 08:19:00,339.725,67
13431,1269.1,2,672,44,2011-09-12 11:25:00,2011-10-03 13:49:00,634.55,21
13434,534.24,2,300,9,2011-09-04 10:35:00,2011-09-26 14:30:00,267.12,22
13435,3809.8900000000003,7,2129,68,2011-06-03 17:07:00,2011-12-04 14:45:00,544.2700000000001,183
13436,196.89,1,76,12,2011-12-08 10:33:00,2011-12-08 10:33:00,196.89,0
13437,3408.06,7,1283,143,2011-06-02 14:30:00,2011-11-25 14:00:00,486.86571428571426,175
13439,283.71,1,242,54,2011-03-29 14:20:00,2011-03-29 14:20:00,283.71,0
13441,296.64,1,204,13,2011-09-09 09:38:00,2011-09-09 09:38:00,296.64,0
13447,1129.14,3,584,55,2011-11-04 10:10:00,2011-11-16 13:38:00,376.38000000000005,12
13448,3534.69,6,1648,137,2010-12-01 10:52:00,2011-11-23 12:33:00,589.115,357
13449,291.88,1,222,19,2011-11-16 08:28:00,2011-11-16 08:28:00,291.88,0
13450,2043.7199999999998,6,1982,32,2011-05-05 19:48:00,2011-11-13 11:54:00,340.61999999999995,191
13451,2898.2599999999998,5,2128,315,2011-01-09 15:35:00,2011-11-13 15:58:00,579.6519999999999,308
13452,590.0,2,2,1,2011-03-14 11:38:00,2011-03-25 14:19:00,295.0,11
13453,356.97999999999996,2,134,16,2011-02-23 09:44:00,2011-06-27 09:34:00,178.48999999999998,123
13455,1058.34,2,354,42,2010-12-08 13:11:00,2011-11-15 11:21:00,529.17,341
13456,1766.72,6,765,43,2011-05-16 15:34:00,2011-11-22 09:18:00,294.4533333333333,189
13458,9646.57,14,5508,242,2010-12-15 12:05:00,2011-12-02 15:29:00,689.0407142857142,352
13460,183.44,2,286,16,2011-10-21 09:50:00,2011-11-10 17:17:00,91.72,20
13461,1445.0,3,1170,14,2011-06-29 10:23:00,2011-11-01 09:01:00,481.6666666666667,124
13462,151.5,1,62,9,2011-04-01 11:20:00,2011-04-01 11:20:00,151.5,0
13464,674.68,1,403,41,2011-10-12 15:01:00,2011-10-12 15:01:00,674.68,0
13466,307.9,1,259,17,2011-06-08 16:39:00,2011-06-08 16:39:00,307.9,0
13467,1071.91,2,580,89,2011-11-03 16:56:00,2011-11-29 10:01:00,535.955,25
13468,5704.97,37,2589,184,2010-12-01 15:08:00,2011-12-08 10:39:00,154.1883783783784,371
13470,165.0,2,100,7,2011-08-16 17:06:00,2011-09-01 14:57:00,82.5,15
13471,2501.84,4,1583,214,2011-10-23 13:10:00,2011-12-08 15:44:00,625.46,46
13473,422.64,2,266,21,2011-01-11 08:45:00,2011-10-10 11:20:00,211.32,272
13474,226.84,1,129,59,2011-04-17 13:53:00,2011-04-17 13:53:00,226.84,0
13475,1431.78,4,1012,64,2011-02-14 12:36:00,2011-06-01 13:52:00,357.945,107
13476,1238.47,2,417,56,2011-03-03 14:43:00,2011-06-14 12:00:00,619.235,102
13477,1454.58,6,1021,57,2011-02-21 12:29:00,2011-11-02 12:04:00,242.42999999999998,253
13479,300.95,2,134,14,2011-04-19 11:27:00,2011-05-23 10:45:00,150.475,33
13481,1804.56,5,1142,98,2011-03-28 09:07:00,2011-10-25 09:07:00,360.912,211
13482,184.64,1,116,11,2011-04-21 17:03:00,2011-04-21 17:03:00,184.64,0
13483,140.34,1,160,10,2011-10-05 11:53:00,2011-10-05 11:53:00,140.34,0
13484,313.8,1,44,8,2011-04-12 16:30:00,2011-04-12 16:30:00,313.8,0
13485,454.24,1,277,23,2011-04-20 13:58:00,2011-04-20 13:58:00,454.24,0
13486,1122.41,3,669,69,2011-07-07 17:19:00,2011-09-22 13:13:00,374.1366666666667,76
13487,575.4,3,265,26,2010-12-21 14:54:00,2011-10-13 12:07:00,191.79999999999998,295
13488,8968.31,13,4518,271,2010-12-07 13:01:00,2011-11-22 14:41:00,689.87,350
13489,449.52,4,560,11,2011-02-18 10:42:00,2011-08-26 13:16:00,112.38,189
13491,1215.82,10,903,73,2010-12-02 14:30:00,2011-10-19 08:32:00,121.582,320
13492,1269.84,3,408,38,2011-05-09 10:06:00,2011-07-26 14:25:00,423.28,78
13493,618.63,2,380,6,2011-02-25 16:42:00,2011-03-09 15:35:00,309.315,11
13494,316.26000000000005,1,162,18,2011-02-01 11:58:00,2011-02-01 11:58:00,316.26000000000005,0
13495,2044.8700000000001,5,829,34,2010-12-06 15:14:00,2011-12-02 11:21:00,408.97400000000005,360
13496,653.33,2,341,28,2010-12-15 10:17:00,2011-11-29 10:58:00,326.665,349
13497,348.05,2,163,19,2010-12-06 11:37:00,2011-03-02 09:04:00,174.025,85
13499,1159.11,5,1365,31,2011-03-15 08:52:00,2011-11-22 11:21:00,231.82199999999997,252
13500,1166.77,3,609,60,2011-08-09 12:20:00,2011-11-16 15:35:00,388.92333333333335,99
13501,1340.32,1,560,52,2011-02-24 18:59:00,2011-02-24 18:59:00,1340.32,0
13502,292.0,3,264,17,2011-01-20 09:03:00,2011-11-23 10:39:00,97.33333333333333,307
13503,216.85,1,248,17,2011-09-29 13:23:00,2011-09-29 13:23:00,216.85,0
13504,295.93,1,178,22,2011-10-06 13:20:00,2011-10-06 13:20:00,295.93,0
13505,4393.63,4,2486,182,2011-04-21 12:07:00,2011-09-28 11:56:00,1098.4075,159
13506,458.52,2,324,26,2010-12-05 12:15:00,2011-01-27 13:53:00,229.26,53
13507,2479.16,4,1597,146,2011-07-17 11:50:00,2011-12-06 13:13:00,619.79,142
13508,110.97,1,24,12,2011-04-10 11:58:00,2011-04-10 11:58:00,110.97,0
13509,979.72,7,1106,27,2011-02-28 13:27:00,2011-12-01 10:10:00,139.96,275
13510,1791.56,4,1386,86,2011-06-09 09:32:00,2011-12-08 13:46:00,447.89,182
13512,251.21,1,143,15,2011-03-24 10:03:00,2011-03-24 10:03:00,251.21,0
13513,205.1,1,109,10,2011-08-05 11:50:00,2011-08-05 11:50:00,205.1,0
13514,152.20000000000002,1,40,4,2011-09-27 09:39:00,2011-09-27 09:39:00,152.20000000000002,0
13515,891.12,4,681,50,2011-04-06 10:33:00,2011-09-28 11:26:00,222.78,175
13516,1389.41,3,985,43,2011-04-15 11:06:00,2011-11-18 13:15:00,463.1366666666667,217
13517,2128.42,3,1369,125,2011-06-13 08:44:00,2011-10-11 11:43:00,709.4733333333334,120
13518,627.16,1,382,36,2011-09-15 10:29:00,2011-09-15 10:29:00,627.16,0
13519,122.75,1,23,8,2011-09-22 18:24:00,2011-09-22 18:24:00,122.75,0
13520,3624.35,6,1649,49,2010-12-03 10:36:00,2011-10-12 10:20:00,604.0583333333333,312
13521,1071.73,3,718,313,2011-11-29 15:09:00,2011-12-08 13:50:00,357.24333333333334,8
13522,125.80000000000001,1,44,5,2011-11-09 15:11:00,2011-11-09 15:11:00,125.80000000000001,0
13523,3964.88,5,1752,157,2010-12-08 14:22:00,2011-11-06 15:11:00,792.976,333
13524,680.1800000000001,5,324,17,2011-05-04 12:26:00,2011-10-30 12:34:00,136.036,179
13525,628.78,2,394,5,2011-04-05 15:36:00,2011-11-25 12:01:00,314.39,233
13527,2242.36,7,1683,153,2011-01-17 11:17:00,2011-11-06 12:04:00,320.33714285714285,293
13529,307.76,2,74,15,2011-05-19 11:50:00,2011-09-22 09:15:00,153.88,125
13531,483.8,2,174,17,2010-12-08 15:03:00,2011-05-18 16:56:00,241.9,161
13532,210.31,1,129,66,2011-11-06 12:25:00,2011-11-06 12:25:00,210.31,0
13533,269.09,3,202,61,2011-03-17 12:47:00,2011-06-10 11:54:00,89.69666666666666,84
13534,5870.08,25,2961,119,2010-12-16 15:23:00,2011-12-07 14:52:00,234.8032,355
13536,3444.39,7,2126,91,2011-09-25 13:30:00,2011-12-08 16:38:00,492.05571428571426,74
13538,1280.85,7,175,10,2011-01-28 10:40:00,2011-10-27 16:34:00,182.97857142857143,272
13539,631.34,3,320,35,2011-02-03 15:23:00,2011-09-15 10:18:00,210.4466666666667,223
13544,276.06,2,112,76,2011-04-13 12:09:00,2011-10-31 11:57:00,138.03,200
13546,621.09,3,357,72,2011-05-23 12:14:00,2011-11-27 14:50:00,207.03,188
13548,678.16,2,436,114,2011-04-10 11:35:00,2011-09-04 14:50:00,339.08,147
13549,918.2,7,458,37,2011-04-11 13:42:00,2011-11-14 09:20:00,131.17142857142858,216
13551,91.80000000000001,1,12,4,2011-01-24 14:46:00,2011-01-24 14:46:00,91.80000000000001,0
13552,3740.07,12,1417,82,2011-01-28 10:10:00,2011-10-04 15:19:00,311.6725,249
13555,4098.88,4,2636,128,2011-05-22 11:06:00,2011-09-27 12:36:00,1024.72,128
13557,584.06,2,546,31,2011-03-04 12:14:00,2011-11-11 15:24:00,292.03,252
13558,594.52,4,338,123,2011-10-02 13:01:00,2011-12-04 11:24:00,148.63,62
13560,171.42000000000002,1,63,32,2011-12-02 13:11:00,2011-12-02 13:11:00,171.42000000000002,0
13561,141.85999999999999,1,83,14,2011-05-08 12:39:00,2011-05-08 12:39:00,141.85999999999999,0
13562,1799.33,3,757,50,2011-04-08 12:42:00,2011-09-19 10:51:00,599.7766666666666,163
13563,777.53,2,209,49,2011-07-22 17:21:00,2011-09-16 14:45:00,388.765,55
13564,1724.67,3,636,68,2010-12-06 17:26:00,2011-07-18 14:33:00,574.89,223
13565,240.22,2,172,35,2011-01-09 14:28:00,2011-11-20 14:33:00,120.11,315
13566,856.84,2,567,134,2011-09-18 12:40:00,2011-10-30 11:59:00,428.42,41
13568,187.05,1,66,41,2011-06-19 14:42:00,2011-06-19 14:42:00,187.05,0
13569,338.62,2,156,73,2010-12-07 12:29:00,2011-11-22 13:07:00,169.31,350
13570,239.49,1,161,27,2011-04-10 13:36:00,2011-04-10 13:36:00,239.49,0
13571,2088.94,12,1757,157,2011-03-31 12:43:00,2011-11-27 10:47:00,174.07833333333335,240
13572,1384.25,1,534,32,2011-05-18 11:59:00,2011-05-18 11:59:00,1384.25,0
13573,290.25,2,302,24,2011-03-31 14:47:00,2011-10-20 14:33:00,145.125,202
13575,732.0699999999999,5,449,41,2011-06-16 14:24:00,2011-11-16 13:14:00,146.414,152
13576,6717.34,18,2646,78,2010-12-01 17:24:00,2011-11-29 15:34:00,373.18555555555554,362
13577,1687.6000000000001,4,791,61,2011-04-12 10:33:00,2011-11-14 15:19:00,421.90000000000003,216
13579,467.04,2,176,19,2010-12-05 16:10:00,2011-11-25 08:41:00,233.52,354
13581,118.0,1,30,10,2011-02-03 14:41:00,2011-02-03 14:41:00,118.0,0
13583,781.03,1,725,53,2011-07-07 10:40:00,2011-07-07 10:40:00,781.03,0
13584,142.4,1,37,24,2011-02-06 12:49:00,2011-02-06 12:49:00,142.4,0
13587,712.4,1,180,8,2011-10-07 12:31:00,2011-10-07 12:31:00,712.4,0
13588,2478.95,9,2606,131,2011-03-29 15:53:00,2011-11-24 10:42:00,275.43888888888887,239
13589,379.65,2,114,21,2011-06-13 12:44:00,2011-11-25 12:10:00,189.825,164
13590,1981.92,6,1848,70,2011-02-09 13:25:00,2011-11-28 12:54:00,330.32,291
13591,1117.13,3,485,56,2011-03-18 12:18:00,2011-10-06 12:26:00,372.3766666666667,202
13592,247.95999999999998,4,84,15,2011-03-20 14:01:00,2011-11-04 09:49:00,61.989999999999995,228
13593,2011.88,5,719,77,2011-01-07 16:32:00,2011-08-23 13:35:00,402.37600000000003,227
13594,396.97,1,359,26,2011-10-18 10:19:00,2011-10-18 10:19:00,396.97,0
13596,664.11,2,384,133,2011-11-27 11:57:00,2011-12-04 12:01:00,332.055,7
13598,160.04,1,52,33,2011-10-23 14:28:00,2011-10-23 14:28:00,160.04,0
13599,5149.92,21,3293,171,2010-12-08 10:11:00,2011-12-08 16:10:00,245.2342857142857,365
13600,219.52,1,324,19,2011-01-31 15:27:00,2011-01-31 15:27:00,219.52,0
13601,693.32,2,548,90,2011-05-12 16:52:00,2011-10-25 17:31:00,346.66,166
13602,428.89,1,267,23,2011-10-06 11:47:00,2011-10-06 11:47:00,428.89,0
13603,164.34,1,164,27,2011-11-13 15:57:00,2011-11-13 15:57:00,164.34,0
13606,276.75,3,276,40,2011-02-01 11:42:00,2011-11-10 17:46:00,92.25,282
13607,675.51,1,288,93,2011-10-30 16:17:00,2011-10-30 16:17:00,675.51,0
13610,1082.33,7,488,165,2011-02-27 14:44:00,2011-11-27 15:38:00,154.6185714285714,273
13611,1154.4,3,754,67,2010-12-15 10:31:00,2011-09-11 14:51:00,384.8,270
13614,1585.46,4,564,171,2011-01-13 12:37:00,2011-11-15 14:47:00,396.365,306
13615,417.69,1,189,23,2011-01-25 08:21:00,2011-01-25 08:21:00,417.69,0
13617,544.18,3,300,31,2011-06-12 12:55:00,2011-10-30 13:50:00,181.39333333333332,140
13618,177.34,1,246,13,2011-06-19 11:09:00,2011-06-19 11:09:00,177.34,0
13621,213.85,1,343,19,2011-08-15 08:26:00,2011-08-15 08:26:00,213.85,0
13623,727.74,5,286,75,2011-02-15 13:08:00,2011-11-09 12:00:00,145.548,266
13626,257.23,1,209,19,2011-04-01 10:05:00,2011-04-01 10:05:00,257.23,0
13627,1638.47,5,1269,84,2010-12-17 09:52:00,2011-10-11 14:20:00,327.694,298
13629,7792.36,11,4372,28,2011-01-05 12:09:00,2011-11-16 13:21:00,708.3963636363636,315
13630,2031.78,7,1391,51,2011-02-27 12:49:00,2011-12-04 15:16:00,290.2542857142857,280
13631,3070.42,11,467,6,2011-03-17 17:13:00,2011-09-01 09:57:00,279.1290909090909,167
13632,2118.93,5,1031,121,2011-04-10 15:07:00,2011-11-15 10:51:00,423.78599999999994,218
13634,1547.3600000000001,5,700,156,2011-01-16 15:30:00,2011-11-06 13:40:00,309.47200000000004,293
13635,1071.03,1,677,62,2011-10-03 10:55:00,2011-10-03 10:55:00,1071.03,0
13636,949.12,5,592,57,2011-02-27 14:29:00,2011-11-03 10:30:00,189.824,248
13637,804.3,3,405,79,2011-04-27 13:06:00,2011-10-18 13:32:00,268.09999999999997,174
13638,122.64,1,93,8,2011-11-24 10:38:00,2011-11-24 10:38:00,122.64,0
13639,1033.34,1,800,39,2011-09-26 13:36:00,2011-09-26 13:36:00,1033.34,0
13642,312.28,1,151,57,2011-05-08 12:34:00,2011-05-08 12:34:00,312.28,0
13643,519.44,3,273,24,2011-06-07 11:40:00,2011-11-08 15:37:00,173.14666666666668,154
13644,2624.26,4,2067,144,2011-08-26 11:53:00,2011-11-23 14:07:00,656.065,89
13645,252.1,1,158,5,2011-08-11 16:11:00,2011-08-11 16:11:00,252.1,0
13647,1648.1200000000001,4,887,65,2011-04-19 09:49:00,2011-11-30 12:00:00,412.03000000000003,225
13649,346.6,2,139,23,2010-12-08 14:46:00,2011-03-28 11:51:00,173.3,109
13650,1836.34,6,922,79,2011-03-17 12:37:00,2011-11-23 12:22:00,306.0566666666667,250
13651,94.2,2,33,6,2011-10-31 12:11:00,2011-11-04 14:59:00,47.1,4
13652,1095.08,3,578,48,2010-12-06 09:21:00,2011-10-25 08:51:00,365.02666666666664,322
13654,2707.33,6,2182,157,2011-03-11 12:54:00,2011-10-27 16:24:00,451.22166666666664,230
13655,932.97,2,605,52,2011-04-12 09:53:00,2011-08-17 14:25:00,466.485,127
13656,379.65,2,490,49,2011-01-06 15:42:00,2011-06-28 10:31:00,189.825,172
13657,382.14,2,209,16,2011-05-22 12:35:00,2011-11-29 12:32:00,191.07,190
13658,2639.17,5,1019,91,2011-05-19 17:15:00,2011-11-30 10:13:00,527.8340000000001,194
13659,1563.0,2,882,92,2011-01-23 12:08:00,2011-05-18 12:37:00,781.5,115
13662,881.26,3,533,50,2011-03-25 13:23:00,2011-09-15 12:04:00,293.75333333333333,173
13663,189.47,1,91,13,2011-06-13 15:44:00,2011-06-13 15:44:00,189.47,0
13666,84.65,3,41,12,2011-02-25 13:05:00,2011-10-10 15:39:00,28.21666666666667,227
13667,299.05,1,149,82,2011-07-13 15:42:00,2011-07-13 15:42:00,299.05,0
13668,6309.83,21,3722,284,2010-12-12 12:35:00,2011-12-07 12:11:00,300.46809523809526,359
13669,218.55,2,237,9,2011-07-13 11:44:00,2011-10-20 09:32:00,109.275,98
13670,349.7,1,282,25,2011-09-25 15:25:00,2011-09-25 15:25:00,349.7,0
13672,186.39000000000001,2,57,4,2011-01-11 13:54:00,2011-02-11 13:53:00,93.19500000000001,30
13673,387.44,2,114,47,2011-11-07 15:40:00,2011-11-21 12:11:00,193.72,13
13675,486.82000000000005,2,330,25,2011-02-28 12:14:00,2011-07-11 12:57:00,243.41000000000003,133
13678,232.6,1,924,16,2011-07-11 10:14:00,2011-07-11 10:14:00,232.6,0
13680,3719.12,4,1934,164,2011-01-04 14:12:00,2011-12-08 13:47:00,929.78,337
13681,827.83,4,360,37,2011-07-07 15:21:00,2011-11-22 11:13:00,206.9575,137
13682,59.5,1,10,3,2011-06-05 14:06:00,2011-06-05 14:06:00,59.5,0
13684,65.13,1,38,29,2011-02-27 10:13:00,2011-02-27 10:13:00,65.13,0
13685,3119.44,7,5056,29,2011-10-10 12:59:00,2011-12-07 11:41:00,445.63428571428574,57
13686,72.0,1,70,8,2011-06-10 09:10:00,2011-06-10 09:10:00,72.0,0
13689,910.0,1,512,6,2011-10-07 13:21:00,2011-10-07 13:21:00,910.0,0
13690,172.25,1,67,9,2011-10-11 15:03:00,2011-10-11 15:03:00,172.25,0
13692,1488.32,3,1226,48,2011-04-17 12:57:00,2011-11-15 11:17:00,496.1066666666666,211
13694,65039.62,50,63312,366,2010-12-01 12:12:00,2011-12-06 09:32:00,1300.7924,369
13695,2504.13,15,1603,46,2011-03-25 11:31:00,2011-11-08 14:26:00,166.942,228
13697,151.29999999999998,1,177,12,2011-11-01 09:14:00,2011-11-01 09:14:00,151.29999999999998,0
13699,308.58000000000004,1,66,14,2011-07-07 16:51:00,2011-07-07 16:51:00,308.58000000000004,0
13700,2248.63,10,2281,139,2011-01-16 13:18:00,2011-11-13 13:00:00,224.863,300
13703,99.5,1,10,1,2011-01-25 13:10:00,2011-01-25 13:10:00,99.5,0
13704,2308.06,9,1531,111,2011-09-12 14:40:00,2011-12-04 15:13:00,256.4511111111111,83
13705,711.86,3,363,25,2010-12-01 10:29:00,2011-12-02 12:32:00,237.28666666666666,366
13706,330.79,1,189,20,2011-02-10 09:21:00,2011-02-10 09:21:00,330.79,0
13707,806.41,2,351,48,2011-01-28 13:27:00,2011-03-17 18:03:00,403.205,48
13708,285.33,1,301,49,2011-03-13 13:46:00,2011-03-13 13:46:00,285.33,0
13709,6307.650000000001,13,3508,244,2011-01-28 14:57:00,2011-12-06 10:28:00,485.2038461538462,311
13710,180.48,1,176,8,2011-11-08 08:16:00,2011-11-08 08:16:00,180.48,0
13711,252.06,2,140,11,2011-05-05 10:29:00,2011-05-05 10:31:00,126.03,0
13712,228.84,1,352,10,2011-04-07 12:33:00,2011-04-07 12:33:00,228.84,0
13715,1077.39,5,562,89,2010-12-02 08:52:00,2011-03-03 19:21:00,215.478,91
13716,138.28,1,138,21,2011-03-15 13:49:00,2011-03-15 13:49:00,138.28,0
13717,1445.01,6,1959,92,2011-02-14 13:21:00,2011-11-07 14:13:00,240.835,266
13718,306.55,2,173,9,2011-02-17 11:58:00,2011-04-07 13:24:00,153.275,49
13719,1041.68,5,609,56,2011-04-19 13:56:00,2011-11-24 15:26:00,208.336,219
13720,799.9,4,501,42,2011-03-30 09:17:00,2011-08-15 12:46:00,199.975,138
13721,524.14,1,316,28,2011-11-03 14:05:00,2011-11-03 14:05:00,524.14,0
13722,2375.41,3,1401,75,2011-03-02 11:43:00,2011-07-31 12:44:00,791.8033333333333,151
13723,199.85000000000002,1,43,6,2011-05-06 17:04:00,2011-05-06 17:04:00,199.85000000000002,0
13725,1980.56,8,806,95,2011-02-04 12:18:00,2011-10-21 10:03:00,247.57,258
13726,1079.6599999999999,2,1054,39,2011-08-31 11:06:00,2011-11-01 10:49:00,539.8299999999999,61
13727,333.48,2,162,19,2011-11-06 12:16:00,2011-11-11 09:46:00,166.74,4
13728,1016.14,6,458,38,2011-02-02 12:09:00,2011-11-03 10:49:00,169.35666666666665,273
13730,752.6,2,488,38,2011-07-01 12:47:00,2011-07-27 08:35:00,376.3,25
13731,610.59,2,278,36,2011-04-07 10:10:00,2011-05-04 14:33:00,305.295,27
13732,491.86,1,498,33,2011-11-11 15:49:00,2011-11-11 15:49:00,491.86,0
13735,2883.54,4,1128,158,2011-04-19 13:49:00,2011-11-15 11:14:00,720.885,209
13736,729.8,2,496,166,2011-03-24 13:04:00,2011-12-04 15:19:00,364.9,255
13737,339.59999999999997,1,125,29,2011-05-23 16:32:00,2011-05-23 16:32:00,339.59999999999997,0
13739,216.9,1,54,3,2011-11-21 13:35:00,2011-11-21 13:35:00,216.9,0
13740,350.75,1,425,23,2011-04-13 10:32:00,2011-04-13 10:32:00,350.75,0
13741,668.4300000000001,3,218,34,2011-05-06 13:43:00,2011-09-29 09:19:00,222.81000000000003,145
13742,3107.87,12,1115,200,2011-01-23 14:59:00,2011-11-23 11:07:00,258.9891666666667,303
13743,1341.6,7,1776,8,2011-03-25 14:46:00,2011-12-07 10:09:00,191.65714285714284,256
13744,1080.52,2,1153,54,2011-02-20 14:08:00,2011-09-05 15:19:00,540.26,197
13745,300.04,1,496,25,2011-06-30 16:43:00,2011-06-30 16:43:00,300.04,0
13747,79.6,1,8,1,2010-12-01 10:37:00,2010-12-01 10:37:00,79.6,0
13748,948.25,5,439,24,2010-12-01 09:00:00,2011-09-05 09:45:00,189.65,278
13750,1647.26,5,516,20,2011-01-07 11:49:00,2011-10-17 12:16:00,329.452,283
13751,296.25,1,152,9,2011-02-24 15:56:00,2011-02-24 15:56:00,296.25,0
13752,1175.38,6,874,64,2011-04-07 12:04:00,2011-08-07 14:16:00,195.89666666666668,122
13753,741.26,1,512,35,2011-02-25 12:48:00,2011-02-25 12:48:00,741.26,0
13754,282.59999999999997,2,214,11,2011-01-26 14:58:00,2011-07-11 11:51:00,141.29999999999998,165
13755,2108.06,9,1242,232,2011-10-07 15:45:00,2011-12-06 12:26:00,234.2288888888889,59
13756,5189.52,14,3188,66,2010-12-07 11:41:00,2011-12-07 16:44:00,370.68,365
13758,3190.55,7,1844,104,2010-12-01 12:08:00,2011-11-28 11:11:00,455.79285714285714,361
13759,659.4100000000001,2,287,24,2011-09-29 15:40:00,2011-11-06 14:47:00,329.70500000000004,37
13760,286.79,2,197,50,2011-03-28 12:52:00,2011-10-16 16:13:00,143.395,202
13761,1070.65,2,642,68,2011-06-13 08:43:00,2011-10-20 14:01:00,535.325,129
13762,306.72,1,272,7,2011-05-05 09:15:00,2011-05-05 09:15:00,306.72,0
13763,1714.96,1,728,15,2011-10-07 15:13:00,2011-10-07 15:13:00,1714.96,0
13764,1519.42,3,926,183,2011-01-06 14:53:00,2011-09-30 12:03:00,506.47333333333336,266
13767,17220.36,37,7322,55,2010-12-01 10:47:00,2011-12-07 15:00:00,465.41513513513513,371
13769,2796.51,10,1163,73,2010-12-07 13:28:00,2011-12-07 15:08:00,279.651,365
13771,2634.45,4,1477,114,2011-04-06 15:47:00,2011-10-06 14:18:00,658.6125,182
13772,1122.63,3,540,141,2011-04-14 12:31:00,2011-11-06 11:43:00,374.21000000000004,205
13774,345.0,1,192,22,2011-09-19 12:06:00,2011-09-19 12:06:00,345.0,0
13777,25977.16,33,12897,36,2010-12-01 16:01:00,2011-12-09 12:25:00,787.1866666666666,372
13778,178.7,1,70,9,2011-08-28 15:25:00,2011-08-28 15:25:00,178.7,0
13780,360.01,2,318,56,2011-06-22 11:43:00,2011-12-02 13:49:00,180.005,163
13781,127.84,1,30,17,2011-04-03 12:08:00,2011-04-03 12:08:00,127.84,0
13782,908.86,6,369,96,2011-01-16 11:08:00,2011-11-27 11:54:00,151.47666666666666,315
13784,2462.79,11,2493,9,2011-01-11 14:38:00,2011-11-30 09:33:00,223.89,322
13786,230.39999999999998,1,136,7,2010-12-07 13:53:00,2010-12-07 13:53:00,230.39999999999998,0
13787,309.04,2,337,24,2010-12-10 14:45:00,2011-09-25 12:06:00,154.52,288
13790,348.8,1,748,45,2011-12-05 15:48:00,2011-12-05 15:48:00,348.8,0
13791,1516.0,2,1200,7,2011-06-24 16:38:00,2011-08-04 11:44:00,758.0,40
13792,195.55,2,92,13,2011-02-25 14:03:00,2011-10-04 14:31:00,97.775,221
13798,37153.85,57,23948,113,2010-12-02 17:24:00,2011-12-08 15:51:00,651.8219298245614,370
13799,688.86,2,402,32,2011-02-18 14:18:00,2011-08-15 12:07:00,344.43,177
13800,558.32,1,331,33,2011-02-03 12:27:00,2011-02-03 12:27:00,558.32,0
13801,324.8,1,168,23,2011-10-04 10:15:00,2011-10-04 10:15:00,324.8,0
13802,4599.42,3,2572,55,2011-02-01 12:03:00,2011-07-24 10:54:00,1533.14,172
13803,277.07,1,121,17,2011-03-29 12:57:00,2011-03-29 12:57:00,277.07,0
13804,2588.39,7,1462,124,2011-02-23 09:09:00,2011-11-09 12:32:00,369.77,259
13805,924.6,2,1900,10,2011-08-02 15:29:00,2011-10-18 14:50:00,462.3,76
13806,256.38,1,56,10,2011-10-07 11:43:00,2011-10-07 11:43:00,256.38,0
13807,112.6,1,36,7,2010-12-07 15:48:00,2010-12-07 15:48:00,112.6,0
13808,1747.66,5,782,70,2011-09-04 12:07:00,2011-12-04 12:18:00,349.53200000000004,91
13809,155.05,1,29,11,2011-02-07 13:15:00,2011-02-07 13:15:00,155.05,0
13810,1499.01,3,312,32,2011-10-14 12:57:00,2011-11-11 08:33:00,499.67,27
13811,814.5,3,68,7,2011-04-14 18:40:00,2011-06-09 09:54:00,271.5,55
13812,539.0,3,333,33,2011-08-26 12:54:00,2011-10-28 14:27:00,179.66666666666666,63
13813,1366.8600000000001,4,552,54,2011-07-28 10:33:00,2011-10-31 10:38:00,341.71500000000003,95
13814,1579.12,2,864,37,2011-07-25 13:54:00,2011-09-08 13:48:00,789.56,44
13815,4027.36,4,2560,132,2011-01-25 12:16:00,2011-11-17 14:19:00,1006.84,296
13816,571.6700000000001,2,269,25,2011-10-06 14:37:00,2011-11-16 08:38:00,285.83500000000004,40
13817,382.98,2,211,20,2010-12-23 11:46:00,2011-11-10 17:49:00,191.49,322
13819,1140.35,3,1109,26,2011-01-24 10:38:00,2011-02-11 10:38:00,380.1166666666666,18
13821,385.64,2,153,51,2011-03-23 11:30:00,2011-07-18 09:49:00,192.82,116
13822,632.0,2,611,90,2011-10-30 15:55:00,2011-12-04 12:13:00,316.0,34
13823,957.66,2,439,39,2011-09-09 10:42:00,2011-11-21 10:22:00,478.83,72
13824,1698.94,5,768,34,2011-02-02 13:07:00,2011-11-07 12:41:00,339.788,277
13826,189.5,1,82,10,2011-06-16 13:48:00,2011-06-16 13:48:00,189.5,0
13827,409.8,3,138,83,2011-07-19 15:38:00,2011-10-13 12:38:00,136.6,85
13828,209.49,1,311,15,2011-11-17 16:02:00,2011-11-17 16:02:00,209.49,0
13831,2198.45,6,743,58,2010-12-05 12:13:00,2011-11-23 15:41:00,366.4083333333333,353
13832,52.199999999999996,1,28,3,2011-11-20 15:36:00,2011-11-20 15:36:00,52.199999999999996,0
13833,383.85,1,117,28,2011-07-03 13:27:00,2011-07-03 13:27:00,383.85,0
13835,834.57,4,442,48,2011-05-08 15:22:00,2011-11-14 15:37:00,208.6425,190
13837,266.59000000000003,2,182,17,2011-01-26 12:15:00,2011-05-12 12:10:00,133.29500000000002,105
13838,674.82,4,254,144,2010-12-05 10:45:00,2011-12-04 11:00:00,168.705,364
13841,85.0,1,100,1,2011-04-01 12:10:00,2011-04-01 12:10:00,85.0,0
13842,3385.62,9,1768,155,2010-12-08 10:39:00,2011-10-12 10:51:00,376.18,308
13844,361.62,1,196,20,2011-11-28 13:21:00,2011-11-28 13:21:00,361.62,0
13845,312.98,1,182,9,2011-10-06 08:25:00,2011-10-06 08:25:00,312.98,0
13846,865.0600000000001,3,388,55,2010-12-14 16:07:00,2011-11-15 12:07:00,288.35333333333335,335
13848,1255.0,3,3700,3,2010-12-08 15:10:00,2011-09-08 12:58:00,418.3333333333333,273
13849,1537.95,2,1016,97,2011-06-22 10:11:00,2011-10-19 10:59:00,768.975,119
13850,1595.48,1,944,93,2011-08-02 14:04:00,2011-08-02 14:04:00,1595.48,0
13851,2651.46,3,1705,77,2011-02-24 17:18:00,2011-09-05 12:36:00,883.82,192
13853,1090.14,1,312,23,2011-10-13 14:18:00,2011-10-13 14:18:00,1090.14,0
13854,8109.5199999999995,25,2296,39,2010-12-09 10:48:00,2011-12-01 09:06:00,324.38079999999997,356
13856,388.5,3,494,10,2011-05-20 13:13:00,2011-06-24 10:03:00,129.5,34
13858,216.17,1,75,11,2011-10-13 16:17:00,2011-10-13 16:17:00,216.17,0
13859,201.16,1,129,27,2011-01-17 16:14:00,2011-01-17 16:14:00,201.16,0
13860,1245.9,5,591,58,2011-09-14 09:27:00,2011-12-08 12:57:00,249.18,85
13862,2209.36,8,1688,97,2011-01-11 15:13:00,2011-11-21 16:24:00,276.17,314
13863,305.78,1,224,20,2011-04-06 10:20:00,2011-04-06 10:20:00,305.78,0
13865,501.56,4,204,26,2011-02-23 12:04:00,2011-10-12 13:31:00,125.39,231
13866,145.67000000000002,1,57,7,2011-09-26 14:54:00,2011-09-26 14:54:00,145.67000000000002,0
13867,1005.09,3,501,51,2011-05-05 17:28:00,2011-11-08 15:48:00,335.03000000000003,186
13868,3192.54,2,1964,32,2011-11-01 12:45:00,2011-12-02 16:32:00,1596.27,31
13869,3083.65,4,1709,234,2010-12-17 15:14:00,2011-08-08 13:53:00,770.9125,233
13870,2770.94,8,1325,91,2011-02-25 09:09:00,2011-12-07 13:23:00,346.3675,285
13871,6403.25,13,2806,155,2011-02-04 09:30:00,2011-11-17 10:49:00,492.5576923076923,286
13873,389.6,3,140,21,2011-02-03 09:37:00,2011-08-12 10:08:00,129.86666666666667,190
13874,540.45,1,180,18,2010-12-16 18:20:00,2010-12-16 18:20:00,540.45,0
13875,1786.79,5,1316,79,2011-02-11 15:39:00,2011-10-17 09:36:00,357.358,247
13876,122.7,1,36,7,2011-10-07 10:22:00,2011-10-07 10:22:00,122.7,0
13877,117.24,1,108,3,2011-09-14 15:49:00,2011-09-14 15:49:00,117.24,0
13878,1271.57,1,463,35,2011-10-16 12:19:00,2011-10-16 12:19:00,1271.57,0
13880,3219.77,13,1842,125,2010-12-07 14:00:00,2011-11-18 13:44:00,247.67461538461538,345
13881,17159.52,20,10118,72,2011-02-01 10:14:00,2011-12-06 12:50:00,857.976,308
13882,1191.13,5,953,54,2011-10-06 15:28:00,2011-12-07 11:16:00,238.22600000000003,61
13883,2674.48,5,1436,108,2011-03-31 17:17:00,2011-11-29 10:45:00,534.896,242
13884,787.6,5,300,45,2011-03-01 13:40:00,2011-12-02 16:30:00,157.52,276
13885,506.8,2,182,28,2011-05-23 08:52:00,2011-06-03 15:07:00,253.4,11
13886,243.56,1,126,16,2011-09-29 13:17:00,2011-09-29 13:17:00,243.56,0
13887,349.55,1,147,19,2011-05-19 17:22:00,2011-05-19 17:22:00,349.55,0
13888,595.67,2,254,38,2011-05-05 14:41:00,2011-08-12 10:13:00,297.835,98
13889,416.90000000000003,1,146,15,2011-09-08 09:13:00,2011-09-08 09:13:00,416.90000000000003,0
13890,1883.8100000000002,10,831,74,2010-12-16 09:31:00,2011-12-08 15:36:00,188.38100000000003,357
13892,632.97,4,983,26,2011-04-07 12:04:00,2011-11-13 11:50:00,158.2425,219
13893,821.1,1,190,21,2011-02-15 11:30:00,2011-02-15 11:30:00,821.1,0
13894,564.62,3,354,25,2011-02-02 12:54:00,2011-11-16 09:44:00,188.20666666666668,286
13895,2593.07,4,1365,97,2011-06-28 10:17:00,2011-11-11 16:57:00,648.2675,136
13897,311.16,1,200,17,2011-10-20 14:30:00,2011-10-20 14:30:00,311.16,0
13898,155.93,1,133,12,2011-01-18 10:28:00,2011-01-18 10:28:00,155.93,0
13899,388.52,2,156,19,2011-03-10 09:30:00,2011-11-23 13:40:00,194.26,258
13900,740.95,3,430,42,2011-03-22 10:13:00,2011-06-09 19:26:00,246.98333333333335,79
13901,2867.2,5,1739,144,2011-01-25 09:01:00,2011-09-28 14:48:00,573.4399999999999,246
13904,332.64,2,332,24,2011-02-18 11:18:00,2011-11-02 13:41:00,166.32,257
13908,2369.55,4,1478,104,2011-03-08 12:04:00,2011-09-21 11:49:00,592.3875,196
13911,2580.91,9,2731,120,2011-02-04 14:46:00,2011-10-13 15:43:00,286.7677777777778,251
13914,626.45,2,380,28,2011-11-03 16:28:00,2011-11-28 10:35:00,313.225,24
13917,272.04,2,228,16,2011-06-01 12:46:00,2011-10-21 09:56:00,136.02,141
13918,1212.8400000000001,2,1140,30,2011-03-31 18:05:00,2011-10-21 12:25:00,606.4200000000001,203
13919,384.81,2,474,24,2011-08-10 10:15:00,2011-10-11 14:24:00,192.405,62
13922,172.25,1,93,7,2010-12-23 10:38:00,2010-12-23 10:38:00,172.25,0
13923,351.13,1,185,20,2011-10-17 12:33:00,2011-10-17 12:33:00,351.13,0
13924,1838.8500000000001,6,1575,90,2011-09-28 15:07:00,2011-12-08 09:39:00,306.475,70
13925,678.25,4,331,28,2011-07-28 12:09:00,2011-09-08 12:47:00,169.5625,42
13926,223.85000000000002,1,104,11,2011-11-16 13:16:00,2011-11-16 13:16:00,223.85000000000002,0
13927,348.99,1,214,21,2011-09-26 12:00:00,2011-09-26 12:00:00,348.99,0
13928,464.57,4,129,23,2011-07-29 15:59:00,2011-11-29 10:33:00,116.1425,122
13929,842.65,2,143,8,2011-01-17 15:11:00,2011-06-23 15:26:00,421.325,157
13930,337.34,2,274,15,2011-07-26 11:00:00,2011-10-13 09:45:00,168.67,78
13931,1237.53,2,725,56,2011-03-04 08:43:00,2011-09-05 10:12:00,618.765,185
13932,307.4,1,72,16,2011-02-18 12:02:00,2011-02-18 12:02:00,307.4,0
13933,608.7900000000001,2,205,23,2011-07-14 13:35:00,2011-08-22 14:03:00,304.39500000000004,39
13934,922.1,1,390,31,2011-03-21 08:39:00,2011-03-21 08:39:00,922.1,0
13936,376.58,1,330,26,2011-06-13 08:47:00,2011-06-13 08:47:00,376.58,0
13937,158.85,1,123,9,2011-06-23 16:35:00,2011-06-23 16:35:00,158.85,0
13938,71.66,1,70,7,2011-11-04 14:37:00,2011-11-04 14:37:00,71.66,0
13939,568.55,3,847,43,2011-02-01 11:30:00,2011-11-16 13:33:00,189.51666666666665,288
13940,839.14,4,516,39,2011-07-18 16:05:00,2011-11-22 15:15:00,209.785,126
13941,5112.96,5,2364,24,2010-12-02 10:17:00,2011-11-18 09:43:00,1022.592,350
13946,561.5699999999999,3,443,11,2011-03-17 10:02:00,2011-09-21 13:33:00,187.18999999999997,188
13947,90.6,1,44,5,2011-10-05 14:42:00,2011-10-05 14:42:00,90.6,0
13948,102.0,1,40,3,2010-12-14 10:18:00,2010-12-14 10:18:00,102.0,0
13949,2427.32,6,2474,124,2011-09-06 11:55:00,2011-12-07 09:35:00,404.55333333333334,91
13950,745.06,4,323,33,2011-04-07 11:29:00,2011-11-28 14:44:00,186.265,235
13951,674.45,3,459,38,2011-02-18 15:21:00,2011-06-16 16:43:00,224.8166666666667,118
13952,3251.071,2,1431,120,2011-04-15 09:27:00,2011-05-06 09:00:00,1625.5355,20
13953,3515.68,7,2724,8,2010-12-22 10:29:00,2011-12-02 16:04:00,502.23999999999995,345
13954,439.92,2,150,24,2011-09-30 10:52:00,2011-12-08 12:50:00,219.96,69
13955,322.96,2,154,33,2011-02-07 12:24:00,2011-07-08 17:19:00,161.48,151
13956,1019.27,5,486,123,2011-03-13 12:51:00,2011-12-04 13:20:00,203.85399999999998,266
13959,594.04,3,355,79,2010-12-12 13:56:00,2011-09-21 15:06:00,198.01333333333332,283
13960,230.22,2,142,11,2011-09-29 12:39:00,2011-11-18 15:27:00,115.11,50
13962,169.55,2,87,11,2011-04-08 11:21:00,2011-11-18 08:47:00,84.775,223
13963,664.54,4,460,35,2010-12-07 09:21:00,2011-02-04 14:43:00,166.135,59
13967,80.7,1,42,2,2011-07-17 12:02:00,2011-07-17 12:02:00,80.7,0
13969,9024.17,18,4528,334,2010-12-09 19:32:00,2011-12-02 15:11:00,501.34277777777777,357
13971,2758.26,8,1844,118,2011-02-27 12:27:00,2011-11-21 12:06:00,344.7825,266
13972,190.25,2,187,15,2011-05-22 11:34:00,2011-09-30 11:54:00,95.125,131
13973,264.7,1,109,11,2011-02-25 15:21:00,2011-02-25 15:21:00,264.7,0
13974,413.59000000000003,1,249,28,2011-10-21 14:41:00,2011-10-21 14:41:00,413.59000000000003,0
13975,2461.2400000000002,6,1697,240,2011-03-08 12:19:00,2011-11-08 13:19:00,410.2066666666667,245
13976,357.98,1,154,10,2011-05-17 09:13:00,2011-05-17 09:13:00,357.98,0
13978,196.79000000000002,2,315,14,2011-10-25 15:04:00,2011-11-25 11:36:00,98.39500000000001,30
13979,869.87,1,639,54,2011-09-27 13:32:00,2011-09-27 13:32:00,869.87,0
13980,200.14,1,172,11,2011-10-10 13:34:00,2011-10-10 13:34:00,200.14,0
13982,1871.81,4,1136,72,2010-12-09 13:57:00,2011-10-31 16:24:00,467.9525,326
13983,2603.43,12,1183,91,2010-12-08 10:38:00,2011-11-10 11:06:00,216.9525,337
13984,920.51,5,679,14,2010-12-08 15:58:00,2011-11-13 12:38:00,184.102,339
13985,7060.13,15,3445,108,2011-03-20 13:48:00,2011-12-05 17:06:00,470.67533333333336,260
13986,320.46,1,430,12,2011-11-22 15:00:00,2011-11-22 15:00:00,320.46,0
13988,4147.96,6,3044,188,2011-03-30 11:48:00,2011-11-20 10:15:00,691.3266666666667,234
13989,1266.08,2,1313,33,2011-04-14 15:39:00,2011-10-05 09:47:00,633.04,173
13990,311.3,1,190,16,2011-05-10 15:19:00,2011-05-10 15:19:00,311.3,0
13991,852.88,6,995,58,2011-07-19 12:58:00,2011-11-27 16:18:00,142.14666666666668,131
13992,76.8,1,64,5,2011-11-09 15:23:00,2011-11-09 15:23:00,76.8,0
13993,3466.36,9,900,66,2011-01-13 10:43:00,2011-10-28 09:06:00,385.1511111111111,287
13994,2274.14,6,932,122,2011-07-14 18:28:00,2011-12-06 11:05:00,379.0233333333333,144
13995,1393.69,5,879,55,2011-04-08 08:20:00,2011-11-24 14:22:00,278.738,230
13999,3901.81,12,2243,102,2010-12-13 11:23:00,2011-11-29 13:40:00,325.1508333333333,351
14000,635.66,1,710,15,2011-05-12 16:50:00,2011-05-12 16:50:00,635.66,0
14001,2043.0800000000002,3,962,34,2010-12-01 12:58:00,2011-10-25 10:31:00,681.0266666666668,327
14002,529.73,2,877,47,2011-07-06 14:59:00,2011-07-28 15:55:00,264.865,22
14004,4582.64,7,2668,102,2011-02-24 09:28:00,2011-10-27 14:40:00,654.6628571428572,245
14005,2874.72,5,2478,53,2011-05-08 10:33:00,2011-11-30 12:41:00,574.944,206
14006,962.19,3,641,22,2011-01-31 15:11:00,2011-08-16 09:39:00,320.73,196
14009,695.61,2,365,42,2011-05-18 13:00:00,2011-05-25 15:47:00,347.805,7
14012,328.8,1,160,11,2011-03-07 12:26:00,2011-03-07 12:26:00,328.8,0
14013,473.02,3,462,30,2011-03-09 08:59:00,2011-08-21 15:01:00,157.67333333333332,165
14014,505.18,1,1076,39,2011-09-23 13:18:00,2011-09-23 13:18:00,505.18,0
14015,917.34,1,378,20,2011-10-18 10:02:00,2011-10-18 10:02:00,917.34,0
14016,4341.21,4,2125,154,2010-12-17 14:21:00,2011-07-01 11:29:00,1085.3025,195
14019,1421.61,3,1037,37,2011-07-24 15:39:00,2011-10-24 10:13:00,473.86999999999995,91
14020,642.8,2,441,37,2011-09-12 15:32:00,2011-11-23 09:22:00,321.4,71
14021,631.9,3,192,22,2011-03-28 15:10:00,2011-07-07 15:46:00,210.63333333333333,101
14022,440.0,1,487,28,2011-04-28 14:39:00,2011-04-28 14:39:00,440.0,0
14023,584.07,2,345,30,2011-04-03 15:50:00,2011-12-02 13:58:00,292.035,242
14024,327.7,2,150,16,2011-08-07 13:31:00,2011-08-10 11:30:00,163.85,2
14027,104.82,1,62,6,2011-10-10 09:01:00,2011-10-10 09:01:00,104.82,0
14029,467.66,2,198,15,2011-07-18 16:57:00,2011-10-07 14:46:00,233.83,80
14030,2358.84,8,1478,210,2010-12-08 16:11:00,2011-11-21 16:48:00,294.855,348
14031,17286.86,19,5788,119,2010-12-02 16:34:00,2011-12-02 17:13:00,909.8347368421053,365
14032,2975.59,11,2032,53,2010-12-08 10:53:00,2011-12-07 15:23:00,270.5081818181818,364
14034,648.89,3,420,82,2011-07-05 13:06:00,2011-11-17 14:02:00,216.29666666666665,135
14035,1428.02,5,739,41,2011-02-15 12:48:00,2011-11-11 10:03:00,285.604,268
14036,626.65,1,268,38,2011-02-28 09:26:00,2011-02-28 09:26:00,626.65,0
14037,147.20000000000002,2,46,27,2010-12-10 11:39:00,2011-06-16 13:57:00,73.60000000000001,188
14038,1560.38,3,965,64,2011-05-16 14:05:00,2011-09-22 13:37:00,520.1266666666667,128
14039,152.2,1,92,6,2011-11-06 13:48:00,2011-11-06 13:48:00,152.2,0
14040,3560.32,12,1544,146,2011-01-12 14:57:00,2011-10-30 12:42:00,296.6933333333333,290
14041,141.41,1,94,21,2011-03-18 13:25:00,2011-03-18 13:25:00,141.41,0
14044,646.42,4,304,165,2011-02-03 11:39:00,2011-11-13 12:05:00,161.605,283
14045,1659.75,4,535,4,2010-12-01 11:32:00,2011-08-22 15:27:00,414.9375,264
14046,154.99,1,460,14,2011-02-28 14:48:00,2011-02-28 14:48:00,154.99,0
14047,1308.6100000000001,5,381,22,2010-12-02 10:09:00,2011-12-01 11:43:00,261.72200000000004,364
14048,409.93,1,288,83,2011-02-07 14:53:00,2011-02-07 14:53:00,409.93,0
14049,5578.72,4,3808,348,2011-01-26 11:27:00,2011-11-23 12:20:00,1394.68,301
14050,746.36,2,689,49,2011-08-25 13:46:00,2011-11-08 10:00:00,373.18,74
14051,15610.390000000001,23,3756,52,2010-12-08 12:49:00,2011-12-09 10:20:00,678.7126086956522,365
14052,225.36,1,89,56,2011-11-20 12:30:00,2011-11-20 12:30:00,225.36,0
14053,260.25,2,215,2,2011-07-03 12:21:00,2011-08-07 14:27:00,130.125,35
14054,92.46,1,62,6,2011-10-05 15:49:00,2011-10-05 15:49:00,92.46,0
14055,725.6400000000001,1,216,10,2011-08-25 15:04:00,2011-08-25 15:04:00,725.6400000000001,0
14056,8152.71,23,4252,320,2011-02-28 15:19:00,2011-12-08 13:36:00,354.46565217391304,282
14057,6211.66,17,4873,179,2010-12-14 12:11:00,2011-11-16 10:32:00,365.39176470588234,336
14059,183.6,1,128,8,2011-03-18 10:06:00,2011-03-18 10:06:00,183.6,0
14060,6140.42,19,5386,86,2010-12-02 12:11:00,2011-12-05 12:29:00,323.18,368
14062,10464.85,12,5593,60,2010-12-10 15:56:00,2011-11-30 10:04:00,872.0708333333333,354
14064,1334.34,5,1772,59,2011-03-10 12:59:00,2011-11-10 13:14:00,266.868,245
14066,152.55,1,45,7,2011-03-18 12:21:00,2011-03-18 12:21:00,152.55,0
14067,374.7,2,361,51,2011-09-04 12:00:00,2011-10-07 10:21:00,187.35,32
14068,265.85,1,73,22,2011-01-23 16:02:00,2011-01-23 16:02:00,265.85,0
14071,1437.57,8,994,271,2011-03-20 11:33:00,2011-12-06 12:27:00,179.69625,261
14073,151.04,1,130,13,2011-11-07 15:49:00,2011-11-07 15:49:00,151.04,0
14075,942.26,3,754,33,2011-03-23 16:35:00,2011-12-05 08:38:00,314.08666666666664,256
14076,118.67,1,79,43,2011-08-02 15:19:00,2011-08-02 15:19:00,118.67,0
14077,499.41999999999996,5,268,33,2011-03-10 15:52:00,2011-10-30 12:35:00,99.88399999999999,233
14078,1049.37,6,310,46,2010-12-01 12:54:00,2011-08-30 12:16:00,174.89499999999998,271
14079,375.1,1,301,12,2011-08-07 12:10:00,2011-08-07 12:10:00,375.1,0
14080,45.599999999999994,1,48,4,2011-11-07 11:09:00,2011-11-07 11:09:00,45.599999999999994,0
14081,921.62,2,592,126,2010-12-05 15:47:00,2011-02-10 16:17:00,460.81,67
14082,182.25,1,110,28,2010-12-10 11:02:00,2010-12-10 11:02:00,182.25,0
14083,1002.9,9,705,162,2010-12-03 12:24:00,2011-12-05 13:14:00,111.43333333333334,367
14085,4421.29,18,3177,272,2010-12-06 12:39:00,2011-12-07 13:46:00,245.62722222222223,366
14087,191.47,1,250,61,2011-12-07 12:41:00,2011-12-07 12:41:00,191.47,0
14088,50491.81,13,12665,379,2011-01-21 13:07:00,2011-11-29 16:16:00,3883.9853846153846,312
14089,158.75,1,133,13,2011-10-14 10:38:00,2011-10-14 10:38:00,158.75,0
14090,76.32000000000001,1,72,1,2011-01-19 10:51:00,2011-01-19 10:51:00,76.32000000000001,0
14092,4076.91,14,2066,117,2010-12-16 15:47:00,2011-12-02 12:13:00,291.2078571428571,350
14093,433.86,1,391,95,2011-11-27 16:27:00,2011-11-27 16:27:00,433.86,0
14096,65164.79,17,16352,1119,2011-08-30 10:49:00,2011-12-05 17:17:00,3833.2229411764706,97
14098,147.35,1,104,21,2011-11-03 10:13:00,2011-11-03 10:13:00,147.35,0
14099,3104.17,11,2179,167,2010-12-20 11:14:00,2011-11-23 13:53:00,282.1972727272727,338
14100,191.95000000000002,1,63,24,2011-07-25 11:01:00,2011-07-25 11:01:00,191.95000000000002,0
14101,5976.79,6,6942,15,2011-01-17 13:09:00,2011-09-27 12:28:00,996.1316666666667,252
14102,1105.8799999999999,5,769,35,2011-10-26 12:46:00,2011-12-04 15:38:00,221.176,39
14104,216.20999999999998,2,72,21,2011-06-27 12:49:00,2011-07-08 12:50:00,108.10499999999999,11
14105,1266.23,1,800,74,2011-04-14 17:58:00,2011-04-14 17:58:00,1266.23,0
14107,2703.23,7,1793,61,2010-12-10 13:29:00,2011-10-19 12:12:00,386.17571428571426,312
14108,597.91,2,381,33,2011-08-30 11:32:00,2011-11-09 10:41:00,298.955,70
14109,144.2,1,88,9,2011-09-28 10:18:00,2011-09-28 10:18:00,144.2,0
14110,5683.15,12,2445,94,2011-03-18 09:59:00,2011-12-06 12:26:00,473.5958333333333,263
14111,692.85,4,458,10,2011-04-12 11:36:00,2011-11-25 13:44:00,173.2125,227
14112,2915.15,7,1651,117,2011-03-09 11:28:00,2011-11-17 12:30:00,416.45,253
14113,1840.42,4,745,26,2010-12-20 12:14:00,2011-12-06 12:18:00,460.105,351
14114,386.53,2,101,15,2011-01-13 11:05:00,2011-03-11 09:42:00,193.265,56
14116,1382.74,5,707,61,2011-08-10 12:44:00,2011-11-20 10:29:00,276.548,101
14117,90.0,1,72,3,2011-07-19 09:49:00,2011-07-19 09:49:00,90.0,0
14121,2780.15,4,2082,148,2011-10-11 10:39:00,2011-12-06 12:19:00,695.0375,56
14124,419.58000000000004,1,1618,4,2011-09-16 13:32:00,2011-09-16 13:32:00,419.58000000000004,0
14125,2720.63,3,1628,159,2011-09-22 15:40:00,2011-11-29 12:47:00,906.8766666666667,67
14126,706.1300000000001,3,508,14,2011-11-29 12:21:00,2011-12-02 11:45:00,235.3766666666667,2
14127,709.71,3,321,39,2011-02-02 12:26:00,2011-08-09 10:49:00,236.57000000000002,187
14128,637.5,2,564,40,2011-03-29 10:49:00,2011-10-10 12:00:00,318.75,195
14129,1123.8600000000001,5,592,31,2011-03-24 08:44:00,2011-12-08 11:02:00,224.77200000000002,259
14130,480.91,1,257,66,2011-01-24 16:05:00,2011-01-24 16:05:00,480.91,0
14132,3586.0299999999997,11,3368,100,2011-06-09 12:04:00,2011-12-07 13:35:00,326.00272727272727,181
14133,605.64,3,348,25,2011-01-28 11:27:00,2011-08-02 11:34:00,201.88,186
14135,4690.31,15,3850,95,2010-12-02 10:27:00,2011-12-08 11:38:00,312.68733333333336,371
14138,965.8800000000001,2,600,40,2011-10-07 09:38:00,2011-12-08 12:44:00,482.94000000000005,62
14139,415.82,1,510,26,2011-10-24 13:34:00,2011-10-24 13:34:00,415.82,0
14140,935.05,2,811,60,2011-11-08 11:20:00,2011-12-06 09:05:00,467.525,27
14141,915.13,4,355,27,2011-08-26 14:40:00,2011-12-07 09:53:00,228.7825,102
14142,311.81,1,313,22,2010-12-01 16:33:00,2010-12-01 16:33:00,311.81,0
14143,115.8,1,30,7,2011-07-29 09:48:00,2011-07-29 09:48:00,115.8,0
14145,3742.2,4,756,6,2011-05-06 13:01:00,2011-10-24 12:10:00,935.55,170
14146,4191.0,5,2437,183,2010-12-17 15:52:00,2011-12-01 10:18:00,838.2,348
14147,483.4,2,108,4,2011-02-27 11:42:00,2011-09-22 18:10:00,241.7,207
14148,157.2,1,16,3,2011-04-20 12:02:00,2011-04-20 12:02:00,157.2,0
14149,446.62,1,218,28,2011-05-03 09:44:00,2011-05-03 09:44:00,446.62,0
14150,658.64,2,496,23,2010-12-15 10:04:00,2011-11-04 10:05:00,329.32,324
14152,621.29,2,711,47,2011-04-19 15:46:00,2011-09-25 12:54:00,310.645,158
14154,1345.62,2,465,52,2011-04-14 15:58:00,2011-04-14 16:26:00,672.81,0
14155,118.75,1,25,6,2011-03-18 14:13:00,2011-03-18 14:13:00,118.75,0
14156,117210.08,55,57768,714,2010-12-03 11:48:00,2011-11-30 10:54:00,2131.0923636363636,361
14157,424.89000000000004,2,271,45,2011-02-27 13:04:00,2011-11-20 11:32:00,212.44500000000002,265
14158,507.66,1,781,41,2011-10-30 15:08:00,2011-10-30 15:08:00,507.66,0
14159,4630.35,11,4348,501,2010-12-12 11:17:00,2011-11-20 12:36:00,420.94090909090914,343
14161,1097.6200000000001,3,450,87,2010-12-05 13:18:00,2011-05-08 11:41:00,365.8733333333334,153
14162,289.36,2,142,25,2011-02-20 12:32:00,2011-06-19 11:36:00,144.68,118
14163,2445.91,4,893,36,2011-04-14 17:33:00,2011-09-13 15:18:00,611.4775,151
14164,1631.77,2,1033,28,2011-09-20 12:18:00,2011-09-30 12:24:00,815.885,10
14165,120.44,1,53,23,2011-03-09 12:39:00,2011-03-09 12:39:00,120.44,0
14167,562.59,4,147,27,2011-01-12 15:44:00,2011-10-31 14:29:00,140.6475,291
14171,363.79,1,167,57,2011-09-02 16:43:00,2011-09-02 16:43:00,363.79,0
14173,450.84,4,150,28,2011-05-04 14:03:00,2011-11-29 11:54:00,112.71,208
14174,134.46,1,94,26,2011-11-06 13:17:00,2011-11-06 13:17:00,134.46,0
14175,3222.3,3,1515,139,2011-01-14 12:22:00,2011-10-11 11:55:00,1074.1000000000001,269
14176,576.9000000000001,4,209,28,2010-12-07 11:45:00,2011-02-15 13:12:00,144.22500000000002,70
14177,549.46,4,204,37,2011-06-13 11:10:00,2011-09-14 15:11:00,137.365,93
14178,1600.26,7,1494,191,2011-06-10 12:51:00,2011-12-01 12:01:00,228.60857142857142,173
14179,701.57,2,319,135,2011-10-18 14:00:00,2011-10-30 12:07:00,350.785,11
14180,4748.52,25,719,112,2010-12-02 13:08:00,2011-11-29 10:56:00,189.94080000000002,361
14184,452.89,1,127,24,2011-10-04 12:43:00,2011-10-04 12:43:00,452.89,0
14185,197.65,1,6,3,2011-01-12 13:52:00,2011-01-12 13:52:00,197.65,0
14188,2054.36,6,1162,34,2011-02-02 13:46:00,2011-11-09 12:45:00,342.3933333333334,279
14189,4654.08,15,3937,176,2010-12-06 11:42:00,2011-12-07 15:55:00,310.272,366
14191,4684.76,13,3662,145,2011-05-03 10:30:00,2011-12-08 09:23:00,360.36615384615385,218
14193,853.39,2,445,35,2011-03-15 11:38:00,2011-10-03 09:34:00,426.695,201
14194,11349.52,21,5840,269,2011-02-04 14:51:00,2011-12-05 10:38:00,540.4533333333334,303
14195,1012.0,2,760,7,2011-04-01 16:50:00,2011-05-22 10:29:00,506.0,50
14196,335.52,1,142,6,2011-08-25 10:25:00,2011-08-25 10:25:00,335.52,0
14198,701.4,4,290,35,2011-04-14 14:54:00,2011-11-21 16:35:00,175.35,221
14199,185.39999999999998,1,28,2,2011-05-05 13:44:00,2011-05-05 13:44:00,185.39999999999998,0
14201,747.44,7,590,32,2010-12-15 13:25:00,2011-10-10 13:27:00,106.77714285714286,299
14204,150.61,1,72,36,2011-12-07 13:38:00,2011-12-07 13:38:00,150.61,0
14205,466.7,2,204,23,2011-03-20 15:07:00,2011-11-23 10:55:00,233.35,247
14206,328.15999999999997,1,276,20,2011-04-14 16:38:00,2011-04-14 16:38:00,328.15999999999997,0
14208,151.74,1,114,10,2011-09-06 12:48:00,2011-09-06 12:48:00,151.74,0
14209,2073.43,6,691,55,2011-01-11 12:56:00,2011-11-29 10:18:00,345.57166666666666,321
14210,1905.8400000000001,6,760,66,2010-12-03 12:43:00,2011-08-26 12:36:00,317.64000000000004,265
14211,2241.1,9,1242,87,2011-02-17 15:50:00,2011-10-17 13:23:00,249.0111111111111,241
14212,1070.48,1,1152,9,2011-09-11 12:45:00,2011-09-11 12:45:00,1070.48,0
14214,1004.38,5,751,64,2011-03-07 12:26:00,2011-11-09 10:31:00,200.876,246
14215,1789.72,6,1358,98,2010-12-06 15:34:00,2011-11-28 12:19:00,298.2866666666667,356
14216,1839.3,4,594,47,2011-11-02 10:51:00,2011-12-06 14:56:00,459.825,34
14217,2004.98,17,689,78,2010-12-08 13:28:00,2011-12-08 11:53:00,117.94,364
14218,169.48000000000002,1,160,12,2011-10-28 10:00:00,2011-10-28 10:00:00,169.48000000000002,0
14219,89.94,1,78,7,2011-12-05 16:23:00,2011-12-05 16:23:00,89.94,0
14220,632.4,2,272,21,2010-12-16 18:18:00,2011-04-06 13:23:00,316.2,110
14221,3432.8,9,2191,123,2011-01-04 15:33:00,2011-10-28 13:42:00,381.4222222222222,296
14222,683.17,1,607,41,2011-06-15 16:42:00,2011-06-15 16:42:00,683.17,0
14223,991.13,3,585,50,2011-03-20 16:02:00,2011-09-08 13:38:00,330.37666666666667,171
14224,1009.73,4,483,105,2011-01-23 13:58:00,2011-08-21 13:24:00,252.4325,209
14226,2214.79,5,1296,64,2011-03-15 15:36:00,2011-11-11 11:34:00,442.95799999999997,240
14227,3350.96,10,1820,117,2011-02-28 12:27:00,2011-11-13 15:48:00,335.096,258
14229,1547.2,3,610,29,2011-01-10 12:03:00,2011-10-19 10:04:00,515.7333333333333,281
14231,925.71,3,409,47,2011-02-24 11:55:00,2011-06-09 11:05:00,308.57,104
14232,2048.07,5,1941,81,2011-03-20 12:44:00,2011-10-28 11:09:00,409.61400000000003,221
14233,1462.72,4,680,30,2011-01-26 12:43:00,2011-10-21 15:54:00,365.68,268
14234,754.12,4,951,122,2011-10-13 13:58:00,2011-11-17 17:53:00,188.53,35
14235,3144.86,5,1959,65,2011-03-24 13:23:00,2011-09-25 14:37:00,628.972,185
14236,490.86,2,310,15,2010-12-02 18:49:00,2011-09-20 09:13:00,245.43,291
14237,161.0,1,38,9,2010-12-01 13:20:00,2010-12-01 13:20:00,161.0,0
14238,146.85,1,111,8,2011-01-17 14:40:00,2011-01-17 14:40:00,146.85,0
14239,2380.85,11,993,83,2011-01-27 14:45:00,2011-10-27 14:40:00,216.4409090909091,272
14240,890.34,2,418,37,2011-04-28 11:40:00,2011-11-09 13:45:00,445.17,195
14241,213.70000000000002,1,146,10,2011-06-09 11:46:00,2011-06-09 11:46:00,213.70000000000002,0
14242,280.55,2,123,13,2011-01-18 08:53:00,2011-04-19 11:46:00,140.275,91
14243,2588.77,10,1221,99,2010-12-09 08:34:00,2011-12-01 11:12:00,258.877,357
14245,1693.45,2,976,107,2011-03-21 10:41:00,2011-05-04 08:40:00,846.725,43
14246,1474.06,3,804,57,2011-04-08 08:25:00,2011-08-21 11:50:00,491.3533333333333,135
14247,136.76999999999998,1,47,19,2011-03-06 15:21:00,2011-03-06 15:21:00,136.76999999999998,0
14248,302.58,1,102,8,2011-01-25 14:45:00,2011-01-25 14:45:00,302.58,0
14250,1904.05,3,1200,94,2011-09-11 13:44:00,2011-12-02 14:30:00,634.6833333333333,82
14251,2879.7000000000003,5,1674,37,2011-10-13 12:46:00,2011-12-08 08:32:00,575.94,55
14256,969.0600000000001,2,414,51,2010-12-10 11:44:00,2011-03-24 13:17:00,484.53000000000003,104
14257,3099.7200000000003,5,1682,88,2011-01-25 10:49:00,2011-10-06 16:54:00,619.9440000000001,254
14258,12669.98,9,7100,58,2011-01-06 12:18:00,2011-11-30 15:27:00,1407.7755555555555,328
14259,120.0,1,68,5,2011-07-21 10:44:00,2011-07-21 10:44:00,120.0,0
14261,1163.45,2,406,52,2011-09-22 10:47:00,2011-10-20 10:04:00,581.725,27
14262,2618.23,8,1645,87,2011-04-13 12:23:00,2011-12-01 14:17:00,327.27875,232
14264,333.97,2,70,15,2011-04-08 12:20:00,2011-07-08 10:20:00,166.985,90
14265,530.18,2,330,31,2011-07-14 09:10:00,2011-08-22 13:32:00,265.09,39
14267,1516.24,3,530,25,2011-03-24 11:38:00,2011-06-30 10:09:00,505.41333333333336,97
14270,492.65000000000003,1,197,29,2011-01-12 09:33:00,2011-01-12 09:33:00,492.65000000000003,0
14271,112.32,1,88,10,2011-04-28 12:47:00,2011-04-28 12:47:00,112.32,0
14272,437.96,2,599,33,2011-03-30 13:57:00,2011-09-27 10:08:00,218.98,180
14273,559.97,4,264,22,2011-04-11 13:24:00,2011-10-19 13:20:00,139.9925,190
14276,1119.74,3,744,52,2011-02-23 09:38:00,2011-09-02 09:45:00,373.24666666666667,191
14277,4188.0,3,1976,195,2011-05-11 13:20:00,2011-11-24 15:01:00,1396.0,197
14280,134.04,1,52,8,2011-05-27 10:37:00,2011-05-27 10:37:00,134.04,0
14282,3701.44,15,2656,70,2010-12-07 12:21:00,2011-12-06 17:04:00,246.76266666666666,364
14284,595.25,2,161,24,2011-09-14 13:04:00,2011-11-09 08:11:00,297.625,55
14285,1910.01,4,541,18,2011-06-16 12:36:00,2011-11-18 14:50:00,477.5025,155
14286,4628.75,3,4338,220,2011-04-11 08:16:00,2011-11-16 10:34:00,1542.9166666666667,219
14287,176.63,3,261,9,2011-05-25 11:41:00,2011-12-01 13:25:00,58.876666666666665,190
14288,426.6,1,188,16,2011-05-10 13:22:00,2011-05-10 13:22:00,426.6,0
14289,911.26,6,292,33,2011-02-23 12:33:00,2011-12-01 11:44:00,151.87666666666667,280
14290,2314.65,5,915,89,2010-12-13 10:24:00,2011-11-28 14:02:00,462.93,350
14291,3883.25,11,2749,145,2011-03-09 15:20:00,2011-12-08 10:26:00,353.02272727272725,273
14292,4871.93,9,1663,64,2011-03-02 08:26:00,2011-12-02 11:50:00,541.3255555555556,275
14293,1046.56,4,709,51,2010-12-06 10:18:00,2011-12-06 15:17:00,261.64,365
14295,166.20000000000002,1,84,5,2011-10-30 15:50:00,2011-10-30 15:50:00,166.20000000000002,0
14297,1305.33,4,865,48,2011-03-10 08:31:00,2011-11-22 09:06:00,326.3325,257
14298,51527.3,44,58343,884,2010-12-14 12:59:00,2011-12-01 13:12:00,1171.075,352
14299,3965.62,9,2149,94,2010-12-09 10:30:00,2011-12-01 16:05:00,440.6244444444444,357
14300,43.2,1,32,3,2011-11-21 08:57:00,2011-11-21 08:57:00,43.2,0
14301,640.14,1,606,13,2011-08-14 15:33:00,2011-08-14 15:33:00,640.14,0
14304,383.45,1,139,17,2011-05-01 11:50:00,2011-05-01 11:50:00,383.45,0
14305,1858.96,3,1089,96,2011-07-27 14:14:00,2011-09-29 15:29:00,619.6533333333333,64
14306,2093.32,2,1075,33,2011-09-15 10:31:00,2011-10-19 13:23:00,1046.66,34
14307,2995.72,6,2058,150,2010-12-01 11:41:00,2011-09-12 09:38:00,499.28666666666663,284
14309,2352.53,9,1633,74,2010-12-16 13:05:00,2011-12-01 13:33:00,261.39222222222224,350
14311,310.26,1,146,20,2011-04-11 10:14:00,2011-04-11 10:14:00,310.26,0
14312,1611.59,6,1012,74,2011-01-06 16:35:00,2011-10-24 09:46:00,268.5983333333333,290
14314,120.0,1,296,8,2011-08-25 10:39:00,2011-08-25 10:39:00,120.0,0
14315,2481.13,6,1021,64,2011-03-18 12:59:00,2011-10-26 12:06:00,413.5216666666667,221
14317,508.58000000000004,1,255,24,2011-10-06 10:44:00,2011-10-06 10:44:00,508.58000000000004,0
14320,477.79,2,325,29,2011-01-11 09:12:00,2011-05-17 09:24:00,238.895,126
14321,1530.75,5,2406,111,2011-01-10 11:35:00,2011-11-29 09:47:00,306.15,322
14323,605.0600000000001,2,350,32,2011-04-15 11:44:00,2011-08-17 11:37:00,302.53000000000003,123
14326,183.85,1,103,8,2011-04-11 15:04:00,2011-04-11 15:04:00,183.85,0
14327,311.65,1,139,12,2011-06-29 13:58:00,2011-06-29 13:58:00,311.65,0
14329,4975.24,7,3087,218,2011-01-14 13:42:00,2011-11-22 15:50:00,710.7485714285714,312
14331,462.65999999999997,2,252,27,2011-07-27 15:14:00,2011-08-07 13:17:00,231.32999999999998,10
14332,840.21,3,463,22,2011-07-15 10:33:00,2011-11-17 11:54:00,280.07,125
14333,415.2,1,58,15,2011-10-03 10:38:00,2011-10-03 10:38:00,415.2,0
14334,2552.21,8,1731,98,2010-12-16 17:37:00,2011-11-23 10:01:00,319.02625,341
14335,454.86,2,375,55,2011-09-04 13:07:00,2011-11-23 13:41:00,227.43,80
14336,1614.91,4,1759,77,2011-03-08 16:48:00,2011-11-23 11:40:00,403.7275,259
14338,588.22,2,335,30,2011-05-27 13:30:00,2011-07-01 14:08:00,294.11,35
14339,309.52,1,168,14,2011-04-11 11:06:00,2011-04-11 11:06:00,309.52,0
14340,134.7,1,58,6,2011-05-05 09:44:00,2011-05-05 09:44:00,134.7,0
14341,2166.98,8,1397,109,2011-01-25 13:55:00,2011-10-25 15:48:00,270.8725,273
14342,668.5600000000001,4,347,18,2011-05-13 13:50:00,2011-11-18 13:21:00,167.14000000000001,188
14344,889.9300000000001,8,477,56,2010-12-06 11:58:00,2011-08-04 13:51:00,111.24125000000001,241
14345,108.97999999999999,1,50,6,2011-11-01 09:51:00,2011-11-01 09:51:00,108.97999999999999,0
14346,1021.58,2,605,55,2011-02-15 13:52:00,2011-08-11 09:47:00,510.79,176
14348,409.57,1,183,18,2011-03-24 16:23:00,2011-03-24 16:23:00,409.57,0
14349,133.5,1,86,31,2011-11-29 15:39:00,2011-11-29 15:39:00,133.5,0
14350,282.93,1,183,18,2011-03-10 14:14:00,2011-03-10 14:14:00,282.93,0
14351,51.0,1,12,1,2011-06-28 11:56:00,2011-06-28 11:56:00,51.0,0
14352,1078.96,4,538,44,2011-03-11 14:58:00,2011-07-05 15:41:00,269.74,116
14353,90.6,1,64,6,2011-05-08 16:06:00,2011-05-08 16:06:00,90.6,0
14354,163.62,2,210,9,2011-11-09 15:36:00,2011-12-04 11:32:00,81.81,24
14355,174.4,1,92,11,2010-12-09 12:16:00,2010-12-09 12:16:00,174.4,0
14356,701.23,2,277,33,2011-09-19 14:43:00,2011-09-21 09:18:00,350.615,1
14357,225.12,1,147,39,2011-10-27 16:23:00,2011-10-27 16:23:00,225.12,0
14359,912.18,3,371,44,2011-09-13 09:03:00,2011-11-20 13:17:00,304.06,68
14360,2118.03,4,1139,104,2011-09-06 11:58:00,2011-11-08 09:12:00,529.5075,62
14362,151.5,1,96,37,2011-11-17 15:08:00,2011-11-17 15:08:00,151.5,0
14364,3717.35,8,1967,61,2011-05-12 12:56:00,2011-08-23 11:01:00,464.66875,102
14367,9227.82,16,4426,270,2011-03-08 14:12:00,2011-12-01 13:19:00,576.73875,267
14368,155.0,1,36,8,2011-01-24 09:52:00,2011-01-24 09:52:00,155.0,0
14371,100.5,1,34,4,2011-02-17 16:35:00,2011-02-17 16:35:00,100.5,0
14373,76.55,1,17,4,2010-12-16 15:40:00,2010-12-16 15:40:00,76.55,0
14375,235.56,1,184,57,2011-06-07 13:44:00,2011-06-07 13:44:00,235.56,0
14377,617.05,2,219,11,2011-03-22 13:38:00,2011-06-01 13:32:00,308.525,70
14379,348.1,2,292,39,2011-02-17 15:03:00,2011-10-26 16:43:00,174.05,251
14381,202.68,1,146,56,2011-10-18 17:10:00,2011-10-18 17:10:00,202.68,0
14382,615.49,1,1231,121,2011-11-13 16:18:00,2011-11-13 16:18:00,615.49,0
14383,1247.69,3,817,49,2011-06-29 10:18:00,2011-11-01 15:53:00,415.8966666666667,125
14385,202.11,3,159,13,2011-11-16 11:55:00,2011-11-30 15:36:00,67.37,14
14386,142.4,1,54,7,2011-02-16 09:45:00,2011-02-16 09:45:00,142.4,0
14387,1727.6,3,795,125,2011-08-22 14:13:00,2011-11-07 12:29:00,575.8666666666667,76
14388,3212.84,8,1941,124,2010-12-02 11:02:00,2011-11-29 13:32:00,401.605,362
14389,1043.46,2,729,33,2011-06-02 12:04:00,2011-10-05 15:17:00,521.73,125
14390,4642.57,9,2133,135,2010-12-02 11:57:00,2011-11-29 13:49:00,515.8411111111111,362
14393,67.95,1,13,5,2011-05-05 18:16:00,2011-05-05 18:16:00,67.95,0
14395,3479.91,9,1689,181,2010-12-02 18:15:00,2011-12-07 14:34:00,386.65666666666664,369
14396,487.99,2,225,71,2010-12-03 15:19:00,2011-10-05 16:09:00,243.995,306
14397,2612.96,19,1890,18,2011-05-10 12:25:00,2011-12-07 09:22:00,137.52421052631578,210
14400,574.7,1,454,25,2011-07-13 15:50:00,2011-07-13 15:50:00,574.7,0
14401,4051.48,13,4507,113,2010-12-15 09:07:00,2011-12-05 13:30:00,311.6523076923077,355
14403,1475.81,4,519,17,2011-04-06 14:23:00,2011-08-01 12:57:00,368.9525,116
14404,1449.32,6,827,70,2010-12-05 16:00:00,2011-11-06 12:30:00,241.5533333333333,335
14406,156.75,1,77,8,2011-08-12 16:54:00,2011-08-12 16:54:00,156.75,0
14407,2157.73,6,1415,67,2011-03-08 11:59:00,2011-08-24 14:02:00,359.62166666666667,169
14408,2599.03,7,1610,60,2011-03-20 14:41:00,2011-11-29 11:41:00,371.29,253
14409,2059.4500000000003,6,1230,40,2010-12-06 15:03:00,2011-09-29 18:18:00,343.24166666666673,297
14410,1100.27,9,567,153,2011-02-07 09:36:00,2011-09-08 15:08:00,122.25222222222222,213
14411,1063.0,1,196,14,2011-02-02 10:56:00,2011-02-02 10:56:00,1063.0,0
14412,770.03,2,786,43,2011-09-28 08:48:00,2011-10-28 10:45:00,385.015,30
14413,121.05,1,67,22,2010-12-12 13:37:00,2010-12-12 13:37:00,121.05,0
14414,1496.98,7,2512,79,2010-12-16 11:11:00,2011-09-09 12:09:00,213.8542857142857,267
14415,5855.57,13,2996,283,2010-12-14 13:31:00,2011-12-08 14:38:00,450.42846153846153,359
14416,490.22,2,326,13,2011-10-28 15:10:00,2011-11-17 15:22:00,245.11,20
14418,1937.25,3,1711,114,2011-08-23 17:18:00,2011-12-06 11:39:00,645.75,104
14419,1051.79,6,483,112,2010-12-10 10:56:00,2011-11-29 11:22:00,175.29833333333332,354
14420,387.52,1,334,29,2011-09-01 18:07:00,2011-09-01 18:07:00,387.52,0
14421,813.11,2,365,25,2011-05-12 10:49:00,2011-10-13 13:24:00,406.555,154
14422,4263.64,6,2906,189,2011-03-17 17:26:00,2011-12-09 11:26:00,710.6066666666667,266
14423,265.2,1,120,3,2011-05-05 15:12:00,2011-05-05 15:12:00,265.2,0
14424,322.08,1,48,1,2011-11-22 11:48:00,2011-11-22 11:48:00,322.08,0
14426,4481.67,10,2699,183,2011-01-31 09:51:00,2011-11-16 12:25:00,448.16700000000003,289
14427,363.34000000000003,2,228,16,2011-10-07 09:10:00,2011-10-20 14:23:00,181.67000000000002,13
14428,1224.06,5,428,108,2011-01-18 16:39:00,2011-12-02 13:17:00,244.81199999999998,317
14431,470.36,1,130,17,2011-02-10 10:40:00,2011-02-10 10:40:00,470.36,0
14432,2248.5,6,2013,256,2011-09-11 14:09:00,2011-11-30 08:04:00,374.75,79
14434,1372.8,6,368,3,2011-09-28 15:31:00,2011-11-18 08:56:00,228.79999999999998,50
14436,89.06,1,129,9,2011-09-02 10:13:00,2011-09-02 10:13:00,89.06,0
14437,63.0,1,60,5,2010-12-09 09:27:00,2010-12-09 09:27:00,63.0,0
14438,131.9,1,82,9,2011-02-06 14:56:00,2011-02-06 14:56:00,131.9,0
14439,2661.24,1,526,32,2011-01-24 11:39:00,2011-01-24 11:39:00,2661.24,0
14440,2357.6800000000003,5,588,33,2010-12-09 12:49:00,2011-12-01 15:42:00,471.53600000000006,357
14441,1712.89,4,446,43,2011-03-29 12:01:00,2011-12-09 09:07:00,428.2225,254
14442,1589.82,2,482,58,2011-01-27 09:33:00,2011-05-19 11:36:00,794.91,112
14443,1420.2,4,938,84,2010-12-06 11:03:00,2011-10-17 10:10:00,355.05,314
14446,1010.35,4,916,233,2011-04-07 12:10:00,2011-12-09 11:34:00,252.5875,245
14447,1163.23,5,571,54,2011-03-04 10:49:00,2011-11-21 08:28:00,232.64600000000002,261
14448,375.35,2,104,20,2010-12-10 17:26:00,2011-11-30 13:50:00,187.675,354
14449,885.8,4,741,201,2010-12-02 14:09:00,2011-11-21 12:06:00,221.45,353
14450,483.25,3,241,32,2011-01-23 11:53:00,2011-06-12 10:46:00,161.08333333333334,139
14451,643.9,2,378,86,2011-05-29 12:35:00,2011-10-10 13:38:00,321.95,134
14452,259.05,2,116,55,2011-09-07 11:32:00,2011-11-29 12:06:00,129.525,83
14453,119.93,1,49,22,2011-06-02 14:15:00,2011-06-02 14:15:00,119.93,0
14456,3017.28,9,2885,580,2011-07-20 13:06:00,2011-12-04 13:59:00,335.25333333333333,137
14457,113.64,1,88,4,2011-02-02 09:39:00,2011-02-02 09:39:00,113.64,0
14459,1837.92,1,760,37,2011-07-07 13:35:00,2011-07-07 13:35:00,1837.92,0
14460,434.34,3,881,14,2011-02-02 11:55:00,2011-08-21 14:19:00,144.78,200
14461,2103.06,3,766,173,2011-03-23 12:15:00,2011-07-14 17:11:00,701.02,113
14462,1980.57,11,956,150,2011-01-04 12:45:00,2011-10-04 15:55:00,180.05181818181816,273
14463,529.62,3,179,6,2011-05-18 14:42:00,2011-09-02 15:20:00,176.54,107
14465,1038.44,3,398,107,2011-02-10 12:13:00,2011-04-07 12:38:00,346.1466666666667,56
14466,2272.4,7,1006,35,2010-12-02 13:36:00,2011-11-10 14:07:00,324.62857142857143,343
14467,596.26,4,276,67,2011-01-31 12:35:00,2011-11-22 12:48:00,149.065,295
14470,461.19,2,193,43,2011-02-25 11:56:00,2011-11-28 10:31:00,230.595,275
14472,1852.67,8,1135,153,2010-12-19 14:03:00,2011-08-28 11:01:00,231.58375,251
14473,234.34000000000003,2,88,7,2011-03-02 13:56:00,2011-09-26 15:10:00,117.17000000000002,208
14474,547.66,1,140,29,2011-10-24 13:26:00,2011-10-24 13:26:00,547.66,0
14475,925.85,3,447,35,2011-02-08 10:12:00,2011-09-29 10:46:00,308.6166666666667,233
14476,193.0,1,110,17,2011-03-27 15:39:00,2011-03-27 15:39:00,193.0,0
14477,1309.6,4,720,7,2011-02-15 15:44:00,2011-11-20 11:11:00,327.4,277
14479,316.25,2,117,18,2010-12-09 12:59:00,2011-03-31 09:07:00,158.125,111
14480,279.05,1,143,13,2011-11-28 16:35:00,2011-11-28 16:35:00,279.05,0
14481,636.51,2,489,25,2011-02-25 13:53:00,2011-06-28 10:38:00,318.255,122
14482,2022.81,6,1627,110,2011-04-14 16:41:00,2011-11-21 13:14:00,337.135,220
14483,137.1,1,97,9,2011-03-03 10:26:00,2011-03-03 10:26:00,137.1,0
14484,321.92,1,210,14,2011-10-20 14:11:00,2011-10-20 14:11:00,321.92,0
14485,162.8,1,70,44,2011-11-01 12:25:00,2011-11-01 12:25:00,162.8,0
14487,1165.48,6,712,112,2010-12-06 13:22:00,2011-11-13 12:17:00,194.24666666666667,341
14488,1064.28,1,799,46,2011-10-03 09:30:00,2011-10-03 09:30:00,1064.28,0
14489,463.38,1,299,30,2011-05-16 14:51:00,2011-05-16 14:51:00,463.38,0
14491,340.93,2,139,17,2010-12-02 12:10:00,2011-06-17 15:22:00,170.465,197
14493,2383.2400000000002,5,1285,95,2011-07-07 16:59:00,2011-12-02 16:14:00,476.648,147
14494,139.56,1,92,7,2011-11-14 09:21:00,2011-11-14 09:21:00,139.56,0
14495,123.8,2,62,6,2011-08-10 14:13:00,2011-10-20 12:28:00,61.9,70
14496,538.8100000000001,2,159,16,2010-12-01 15:35:00,2011-02-01 09:01:00,269.40500000000003,61
14497,475.37,1,235,29,2011-02-03 17:01:00,2011-02-03 17:01:00,475.37,0
14498,1957.32,5,1098,162,2010-12-13 11:29:00,2011-10-28 12:09:00,391.464,319
14499,808.44,3,496,146,2011-03-06 11:55:00,2011-11-13 13:01:00,269.48,252
14500,356.85,3,117,6,2011-06-03 10:08:00,2011-09-12 16:45:00,118.95,101
14501,251.21,2,161,9,2011-01-24 10:43:00,2011-06-09 12:02:00,125.605,136
14502,2429.83,11,1480,368,2011-01-30 15:52:00,2011-11-20 11:50:00,220.89363636363635,293
14503,3543.26,6,2004,113,2011-06-14 10:00:00,2011-12-06 13:30:00,590.5433333333334,175
14504,673.26,4,308,85,2011-03-06 14:38:00,2011-10-23 16:00:00,168.315,231
14505,5859.43,8,2739,540,2010-12-12 16:14:00,2011-11-22 15:45:00,732.42875,344
14506,1960.65,5,704,204,2010-12-05 14:25:00,2011-11-22 13:02:00,392.13,351
14507,1367.88,6,594,79,2011-03-08 17:23:00,2011-11-16 12:21:00,227.98000000000002,252
14508,268.05,2,129,52,2011-09-11 11:29:00,2011-11-17 19:48:00,134.025,67
14511,1314.81,5,784,53,2011-07-29 12:13:00,2011-11-28 17:05:00,262.962,122
14512,275.28,2,122,19,2011-04-21 19:05:00,2011-06-05 12:39:00,137.64,44
14513,455.59000000000003,3,361,11,2011-02-24 09:36:00,2011-08-31 11:25:00,151.86333333333334,188
14514,990.2,3,564,65,2011-01-12 15:22:00,2011-10-09 16:05:00,330.06666666666666,270
14515,2076.89,6,1110,68,2011-05-05 12:13:00,2011-11-22 11:37:00,346.1483333333333,200
14517,330.45,2,91,17,2011-07-21 11:42:00,2011-11-06 14:20:00,165.225,108
14518,174.37,1,278,16,2011-10-06 14:43:00,2011-10-06 14:43:00,174.37,0
14520,270.6,2,146,3,2011-02-22 09:15:00,2011-12-08 09:46:00,135.3,289
14522,974.54,4,525,15,2011-05-25 16:01:00,2011-11-15 13:24:00,243.635,173
14523,241.09,1,251,12,2011-08-23 13:13:00,2011-08-23 13:13:00,241.09,0
14524,1843.83,9,669,161,2010-12-14 11:01:00,2011-11-08 12:29:00,204.87,329
14525,4215.9,9,2637,217,2010-12-13 17:40:00,2011-11-20 11:37:00,468.4333333333333,341
14527,8507.13,55,2088,330,2010-12-05 13:17:00,2011-12-07 12:19:00,154.6750909090909,366
14528,364.21999999999997,1,278,18,2011-11-02 17:09:00,2011-11-02 17:09:00,364.21999999999997,0
14529,578.61,3,325,177,2011-08-21 14:10:00,2011-10-10 15:27:00,192.87,50
14530,2862.11,6,1395,140,2011-02-16 10:47:00,2011-11-14 10:38:00,477.0183333333334,270
14532,932.85,4,284,45,2010-12-22 13:48:00,2011-04-17 13:05:00,233.2125,115
14533,1949.72,7,4019,53,2010-12-22 11:07:00,2011-11-15 12:05:00,278.5314285714286,328
14534,4397.3,18,2027,331,2011-01-25 12:33:00,2011-12-07 12:19:00,244.29444444444445,315
14535,2854.84,3,1824,280,2011-04-05 12:50:00,2011-10-10 15:39:00,951.6133333333333,188
14536,170.95,1,39,18,2011-03-25 12:21:00,2011-03-25 12:21:00,170.95,0
14537,355.56,1,120,10,2011-10-13 10:54:00,2011-10-13 10:54:00,355.56,0
14538,388.25,2,155,19,2011-03-28 14:57:00,2011-10-06 10:31:00,194.125,191
14539,537.48,2,428,31,2011-10-26 12:03:00,2011-11-24 09:50:00,268.74,28
14540,952.66,3,411,64,2011-02-03 15:02:00,2011-11-30 10:15:00,317.55333333333334,299
14541,1453.35,8,641,71,2011-01-24 14:16:00,2011-10-12 10:08:00,181.66875,260
14542,103.25,1,19,5,2011-06-07 08:19:00,2011-06-07 08:19:00,103.25,0
14543,3599.73,16,675,43,2010-12-10 11:51:00,2011-11-11 12:45:00,224.983125,336
14544,2004.3,2,1536,97,2010-12-13 12:50:00,2011-11-15 15:06:00,1002.15,337
14546,2573.93,5,1313,250,2011-04-05 12:37:00,2011-12-04 13:00:00,514.786,243
14547,3974.75,8,2639,198,2011-10-16 14:35:00,2011-12-06 11:06:00,496.84375,50
14548,652.8,2,256,2,2011-01-26 08:38:00,2011-07-12 12:19:00,326.4,167
14549,289.24,1,136,56,2011-02-01 13:47:00,2011-02-01 13:47:00,289.24,0
14550,757.37,2,389,38,2011-10-26 12:14:00,2011-11-29 12:12:00,378.685,33
14551,186.23,2,106,9,2011-05-19 18:21:00,2011-11-21 13:36:00,93.115,185
14552,164.22,1,90,57,2011-07-11 12:49:00,2011-07-11 12:49:00,164.22,0
14553,859.27,5,493,103,2011-01-04 15:40:00,2011-11-20 13:20:00,171.85399999999998,319
14554,2279.4900000000002,4,1443,147,2011-10-18 13:04:00,2011-11-29 16:44:00,569.8725000000001,42
14555,312.54,2,122,18,2011-02-10 17:19:00,2011-10-13 16:24:00,156.27,244
14557,788.38,1,510,16,2011-09-15 15:48:00,2011-09-15 15:48:00,788.38,0
14560,2237.77,22,1260,39,2010-12-17 09:22:00,2011-12-02 15:22:00,101.71681818181818,350
14561,1080.76,3,1014,67,2011-06-08 13:26:00,2011-09-25 12:39:00,360.25333333333333,108
14562,5006.77,18,1815,187,2011-02-08 14:45:00,2011-12-06 11:05:00,278.1538888888889,300
14565,3099.12,4,1540,111,2010-12-13 13:25:00,2011-09-05 09:07:00,774.78,265
14566,1432.0,1,800,4,2011-08-21 11:05:00,2011-08-21 11:05:00,1432.0,0
14567,1530.3600000000001,2,412,33,2011-08-01 13:48:00,2011-10-14 10:21:00,765.1800000000001,73
14569,227.39,1,79,10,2011-12-08 14:58:00,2011-12-08 14:58:00,227.39,0
14570,218.06,2,95,29,2011-03-04 10:39:00,2011-03-04 10:58:00,109.03,0
14572,2804.54,7,1420,190,2011-01-19 17:23:00,2011-12-06 14:40:00,400.6485714285714,320
14573,1639.82,9,534,127,2010-12-02 19:59:00,2011-06-13 11:15:00,182.20222222222222,192
14576,35.400000000000006,1,12,1,2010-12-02 17:51:00,2010-12-02 17:51:00,35.400000000000006,0
14577,859.71,4,353,86,2010-12-12 11:26:00,2011-11-27 12:47:00,214.9275,350
14578,168.63,1,240,24,2011-12-06 17:18:00,2011-12-06 17:18:00,168.63,0
14581,138.6,1,217,16,2011-11-23 12:39:00,2011-11-23 12:39:00,138.6,0
14582,114.11,1,73,6,2011-10-30 11:56:00,2011-10-30 11:56:00,114.11,0
14583,986.96,5,751,243,2011-05-18 11:28:00,2011-12-04 12:32:00,197.392,200
14584,1033.06,4,381,68,2011-05-25 17:31:00,2011-06-23 18:33:00,258.265,29
14585,157.05,1,91,29,2011-10-20 14:33:00,2011-10-20 14:33:00,157.05,0
14586,237.36,1,444,19,2011-03-08 10:04:00,2011-03-08 10:04:00,237.36,0
14587,1580.29,9,749,170,2011-01-12 13:16:00,2011-11-21 11:34:00,175.58777777777777,312
14589,39.75,1,5,3,2010-12-03 11:42:00,2010-12-03 11:42:00,39.75,0
14591,1320.21,4,1228,138,2011-05-10 14:09:00,2011-11-24 13:57:00,330.0525,197
14592,557.94,3,407,132,2011-10-06 18:08:00,2011-11-04 16:35:00,185.98000000000002,28
14593,617.15,3,330,127,2011-05-25 11:14:00,2011-11-18 12:48:00,205.71666666666667,177
14594,363.33,2,183,48,2010-12-01 13:54:00,2011-12-02 13:28:00,181.665,365
14595,1740.6,6,978,94,2011-01-30 13:36:00,2011-11-20 12:12:00,290.09999999999997,293
14597,866.24,2,566,45,2011-06-01 12:33:00,2011-11-28 13:13:00,433.12,180
14598,221.97,1,189,49,2011-10-26 13:19:00,2011-10-26 13:19:00,221.97,0
14600,393.33000000000004,1,125,25,2011-02-07 09:48:00,2011-02-07 09:48:00,393.33000000000004,0
14601,213.96,1,168,7,2011-11-29 09:48:00,2011-11-29 09:48:00,213.96,0
14603,660.0,1,400,2,2011-03-10 10:27:00,2011-03-10 10:27:00,660.0,0
14606,12076.15,93,6187,819,2010-12-01 16:57:00,2011-12-08 19:28:00,129.8510752688172,372
14607,16209.5,14,11526,38,2011-03-23 15:22:00,2011-11-24 10:35:00,1157.8214285714287,245
14608,1785.15,4,437,8,2010-12-12 14:49:00,2011-12-05 16:52:00,446.2875,358
14609,601.56,4,7026,2,2011-02-16 12:10:00,2011-09-28 12:54:00,150.39,224
14616,406.08000000000004,3,104,2,2011-01-26 12:42:00,2011-04-11 09:54:00,135.36,74
14618,553.44,3,264,10,2011-01-06 11:59:00,2011-11-30 13:45:00,184.48000000000002,328
14619,394.44,1,152,20,2011-04-08 07:37:00,2011-04-08 07:37:00,394.44,0
14620,412.78000000000003,2,214,26,2011-03-01 08:30:00,2011-05-18 11:58:00,206.39000000000001,78
14621,1788.3600000000001,5,993,80,2010-12-16 13:00:00,2011-12-08 16:22:00,357.672,357
14622,320.58000000000004,1,146,21,2011-06-08 12:42:00,2011-06-08 12:42:00,320.58000000000004,0
14623,886.7,5,418,108,2011-04-18 13:54:00,2011-11-07 13:56:00,177.34,203
14624,225.85,2,162,13,2011-10-11 14:39:00,2011-10-13 13:44:00,112.925,1
14625,899.63,2,335,51,2010-12-13 15:36:00,2011-05-27 15:32:00,449.815,164
14626,2791.27,4,1403,108,2011-04-20 13:18:00,2011-11-16 10:37:00,697.8175,209
14628,671.96,2,272,22,2011-04-11 14:43:00,2011-09-09 14:58:00,335.98,151
14629,955.26,2,378,133,2011-10-23 16:13:00,2011-12-05 16:55:00,477.63,43
14631,1006.98,3,622,38,2011-02-14 09:31:00,2011-10-20 11:17:00,335.66,248
14632,114.56,1,96,8,2011-03-22 08:49:00,2011-03-22 08:49:00,114.56,0
14633,344.90000000000003,1,96,20,2011-03-18 17:07:00,2011-03-18 17:07:00,344.90000000000003,0
14636,609.85,2,241,27,2011-03-16 09:52:00,2011-11-03 16:12:00,304.925,232
14638,443.6,1,166,16,2011-10-20 10:10:00,2011-10-20 10:10:00,443.6,0
14639,2984.49,6,1431,138,2010-12-13 13:50:00,2011-10-18 15:06:00,497.41499999999996,309
14640,2107.38,6,880,87,2011-04-26 12:31:00,2011-11-15 13:07:00,351.23,203
14641,110.46,1,90,7,2011-11-18 10:42:00,2011-11-18 10:42:00,110.46,0
14642,96.12,1,76,2,2011-10-12 11:08:00,2011-10-12 11:08:00,96.12,0
14643,693.8100000000001,2,815,30,2010-12-16 17:53:00,2011-06-22 14:41:00,346.90500000000003,187
14644,830.76,2,258,26,2011-02-14 14:14:00,2011-10-03 08:30:00,415.38,230
14645,597.09,2,381,28,2011-03-09 09:52:00,2011-07-06 09:15:00,298.545,118
14646,280206.02,73,196915,700,2010-12-20 10:09:00,2011-12-08 12:12:00,3838.4386301369864,353
14647,236.04000000000002,1,91,24,2011-05-22 13:40:00,2011-05-22 13:40:00,236.04000000000002,0
14649,1402.59,4,1004,148,2011-05-11 14:37:00,2011-12-05 12:30:00,350.6475,207
14651,653.75,2,343,95,2011-05-12 16:29:00,2011-10-03 15:52:00,326.875,143
14652,114.18,1,53,29,2011-09-23 14:21:00,2011-09-23 14:21:00,114.18,0
14653,1926.65,7,945,154,2011-01-05 13:40:00,2011-12-08 13:45:00,275.2357142857143,337
14655,1932.23,4,1089,35,2011-05-01 14:59:00,2011-12-01 16:28:00,483.0575,214
14656,291.05,2,120,73,2011-03-01 13:19:00,2011-06-23 13:51:00,145.525,114
14657,848.22,4,466,103,2011-01-17 15:19:00,2011-11-22 12:47:00,212.055,308
14658,247.15,2,47,27,2011-08-14 15:42:00,2011-12-04 15:35:00,123.575,111
14659,2529.93,9,1195,147,2011-01-28 12:43:00,2011-12-01 12:17:00,281.1033333333333,306
14660,285.74,2,228,24,2011-08-31 10:40:00,2011-09-14 11:34:00,142.87,14
14661,107.95,1,35,4,2011-11-13 11:51:00,2011-11-13 11:51:00,107.95,0
14662,741.37,4,578,143,2011-01-27 17:41:00,2011-11-11 12:13:00,185.3425,287
14664,636.24,2,465,78,2011-11-06 14:56:00,2011-11-20 10:59:00,318.12,13
14665,1835.7,5,740,63,2011-02-02 09:08:00,2011-10-10 09:14:00,367.14,250
14666,195.25,1,161,14,2011-11-15 12:57:00,2011-11-15 12:57:00,195.25,0
14667,9175.04,25,5319,354,2010-12-06 13:13:00,2011-11-29 11:30:00,367.00160000000005,357
14669,1259.24,3,770,158,2011-01-11 12:30:00,2011-04-12 11:43:00,419.74666666666667,90
14670,392.86,2,326,107,2011-03-04 13:58:00,2011-03-04 14:13:00,196.43,0
14672,765.55,2,454,58,2011-01-07 15:48:00,2011-04-19 10:19:00,382.775,101
14673,1736.4,5,1004,39,2010-12-07 12:49:00,2011-12-06 14:31:00,347.28000000000003,364
14675,596.36,1,336,93,2011-11-23 12:58:00,2011-11-23 12:58:00,596.36,0
14676,2548.2400000000002,6,2500,29,2011-03-01 14:26:00,2011-11-08 13:29:00,424.7066666666667,251
14680,28754.11,16,13476,73,2010-12-03 12:05:00,2011-11-14 16:59:00,1797.131875,346
14681,498.95,3,76,6,2011-05-12 10:45:00,2011-09-29 15:52:00,166.31666666666666,140
14682,52.0,2,80,1,2011-05-22 12:51:00,2011-06-05 12:12:00,26.0,13
14684,1201.51,5,821,231,2010-12-12 12:44:00,2011-11-14 11:33:00,240.302,336
14687,628.38,1,470,15,2011-08-25 11:59:00,2011-08-25 11:59:00,628.38,0
14688,5579.1,21,3584,148,2010-12-01 09:37:00,2011-12-02 12:26:00,265.6714285714286,366
14689,112.8,1,76,13,2011-05-15 11:22:00,2011-05-15 11:22:00,112.8,0
14690,355.05,2,167,40,2011-07-11 11:58:00,2011-10-26 15:39:00,177.525,107
14691,2114.33,5,707,50,2011-05-11 09:55:00,2011-11-09 12:30:00,422.866,182
14692,591.55,4,265,53,2011-01-21 13:47:00,2011-07-25 15:08:00,147.8875,185
14693,172.9,1,34,8,2011-03-20 12:50:00,2011-03-20 12:50:00,172.9,0
14696,2078.95,7,1630,117,2010-12-01 15:37:00,2011-12-05 13:43:00,296.99285714285713,368
14697,188.60999999999999,2,181,22,2011-05-05 15:29:00,2011-05-05 15:39:00,94.30499999999999,0
14698,1217.27,5,602,148,2011-10-19 12:54:00,2011-12-08 12:26:00,243.454,49
14699,109.13000000000001,1,77,8,2011-05-09 14:54:00,2011-05-09 14:54:00,109.13000000000001,0
14700,2195.1,3,1314,80,2011-04-15 13:16:00,2011-11-07 14:40:00,731.6999999999999,206
14701,2526.09,9,921,268,2011-01-27 12:40:00,2011-11-29 12:38:00,280.6766666666667,305
14702,3251.79,17,1439,196,2010-12-09 19:23:00,2011-12-08 19:29:00,191.28176470588235,364
14703,318.17,1,183,22,2011-11-25 09:23:00,2011-11-25 09:23:00,318.17,0
14704,1493.96,9,1043,288,2011-06-12 13:59:00,2011-11-28 12:51:00,165.99555555555557,168
14705,179.0,1,100,1,2011-05-25 12:39:00,2011-05-25 12:39:00,179.0,0
14708,1126.37,3,621,25,2010-12-06 12:23:00,2011-12-07 08:21:00,375.45666666666665,365
14709,4921.04,13,2484,71,2010-12-16 13:43:00,2011-11-24 15:41:00,378.54153846153844,343
14710,599.48,4,375,124,2011-10-11 13:49:00,2011-11-25 14:53:00,149.87,45
14711,2839.62,11,966,221,2011-03-22 13:32:00,2011-11-29 14:58:00,258.1472727272727,252
14712,917.07,3,315,21,2011-08-19 13:33:00,2011-11-10 12:59:00,305.69,82
14713,2662.2,11,1613,146,2010-12-09 18:58:00,2011-11-30 16:26:00,242.0181818181818,355
14714,160.19,1,229,10,2011-11-15 13:07:00,2011-11-15 13:07:00,160.19,0
14715,867.38,4,521,60,2011-01-12 13:27:00,2011-11-15 12:10:00,216.845,306
14716,307.51,2,495,46,2011-07-14 12:42:00,2011-10-27 17:29:00,153.755,105
14719,1581.84,5,1025,177,2011-04-04 14:17:00,2011-12-08 12:43:00,316.368,247
14720,663.81,3,219,34,2011-08-05 12:06:00,2011-12-04 12:02:00,221.26999999999998,120
14722,180.42000000000002,1,118,28,2011-07-15 14:58:00,2011-07-15 14:58:00,180.42000000000002,0
14723,1122.3600000000001,6,673,193,2010-12-03 14:18:00,2011-11-29 15:23:00,187.06000000000003,361
14725,655.58,1,588,45,2011-11-15 12:42:00,2011-11-15 12:42:00,655.58,0
14727,268.58,1,62,10,2011-03-10 14:45:00,2011-03-10 14:45:00,268.58,0
14729,313.49,1,197,69,2010-12-01 12:43:00,2010-12-01 12:43:00,313.49,0
14730,1897.57,8,1078,317,2011-03-08 12:49:00,2011-12-08 14:39:00,237.19625,275
14731,380.02,3,256,38,2011-05-11 13:06:00,2011-10-23 15:54:00,126.67333333333333,165
14732,2702.4900000000002,8,1405,105,2011-01-04 14:40:00,2011-12-01 14:34:00,337.81125000000003,330
14733,9585.91,12,3764,102,2010-12-07 11:30:00,2011-11-23 15:39:00,798.8258333333333,351
14735,6065.69,32,2264,99,2010-12-16 16:05:00,2011-12-06 12:09:00,189.5528125,354
14737,1164.55,3,345,15,2010-12-21 13:49:00,2011-12-06 10:16:00,388.18333333333334,349
14738,1314.45,7,601,39,2011-01-27 14:10:00,2011-10-28 08:56:00,187.77857142857144,273
14739,3902.28,7,3820,47,2010-12-07 14:58:00,2011-12-05 16:54:00,557.4685714285714,363
14740,1448.21,3,735,85,2011-03-01 08:35:00,2011-05-26 18:17:00,482.7366666666667,86
14741,1400.34,6,841,35,2010-12-02 08:43:00,2011-11-28 08:48:00,233.39,361
14744,1099.98,7,627,21,2010-12-08 10:21:00,2011-11-23 12:51:00,157.14000000000001,350
14745,1220.26,5,1038,46,2011-02-27 15:25:00,2011-08-19 10:05:00,244.052,172
14747,328.2,1,84,18,2011-04-04 14:09:00,2011-04-04 14:09:00,328.2,0
14748,1415.75,5,1223,87,2010-12-06 10:19:00,2011-11-10 18:33:00,283.15,339
14752,389.64,1,260,5,2011-10-27 11:55:00,2011-10-27 11:55:00,389.64,0
14753,563.15,1,211,30,2011-09-13 14:50:00,2011-09-13 14:50:00,563.15,0
14754,638.05,2,486,38,2011-02-17 12:21:00,2011-10-26 12:01:00,319.025,250
14755,5010.28,11,2219,128,2011-01-09 14:02:00,2011-11-30 11:24:00,455.47999999999996,324
14756,738.96,1,416,38,2011-11-24 18:13:00,2011-11-24 18:13:00,738.96,0
14757,420.5,1,160,19,2011-09-25 14:36:00,2011-09-25 14:36:00,420.5,0
14758,1484.06,4,419,54,2011-03-25 12:10:00,2011-07-18 08:21:00,371.015,114
14759,1625.97,3,569,92,2011-04-21 10:55:00,2011-12-05 12:03:00,541.99,228
14760,89.2,1,40,5,2011-02-15 16:27:00,2011-02-15 16:27:00,89.2,0
14761,255.9,2,118,11,2011-01-09 12:03:00,2011-10-12 12:10:00,127.95,276
14762,300.52,1,341,21,2011-03-21 08:20:00,2011-03-21 08:20:00,300.52,0
14764,278.3,1,190,6,2011-10-24 11:54:00,2011-10-24 11:54:00,278.3,0
14765,254.11,3,135,38,2011-06-16 19:49:00,2011-11-10 19:53:00,84.70333333333333,147
14766,2473.37,6,1349,111,2010-12-08 15:33:00,2011-12-01 16:05:00,412.2283333333333,358
14768,192.60000000000002,2,52,4,2011-08-04 13:25:00,2011-11-22 12:54:00,96.30000000000001,109
14769,10416.98,8,7239,718,2010-12-17 11:40:00,2011-12-07 10:24:00,1302.1225,354
14770,876.42,2,490,49,2011-01-20 15:00:00,2011-04-21 14:21:00,438.21,90
14772,139.26,1,82,9,2011-08-19 15:04:00,2011-08-19 15:04:00,139.26,0
14775,1011.9,3,1174,57,2010-12-02 16:38:00,2011-10-12 15:27:00,337.3,313
14776,2538.3,11,3134,44,2011-01-31 13:17:00,2011-10-19 15:34:00,230.75454545454548,261
14778,730.86,2,306,34,2011-02-04 11:43:00,2011-08-04 15:23:00,365.43,181
14779,386.15,3,84,40,2011-01-20 12:04:00,2011-03-04 12:42:00,128.71666666666667,43
14780,447.68,2,310,26,2011-09-21 15:15:00,2011-10-16 12:46:00,223.84,24
14782,200.10000000000002,1,114,6,2011-01-24 11:12:00,2011-01-24 11:12:00,200.10000000000002,0
14784,289.99,2,237,15,2011-01-20 09:25:00,2011-11-13 13:30:00,144.995,297
14785,77.4,2,84,2,2011-11-24 13:40:00,2011-11-29 13:21:00,38.7,4
14788,679.4399999999999,2,421,26,2011-11-13 15:52:00,2011-12-02 17:06:00,339.71999999999997,19
14789,197.64,1,116,6,2011-11-11 08:59:00,2011-11-11 08:59:00,197.64,0
14790,745.06,4,699,30,2011-03-31 11:49:00,2011-11-23 09:28:00,186.265,236
14792,6.2,1,2,2,2011-10-07 09:19:00,2011-10-07 09:19:00,6.2,0
14793,228.99,1,91,14,2011-11-18 14:50:00,2011-11-18 14:50:00,228.99,0
14794,1319.91,7,673,68,2011-01-09 16:11:00,2011-12-07 10:11:00,188.55857142857144,331
14795,131.45000000000002,1,17,6,2011-06-26 13:04:00,2011-06-26 13:04:00,131.45000000000002,0
14796,7975.49,17,5995,403,2010-12-08 10:40:00,2011-12-08 15:31:00,469.1464705882353,365
14798,173.74,3,150,11,2011-02-02 15:26:00,2011-10-18 10:58:00,57.913333333333334,257
14799,157.7,1,146,13,2011-10-19 16:16:00,2011-10-19 16:16:00,157.7,0
14800,4331.79,12,3644,246,2010-12-05 11:10:00,2011-10-23 12:46:00,360.9825,322
14801,189.34,1,173,56,2011-10-09 15:24:00,2011-10-09 15:24:00,189.34,0
14803,845.55,3,370,35,2011-02-20 13:21:00,2011-06-30 13:58:00,281.84999999999997,130
14804,353.27,1,121,12,2011-12-01 11:20:00,2011-12-01 11:20:00,353.27,0
14805,546.4,4,114,30,2011-01-30 10:43:00,2011-11-24 16:20:00,136.6,298
14806,193.39000000000001,1,330,11,2011-09-25 15:32:00,2011-09-25 15:32:00,193.39000000000001,0
14808,2718.6,8,2120,176,2011-06-20 12:53:00,2011-10-31 12:21:00,339.825,132
14810,2085.33,11,1015,106,2010-12-05 12:08:00,2011-10-30 11:19:00,189.57545454545453,328
14813,152.88,2,66,25,2010-12-05 11:54:00,2010-12-05 11:57:00,76.44,0
14815,778.5,2,744,53,2011-10-03 11:36:00,2011-11-03 11:36:00,389.25,31
14816,271.85,1,5,4,2011-05-26 13:16:00,2011-05-26 13:16:00,271.85,0
14817,1110.34,2,655,52,2011-03-07 13:51:00,2011-05-23 13:35:00,555.17,76
14818,657.8,3,324,41,2011-03-31 12:28:00,2011-09-27 11:01:00,219.26666666666665,179
14819,272.07,2,109,13,2011-05-31 13:50:00,2011-10-06 13:41:00,136.035,127
14820,507.29,4,253,24,2011-06-19 14:56:00,2011-11-18 15:41:00,126.8225,152
14821,48.800000000000004,1,20,2,2010-12-08 08:43:00,2010-12-08 08:43:00,48.800000000000004,0
14823,321.43,3,88,56,2011-05-29 12:48:00,2011-06-12 13:12:00,107.14333333333333,14
14824,1127.71,4,525,19,2011-09-09 14:12:00,2011-11-29 14:20:00,281.9275,81
14825,2221.01,12,989,82,2010-12-06 12:30:00,2011-12-06 11:38:00,185.08416666666668,364
14828,2139.76,3,2172,17,2011-01-07 09:50:00,2011-05-27 10:16:00,713.2533333333334,140
14829,697.55,4,452,39,2010-12-02 16:12:00,2011-11-10 16:16:00,174.3875,343
14830,188.88,1,164,39,2011-10-17 14:29:00,2011-10-17 14:29:00,188.88,0
14834,1720.3,6,734,43,2011-04-13 15:00:00,2011-11-22 10:30:00,286.71666666666664,222
14836,102.44999999999999,3,45,5,2011-11-09 13:26:00,2011-11-29 16:45:00,34.15,20
14837,1649.5,4,1436,96,2011-05-22 12:49:00,2011-09-11 10:58:00,412.375,111
14840,62.85,1,31,4,2011-03-17 12:00:00,2011-03-17 12:00:00,62.85,0
14841,3295.76,6,1778,103,2010-12-16 10:28:00,2011-10-17 15:03:00,549.2933333333334,305
14842,2824.69,4,1166,128,2011-02-04 15:32:00,2011-10-27 12:37:00,706.1725,264
14844,3189.81,4,1833,87,2011-04-12 13:10:00,2011-10-07 10:41:00,797.4525,177
14847,309.4,1,120,13,2011-07-14 10:52:00,2011-07-14 10:52:00,309.4,0
14849,7930.54,25,5694,159,2010-12-01 12:22:00,2011-11-18 10:58:00,317.2216,351
14850,325.75,1,293,21,2011-02-01 11:21:00,2011-02-01 11:21:00,325.75,0
14851,511.35,2,325,28,2011-03-28 14:59:00,2011-11-16 14:20:00,255.675,232
14852,2836.69,6,1747,96,2011-04-01 13:22:00,2011-10-12 13:20:00,472.7816666666667,193
14853,475.8,2,82,8,2011-05-12 15:17:00,2011-11-15 16:56:00,237.9,187
14854,2740.03,7,1820,110,2011-03-10 12:22:00,2011-09-22 17:00:00,391.4328571428572,196
14855,645.65,2,267,13,2011-07-28 12:06:00,2011-08-12 14:02:00,322.825,15
14856,1290.53,3,711,65,2011-10-14 09:35:00,2011-11-03 14:53:00,430.1766666666667,20
14857,1173.12,2,464,58,2011-07-14 15:03:00,2011-10-11 09:23:00,586.56,88
14859,1353.74,4,671,47,2011-05-19 14:42:00,2011-11-27 11:18:00,338.435,191
14860,170.32,1,232,11,2011-11-20 14:17:00,2011-11-20 14:17:00,170.32,0
14861,125.79,1,117,6,2011-10-18 12:54:00,2011-10-18 12:54:00,125.79,0
14862,841.1999999999999,2,772,47,2011-07-14 11:20:00,2011-11-14 10:01:00,420.59999999999997,122
14863,266.76,1,132,11,2011-11-10 15:04:00,2011-11-10 15:04:00,266.76,0
14865,52.2,2,108,4,2010-12-02 18:23:00,2011-12-02 16:25:00,26.1,364
14866,14389.9,12,6752,30,2010-12-08 14:58:00,2011-11-29 11:45:00,1199.1583333333333,355
14867,710.28,3,328,31,2011-01-07 16:34:00,2011-06-07 11:39:00,236.76,150
14868,2953.59,8,1405,96,2011-04-20 13:36:00,2011-12-06 14:49:00,369.19875,230
14869,721.45,2,549,66,2011-08-28 16:09:00,2011-12-01 12:36:00,360.725,94
14870,327.25,1,119,13,2011-03-23 10:51:00,2011-03-23 10:51:00,327.25,0
14871,501.28000000000003,4,179,68,2010-12-14 12:18:00,2011-12-06 13:42:00,125.32000000000001,357
14873,519.68,1,168,28,2011-05-13 13:52:00,2011-05-13 13:52:00,519.68,0
14875,1465.3200000000002,2,558,46,2011-03-22 11:53:00,2011-08-24 12:20:00,732.6600000000001,155
14878,1476.09,9,799,62,2010-12-16 12:11:00,2011-11-27 11:15:00,164.01,345
14880,690.59,3,365,45,2011-02-24 12:27:00,2011-09-23 13:42:00,230.1966666666667,211
14881,255.4,1,316,17,2011-11-20 11:06:00,2011-11-20 11:06:00,255.4,0
14882,589.7,2,158,6,2011-11-06 10:15:00,2011-11-13 12:47:00,294.85,7
14883,761.59,6,790,39,2011-05-12 09:49:00,2011-11-21 10:23:00,126.93166666666667,193
14885,765.3199999999999,1,724,15,2011-07-31 12:05:00,2011-07-31 12:05:00,765.3199999999999,0
14886,364.8,1,160,18,2011-04-01 08:56:00,2011-04-01 08:56:00,364.8,0
14887,1862.0,1,1100,6,2011-09-21 15:32:00,2011-09-21 15:32:00,1862.0,0
14888,369.2,1,184,20,2011-05-16 14:58:00,2011-05-16 14:58:00,369.2,0
14889,135.9,1,90,10,2011-01-07 15:19:00,2011-01-07 15:19:00,135.9,0
14890,125.65,1,51,7,2011-03-31 11:57:00,2011-03-31 11:57:00,125.65,0
14891,554.38,2,505,30,2011-06-05 10:58:00,2011-07-14 18:08:00,277.19,39
14893,1237.8500000000001,2,799,72,2011-11-28 10:49:00,2011-11-30 12:31:00,618.9250000000001,2
14894,655.75,1,265,23,2011-09-15 13:51:00,2011-09-15 13:51:00,655.75,0
14895,11138.710000000001,20,4851,273,2011-02-22 13:08:00,2011-12-02 09:23:00,556.9355,282
14896,468.77000000000004,2,279,43,2010-12-09 12:24:00,2011-05-19 10:20:00,234.38500000000002,160
14897,1366.38,4,468,43,2011-02-16 08:37:00,2011-12-02 10:32:00,341.595,289
14898,1269.31,6,1001,86,2010-12-03 15:25:00,2011-11-16 14:54:00,211.55166666666665,347
14901,1421.29,9,661,73,2010-12-02 11:20:00,2011-11-28 17:09:00,157.92111111111112,361
14902,332.66,1,218,20,2011-11-14 10:34:00,2011-11-14 10:34:00,332.66,0
14903,2795.33,5,1531,227,2011-03-06 11:50:00,2011-11-18 16:07:00,559.066,257
14904,1025.44,2,1985,66,2011-11-14 09:13:00,2011-12-07 12:55:00,512.72,23
14905,616.15,2,287,14,2011-04-20 10:48:00,2011-07-05 12:41:00,308.075,76
14907,3501.1,7,1691,125,2010-12-07 10:14:00,2011-12-06 14:14:00,500.15714285714284,364
14908,277.8,1,132,9,2011-09-26 12:56:00,2011-09-26 12:56:00,277.8,0
14910,434.35,4,238,25,2011-10-16 11:06:00,2011-12-07 10:06:00,108.5875,51
14911,143711.17,201,80240,1787,2010-12-01 14:05:00,2011-12-08 15:54:00,714.980945273632,372
14912,867.85,2,971,21,2011-04-07 11:06:00,2011-11-23 09:20:00,433.925,229
14913,1227.43,4,1743,76,2010-12-15 14:35:00,2011-11-04 08:29:00,306.8575,323
14915,307.48,2,112,12,2011-03-07 09:39:00,2011-09-09 13:34:00,153.74,186
14916,1268.98,4,1136,72,2011-01-19 15:30:00,2011-09-30 09:20:00,317.245,253
14918,1610.15,2,675,39,2011-07-08 12:50:00,2011-08-16 11:50:00,805.075,38
14920,977.77,2,509,57,2011-05-11 10:31:00,2011-05-11 10:32:00,488.885,0
14921,1316.07,2,953,78,2011-05-22 12:51:00,2011-11-09 13:17:00,658.035,171
14923,749.1,1,418,44,2011-10-20 11:51:00,2011-10-20 11:51:00,749.1,0
14924,310.05,1,64,10,2011-04-08 09:25:00,2011-04-08 09:25:00,310.05,0
14929,223.88,1,136,11,2011-11-07 17:21:00,2011-11-07 17:21:00,223.88,0
14930,2362.96,3,1160,116,2011-03-10 14:42:00,2011-08-23 10:31:00,787.6533333333333,165
14931,1257.68,5,417,30,2011-04-13 09:32:00,2011-12-05 10:19:00,251.536,236
14932,363.53,1,80,17,2010-12-09 11:48:00,2010-12-09 11:48:00,363.53,0
14934,1890.94,2,1042,68,2011-03-02 11:48:00,2011-09-19 10:10:00,945.47,200
14935,1784.71,1,935,10,2011-02-15 14:44:00,2011-02-15 14:44:00,1784.71,0
14936,8137.02,8,4085,210,2011-03-09 11:53:00,2011-11-06 10:30:00,1017.1275,241
14937,1621.88,3,484,33,2011-08-01 14:16:00,2011-10-14 12:29:00,540.6266666666667,73
14944,5900.25,12,2815,101,2011-02-16 12:47:00,2011-11-10 09:10:00,491.6875,266
14946,100.9,1,22,3,2011-11-25 13:33:00,2011-11-25 13:33:00,100.9,0
14947,290.82,2,179,14,2011-08-01 09:31:00,2011-09-28 15:48:00,145.41,58
14948,1101.97,6,673,56,2011-05-04 14:52:00,2011-11-16 17:16:00,183.66166666666666,196
14950,371.2,1,136,19,2011-11-20 13:48:00,2011-11-20 13:48:00,371.2,0
14951,311.69,1,311,20,2011-09-21 15:15:00,2011-09-21 15:15:00,311.69,0
14952,8099.49,11,3355,117,2010-12-10 12:48:00,2011-10-11 10:33:00,736.3172727272727,304
14953,285.67,1,224,54,2011-11-14 14:59:00,2011-11-14 14:59:00,285.67,0
14954,294.85,1,117,75,2011-11-27 14:30:00,2011-11-27 14:30:00,294.85,0
14957,58.49,1,34,12,2011-03-31 17:59:00,2011-03-31 17:59:00,58.49,0
14958,483.72999999999996,3,128,33,2011-04-08 11:28:00,2011-07-15 14:20:00,161.2433333333333,98
14959,695.42,4,494,37,2011-02-16 13:00:00,2011-10-06 18:23:00,173.855,232
14960,221.27,2,221,23,2011-06-21 13:38:00,2011-12-01 12:54:00,110.635,162
14961,7044.68,9,3708,193,2010-12-14 11:38:00,2011-11-29 09:42:00,782.7422222222223,349
14962,126.7,1,44,5,2011-03-14 09:42:00,2011-03-14 09:42:00,126.7,0
14963,1472.34,5,1159,149,2011-06-09 12:30:00,2011-11-30 12:16:00,294.46799999999996,173
14964,206.21,1,143,13,2011-04-06 14:13:00,2011-04-06 14:13:00,206.21,0
14965,596.09,2,363,80,2011-09-04 13:15:00,2011-09-04 13:20:00,298.045,0
14966,183.02,1,179,35,2011-11-25 12:20:00,2011-11-25 12:20:00,183.02,0
14967,463.8,1,140,6,2011-10-21 11:06:00,2011-10-21 11:06:00,463.8,0
14968,147.59,1,127,37,2011-11-09 13:58:00,2011-11-09 13:58:00,147.59,0
14970,1592.06,4,250,24,2011-01-27 12:23:00,2011-10-02 13:44:00,398.015,248
14971,1097.98,3,639,144,2011-10-27 13:33:00,2011-11-04 17:07:00,365.99333333333334,8
14972,114.77,1,28,18,2011-08-03 14:54:00,2011-08-03 14:54:00,114.77,0
14973,1314.45,3,369,29,2011-04-28 12:22:00,2011-08-24 15:51:00,438.15000000000003,118
14974,89.94,1,37,17,2011-11-02 13:01:00,2011-11-02 13:01:00,89.94,0
14975,279.94,1,380,11,2011-10-13 14:08:00,2011-10-13 14:08:00,279.94,0
14976,790.86,7,234,47,2011-01-17 11:09:00,2011-10-13 16:37:00,112.98,269
14978,1921.3700000000001,5,523,136,2011-01-13 12:03:00,2011-09-28 13:07:00,384.274,258
14981,102.12,1,97,8,2011-04-07 13:45:00,2011-04-07 13:45:00,102.12,0
14984,202.37,2,58,37,2011-06-12 11:04:00,2011-11-20 14:28:00,101.185,161
14985,292.01,2,256,78,2010-12-16 19:51:00,2011-05-25 14:29:00,146.005,159
14987,326.4,2,128,2,2010-12-09 12:13:00,2011-11-24 09:59:00,163.2,349
14988,334.54,1,141,40,2011-05-12 12:05:00,2011-05-12 12:05:00,334.54,0
14995,231.98000000000002,2,102,53,2011-03-04 13:14:00,2011-11-01 11:39:00,115.99000000000001,241
14997,546.1999999999999,3,1120,25,2011-06-14 16:52:00,2011-10-24 13:28:00,182.06666666666663,131
14998,414.87,2,258,70,2011-04-12 16:28:00,2011-06-22 17:30:00,207.435,71
15000,490.52,1,218,76,2011-10-23 11:42:00,2011-10-23 11:42:00,490.52,0
15002,1641.76,4,862,93,2010-12-07 13:16:00,2011-08-16 10:44:00,410.44,251
15004,1220.77,1,623,154,2011-07-15 14:05:00,2011-07-15 14:05:00,1220.77,0
15005,6295.37,28,4230,360,2010-12-08 14:36:00,2011-11-24 12:25:00,224.83464285714285,350
15006,480.38,1,286,121,2011-10-19 15:08:00,2011-10-19 15:08:00,480.38,0
15007,156.91,1,69,12,2011-07-03 16:00:00,2011-07-03 16:00:00,156.91,0
15009,1259.43,3,639,148,2011-11-14 17:40:00,2011-11-27 13:35:00,419.81,12
15010,308.94,1,184,20,2011-11-04 12:42:00,2011-11-04 12:42:00,308.94,0
15012,405.04,2,225,110,2010-12-01 12:49:00,2011-10-17 12:22:00,202.52,319
15014,257.67,2,149,29,2011-06-16 19:40:00,2011-10-27 20:07:00,128.835,133
15016,170.04,1,76,20,2011-06-20 12:06:00,2011-06-20 12:06:00,170.04,0
15017,125.58,1,63,20,2011-11-06 10:33:00,2011-11-06 10:33:00,125.58,0
15018,496.21000000000004,3,189,30,2010-12-07 10:47:00,2011-11-01 12:47:00,165.40333333333334,329
15019,252.81,1,150,64,2011-03-18 12:35:00,2011-03-18 12:35:00,252.81,0
15021,1871.77,9,819,287,2010-12-08 12:17:00,2011-12-01 11:53:00,207.97444444444443,357
15022,852.39,4,527,96,2011-10-23 15:47:00,2011-11-28 12:35:00,213.0975,35
15023,6720.41,11,2827,347,2010-12-05 13:49:00,2011-12-06 17:23:00,610.9463636363636,366
15024,1636.43,10,902,105,2010-12-07 13:20:00,2011-11-30 12:06:00,163.643,357
15025,361.96,1,184,66,2011-11-06 15:20:00,2011-11-06 15:20:00,361.96,0
15026,469.0,3,285,57,2011-03-07 13:45:00,2011-09-20 13:52:00,156.33333333333334,197
15027,1066.1499999999999,4,565,30,2011-04-15 14:14:00,2011-11-09 10:16:00,266.53749999999997,207
15028,627.13,4,459,35,2010-12-06 12:47:00,2011-12-01 14:06:00,156.7825,360
15030,518.28,2,372,7,2011-03-16 15:34:00,2011-09-29 10:50:00,259.14,196
15031,653.19,4,400,74,2011-03-02 14:46:00,2011-12-05 14:19:00,163.2975,277
15032,4959.1,3,2968,29,2010-12-08 12:57:00,2011-03-28 15:03:00,1653.0333333333335,110
15033,2557.18,10,1672,315,2011-01-14 13:28:00,2011-12-05 12:40:00,255.718,324
15034,4274.16,8,2413,299,2010-12-21 09:47:00,2011-11-24 12:11:00,534.27,338
15035,252.73000000000002,1,245,26,2011-09-11 11:08:00,2011-09-11 11:08:00,252.73000000000002,0
15036,429.56,3,316,107,2011-06-13 12:19:00,2011-09-28 15:42:00,143.18666666666667,107
15038,685.74,6,212,105,2010-12-05 10:54:00,2011-10-12 11:33:00,114.29,311
15039,19766.59,47,9131,408,2010-12-06 11:26:00,2011-11-30 11:31:00,420.5657446808511,359
15041,179.93,1,103,66,2011-06-22 16:16:00,2011-06-22 16:16:00,179.93,0
15042,135.93,1,30,5,2011-05-24 16:25:00,2011-05-24 16:25:00,135.93,0
15043,537.0,1,300,3,2011-11-08 14:26:00,2011-11-08 14:26:00,537.0,0
15044,7634.7300000000005,17,2785,233,2010-12-12 14:27:00,2011-11-20 13:20:00,449.1017647058824,342
15045,735.66,2,114,11,2011-03-27 11:44:00,2011-07-11 11:33:00,367.83,105
15046,5090.42,15,3372,147,2011-01-05 15:30:00,2011-11-30 15:50:00,339.36133333333333,329
15047,343.62,1,222,22,2011-03-15 10:49:00,2011-03-15 10:49:00,343.62,0
15048,381.0,4,192,86,2010-12-06 12:15:00,2011-10-05 14:55:00,95.25,303
15049,121.17000000000002,1,63,3,2011-03-11 12:13:00,2011-03-11 12:13:00,121.17000000000002,0
15050,1737.69,3,1216,68,2011-09-29 13:22:00,2011-11-14 16:17:00,579.23,46
15051,1383.3600000000001,3,1010,130,2011-07-12 15:29:00,2011-11-16 15:38:00,461.12000000000006,127
15052,207.73000000000002,1,79,27,2011-01-24 15:52:00,2011-01-24 15:52:00,207.73000000000002,0
15053,693.95,3,984,49,2011-03-03 12:06:00,2011-12-05 12:08:00,231.3166666666667,277
15054,302.1,2,198,105,2011-10-30 14:33:00,2011-11-27 15:02:00,151.05,28
15057,1489.5,2,668,25,2011-01-28 09:09:00,2011-03-09 15:17:00,744.75,40
15058,2102.54,11,1054,199,2011-01-31 15:35:00,2011-11-14 14:57:00,191.14,286
15059,1337.72,9,604,161,2011-01-09 11:54:00,2011-10-30 11:35:00,148.63555555555556,293
15060,294.25,4,257,81,2011-11-30 14:03:00,2011-12-01 13:47:00,73.5625,0
15061,54534.14,48,28920,70,2010-12-02 15:19:00,2011-12-06 12:06:00,1136.1279166666666,368
15062,987.86,4,763,47,2010-12-15 15:37:00,2011-09-29 16:51:00,246.965,288
15063,370.79999999999995,1,56,5,2011-05-10 13:25:00,2011-05-10 13:25:00,370.79999999999995,0
15065,3158.13,4,1383,148,2011-02-21 12:54:00,2011-11-02 09:45:00,789.5325,253
15066,893.59,1,317,42,2011-10-17 13:25:00,2011-10-17 13:25:00,893.59,0
15067,1744.76,3,954,82,2011-03-02 12:10:00,2011-09-22 13:20:00,581.5866666666667,204
15068,553.36,2,364,96,2011-03-28 14:27:00,2011-10-24 14:47:00,276.68,210
15069,1109.53,1,520,70,2011-06-13 14:16:00,2011-06-13 14:16:00,1109.53,0
15070,106.2,1,36,1,2010-12-02 11:23:00,2010-12-02 11:23:00,106.2,0
15071,982.07,2,269,25,2011-03-09 10:19:00,2011-09-07 11:43:00,491.035,182
15073,1043.41,3,491,31,2011-06-06 09:59:00,2011-11-30 10:44:00,347.80333333333334,177
15074,735.67,1,431,41,2011-08-26 14:45:00,2011-08-26 14:45:00,735.67,0
15075,773.03,1,447,27,2011-09-23 12:27:00,2011-09-23 12:27:00,773.03,0
15076,880.85,1,571,49,2011-06-20 08:23:00,2011-06-20 08:23:00,880.85,0
15078,9743.11,32,5105,97,2010-12-06 12:38:00,2011-12-02 15:41:00,304.4721875,361
15079,895.61,4,389,46,2010-12-09 09:25:00,2011-05-11 12:45:00,223.9025,153
15081,504.8,5,190,26,2010-12-07 16:20:00,2011-11-17 17:08:00,100.96000000000001,345
15083,88.2,1,38,5,2011-03-28 12:18:00,2011-03-28 12:18:00,88.2,0
15087,306.94,1,470,15,2011-03-03 10:34:00,2011-03-03 10:34:00,306.94,0
15088,1160.07,2,460,53,2011-10-03 14:05:00,2011-11-18 13:14:00,580.035,45
15089,2420.84,6,1359,139,2011-08-03 14:14:00,2011-11-29 16:31:00,403.47333333333336,118
15090,381.32,1,208,23,2011-02-04 14:03:00,2011-02-04 14:03:00,381.32,0
15091,480.71,1,346,30,2011-10-03 12:47:00,2011-10-03 12:47:00,480.71,0
15092,457.81,2,135,23,2011-03-01 12:24:00,2011-05-08 14:10:00,228.905,68
15093,4597.02,6,3760,52,2010-12-02 18:25:00,2011-11-21 13:09:00,766.1700000000001,353
15095,1370.6,4,1079,30,2011-05-20 14:27:00,2011-08-28 12:01:00,342.65,99
15096,219.39000000000001,1,120,11,2011-10-28 10:27:00,2011-10-28 10:27:00,219.39000000000001,0
15097,248.08,1,170,25,2011-12-05 14:03:00,2011-12-05 14:03:00,248.08,0
15098,39916.5,3,121,1,2011-06-10 15:22:00,2011-06-10 15:33:00,13305.5,0
15099,410.48,1,343,23,2011-09-16 13:13:00,2011-09-16 13:13:00,410.48,0
15100,876.0,3,80,1,2010-12-01 09:09:00,2011-01-10 10:35:00,292.0,40
15101,317.53,2,241,8,2010-12-15 12:54:00,2011-12-01 10:18:00,158.765,350
15103,703.36,2,329,35,2011-09-14 13:54:00,2011-11-08 14:53:00,351.68,55
15104,993.54,2,635,66,2011-03-02 14:16:00,2011-05-27 12:29:00,496.77,85
15105,2298.93,7,1211,90,2011-07-28 10:09:00,2011-11-21 16:54:00,328.4185714285714,116
15106,1422.52,5,1181,90,2011-03-15 12:52:00,2011-11-22 09:16:00,284.504,251
15107,319.5,6,169,12,2010-12-02 13:45:00,2011-02-01 14:46:00,53.25,61
15108,1300.25,4,499,50,2011-04-26 10:54:00,2011-07-21 10:24:00,325.0625,85
15109,484.95,1,131,28,2011-04-08 09:58:00,2011-04-08 09:58:00,484.95,0
15110,996.1,4,246,17,2011-01-25 11:41:00,2011-11-16 11:16:00,249.025,294
15111,1567.48,3,710,70,2010-12-02 11:45:00,2011-11-10 16:58:00,522.4933333333333,343
15113,3509.43,3,2344,77,2011-10-16 15:27:00,2011-11-30 08:23:00,1169.81,44
15114,2760.56,10,3096,136,2011-02-11 08:45:00,2011-11-09 15:05:00,276.056,271
15115,340.11,1,157,21,2011-11-21 14:59:00,2011-11-21 14:59:00,340.11,0
15116,1352.75,4,648,37,2011-05-19 08:50:00,2011-11-22 12:25:00,338.1875,187
15117,1551.78,5,1948,63,2011-05-08 12:38:00,2011-11-25 08:12:00,310.356,200
15118,244.8,1,1440,1,2011-07-28 14:54:00,2011-07-28 14:54:00,244.8,0
15119,266.4,1,88,14,2011-04-08 09:08:00,2011-04-08 09:08:00,266.4,0
15120,358.82,1,296,21,2011-07-29 09:48:00,2011-07-29 09:48:00,358.82,0
15121,457.72,2,199,28,2011-02-24 12:41:00,2011-10-20 14:51:00,228.86,238
15122,1633.78,3,800,65,2011-02-15 09:59:00,2011-08-17 16:48:00,544.5933333333334,183
15123,2199.31,2,1195,93,2011-05-17 14:57:00,2011-12-02 13:12:00,1099.655,198
15124,184.19,2,233,14,2011-06-01 09:06:00,2011-11-17 10:09:00,92.095,169
15125,11528.48,15,6193,102,2011-03-14 09:59:00,2011-11-14 13:57:00,768.5653333333333,245
15127,406.53,1,251,16,2011-10-05 10:30:00,2011-10-05 10:30:00,406.53,0
15128,1471.0,4,1343,74,2011-05-04 12:32:00,2011-10-10 13:54:00,367.75,159
15129,3447.4,11,1794,54,2011-02-21 09:09:00,2011-10-20 14:40:00,313.40000000000003,241
15130,330.11,1,197,22,2011-06-23 10:15:00,2011-06-23 10:15:00,330.11,0
15132,977.9300000000001,5,679,49,2011-03-22 12:02:00,2011-11-21 17:10:00,195.586,244
15133,982.42,3,680,27,2011-02-11 10:38:00,2011-08-04 10:44:00,327.4733333333333,174
15134,1387.99,8,887,44,2011-04-13 11:05:00,2011-11-25 08:55:00,173.49875,225
15135,139.05,1,43,9,2011-04-14 19:16:00,2011-04-14 19:16:00,139.05,0
15136,1286.7,4,776,61,2011-09-04 16:05:00,2011-12-07 12:26:00,321.675,93
15139,178.96,2,208,13,2011-01-07 12:44:00,2011-04-14 11:39:00,89.48,96
15140,2354.25,7,1572,74,2011-03-20 14:37:00,2011-10-18 14:07:00,336.32142857142856,211
15142,498.74,1,365,26,2011-10-24 12:51:00,2011-10-24 12:51:00,498.74,0
15143,259.45,1,150,14,2011-04-28 12:03:00,2011-04-28 12:03:00,259.45,0
15144,6580.44,17,3050,132,2011-01-31 13:17:00,2011-12-01 15:12:00,387.0847058823529,304
15145,1194.73,4,756,54,2011-04-05 15:20:00,2011-12-05 17:21:00,298.6825,244
15146,1327.16,2,1473,90,2011-02-21 13:07:00,2011-06-28 12:09:00,663.58,126
15147,623.5,1,366,28,2011-04-13 15:57:00,2011-04-13 15:57:00,623.5,0
15148,301.29,1,187,20,2011-11-29 08:21:00,2011-11-29 08:21:00,301.29,0
15149,520.8000000000001,1,128,23,2011-07-29 10:58:00,2011-07-29 10:58:00,520.8000000000001,0
15150,5291.33,10,3642,282,2011-03-15 14:21:00,2011-11-22 12:52:00,529.133,251
15152,4745.69,13,2704,196,2011-06-05 15:36:00,2011-11-30 12:32:00,365.0530769230769,177
15153,329.25,1,198,22,2011-11-08 17:09:00,2011-11-08 17:09:00,329.25,0
15154,254.28,1,89,66,2011-09-25 16:05:00,2011-09-25 16:05:00,254.28,0
15156,961.49,3,597,51,2011-11-06 12:41:00,2011-12-08 18:22:00,320.49666666666667,32
15157,1936.07,3,2392,125,2010-12-16 13:44:00,2011-12-06 11:28:00,645.3566666666667,354
15158,401.40000000000003,1,198,7,2011-10-25 13:53:00,2011-10-25 13:53:00,401.40000000000003,0
15159,18641.010000000002,30,11441,363,2010-12-13 15:44:00,2011-12-08 12:05:00,621.3670000000001,359
15160,158.16,1,84,4,2010-12-17 14:15:00,2010-12-17 14:15:00,158.16,0
15163,304.47,2,186,29,2011-05-31 15:22:00,2011-11-21 13:10:00,152.235,173
15164,824.58,3,351,79,2011-01-04 14:21:00,2011-10-02 12:05:00,274.86,270
15165,487.75,1,160,27,2010-12-01 14:03:00,2010-12-01 14:03:00,487.75,0
15167,158.8,1,65,39,2011-01-23 12:41:00,2011-01-23 12:41:00,158.8,0
15168,106.56,1,52,5,2011-11-14 11:26:00,2011-11-14 11:26:00,106.56,0
15171,1289.5,1,290,5,2011-01-12 15:36:00,2011-01-12 15:36:00,1289.5,0
15172,1624.05,5,1611,106,2011-04-17 11:56:00,2011-12-01 11:51:00,324.81,227
15174,135.75,1,145,11,2011-01-21 09:06:00,2011-01-21 09:06:00,135.75,0
15175,224.14,1,454,23,2011-09-29 11:31:00,2011-09-29 11:31:00,224.14,0
15178,40.5,1,30,3,2011-03-24 15:12:00,2011-03-24 15:12:00,40.5,0
15179,2206.95,5,1938,91,2011-01-24 13:48:00,2011-11-21 12:53:00,441.39,300
15180,87.5,1,36,6,2010-12-07 14:57:00,2010-12-07 14:57:00,87.5,0
15181,689.4799999999999,3,544,11,2011-03-15 12:03:00,2011-10-04 13:58:00,229.82666666666663,203
15182,622.85,2,253,24,2011-03-16 12:42:00,2011-07-08 13:37:00,311.425,114
15184,402.2,2,199,59,2011-06-02 12:06:00,2011-11-10 13:41:00,201.1,161
15185,310.62,1,666,21,2011-09-30 14:06:00,2011-09-30 14:06:00,310.62,0
15186,411.41,2,215,17,2011-06-24 14:54:00,2011-11-25 14:58:00,205.705,154
15187,4777.18,16,1887,61,2011-05-11 13:49:00,2011-12-08 11:56:00,298.57375,210
15189,16225.39,41,6149,80,2011-01-11 12:29:00,2011-12-08 13:22:00,395.74121951219513,331
15192,1044.32,3,918,36,2010-12-09 14:56:00,2011-08-12 11:41:00,348.1066666666666,245
15193,499.32,1,144,19,2011-10-10 08:23:00,2011-10-10 08:23:00,499.32,0
15194,7616.53,15,5703,209,2010-12-06 15:00:00,2011-12-06 15:10:00,507.76866666666666,365
15195,3861.0,1,1404,1,2011-12-07 12:20:00,2011-12-07 12:20:00,3861.0,0
15197,1079.6100000000001,3,469,30,2010-12-16 18:01:00,2011-11-29 10:00:00,359.87000000000006,347
15198,193.64,2,120,10,2011-08-07 15:16:00,2011-09-08 14:42:00,96.82,31
15199,1268.7,4,396,5,2011-02-04 14:04:00,2011-10-11 15:12:00,317.175,249
15201,1236.54,5,1210,35,2011-04-06 14:02:00,2011-09-13 14:53:00,247.308,160
15203,1827.8,6,1753,82,2011-02-01 12:29:00,2011-11-14 08:16:00,304.6333333333333,285
15204,316.58,1,258,9,2010-12-17 13:49:00,2010-12-17 13:49:00,316.58,0
15205,653.24,2,378,37,2011-08-04 16:07:00,2011-09-15 19:36:00,326.62,42
15206,420.29999999999995,4,162,3,2011-03-09 08:59:00,2011-11-29 13:41:00,105.07499999999999,265
15208,870.12,5,316,25,2010-12-21 13:03:00,2011-12-08 17:24:00,174.024,352
15210,331.18,1,228,20,2011-04-28 16:11:00,2011-04-28 16:11:00,331.18,0
15211,894.4100000000001,2,240,52,2010-12-09 16:08:00,2011-10-10 13:31:00,447.20500000000004,304
15212,101.8,1,36,5,2011-04-12 13:45:00,2011-04-12 13:45:00,101.8,0
15213,328.35,2,272,22,2011-01-14 11:05:00,2011-01-25 12:21:00,164.175,11
15214,1661.44,8,1254,109,2011-04-11 09:46:00,2011-12-08 12:07:00,207.68,241
15215,734.94,3,225,33,2011-09-04 12:24:00,2011-10-24 11:41:00,244.98000000000002,49
15216,96.6,1,28,2,2011-09-13 11:41:00,2011-09-13 11:41:00,96.6,0
15218,5756.89,11,3329,77,2011-01-25 11:20:00,2011-11-29 11:48:00,523.3536363636364,308
15219,305.75,1,45,9,2011-06-16 16:57:00,2011-06-16 16:57:00,305.75,0
15220,1778.96,6,1393,110,2011-03-04 10:24:00,2011-10-19 12:39:00,296.49333333333334,229
15221,403.25,1,43,5,2010-12-08 13:08:00,2010-12-08 13:08:00,403.25,0
15222,585.0,1,440,5,2011-01-25 08:03:00,2011-01-25 08:03:00,585.0,0
15223,755.75,2,213,14,2011-04-04 12:17:00,2011-04-28 11:31:00,377.875,23
15224,322.08,2,152,13,2010-12-12 12:34:00,2010-12-16 15:02:00,161.04,4
15225,409.40000000000003,1,226,23,2011-04-19 14:51:00,2011-04-19 14:51:00,409.40000000000003,0
15226,154.41,1,71,8,2011-02-02 11:41:00,2011-02-02 11:41:00,154.41,0
15227,1219.4,5,750,43,2011-01-26 15:31:00,2011-11-03 11:59:00,243.88000000000002,280
15228,3386.71,4,2255,110,2011-02-18 09:04:00,2011-10-04 13:56:00,846.6775,228
15230,429.6,2,351,23,2011-04-13 11:04:00,2011-04-14 14:39:00,214.8,1
15232,612.06,2,686,26,2011-07-22 12:21:00,2011-08-18 16:27:00,306.03,27
15234,197.0,1,196,14,2011-03-08 08:53:00,2011-03-08 08:53:00,197.0,0
15235,2247.51,12,1324,132,2010-12-01 17:22:00,2011-05-06 09:44:00,187.29250000000002,155
15236,321.05,1,269,15,2011-02-14 10:52:00,2011-02-14 10:52:00,321.05,0
15237,1412.32,4,1071,94,2011-04-26 15:04:00,2011-12-08 09:46:00,353.08,225
15238,1071.99,3,692,49,2011-06-08 16:00:00,2011-11-10 14:28:00,357.33,154
15239,780.59,2,594,48,2011-09-22 09:53:00,2011-11-29 14:14:00,390.295,68
15240,1706.57,5,1369,58,2011-02-01 08:23:00,2011-10-26 09:50:00,341.31399999999996,267
15241,1756.44,8,1818,82,2011-03-01 11:02:00,2011-10-04 09:05:00,219.555,216
15243,316.68,1,185,22,2011-09-26 14:12:00,2011-09-26 14:12:00,316.68,0
15244,631.57,2,405,31,2011-04-05 15:12:00,2011-10-05 13:19:00,315.785,182
15245,2515.84,3,1784,55,2011-03-23 13:42:00,2011-07-28 18:56:00,838.6133333333333,127
15246,514.15,2,247,32,2010-12-16 09:46:00,2011-04-15 14:45:00,257.075,120
15247,356.0,1,160,6,2011-08-09 12:52:00,2011-08-09 12:52:00,356.0,0
15249,6688.46,13,3577,211,2011-03-28 12:49:00,2011-11-08 11:45:00,514.496923076923,224
15251,10484.99,11,6171,97,2011-04-12 10:38:00,2011-11-30 15:02:00,953.180909090909,232
15252,740.78,2,522,44,2011-06-09 14:15:00,2011-11-03 13:30:00,370.39,146
15253,918.1999999999999,5,866,52,2011-06-23 12:19:00,2011-11-23 16:22:00,183.64,153
15254,300.36,1,275,18,2011-08-04 15:04:00,2011-08-04 15:04:00,300.36,0
15255,890.85,1,489,47,2011-10-04 12:43:00,2011-10-04 12:43:00,890.85,0
15256,98.45,1,55,6,2011-07-14 11:47:00,2011-07-14 11:47:00,98.45,0
15257,317.15,1,46,7,2011-03-01 12:58:00,2011-03-01 12:58:00,317.15,0
15258,623.16,2,142,32,2011-05-06 14:16:00,2011-06-24 12:30:00,311.58,48
15260,1810.77,7,885,62,2010-12-02 12:09:00,2011-08-31 13:55:00,258.68142857142857,272
15261,254.82,1,270,19,2011-07-27 15:20:00,2011-07-27 15:20:00,254.82,0
15262,178.95000000000002,1,73,10,2011-01-20 12:16:00,2011-01-20 12:16:00,178.95000000000002,0
15263,156.51,1,89,12,2011-08-25 10:26:00,2011-08-25 10:26:00,156.51,0
15264,393.74,1,265,23,2011-10-06 13:49:00,2011-10-06 13:49:00,393.74,0
15265,1506.1200000000001,2,612,76,2011-04-18 12:16:00,2011-07-11 14:46:00,753.0600000000001,84
15266,119.3,1,18,6,2011-01-05 13:40:00,2011-01-05 13:40:00,119.3,0
15267,1717.36,5,944,8,2011-06-10 10:24:00,2011-11-17 15:59:00,343.472,160
15269,408.8,1,26,2,2011-11-16 09:32:00,2011-11-16 09:32:00,408.8,0
15270,2379.49,7,1521,22,2011-02-02 13:25:00,2011-11-24 09:24:00,339.9271428571428,294
15271,2493.34,15,1251,184,2010-12-09 13:47:00,2011-12-02 14:11:00,166.22266666666667,358
15272,721.94,2,310,63,2011-09-14 16:36:00,2011-10-13 12:59:00,360.97,28
15274,716.57,2,619,44,2011-11-21 14:17:00,2011-12-05 16:57:00,358.285,14
15275,615.14,1,498,41,2011-11-02 11:20:00,2011-11-02 11:20:00,615.14,0
15276,128.63,1,61,49,2011-10-04 16:39:00,2011-10-04 16:39:00,128.63,0
15277,255.89999999999998,1,205,12,2011-10-24 10:08:00,2011-10-24 10:08:00,255.89999999999998,0
15279,290.51,1,189,19,2010-12-20 10:48:00,2010-12-20 10:48:00,290.51,0
15280,113.12,1,154,16,2011-06-20 17:14:00,2011-06-20 17:14:00,113.12,0
15281,2332.15,9,1211,121,2011-01-10 15:51:00,2011-10-12 09:10:00,259.1277777777778,274
15286,240.55,1,55,3,2011-10-21 11:08:00,2011-10-21 11:08:00,240.55,0
15287,486.69,2,433,17,2011-09-30 12:30:00,2011-11-17 15:34:00,243.345,48
15288,2306.52,5,775,80,2010-12-09 13:59:00,2011-10-27 16:58:00,461.304,322
15289,939.78,3,1008,43,2011-04-04 12:44:00,2011-11-10 13:49:00,313.26,220
15290,7943.22,18,4501,93,2010-12-15 16:03:00,2011-12-05 11:39:00,441.29,354
15291,4668.3,15,2103,62,2010-12-01 09:32:00,2011-11-14 11:02:00,311.22,348
15292,178.39,1,55,24,2011-05-22 15:00:00,2011-05-22 15:00:00,178.39,0
15296,3672.86,6,1766,137,2011-01-17 11:57:00,2011-10-20 11:47:00,612.1433333333333,275
15297,641.94,3,292,30,2011-10-07 09:42:00,2011-11-29 16:32:00,213.98000000000002,53
15298,4799.9,12,3116,115,2010-12-08 13:55:00,2011-12-07 17:17:00,399.9916666666666,364
15299,4507.01,7,2948,7,2010-12-02 16:48:00,2011-10-03 14:19:00,643.8585714285715,304
15300,496.44,1,292,28,2011-10-06 17:08:00,2011-10-06 17:08:00,496.44,0
15301,5049.95,12,2751,167,2010-12-06 12:21:00,2011-10-20 09:57:00,420.82916666666665,317
15303,574.02,1,248,31,2011-02-22 13:59:00,2011-02-22 13:59:00,574.02,0
15304,694.4000000000001,8,104,8,2010-12-06 11:42:00,2011-10-10 10:23:00,86.80000000000001,307
15306,1174.35,3,810,57,2011-07-14 15:22:00,2011-10-06 12:56:00,391.45,83
15307,205.3,1,37,12,2011-09-05 11:38:00,2011-09-05 11:38:00,205.3,0
15308,310.47,1,175,19,2011-03-10 13:08:00,2011-03-10 13:08:00,310.47,0
15311,60632.75,91,38147,567,2010-12-01 09:41:00,2011-12-09 12:00:00,666.2939560439561,373
15312,924.85,4,516,42,2010-12-20 12:51:00,2011-09-25 13:10:00,231.2125,279
15313,52.0,1,25,1,2011-08-21 16:02:00,2011-08-21 16:02:00,52.0,0
15314,327.97,1,313,24,2011-05-24 14:39:00,2011-05-24 14:39:00,327.97,0
15315,570.5,2,862,35,2011-08-15 15:17:00,2011-10-06 12:51:00,285.25,51
15316,165.0,1,100,1,2011-01-17 11:34:00,2011-01-17 11:34:00,165.0,0
15318,312.62,1,642,33,2011-12-06 11:30:00,2011-12-06 11:30:00,312.62,0
15319,204.5,1,175,16,2011-03-01 12:48:00,2011-03-01 12:48:00,204.5,0
15320,267.13,1,326,36,2011-10-26 13:27:00,2011-10-26 13:27:00,267.13,0
15321,2748.31,3,1181,83,2011-02-21 11:10:00,2011-09-30 09:40:00,916.1033333333334,220
15322,679.68,1,416,42,2011-09-15 09:34:00,2011-09-15 09:34:00,679.68,0
15325,161.74,1,231,47,2011-08-28 11:55:00,2011-08-28 11:55:00,161.74,0
15326,311.71,1,386,29,2011-01-10 11:38:00,2011-01-10 11:38:00,311.71,0
15327,208.75,1,116,10,2011-10-18 11:55:00,2011-10-18 11:55:00,208.75,0
15329,1049.7,3,486,51,2011-06-21 10:37:00,2011-10-31 15:36:00,349.90000000000003,132
15330,714.96,2,1312,10,2011-10-10 12:30:00,2011-11-07 17:50:00,357.48,28
15332,1661.06,4,652,29,2010-12-05 12:00:00,2010-12-08 14:43:00,415.265,3
15333,1028.56,1,344,16,2011-05-15 13:27:00,2011-05-15 13:27:00,1028.56,0
15334,350.82,3,273,67,2011-06-19 13:51:00,2011-07-06 11:22:00,116.94,16
15335,170.22,1,79,34,2011-10-17 12:50:00,2011-10-17 12:50:00,170.22,0
15339,574.07,2,416,77,2011-01-25 13:15:00,2011-10-04 12:51:00,287.035,251
15341,2020.52,1,812,17,2011-09-20 09:40:00,2011-09-20 09:40:00,2020.52,0
15342,406.09,1,283,24,2011-08-02 10:19:00,2011-08-02 10:19:00,406.09,0
15343,364.5,1,84,21,2011-09-13 13:55:00,2011-09-13 13:55:00,364.5,0
15344,563.94,3,116,21,2011-09-26 14:48:00,2011-12-09 10:45:00,187.98000000000002,73
15345,393.54,1,81,20,2011-10-25 11:28:00,2011-10-25 11:28:00,393.54,0
15346,252.42000000000002,1,144,17,2011-01-11 11:18:00,2011-01-11 11:18:00,252.42000000000002,0
15347,201.60000000000002,1,130,5,2010-12-08 15:25:00,2010-12-08 15:25:00,201.60000000000002,0
15348,158.04,1,84,9,2011-09-28 13:17:00,2011-09-28 13:17:00,158.04,0
15349,463.90999999999997,2,321,65,2011-06-05 15:46:00,2011-07-04 16:06:00,231.95499999999998,29
15350,115.65,1,51,5,2010-12-01 13:33:00,2010-12-01 13:33:00,115.65,0
15351,1934.66,7,742,157,2010-12-05 11:49:00,2011-11-27 12:52:00,276.38,357
15353,770.12,2,341,59,2010-12-07 11:49:00,2011-03-30 12:15:00,385.06,113
15355,277.05,2,45,9,2011-10-17 15:22:00,2011-11-10 13:44:00,138.525,23
15356,2718.03,10,1643,215,2010-12-06 14:05:00,2011-11-08 13:11:00,271.803,336
15358,8347.2,22,7050,292,2010-12-09 10:04:00,2011-12-05 09:04:00,379.41818181818184,360
15360,427.93,1,223,13,2011-10-31 09:35:00,2011-10-31 09:35:00,427.93,0
15361,418.92,1,336,7,2010-12-13 09:52:00,2010-12-13 09:52:00,418.92,0
15363,326.0,1,144,16,2010-12-02 12:28:00,2010-12-02 12:28:00,326.0,0
15364,913.19,2,493,29,2011-03-30 13:39:00,2011-09-05 09:46:00,456.595,158
15365,2314.32,7,1084,65,2011-01-28 13:08:00,2011-11-14 08:29:00,330.6171428571429,289
15366,602.51,2,621,37,2010-12-16 15:59:00,2011-09-25 15:01:00,301.255,282
15367,1877.59,4,1057,91,2011-03-09 13:53:00,2011-10-13 14:13:00,469.3975,218
15368,446.94000000000005,1,230,4,2011-11-18 14:42:00,2011-11-18 14:42:00,446.94000000000005,0
15370,2386.05,7,830,65,2011-01-11 11:32:00,2011-10-30 10:58:00,340.86428571428576,291
15372,2007.3999999999999,1,2924,27,2011-07-25 16:39:00,2011-07-25 16:39:00,2007.3999999999999,0
15373,2415.91,12,500,74,2010-12-03 14:40:00,2011-12-01 15:05:00,201.32583333333332,363
15374,168.0,1,126,3,2011-08-03 09:59:00,2011-08-03 09:59:00,168.0,0
15376,1221.56,3,615,100,2011-05-01 13:45:00,2011-10-30 15:04:00,407.18666666666667,182
15379,3703.29,7,2305,145,2010-12-16 13:02:00,2011-06-23 13:13:00,529.0414285714286,189
15380,1690.2600000000002,5,376,22,2010-12-09 15:01:00,2011-12-01 12:13:00,338.052,356
15381,596.85,2,171,8,2011-03-16 13:44:00,2011-05-10 11:55:00,298.425,54
15382,5955.71,6,4012,193,2011-02-17 12:01:00,2011-11-25 10:58:00,992.6183333333333,280
15384,642.41,2,596,34,2010-12-15 11:34:00,2011-06-23 10:57:00,321.205,189
15385,316.88,1,161,12,2011-10-30 15:11:00,2011-10-30 15:11:00,316.88,0
15386,394.14,1,446,31,2011-06-06 13:47:00,2011-06-06 13:47:00,394.14,0
15388,140.54,1,88,10,2011-03-14 13:53:00,2011-03-14 13:53:00,140.54,0
15389,500.0,1,400,1,2011-06-20 16:18:00,2011-06-20 16:18:00,500.0,0
15392,1535.53,4,1277,74,2010-12-14 15:50:00,2011-12-05 11:01:00,383.8825,355
15393,231.86,2,150,10,2011-03-03 16:58:00,2011-11-23 16:48:00,115.93,264
15394,2183.54,4,910,54,2010-12-16 12:46:00,2011-11-30 11:49:00,545.885,348
15395,107.45,1,17,7,2011-01-18 12:40:00,2011-01-18 12:40:00,107.45,0
15396,288.18,1,122,14,2011-08-19 10:56:00,2011-08-19 10:56:00,288.18,0
15397,94.0,1,20,6,2011-02-23 09:25:00,2011-02-23 09:25:00,94.0,0
15398,1345.53,2,769,60,2011-09-22 14:56:00,2011-11-23 16:47:00,672.765,62
15399,815.77,3,611,45,2011-09-21 15:57:00,2011-12-08 13:04:00,271.92333333333335,77
15400,716.2,5,390,10,2011-03-06 11:27:00,2011-09-08 13:57:00,143.24,186
15402,626.77,2,694,35,2011-05-27 13:32:00,2011-07-14 12:17:00,313.385,47
15405,349.1,1,193,8,2011-06-03 14:44:00,2011-06-03 14:44:00,349.1,0
15406,510.71000000000004,2,254,51,2011-02-11 16:19:00,2011-11-08 13:22:00,255.35500000000002,269
15407,1046.74,4,552,142,2011-02-07 13:18:00,2011-11-06 11:55:00,261.685,271
15408,267.18,1,106,34,2011-03-20 15:02:00,2011-03-20 15:02:00,267.18,0
15410,3450.84,8,1200,48,2011-03-23 10:15:00,2011-09-16 14:47:00,431.355,177
15411,1348.93,4,529,86,2011-06-10 12:30:00,2011-11-13 15:19:00,337.2325,156
15412,190.53,1,108,10,2011-06-21 15:24:00,2011-06-21 15:24:00,190.53,0
15414,774.9000000000001,3,443,37,2011-04-11 13:45:00,2011-11-30 09:50:00,258.3,232
15415,559.61,1,551,46,2011-01-30 14:13:00,2011-01-30 14:13:00,559.61,0
15416,3984.32,4,2090,165,2011-03-02 08:41:00,2011-10-06 09:38:00,996.08,218
15417,508.8,1,284,28,2011-09-15 15:26:00,2011-09-15 15:26:00,508.8,0
15419,135.86,1,230,8,2011-11-15 09:23:00,2011-11-15 09:23:00,135.86,0
15421,950.36,4,500,40,2011-02-02 14:36:00,2011-10-12 09:20:00,237.59,251
15422,97.7,2,38,6,2011-01-20 14:17:00,2011-01-20 16:17:00,48.85,0
15423,43.5,1,101,2,2011-11-01 14:01:00,2011-11-01 14:01:00,43.5,0
15424,383.34,2,554,17,2011-03-30 13:00:00,2011-03-30 13:02:00,191.67,0
15426,1404.07,5,656,217,2010-12-05 13:55:00,2011-11-20 15:36:00,280.81399999999996,350
15427,1430.54,3,967,233,2011-10-23 14:47:00,2011-11-06 14:29:00,476.84666666666664,13
15428,93.78,1,102,6,2011-11-24 16:54:00,2011-11-24 16:54:00,93.78,0
15429,397.35,2,380,77,2011-09-25 13:42:00,2011-11-13 12:28:00,198.675,48
15432,171.19,1,65,10,2011-11-16 16:30:00,2011-11-16 16:30:00,171.19,0
15433,533.3,2,534,40,2011-03-17 14:12:00,2011-05-10 10:45:00,266.65,53
15434,1041.48,5,647,40,2011-05-23 14:18:00,2011-12-01 13:33:00,208.296,191
15435,149.29,1,54,29,2011-11-17 16:39:00,2011-11-17 16:39:00,149.29,0
15436,1067.75,3,574,243,2011-04-19 16:52:00,2011-11-27 16:05:00,355.9166666666667,221
15437,200.16,1,79,44,2011-03-22 13:11:00,2011-03-22 13:11:00,200.16,0
15438,156.57999999999998,1,59,25,2011-07-31 14:19:00,2011-07-31 14:19:00,156.57999999999998,0
15440,383.68,3,197,50,2011-05-15 11:30:00,2011-10-16 12:16:00,127.89333333333333,154
15442,594.0,1,120,2,2011-04-05 12:24:00,2011-04-05 12:24:00,594.0,0
15443,3213.59,7,1639,237,2011-01-23 13:25:00,2011-12-08 10:40:00,459.0842857142857,318
15444,1411.21,2,759,191,2011-10-30 16:12:00,2011-11-30 17:37:00,705.605,31
15445,113.5,1,58,5,2011-03-20 15:06:00,2011-03-20 15:06:00,113.5,0
15447,155.17,1,85,9,2011-01-13 11:26:00,2011-01-13 11:26:00,155.17,0
15448,494.64,1,232,28,2011-01-31 10:42:00,2011-01-31 10:42:00,494.64,0
15449,974.52,3,812,47,2011-03-23 10:43:00,2011-11-13 15:02:00,324.84,235
15450,429.84,1,376,30,2011-11-09 17:11:00,2011-11-09 17:11:00,429.84,0
15452,528.48,3,280,47,2011-03-20 15:21:00,2011-11-10 12:13:00,176.16,234
15453,1371.77,7,837,169,2011-06-05 12:37:00,2011-12-08 10:59:00,195.96714285714285,185
15454,179.1,1,86,23,2010-12-12 14:21:00,2010-12-12 14:21:00,179.1,0
15456,434.59000000000003,3,633,48,2010-12-15 15:34:00,2011-03-01 13:51:00,144.86333333333334,75
15457,237.07,1,132,56,2011-03-22 15:31:00,2011-03-22 15:31:00,237.07,0
15458,161.64,1,156,7,2011-11-14 13:08:00,2011-11-14 13:08:00,161.64,0
15460,214.26,1,107,53,2010-12-20 16:08:00,2010-12-20 16:08:00,214.26,0
15462,234.6,3,172,9,2011-06-05 15:36:00,2011-09-06 13:11:00,78.2,92
15463,126.14,1,106,7,2011-11-10 12:57:00,2011-11-10 12:57:00,126.14,0
15464,1044.65,1,348,155,2011-01-05 15:56:00,2011-01-05 15:56:00,1044.65,0
15465,7354.62,18,1257,43,2010-12-05 10:12:00,2011-11-20 10:11:00,408.59,349
15466,334.53,1,246,56,2011-09-15 14:08:00,2011-09-15 14:08:00,334.53,0
15467,524.88,3,310,41,2011-07-10 14:42:00,2011-11-30 14:17:00,174.96,142
15468,467.51,2,155,24,2011-10-19 13:38:00,2011-10-19 13:49:00,233.755,0
15469,538.55,2,153,24,2011-08-11 16:54:00,2011-10-20 16:21:00,269.275,69
15471,454.48,1,256,67,2011-12-07 14:12:00,2011-12-07 14:12:00,454.48,0
15472,371.56,1,251,76,2011-08-18 15:17:00,2011-08-18 15:17:00,371.56,0
15473,1771.2,7,672,4,2011-10-10 11:12:00,2011-11-25 15:15:00,253.02857142857144,46
15475,454.10999999999996,1,319,29,2011-09-23 15:20:00,2011-09-23 15:20:00,454.10999999999996,0
15478,1399.92,2,575,34,2011-10-14 11:09:00,2011-10-30 14:19:00,699.96,16
15480,905.5,1,303,45,2011-08-15 14:32:00,2011-08-15 14:32:00,905.5,0
15482,10879.76,12,5004,46,2010-12-16 10:08:00,2011-11-24 10:46:00,906.6466666666666,343
15483,225.26,4,291,74,2011-03-18 12:26:00,2011-07-01 13:07:00,56.315,105
15484,3590.41,4,3150,135,2011-09-22 13:31:00,2011-12-08 15:03:00,897.6025,77
15485,2564.5,3,1281,59,2010-12-01 13:23:00,2011-11-09 14:31:00,854.8333333333334,343
15488,91.32000000000001,1,73,2,2011-09-08 10:11:00,2011-09-08 10:11:00,91.32000000000001,0
15489,1134.28,3,608,47,2011-05-12 12:54:00,2011-11-17 08:53:00,378.0933333333333,188
15491,3100.09,6,1646,108,2011-04-18 10:04:00,2011-09-05 15:56:00,516.6816666666667,140
15492,659.4599999999999,2,483,32,2011-09-26 14:02:00,2011-11-11 14:53:00,329.72999999999996,46
15493,1953.41,5,551,177,2011-03-14 11:44:00,2011-11-07 12:04:00,390.682,238
15494,1280.58,2,1139,120,2011-08-10 15:29:00,2011-11-18 14:51:00,640.29,99
15497,1262.2,2,624,13,2011-01-24 10:01:00,2011-11-22 11:51:00,631.1,302
15498,13316.4,27,6105,360,2010-12-08 12:29:00,2011-12-07 12:48:00,493.2,364
15500,1131.56,4,572,64,2011-09-19 13:47:00,2011-12-01 13:47:00,282.89,73
15502,10384.93,12,4236,164,2010-12-05 15:40:00,2011-11-24 12:48:00,865.4108333333334,353
15503,141.04,1,70,66,2010-12-12 10:57:00,2010-12-12 10:57:00,141.04,0
15504,52.83,1,33,13,2011-09-19 13:45:00,2011-09-19 13:45:00,52.83,0
15505,3610.96,5,2390,90,2011-07-07 13:33:00,2011-10-18 07:56:00,722.192,102
15506,972.08,3,842,121,2011-07-24 11:45:00,2011-11-17 12:11:00,324.0266666666667,116
15507,475.86,1,160,41,2011-06-21 11:19:00,2011-06-21 11:19:00,475.86,0
15508,1000.27,6,440,78,2011-04-18 15:31:00,2011-06-03 15:43:00,166.71166666666667,46
15510,250.0,1,2,1,2011-01-13 12:10:00,2011-01-13 12:10:00,250.0,0
15511,900.53,5,269,117,2011-09-15 15:05:00,2011-11-28 09:43:00,180.106,73
15512,121.0,2,68,7,2010-12-15 12:01:00,2011-07-07 10:20:00,60.5,203
15513,14758.220000000001,19,5709,183,2010-12-01 11:22:00,2011-11-06 14:36:00,776.7484210526317,340
15514,4023.7200000000003,11,2098,96,2010-12-10 13:50:00,2011-11-27 14:40:00,365.7927272727273,352
15516,62.43,3,27,15,2011-10-24 11:33:00,2011-10-26 10:51:00,20.81,1
15517,267.03,1,293,27,2011-04-20 14:02:00,2011-04-20 14:02:00,267.03,0
15518,1921.55,8,1263,135,2011-01-11 12:55:00,2011-10-06 13:05:00,240.19375,268
15520,343.5,1,314,18,2011-12-08 10:58:00,2011-12-08 10:58:00,343.5,0
15521,3000.2,8,1836,116,2011-03-30 09:15:00,2011-10-30 13:42:00,375.025,214
15522,397.99,2,572,47,2011-09-13 12:26:00,2011-11-07 11:26:00,198.995,54
15523,412.01000000000005,1,132,10,2011-09-16 16:29:00,2011-09-16 16:29:00,412.01000000000005,0
15524,440.0,1,4,1,2011-11-15 12:09:00,2011-11-15 12:09:00,440.0,0
15525,734.37,3,387,133,2010-12-01 13:17:00,2011-12-07 14:43:00,244.79,371
15526,148.44,2,24,4,2011-11-06 15:01:00,2011-11-06 15:04:00,74.22,0
15527,2428.53,8,991,127,2010-12-20 14:15:00,2011-11-21 12:17:00,303.56625,335
15528,229.33,1,123,26,2011-03-30 16:14:00,2011-03-30 16:14:00,229.33,0
15529,3962.6,11,3455,415,2010-12-08 12:24:00,2011-11-17 11:29:00,360.23636363636365,343
15530,1497.31,4,938,90,2011-04-07 11:16:00,2011-11-18 12:25:00,374.3275,225
15531,1972.39,2,1085,196,2011-11-09 17:47:00,2011-12-01 18:43:00,986.195,22
15532,1564.73,4,515,205,2010-12-16 16:45:00,2011-11-14 14:51:00,391.1825,332
15533,807.57,3,289,73,2011-09-11 15:41:00,2011-11-20 15:35:00,269.19,69
15535,502.9,4,135,55,2011-01-16 12:35:00,2011-06-19 16:02:00,125.725,154
15537,110.92,1,29,24,2011-06-29 13:10:00,2011-06-29 13:10:00,110.92,0
15539,538.46,1,410,41,2011-12-02 13:36:00,2011-12-02 13:36:00,538.46,0
15540,213.3,1,200,15,2011-11-28 13:51:00,2011-11-28 13:51:00,213.3,0
15541,85.13000000000001,1,49,29,2011-08-17 14:58:00,2011-08-17 14:58:00,85.13000000000001,0
15543,127.86,1,86,26,2011-02-24 15:26:00,2011-02-24 15:26:00,127.86,0
15544,3546.71,9,3109,122,2010-12-02 12:47:00,2011-11-30 16:43:00,394.0788888888889,363
15545,288.96999999999997,2,162,78,2010-12-03 17:28:00,2011-10-16 13:24:00,144.48499999999999,316
15547,4910.6,14,3999,441,2010-12-12 13:26:00,2011-12-02 12:52:00,350.75714285714287,354
15549,1681.46,3,694,104,2011-01-27 15:38:00,2011-09-23 16:22:00,560.4866666666667,239
15550,575.63,4,295,43,2011-02-11 12:49:00,2011-12-05 15:38:00,143.9075,297
15551,436.06,1,218,29,2011-11-03 12:37:00,2011-11-03 12:37:00,436.06,0
15552,90.12,1,60,17,2011-05-06 14:47:00,2011-05-06 14:47:00,90.12,0
15553,428.93,1,449,51,2011-10-10 14:02:00,2011-10-10 14:02:00,428.93,0
15554,217.2,1,74,14,2011-03-07 09:00:00,2011-03-07 09:00:00,217.2,0
15555,4794.86,16,4427,401,2010-12-05 14:45:00,2011-11-27 16:19:00,299.67875,357
15556,279.77,1,236,31,2011-11-15 16:08:00,2011-11-15 16:08:00,279.77,0
15557,468.91,1,213,16,2011-11-11 12:46:00,2011-11-11 12:46:00,468.91,0
15561,800.59,4,267,27,2011-05-08 11:38:00,2011-11-28 11:07:00,200.1475,203
15562,134.55,1,39,1,2010-12-23 09:55:00,2010-12-23 09:55:00,134.55,0
15563,1400.44,4,1501,88,2010-12-16 11:27:00,2011-11-17 14:50:00,350.11,336
15565,173.16,2,60,8,2011-09-30 10:44:00,2011-10-20 14:33:00,86.58,20
15567,186.01,1,223,7,2011-11-21 10:48:00,2011-11-21 10:48:00,186.01,0
15568,758.29,3,461,27,2011-09-27 14:37:00,2011-12-07 11:27:00,252.76333333333332,70
15569,1375.71,5,666,27,2011-01-11 13:26:00,2011-08-28 10:15:00,275.142,228
15570,4148.82,12,2063,231,2010-12-05 12:57:00,2011-12-02 14:47:00,345.73499999999996,362
15571,650.4300000000001,4,264,47,2011-09-22 13:15:00,2011-11-28 10:02:00,162.60750000000002,66
15572,2533.42,7,1213,166,2011-03-06 14:44:00,2011-12-05 10:09:00,361.9171428571429,273
15573,591.1899999999999,2,355,88,2011-09-15 12:16:00,2011-11-08 11:38:00,295.59499999999997,53
15574,675.64,4,332,131,2010-12-02 15:46:00,2011-06-15 12:01:00,168.91,194
15576,921.37,1,394,43,2011-11-02 12:03:00,2011-11-02 12:03:00,921.37,0
15577,258.88,3,89,39,2011-02-07 13:32:00,2011-07-11 17:03:00,86.29333333333334,154
15578,127.1,1,52,13,2011-06-30 13:03:00,2011-06-30 13:03:00,127.1,0
15579,327.6,2,117,45,2011-01-30 12:09:00,2011-10-02 12:45:00,163.8,245
15581,3675.77,13,283,134,2010-12-08 14:38:00,2011-08-11 09:38:00,282.7515384615385,245
15582,682.9100000000001,3,453,39,2011-05-03 13:36:00,2011-11-15 09:55:00,227.63666666666668,195
15584,720.86,4,313,89,2011-06-30 16:39:00,2011-11-16 10:55:00,180.215,138
15585,455.3,1,320,31,2011-06-16 08:38:00,2011-06-16 08:38:00,455.3,0
15587,913.6800000000001,4,312,3,2010-12-23 09:59:00,2011-10-20 13:37:00,228.42000000000002,301
15589,478.53000000000003,3,243,28,2011-02-02 10:46:00,2011-03-29 09:54:00,159.51000000000002,54
15592,388.58,1,354,24,2011-10-24 08:59:00,2011-10-24 08:59:00,388.58,0
15593,199.8,1,60,5,2011-09-30 11:46:00,2011-09-30 11:46:00,199.8,0
15594,1771.78,5,983,85,2011-04-19 10:08:00,2011-11-24 08:53:00,354.356,218
15596,1406.59,5,561,51,2010-12-09 16:10:00,2011-08-31 10:55:00,281.318,264
15597,324.57,1,279,22,2011-11-04 13:26:00,2011-11-04 13:26:00,324.57,0
15598,240.68,1,160,14,2011-10-17 16:04:00,2011-10-17 16:04:00,240.68,0
15599,761.74,2,718,50,2011-05-19 13:05:00,2011-11-13 11:44:00,380.87,177
15601,6776.56,14,4983,230,2010-12-02 10:39:00,2011-11-28 15:15:00,484.04,361
15602,1297.8700000000001,9,1137,30,2010-12-06 15:35:00,2011-12-01 14:14:00,144.20777777777778,359
15603,48.480000000000004,1,96,2,2011-09-22 10:04:00,2011-09-22 10:04:00,48.480000000000004,0
15604,216.39,1,159,17,2011-10-18 14:47:00,2011-10-18 14:47:00,216.39,0
15605,1198.23,5,441,61,2010-12-01 13:38:00,2011-11-03 14:17:00,239.64600000000002,337
15606,2920.16,9,892,48,2011-01-19 12:07:00,2011-10-09 15:47:00,324.4622222222222,263
15607,104.76,1,202,13,2011-01-07 12:44:00,2011-01-07 12:44:00,104.76,0
15608,1093.68,4,714,59,2011-08-11 09:56:00,2011-11-11 13:20:00,273.42,92
15609,298.48,1,148,16,2011-06-08 13:00:00,2011-06-08 13:00:00,298.48,0
15610,112.46000000000001,1,66,6,2011-10-19 10:36:00,2011-10-19 10:36:00,112.46000000000001,0
15611,1591.45,13,504,23,2011-01-09 11:32:00,2011-11-30 12:36:00,122.41923076923078,325
15612,195.15,2,52,4,2011-10-09 12:49:00,2011-11-03 14:52:00,97.575,25
15615,10399.74,23,5508,184,2010-12-15 16:21:00,2011-11-29 14:42:00,452.1626086956522,348
15618,776.851,4,454,39,2011-07-26 10:13:00,2011-11-07 08:34:00,194.21275,103
15619,336.40000000000003,1,136,3,2011-11-29 08:14:00,2011-11-29 08:14:00,336.40000000000003,0
15620,1553.18,3,915,92,2010-12-16 14:34:00,2011-10-14 12:41:00,517.7266666666667,301
15621,1293.03,4,501,11,2011-11-18 11:49:00,2011-12-05 14:01:00,323.2575,17
15622,3709.56,9,1674,169,2011-03-02 13:42:00,2011-10-27 16:44:00,412.17333333333335,239
15623,301.03,1,125,19,2011-07-21 17:26:00,2011-07-21 17:26:00,301.03,0
15624,588.13,4,357,26,2011-03-28 13:32:00,2011-08-15 11:38:00,147.0325,139
15625,1534.26,4,1188,44,2011-04-18 14:01:00,2011-08-28 10:21:00,383.565,131
15626,675.8,2,766,49,2011-01-14 10:10:00,2011-09-26 10:03:00,337.9,254
15628,2870.2400000000002,9,1894,85,2010-12-08 09:51:00,2011-12-05 10:24:00,318.91555555555556,362
15630,1186.35,2,800,57,2011-05-19 10:16:00,2011-10-25 15:36:00,593.175,159
15632,3285.31,8,2109,107,2011-03-10 08:29:00,2011-11-24 09:51:00,410.66375,259
15634,243.55,1,99,15,2011-11-22 16:28:00,2011-11-22 16:28:00,243.55,0
15636,724.76,2,284,20,2011-03-02 14:50:00,2011-09-11 11:17:00,362.38,192
15637,223.36,1,128,15,2011-10-18 08:28:00,2011-10-18 08:28:00,223.36,0
15639,425.32,1,323,25,2011-07-28 14:30:00,2011-07-28 14:30:00,425.32,0
15640,12416.11,15,6572,240,2010-12-02 15:40:00,2011-12-05 14:35:00,827.7406666666667,367
15641,1887.2,4,1562,102,2010-12-15 14:45:00,2011-08-26 14:04:00,471.8,253
15643,664.0,3,246,31,2011-03-02 14:34:00,2011-06-01 07:38:00,221.33333333333334,90
15644,803.54,4,550,166,2011-03-23 15:37:00,2011-06-26 14:54:00,200.885,94
15645,612.01,1,256,50,2011-11-21 11:55:00,2011-11-21 11:55:00,612.01,0
15646,447.64000000000004,3,394,35,2010-12-02 16:59:00,2011-07-05 09:53:00,149.21333333333334,214
15648,639.5,2,218,23,2011-03-17 18:59:00,2011-05-19 15:53:00,319.75,62
15649,816.0,2,192,1,2010-12-07 10:06:00,2011-01-07 13:34:00,408.0,31
15651,646.3,3,479,27,2011-03-24 08:56:00,2011-11-03 08:41:00,215.4333333333333,223
15652,337.74,1,208,21,2011-09-09 14:22:00,2011-09-09 14:22:00,337.74,0
15653,877.4399999999999,2,1200,4,2011-08-16 09:50:00,2011-09-08 10:49:00,438.71999999999997,23
15654,922.53,2,475,15,2011-11-13 15:15:00,2011-11-30 13:08:00,461.265,16
15655,560.67,1,324,34,2011-04-10 15:25:00,2011-04-10 15:25:00,560.67,0
15656,748.5,4,343,46,2011-02-28 15:32:00,2011-10-25 14:56:00,187.125,238
15657,30.0,1,24,1,2011-11-17 12:19:00,2011-11-17 12:19:00,30.0,0
15658,1024.1000000000001,5,242,40,2010-12-02 10:53:00,2011-06-02 15:22:00,204.82000000000002,182
15659,306.45,1,111,11,2011-10-27 09:23:00,2011-10-27 09:23:00,306.45,0
15660,1600.86,9,1050,55,2010-12-09 09:49:00,2011-11-14 16:58:00,177.87333333333333,340
15661,309.8,2,236,4,2011-01-05 12:32:00,2011-01-26 13:56:00,154.9,21
15663,138.14,1,106,9,2011-08-25 15:50:00,2011-08-25 15:50:00,138.14,0
15664,386.43,1,157,17,2011-10-20 10:57:00,2011-10-20 10:57:00,386.43,0
15665,2222.21,2,1654,92,2011-04-10 15:09:00,2011-06-24 14:57:00,1111.105,74
15667,301.32,1,240,13,2011-10-31 10:56:00,2011-10-31 10:56:00,301.32,0
15668,76.32000000000001,1,72,1,2011-05-06 10:39:00,2011-05-06 10:39:00,76.32000000000001,0
15669,684.34,4,342,31,2011-03-21 09:13:00,2011-10-30 16:03:00,171.085,223
15670,173.05,1,91,12,2011-02-16 10:50:00,2011-02-16 10:50:00,173.05,0
15671,2657.13,7,1699,52,2011-03-14 09:37:00,2011-11-21 12:43:00,379.59000000000003,252
15673,2726.23,4,1451,107,2011-01-16 16:25:00,2011-09-12 16:12:00,681.5575,238
15674,2446.6,5,1275,88,2011-03-30 09:19:00,2011-09-27 15:17:00,489.32,181
15675,323.69,3,527,20,2011-03-04 14:21:00,2011-09-19 13:48:00,107.89666666666666,198
15676,3435.76,3,2252,191,2011-03-01 10:19:00,2011-11-21 12:40:00,1145.2533333333333,265
15677,657.23,1,319,33,2011-10-21 15:36:00,2011-10-21 15:36:00,657.23,0
15678,352.7,1,184,12,2011-10-18 09:25:00,2011-10-18 09:25:00,352.7,0
15679,781.28,4,1170,98,2011-06-10 08:24:00,2011-11-15 16:19:00,195.32,158
15680,1333.68,3,952,61,2010-12-08 14:43:00,2011-11-30 13:46:00,444.56,356
15681,1426.16,5,816,32,2011-03-04 13:46:00,2011-11-14 16:30:00,285.232,255
15683,193.75,1,131,10,2011-08-14 12:56:00,2011-08-14 12:56:00,193.75,0
15687,2993.1,9,1310,119,2011-01-13 15:13:00,2011-12-01 08:33:00,332.56666666666666,321
15689,254.1,2,84,8,2010-12-13 09:57:00,2011-08-12 09:37:00,127.05,241
15690,239.76,2,408,19,2011-08-31 11:40:00,2011-12-05 15:59:00,119.88,96
15691,136.8,1,72,2,2011-04-01 15:13:00,2011-04-01 15:13:00,136.8,0
15692,191.04,1,138,12,2011-11-11 14:12:00,2011-11-11 14:12:00,191.04,0
15694,6479.4,14,1677,42,2010-12-02 07:49:00,2011-12-09 09:44:00,462.8142857142857,372
15695,409.98,2,212,22,2011-03-18 08:31:00,2011-03-18 08:32:00,204.99,0
15696,2711.11,8,1015,140,2011-01-17 11:24:00,2011-11-06 14:02:00,338.88875,293
15699,309.65,1,113,18,2011-11-22 08:26:00,2011-11-22 08:26:00,309.65,0
15700,696.68,2,357,85,2011-06-19 15:36:00,2011-06-20 16:53:00,348.34,1
15701,1529.0,4,912,193,2011-08-21 12:36:00,2011-12-07 14:39:00,382.25,108
15703,211.5,1,66,5,2011-03-20 10:51:00,2011-03-20 10:51:00,211.5,0
15704,2293.62,4,1028,79,2011-05-08 12:42:00,2011-07-22 13:35:00,573.405,75
15705,143.1,1,62,6,2011-05-22 15:37:00,2011-05-22 15:37:00,143.1,0
15706,1060.56,4,321,50,2011-08-15 14:32:00,2011-10-07 10:09:00,265.14,52
15707,916.98,4,594,126,2011-09-14 14:19:00,2011-11-04 14:35:00,229.245,51
15708,3235.25,7,1217,124,2010-12-05 11:12:00,2011-10-30 10:54:00,462.17857142857144,328
15709,133.25,1,121,6,2011-03-01 10:38:00,2011-03-01 10:38:00,133.25,0
15712,1072.3600000000001,5,486,41,2011-02-25 11:32:00,2011-11-30 14:09:00,214.47200000000004,278
15713,356.7,2,150,18,2010-12-08 15:16:00,2011-07-19 13:34:00,178.35,222
15714,330.03000000000003,2,186,34,2011-09-23 11:25:00,2011-11-28 11:26:00,165.01500000000001,66
15716,1101.1100000000001,4,738,101,2010-12-05 12:26:00,2011-07-17 11:59:00,275.27750000000003,223
15717,150.3,1,70,7,2011-04-19 13:21:00,2011-04-19 13:21:00,150.3,0
15719,5030.07,13,2718,299,2011-01-06 12:31:00,2011-11-07 12:29:00,386.92846153846153,304
15720,598.73,1,281,128,2011-11-15 14:48:00,2011-11-15 14:48:00,598.73,0
15721,471.40000000000003,1,388,80,2011-11-28 12:14:00,2011-11-28 12:14:00,471.40000000000003,0
15722,2211.21,5,1023,45,2011-02-22 12:24:00,2011-11-04 11:43:00,442.242,254
15723,190.7,1,73,37,2010-12-10 11:12:00,2010-12-10 11:12:00,190.7,0
15724,218.25,2,73,11,2011-02-28 10:40:00,2011-05-22 14:40:00,109.125,83
15725,415.25,1,221,32,2011-11-24 14:51:00,2011-11-24 14:51:00,415.25,0
15727,5159.06,7,3063,213,2010-12-15 15:47:00,2011-11-23 12:36:00,737.0085714285715,342
15729,85.0,1,28,5,2011-05-11 12:36:00,2011-05-11 12:36:00,85.0,0
15730,1120.88,3,689,68,2011-05-17 12:43:00,2011-10-05 12:31:00,373.6266666666667,140
15732,294.12,2,215,13,2010-12-02 15:00:00,2011-05-11 14:24:00,147.06,159
15733,162.3,1,62,10,2011-03-02 09:05:00,2011-03-02 09:05:00,162.3,0
15734,1339.45,2,346,25,2011-05-23 14:59:00,2011-08-17 10:50:00,669.725,85
15737,1188.1200000000001,8,597,60,2011-04-11 10:01:00,2011-11-25 11:21:00,148.51500000000001,228
15738,4812.42,16,2982,46,2010-12-02 12:50:00,2011-11-21 08:26:00,300.77625,353
15739,449.12,1,472,8,2011-10-04 13:42:00,2011-10-04 13:42:00,449.12,0
15740,154.88,1,152,9,2011-10-21 14:29:00,2011-10-21 14:29:00,154.88,0
15743,775.96,4,214,59,2011-06-08 10:14:00,2011-11-23 17:19:00,193.99,168
15744,34.8,1,120,3,2011-09-23 09:52:00,2011-09-23 09:52:00,34.8,0
15745,1094.59,4,421,57,2011-04-17 13:04:00,2011-11-20 13:45:00,273.6475,217
15746,196.88,1,178,28,2011-07-28 15:21:00,2011-07-28 15:21:00,196.88,0
15747,946.64,3,466,52,2011-06-20 11:30:00,2011-11-27 12:26:00,315.5466666666667,160
15748,144.36,1,50,19,2011-10-30 12:51:00,2011-10-30 12:51:00,144.36,0
15749,44534.3,3,18028,5,2011-01-11 12:55:00,2011-04-18 13:20:00,14844.766666666668,97
15750,2463.05,8,1783,214,2010-12-08 10:36:00,2011-12-07 12:34:00,307.88125,364
15752,2626.6,7,1960,236,2010-12-02 09:43:00,2011-10-31 11:37:00,375.2285714285714,333
15753,79.2,1,144,1,2011-02-08 12:41:00,2011-02-08 12:41:00,79.2,0
15754,458.57,3,199,24,2011-04-07 12:24:00,2011-10-19 14:40:00,152.85666666666665,195
15755,2364.25,6,1427,127,2011-02-18 11:53:00,2011-11-29 14:57:00,394.0416666666667,284
15756,528.01,4,241,160,2011-04-04 14:00:00,2011-10-09 13:30:00,132.0025,187
15757,714.42,2,491,43,2011-05-06 11:40:00,2011-10-05 12:14:00,357.21,152
15758,205.25,1,47,9,2011-11-15 10:48:00,2011-11-15 10:48:00,205.25,0
15759,253.04,3,60,5,2010-12-16 15:29:00,2011-05-05 15:13:00,84.34666666666666,139
15762,583.75,2,251,37,2011-09-23 15:17:00,2011-10-05 16:15:00,291.875,12
15763,1086.92,2,271,58,2011-09-23 12:10:00,2011-11-08 09:44:00,543.46,45
15764,3279.97,6,2050,150,2011-03-08 09:23:00,2011-09-12 17:58:00,546.6616666666666,188
15766,315.06,1,170,11,2011-10-06 17:03:00,2011-10-06 17:03:00,315.06,0
15768,621.8299999999999,3,244,23,2011-04-28 09:20:00,2011-08-16 10:48:00,207.27666666666664,110
15769,56252.72,26,29672,26,2010-12-03 15:16:00,2011-12-02 13:52:00,2163.566153846154,363
15773,635.6800000000001,1,311,10,2011-12-04 12:48:00,2011-12-04 12:48:00,635.6800000000001,0
15774,270.8,1,87,25,2011-10-02 12:04:00,2011-10-02 12:04:00,270.8,0
15775,104.9,1,68,7,2011-04-08 12:56:00,2011-04-08 12:56:00,104.9,0
15776,241.62,1,138,18,2011-07-29 13:46:00,2011-07-29 13:46:00,241.62,0
15777,1047.11,4,378,18,2010-12-13 16:38:00,2011-04-12 16:43:00,261.7775,120
15780,475.28000000000003,3,220,26,2010-12-17 11:43:00,2011-06-09 12:01:00,158.42666666666668,174
15781,345.46,3,180,20,2011-02-07 09:15:00,2011-11-14 14:57:00,115.15333333333332,280
15782,2614.7400000000002,3,864,34,2011-09-11 14:29:00,2011-11-30 10:49:00,871.58,79
15783,246.3,1,212,14,2011-11-29 09:50:00,2011-11-29 09:50:00,246.3,0
15785,2328.9700000000003,5,1612,58,2011-02-17 14:17:00,2011-11-07 11:33:00,465.79400000000004,262
15786,4919.0,3,3340,257,2011-08-17 13:33:00,2011-10-24 14:13:00,1639.6666666666667,68
15787,933.26,3,534,156,2011-10-09 13:11:00,2011-11-13 14:55:00,311.08666666666664,35
15789,351.3,1,438,25,2010-12-16 14:35:00,2010-12-16 14:35:00,351.3,0
15790,218.75,1,113,34,2011-11-29 14:53:00,2011-11-29 14:53:00,218.75,0
15791,1612.69,2,731,66,2011-05-19 15:15:00,2011-10-27 10:14:00,806.345,160
15793,965.61,3,553,6,2011-03-16 10:45:00,2011-11-25 09:31:00,321.87,253
15795,610.01,1,581,42,2011-07-13 10:43:00,2011-07-13 10:43:00,610.01,0
15796,2708.61,8,860,70,2011-02-10 15:40:00,2011-12-08 19:55:00,338.57625,301
15797,2207.4,4,873,8,2011-01-24 15:47:00,2011-08-18 17:04:00,551.85,206
15799,884.14,3,955,94,2011-01-09 15:13:00,2011-09-25 12:46:00,294.7133333333333,258
15800,696.89,2,332,116,2011-04-07 12:39:00,2011-08-24 14:23:00,348.445,139
15801,1063.95,3,570,61,2011-08-22 09:53:00,2011-10-24 13:52:00,354.65000000000003,63
15802,451.42,1,1,1,2011-07-20 11:38:00,2011-07-20 11:38:00,451.42,0
15803,415.82000000000005,1,290,8,2011-10-19 14:56:00,2011-10-19 14:56:00,415.82000000000005,0
15804,4206.39,13,2565,170,2011-05-25 10:12:00,2011-12-09 12:31:00,323.5684615384616,198
15805,5488.18,17,3367,220,2010-12-10 09:33:00,2011-11-16 16:32:00,322.83411764705886,341
15806,784.58,3,602,24,2011-03-08 09:24:00,2011-10-24 14:35:00,261.5266666666667,230
15807,903.9,3,430,48,2011-09-23 14:43:00,2011-10-20 14:10:00,301.3,26
15808,3651.27,4,1305,142,2010-12-05 13:05:00,2011-02-06 14:33:00,912.8175,63
15809,515.77,5,301,31,2011-02-10 11:16:00,2011-11-03 16:40:00,103.154,266
15810,1391.98,4,861,66,2011-02-16 09:11:00,2011-09-22 09:38:00,347.995,218
15811,2218.62,6,1071,117,2010-12-09 15:29:00,2011-11-17 15:31:00,369.77,343
15812,1801.14,5,922,36,2011-01-26 12:12:00,2011-08-24 14:19:00,360.228,210
15813,1303.9099999999999,2,603,40,2011-04-14 09:09:00,2011-05-16 08:13:00,651.9549999999999,31
15814,1945.33,4,1271,63,2011-10-20 09:04:00,2011-11-23 08:17:00,486.3325,33
15815,2100.6,5,1856,33,2011-03-25 08:43:00,2011-10-07 12:42:00,420.12,196
15819,1905.45,4,1357,96,2011-03-08 09:45:00,2011-10-21 14:50:00,476.3625,227
15820,206.98,1,128,17,2011-01-24 12:00:00,2011-01-24 12:00:00,206.98,0
15821,570.96,2,202,57,2011-10-09 13:28:00,2011-10-26 15:48:00,285.48,17
15822,885.47,2,375,28,2010-12-15 13:38:00,2011-12-06 14:50:00,442.735,356
15823,15.0,1,1,1,2010-12-02 15:08:00,2010-12-02 15:08:00,15.0,0
15825,532.94,1,220,20,2011-06-20 13:27:00,2011-06-20 13:27:00,532.94,0
15826,1654.31,3,963,64,2011-05-13 10:44:00,2011-10-14 16:05:00,551.4366666666666,154
15827,1836.0900000000001,14,882,72,2010-12-02 13:06:00,2011-09-27 15:35:00,131.14928571428572,299
15829,636.14,2,996,44,2011-07-22 10:23:00,2011-09-01 16:45:00,318.07,41
15830,576.0,1,415,39,2011-11-02 10:40:00,2011-11-02 10:40:00,576.0,0
15831,794.64,3,1092,63,2011-01-19 14:52:00,2011-10-12 13:14:00,264.88,265
15832,836.79,1,465,54,2011-03-30 15:29:00,2011-03-30 15:29:00,836.79,0
15834,2225.15,4,961,242,2011-03-07 17:52:00,2011-09-30 14:41:00,556.2875,206
15835,954.09,4,439,47,2011-01-13 10:35:00,2011-10-26 15:47:00,238.5225,286
15836,137.37,1,26,10,2011-10-20 17:13:00,2011-10-20 17:13:00,137.37,0
15837,391.98,1,189,24,2011-10-06 09:01:00,2011-10-06 09:01:00,391.98,0
15838,33643.08,19,18368,54,2010-12-07 11:26:00,2011-11-28 14:00:00,1770.6884210526316,356
15839,1048.49,3,675,56,2011-07-14 16:35:00,2011-11-06 13:54:00,349.49666666666667,114
15840,355.56,2,396,26,2011-06-20 11:42:00,2011-10-12 09:08:00,177.78,113
15841,1224.06,4,942,36,2011-01-05 11:25:00,2011-09-28 12:15:00,306.015,266
15843,118.95000000000002,1,27,8,2011-02-09 10:19:00,2011-02-09 10:19:00,118.95000000000002,0
15844,130.73999999999998,1,134,11,2011-10-24 15:19:00,2011-10-24 15:19:00,130.73999999999998,0
15845,3711.77,8,1926,97,2011-01-06 17:19:00,2011-11-22 09:42:00,463.97125,319
15847,389.27,2,449,22,2011-02-24 16:46:00,2011-11-01 14:41:00,194.635,249
15850,234.88,2,298,87,2011-06-24 14:16:00,2011-11-20 14:14:00,117.44,148
15852,160.71,2,48,22,2011-05-26 13:26:00,2011-06-06 11:22:00,80.355,10
15853,110.8,1,135,29,2011-10-19 10:38:00,2011-10-19 10:38:00,110.8,0
15854,2969.12,12,926,105,2010-12-13 11:47:00,2011-12-05 13:39:00,247.42666666666665,357
15855,712.24,5,470,59,2011-03-21 12:32:00,2011-07-26 10:20:00,142.448,126
15856,16143.64,27,10866,295,2010-12-09 13:34:00,2011-12-05 17:09:00,597.9125925925925,361
15857,297.0,1,308,14,2011-11-21 12:18:00,2011-11-21 12:18:00,297.0,0
15858,1427.57,5,1163,145,2010-12-07 14:31:00,2011-11-24 12:48:00,285.514,351
15860,965.16,8,437,105,2010-12-06 11:38:00,2011-10-30 11:25:00,120.645,327
15861,3146.92,8,2528,339,2011-03-17 20:12:00,2011-11-27 15:59:00,393.365,254
15862,832.88,4,585,142,2010-12-01 11:21:00,2011-12-01 13:28:00,208.22,365
15863,68.84,2,19,18,2011-05-31 11:36:00,2011-11-14 12:49:00,34.42,167
15864,1936.3200000000002,6,1192,16,2011-01-27 16:43:00,2011-11-17 13:32:00,322.72,293
15865,895.13,3,368,37,2011-05-10 11:44:00,2011-10-30 12:43:00,298.37666666666667,173
15866,211.89,1,124,43,2011-08-30 14:09:00,2011-08-30 14:09:00,211.89,0
15867,3810.14,15,2052,302,2010-12-05 14:17:00,2011-12-04 13:32:00,254.00933333333333,363
15869,149.64,2,175,13,2011-03-07 17:19:00,2011-03-07 17:23:00,74.82,0
15870,351.44,1,333,68,2011-11-07 10:58:00,2011-11-07 10:58:00,351.44,0
15872,316.25,2,187,101,2011-11-25 11:54:00,2011-11-25 11:55:00,158.125,0
15874,4405.88,7,2534,110,2011-02-28 13:28:00,2011-10-07 12:31:00,629.4114285714286,220
15877,490.33,2,368,122,2011-11-22 11:18:00,2011-12-08 11:53:00,245.165,16
15880,329.03000000000003,1,202,95,2010-12-05 13:00:00,2010-12-05 13:00:00,329.03000000000003,0
15881,501.39000000000004,5,260,26,2010-12-10 13:32:00,2011-01-31 16:59:00,100.278,52
15882,516.36,4,276,23,2010-12-06 13:01:00,2011-05-25 11:35:00,129.09,169
15883,396.48,2,223,42,2011-11-06 14:50:00,2011-12-07 17:05:00,198.24,31
15885,379.35,3,111,18,2011-02-03 15:28:00,2011-09-08 10:43:00,126.45,216
15886,181.09,1,147,12,2011-10-10 14:25:00,2011-10-10 14:25:00,181.09,0
15888,168.31,1,76,11,2011-09-20 12:30:00,2011-09-20 12:30:00,168.31,0
15889,420.07,2,206,79,2010-12-05 15:12:00,2011-07-06 11:10:00,210.035,212
15891,511.68,1,418,60,2011-04-27 12:35:00,2011-04-27 12:35:00,511.68,0
15894,258.25,2,164,35,2010-12-05 14:06:00,2011-03-31 13:50:00,129.125,115
15895,179.17,1,94,11,2011-07-13 10:27:00,2011-07-13 10:27:00,179.17,0
15897,208.59,2,223,17,2011-05-29 13:32:00,2011-05-29 13:50:00,104.295,0
15898,1383.83,5,567,70,2010-12-06 11:01:00,2011-12-08 15:23:00,276.76599999999996,367
15899,56.25,1,39,4,2010-12-06 10:36:00,2010-12-06 10:36:00,56.25,0
15900,337.28,1,216,44,2011-11-16 12:19:00,2011-11-16 12:19:00,337.28,0
15901,351.73,3,379,102,2011-07-08 12:18:00,2011-11-23 12:43:00,117.24333333333334,138
15903,5126.76,7,2410,46,2011-02-17 14:04:00,2011-11-30 08:08:00,732.3942857142857,285
15904,164.68,1,84,30,2011-12-01 14:50:00,2011-12-01 14:50:00,164.68,0
15906,1567.69,7,544,113,2011-03-29 13:28:00,2011-11-20 12:24:00,223.9557142857143,235
15907,882.72,3,478,175,2011-05-13 13:01:00,2011-12-06 12:21:00,294.24,206
15909,191.94,1,98,7,2011-06-19 10:38:00,2011-06-19 10:38:00,191.94,0
15910,1228.88,8,1013,215,2011-01-27 11:55:00,2011-12-09 10:51:00,153.61,315
15912,264.62,2,185,19,2011-04-20 17:10:00,2011-06-14 14:29:00,132.31,54
15916,1502.8600000000001,8,752,124,2010-12-08 13:07:00,2011-11-23 13:46:00,187.85750000000002,350
15917,123.1,1,42,12,2011-04-06 10:40:00,2011-04-06 10:40:00,123.1,0
15918,334.23,2,153,33,2011-03-13 15:55:00,2011-06-02 11:42:00,167.115,80
15919,525.69,2,385,103,2010-12-06 11:26:00,2011-11-20 11:28:00,262.845,349
15920,167.5,4,99,53,2011-07-08 15:16:00,2011-07-08 15:31:00,41.875,0
15921,323.03000000000003,1,162,24,2011-06-20 11:03:00,2011-06-20 11:03:00,323.03000000000003,0
15922,369.5,1,138,11,2010-12-01 13:51:00,2010-12-01 13:51:00,369.5,0
15923,127.08,1,122,21,2010-12-02 12:16:00,2010-12-02 12:16:00,127.08,0
15925,207.15,1,93,12,2011-05-29 15:35:00,2011-05-29 15:35:00,207.15,0
15930,426.63,1,139,21,2011-10-03 14:52:00,2011-10-03 14:52:00,426.63,0
15932,2495.87,8,2325,93,2011-02-23 14:50:00,2011-12-05 17:13:00,311.98375,285
15933,1107.46,3,885,63,2011-09-14 12:05:00,2011-11-18 13:14:00,369.15333333333336,65
15935,416.86,2,115,12,2011-04-12 09:35:00,2011-04-14 13:27:00,208.43,2
15937,145.35,1,73,7,2011-10-06 15:48:00,2011-10-06 15:48:00,145.35,0
15938,404.58,5,240,13,2011-01-20 10:11:00,2011-08-19 12:56:00,80.916,211
15939,6115.01,15,4728,28,2011-01-12 12:43:00,2011-09-11 11:30:00,407.6673333333334,241
15940,35.8,1,4,1,2011-02-01 16:18:00,2011-02-01 16:18:00,35.8,0
15942,337.44,1,232,14,2011-07-29 09:01:00,2011-07-29 09:01:00,337.44,0
15944,325.1,1,50,6,2011-03-08 10:33:00,2011-03-08 10:33:00,325.1,0
15945,181.0,1,52,2,2010-12-09 13:14:00,2010-12-09 13:14:00,181.0,0
15947,1708.24,1,898,29,2011-09-18 10:46:00,2011-09-18 10:46:00,1708.24,0
15948,955.24,2,567,51,2011-10-27 08:35:00,2011-12-01 15:32:00,477.62,35
15949,364.72,2,284,12,2011-09-29 17:34:00,2011-11-23 09:09:00,182.36,54
15950,1744.71,4,719,86,2010-12-15 11:56:00,2011-11-08 11:09:00,436.1775,327
15951,708.22,2,313,36,2011-02-27 11:57:00,2011-12-01 08:34:00,354.11,276
15952,781.91,4,391,65,2011-04-28 12:55:00,2011-11-06 11:18:00,195.4775,191
15953,1657.28,8,891,63,2010-12-05 15:15:00,2011-11-24 15:32:00,207.16,354
15955,4416.26,14,2135,137,2010-12-02 11:22:00,2011-11-15 14:15:00,315.44714285714286,348
15957,428.89,1,211,40,2011-11-08 12:14:00,2011-11-08 12:14:00,428.89,0
15958,104.35,1,33,7,2011-09-26 13:41:00,2011-09-26 13:41:00,104.35,0
15963,470.76,2,298,26,2011-10-25 13:05:00,2011-11-20 11:33:00,235.38,25
15965,808.87,4,434,88,2010-12-07 13:18:00,2011-11-22 16:44:00,202.2175,350
15967,397.68,2,205,73,2011-01-25 11:57:00,2011-11-16 15:41:00,198.84,295
15969,666.1,3,124,20,2011-06-07 12:19:00,2011-12-07 11:06:00,222.03333333333333,182
15970,314.1,1,116,11,2011-02-09 12:08:00,2011-02-09 12:08:00,314.1,0
15971,4199.85,12,1717,10,2011-02-01 16:47:00,2011-11-22 12:50:00,349.9875,293
15973,307.82000000000005,1,106,4,2010-12-08 11:42:00,2010-12-08 11:42:00,307.82000000000005,0
15974,3442.15,7,2262,141,2011-02-24 10:10:00,2011-10-31 13:13:00,491.7357142857143,249
15975,371.01,1,243,24,2011-09-16 13:33:00,2011-09-16 13:33:00,371.01,0
15976,427.64,2,275,83,2011-05-03 17:12:00,2011-06-27 13:00:00,213.82,54
15977,1054.73,2,1016,48,2011-10-31 16:24:00,2011-11-22 13:29:00,527.365,21
15978,1098.78,1,888,49,2011-09-23 15:21:00,2011-09-23 15:21:00,1098.78,0
15980,2398.86,3,1560,40,2011-03-30 15:05:00,2011-09-12 09:41:00,799.62,165
15981,3408.48,8,1866,53,2011-02-01 13:50:00,2011-11-15 08:00:00,426.06,286
15983,1465.12,4,886,82,2010-12-01 12:15:00,2011-11-17 17:34:00,366.28,351
15984,2780.63,10,1815,217,2010-12-06 13:21:00,2011-12-07 12:16:00,278.063,365
15985,1142.42,2,1086,29,2011-04-17 11:04:00,2011-08-08 16:31:00,571.21,113
15986,168.12,1,268,14,2011-11-09 15:17:00,2011-11-09 15:17:00,168.12,0
15987,1432.77,7,1533,110,2010-12-06 08:34:00,2011-11-27 15:38:00,204.68142857142857,356
15988,156.78,1,180,26,2011-11-20 13:23:00,2011-11-20 13:23:00,156.78,0
15990,792.11,2,443,52,2011-02-25 15:35:00,2011-10-26 15:58:00,396.055,243
15992,41.989999999999995,1,17,3,2011-12-06 11:00:00,2011-12-06 11:00:00,41.989999999999995,0
15993,2777.67,7,2037,335,2011-10-26 16:21:00,2011-12-01 10:45:00,396.81,35
15994,414.27,1,173,31,2011-10-16 12:28:00,2011-10-16 12:28:00,414.27,0
15996,1032.58,6,380,103,2010-12-08 15:59:00,2011-09-12 15:14:00,172.09666666666666,277
15998,3080.22,5,2032,370,2010-12-12 13:32:00,2011-11-03 12:45:00,616.044,325
16000,12393.7,3,5110,9,2011-12-07 12:14:00,2011-12-07 12:17:00,4131.233333333334,0
16003,2735.37,5,1185,82,2010-12-15 12:09:00,2011-11-10 09:57:00,547.074,329
16005,578.71,4,280,173,2011-03-14 11:46:00,2011-11-27 13:47:00,144.6775,258
16006,101.4,1,84,8,2011-05-12 13:12:00,2011-05-12 13:12:00,101.4,0
16007,1693.81,4,1388,221,2011-05-08 13:32:00,2011-10-23 11:05:00,423.4525,167
16008,478.78,3,323,29,2011-05-19 10:54:00,2011-11-16 10:32:00,159.59333333333333,180
16009,972.11,4,366,68,2011-07-03 11:26:00,2011-11-17 16:51:00,243.0275,137
16010,392.4,3,202,62,2010-12-12 12:18:00,2011-04-08 10:14:00,130.79999999999998,116
16011,3352.96,16,2035,99,2010-12-08 16:34:00,2011-12-01 16:31:00,209.56,357
16012,1415.29,3,799,87,2011-07-07 18:02:00,2011-11-04 13:25:00,471.7633333333333,119
16013,37130.6,47,15536,30,2010-12-03 13:09:00,2011-12-06 10:36:00,790.0127659574467,367
16014,646.83,3,258,123,2011-02-21 17:42:00,2011-11-02 12:04:00,215.61,253
16015,704.55,3,907,146,2011-10-21 12:56:00,2011-12-06 10:58:00,234.85,45
16016,1465.51,8,602,156,2010-12-08 12:36:00,2011-12-06 14:35:00,183.18875,363
16017,211.88,1,102,26,2011-10-23 12:56:00,2011-10-23 12:56:00,211.88,0
16018,408.90000000000003,2,190,26,2011-06-12 13:52:00,2011-10-31 14:13:00,204.45000000000002,141
16019,3786.2400000000002,9,1733,133,2010-12-10 12:29:00,2011-10-24 11:51:00,420.6933333333334,317
16020,851.01,3,487,42,2011-10-05 13:54:00,2011-11-23 11:18:00,283.67,48
16022,602.63,1,255,68,2011-03-24 13:16:00,2011-03-24 13:16:00,602.63,0
16023,719.81,3,358,90,2011-03-18 13:32:00,2011-10-24 16:34:00,239.93666666666664,220
16024,251.03,1,397,61,2011-11-27 13:26:00,2011-11-27 13:26:00,251.03,0
16025,439.65999999999997,1,338,28,2011-11-10 11:45:00,2011-11-10 11:45:00,439.65999999999997,0
16026,236.09,1,243,30,2011-10-27 13:53:00,2011-10-27 13:53:00,236.09,0
16027,934.62,6,1147,11,2011-02-10 12:19:00,2011-09-09 10:47:00,155.77,210
16029,80850.84,63,40108,44,2010-12-01 09:57:00,2011-11-01 10:27:00,1283.3466666666666,335
16030,331.24,1,283,28,2011-02-03 11:28:00,2011-02-03 11:28:00,331.24,0
16031,547.9,2,421,91,2011-04-06 14:23:00,2011-09-08 13:07:00,273.95,154
16033,8778.82,20,3529,538,2010-12-05 10:36:00,2011-12-04 12:44:00,438.941,364
16034,437.7,3,242,18,2011-01-11 11:54:00,2011-05-27 16:17:00,145.9,136
16036,758.92,2,716,55,2011-03-21 13:01:00,2011-09-13 14:53:00,379.46,176
16037,855.02,3,428,37,2010-12-16 10:18:00,2011-03-15 09:13:00,285.00666666666666,88
16038,471.78000000000003,3,244,24,2011-05-22 11:29:00,2011-12-02 12:40:00,157.26000000000002,194
16040,1313.55,3,684,57,2011-03-16 09:58:00,2011-10-05 13:47:00,437.84999999999997,203
16041,3166.4,3,1584,6,2011-07-21 16:27:00,2011-11-09 12:25:00,1055.4666666666667,110
16042,1177.47,5,743,68,2011-01-11 13:25:00,2011-11-17 17:50:00,235.494,310
16043,773.99,4,503,30,2011-01-26 11:14:00,2011-11-02 12:50:00,193.4975,280
16045,1340.7,4,897,71,2011-02-22 14:55:00,2011-08-12 12:41:00,335.175,170
16048,256.44,2,144,8,2010-12-01 15:27:00,2010-12-01 15:28:00,128.22,0
16049,1074.81,3,763,248,2011-09-25 14:33:00,2011-10-30 13:19:00,358.27,34
16050,137.9,1,278,10,2011-06-19 11:44:00,2011-06-19 11:44:00,137.9,0
16052,362.06,1,282,34,2011-10-16 15:13:00,2011-10-16 15:13:00,362.06,0
16053,1511.95,2,1793,81,2011-08-09 14:57:00,2011-11-07 11:21:00,755.975,89
16054,783.9,1,380,70,2011-07-17 13:08:00,2011-07-17 13:08:00,783.9,0
16055,134.8,1,22,8,2011-05-03 09:26:00,2011-05-03 09:26:00,134.8,0
16056,650.75,1,345,66,2011-10-25 15:19:00,2011-10-25 15:19:00,650.75,0
16057,2263.12,7,863,109,2011-02-28 10:35:00,2011-11-23 15:23:00,323.30285714285714,268
16059,1453.16,6,641,126,2010-12-07 10:36:00,2011-10-05 09:56:00,242.19333333333336,301
16062,1153.62,4,800,50,2010-12-10 12:00:00,2011-11-30 12:15:00,288.405,355
16063,335.32,1,262,23,2011-03-24 14:55:00,2011-03-24 14:56:00,335.32,0
16065,367.14,1,228,71,2010-12-09 13:03:00,2010-12-09 13:03:00,367.14,0
16066,1521.04,5,935,77,2011-08-07 14:33:00,2011-11-23 11:54:00,304.20799999999997,107
16070,852.15,2,457,32,2011-11-07 16:36:00,2011-11-17 15:50:00,426.075,9
16071,326.24,1,180,21,2011-10-26 11:14:00,2011-10-26 11:14:00,326.24,0
16072,584.3199999999999,1,140,23,2011-02-24 14:32:00,2011-02-24 14:32:00,584.3199999999999,0
16073,122.39999999999999,1,48,1,2011-02-15 15:41:00,2011-02-15 15:41:00,122.39999999999999,0
16076,2234.73,10,1435,71,2011-05-15 12:31:00,2011-12-06 14:59:00,223.473,205
16078,79.2,1,16,1,2011-03-01 09:47:00,2011-03-01 09:47:00,79.2,0
16079,1352.0,3,864,18,2011-10-30 13:06:00,2011-11-23 12:48:00,450.6666666666667,23
16080,217.16,2,128,10,2011-03-10 14:44:00,2011-09-19 10:42:00,108.58,192
16081,2799.42,5,1473,175,2010-12-08 11:16:00,2011-10-14 13:06:00,559.884,310
16083,1317.62,2,908,31,2010-12-14 11:51:00,2011-08-31 10:47:00,658.81,259
16084,436.18,1,216,38,2011-02-13 16:05:00,2011-02-13 16:05:00,436.18,0
16085,981.51,5,636,123,2011-01-23 12:07:00,2011-11-16 13:24:00,196.302,297
16086,1121.39,5,511,24,2010-12-07 13:45:00,2011-10-11 13:09:00,224.27800000000002,307
16091,315.06,2,154,16,2011-05-25 09:18:00,2011-07-08 08:45:00,157.53,43
16092,817.86,3,628,37,2011-03-30 15:38:00,2011-08-17 10:46:00,272.62,139
16093,17.0,1,20,1,2011-08-25 11:09:00,2011-08-25 11:09:00,17.0,0
16094,1078.23,4,647,48,2011-05-04 13:57:00,2011-11-28 12:45:00,269.5575,207
16096,320.62,1,155,12,2011-03-20 13:38:00,2011-03-20 13:38:00,320.62,0
16097,185.04999999999998,1,87,10,2011-04-13 13:47:00,2011-04-13 13:47:00,185.04999999999998,0
16098,2005.63,7,613,34,2010-12-01 09:45:00,2011-09-13 09:59:00,286.5185714285714,286
16099,731.9,3,434,29,2011-04-28 08:34:00,2011-10-20 13:13:00,243.96666666666667,175
16101,1290.7,1,757,76,2011-09-30 10:18:00,2011-09-30 10:18:00,1290.7,0
16102,1842.14,3,942,41,2011-08-03 12:50:00,2011-10-28 13:19:00,614.0466666666667,86
16103,1429.64,6,558,30,2011-04-20 12:28:00,2011-12-02 14:16:00,238.27333333333334,226
16104,298.21,1,122,28,2011-10-09 10:23:00,2011-10-09 10:23:00,298.21,0
16105,336.96,1,330,13,2011-04-05 10:13:00,2011-04-05 10:13:00,336.96,0
16106,108.38,1,74,6,2011-10-05 10:37:00,2011-10-05 10:37:00,108.38,0
16107,3204.1600000000003,7,1176,16,2011-06-09 18:42:00,2011-11-22 09:40:00,457.7371428571429,165
16108,842.5,1,615,48,2011-09-16 11:48:00,2011-09-16 11:48:00,842.5,0
16109,611.88,2,612,18,2011-02-04 12:37:00,2011-05-05 09:17:00,305.94,89
16110,1320.95,3,720,283,2011-02-01 14:01:00,2011-10-25 14:35:00,440.31666666666666,266
16112,195.73999999999998,4,574,15,2011-01-05 11:47:00,2011-07-19 14:28:00,48.934999999999995,195
16113,161.38,1,176,30,2011-06-09 16:16:00,2011-06-09 16:16:00,161.38,0
16114,135.75000000000003,1,43,8,2011-06-22 10:13:00,2011-06-22 10:13:00,135.75000000000003,0
16115,1660.8799999999999,8,994,169,2011-02-20 12:14:00,2011-11-30 11:32:00,207.60999999999999,282
16116,612.78,1,248,34,2011-05-12 12:01:00,2011-05-12 12:01:00,612.78,0
16117,232.21,1,130,30,2011-06-03 11:42:00,2011-06-03 11:42:00,232.21,0
16119,423.36,2,240,14,2011-09-28 10:15:00,2011-12-01 15:11:00,211.68,64
16120,1309.14,4,878,26,2011-10-11 14:10:00,2011-10-11 14:22:00,327.285,0
16121,854.66,2,576,170,2011-05-08 11:52:00,2011-10-13 12:59:00,427.33,158
16122,684.4200000000001,4,1128,26,2010-12-08 11:41:00,2011-09-27 15:34:00,171.10500000000002,293
16123,307.78,1,170,16,2011-10-19 09:18:00,2011-10-19 09:18:00,307.78,0
16124,249.0,1,48,11,2011-01-26 14:45:00,2011-01-26 14:45:00,249.0,0
16125,289.35,1,124,13,2010-12-07 15:48:00,2010-12-07 15:48:00,289.35,0
16126,6287.77,4,2125,57,2011-02-16 11:18:00,2011-11-10 16:03:00,1571.9425,267
16127,656.25,1,323,40,2011-10-31 13:58:00,2011-10-31 13:58:00,656.25,0
16128,1880.22,5,988,76,2011-03-02 12:21:00,2011-11-22 11:14:00,376.044,264
16131,3506.54,6,1802,55,2011-04-14 08:32:00,2011-10-19 11:53:00,584.4233333333333,188
16133,14589.04,33,8887,219,2011-01-25 15:55:00,2011-12-06 11:24:00,442.09212121212124,314
16134,618.09,2,371,34,2010-12-15 14:00:00,2011-11-18 10:05:00,309.045,337
16135,517.55,1,209,21,2011-03-22 12:30:00,2011-03-22 12:30:00,517.55,0
16136,709.38,3,440,35,2011-03-07 09:52:00,2011-10-11 09:10:00,236.46,217
16139,635.41,3,330,25,2011-05-17 10:23:00,2011-11-21 08:37:00,211.8033333333333,187
16140,725.18,2,730,32,2010-12-03 14:40:00,2011-10-05 12:15:00,362.59,305
16141,620.4,1,238,30,2011-09-12 13:11:00,2011-09-12 13:11:00,620.4,0
16142,535.34,1,422,37,2011-04-04 10:16:00,2011-04-04 10:16:00,535.34,0
16143,2424.94,6,919,75,2010-12-05 15:18:00,2011-12-06 14:13:00,404.1566666666667,365
16144,175.2,1,16,1,2011-04-07 10:09:00,2011-04-07 10:09:00,175.2,0
16145,3799.4900000000002,11,3123,134,2010-12-15 09:09:00,2011-12-01 10:33:00,345.40818181818184,351
16146,734.13,3,427,26,2011-04-21 15:25:00,2011-07-05 14:20:00,244.71,74
16147,375.0,1,246,22,2011-07-29 09:57:00,2011-07-29 09:57:00,375.0,0
16148,76.32000000000001,1,72,1,2011-02-16 14:01:00,2011-02-16 14:01:00,76.32000000000001,0
16149,280.52,2,308,18,2011-07-20 14:54:00,2011-12-05 11:29:00,140.26,137
16150,2053.02,5,1047,91,2010-12-02 18:27:00,2011-10-28 12:39:00,410.604,329
16152,1829.04,1,642,29,2011-03-16 09:47:00,2011-03-16 09:47:00,1829.04,0
16153,1824.23,5,1073,78,2010-12-20 09:22:00,2011-10-21 10:50:00,364.846,305
16156,3092.04,9,1273,108,2011-02-02 12:02:00,2011-12-01 12:42:00,343.56,302
16157,656.69,3,347,12,2011-09-28 11:48:00,2011-11-24 11:41:00,218.89666666666668,56
16159,348.2,1,236,14,2011-03-03 12:27:00,2011-03-03 12:27:00,348.2,0
16160,1025.44,2,1162,20,2011-09-15 10:53:00,2011-10-05 14:19:00,512.72,20
16161,5533.67,19,2583,286,2010-12-06 10:03:00,2011-12-08 12:10:00,291.2457894736842,367
16162,37.4,1,4,2,2011-04-01 15:03:00,2011-04-01 15:03:00,37.4,0
16163,856.6,2,192,5,2010-12-09 16:28:00,2011-04-21 15:15:00,428.3,132
16164,822.48,3,433,27,2011-10-28 09:12:00,2011-11-22 15:04:00,274.16,25
16168,3787.6,27,1892,57,2010-12-05 11:38:00,2011-11-29 12:45:00,140.28148148148148,359
16169,1822.97,4,1325,71,2011-09-25 11:33:00,2011-12-01 15:28:00,455.7425,67
16170,1885.05,6,1770,106,2011-04-05 13:42:00,2011-10-20 08:21:00,314.175,197
16171,73.2,1,24,3,2011-10-11 14:51:00,2011-10-11 14:51:00,73.2,0
16172,1140.21,5,787,52,2011-04-12 12:02:00,2011-09-05 13:22:00,228.042,146
16173,1418.32,6,575,70,2011-09-02 15:23:00,2011-11-24 10:53:00,236.38666666666666,82
16174,1009.5500000000001,3,651,19,2011-07-11 09:23:00,2011-08-05 13:26:00,336.5166666666667,25
16175,1037.59,4,533,45,2011-04-13 14:38:00,2011-09-06 14:32:00,259.3975,145
16177,331.95,1,95,15,2011-10-20 12:57:00,2011-10-20 12:57:00,331.95,0
16178,197.9,1,94,8,2011-07-24 16:05:00,2011-07-24 16:05:00,197.9,0
16179,215.83,1,99,11,2011-10-10 09:41:00,2011-10-10 09:41:00,215.83,0
16180,10254.18,8,5867,90,2011-04-01 10:23:00,2011-08-31 16:28:00,1281.7725,152
16181,305.54,1,152,11,2011-09-27 13:38:00,2011-09-27 13:38:00,305.54,0
16182,6617.65,4,3791,17,2011-02-18 10:11:00,2011-09-28 13:23:00,1654.4125,222
16183,338.71000000000004,1,113,15,2011-10-03 14:59:00,2011-10-03 14:59:00,338.71000000000004,0
16184,1158.79,6,561,26,2011-05-12 13:33:00,2011-10-06 17:43:00,193.13166666666666,147
16185,529.41,2,260,31,2011-04-21 11:59:00,2011-11-23 09:41:00,264.705,215
16186,4006.94,12,3020,87,2010-12-02 14:40:00,2011-11-17 12:43:00,333.9116666666667,349
16187,6911.4400000000005,15,5048,160,2011-02-28 13:34:00,2011-11-08 09:50:00,460.7626666666667,252
16188,981.86,4,782,65,2011-04-11 09:44:00,2011-10-26 12:19:00,245.465,198
16189,215.48,2,134,9,2011-09-15 15:21:00,2011-11-24 11:47:00,107.74,69
16190,215.08,1,88,6,2011-10-30 15:59:00,2011-10-30 15:59:00,215.08,0
16191,5180.52,13,3351,65,2010-12-14 12:38:00,2011-12-07 11:26:00,398.5015384615385,357
16193,314.45,1,219,19,2011-04-17 11:45:00,2011-04-17 11:45:00,314.45,0
16198,400.68100000000004,1,129,15,2011-09-25 14:58:00,2011-09-25 14:58:00,400.68100000000004,0
16200,1068.8700000000001,2,516,149,2011-06-28 15:47:00,2011-12-05 14:40:00,534.4350000000001,159
16201,1863.47,4,1286,74,2011-08-22 10:47:00,2011-12-06 16:02:00,465.8675,106
16202,365.27,1,191,18,2010-12-14 10:43:00,2010-12-14 10:43:00,365.27,0
16203,592.9,4,262,27,2010-12-02 15:39:00,2011-10-12 12:31:00,148.225,313
16204,384.18,1,218,45,2011-11-16 13:40:00,2011-11-16 13:40:00,384.18,0
16205,757.63,4,516,73,2011-06-13 11:33:00,2011-11-09 09:32:00,189.4075,148
16206,537.0600000000001,4,272,52,2011-01-16 11:07:00,2011-10-16 10:41:00,134.26500000000001,272
16207,394.38,1,140,19,2011-11-14 13:51:00,2011-11-14 13:51:00,394.38,0
16208,664.26,2,333,61,2011-02-23 13:37:00,2011-10-26 11:36:00,332.13,244
16209,2262.62,5,1179,37,2011-04-07 12:23:00,2011-09-12 11:58:00,452.524,157
16210,21086.3,18,7559,74,2010-12-01 12:27:00,2011-12-08 12:36:00,1171.461111111111,372
16211,547.02,1,154,23,2011-09-12 12:11:00,2011-09-12 12:11:00,547.02,0
16212,690.34,2,244,40,2011-03-01 12:51:00,2011-11-20 13:00:00,345.17,264
16213,159.0,1,48,6,2011-09-22 10:03:00,2011-09-22 10:03:00,159.0,0
16214,1062.75,3,420,36,2011-03-15 13:23:00,2011-06-22 11:30:00,354.25,98
16215,242.35,1,104,14,2011-09-20 10:18:00,2011-09-20 10:18:00,242.35,0
16216,914.9300000000001,1,254,37,2011-03-17 15:34:00,2011-03-17 15:34:00,914.9300000000001,0
16217,304.25,2,91,13,2011-03-02 15:28:00,2011-04-18 13:31:00,152.125,46
16218,3084.68,7,2088,56,2010-12-01 11:29:00,2011-11-10 09:59:00,440.6685714285714,343
16221,860.86,3,714,90,2010-12-07 13:13:00,2011-11-03 11:43:00,286.9533333333333,330
16222,773.5500000000001,1,325,120,2011-01-25 13:38:00,2011-01-25 13:38:00,773.5500000000001,0
16224,1295.3,4,1116,90,2011-04-04 12:00:00,2011-10-13 17:51:00,323.825,192
16225,1096.32,5,493,109,2011-03-07 12:17:00,2011-10-26 08:30:00,219.26399999999998,232
16226,255.12,3,192,6,2011-04-18 12:58:00,2011-05-20 14:41:00,85.04,32
16227,314.22,1,90,6,2011-04-28 13:33:00,2011-04-28 13:33:00,314.22,0
16229,1010.6,2,318,46,2011-05-11 10:18:00,2011-09-13 17:16:00,505.3,125
16230,542.03,2,365,32,2011-05-03 15:12:00,2011-06-03 10:06:00,271.015,30
16232,990.88,4,550,24,2011-05-08 14:05:00,2011-10-27 12:16:00,247.72,171
16233,536.6800000000001,3,174,22,2010-12-08 12:51:00,2011-09-29 17:27:00,178.89333333333335,295
16235,867.31,5,330,42,2011-01-11 15:42:00,2011-10-30 10:56:00,173.462,291
16236,432.2,1,184,20,2011-09-22 14:10:00,2011-09-22 14:10:00,432.2,0
16239,414.2,2,228,18,2011-06-03 09:30:00,2011-10-14 08:29:00,207.1,132
16240,3718.8,2,1641,126,2011-09-23 13:44:00,2011-11-15 14:30:00,1859.4,53
16241,2590.31,13,1443,347,2010-12-05 11:04:00,2011-11-30 11:08:00,199.2546153846154,360
16242,3579.86,7,1969,184,2011-03-07 17:04:00,2011-12-01 15:12:00,511.40857142857146,268
16243,409.1,2,110,49,2011-10-16 12:09:00,2011-11-06 12:32:00,204.55,21
16244,1522.75,2,855,88,2010-12-02 11:41:00,2011-05-12 10:18:00,761.375,160
16245,1413.66,3,1014,80,2011-03-28 09:30:00,2011-11-16 10:14:00,471.22,233
16247,114.56,1,182,16,2011-06-22 14:23:00,2011-06-22 14:23:00,114.56,0
16248,152.94,1,78,7,2011-10-09 11:32:00,2011-10-09 11:32:00,152.94,0
16249,1800.07,5,950,67,2011-04-14 13:50:00,2011-10-18 10:07:00,360.014,186
16250,389.44,2,208,22,2010-12-01 09:59:00,2011-03-23 15:07:00,194.72,112
16253,3683.86,2,3233,114,2011-03-29 13:33:00,2011-10-04 09:09:00,1841.93,188
16255,2619.91,8,1767,146,2010-12-09 14:25:00,2011-11-23 12:40:00,327.48875,348
16256,752.4300000000001,1,581,13,2011-03-18 12:18:00,2011-03-18 12:18:00,752.4300000000001,0
16257,46.95,1,2,2,2011-06-16 10:11:00,2011-06-16 10:11:00,46.95,0
16258,5203.51,5,2994,111,2011-05-04 14:33:00,2011-10-25 13:30:00,1040.702,173
16260,1035.45,1,311,18,2011-10-20 09:40:00,2011-10-20 09:40:00,1035.45,0
16261,728.54,4,301,98,2011-04-07 19:05:00,2011-11-22 17:23:00,182.135,228
16265,5447.0,9,2646,164,2010-12-10 10:21:00,2011-11-30 16:41:00,605.2222222222222,355
16266,861.89,7,398,44,2011-05-17 14:50:00,2011-09-27 12:08:00,123.12714285714286,132
16268,667.65,2,533,45,2011-09-29 18:30:00,2011-09-29 18:30:00,333.825,0
16270,1141.24,1,688,54,2010-12-21 14:26:00,2010-12-21 14:26:00,1141.24,0
16271,1404.64,5,1024,89,2010-12-16 16:36:00,2011-12-07 12:45:00,280.928,355
16272,411.7,1,224,25,2011-08-15 10:53:00,2011-08-15 10:54:00,411.7,0
16274,351.75,1,153,64,2010-12-01 15:35:00,2010-12-01 15:35:00,351.75,0
16275,559.87,1,336,33,2011-05-27 12:41:00,2011-05-27 12:41:00,559.87,0
16276,810.6000000000001,1,420,6,2011-06-16 09:34:00,2011-06-16 09:34:00,810.6000000000001,0
16278,566.38,1,114,23,2011-08-31 17:12:00,2011-08-31 17:12:00,566.38,0
16279,1502.78,3,1046,102,2011-06-16 11:50:00,2011-11-18 15:00:00,500.9266666666667,155
16281,2062.06,1,934,17,2011-09-28 14:57:00,2011-09-28 14:57:00,2062.06,0
16282,168.3,1,114,11,2011-01-04 11:42:00,2011-01-04 11:42:00,168.3,0
16283,1570.81,5,1236,117,2011-05-15 13:37:00,2011-12-04 12:08:00,314.162,202
16284,812.68,2,535,87,2011-10-20 13:54:00,2011-11-08 16:12:00,406.34,19
16287,142.5,1,298,8,2011-06-23 09:08:00,2011-06-23 09:08:00,142.5,0
16292,302.25,1,191,17,2011-08-10 12:24:00,2011-08-10 12:24:00,302.25,0
16293,2248.9900000000002,10,982,102,2010-12-07 15:02:00,2011-11-18 09:58:00,224.89900000000003,345
16295,1328.55,4,841,70,2011-10-06 10:45:00,2011-11-30 08:17:00,332.1375,54
16297,301.9,1,206,20,2011-03-16 08:29:00,2011-03-16 08:29:00,301.9,0
16298,598.2,3,198,22,2011-06-06 10:06:00,2011-11-17 11:59:00,199.4,164
16302,233.22,1,158,11,2011-08-05 09:44:00,2011-08-05 09:44:00,233.22,0
16303,5360.63,3,2659,119,2011-01-10 14:16:00,2011-11-14 10:49:00,1786.8766666666668,307
16305,361.21999999999997,1,256,22,2011-07-24 12:18:00,2011-07-24 12:18:00,361.21999999999997,0
16306,632.27,6,487,36,2010-12-07 15:18:00,2011-05-10 12:12:00,105.37833333333333,153
16308,2560.0,4,8000,1,2011-03-23 14:46:00,2011-11-02 11:24:00,640.0,223
16309,706.57,2,467,39,2011-04-13 11:46:00,2011-08-25 15:35:00,353.285,134
16311,616.26,2,394,35,2011-10-21 13:13:00,2011-11-22 08:54:00,308.13,31
16313,274.15000000000003,2,165,16,2011-10-21 09:04:00,2011-12-06 13:02:00,137.07500000000002,46
16315,226.37,1,75,14,2011-01-13 11:57:00,2011-01-13 11:57:00,226.37,0
16316,2938.91,8,1484,120,2010-12-16 14:26:00,2011-10-06 13:48:00,367.36375,293
16317,1341.65,3,890,64,2011-02-15 14:30:00,2011-08-12 12:46:00,447.2166666666667,177
16318,328.15,1,199,19,2011-11-04 13:05:00,2011-11-04 13:05:00,328.15,0
16319,404.40000000000003,1,72,3,2011-05-06 11:27:00,2011-05-06 11:27:00,404.40000000000003,0
16320,1038.46,2,732,56,2011-05-10 15:31:00,2011-06-20 15:25:00,519.23,40
16321,373.65000000000003,5,135,7,2011-01-20 12:11:00,2011-09-28 14:55:00,74.73,251
16322,326.75,2,231,28,2011-11-03 14:33:00,2011-12-08 15:41:00,163.375,35
16323,207.50000000000003,1,50,1,2011-05-27 14:48:00,2011-05-27 14:48:00,207.50000000000003,0
16324,408.59000000000003,3,270,100,2011-06-15 14:26:00,2011-08-03 12:58:00,136.1966666666667,48
16325,594.24,3,194,14,2011-04-08 09:20:00,2011-10-24 08:48:00,198.08,198
16326,3039.2200000000003,14,682,158,2011-01-09 12:01:00,2011-12-04 10:11:00,217.08714285714288,328
16327,3820.27,6,2560,142,2010-12-05 12:43:00,2011-11-25 13:23:00,636.7116666666667,355
16330,251.91,3,147,39,2011-08-19 17:08:00,2011-11-22 12:24:00,83.97,94
16332,1582.8,7,797,125,2011-02-07 14:16:00,2011-11-11 14:22:00,226.1142857142857,277
16333,26626.8,22,32184,9,2011-02-03 10:50:00,2011-12-02 12:19:00,1210.3090909090909,302
16337,151.05,1,87,10,2011-11-03 10:03:00,2011-11-03 10:03:00,151.05,0
16338,214.79999999999998,1,94,11,2011-07-05 13:56:00,2011-07-05 13:56:00,214.79999999999998,0
16339,94.05,1,21,17,2011-02-28 13:41:00,2011-02-28 13:41:00,94.05,0
16340,534.31,1,486,124,2011-08-24 14:53:00,2011-08-24 14:53:00,534.31,0
16341,1971.87,4,1398,60,2011-05-22 13:20:00,2011-11-15 09:12:00,492.9675,176
16342,322.41,4,157,10,2011-06-13 10:10:00,2011-09-25 14:36:00,80.6025,104
16343,328.58,2,175,29,2011-11-23 17:43:00,2011-11-23 17:45:00,164.29,0
16344,101.10000000000001,1,18,1,2011-07-04 15:50:00,2011-07-04 15:50:00,101.10000000000001,0
16345,565.46,1,288,35,2011-10-26 16:03:00,2011-10-26 16:03:00,565.46,0
16347,847.45,2,341,61,2011-11-03 13:01:00,2011-11-28 13:14:00,423.725,25
16348,1415.65,7,805,157,2011-04-13 15:49:00,2011-11-07 15:44:00,202.2357142857143,207
16349,53.5,1,9,9,2011-02-22 12:40:00,2011-02-22 12:40:00,53.5,0
16350,1116.47,4,545,40,2011-01-10 09:44:00,2011-11-18 15:53:00,279.1175,312
16351,153.9,1,90,8,2011-01-11 10:26:00,2011-01-11 10:26:00,153.9,0
16352,494.44,2,300,28,2011-11-02 08:44:00,2011-11-22 10:32:00,247.22,20
16353,6675.71,23,2006,51,2010-12-05 12:09:00,2011-12-06 12:23:00,290.24826086956523,366
16354,395.8,2,150,38,2011-09-27 16:28:00,2011-10-07 14:28:00,197.9,9
16356,211.77,3,93,20,2011-03-07 12:31:00,2011-05-26 11:51:00,70.59,79
16357,658.88,3,246,31,2011-05-10 10:35:00,2011-11-06 16:04:00,219.62666666666667,180
16358,2027.5,4,1302,82,2011-06-08 15:05:00,2011-12-08 15:09:00,506.875,183
16359,1750.92,9,1183,39,2011-01-12 10:49:00,2011-12-02 17:04:00,194.54666666666668,324
16360,3450.41,6,2110,365,2011-09-12 13:50:00,2011-12-05 12:16:00,575.0683333333333,83
16361,891.21,4,418,87,2011-09-29 13:13:00,2011-11-30 12:32:00,222.8025,61
16362,709.99,5,340,58,2011-09-09 14:47:00,2011-11-07 13:01:00,141.998,58
16363,109.36000000000001,1,52,5,2011-10-17 14:14:00,2011-10-17 14:14:00,109.36000000000001,0
16364,705.79,2,279,48,2011-07-25 14:35:00,2011-11-28 11:27:00,352.895,125
16365,1540.42,9,504,45,2010-12-07 17:19:00,2011-11-22 11:24:00,171.1577777777778,349
16366,327.3,1,256,18,2011-11-21 08:19:00,2011-11-21 08:19:00,327.3,0
16367,800.67,2,643,123,2010-12-12 12:01:00,2011-11-02 13:13:00,400.335,325
16368,479.91,2,251,58,2011-11-11 15:08:00,2011-12-07 13:12:00,239.955,25
16369,1545.41,3,1030,91,2011-05-27 09:39:00,2011-11-21 16:25:00,515.1366666666667,178
16370,1301.91,4,640,143,2011-04-28 16:40:00,2011-09-18 15:55:00,325.4775,142
16372,355.73,2,158,86,2011-11-06 12:50:00,2011-11-06 13:08:00,177.865,0
16374,466.73,2,237,101,2011-03-22 13:46:00,2011-10-04 15:21:00,233.365,196
16376,974.96,2,691,104,2011-11-22 16:47:00,2011-12-01 11:38:00,487.48,8
16377,676.2,1,1500,5,2011-03-17 15:41:00,2011-03-17 15:41:00,676.2,0
16378,362.95,3,267,22,2011-02-02 12:42:00,2011-04-06 15:07:00,120.98333333333333,63
16379,2157.4,4,1410,87,2011-09-22 09:33:00,2011-12-05 15:38:00,539.35,74
16380,1743.1499999999999,1,1428,28,2011-10-09 15:40:00,2011-10-09 15:40:00,1743.1499999999999,0
16383,643.76,2,467,80,2011-03-16 13:00:00,2011-09-26 12:45:00,321.88,193
16384,584.5,2,260,33,2011-03-21 10:13:00,2011-09-11 11:19:00,292.25,174
16385,554.86,3,258,52,2010-12-08 12:56:00,2011-10-10 13:12:00,184.95333333333335,306
16386,302.57,2,205,76,2011-03-31 12:19:00,2011-11-11 12:28:00,151.285,225
16387,94.36,1,44,4,2011-01-21 11:34:00,2011-01-21 11:34:00,94.36,0
16389,1382.07,4,1242,33,2011-03-01 15:47:00,2011-10-17 14:41:00,345.5175,229
16392,217.89,1,201,41,2011-03-15 12:11:00,2011-03-15 12:11:00,217.89,0
16393,3040.96,13,1573,120,2010-12-05 13:10:00,2011-12-07 12:51:00,233.92000000000002,366
16394,1555.34,5,2604,61,2011-02-23 10:58:00,2011-10-14 09:48:00,311.068,232
16395,1482.06,5,1472,150,2011-01-13 12:10:00,2011-10-10 12:50:00,296.412,270
16398,1705.8,2,758,75,2011-03-31 09:38:00,2011-07-08 15:16:00,852.9,99
16399,408.02,2,263,68,2011-04-18 13:46:00,2011-11-20 16:12:00,204.01,216
16400,303.93,1,172,28,2011-09-06 12:27:00,2011-09-06 12:27:00,303.93,0
16401,4098.32,12,3882,66,2011-01-16 10:56:00,2011-12-08 18:15:00,341.52666666666664,326
16402,293.45,2,146,55,2010-12-05 13:42:00,2011-03-20 12:25:00,146.725,104
16403,177.5,1,114,10,2011-01-31 13:39:00,2011-01-31 13:39:00,177.5,0
16404,443.05,1,157,23,2011-09-30 14:55:00,2011-09-30 14:55:00,443.05,0
16405,167.25,2,187,3,2011-02-02 17:08:00,2011-02-10 15:24:00,83.625,7
16406,154.35,1,116,54,2011-11-21 11:57:00,2011-11-21 11:57:00,154.35,0
16407,2079.68,10,1093,99,2011-01-31 14:02:00,2011-11-27 11:05:00,207.968,299
16409,2022.98,5,1304,145,2011-01-26 14:51:00,2011-11-03 16:45:00,404.596,281
16411,211.7,2,131,41,2010-12-05 13:26:00,2011-11-20 13:23:00,105.85,349
16412,135.99,1,63,25,2011-10-17 12:35:00,2011-10-17 12:35:00,135.99,0
16413,262.2,1,148,30,2011-10-14 12:08:00,2011-10-14 12:08:00,262.2,0
16414,126.25,2,27,5,2011-03-04 13:27:00,2011-11-18 09:42:00,63.125,258
16415,200.27,1,178,45,2011-10-26 13:35:00,2011-10-26 13:35:00,200.27,0
16416,1051.4,3,672,59,2011-10-14 13:35:00,2011-11-13 12:50:00,350.4666666666667,29
16418,631.12,3,280,76,2011-04-27 16:54:00,2011-10-26 12:39:00,210.37333333333333,181
16419,958.71,6,428,36,2011-02-01 12:25:00,2011-08-19 12:33:00,159.785,199
16422,34684.4,51,33704,68,2010-12-05 15:35:00,2011-11-22 14:00:00,680.086274509804,351
16423,346.12,1,230,18,2011-11-15 09:21:00,2011-11-15 09:21:00,346.12,0
16424,133.56,1,88,5,2011-06-01 13:40:00,2011-06-01 13:40:00,133.56,0
16425,302.7,1,199,21,2011-02-10 14:30:00,2011-02-10 14:30:00,302.7,0
16426,1863.76,10,1215,211,2011-03-08 15:45:00,2011-12-07 14:01:00,186.376,273
16427,241.06,2,156,8,2011-02-28 15:18:00,2011-03-21 17:10:00,120.53,21
16429,284.55,1,9,2,2011-08-25 13:54:00,2011-08-25 13:54:00,284.55,0
16430,300.85,1,103,6,2011-10-13 14:47:00,2011-10-13 14:47:00,300.85,0
16431,623.28,3,442,51,2011-02-15 14:02:00,2011-05-10 14:09:00,207.76,84
16432,287.4,1,276,8,2011-10-06 13:59:00,2011-10-06 13:59:00,287.4,0
16433,184.26,1,106,17,2011-11-11 14:09:00,2011-11-11 14:09:00,184.26,0
16434,1511.8,7,760,88,2011-02-13 12:17:00,2011-11-10 14:28:00,215.97142857142856,270
16438,798.35,5,463,74,2011-09-18 13:31:00,2011-12-04 10:51:00,159.67000000000002,76
16440,3640.67,5,2018,186,2011-05-09 12:25:00,2011-12-02 12:02:00,728.134,206
16441,381.2,2,173,22,2011-02-21 17:35:00,2011-10-03 17:48:00,190.6,224
16442,609.3,3,443,161,2010-12-14 10:46:00,2011-12-08 11:43:00,203.1,359
16444,654.67,4,407,68,2011-03-20 12:14:00,2011-10-24 13:50:00,163.6675,218
16445,230.51,1,111,62,2011-11-06 12:32:00,2011-11-06 12:32:00,230.51,0
16446,168472.5,2,80997,3,2011-05-18 09:52:00,2011-12-09 09:15:00,84236.25,204
16447,255.91,1,221,34,2011-07-27 12:45:00,2011-07-27 12:45:00,255.91,0
16448,182.99,1,76,19,2011-05-25 16:28:00,2011-05-25 16:28:00,182.99,0
16449,707.69,2,367,40,2011-03-04 12:15:00,2011-05-26 10:25:00,353.845,82
16450,311.92,1,200,11,2011-07-13 11:47:00,2011-07-13 11:47:00,311.92,0
16451,266.97,1,120,14,2011-09-13 09:17:00,2011-09-13 09:17:00,266.97,0
16454,6.9,2,3,2,2011-10-06 16:57:00,2011-10-26 11:40:00,3.45,19
16455,1841.18,7,988,69,2010-12-03 16:44:00,2011-10-07 12:17:00,263.0257142857143,307
16456,2158.18,5,1147,80,2010-12-01 14:11:00,2011-09-01 13:50:00,431.63599999999997,273
16457,208.36,1,140,9,2011-05-05 13:19:00,2011-05-05 13:19:00,208.36,0
16458,3482.7400000000002,18,2154,52,2010-12-14 11:51:00,2011-12-07 09:34:00,193.48555555555558,357
16460,811.23,3,876,128,2011-09-19 10:15:00,2011-11-11 13:46:00,270.41,53
16461,142.92,1,48,31,2011-06-15 12:07:00,2011-06-15 12:07:00,142.92,0
16462,136.0,3,16,1,2011-03-01 08:58:00,2011-09-27 10:24:00,45.333333333333336,210
16463,1422.4,4,1163,74,2011-05-19 14:45:00,2011-11-18 14:01:00,355.6,182
16464,1298.66,3,952,152,2011-07-20 13:53:00,2011-11-20 12:11:00,432.8866666666667,122
16466,1595.96,7,785,103,2011-02-20 11:39:00,2011-11-06 11:35:00,227.99428571428572,258
16468,74.9,1,31,2,2011-09-26 14:13:00,2011-09-26 14:13:00,74.9,0
16469,625.42,4,260,148,2011-04-07 13:11:00,2011-11-16 12:25:00,156.355,222
16470,752.77,4,522,120,2010-12-16 11:53:00,2011-10-19 12:11:00,188.1925,307
16471,223.95000000000002,1,141,13,2011-03-10 09:41:00,2011-03-10 09:41:00,223.95000000000002,0
16473,316.11,3,196,18,2011-01-07 10:55:00,2011-06-28 09:10:00,105.37,171
16474,1810.65,7,909,237,2011-07-17 14:51:00,2011-12-02 13:02:00,258.6642857142857,137
16475,544.3,4,319,23,2011-03-11 09:39:00,2011-09-12 14:37:00,136.075,185
16477,2494.46,7,1415,111,2010-12-03 12:48:00,2011-10-07 09:44:00,356.3514285714286,307
16478,331.0,3,224,15,2011-10-05 12:02:00,2011-11-14 15:51:00,110.33333333333333,40
16479,300.83,2,102,35,2011-11-29 13:04:00,2011-11-29 13:40:00,150.415,0
16480,769.29,1,455,51,2011-09-25 11:40:00,2011-09-25 11:40:00,769.29,0
16482,220.62,1,346,18,2011-11-24 12:33:00,2011-11-24 12:33:00,220.62,0
16483,139.35,1,44,19,2011-05-31 13:08:00,2011-05-31 13:08:00,139.35,0
16484,404.3,2,200,25,2011-06-02 10:39:00,2011-06-19 12:06:00,202.15,17
16485,363.65,1,235,41,2011-09-23 15:50:00,2011-09-23 15:50:00,363.65,0
16488,498.8,3,728,28,2011-07-14 11:46:00,2011-11-06 13:42:00,166.26666666666668,115
16491,731.5,1,478,39,2011-10-24 10:18:00,2011-10-24 10:18:00,731.5,0
16493,1351.63,4,1164,40,2011-01-14 08:16:00,2011-09-21 11:10:00,337.9075,250
16494,826.53,1,675,47,2011-02-16 12:49:00,2011-02-16 12:49:00,826.53,0
16495,648.26,3,328,78,2011-03-08 16:38:00,2011-12-06 13:20:00,216.08666666666667,272
16496,1599.52,3,1111,92,2011-01-27 09:42:00,2011-12-01 10:31:00,533.1733333333333,308
16497,2965.69,6,1396,128,2011-01-10 13:20:00,2011-10-21 10:55:00,494.2816666666667,283
16498,100.97,2,45,15,2011-06-30 19:52:00,2011-07-01 15:07:00,50.485,0
16499,365.45,2,127,18,2010-12-10 10:27:00,2010-12-14 13:31:00,182.725,4
16500,400.86,6,123,8,2011-01-13 10:28:00,2011-12-05 12:04:00,66.81,326
16503,1431.93,4,569,71,2010-12-14 13:50:00,2011-08-25 11:46:00,357.9825,253
16504,465.88,1,510,76,2011-11-14 15:18:00,2011-11-14 15:18:00,465.88,0
16505,777.6,1,576,4,2011-11-08 12:14:00,2011-11-08 12:14:00,777.6,0
16506,90.30000000000001,2,42,3,2011-10-30 15:50:00,2011-11-20 12:17:00,45.150000000000006,20
16509,363.7,1,64,13,2011-02-16 09:25:00,2011-02-16 09:25:00,363.7,0
16510,248.1,1,92,13,2010-12-02 13:39:00,2010-12-02 13:39:00,248.1,0
16511,918.33,3,405,135,2011-03-18 11:24:00,2011-11-18 10:41:00,306.11,244
16513,874.59,4,407,33,2011-10-27 14:56:00,2011-12-05 10:18:00,218.6475,38
16515,1624.14,5,826,89,2011-02-01 13:09:00,2011-10-18 13:10:00,324.82800000000003,259
16516,101.69999999999999,1,58,6,2011-11-09 14:59:00,2011-11-09 14:59:00,101.69999999999999,0
16517,162.7,1,96,17,2011-03-07 13:50:00,2011-03-07 13:50:00,162.7,0
16518,484.32,2,327,36,2011-02-28 16:36:00,2011-10-09 15:04:00,242.16,222
16519,215.07999999999998,2,54,13,2010-12-09 14:08:00,2011-11-14 15:41:00,107.53999999999999,340
16520,1046.57,3,558,129,2010-12-09 13:08:00,2011-06-06 13:24:00,348.8566666666666,179
16523,9418.470000000001,21,4265,151,2011-01-28 12:06:00,2011-12-08 09:06:00,448.4985714285715,313
16525,13027.45,26,7397,75,2010-12-08 11:31:00,2011-12-07 15:07:00,501.0557692307693,364
16526,290.36,1,106,15,2011-06-21 12:02:00,2011-06-21 12:02:00,290.36,0
16527,228.06,1,106,14,2011-09-19 16:21:00,2011-09-19 16:21:00,228.06,0
16528,244.41,1,171,17,2011-12-06 12:45:00,2011-12-06 12:45:00,244.41,0
16529,455.25,1,198,30,2011-06-02 17:23:00,2011-06-02 17:23:00,455.25,0
16531,1244.59,7,915,68,2010-12-14 13:19:00,2011-11-17 16:29:00,177.79857142857142,338
16532,6748.8,3,2016,2,2011-01-05 12:37:00,2011-11-22 11:08:00,2249.6,320
16533,1082.81,3,611,112,2011-10-02 15:07:00,2011-11-20 13:08:00,360.93666666666667,48
16535,593.75,1,356,31,2011-12-04 15:18:00,2011-12-04 15:18:00,593.75,0
16536,548.12,1,250,49,2011-08-21 15:54:00,2011-08-21 15:54:00,548.12,0
16539,1388.81,4,477,36,2010-12-01 15:40:00,2011-12-07 08:41:00,347.2025,370
16542,119.62,1,46,5,2011-10-17 10:47:00,2011-10-17 10:47:00,119.62,0
16545,339.3,1,78,3,2011-06-28 10:37:00,2011-06-28 10:37:00,339.3,0
16546,787.15,2,549,25,2010-12-02 12:07:00,2011-02-22 11:20:00,393.575,81
16549,4034.9,10,2294,445,2011-01-09 14:03:00,2011-11-29 15:06:00,403.49,324
16550,2298.97,5,1540,162,2010-12-06 13:53:00,2011-08-23 11:12:00,459.794,259
16551,922.12,3,970,26,2011-01-07 10:24:00,2011-09-05 09:38:00,307.37333333333333,240
16552,379.73,2,219,17,2010-12-01 12:36:00,2011-04-11 10:04:00,189.865,130
16553,5719.82,12,4600,62,2010-12-14 13:58:00,2011-06-29 15:42:00,476.65166666666664,197
16554,837.1,3,402,51,2011-01-12 12:41:00,2011-10-28 14:51:00,279.03333333333336,289
16555,285.89,2,175,15,2011-08-22 12:32:00,2011-11-04 14:31:00,142.945,74
16556,3313.79,7,1890,144,2010-12-14 13:32:00,2011-10-04 11:36:00,473.3985714285714,293
16557,281.85,2,111,11,2011-07-25 13:28:00,2011-11-15 14:04:00,140.925,113
16558,8338.49,20,5377,264,2010-12-08 12:01:00,2011-12-09 10:20:00,416.92449999999997,365
16560,841.41,2,500,52,2010-12-16 14:36:00,2011-11-13 10:35:00,420.705,331
16561,511.12,2,244,29,2011-10-11 09:53:00,2011-12-04 11:50:00,255.56,54
16563,1077.74,1,486,19,2011-10-17 11:51:00,2011-10-17 11:51:00,1077.74,0
16565,173.7,1,46,3,2010-12-10 15:21:00,2010-12-10 15:21:00,173.7,0
16566,614.66,5,362,14,2011-02-20 10:29:00,2011-11-24 16:34:00,122.93199999999999,277
16567,865.6,2,996,34,2011-01-07 09:31:00,2011-05-29 13:57:00,432.8,142
16569,124.2,1,93,5,2011-12-06 15:32:00,2011-12-06 15:32:00,124.2,0
16570,3738.4,10,2112,68,2011-02-01 10:37:00,2011-11-24 17:02:00,373.84000000000003,296
16571,1421.69,3,1239,73,2011-03-03 09:41:00,2011-11-13 11:46:00,473.8966666666667,255
16572,1009.6,3,532,40,2011-03-09 12:04:00,2011-08-04 16:34:00,336.53333333333336,148
16573,663.61,2,360,40,2011-02-22 15:14:00,2011-09-16 09:13:00,331.805,205
16574,451.44,1,416,28,2011-09-29 13:39:00,2011-09-29 13:39:00,451.44,0
16581,105.84,1,134,9,2011-06-10 10:05:00,2011-06-10 10:05:00,105.84,0
16582,313.62,1,164,6,2011-08-18 17:02:00,2011-08-18 17:02:00,313.62,0
16583,233.45,1,111,14,2010-12-01 12:03:00,2010-12-01 12:03:00,233.45,0
16584,936.08,2,646,25,2011-03-30 13:14:00,2011-09-20 13:45:00,468.04,174
16586,463.95,1,95,8,2011-04-05 09:32:00,2011-04-05 09:32:00,463.95,0
16587,225.15,1,71,13,2011-04-21 15:51:00,2011-04-21 15:51:00,225.15,0
16589,459.24,3,368,31,2011-07-01 13:31:00,2011-09-29 14:50:00,153.08,90
16591,213.5,1,41,10,2011-10-02 10:43:00,2011-10-02 10:43:00,213.5,0
16592,4113.68,16,2927,142,2011-02-25 10:19:00,2011-12-05 13:49:00,257.105,283
16593,330.03,3,116,24,2011-01-16 12:11:00,2011-10-20 12:41:00,110.00999999999999,277
16594,181.09,1,64,53,2011-09-25 14:08:00,2011-09-25 14:08:00,181.09,0
16595,360.16,1,335,83,2011-10-09 13:15:00,2011-10-09 13:15:00,360.16,0
16596,250.15,2,97,12,2010-12-08 16:18:00,2011-11-24 10:02:00,125.075,350
16597,90.04,1,184,7,2011-12-05 15:44:00,2011-12-05 15:44:00,90.04,0
16598,145.04999999999998,1,73,10,2011-02-27 11:42:00,2011-02-27 11:42:00,145.04999999999998,0
16600,813.52,6,1145,50,2011-01-05 12:13:00,2011-12-05 16:00:00,135.58666666666667,334
16601,242.7,1,133,29,2011-10-30 11:09:00,2011-10-30 11:09:00,242.7,0
16602,528.08,1,336,29,2011-11-03 15:54:00,2011-11-03 15:54:00,528.08,0
16603,482.47,2,480,34,2011-09-09 13:02:00,2011-09-26 10:06:00,241.235,16
16607,3347.71,14,2859,140,2010-12-16 08:41:00,2011-11-22 10:24:00,239.12214285714285,341
16609,5493.46,7,2420,155,2011-04-01 10:11:00,2011-11-24 13:32:00,784.78,237
16610,75.66,1,66,6,2011-05-04 13:13:00,2011-05-04 13:13:00,75.66,0
16611,129.49,1,47,9,2011-06-06 15:46:00,2011-06-06 15:46:00,129.49,0
16612,1187.66,4,506,48,2011-02-01 10:38:00,2011-11-07 07:38:00,296.915,278
16613,618.59,1,293,30,2011-09-30 15:52:00,2011-09-30 15:52:00,618.59,0
16614,506.19,1,223,26,2011-06-10 11:36:00,2011-06-10 11:36:00,506.19,0
16616,500.42,2,370,31,2011-07-05 13:38:00,2011-11-24 16:31:00,250.21,142
16617,151.85,1,91,5,2011-04-18 10:35:00,2011-04-18 10:35:00,151.85,0
16618,2647.59,5,1363,79,2011-01-21 11:55:00,2011-11-08 13:52:00,529.518,291
16619,226.21,1,133,14,2011-03-21 08:18:00,2011-03-21 08:18:00,226.21,0
16620,178.96,2,88,9,2011-03-24 10:37:00,2011-12-06 12:19:00,89.48,257
16621,813.48,4,302,22,2011-03-07 11:32:00,2011-10-19 11:38:00,203.37,226
16623,129.45,1,39,5,2011-04-08 10:09:00,2011-04-08 10:09:00,129.45,0
16624,810.5699999999999,2,488,44,2011-05-26 14:20:00,2011-09-20 12:39:00,405.28499999999997,116
16625,333.08,1,164,23,2011-03-10 12:50:00,2011-03-10 12:50:00,333.08,0
16626,4413.1,17,2690,86,2011-03-18 12:27:00,2011-12-09 11:56:00,259.59411764705885,265
16627,322.8,1,162,20,2011-09-21 14:38:00,2011-09-21 14:38:00,322.8,0
16628,2188.05,5,1205,79,2011-04-19 08:55:00,2011-11-10 12:45:00,437.61,205
16629,408.63,2,489,58,2011-09-04 16:12:00,2011-09-27 10:34:00,204.315,22
16633,2883.1,6,1138,115,2011-04-19 14:36:00,2011-11-22 13:41:00,480.51666666666665,216
16634,217.9,2,82,9,2010-12-02 17:41:00,2011-05-01 12:09:00,108.95,149
16637,1154.47,4,927,66,2011-04-28 10:20:00,2011-11-07 13:17:00,288.6175,193
16638,1680.72,10,1255,92,2010-12-06 10:19:00,2011-11-17 11:09:00,168.072,346
16639,1257.51,3,510,48,2011-04-18 09:31:00,2011-11-08 13:20:00,419.17,204
16641,231.10000000000002,1,256,12,2011-08-26 12:49:00,2011-08-26 12:49:00,231.10000000000002,0
16642,688.33,2,479,32,2011-05-16 12:35:00,2011-12-05 11:31:00,344.165,202
16643,487.51,1,269,27,2011-04-08 08:24:00,2011-04-08 08:24:00,487.51,0
16644,833.78,2,826,62,2011-05-11 12:53:00,2011-06-15 12:39:00,416.89,34
16647,214.06,2,146,12,2011-05-19 09:31:00,2011-06-23 11:47:00,107.03,35
16648,290.65999999999997,1,281,19,2011-10-28 08:58:00,2011-10-28 08:58:00,290.65999999999997,0
16650,518.42,1,372,24,2011-09-29 09:51:00,2011-09-29 09:51:00,518.42,0
16652,6773.97,7,3283,74,2011-03-11 13:13:00,2011-10-12 09:38:00,967.71,214
16653,1212.66,2,733,67,2011-09-29 13:38:00,2011-11-23 14:51:00,606.33,55
16654,601.27,4,282,29,2010-12-06 15:09:00,2011-07-21 15:23:00,150.3175,227
16655,3789.52,6,2363,208,2011-01-12 10:16:00,2011-11-22 11:25:00,631.5866666666667,314
16656,8625.8,15,8894,14,2010-12-10 11:23:00,2011-11-17 14:43:00,575.0533333333333,342
16657,874.43,4,1130,158,2011-03-30 12:02:00,2011-11-30 11:48:00,218.6075,244
16658,123.24,1,40,8,2010-12-06 13:47:00,2010-12-06 13:47:00,123.24,0
16659,39.12,1,72,2,2011-06-03 15:03:00,2011-06-03 15:03:00,39.12,0
16660,1267.6499999999999,4,571,16,2011-01-24 12:44:00,2011-11-23 14:53:00,316.91249999999997,303
16665,135.39999999999998,1,59,9,2010-12-12 14:03:00,2010-12-12 14:03:00,135.39999999999998,0
16666,118.98,1,233,32,2011-11-20 14:01:00,2011-11-20 14:01:00,118.98,0
16667,567.1800000000001,2,236,52,2011-02-28 12:57:00,2011-10-02 15:26:00,283.59000000000003,216
16668,306.71999999999997,6,318,9,2011-02-28 12:46:00,2011-11-24 17:43:00,51.12,269
16669,1348.88,3,881,141,2011-09-22 14:13:00,2011-11-16 12:26:00,449.6266666666667,54
16670,4095.9,11,2556,179,2010-12-16 10:30:00,2011-11-23 09:34:00,372.3545454545455,341
16671,1692.27,3,875,3,2011-06-28 11:20:00,2011-11-11 13:40:00,564.09,136
16672,8134.9400000000005,20,2832,22,2011-03-18 10:15:00,2011-12-07 16:29:00,406.747,264
16674,304.24,2,181,89,2011-09-02 13:59:00,2011-10-16 11:31:00,152.12,43
16676,1592.1200000000001,4,636,75,2011-01-06 13:00:00,2011-11-06 12:01:00,398.03000000000003,303
16678,3109.99,12,2397,92,2011-03-02 09:24:00,2011-12-07 12:17:00,259.1658333333333,280
16679,129.75,1,29,3,2010-12-08 13:51:00,2010-12-08 13:51:00,129.75,0
16680,183.7,1,94,10,2011-10-27 17:35:00,2011-10-27 17:35:00,183.7,0
16681,1770.34,6,1407,18,2011-03-31 13:46:00,2011-09-28 11:11:00,295.0566666666667,180
16682,1028.0,5,1040,15,2011-06-05 11:02:00,2011-12-05 12:13:00,205.6,183
16684,66653.56,28,50255,119,2010-12-16 17:34:00,2011-12-05 14:06:00,2380.4842857142858,353
16685,324.24,2,396,60,2011-10-09 13:44:00,2011-10-09 13:58:00,162.12,0
16686,2959.88,7,1977,406,2010-12-19 14:41:00,2011-10-23 13:49:00,422.84000000000003,307
16688,1260.86,4,804,52,2011-10-10 12:23:00,2011-12-08 15:24:00,315.215,59
16689,422.59999999999997,2,330,12,2011-09-18 13:29:00,2011-09-25 11:39:00,211.29999999999998,6
16690,225.57999999999998,2,138,10,2011-05-22 10:53:00,2011-09-28 15:02:00,112.78999999999999,129
16692,1276.0,2,152,2,2011-02-23 15:41:00,2011-03-28 14:46:00,638.0,32
16693,477.86,2,203,58,2011-03-13 11:06:00,2011-10-02 11:10:00,238.93,203
16696,657.9000000000001,4,146,7,2011-04-05 15:20:00,2011-07-27 14:23:00,164.47500000000002,112
16697,112.75,1,27,20,2011-04-12 17:12:00,2011-04-12 17:12:00,112.75,0
16698,1998.0,2,840,4,2011-03-31 13:33:00,2011-04-27 10:52:00,999.0,26
16700,5076.55,13,4024,159,2010-12-08 16:34:00,2011-12-01 11:00:00,390.50384615384615,357
16701,5398.3,13,6393,99,2010-12-13 11:51:00,2011-12-01 11:10:00,415.25384615384615,352
16705,14034.99,20,5476,133,2010-12-16 10:51:00,2011-12-09 12:08:00,701.7495,358
16706,531.35,3,249,108,2011-08-17 15:53:00,2011-11-02 13:50:00,177.11666666666667,76
16708,656.63,1,285,27,2011-10-25 12:20:00,2011-10-25 12:20:00,656.63,0
16709,3029.87,5,851,64,2011-03-03 10:55:00,2011-09-16 10:56:00,605.9739999999999,197
16710,2467.99,10,1823,268,2010-12-06 13:13:00,2011-11-20 14:50:00,246.79899999999998,349
16711,1651.03,5,833,18,2010-12-17 12:43:00,2011-12-06 16:32:00,330.206,354
16712,3611.31,11,1730,259,2011-03-08 15:07:00,2011-11-30 13:48:00,328.3009090909091,266
16713,6910.78,15,4271,338,2010-12-08 13:01:00,2011-11-21 12:36:00,460.71866666666665,347
16714,1129.06,3,589,77,2011-01-26 13:40:00,2011-05-05 11:09:00,376.3533333333333,98
16715,301.71999999999997,1,642,19,2011-09-22 18:15:00,2011-09-22 18:15:00,301.71999999999997,0
16716,901.2,2,120,1,2011-02-01 15:35:00,2011-03-18 10:03:00,450.6,44
16717,3843.08,6,1860,176,2010-12-08 16:48:00,2011-11-16 12:16:00,640.5133333333333,342
16718,606.0500000000001,1,407,41,2010-12-05 13:03:00,2010-12-05 13:03:00,606.0500000000001,0
16719,1770.22,7,1175,107,2010-12-06 12:06:00,2011-11-25 09:27:00,252.88857142857142,353
16720,152.95,1,180,25,2011-11-13 16:22:00,2011-11-13 16:22:00,152.95,0
16721,292.47,1,172,37,2011-03-22 16:08:00,2011-03-22 16:08:00,292.47,0
16722,4730.81,13,5001,96,2010-12-06 12:59:00,2011-11-22 13:28:00,363.90846153846155,351
16723,576.4,2,398,37,2011-08-24 11:31:00,2011-09-09 13:01:00,288.2,16
16725,758.27,7,288,110,2010-12-03 16:02:00,2011-02-10 16:52:00,108.32428571428571,69
16726,1358.74,5,945,121,2010-12-13 13:28:00,2011-11-13 14:53:00,271.748,335
16727,256.32,1,167,41,2010-12-10 13:48:00,2010-12-10 13:48:00,256.32,0
16728,1048.28,4,671,218,2011-03-20 13:28:00,2011-10-24 14:36:00,262.07,218
16729,7205.33,21,5722,234,2011-04-12 14:22:00,2011-11-01 14:29:00,343.11095238095237,203
16730,743.11,3,994,75,2011-01-24 14:01:00,2011-10-18 14:11:00,247.70333333333335,267
16732,603.75,1,317,28,2011-11-08 09:54:00,2011-11-08 09:54:00,603.75,0
16734,646.76,3,345,44,2011-08-17 15:00:00,2011-10-18 13:44:00,215.58666666666667,61
16735,2247.41,5,1532,88,2011-01-09 12:53:00,2011-09-22 11:49:00,449.48199999999997,255
16737,417.59999999999997,1,288,1,2011-10-17 13:03:00,2011-10-17 13:03:00,417.59999999999997,0
16738,3.75,1,3,1,2011-02-15 09:46:00,2011-02-15 09:46:00,3.75,0
16739,323.0,1,172,13,2011-06-16 09:17:00,2011-06-16 09:17:00,323.0,0
16742,464.9,1,1,1,2011-10-24 12:02:00,2011-10-24 12:02:00,464.9,0
16743,2213.13,7,2035,89,2010-12-16 12:15:00,2011-11-10 13:13:00,316.1614285714286,329
16744,1291.91,7,798,198,2011-06-19 15:13:00,2011-11-28 13:06:00,184.55857142857144,161
16745,7180.7,17,6719,148,2011-02-01 11:31:00,2011-09-14 11:58:00,422.3941176470588,225
16746,6680.11,18,4660,234,2010-12-16 11:43:00,2011-12-05 12:33:00,371.1172222222222,354
16747,836.06,2,583,34,2011-10-03 10:18:00,2011-11-02 11:37:00,418.03,30
16748,1515.9,5,880,42,2011-01-09 13:50:00,2011-11-22 10:17:00,303.18,316
16750,623.93,5,214,74,2011-04-21 16:53:00,2011-10-26 12:48:00,124.78599999999999,187
16751,1764.72,1,1031,24,2011-11-09 10:48:00,2011-11-09 10:48:00,1764.72,0
16752,207.5,1,54,9,2010-12-02 12:18:00,2010-12-02 12:18:00,207.5,0
16753,223.92000000000002,1,189,34,2011-10-12 13:14:00,2011-10-12 13:14:00,223.92000000000002,0
16754,2002.4,1,4280,2,2010-12-02 17:38:00,2010-12-02 17:38:00,2002.4,0
16755,1475.43,3,1058,133,2011-01-28 10:47:00,2011-08-17 13:21:00,491.81,201
16756,239.4,1,106,13,2011-05-09 09:33:00,2011-05-09 09:33:00,239.4,0
16757,106.83000000000001,1,81,7,2011-01-25 11:59:00,2011-01-25 11:59:00,106.83000000000001,0
16758,369.34000000000003,1,203,22,2011-10-05 14:47:00,2011-10-05 14:47:00,369.34000000000003,0
16759,789.79,3,609,40,2011-11-09 09:06:00,2011-12-02 12:42:00,263.2633333333333,23
16761,316.62,1,341,13,2011-09-04 11:15:00,2011-09-04 11:15:00,316.62,0
16762,1207.24,3,480,51,2011-07-18 12:52:00,2011-11-20 11:43:00,402.41333333333336,124
16763,611.85,1,319,23,2011-05-25 11:52:00,2011-05-25 11:52:00,611.85,0
16764,2790.9500000000003,13,1253,209,2011-07-19 17:17:00,2011-12-06 11:41:00,214.68846153846155,139
16765,34.0,1,4,1,2011-02-18 15:41:00,2011-02-18 15:41:00,34.0,0
16766,1145.6,2,536,17,2011-03-11 13:34:00,2011-03-11 15:22:00,572.8,0
16767,5575.56,11,4423,148,2011-01-27 13:38:00,2011-11-09 09:42:00,506.86909090909097,285
16768,478.09000000000003,3,196,47,2011-03-13 10:25:00,2011-10-23 10:38:00,159.36333333333334,224
16769,361.54,1,80,33,2011-03-24 13:41:00,2011-03-24 13:41:00,361.54,0
16770,757.1,5,456,116,2010-12-02 15:49:00,2011-10-13 12:21:00,151.42000000000002,314
16771,2242.61,5,1487,200,2011-01-05 13:57:00,2011-11-06 13:28:00,448.52200000000005,304
16773,171.59,1,171,23,2011-10-13 14:37:00,2011-10-13 14:37:00,171.59,0
16774,661.52,4,322,36,2011-06-14 12:45:00,2011-10-03 12:41:00,165.38,110
16775,1691.51,11,439,84,2010-12-07 15:15:00,2011-11-29 15:22:00,153.77363636363637,357
16776,371.54,1,254,61,2011-10-10 13:04:00,2011-10-10 13:04:00,371.54,0
16777,222.62,2,62,45,2011-03-27 14:34:00,2011-09-20 13:41:00,111.31,176
16778,245.94,2,194,16,2011-03-10 15:21:00,2011-09-26 13:48:00,122.97,199
16779,10611.720000000001,22,5301,161,2010-12-08 09:56:00,2011-12-07 14:54:00,482.35090909090917,364
16780,422.24,2,270,51,2011-03-25 17:34:00,2011-08-31 16:09:00,211.12,158
16781,311.25,1,113,17,2010-12-02 14:26:00,2010-12-02 14:26:00,311.25,0
16782,2267.9500000000003,13,705,103,2010-12-09 11:28:00,2011-11-29 13:20:00,174.45769230769233,355
16784,107.6,1,24,3,2011-11-20 12:20:00,2011-11-20 12:20:00,107.6,0
16788,594.39,2,304,138,2011-03-30 13:05:00,2011-08-08 14:53:00,297.195,131
16789,80.8,1,32,5,2011-12-01 15:12:00,2011-12-01 15:12:00,80.8,0
16790,1545.6200000000001,6,898,88,2011-11-02 11:23:00,2011-12-06 11:53:00,257.60333333333335,34
16791,1705.78,7,757,218,2011-01-11 15:42:00,2011-11-10 19:12:00,243.68285714285713,303
16792,110.38000000000001,2,44,11,2011-03-02 14:39:00,2011-03-02 14:41:00,55.190000000000005,0
16793,243.84,1,146,16,2011-10-13 15:08:00,2011-10-13 15:08:00,243.84,0
16794,1196.5,10,923,142,2011-06-12 14:15:00,2011-12-08 17:54:00,119.65,179
16795,414.88,1,239,64,2010-12-09 14:08:00,2010-12-09 14:08:00,414.88,0
16796,305.62,1,186,18,2011-09-11 14:01:00,2011-09-11 14:01:00,305.62,0
16800,1162.65,1,524,148,2011-11-28 14:06:00,2011-11-28 14:06:00,1162.65,0
16801,1594.23,4,493,72,2011-03-11 13:56:00,2011-06-29 15:33:00,398.5575,110
16803,332.3,1,245,24,2011-10-05 14:28:00,2011-10-05 14:28:00,332.3,0
16804,536.99,3,246,59,2011-03-14 15:48:00,2011-11-16 16:43:00,178.99666666666667,247
16805,460.59,2,539,94,2010-12-14 13:35:00,2011-06-19 11:23:00,230.295,186
16806,762.16,4,356,68,2011-04-14 19:59:00,2011-08-28 15:27:00,190.54,135
16807,1121.59,3,778,57,2011-03-14 09:46:00,2011-07-20 12:00:00,373.8633333333333,128
16808,288.42,2,196,21,2011-03-10 19:05:00,2011-09-01 19:34:00,144.21,175
16809,914.69,5,652,79,2011-03-22 15:20:00,2011-11-16 15:45:00,182.93800000000002,239
16810,309.54,1,114,15,2011-05-31 15:32:00,2011-05-31 15:32:00,309.54,0
16811,547.07,2,477,26,2011-11-22 17:19:00,2011-12-05 11:39:00,273.535,12
16812,479.35,1,81,15,2010-12-14 12:35:00,2010-12-14 12:35:00,479.35,0
16813,1652.18,10,1501,248,2011-05-19 13:28:00,2011-12-01 14:03:00,165.21800000000002,196
16814,6416.7,21,2697,122,2010-12-05 11:45:00,2011-11-25 13:27:00,305.5571428571428,355
16816,417.06,4,274,28,2010-12-16 17:01:00,2011-08-28 14:16:00,104.265,254
16817,1604.75,9,822,73,2010-12-06 14:19:00,2011-12-07 11:03:00,178.30555555555554,365
16818,3349.57,11,2164,172,2011-05-18 11:42:00,2011-11-29 10:41:00,304.50636363636363,194
16820,497.61,1,307,26,2011-09-05 12:06:00,2011-09-05 12:06:00,497.61,0
16823,358.38,1,136,34,2011-04-26 15:00:00,2011-04-26 15:00:00,358.38,0
16824,460.64,2,236,23,2011-06-28 13:36:00,2011-11-24 12:38:00,230.32,148
16825,775.1800000000001,2,566,27,2011-06-07 09:44:00,2011-11-01 11:51:00,387.59000000000003,147
16826,341.7,1,158,22,2011-10-19 14:05:00,2011-10-19 14:05:00,341.7,0
16828,128.5,2,59,8,2011-08-19 13:24:00,2011-09-07 15:10:00,64.25,19
16829,197.22,1,99,11,2011-07-06 10:48:00,2011-07-06 10:48:00,197.22,0
16830,325.91,1,264,23,2011-11-01 11:35:00,2011-11-01 11:35:00,325.91,0
16832,199.15,3,33,11,2011-05-06 14:12:00,2011-06-08 15:36:00,66.38333333333334,33
16833,1106.53,4,440,46,2011-01-09 13:02:00,2011-12-08 14:39:00,276.6325,333
16834,413.46,1,358,24,2011-04-26 09:37:00,2011-04-26 09:37:00,413.46,0
16835,180.85,2,61,10,2010-12-01 17:15:00,2011-08-03 13:50:00,90.425,244
16836,251.87,2,165,11,2011-08-15 12:38:00,2011-10-31 10:05:00,125.935,76
16837,3170.98,11,1563,123,2011-04-08 08:48:00,2011-11-08 14:27:00,288.2709090909091,214
16838,588.85,2,185,24,2011-02-24 15:01:00,2011-05-26 13:13:00,294.425,90
16839,16594.35,34,8975,114,2010-12-05 11:15:00,2011-12-01 09:03:00,488.06911764705876,360
16841,1869.82,6,2250,101,2011-02-25 12:40:00,2011-11-03 11:51:00,311.63666666666666,250
16842,1264.19,3,693,45,2011-02-10 14:51:00,2011-08-31 10:42:00,421.3966666666667,201
16843,10196.57,16,10159,226,2011-01-16 16:10:00,2011-10-28 09:06:00,637.285625,284
16846,214.32,1,135,11,2011-10-20 13:55:00,2011-10-20 13:55:00,214.32,0
16847,193.44,1,78,12,2011-10-27 13:29:00,2011-10-27 13:29:00,193.44,0
16848,281.42,1,182,14,2011-10-18 08:42:00,2011-10-18 08:42:00,281.42,0
16849,124.57,1,33,8,2011-06-06 09:16:00,2011-06-06 09:16:00,124.57,0
16850,332.41,1,249,19,2011-01-10 11:09:00,2011-01-10 11:09:00,332.41,0
16851,342.45,3,271,17,2011-10-19 09:48:00,2011-12-05 13:32:00,114.14999999999999,47
16852,144.91000000000003,2,56,9,2011-06-16 15:49:00,2011-11-29 13:22:00,72.45500000000001,165
16855,328.4,2,164,19,2011-10-27 16:31:00,2011-11-16 12:03:00,164.2,19
16856,35.400000000000006,1,12,2,2011-11-25 08:59:00,2011-11-25 08:59:00,35.400000000000006,0
16858,375.69000000000005,1,91,9,2010-12-06 09:52:00,2010-12-06 09:52:00,375.69000000000005,0
16859,747.81,2,827,50,2011-03-23 13:39:00,2011-07-18 12:19:00,373.905,116
16861,173.76,2,140,6,2011-07-04 15:38:00,2011-10-11 09:05:00,86.88,98
16863,502.8,2,409,25,2010-12-08 08:58:00,2011-11-08 15:26:00,251.4,335
16866,207.73999999999998,3,60,10,2011-07-01 12:34:00,2011-07-22 10:06:00,69.24666666666666,20
16869,817.12,4,583,113,2011-06-17 13:01:00,2011-11-17 12:02:00,204.28,152
16871,2812.34,6,1253,131,2011-03-14 10:31:00,2011-11-17 19:27:00,468.72333333333336,248
16872,680.02,3,600,5,2011-06-08 14:32:00,2011-09-23 16:05:00,226.67333333333332,107
16873,7123.62,6,3840,179,2010-12-10 15:45:00,2011-12-05 12:05:00,1187.27,359
16875,2095.53,5,1069,93,2011-01-04 10:37:00,2011-10-03 13:39:00,419.10600000000005,272
16877,846.62,6,458,111,2011-05-15 16:13:00,2011-11-27 13:47:00,141.10333333333332,195
16878,13.3,1,12,3,2011-09-16 17:39:00,2011-09-16 17:39:00,13.3,0
16880,1491.43,7,746,121,2011-06-03 16:45:00,2011-11-09 11:33:00,213.0614285714286,158
16881,432.0,1,600,1,2011-10-04 10:33:00,2011-10-04 10:33:00,432.0,0
16882,705.12,3,424,39,2011-01-26 17:43:00,2011-10-04 10:42:00,235.04,250
16883,272.48,2,103,33,2010-12-03 10:33:00,2011-06-05 12:51:00,136.24,184
16884,429.84000000000003,2,320,26,2011-11-02 10:16:00,2011-11-02 11:52:00,214.92000000000002,0
16885,450.41,3,178,82,2010-12-17 17:23:00,2011-11-24 13:40:00,150.13666666666668,341
16887,192.32999999999998,1,156,35,2011-11-04 14:07:00,2011-11-04 14:07:00,192.32999999999998,0
16889,1578.67,3,925,112,2011-01-07 10:47:00,2011-05-29 11:05:00,526.2233333333334,142
16891,742.43,5,265,166,2010-12-03 11:35:00,2011-12-08 11:15:00,148.486,369
16892,518.19,5,236,87,2011-06-09 11:35:00,2011-12-08 13:18:00,103.638,182
16893,145.93,1,62,44,2010-12-08 12:06:00,2010-12-08 12:06:00,145.93,0
16895,202.27,1,91,57,2011-10-06 12:15:00,2011-10-06 12:15:00,202.27,0
16897,289.78,2,73,37,2011-01-30 11:52:00,2011-02-13 15:02:00,144.89,14
16898,501.03,3,412,150,2010-12-06 12:23:00,2011-11-13 15:44:00,167.01,342
16899,1271.06,6,520,80,2010-12-14 13:11:00,2011-12-02 12:03:00,211.84333333333333,352
16900,887.11,3,833,78,2011-10-07 13:17:00,2011-11-23 10:32:00,295.7033333333333,46
16902,1706.88,1,629,43,2011-08-15 14:17:00,2011-08-15 14:17:00,1706.88,0
16903,363.2,1,247,50,2011-11-10 15:32:00,2011-11-10 15:32:00,363.2,0
16904,3653.75,16,1984,387,2010-12-07 13:29:00,2011-12-05 13:10:00,228.359375,362
16905,3037.6,7,1381,117,2010-12-03 10:43:00,2011-12-04 14:01:00,433.9428571428571,366
16906,559.59,4,263,74,2011-04-05 12:30:00,2011-09-19 11:49:00,139.8975,166
16907,928.76,5,286,89,2010-12-09 16:52:00,2011-11-10 18:04:00,185.752,336
16909,379.14,1,436,18,2011-09-28 16:45:00,2011-09-28 16:45:00,379.14,0
16910,1508.96,8,884,318,2011-09-09 14:14:00,2011-12-05 12:51:00,188.62,86
16912,2555.58,11,1025,88,2011-01-20 15:42:00,2011-11-11 12:18:00,232.32545454545453,294
16913,113.44,1,82,8,2011-02-22 12:56:00,2011-02-22 12:56:00,113.44,0
16914,183.76,1,112,25,2011-11-03 15:27:00,2011-11-03 15:27:00,183.76,0
16915,621.6800000000001,6,132,46,2011-03-01 09:52:00,2011-11-30 16:39:00,103.61333333333334,274
16916,562.41,2,431,129,2010-12-02 13:14:00,2011-11-16 12:08:00,281.205,348
16917,391.52,1,232,9,2011-03-08 11:55:00,2011-03-08 11:55:00,391.52,0
16918,1068.82,6,721,97,2011-01-26 17:37:00,2011-10-21 12:50:00,178.13666666666666,267
16919,2592.25,11,1403,141,2010-12-06 12:52:00,2011-07-06 13:35:00,235.6590909090909,212
16921,154.18,1,154,50,2011-10-09 16:22:00,2011-10-09 16:22:00,154.18,0
16923,7069.08,19,3344,313,2010-12-12 11:06:00,2011-11-27 13:00:00,372.0568421052632,350
16924,829.89,3,467,69,2011-09-16 12:54:00,2011-11-18 12:53:00,276.63,62
16926,230.25,1,35,14,2010-12-03 13:42:00,2010-12-03 13:42:00,230.25,0
16927,543.05,3,993,5,2010-12-13 11:57:00,2011-08-16 11:10:00,181.01666666666665,245
16928,2814.7,17,2092,69,2010-12-01 15:21:00,2011-09-20 15:10:00,165.5705882352941,292
16929,1295.39,7,929,51,2011-07-07 12:39:00,2011-12-06 08:37:00,185.0557142857143,151
16930,378.89,3,339,47,2011-10-02 14:25:00,2011-11-13 16:13:00,126.29666666666667,42
16931,4554.87,21,3134,448,2010-12-05 11:40:00,2011-12-04 13:15:00,216.89857142857142,364
16932,150.23000000000002,1,82,44,2011-10-17 14:12:00,2011-10-17 14:12:00,150.23000000000002,0
16933,563.23,2,288,42,2011-04-14 13:33:00,2011-12-08 12:54:00,281.615,237
16934,931.03,2,397,59,2011-10-16 12:25:00,2011-10-16 12:40:00,465.515,0
16936,261.9,1,171,56,2011-11-14 11:04:00,2011-11-14 11:04:00,261.9,0
16938,2711.6800000000003,4,2533,212,2011-02-04 09:34:00,2011-12-01 10:20:00,677.9200000000001,300
16940,3049.88,3,2169,226,2011-02-23 12:27:00,2011-10-18 13:15:00,1016.6266666666667,237
16942,1904.99,9,805,159,2011-04-26 11:59:00,2011-11-27 12:40:00,211.66555555555556,215
16943,816.73,3,145,23,2011-01-25 14:00:00,2011-05-12 11:57:00,272.24333333333334,106
16945,4345.5,19,2725,137,2010-12-16 17:49:00,2011-11-18 11:39:00,228.71052631578948,336
16947,406.48,1,312,21,2011-04-18 09:38:00,2011-04-18 09:38:00,406.48,0
16948,435.02,3,1614,15,2011-01-18 10:58:00,2011-07-24 12:46:00,145.00666666666666,187
16949,1286.27,6,791,57,2011-01-27 12:11:00,2011-12-06 11:07:00,214.37833333333333,312
16950,1178.56,3,644,39,2010-12-07 15:20:00,2011-10-14 09:06:00,392.8533333333333,310
16951,1277.75,3,1318,73,2011-02-08 14:58:00,2011-07-28 12:05:00,425.9166666666667,169
16952,167.61,2,92,16,2011-08-22 12:58:00,2011-08-22 13:03:00,83.805,0
16953,20.8,1,10,1,2011-11-09 15:54:00,2011-11-09 15:54:00,20.8,0
16954,2085.08,9,1054,40,2010-12-15 10:41:00,2011-12-09 09:46:00,231.67555555555555,358
16955,518.67,4,266,18,2010-12-01 13:31:00,2011-06-08 10:36:00,129.6675,188
16956,308.74,1,114,16,2011-11-22 08:56:00,2011-11-22 08:56:00,308.74,0
16957,416.64,2,172,15,2011-03-03 09:25:00,2011-04-14 13:56:00,208.32,42
16959,117.35000000000001,1,49,7,2011-09-13 15:03:00,2011-09-13 15:03:00,117.35000000000001,0
16960,507.05,3,304,92,2011-04-01 11:54:00,2011-11-01 11:35:00,169.01666666666668,213
16961,234.17,1,125,14,2011-08-15 13:46:00,2011-08-15 13:46:00,234.17,0
16963,110.55000000000001,1,35,7,2011-06-05 13:48:00,2011-06-05 13:48:00,110.55000000000001,0
16965,201.19,1,291,26,2011-04-27 12:08:00,2011-04-27 12:08:00,201.19,0
16966,2154.97,7,1981,8,2011-04-13 14:17:00,2011-12-01 13:40:00,307.8528571428571,231
16967,319.02,1,333,21,2011-06-03 14:24:00,2011-06-03 14:24:00,319.02,0
16968,439.43,2,326,31,2011-08-24 10:51:00,2011-12-05 15:02:00,219.715,103
16969,650.41,3,816,42,2011-06-01 12:10:00,2011-10-31 13:12:00,216.8033333333333,152
16971,357.21,1,72,40,2011-11-01 15:06:00,2011-11-01 15:06:00,357.21,0
16976,251.51999999999998,1,88,2,2011-03-17 16:33:00,2011-03-17 16:33:00,251.51999999999998,0
16978,344.33,1,166,39,2011-09-23 12:50:00,2011-09-23 12:50:00,344.33,0
16979,1852.0,6,865,64,2011-02-15 09:20:00,2011-12-06 12:21:00,308.6666666666667,294
16980,1028.46,2,739,71,2011-02-21 12:58:00,2011-03-29 16:36:00,514.23,36
16982,384.06,1,182,22,2011-10-10 12:28:00,2011-10-10 12:28:00,384.06,0
16983,1905.87,7,1335,112,2010-12-05 12:34:00,2011-11-27 12:10:00,272.26714285714286,356
16984,4459.52,2,2380,354,2011-08-01 17:37:00,2011-09-12 13:43:00,2229.76,41
16985,5464.12,10,1832,62,2010-12-16 10:38:00,2011-11-22 13:33:00,546.412,341
16986,1873.2,2,1040,3,2011-11-09 15:52:00,2011-11-10 11:55:00,936.6,0
16987,1616.8,7,401,74,2011-05-18 15:55:00,2011-12-06 17:26:00,230.97142857142856,202
16988,126.12,1,43,7,2011-12-04 16:02:00,2011-12-04 16:02:00,126.12,0
16989,1133.25,6,1233,7,2011-07-12 09:11:00,2011-12-02 16:39:00,188.875,143
16990,179.0,1,100,1,2011-05-05 08:30:00,2011-05-05 08:30:00,179.0,0
16992,1614.31,5,860,84,2011-02-28 10:37:00,2011-11-29 11:50:00,322.86199999999997,274
16996,1456.96,6,544,13,2010-12-21 13:22:00,2011-11-09 16:43:00,242.82666666666668,323
16997,702.0,3,360,7,2011-01-18 11:51:00,2011-02-24 17:28:00,234.0,37
16998,295.0,4,76,1,2011-02-08 15:42:00,2011-07-13 09:44:00,73.75,154
16999,484.82,2,294,21,2011-09-26 15:43:00,2011-11-16 13:53:00,242.41,50
17001,3989.57,11,2164,75,2010-12-16 09:35:00,2011-12-09 09:38:00,362.6881818181818,358
17002,1493.73,3,679,41,2011-02-22 11:46:00,2011-09-15 12:40:00,497.91,205
17004,1312.1399999999999,2,771,38,2011-09-08 12:16:00,2011-10-24 14:25:00,656.0699999999999,46
17006,781.78,4,272,37,2011-09-25 12:15:00,2011-12-05 12:09:00,195.445,70
17007,889.9300000000001,6,597,50,2010-12-17 13:57:00,2011-10-20 10:47:00,148.3216666666667,306
17010,195.36,1,118,11,2011-11-21 14:49:00,2011-11-21 14:49:00,195.36,0
17011,270.9,1,186,15,2011-11-09 13:30:00,2011-11-09 13:30:00,270.9,0
17014,583.4300000000001,3,243,63,2011-10-04 11:36:00,2011-12-01 14:09:00,194.4766666666667,58
17015,1838.6100000000001,3,1978,182,2011-06-07 13:19:00,2011-11-11 10:45:00,612.87,156
17017,8694.26,20,6673,88,2010-12-02 10:17:00,2011-12-07 09:32:00,434.713,369
17018,920.1,2,176,15,2011-01-18 08:46:00,2011-10-30 11:42:00,460.05,285
17019,1258.08,4,820,166,2010-12-06 12:55:00,2011-11-28 13:06:00,314.52,357
17022,71.0,1,108,7,2011-11-08 17:09:00,2011-11-08 17:09:00,71.0,0
17024,95.85,3,69,2,2011-07-05 09:31:00,2011-10-25 13:47:00,31.95,112
17025,357.77,3,235,8,2010-12-01 15:45:00,2011-10-10 09:06:00,119.25666666666666,312
17026,154.82999999999998,2,97,4,2010-12-05 12:47:00,2011-06-07 14:28:00,77.41499999999999,184
17027,877.5600000000001,6,416,110,2011-01-26 14:19:00,2011-09-22 12:24:00,146.26000000000002,238
17029,716.0,2,400,1,2011-04-17 10:57:00,2011-08-21 11:06:00,358.0,126
17030,146.87,1,146,11,2011-10-07 08:49:00,2011-10-07 08:49:00,146.87,0
17031,380.35,2,235,19,2011-07-08 09:38:00,2011-11-28 10:23:00,190.175,143
17033,1030.14,3,750,24,2010-12-15 13:21:00,2011-09-14 14:34:00,343.38000000000005,273
17034,745.52,3,410,28,2011-02-25 10:10:00,2011-11-23 15:14:00,248.50666666666666,271
17035,433.53000000000003,2,229,27,2011-02-01 12:27:00,2011-04-08 11:23:00,216.76500000000001,65
17037,1267.32,1,656,75,2011-09-13 12:49:00,2011-09-13 12:49:00,1267.32,0
17038,112.4,1,28,22,2011-11-09 13:50:00,2011-11-09 13:50:00,112.4,0
17040,449.73,1,181,15,2011-07-25 10:19:00,2011-07-25 10:19:00,449.73,0
17041,1071.49,3,927,59,2010-12-14 11:43:00,2011-11-13 11:21:00,357.16333333333336,333
17042,1036.58,5,990,74,2011-04-06 14:53:00,2011-12-07 12:26:00,207.31599999999997,244
17043,1735.18,4,998,100,2011-03-18 14:53:00,2011-11-07 15:33:00,433.795,234
17044,948.48,1,504,6,2011-11-14 14:28:00,2011-11-14 14:28:00,948.48,0
17045,339.44,3,106,20,2011-04-06 12:08:00,2011-08-18 17:09:00,113.14666666666666,134
17046,642.02,1,510,22,2011-07-05 14:24:00,2011-07-05 14:24:00,642.02,0
17047,1100.9,3,533,59,2011-05-18 16:50:00,2011-09-15 13:27:00,366.9666666666667,119
17048,925.35,3,485,41,2011-01-12 16:51:00,2011-08-14 11:49:00,308.45,213
17049,5655.03,9,2673,201,2011-03-09 08:33:00,2011-12-07 10:48:00,628.3366666666666,273
17050,3185.64,6,1595,169,2011-02-13 12:41:00,2011-09-04 13:48:00,530.9399999999999,203
17051,240.89000000000001,1,179,40,2011-05-29 14:13:00,2011-05-29 14:13:00,240.89000000000001,0
17052,399.09,1,251,72,2011-11-11 14:50:00,2011-11-11 14:50:00,399.09,0
17053,498.48,1,122,13,2011-08-01 10:23:00,2011-08-01 10:23:00,498.48,0
17054,1356.33,5,804,64,2011-04-08 13:14:00,2011-11-11 12:56:00,271.26599999999996,216
17058,1179.89,3,592,51,2011-04-14 09:18:00,2011-09-19 10:13:00,393.2966666666667,158
17059,3080.39,5,1850,292,2010-12-05 12:35:00,2011-11-10 12:27:00,616.078,339
17060,234.24,1,216,5,2011-03-18 13:27:00,2011-03-18 13:27:00,234.24,0
17061,5232.2300000000005,11,1526,57,2011-04-21 13:29:00,2011-09-27 11:24:00,475.65727272727275,158
17062,533.33,4,418,52,2010-12-05 11:59:00,2011-01-30 11:01:00,133.3325,55
17063,1461.14,7,770,66,2011-02-23 13:44:00,2011-11-18 16:19:00,208.73428571428573,268
17064,855.45,3,316,53,2011-01-16 16:10:00,2011-10-12 10:18:00,285.15000000000003,268
17068,4552.14,21,2164,116,2010-12-06 13:58:00,2011-11-27 13:14:00,216.76857142857145,355
17069,2709.7000000000003,9,1506,111,2010-12-01 16:49:00,2011-11-11 17:13:00,301.0777777777778,345
17070,304.24,1,131,62,2011-08-17 17:01:00,2011-08-17 17:01:00,304.24,0
17071,2429.03,9,1197,102,2011-02-03 08:18:00,2011-11-11 16:31:00,269.89222222222224,281
17073,1446.09,4,759,142,2011-08-22 14:37:00,2011-11-22 11:47:00,361.5225,91
17075,834.12,4,292,62,2011-01-26 13:20:00,2011-11-22 11:58:00,208.53,299
17076,841.0799999999999,3,295,17,2010-12-10 10:08:00,2011-11-03 17:53:00,280.35999999999996,328
17078,378.2,2,788,28,2011-11-03 18:49:00,2011-11-03 19:17:00,189.1,0
17079,118.80000000000001,1,24,2,2011-09-22 15:34:00,2011-09-22 15:34:00,118.80000000000001,0
17080,287.62,2,166,8,2011-03-15 12:05:00,2011-11-17 12:59:00,143.81,247
17081,288.91,2,77,55,2011-10-24 13:08:00,2011-11-14 12:56:00,144.455,20
17082,2003.85,2,1049,75,2011-01-25 14:36:00,2011-11-06 15:17:00,1001.925,285
17083,1405.78,3,772,24,2011-02-09 11:38:00,2011-08-22 15:43:00,468.5933333333333,194
17084,2747.9900000000002,2,1702,146,2011-11-04 14:49:00,2011-11-04 14:54:00,1373.9950000000001,0
17085,1562.4,5,785,115,2010-12-12 12:24:00,2011-08-08 14:15:00,312.48,239
17086,2050.08,6,1859,76,2011-10-07 11:22:00,2011-12-02 13:54:00,341.68,56
17088,1991.01,4,868,96,2011-03-31 09:48:00,2011-11-11 14:23:00,497.7525,225
17090,1974.65,7,903,45,2010-12-20 13:52:00,2011-12-05 13:44:00,282.09285714285716,349
17091,3827.76,9,1746,119,2010-12-07 09:55:00,2011-12-07 10:43:00,425.3066666666667,365
17092,1774.03,4,1130,99,2011-03-07 14:51:00,2011-10-20 19:51:00,443.5075,227
17094,302.0,1,152,14,2011-01-21 13:09:00,2011-01-21 13:09:00,302.0,0
17095,1324.16,3,618,69,2011-01-09 11:05:00,2011-11-17 12:21:00,441.3866666666667,312
17096,1022.13,4,339,46,2011-03-23 12:05:00,2011-11-24 15:01:00,255.5325,246
17097,954.42,8,459,153,2010-12-09 14:55:00,2011-12-07 17:05:00,119.3025,363
17100,971.74,2,800,65,2011-11-21 16:36:00,2011-11-21 16:36:00,485.87,0
17101,1621.73,4,815,28,2011-06-14 14:49:00,2011-11-29 13:57:00,405.4325,167
17102,25.5,1,2,1,2011-03-23 10:08:00,2011-03-23 10:08:00,25.5,0
17105,665.78,2,693,80,2011-02-06 14:46:00,2011-07-03 15:53:00,332.89,147
17107,10797.48,6,4826,269,2011-03-06 15:17:00,2011-11-06 14:14:00,1799.58,244
17109,881.29,6,588,107,2011-04-21 15:46:00,2011-11-10 16:59:00,146.88166666666666,203
17110,163.29999999999998,1,50,12,2011-06-27 12:58:00,2011-06-27 12:58:00,163.29999999999998,0
17111,231.61,1,282,29,2011-10-23 15:59:00,2011-10-23 15:59:00,231.61,0
17114,801.12,8,215,85,2011-01-09 11:39:00,2011-12-04 12:17:00,100.14,329
17115,837.5,3,372,33,2011-04-20 14:46:00,2011-12-01 14:30:00,279.1666666666667,224
17117,116.19999999999999,1,68,9,2011-02-24 13:54:00,2011-02-24 13:54:00,116.19999999999999,0
17118,157.02,1,154,10,2011-01-26 12:19:00,2011-01-26 12:19:00,157.02,0
17119,606.91,2,334,35,2011-10-11 11:03:00,2011-12-06 14:40:00,303.455,56
17120,307.46,1,120,18,2011-04-20 15:21:00,2011-04-20 15:21:00,307.46,0
17122,138.32,1,80,7,2011-08-12 14:33:00,2011-08-12 14:33:00,138.32,0
17123,345.29999999999995,1,246,9,2011-07-01 10:47:00,2011-07-01 10:47:00,345.29999999999995,0
17124,294.24,1,129,31,2011-06-07 14:02:00,2011-06-07 14:02:00,294.24,0
17125,230.5,1,281,34,2011-10-20 14:41:00,2011-10-20 14:41:00,230.5,0
17126,989.45,5,780,187,2010-12-12 11:26:00,2011-07-10 13:52:00,197.89000000000001,210
17128,157.09,1,76,14,2011-01-09 12:02:00,2011-01-09 12:02:00,157.09,0
17131,2463.17,5,983,78,2011-09-25 12:42:00,2011-12-04 12:52:00,492.634,70
17133,4892.240000000001,7,2730,13,2011-03-18 13:47:00,2011-11-24 12:27:00,698.8914285714287,250
17134,413.2,2,98,21,2011-03-20 11:56:00,2011-08-25 09:53:00,206.6,157
17135,1139.73,7,1224,34,2010-12-03 09:31:00,2011-11-23 16:48:00,162.81857142857143,355
17138,380.5,1,126,24,2011-03-09 11:54:00,2011-03-09 11:54:00,380.5,0
17139,10650.77,12,5176,309,2011-02-24 09:32:00,2011-11-24 10:12:00,887.5641666666667,273
17140,454.12,1,296,16,2011-04-06 13:33:00,2011-04-06 13:33:00,454.12,0
17142,579.0,1,81,15,2011-04-14 18:22:00,2011-04-14 18:22:00,579.0,0
17144,984.57,2,483,42,2011-09-16 12:50:00,2011-12-08 17:57:00,492.285,83
17146,749.78,3,212,33,2010-12-16 12:20:00,2011-08-26 12:44:00,249.92666666666665,253
17147,1714.59,4,882,68,2011-02-01 09:36:00,2011-11-17 12:32:00,428.6475,289
17148,124.88,1,82,9,2011-10-19 09:59:00,2011-10-19 09:59:00,124.88,0
17152,1689.5,3,517,9,2011-03-21 16:20:00,2011-05-29 12:19:00,563.1666666666666,68
17153,213.78,1,104,14,2011-11-15 13:42:00,2011-11-15 13:42:00,213.78,0
17154,329.34,1,490,23,2011-09-25 13:42:00,2011-09-25 13:42:00,329.34,0
17155,251.70000000000002,2,242,19,2011-06-15 10:22:00,2011-11-22 12:38:00,125.85000000000001,160
17157,319.0,2,172,11,2011-06-16 15:08:00,2011-12-02 09:10:00,159.5,168
17158,1266.97,3,778,53,2010-12-14 13:03:00,2011-11-07 15:15:00,422.3233333333333,328
17159,1538.88,3,1111,96,2011-06-21 09:49:00,2011-11-18 10:52:00,512.96,150
17160,3518.03,6,2856,111,2011-04-12 12:00:00,2011-11-08 14:05:00,586.3383333333334,210
17162,1715.46,10,1001,81,2011-02-07 12:27:00,2011-11-11 11:34:00,171.546,276
17163,293.1,2,66,3,2011-09-22 15:54:00,2011-11-18 08:57:00,146.55,56
17164,2467.35,7,1501,92,2011-03-11 14:26:00,2011-11-07 09:14:00,352.4785714285714,240
17165,158.68,1,100,10,2011-02-28 16:39:00,2011-02-28 16:39:00,158.68,0
17166,206.34,2,78,11,2011-05-20 08:18:00,2011-11-01 09:46:00,103.17,165
17169,835.78,2,526,51,2011-06-09 13:16:00,2011-10-13 10:25:00,417.89,125
17171,224.91,1,185,16,2011-02-23 16:37:00,2011-02-23 16:37:00,224.91,0
17172,317.76,1,480,15,2011-09-22 09:36:00,2011-09-22 09:36:00,317.76,0
17173,3766.6,8,1122,36,2011-07-31 15:26:00,2011-12-04 14:40:00,470.825,125
17174,59.9,1,41,4,2011-05-06 11:47:00,2011-05-06 11:47:00,59.9,0
17175,1443.69,4,866,42,2011-02-16 14:56:00,2011-10-26 15:31:00,360.9225,252
17176,306.13,1,170,15,2011-05-22 12:41:00,2011-05-22 12:41:00,306.13,0
17179,711.79,3,290,56,2010-12-13 14:24:00,2011-06-14 16:48:00,237.26333333333332,183
17180,783.97,4,670,91,2011-01-27 18:05:00,2011-10-14 15:46:00,195.9925,259
17181,239.92000000000002,2,241,23,2010-12-01 12:38:00,2011-10-13 14:48:00,119.96000000000001,316
17183,3347.31,6,1296,42,2011-08-26 15:25:00,2011-12-02 10:07:00,557.885,97
17186,144.0,2,200,1,2011-10-10 12:52:00,2011-10-24 10:20:00,72.0,13
17187,203.95,1,144,10,2011-04-27 12:39:00,2011-04-27 12:39:00,203.95,0
17188,2474.23,7,1328,71,2010-12-12 12:56:00,2011-11-28 13:53:00,353.4614285714286,351
17189,383.75,2,226,52,2010-12-15 17:28:00,2011-08-25 19:39:00,191.875,253
17190,444.74,2,161,19,2011-05-16 15:29:00,2011-10-12 11:33:00,222.37,148
17191,2093.68,7,1166,163,2010-12-06 14:36:00,2011-11-11 16:58:00,299.09714285714284,340
17193,1699.3000000000002,7,1254,17,2011-06-16 10:04:00,2011-11-04 12:47:00,242.7571428571429,141
17194,262.62,2,119,26,2010-12-14 12:06:00,2011-03-11 12:05:00,131.31,86
17197,1013.01,1,191,29,2011-11-10 10:32:00,2011-11-10 10:32:00,1013.01,0
17198,692.22,3,357,89,2010-12-03 14:54:00,2011-11-16 10:39:00,230.74,347
17201,289.78,1,231,38,2011-10-17 11:55:00,2011-10-17 11:55:00,289.78,0
17203,3560.08,6,2846,116,2011-10-10 14:37:00,2011-11-04 12:27:00,593.3466666666667,24
17204,1564.56,4,646,44,2011-03-21 12:42:00,2011-06-17 14:46:00,391.14,88
17205,384.08,1,884,13,2011-10-17 12:46:00,2011-10-17 12:46:00,384.08,0
17206,204.24,1,76,7,2011-10-17 13:25:00,2011-10-17 13:25:00,204.24,0
17211,2317.2200000000003,8,1323,150,2010-12-05 12:44:00,2011-11-13 12:03:00,289.65250000000003,342
17212,226.85,1,147,4,2011-03-31 19:42:00,2011-03-31 19:42:00,226.85,0
17213,2781.23,7,1176,85,2010-12-08 13:03:00,2011-10-30 14:53:00,397.31857142857143,326
17214,1059.1200000000001,6,272,79,2010-12-15 15:14:00,2011-10-10 13:17:00,176.52,298
17217,113.5,1,24,9,2011-04-19 17:19:00,2011-04-19 17:19:00,113.5,0
17218,1951.97,10,955,146,2010-12-06 15:25:00,2011-12-05 13:52:00,195.197,363
17219,114.23,1,89,24,2011-11-08 11:25:00,2011-11-08 11:25:00,114.23,0
17220,3187.55,14,1897,303,2010-12-10 14:54:00,2011-11-15 13:47:00,227.68214285714288,339
17221,334.48,2,287,59,2011-11-03 17:39:00,2011-12-02 13:35:00,167.24,28
17222,328.65,1,122,27,2011-10-05 13:58:00,2011-10-05 13:58:00,328.65,0
17223,416.89,2,110,43,2010-12-06 14:08:00,2011-02-02 15:57:00,208.445,58
17226,393.49,1,406,21,2011-02-04 11:52:00,2011-02-04 11:52:00,393.49,0
17227,939.32,6,741,28,2010-12-06 11:16:00,2011-11-21 10:51:00,156.55333333333334,349
17228,1906.09,8,1532,140,2010-12-02 16:00:00,2011-11-24 10:24:00,238.26125,356
17229,318.76,2,185,39,2011-07-20 12:38:00,2011-09-04 13:56:00,159.38,46
17230,3638.41,8,1651,51,2010-12-15 11:22:00,2011-03-20 16:12:00,454.80125,95
17231,3124.72,10,1724,292,2010-12-13 14:16:00,2011-11-27 15:18:00,312.472,349
17232,417.77,2,202,30,2011-11-25 12:24:00,2011-12-07 12:21:00,208.885,11
17233,190.88,1,131,25,2011-11-04 14:06:00,2011-11-04 14:06:00,190.88,0
17234,149.89000000000001,1,55,14,2011-06-10 11:20:00,2011-06-10 11:20:00,149.89000000000001,0
17235,550.06,2,224,24,2010-12-02 13:38:00,2011-11-14 15:51:00,275.03,347
17236,916.13,6,474,88,2010-12-12 11:49:00,2011-11-27 12:00:00,152.68833333333333,350
17237,314.69,2,105,18,2011-11-17 12:55:00,2011-11-28 15:02:00,157.345,11
17238,3719.1,17,1807,297,2010-12-03 15:05:00,2011-12-07 11:35:00,218.7705882352941,368
17239,382.5,1,150,15,2011-01-31 09:41:00,2011-01-31 09:41:00,382.5,0
17242,1135.04,2,611,30,2011-06-12 13:04:00,2011-08-23 14:55:00,567.52,72
17243,8540.05,26,3320,180,2010-12-05 10:03:00,2011-12-08 13:26:00,328.4634615384615,368
17244,954.9,1,616,31,2011-10-17 15:19:00,2011-10-17 15:19:00,954.9,0
17245,171.45,1,75,9,2011-05-19 10:43:00,2011-05-19 10:43:00,171.45,0
17247,280.09000000000003,1,105,53,2011-11-24 15:21:00,2011-11-24 15:21:00,280.09000000000003,0
17248,318.65,1,213,68,2011-08-11 13:34:00,2011-08-11 13:34:00,318.65,0
17250,381.97,2,167,55,2011-03-23 16:45:00,2011-12-06 12:15:00,190.985,257
17251,269.83,1,108,37,2010-12-12 11:06:00,2010-12-12 11:06:00,269.83,0
17252,348.91,2,192,86,2011-06-06 16:41:00,2011-08-15 09:45:00,174.455,69
17253,178.26,1,43,18,2011-11-21 12:59:00,2011-11-21 12:59:00,178.26,0
17254,271.19,2,251,100,2011-11-24 14:09:00,2011-12-05 12:46:00,135.595,10
17255,291.48,2,227,69,2011-02-13 15:18:00,2011-10-30 12:18:00,145.74,258
17256,240.0,2,141,12,2011-01-31 14:53:00,2011-08-24 13:30:00,120.0,204
17259,581.23,2,388,104,2010-12-06 12:55:00,2011-07-14 15:01:00,290.615,220
17262,1253.3600000000001,5,367,9,2010-12-08 13:30:00,2011-10-18 12:56:00,250.67200000000003,313
17263,63.440000000000005,1,36,23,2011-05-15 14:32:00,2011-05-15 14:32:00,63.440000000000005,0
17265,550.01,2,389,106,2011-06-12 12:00:00,2011-07-24 10:49:00,275.005,41
17266,296.58,3,153,60,2011-07-15 11:57:00,2011-12-07 14:12:00,98.86,145
17267,317.2,2,158,37,2011-08-04 17:19:00,2011-08-04 17:22:00,158.6,0
17268,763.64,4,844,3,2011-04-08 13:20:00,2011-08-24 10:06:00,190.91,137
17272,2148.63,4,1778,70,2011-03-22 12:05:00,2011-10-28 16:37:00,537.1575,220
17274,107.82,1,77,24,2011-11-04 13:16:00,2011-11-04 13:16:00,107.82,0
17277,1065.3500000000001,2,430,67,2011-01-21 12:37:00,2011-04-26 12:47:00,532.6750000000001,95
17278,246.04,1,179,15,2011-04-12 13:10:00,2011-04-12 13:10:00,246.04,0
17279,187.82999999999998,1,48,8,2011-10-13 11:58:00,2011-10-13 11:58:00,187.82999999999998,0
17282,1685.46,3,1866,79,2011-02-13 11:36:00,2011-08-01 14:29:00,561.82,169
17284,1647.48,6,1362,229,2011-01-07 14:31:00,2011-10-10 14:38:00,274.58,276
17286,151.37,1,117,44,2011-11-18 12:47:00,2011-11-18 12:47:00,151.37,0
17287,1049.06,7,556,88,2010-12-02 12:22:00,2011-11-13 13:27:00,149.8657142857143,346
17288,1417.63,7,1201,118,2010-12-16 13:33:00,2011-11-30 16:09:00,202.51857142857145,349
17289,931.02,3,513,86,2011-06-12 13:51:00,2011-11-08 12:01:00,310.34,148
17290,513.01,2,397,92,2011-11-23 15:53:00,2011-12-06 12:38:00,256.505,12
17291,550.8000000000001,1,72,1,2011-02-04 13:04:00,2011-02-04 13:04:00,550.8000000000001,0
17293,1854.06,9,1135,93,2010-12-13 14:55:00,2011-12-01 14:37:00,206.00666666666666,352
17295,547.0,3,293,53,2011-10-06 12:22:00,2011-11-11 10:49:00,182.33333333333334,35
17297,128.18,1,65,49,2011-11-22 14:43:00,2011-11-22 14:43:00,128.18,0
17298,498.42,2,387,30,2011-08-07 12:21:00,2011-08-30 16:43:00,249.21,23
17299,656.61,4,668,50,2011-06-19 16:04:00,2011-11-28 12:01:00,164.1525,161
17301,163.24,1,137,59,2011-11-18 13:43:00,2011-11-18 13:43:00,163.24,0
17302,1135.63,5,575,68,2011-02-07 10:14:00,2011-11-25 09:36:00,227.12600000000003,290
17303,250.04,1,144,53,2010-12-13 13:32:00,2010-12-13 13:32:00,250.04,0
17306,8631.31,19,11491,13,2010-12-21 13:34:00,2011-11-29 12:14:00,454.2794736842105,342
17309,82.75,1,41,11,2011-09-05 15:20:00,2011-09-05 15:20:00,82.75,0
17311,1384.85,2,1005,55,2011-01-27 10:56:00,2011-09-22 14:11:00,692.425,238
17312,644.3,3,372,11,2011-07-03 13:12:00,2011-07-24 11:52:00,214.76666666666665,20
17313,2328.84,1,1402,24,2011-11-08 15:45:00,2011-11-08 15:45:00,2328.84,0
17314,2527.92,8,1896,120,2011-01-31 11:25:00,2011-11-15 09:41:00,315.99,287
17315,6281.23,38,3863,256,2010-12-17 12:24:00,2011-12-08 12:15:00,165.29552631578946,355
17317,2600.34,3,1146,8,2011-09-11 12:45:00,2011-10-24 17:19:00,866.7800000000001,43
17320,1200.6200000000001,3,634,57,2010-12-06 15:38:00,2011-08-31 13:31:00,400.2066666666667,267
17321,657.16,2,364,94,2011-10-03 11:34:00,2011-12-01 13:41:00,328.58,59
17323,906.52,7,760,125,2011-02-20 14:38:00,2011-11-24 17:29:00,129.50285714285715,277
17324,986.48,4,843,43,2010-12-08 12:45:00,2011-11-22 10:34:00,246.62,348
17325,96.8,1,60,6,2011-03-04 13:09:00,2011-03-04 13:09:00,96.8,0
17329,523.11,2,142,29,2011-01-28 15:29:00,2011-11-25 14:24:00,261.555,300
17330,363.9,2,120,5,2011-10-03 11:26:00,2011-11-17 08:56:00,181.95,44
17331,175.2,1,16,1,2011-08-08 11:55:00,2011-08-08 11:55:00,175.2,0
17333,494.25,1,375,28,2011-09-15 10:11:00,2011-09-15 10:11:00,494.25,0
17334,307.02,2,315,11,2011-02-04 09:03:00,2011-02-10 14:59:00,153.51,6
17337,1981.06,4,1247,421,2011-02-02 17:06:00,2011-07-11 14:55:00,495.265,158
17338,6493.54,8,3059,389,2010-12-13 12:57:00,2011-11-22 14:23:00,811.6925,344
17339,243.36,2,152,9,2010-12-09 14:44:00,2011-09-06 13:29:00,121.68,270
17340,12353.29,11,5967,229,2010-12-08 15:56:00,2011-11-10 10:45:00,1123.0263636363636,336
17341,682.29,3,443,147,2010-12-08 12:46:00,2011-07-06 12:33:00,227.42999999999998,209
17343,193.64,1,56,17,2010-12-19 15:07:00,2010-12-19 15:07:00,193.64,0
17344,157.62,1,65,31,2011-10-24 12:56:00,2011-10-24 12:56:00,157.62,0
17345,519.6899999999999,4,341,70,2011-05-27 12:26:00,2011-11-24 15:03:00,129.92249999999999,181
17346,2622.88,15,1617,299,2010-12-01 14:34:00,2011-12-06 12:18:00,174.85866666666666,369
17347,228.96,1,216,1,2011-09-14 13:12:00,2011-09-14 13:12:00,228.96,0
17348,1156.6,5,1398,180,2011-02-15 10:49:00,2011-11-25 11:25:00,231.32,283
17349,98.25,1,102,8,2011-06-13 14:29:00,2011-06-13 14:29:00,98.25,0
17350,1281.32,4,770,66,2011-10-19 16:05:00,2011-12-01 15:47:00,320.33,42
17351,587.15,3,113,22,2011-03-11 16:05:00,2011-11-03 18:45:00,195.71666666666667,237
17353,1740.0,2,1200,5,2011-07-08 16:17:00,2011-08-02 17:19:00,870.0,25
17354,1393.06,1,1006,15,2011-10-20 10:34:00,2011-10-20 10:34:00,1393.06,0
17356,178.22,1,166,19,2011-02-01 11:07:00,2011-02-01 11:07:00,178.22,0
17357,384.39,2,152,41,2011-11-15 16:29:00,2011-11-15 16:30:00,192.195,0
17358,360.81,2,190,55,2010-12-19 14:16:00,2011-02-09 16:57:00,180.405,52
17359,127.86,1,161,13,2011-11-28 14:37:00,2011-11-28 14:37:00,127.86,0
17360,568.24,3,328,113,2011-06-08 17:09:00,2011-11-22 13:11:00,189.41333333333333,166
17361,488.2,3,157,26,2011-02-21 09:55:00,2011-10-21 15:43:00,162.73333333333332,242
17362,312.23,2,191,30,2011-02-03 10:26:00,2011-04-14 14:43:00,156.115,70
17364,4462.68,11,2692,288,2011-01-12 16:57:00,2011-12-09 09:00:00,405.69818181818187,330
17365,4767.36,8,4749,278,2011-01-11 12:11:00,2011-11-27 12:13:00,595.92,320
17367,167.55,1,149,33,2011-04-15 14:21:00,2011-04-15 14:21:00,167.55,0
17368,1878.87,8,1377,93,2011-01-06 11:57:00,2011-11-16 15:26:00,234.85875,314
17370,446.18,4,540,31,2011-06-23 11:50:00,2011-09-28 10:14:00,111.545,96
17371,418.4,3,151,83,2010-12-13 15:20:00,2011-11-22 13:30:00,139.46666666666667,343
17372,1337.18,8,747,215,2010-12-12 12:00:00,2011-10-30 11:37:00,167.1475,321
17373,646.92,4,408,47,2011-01-31 11:46:00,2011-10-30 15:28:00,161.73,272
17374,495.77,2,85,24,2011-03-03 12:53:00,2011-05-05 09:05:00,247.885,62
17375,400.1,3,367,63,2010-12-13 15:16:00,2011-05-24 15:45:00,133.36666666666667,162
17376,203.2,2,86,23,2011-02-01 14:12:00,2011-09-30 12:36:00,101.6,240
17377,4058.32,20,2038,190,2010-12-01 12:35:00,2011-11-16 11:17:00,202.916,349
17379,389.71999999999997,1,623,71,2011-11-28 13:56:00,2011-11-28 13:56:00,389.71999999999997,0
17381,20275.61,29,25649,40,2010-12-02 12:58:00,2011-12-01 11:59:00,699.1589655172414,363
17382,65.4,1,25,2,2011-10-05 13:05:00,2011-10-05 13:05:00,65.4,0
17383,193.39000000000001,1,148,49,2011-12-05 17:36:00,2011-12-05 17:36:00,193.39000000000001,0
17384,336.4,2,88,12,2011-05-04 16:07:00,2011-11-20 15:48:00,168.2,199
17385,256.11,1,197,42,2011-11-25 11:02:00,2011-11-25 11:02:00,256.11,0
17386,2686.42,6,1902,23,2011-06-27 12:11:00,2011-12-02 11:28:00,447.7366666666667,157
17387,746.81,2,522,71,2011-11-06 11:25:00,2011-11-20 11:00:00,373.405,13
17388,1259.56,4,1068,13,2011-02-25 12:28:00,2011-09-23 10:31:00,314.89,209
17389,31833.68,34,7612,45,2011-01-12 15:48:00,2011-12-09 09:38:00,936.2847058823529,330
17391,508.8,2,480,2,2011-06-28 12:21:00,2011-06-29 09:58:00,254.4,0
17392,417.27,2,277,53,2010-12-16 19:04:00,2011-02-06 12:48:00,208.635,51
17394,203.86999999999998,1,241,4,2011-05-04 13:22:00,2011-05-04 13:22:00,203.86999999999998,0
17396,7330.8,8,2005,24,2010-12-03 09:45:00,2011-10-31 14:12:00,916.35,332
17397,681.41,2,250,88,2011-11-17 13:58:00,2011-11-17 14:08:00,340.705,0
17398,653.38,3,310,30,2011-03-29 13:04:00,2011-08-17 09:48:00,217.79333333333332,140
17400,2097.84,5,1088,175,2010-12-21 17:16:00,2011-08-05 15:38:00,419.56800000000004,226
17402,2633.85,13,701,33,2010-12-05 13:53:00,2011-12-05 10:15:00,202.60384615384615,364
17403,263.92,1,111,32,2011-11-03 15:18:00,2011-11-03 15:18:00,263.92,0
17404,31906.82,15,32748,111,2010-12-14 13:28:00,2011-12-05 16:26:00,2127.1213333333335,356
17405,1031.41,3,726,77,2011-07-12 14:17:00,2011-12-08 17:12:00,343.80333333333334,149
17406,2184.42,3,780,99,2010-12-08 10:35:00,2011-01-10 15:07:00,728.14,33
17408,32.65,1,3,2,2011-06-29 12:53:00,2011-06-29 12:53:00,32.65,0
17409,771.85,2,105,13,2011-04-05 16:42:00,2011-06-08 10:36:00,385.925,63
17410,1214.72,5,616,57,2011-05-08 15:21:00,2011-11-23 15:46:00,242.94400000000002,199
17411,778.94,3,306,39,2011-03-23 13:44:00,2011-11-27 14:25:00,259.6466666666667,249
17412,1258.06,7,738,48,2010-12-02 16:29:00,2011-12-07 11:36:00,179.72285714285712,369
17414,778.0,2,2100,5,2011-06-08 11:43:00,2011-10-27 12:13:00,389.0,141
17415,507.84,1,114,14,2011-09-21 12:50:00,2011-09-21 12:50:00,507.84,0
17416,6893.42,7,4302,186,2011-03-03 13:45:00,2011-11-10 12:47:00,984.7742857142857,251
17418,463.46000000000004,2,289,29,2011-01-20 11:39:00,2011-10-28 13:00:00,231.73000000000002,281
17419,4226.57,12,1876,155,2010-12-07 15:03:00,2011-11-28 13:47:00,352.21416666666664,355
17420,598.83,3,265,28,2010-12-01 09:56:00,2011-10-20 14:52:00,199.61,323
17422,1979.37,6,2253,93,2011-02-16 14:44:00,2011-11-23 13:27:00,329.895,279
17423,698.41,2,459,26,2011-05-06 09:14:00,2011-10-24 13:36:00,349.205,171
17425,759.17,2,407,42,2011-10-10 11:37:00,2011-11-20 15:30:00,379.585,41
17426,5037.26,6,3094,179,2011-03-02 16:34:00,2011-12-01 18:07:00,839.5433333333334,274
17427,100.8,1,34,2,2011-09-29 11:29:00,2011-09-29 11:29:00,100.8,0
17428,17256.85,28,9474,252,2010-12-06 09:37:00,2011-12-09 09:45:00,616.3160714285714,368
17429,524.9200000000001,3,624,36,2011-05-05 09:53:00,2011-08-03 13:22:00,174.97333333333336,90
17430,265.76,2,190,14,2010-12-09 13:05:00,2011-11-07 09:24:00,132.88,332
17431,403.3,1,292,41,2011-01-30 14:36:00,2011-01-30 14:36:00,403.3,0
17432,365.76,2,207,44,2011-11-02 17:30:00,2011-11-21 17:33:00,182.88,19
17433,303.15999999999997,1,185,53,2011-09-12 14:24:00,2011-09-12 14:24:00,303.15999999999997,0
17434,2373.82,7,1693,100,2011-09-15 13:54:00,2011-12-07 13:16:00,339.1171428571429,82
17436,216.29999999999998,2,90,7,2011-04-27 11:33:00,2011-12-08 12:30:00,108.14999999999999,225
17438,388.45000000000005,1,103,17,2011-03-31 10:26:00,2011-03-31 10:26:00,388.45000000000005,0
17440,186.42000000000002,3,246,3,2011-04-06 12:05:00,2011-07-06 11:54:00,62.14000000000001,90
17442,2248.56,6,1496,96,2011-02-22 13:02:00,2011-11-03 09:17:00,374.76,253
17443,534.24,1,504,1,2011-05-04 10:47:00,2011-05-04 10:47:00,534.24,0
17444,2940.04,3,2119,132,2011-06-20 09:04:00,2011-07-15 12:05:00,980.0133333333333,25
17446,120.9,2,198,6,2011-02-02 14:40:00,2011-06-16 10:42:00,60.45,133
17447,541.53,2,443,33,2011-09-29 10:10:00,2011-10-30 14:18:00,270.765,31
17449,2519.21,7,1121,178,2010-12-15 10:57:00,2011-12-07 16:56:00,359.88714285714286,357
17450,194390.79,46,69973,124,2010-12-07 09:23:00,2011-12-01 13:29:00,4225.886739130435,359
17451,1721.4,7,1203,83,2011-08-26 11:54:00,2011-12-08 15:02:00,245.91428571428574,104
17453,486.71999999999997,2,219,19,2011-10-06 17:02:00,2011-11-22 09:42:00,243.35999999999999,46
17454,517.53,4,243,57,2010-12-15 10:54:00,2011-05-31 13:58:00,129.3825,167
17455,131.7,1,66,8,2011-05-20 12:31:00,2011-05-20 12:31:00,131.7,0
17456,249.86,1,222,17,2010-12-09 15:23:00,2010-12-09 15:23:00,249.86,0
17457,1737.7,5,826,14,2011-01-04 14:33:00,2011-08-05 12:48:00,347.54,212
17458,316.5,1,170,52,2011-11-24 13:01:00,2011-11-24 13:01:00,316.5,0
17459,657.3,2,537,88,2011-10-10 17:00:00,2011-10-27 13:25:00,328.65,16
17460,622.4300000000001,6,236,18,2010-12-01 16:24:00,2011-09-06 15:04:00,103.73833333333334,278
17461,735.82,3,770,104,2011-11-10 12:01:00,2011-11-17 10:21:00,245.27333333333334,6
17462,675.69,2,227,25,2011-02-28 17:01:00,2011-10-10 13:56:00,337.845,223
17463,1875.86,5,1086,162,2011-01-30 15:48:00,2011-11-23 13:40:00,375.17199999999997,296
17464,289.96000000000004,1,220,9,2011-07-04 13:19:00,2011-07-04 13:19:00,289.96000000000004,0
17466,763.28,2,306,41,2011-09-22 09:16:00,2011-11-29 13:15:00,381.64,68
17468,137.0,2,116,5,2011-11-25 12:52:00,2011-11-29 15:33:00,68.5,4
17469,1870.97,5,787,61,2011-05-19 08:55:00,2011-11-23 13:15:00,374.194,188
17470,1125.07,5,1675,67,2010-12-07 09:57:00,2011-10-26 12:42:00,225.01399999999998,323
17472,697.54,3,455,142,2011-02-13 14:40:00,2011-06-01 14:57:00,232.51333333333332,108
17475,194.37,1,178,14,2011-09-21 14:55:00,2011-09-21 14:55:00,194.37,0
17480,511.82,1,338,29,2011-09-23 11:39:00,2011-09-23 11:39:00,511.82,0
17481,1255.59,4,1061,69,2011-09-07 09:57:00,2011-12-06 12:28:00,313.8975,90
17483,414.04,3,191,18,2011-06-09 19:40:00,2011-10-05 13:10:00,138.01333333333335,117
17486,396.87,1,191,24,2011-03-23 14:00:00,2011-03-23 14:00:00,396.87,0
17489,376.64,2,428,28,2011-05-11 11:34:00,2011-10-12 08:56:00,188.32,153
17490,2092.32,7,1134,63,2011-06-16 09:15:00,2011-12-09 09:08:00,298.90285714285716,175
17491,3558.87,10,2013,72,2010-12-07 12:18:00,2011-12-08 16:18:00,355.887,366
17492,374.57,1,155,12,2011-04-05 15:21:00,2011-04-05 15:21:00,374.57,0
17495,497.56,2,229,21,2011-11-01 12:06:00,2011-12-02 12:08:00,248.78,31
17496,271.05,1,79,10,2010-12-16 08:39:00,2010-12-16 08:39:00,271.05,0
17498,272.22,1,394,17,2011-09-25 12:25:00,2011-09-25 12:25:00,272.22,0
17499,622.88,1,711,40,2011-02-23 09:14:00,2011-02-23 09:14:00,622.88,0
17500,1138.0,3,17,3,2011-11-10 09:08:00,2011-11-22 14:25:00,379.3333333333333,12
17501,288.6,2,160,18,2011-05-03 09:46:00,2011-05-03 09:47:00,144.3,0
17502,689.1,4,376,25,2011-11-10 16:39:00,2011-11-30 13:13:00,172.275,19
17503,558.96,2,486,36,2011-11-01 11:12:00,2011-12-07 09:18:00,279.48,35
17504,2997.0299999999997,9,1664,112,2011-01-21 11:09:00,2011-05-17 12:59:00,333.00333333333333,116
17505,1145.84,2,556,48,2011-05-18 09:01:00,2011-07-01 12:50:00,572.92,44
17506,302.2,1,139,14,2011-09-25 11:39:00,2011-09-25 11:39:00,302.2,0
17507,605.58,2,359,79,2011-02-03 18:08:00,2011-03-23 11:48:00,302.79,47
17508,387.31,1,289,22,2011-03-04 08:10:00,2011-03-04 08:10:00,387.31,0
17509,6083.64,8,3512,75,2011-10-07 13:14:00,2011-10-13 10:26:00,760.455,5
17510,308.48,1,214,20,2011-11-15 10:00:00,2011-11-15 10:00:00,308.48,0
17511,91062.38,31,64549,453,2010-12-01 10:19:00,2011-12-07 10:12:00,2937.496129032258,370
17512,2924.9900000000002,10,2753,61,2011-02-11 12:22:00,2011-11-11 12:11:00,292.499,272
17513,513.2,1,254,6,2011-09-28 16:42:00,2011-09-28 16:42:00,513.2,0
17514,208.65,1,135,40,2011-08-03 15:45:00,2011-08-03 15:45:00,208.65,0
17515,639.02,4,243,49,2011-01-25 14:33:00,2011-11-08 14:04:00,159.755,286
17516,764.88,5,414,113,2011-02-27 12:41:00,2011-11-24 16:51:00,152.976,270
17517,153.94,1,102,11,2011-02-04 11:48:00,2011-02-04 11:48:00,153.94,0
17519,1844.02,6,1236,60,2010-12-06 15:18:00,2011-11-22 16:43:00,307.33666666666664,351
17520,546.81,1,365,30,2011-10-17 12:04:00,2011-10-17 12:04:00,546.81,0
17521,723.2099999999999,3,519,38,2011-05-24 15:14:00,2011-11-10 11:22:00,241.06999999999996,169
17522,1070.71,5,1034,59,2011-05-05 16:31:00,2011-12-08 12:31:00,214.142,216
17523,652.74,4,872,25,2011-11-20 13:40:00,2011-11-28 13:20:00,163.185,7
17524,145.0,1,90,6,2010-12-13 14:32:00,2010-12-13 14:32:00,145.0,0
17525,422.70000000000005,1,82,9,2010-12-15 12:05:00,2010-12-15 12:05:00,422.70000000000005,0
17526,1195.8999999999999,4,310,17,2010-12-09 12:20:00,2011-12-05 11:05:00,298.97499999999997,360
17527,939.37,4,488,45,2011-05-05 13:43:00,2011-10-17 12:32:00,234.8425,164
17528,3628.5,8,2138,183,2011-09-29 13:04:00,2011-12-08 13:27:00,453.5625,70
17530,2367.12,10,1514,306,2010-12-09 20:01:00,2011-12-08 18:42:00,236.712,363
17531,296.7,1,136,14,2011-06-02 19:17:00,2011-06-02 19:17:00,296.7,0
17534,223.36,1,103,9,2011-10-17 12:47:00,2011-10-17 12:47:00,223.36,0
17535,164.4,1,136,13,2011-03-04 15:20:00,2011-03-04 15:20:00,164.4,0
17536,76.5,1,6,3,2011-06-15 13:23:00,2011-06-15 13:23:00,76.5,0
17537,887.67,2,699,74,2011-02-09 13:37:00,2011-11-10 10:56:00,443.835,273
17538,98.42,1,134,9,2011-11-14 12:12:00,2011-11-14 12:12:00,98.42,0
17540,578.9,2,194,20,2011-01-27 14:35:00,2011-11-15 11:56:00,289.45,291
17542,170.75,1,134,24,2011-03-15 11:45:00,2011-03-15 11:45:00,170.75,0
17545,642.32,3,337,122,2011-10-27 13:48:00,2011-10-27 14:04:00,214.10666666666668,0
17548,103.3,1,58,5,2011-04-20 12:01:00,2011-04-20 12:01:00,103.3,0
17549,148.86,2,210,5,2011-10-19 10:05:00,2011-11-16 09:59:00,74.43,27
17550,267.16,3,86,42,2011-04-10 15:19:00,2011-05-26 14:09:00,89.05333333333334,45
17551,290.34,1,142,39,2010-12-15 14:12:00,2010-12-15 14:12:00,290.34,0
17552,930.41,4,719,43,2010-12-02 18:45:00,2011-10-10 17:00:00,232.6025,311
17553,1487.6,1,1048,2,2011-08-02 10:00:00,2011-08-02 10:00:00,1487.6,0
17554,1952.45,5,1763,58,2011-07-14 20:01:00,2011-12-08 14:15:00,390.49,146
17555,480.31,2,348,101,2011-01-09 12:31:00,2011-11-20 12:22:00,240.155,314
17556,157.9,1,101,6,2011-05-18 10:48:00,2011-05-18 10:48:00,157.9,0
17557,541.46,3,306,27,2011-09-19 14:23:00,2011-11-25 12:57:00,180.48666666666668,66
17560,854.95,4,635,22,2011-02-02 11:14:00,2011-09-06 09:18:00,213.7375,215
17561,165.12,1,144,44,2011-11-20 12:53:00,2011-11-20 12:53:00,165.12,0
17562,1122.38,7,817,48,2011-06-19 13:06:00,2011-11-25 14:21:00,160.34,159
17564,454.01,3,146,38,2011-09-20 14:00:00,2011-11-15 13:27:00,151.33666666666667,55
17566,869.77,2,497,113,2011-11-14 13:42:00,2011-12-01 19:54:00,434.885,17
17567,4331.48,8,2632,110,2010-12-02 15:18:00,2011-12-02 15:48:00,541.435,365
17569,344.14,1,159,29,2011-01-11 14:15:00,2011-01-11 14:15:00,344.14,0
17571,1425.67,4,876,247,2011-02-14 15:15:00,2011-10-20 15:57:00,356.4175,248
17572,226.75000000000003,4,95,7,2010-12-01 12:51:00,2011-09-29 17:53:00,56.68750000000001,302
17573,380.6,3,308,24,2011-09-07 10:36:00,2011-11-10 13:01:00,126.86666666666667,64
17574,185.65,1,77,8,2011-04-11 09:47:00,2011-04-11 09:47:00,185.65,0
17576,3564.83,19,1967,245,2010-12-09 16:57:00,2011-12-01 17:56:00,187.62263157894736,357
17578,143.45999999999998,1,138,5,2011-05-05 18:38:00,2011-05-05 18:38:00,143.45999999999998,0
17579,448.90000000000003,3,258,46,2011-06-13 14:12:00,2011-12-05 12:28:00,149.63333333333335,174
17580,215.72,3,88,43,2010-12-16 15:27:00,2011-04-01 12:41:00,71.90666666666667,105
17581,11025.24,25,5915,229,2010-12-02 14:47:00,2011-12-09 12:21:00,441.0096,371
17582,175.27,1,123,28,2011-04-17 13:18:00,2011-04-17 13:18:00,175.27,0
17584,1242.3,2,458,30,2011-08-04 14:12:00,2011-12-02 17:12:00,621.15,120
17585,1116.68,4,1650,176,2011-01-05 15:09:00,2011-08-22 13:30:00,279.17,228
17588,1240.2,3,676,19,2011-04-21 10:31:00,2011-08-31 13:37:00,413.40000000000003,132
17589,2404.17,4,1631,172,2011-04-13 13:47:00,2011-10-10 16:58:00,601.0425,180
17590,1468.02,3,822,162,2011-10-30 14:05:00,2011-12-07 12:55:00,489.34,37
17591,2203.67,7,1000,81,2010-12-07 15:39:00,2011-09-27 13:42:00,314.81,293
17593,3923.86,5,3089,190,2010-12-22 10:29:00,2011-12-06 10:30:00,784.772,349
17594,993.18,2,550,42,2011-03-30 10:32:00,2011-09-15 16:34:00,496.59,169
17595,386.69,2,228,68,2011-11-02 16:19:00,2011-11-27 16:08:00,193.345,24
17596,2806.69,7,4376,168,2010-12-06 12:34:00,2011-11-16 14:11:00,400.9557142857143,345
17597,2044.3700000000001,1,1176,55,2011-05-10 11:54:00,2011-05-10 11:54:00,2044.3700000000001,0
17600,161.67000000000002,1,144,13,2011-11-22 09:43:00,2011-11-22 09:43:00,161.67000000000002,0
17601,116.00999999999999,1,103,9,2011-04-14 18:02:00,2011-04-14 18:02:00,116.00999999999999,0
17602,5054.42,6,4116,335,2011-01-19 16:18:00,2011-12-07 13:53:00,842.4033333333333,321
17603,394.72,1,74,11,2011-09-22 14:18:00,2011-09-22 14:18:00,394.72,0
17604,309.36,2,169,57,2011-01-31 15:09:00,2011-05-06 13:43:00,154.68,94
17608,191.99,2,229,54,2011-11-06 13:00:00,2011-11-06 13:06:00,95.995,0
17609,1105.78,5,719,199,2011-01-16 16:23:00,2011-10-30 12:28:00,221.156,286
17611,3961.12,15,2550,440,2010-12-13 13:52:00,2011-12-02 13:29:00,264.07466666666664,353
17612,2048.45,6,1808,116,2011-02-15 10:40:00,2011-10-17 14:59:00,341.4083333333333,244
17613,4544.55,14,2490,211,2011-02-07 11:20:00,2011-11-17 10:51:00,324.6107142857143,282
17614,386.32,1,235,97,2011-10-13 16:01:00,2011-10-13 16:01:00,386.32,0
17615,329.6,3,140,13,2011-05-01 15:33:00,2011-08-01 14:06:00,109.86666666666667,91
17616,571.1999999999999,3,224,1,2010-12-07 10:04:00,2011-06-19 10:11:00,190.39999999999998,194
17618,930.28,3,319,56,2010-12-12 16:05:00,2011-12-04 11:50:00,310.0933333333333,356
17619,214.37,1,124,71,2011-01-31 14:18:00,2011-01-31 14:18:00,214.37,0
17620,81.44,1,60,4,2011-10-11 12:08:00,2011-10-11 12:08:00,81.44,0
17621,1379.9,3,514,24,2010-12-20 13:31:00,2011-11-18 17:11:00,459.9666666666667,333
17623,527.0500000000001,1,265,33,2011-11-07 11:32:00,2011-11-07 11:32:00,527.0500000000001,0
17624,843.48,2,554,49,2011-05-05 17:59:00,2011-11-25 10:52:00,421.74,203
17625,2020.4,4,1180,223,2011-03-27 12:21:00,2011-11-21 13:36:00,505.1,239
17628,75.75,1,79,5,2011-09-19 15:21:00,2011-09-19 15:21:00,75.75,0
17629,1814.12,8,1629,106,2010-12-15 09:58:00,2011-12-04 10:56:00,226.765,354
17630,503.59999999999997,2,158,24,2011-04-21 14:03:00,2011-06-23 11:58:00,251.79999999999998,62
17631,528.33,3,334,39,2011-04-21 13:22:00,2011-12-08 09:47:00,176.11,230
17633,1324.84,4,644,59,2011-08-11 15:43:00,2011-11-08 13:25:00,331.21,88
17634,2358.59,9,838,209,2011-01-06 12:45:00,2011-11-03 13:09:00,262.0655555555556,301
17636,285.56,1,182,20,2011-11-20 14:40:00,2011-11-20 14:40:00,285.56,0
17637,547.0600000000001,2,280,35,2011-08-16 13:25:00,2011-11-08 12:51:00,273.53000000000003,83
17639,108.5,1,49,7,2011-03-08 15:22:00,2011-03-08 15:22:00,108.5,0
17640,621.66,1,250,5,2011-09-14 09:13:00,2011-09-14 09:13:00,621.66,0
17642,712.29,2,474,34,2011-06-16 12:55:00,2011-08-12 09:11:00,356.145,56
17643,101.55,1,71,8,2010-12-01 14:38:00,2010-12-01 14:38:00,101.55,0
17644,2895.64,11,1793,102,2011-03-24 09:44:00,2011-12-08 13:43:00,263.24,259
17646,1008.39,3,323,46,2010-12-09 14:28:00,2011-05-04 13:17:00,336.13,145
17647,133.06,1,30,7,2011-10-05 15:38:00,2011-10-05 15:38:00,133.06,0
17648,1797.5,4,487,81,2011-04-04 10:29:00,2011-10-10 09:41:00,449.375,188
17649,868.49,1,399,52,2011-07-24 15:53:00,2011-07-24 15:53:00,868.49,0
17650,166.08,1,150,8,2011-11-18 14:52:00,2011-11-18 14:52:00,166.08,0
17651,3945.0,10,3112,149,2011-06-15 15:57:00,2011-11-28 10:29:00,394.5,165
17652,4867.72,12,2509,118,2011-03-03 14:05:00,2011-11-14 12:55:00,405.6433333333334,255
17653,1207.56,4,1409,44,2011-08-11 15:24:00,2011-11-03 12:46:00,301.89,83
17654,117.55,1,41,22,2011-03-07 13:17:00,2011-03-07 13:17:00,117.55,0
17655,2638.94,7,1116,66,2010-12-08 16:45:00,2011-11-29 11:34:00,376.99142857142857,355
17656,1674.69,5,1399,67,2011-08-03 10:45:00,2011-09-27 13:04:00,334.938,55
17658,595.42,2,616,17,2011-05-12 15:23:00,2011-11-14 12:07:00,297.71,185
17659,2999.46,12,1525,127,2010-12-02 16:46:00,2011-11-22 13:29:00,249.955,354
17660,178.75,1,121,37,2011-07-21 13:37:00,2011-07-21 13:37:00,178.75,0
17663,1802.91,7,797,63,2011-02-25 14:11:00,2011-11-14 08:56:00,257.55857142857144,261
17664,604.64,2,604,41,2011-05-11 14:17:00,2011-11-21 11:29:00,302.32,193
17666,728.16,2,596,14,2011-10-05 11:06:00,2011-12-06 09:06:00,364.08,61
17667,2055.51,5,1033,85,2011-02-14 09:24:00,2011-10-04 14:32:00,411.10200000000003,232
17668,347.75,2,93,14,2011-11-01 14:45:00,2011-12-08 13:25:00,173.875,36
17669,3406.7200000000003,7,1916,45,2011-04-04 10:11:00,2011-10-28 08:53:00,486.67428571428576,206
17670,205.7,1,110,11,2011-04-26 09:12:00,2011-04-26 09:12:00,205.7,0
17671,1572.71,4,772,40,2010-12-09 14:27:00,2011-11-24 12:21:00,393.1775,349
17672,3178.17,2,1690,105,2011-02-03 13:29:00,2011-10-20 14:18:00,1589.085,259
17673,1594.97,6,1462,118,2011-01-23 15:16:00,2011-12-08 12:50:00,265.8283333333333,318
17674,551.04,2,672,19,2010-12-06 10:20:00,2011-09-26 13:35:00,275.52,294
17675,20374.28,31,8360,239,2010-12-07 13:22:00,2011-12-08 18:03:00,657.2348387096774,366
17676,1371.18,6,922,49,2010-12-08 13:49:00,2011-12-05 15:16:00,228.53,362
17677,16345.38,30,9772,178,2010-12-06 08:42:00,2011-12-08 09:56:00,544.846,367
17678,298.11,1,207,16,2011-03-21 11:52:00,2011-03-21 11:52:00,298.11,0
17679,1992.1100000000001,2,729,29,2011-09-15 10:35:00,2011-10-18 07:43:00,996.0550000000001,32
17680,184.4,1,96,11,2011-11-16 12:42:00,2011-11-16 12:42:00,184.4,0
17682,2474.33,6,1367,48,2010-12-06 13:35:00,2011-11-29 15:59:00,412.3883333333333,358
17684,239.41,1,145,15,2011-10-27 11:10:00,2011-10-27 11:10:00,239.41,0
17685,3155.83,7,1907,88,2010-12-02 14:42:00,2011-11-23 11:36:00,450.8328571428571,355
17686,5739.46,7,2478,205,2011-02-10 10:18:00,2011-12-02 15:39:00,819.9228571428572,295
17690,4726.8,15,1769,186,2010-12-01 16:15:00,2011-11-09 15:17:00,315.12,342
17691,290.40000000000003,2,134,18,2010-12-06 11:10:00,2010-12-16 17:20:00,145.20000000000002,10
17692,740.9399999999999,4,672,34,2010-12-15 13:37:00,2011-08-04 14:01:00,185.23499999999999,232
17693,200.47,1,231,16,2011-07-25 15:48:00,2011-07-25 15:48:00,200.47,0
17694,283.12,1,184,15,2011-07-21 12:00:00,2011-07-21 12:00:00,283.12,0
17695,765.34,2,779,30,2011-06-21 12:35:00,2011-07-31 10:40:00,382.67,39
17696,2285.71,8,1756,78,2010-12-10 09:51:00,2011-11-01 13:43:00,285.71375,326
17697,338.95,1,93,19,2011-04-17 15:40:00,2011-04-17 15:40:00,338.95,0
17698,154.95,1,93,8,2011-03-24 11:34:00,2011-03-24 11:34:00,154.95,0
17700,2534.64,4,1266,116,2011-03-03 16:34:00,2011-11-23 11:51:00,633.66,264
17701,417.95,1,109,24,2011-04-01 12:25:00,2011-04-01 12:25:00,417.95,0
17702,1824.37,4,1353,58,2011-05-17 16:23:00,2011-11-09 16:03:00,456.0925,175
17703,798.74,3,590,47,2011-07-24 13:30:00,2011-11-04 15:51:00,266.24666666666667,103
17704,885.19,2,343,27,2011-04-14 09:28:00,2011-06-24 09:40:00,442.595,71
17705,1823.52,9,963,63,2011-02-11 10:57:00,2011-12-06 13:45:00,202.61333333333334,298
17706,10504.49,17,3899,270,2010-12-08 11:02:00,2011-12-05 13:34:00,617.9111764705882,362
17707,152.4,2,144,3,2011-01-07 13:30:00,2011-06-07 15:03:00,76.2,151
17708,263.33,2,90,28,2011-01-19 10:09:00,2011-06-05 10:12:00,131.665,137
17709,137.45,1,17,7,2011-06-23 11:55:00,2011-06-23 11:55:00,137.45,0
17711,385.1,2,246,22,2011-02-23 11:32:00,2011-11-29 11:40:00,192.55,279
17712,522.91,1,215,29,2011-10-26 12:28:00,2011-10-26 12:28:00,522.91,0
17714,153.0,1,92,10,2011-01-23 10:32:00,2011-01-23 10:32:00,153.0,0
17715,326.4,1,384,1,2011-05-23 12:32:00,2011-05-23 12:32:00,326.4,0
17716,5655.99,11,3072,171,2011-03-17 10:38:00,2011-11-17 12:00:00,514.180909090909,245
17718,139.35,1,83,6,2011-04-21 13:39:00,2011-04-21 13:39:00,139.35,0
17719,5396.04,15,2466,111,2011-03-29 11:29:00,2011-11-02 10:36:00,359.736,217
17720,1195.94,4,576,39,2010-12-07 10:43:00,2011-11-13 15:04:00,298.985,341
17722,2424.04,4,1595,111,2010-12-08 12:41:00,2011-09-04 15:22:00,606.01,270
17723,3276.4000000000005,6,792,4,2011-05-09 14:44:00,2011-08-04 18:37:00,546.0666666666667,87
17724,1033.0,3,300,38,2011-07-24 13:26:00,2011-09-29 15:26:00,344.3333333333333,67
17725,3439.08,11,2162,115,2011-03-17 19:47:00,2011-11-23 16:34:00,312.64363636363635,250
17727,1060.25,1,645,66,2011-11-24 17:06:00,2011-11-24 17:06:00,1060.25,0
17728,2876.01,3,1469,153,2011-09-14 11:39:00,2011-12-06 08:52:00,958.6700000000001,82
17730,5298.4800000000005,13,3576,127,2011-01-17 14:49:00,2011-12-06 15:43:00,407.5753846153847,323
17731,1240.11,4,493,54,2011-06-09 14:18:00,2011-09-21 15:02:00,310.0275,104
17732,303.97,1,93,18,2010-12-02 09:29:00,2010-12-02 09:29:00,303.97,0
17733,692.19,2,463,33,2011-03-23 09:54:00,2011-11-01 08:16:00,346.095,222
17734,700.63,3,422,40,2011-04-20 10:04:00,2011-10-17 12:33:00,233.54333333333332,180
17735,13110.02,19,8439,319,2010-12-07 10:32:00,2011-12-07 16:47:00,690.001052631579,365
17736,377.44,3,238,24,2011-08-18 14:33:00,2011-11-30 15:36:00,125.81333333333333,104
17737,168.24,2,108,8,2011-10-12 14:42:00,2011-11-30 15:16:00,84.12,49
17738,1879.05,4,1029,89,2011-03-02 16:26:00,2011-11-20 15:05:00,469.7625,262
17739,2791.35,7,861,29,2010-12-14 14:26:00,2011-11-28 09:12:00,398.7642857142857,348
17742,355.11,2,89,13,2011-01-11 10:04:00,2011-08-18 15:28:00,177.555,219
17744,2322.4,6,3412,110,2010-12-16 14:17:00,2011-12-06 12:11:00,387.06666666666666,354
17746,110.25,1,29,6,2011-04-13 14:31:00,2011-04-13 14:31:00,110.25,0
17747,71.4,1,12,1,2011-08-19 08:13:00,2011-08-19 08:13:00,71.4,0
17749,674.52,2,320,33,2011-03-28 13:39:00,2011-06-14 15:45:00,337.26,78
17750,1710.45,9,3747,101,2011-06-28 15:44:00,2011-12-04 14:09:00,190.05,158
17752,80.64,1,192,1,2010-12-15 16:19:00,2010-12-15 16:19:00,80.64,0
17754,1664.65,5,1816,82,2011-03-24 13:54:00,2011-12-09 11:20:00,332.93,259
17757,5593.39,30,3318,275,2010-12-02 17:17:00,2011-12-08 15:31:00,186.44633333333334,370
17758,3408.2000000000003,8,2054,310,2011-04-03 15:22:00,2011-11-20 14:45:00,426.02500000000003,230
17759,819.96,3,697,82,2011-06-23 13:35:00,2011-11-22 16:02:00,273.32,152
17760,287.59,2,239,25,2010-12-01 15:08:00,2011-11-18 10:56:00,143.795,351
17761,712.78,1,398,19,2011-11-07 10:23:00,2011-11-07 10:23:00,712.78,0
17763,15.0,1,12,1,2011-03-21 14:25:00,2011-03-21 14:25:00,15.0,0
17764,772.55,2,351,71,2011-05-12 16:11:00,2011-10-20 11:03:00,386.275,160
17765,367.63,3,143,51,2011-03-28 11:58:00,2011-07-04 12:41:00,122.54333333333334,98
17767,271.2,1,128,21,2011-11-24 14:42:00,2011-11-24 14:42:00,271.2,0
17768,2081.9,3,1122,77,2011-06-26 13:46:00,2011-12-01 13:22:00,693.9666666666667,157
17769,3957.43,10,1850,200,2011-01-23 11:15:00,2011-11-27 11:18:00,395.743,308
17770,1143.27,5,365,33,2011-03-02 13:35:00,2011-05-25 12:34:00,228.654,83
17771,245.81,2,287,51,2011-01-20 14:13:00,2011-10-14 11:43:00,122.905,266
17772,173.45,2,55,50,2011-11-29 10:57:00,2011-11-29 11:05:00,86.725,0
17774,1213.73,4,508,123,2011-02-07 13:13:00,2011-09-04 12:49:00,303.4325,208
17775,56.4,1,72,3,2011-03-30 10:50:00,2011-03-30 10:50:00,56.4,0
17777,647.56,3,501,141,2011-08-31 14:35:00,2011-11-15 12:02:00,215.85333333333332,75
17779,650.32,3,396,73,2011-07-19 12:19:00,2011-11-18 14:15:00,216.77333333333334,122
17781,188.02,2,34,12,2011-03-31 19:54:00,2011-07-03 16:00:00,94.01,93
17783,283.47,2,354,67,2011-04-06 10:07:00,2011-09-28 16:07:00,141.735,175
17785,131.94,1,67,13,2011-10-17 13:43:00,2011-10-17 13:43:00,131.94,0
17786,266.85,2,195,57,2011-01-26 14:35:00,2011-09-15 12:51:00,133.425,231
17787,1817.54,4,896,94,2010-12-03 13:43:00,2011-07-10 11:24:00,454.385,218
17788,1117.9,2,211,3,2011-08-02 10:38:00,2011-09-27 10:09:00,558.95,55
17789,225.9,1,74,14,2011-03-03 13:14:00,2011-03-03 13:14:00,225.9,0
17790,1964.3,14,835,121,2010-12-10 10:47:00,2011-11-13 11:30:00,140.30714285714285,338
17791,106.1,1,46,10,2011-11-10 12:09:00,2011-11-10 12:09:00,106.1,0
17793,300.34,1,226,49,2011-11-14 14:24:00,2011-11-14 14:24:00,300.34,0
17795,342.83,2,305,43,2011-03-20 12:02:00,2011-06-13 12:36:00,171.415,85
17796,690.0,4,176,63,2010-12-05 12:23:00,2011-10-30 15:38:00,172.5,329
17797,780.43,3,498,102,2011-06-10 11:29:00,2011-11-17 13:21:00,260.1433333333333,160
17799,3039.17,10,1753,280,2010-12-13 13:10:00,2011-11-17 15:16:00,303.91700000000003,339
17800,1187.21,9,732,51,2011-01-09 13:50:00,2011-11-02 12:57:00,131.91222222222223,296
17802,1285.04,3,752,102,2010-12-02 13:44:00,2011-09-18 14:56:00,428.34666666666664,290
17805,512.31,1,478,10,2011-09-27 11:49:00,2011-09-27 11:49:00,512.31,0
17806,546.04,1,727,43,2011-11-28 14:12:00,2011-11-28 14:12:00,546.04,0
17809,5411.91,12,2057,46,2010-12-01 09:41:00,2011-11-23 12:59:00,450.9925,357
17811,7761.82,39,4146,359,2011-01-10 10:58:00,2011-12-05 13:46:00,199.02102564102563,329
17812,699.81,4,329,113,2010-12-06 15:27:00,2011-11-27 11:47:00,174.9525,355
17813,1698.07,5,752,297,2011-09-29 15:57:00,2011-11-25 16:13:00,339.614,57
17816,36.56,4,30,16,2010-12-09 14:10:00,2011-11-03 11:34:00,9.14,328
17817,387.68,3,67,32,2011-03-07 17:30:00,2011-12-05 14:39:00,129.22666666666666,272
17819,3704.87,7,1031,36,2010-12-03 14:26:00,2011-09-29 10:52:00,529.2671428571429,299
17824,298.4,1,408,13,2011-10-19 14:14:00,2011-10-19 14:14:00,298.4,0
17827,1987.33,5,1240,190,2010-12-10 10:18:00,2011-12-04 15:00:00,397.466,359
17828,1820.09,4,667,54,2011-06-08 08:31:00,2011-11-17 08:41:00,455.0225,162
17829,889.24,1,496,30,2011-02-14 12:46:00,2011-02-14 12:46:00,889.24,0
17830,398.7,3,92,18,2011-02-24 10:15:00,2011-12-08 12:28:00,132.9,287
17831,35.400000000000006,1,12,2,2011-11-06 15:09:00,2011-11-06 15:09:00,35.400000000000006,0
17832,155.37,1,208,61,2011-10-21 11:43:00,2011-10-21 11:43:00,155.37,0
17835,342.24,3,344,45,2011-11-16 16:30:00,2011-12-07 11:48:00,114.08,20
17836,110.21000000000001,1,88,23,2011-10-23 16:13:00,2011-10-23 16:13:00,110.21000000000001,0
17837,1541.23,8,510,110,2011-06-29 16:44:00,2011-10-28 16:13:00,192.65375,120
17838,2720.8,5,1831,96,2010-12-02 15:55:00,2011-11-13 11:20:00,544.1600000000001,345
17839,318.15,1,257,50,2011-10-28 17:27:00,2011-10-28 17:27:00,318.15,0
17841,40519.84,124,22834,1323,2010-12-01 14:41:00,2011-12-08 12:07:00,326.77290322580643,371
17843,205.48,1,113,36,2011-02-09 15:33:00,2011-02-09 15:33:00,205.48,0
17844,51.559999999999995,1,52,5,2011-08-25 11:27:00,2011-08-25 11:27:00,51.559999999999995,0
17846,2033.1,1,1,1,2011-09-15 15:20:00,2011-09-15 15:20:00,2033.1,0
17848,901.1999999999999,9,398,41,2010-12-16 18:38:00,2011-09-19 16:49:00,100.13333333333333,276
17849,605.8000000000001,4,114,14,2011-01-10 11:59:00,2011-05-05 13:46:00,151.45000000000002,115
17850,5391.21,34,1733,21,2010-12-01 08:26:00,2010-12-02 15:27:00,158.565,1
17852,114.34,2,53,21,2011-11-28 12:31:00,2011-11-28 12:36:00,57.17,0
17854,311.26,2,84,15,2011-04-26 16:53:00,2011-06-07 16:21:00,155.63,41
17855,208.97,1,197,17,2010-12-02 09:44:00,2010-12-02 09:44:00,208.97,0
17856,1418.03,4,842,12,2011-03-03 11:40:00,2011-12-08 09:40:00,354.5075,279
17857,26879.04,23,19256,19,2010-12-09 11:35:00,2011-12-05 13:13:00,1168.6539130434783,361
17858,5140.66,12,2694,101,2010-12-05 13:08:00,2011-12-04 11:56:00,428.3883333333333,363
17859,141.92000000000002,1,102,23,2011-02-08 10:32:00,2011-02-08 10:32:00,141.92000000000002,0
17860,226.45000000000002,1,93,49,2010-12-06 12:41:00,2010-12-06 12:41:00,226.45000000000002,0
17861,2097.88,8,1985,172,2011-01-24 11:34:00,2011-12-06 16:21:00,262.235,316
17862,330.9,1,100,11,2011-01-20 12:23:00,2011-01-20 12:23:00,330.9,0
17863,3160.0,6,2638,110,2010-12-05 13:21:00,2011-10-11 13:45:00,526.6666666666666,310
17864,554.85,3,706,70,2011-03-09 11:44:00,2011-11-27 11:15:00,184.95000000000002,262
17865,10526.32,20,5757,191,2010-12-10 14:53:00,2011-11-09 12:08:00,526.316,333
17866,329.65,1,174,9,2011-07-20 11:07:00,2011-07-20 11:07:00,329.65,0
17867,1157.8700000000001,6,508,62,2011-02-24 12:25:00,2011-11-09 14:15:00,192.97833333333335,258
17869,428.18,5,111,37,2010-12-06 17:16:00,2011-08-24 16:16:00,85.636,260
17870,1865.89,12,1351,214,2010-12-08 08:12:00,2011-12-07 15:07:00,155.49083333333334,364
17871,155.9,1,182,10,2011-05-19 11:32:00,2011-05-19 11:32:00,155.9,0
17873,1848.96,5,1035,24,2010-12-01 14:54:00,2011-09-20 16:41:00,369.79200000000003,293
17874,683.46,6,221,37,2011-03-29 11:25:00,2011-06-07 12:54:00,113.91000000000001,70
17877,237.61,1,98,12,2011-06-22 13:00:00,2011-06-22 13:00:00,237.61,0
17878,379.45,1,401,26,2011-10-27 11:24:00,2011-10-27 11:24:00,379.45,0
17879,178.51999999999998,1,45,6,2011-06-19 12:36:00,2011-06-19 12:36:00,178.51999999999998,0
17880,458.92,1,314,26,2010-12-10 10:21:00,2010-12-10 10:21:00,458.92,0
17881,133.35000000000002,1,32,8,2011-02-08 17:16:00,2011-02-08 17:16:00,133.35000000000002,0
17883,664.34,4,374,133,2011-04-07 19:16:00,2011-12-06 17:49:00,166.085,242
17884,695.0699999999999,4,817,107,2010-12-03 12:11:00,2011-12-06 11:33:00,173.76749999999998,367
17885,156.34,1,110,50,2011-11-27 14:40:00,2011-11-27 14:40:00,156.34,0
17886,869.28,3,469,93,2011-04-04 12:34:00,2011-11-08 10:09:00,289.76,217
17887,111.35,1,30,10,2011-08-02 17:29:00,2011-08-02 17:29:00,111.35,0
17888,716.0,8,973,60,2010-12-17 13:56:00,2011-11-18 13:45:00,89.5,335
17889,201.37,2,77,20,2011-01-21 17:14:00,2011-05-11 16:26:00,100.685,109
17890,586.89,2,402,88,2010-12-13 15:12:00,2011-01-21 11:19:00,293.445,38
17891,203.85999999999999,1,393,34,2011-06-30 20:08:00,2011-06-30 20:08:00,203.85999999999999,0
17892,244.1,3,109,27,2011-07-07 12:56:00,2011-10-14 16:49:00,81.36666666666666,99
17893,107.21,1,149,15,2011-04-28 13:50:00,2011-04-28 13:50:00,107.21,0
17894,1118.96,8,404,127,2010-12-08 14:50:00,2011-09-29 09:23:00,139.87,294
17895,95.45,1,127,15,2011-10-26 17:00:00,2011-10-26 17:00:00,95.45,0
17896,256.32,1,288,2,2011-11-16 13:59:00,2011-11-16 13:59:00,256.32,0
17897,541.8100000000001,3,222,100,2010-12-01 12:31:00,2011-06-20 11:23:00,180.60333333333335,200
17898,152.06,2,190,27,2011-05-16 17:13:00,2011-09-15 14:56:00,76.03,121
17899,154.55,1,170,29,2011-07-03 14:58:00,2011-07-03 14:58:00,154.55,0
17900,112.19999999999999,2,73,4,2011-06-02 14:28:00,2011-06-02 14:38:00,56.099999999999994,0
17901,110.38,1,24,19,2011-11-10 17:29:00,2011-11-10 17:29:00,110.38,0
17904,181.07,1,59,33,2011-11-18 12:57:00,2011-11-18 12:57:00,181.07,0
17905,798.99,4,406,33,2010-12-01 13:21:00,2011-09-29 17:33:00,199.7475,302
17906,72.9,1,26,12,2011-04-06 17:25:00,2011-04-06 17:25:00,72.9,0
17908,232.03,1,169,51,2010-12-01 11:45:00,2010-12-01 11:45:00,232.03,0
17911,366.23,1,223,39,2011-11-30 14:52:00,2011-11-30 14:52:00,366.23,0
17912,310.06,5,184,35,2010-12-10 11:11:00,2011-02-02 14:25:00,62.012,54
17913,408.65,2,288,55,2010-12-19 11:35:00,2011-10-12 10:45:00,204.325,296
17914,329.36,1,457,72,2011-12-06 11:58:00,2011-12-06 11:58:00,329.36,0
17917,335.03,3,184,77,2010-12-12 12:08:00,2011-10-25 13:20:00,111.67666666666666,317
17919,1304.04,1,756,23,2011-09-12 13:41:00,2011-09-12 13:41:00,1304.04,0
17920,4119.5,17,2473,407,2010-12-01 11:49:00,2011-12-05 14:29:00,242.3235294117647,369
17921,820.23,4,425,114,2011-03-18 13:19:00,2011-10-06 18:56:00,205.0575,202
17923,207.50000000000003,1,50,1,2011-03-02 15:15:00,2011-03-02 15:15:00,207.50000000000003,0
17924,2962.5,7,1160,26,2010-12-01 10:51:00,2011-11-28 09:11:00,423.2142857142857,361
17925,244.08,1,72,1,2010-12-02 10:10:00,2010-12-02 10:10:00,244.08,0
17926,397.29,2,306,17,2011-05-20 09:24:00,2011-07-29 14:39:00,198.645,70
17928,212.54,2,140,23,2011-04-07 18:03:00,2011-10-25 13:52:00,106.27,200
17929,843.0,4,108,4,2011-02-04 11:40:00,2011-11-28 16:01:00,210.75,297
17930,1740.48,5,1594,26,2011-04-14 15:46:00,2011-11-04 10:23:00,348.096,203
17931,408.36,2,249,63,2011-03-29 12:31:00,2011-07-28 18:33:00,204.18,121
17932,1331.57,3,789,84,2011-05-12 13:58:00,2011-11-10 19:49:00,443.8566666666666,182
17934,704.25,2,478,21,2011-10-12 10:50:00,2011-10-19 11:16:00,352.125,7
17935,145.79,2,82,28,2011-07-21 11:23:00,2011-07-24 13:18:00,72.895,3
17936,380.13,1,257,68,2011-12-04 13:32:00,2011-12-04 13:32:00,380.13,0
17937,4301.22,7,1754,19,2010-12-12 14:43:00,2011-12-01 11:45:00,614.46,353
17939,99.14,1,40,12,2011-07-03 12:27:00,2011-07-03 12:27:00,99.14,0
17940,4020.04,10,9323,6,2011-02-10 09:29:00,2011-10-21 13:27:00,402.004,253
17941,304.56,1,252,2,2011-08-01 08:30:00,2011-08-01 08:30:00,304.56,0
17942,77.50000000000001,1,38,2,2011-12-02 10:45:00,2011-12-02 10:45:00,77.50000000000001,0
17946,149.57999999999998,2,75,18,2011-03-25 14:34:00,2011-04-20 17:00:00,74.78999999999999,26
17947,176.68,1,168,9,2011-11-02 13:05:00,2011-11-02 13:05:00,176.68,0
17948,358.56000000000006,1,144,1,2011-07-15 12:58:00,2011-07-15 12:58:00,358.56000000000006,0
17949,58510.48,45,30546,29,2010-12-03 13:12:00,2011-12-08 18:46:00,1300.232888888889,370
17950,482.2,3,366,63,2010-12-09 15:16:00,2011-09-28 15:18:00,160.73333333333332,293
17951,1008.5400000000001,3,616,18,2010-12-01 12:40:00,2011-10-31 12:30:00,336.18,333
17954,2314.13,12,2221,326,2010-12-03 14:18:00,2011-12-04 14:15:00,192.84416666666667,365
17955,557.3,4,273,14,2011-05-04 12:29:00,2011-05-25 12:00:00,139.325,20
17956,12.75,1,1,1,2011-04-04 13:47:00,2011-04-04 13:47:00,12.75,0
17957,111.68,1,287,31,2011-10-04 14:58:00,2011-10-04 14:58:00,111.68,0
17958,508.4599999999999,1,84,7,2011-08-15 12:19:00,2011-08-15 12:19:00,508.4599999999999,0
17960,73.78,1,41,26,2011-06-21 14:15:00,2011-06-21 14:15:00,73.78,0
17961,1296.44,39,560,211,2010-12-02 19:18:00,2011-11-18 16:55:00,33.242051282051285,350
17962,102.41,1,127,33,2011-07-20 14:16:00,2011-07-20 14:16:00,102.41,0
17964,463.21,2,294,84,2010-12-02 13:32:00,2011-11-08 10:44:00,231.605,340
17965,2599.19,14,1532,274,2010-12-05 15:54:00,2011-11-02 09:31:00,185.65642857142856,331
17966,1098.43,5,2571,53,2011-03-23 17:25:00,2011-11-02 10:26:00,219.686,223
17967,112.27,1,73,41,2010-12-03 11:19:00,2010-12-03 11:19:00,112.27,0
17968,265.1,1,151,74,2010-12-01 12:23:00,2010-12-01 12:23:00,265.1,0
17969,228.2,2,152,14,2010-12-13 15:34:00,2011-06-26 13:00:00,114.1,194
17970,562.79,1,513,27,2011-05-12 20:03:00,2011-05-12 20:03:00,562.79,0
17972,135.19,1,36,30,2011-04-12 12:16:00,2011-04-12 12:16:00,135.19,0
17973,337.04,1,176,15,2011-10-19 10:34:00,2011-10-19 10:34:00,337.04,0
17974,703.99,3,500,143,2011-05-04 11:50:00,2011-11-15 11:37:00,234.66333333333333,194
17975,4483.26,13,1565,189,2010-12-08 11:38:00,2011-11-24 13:27:00,344.86615384615385,351
17976,321.79,1,93,56,2010-12-02 13:49:00,2010-12-02 13:49:00,321.79,0
17977,288.14,1,342,19,2011-11-10 13:28:00,2011-11-10 13:28:00,288.14,0
17978,300.91999999999996,1,499,12,2010-12-09 14:05:00,2010-12-09 14:05:00,300.91999999999996,0
17979,732.41,4,383,116,2011-03-25 11:34:00,2011-11-04 12:05:00,183.1025,224
17980,811.45,3,682,23,2010-12-15 15:50:00,2011-06-27 12:01:00,270.48333333333335,193
17984,152.68,1,98,48,2011-07-17 15:59:00,2011-07-17 15:59:00,152.68,0
17985,631.35,1,171,20,2011-11-17 14:24:00,2011-11-17 14:24:00,631.35,0
17986,20.8,1,10,1,2011-10-14 14:22:00,2011-10-14 14:22:00,20.8,0
17987,198.57,1,261,13,2011-06-07 14:22:00,2011-06-07 14:22:00,198.57,0
17988,201.12,7,43,37,2011-01-17 11:59:00,2011-11-28 11:00:00,28.731428571428573,314
17990,630.84,3,414,27,2010-12-13 12:10:00,2011-04-17 11:44:00,210.28,124
17991,93.35,2,25,4,2011-04-27 16:39:00,2011-04-28 15:58:00,46.675,0
17994,674.89,4,495,63,2011-02-22 11:02:00,2011-08-10 11:41:00,168.7225,169
17995,76.1,1,133,2,2011-03-03 12:30:00,2011-03-03 12:30:00,76.1,0
17997,1962.46,8,2273,133,2011-06-28 17:28:00,2011-09-26 16:13:00,245.3075,89
17999,380.39,2,219,87,2010-12-08 15:17:00,2011-11-02 15:56:00,190.195,329
18001,415.13,2,362,56,2011-09-14 11:21:00,2011-11-27 16:02:00,207.565,74
18004,157.92,1,75,32,2010-12-12 13:47:00,2010-12-12 13:47:00,157.92,0
18005,226.47,2,86,52,2011-10-23 14:40:00,2011-12-06 11:51:00,113.235,43
18006,444.68,1,220,21,2011-11-16 16:52:00,2011-11-16 16:52:00,444.68,0
18008,2116.19,9,1581,24,2011-01-25 12:26:00,2011-09-30 15:17:00,235.13222222222223,248
18009,247.39,1,125,31,2011-04-18 13:36:00,2011-04-18 13:36:00,247.39,0
18010,174.8,1,60,14,2011-03-28 12:27:00,2011-03-28 12:27:00,174.8,0
18011,102.78999999999999,1,71,28,2010-12-01 17:35:00,2010-12-01 17:35:00,102.78999999999999,0
18013,187.29,2,285,31,2011-07-07 14:08:00,2011-07-07 14:11:00,93.645,0
18014,162.22,1,66,29,2011-11-11 15:28:00,2011-11-11 15:28:00,162.22,0
18015,120.03,1,157,46,2011-12-05 14:49:00,2011-12-05 14:49:00,120.03,0
18016,1477.66,5,1027,90,2010-12-10 17:14:00,2011-11-07 13:25:00,295.53200000000004,331
18017,523.0,3,300,1,2011-02-02 13:57:00,2011-09-19 16:15:00,174.33333333333334,229
18018,122.14,2,55,29,2011-05-24 13:22:00,2011-08-23 17:37:00,61.07,91
18019,38.45,1,7,5,2011-10-19 12:10:00,2011-10-19 12:10:00,38.45,0
18022,612.72,1,703,141,2011-11-04 12:45:00,2011-11-04 12:45:00,612.72,0
18024,389.78,2,184,21,2011-07-10 12:28:00,2011-07-10 12:40:00,194.89,0
18027,115.31,1,78,21,2011-09-02 10:38:00,2011-09-02 10:38:00,115.31,0
18030,230.64999999999998,2,67,8,2011-10-28 13:55:00,2011-12-05 16:37:00,115.32499999999999,38
18032,73.5,1,42,5,2011-01-09 15:32:00,2011-01-09 15:32:00,73.5,0
18033,93.82000000000001,1,252,32,2011-10-05 17:28:00,2011-10-05 17:28:00,93.82000000000001,0
18034,418.68,2,559,99,2011-11-18 12:08:00,2011-11-18 12:22:00,209.34,0
18035,713.89,3,584,44,2011-10-27 17:48:00,2011-11-04 12:39:00,237.96333333333334,7
18036,403.12,3,232,77,2011-04-08 11:26:00,2011-11-07 14:40:00,134.37333333333333,213
18037,70.02,6,20,19,2010-12-12 16:20:00,2011-07-08 13:39:00,11.67,207
18040,357.20000000000005,2,148,18,2011-04-08 08:27:00,2011-11-20 14:20:00,178.60000000000002,226
18041,4097.37,21,3758,285,2010-12-02 11:21:00,2011-11-28 11:39:00,195.11285714285714,361
18042,165.04999999999998,1,33,7,2011-10-17 11:49:00,2011-10-17 11:49:00,165.04999999999998,0
18043,529.29,3,265,106,2010-12-08 12:35:00,2011-11-15 12:48:00,176.42999999999998,342
18044,2088.6,10,1033,88,2010-12-14 12:25:00,2011-12-05 14:26:00,208.85999999999999,356
18045,178.34,1,138,43,2011-10-25 13:07:00,2011-10-25 13:07:00,178.34,0
18048,172.29000000000002,2,127,6,2011-05-20 14:54:00,2011-05-20 14:58:00,86.14500000000001,0
18050,74.4,1,40,5,2010-12-15 14:25:00,2010-12-15 14:25:00,74.4,0
18053,300.02,1,302,20,2011-09-30 09:05:00,2011-09-30 09:05:00,300.02,0
18055,6761.34,10,2452,223,2010-12-05 10:52:00,2011-12-02 14:25:00,676.134,362
18056,363.65,1,211,19,2011-02-24 14:27:00,2011-02-24 14:27:00,363.65,0
18058,170.16,1,88,3,2011-11-30 08:38:00,2011-11-30 08:38:00,170.16,0
18059,306.46,3,258,17,2011-10-03 09:30:00,2011-11-16 16:49:00,102.15333333333332,44
18061,2119.41,10,955,18,2010-12-08 13:03:00,2011-11-18 11:20:00,211.94099999999997,344
18062,720.52,3,396,23,2011-01-06 10:03:00,2011-06-19 14:47:00,240.17333333333332,164
18064,814.0,2,384,7,2011-04-18 15:08:00,2011-07-29 16:39:00,407.0,102
18065,2392.83,14,1027,110,2010-12-10 12:44:00,2011-12-04 10:30:00,170.91642857142855,358
18066,318.0,1,108,10,2011-09-25 15:30:00,2011-09-25 15:30:00,318.0,0
18067,396.33,1,189,36,2011-10-30 15:58:00,2011-10-30 15:58:00,396.33,0
18068,101.69999999999999,1,6,1,2011-02-23 14:50:00,2011-02-23 14:50:00,101.69999999999999,0
18069,2009.24,5,1296,334,2011-01-16 15:50:00,2011-11-13 16:03:00,401.848,301
18071,453.0,2,260,23,2010-12-09 10:33:00,2011-03-27 11:59:00,226.5,108
18072,247.44,1,288,18,2011-06-07 10:44:00,2011-06-07 10:44:00,247.44,0
18073,3859.82,12,3102,23,2011-05-26 19:38:00,2011-08-17 14:02:00,321.6516666666667,82
18074,489.6,1,190,13,2010-12-01 09:53:00,2010-12-01 09:53:00,489.6,0
18075,2611.75,10,1464,97,2010-12-14 10:48:00,2011-11-16 15:21:00,261.175,337
18077,2584.41,11,1839,101,2010-12-08 10:21:00,2011-12-01 13:32:00,234.94636363636363,358
18078,336.13,2,145,27,2011-03-25 15:08:00,2011-05-06 14:32:00,168.065,41
18079,3613.15,4,7347,99,2011-04-15 12:14:00,2011-10-25 15:27:00,903.2875,193
18080,1231.5,2,642,2,2011-04-11 10:10:00,2011-11-21 08:02:00,615.75,223
18081,343.45,3,195,14,2011-07-29 11:56:00,2011-11-03 16:30:00,114.48333333333333,97
18082,680.84,1,608,62,2011-11-14 12:45:00,2011-11-14 12:45:00,680.84,0
18084,90.47999999999999,1,312,1,2011-11-23 13:57:00,2011-11-23 13:57:00,90.47999999999999,0
18085,689.95,2,265,25,2010-12-01 12:08:00,2011-01-13 15:17:00,344.975,43
18086,101.34,1,106,7,2011-03-10 13:34:00,2011-03-10 13:34:00,101.34,0
18087,4055.7199999999993,2,3907,2,2011-02-22 10:43:00,2011-09-02 15:12:00,2027.8599999999997,192
18088,166.03,1,107,35,2011-10-09 13:41:00,2011-10-09 13:41:00,166.03,0
18092,9068.26,11,4252,28,2010-12-09 10:00:00,2011-12-07 13:14:00,824.3872727272727,363
18093,2106.52,4,1392,31,2011-02-10 12:15:00,2011-09-07 15:43:00,526.63,209
18094,3017.3,7,2518,39,2011-02-21 08:50:00,2011-09-19 09:28:00,431.04285714285714,210
18095,580.0500000000001,2,419,20,2011-01-11 12:37:00,2011-01-31 12:50:00,290.02500000000003,20
18096,849.06,3,788,157,2011-10-07 11:55:00,2011-11-28 12:44:00,283.02,52
18097,2662.4,6,1662,65,2010-12-20 14:49:00,2011-12-02 11:16:00,443.73333333333335,346
18099,168.31,1,149,19,2011-08-04 15:52:00,2011-08-04 15:52:00,168.31,0
18101,222.4,2,87,37,2011-07-19 13:05:00,2011-11-28 13:37:00,111.2,132
18102,259657.3,60,64124,150,2010-12-07 16:42:00,2011-12-09 11:50:00,4327.621666666667,366
18104,754.64,1,362,38,2011-11-02 14:07:00,2011-11-02 14:07:00,754.64,0
18105,113.48000000000002,1,46,18,2011-11-02 12:04:00,2011-11-02 12:04:00,113.48000000000002,0
18106,421.9,1,126,33,2011-01-14 12:23:00,2011-01-14 12:23:00,421.9,0
18108,271.0,1,84,17,2011-03-30 13:56:00,2011-03-30 13:56:00,271.0,0
18109,8004.92,26,4230,119,2010-12-05 10:58:00,2011-12-08 11:36:00,307.88153846153847,368
18110,198.8,1,72,33,2011-11-20 12:34:00,2011-11-20 12:34:00,198.8,0
18112,352.69,2,255,26,2011-06-26 13:56:00,2011-11-27 14:43:00,176.345,154
18113,76.32000000000001,1,72,1,2010-12-06 12:31:00,2010-12-06 12:31:00,76.32000000000001,0
18114,220.1,1,55,28,2011-02-22 13:20:00,2011-02-22 13:20:00,220.1,0
18116,1403.1100000000001,8,837,230,2010-12-10 12:14:00,2011-10-03 11:00:00,175.38875000000002,296
18117,315.65,1,605,68,2011-11-14 12:47:00,2011-11-14 12:47:00,315.65,0
18118,5625.08,26,2865,424,2010-12-05 12:13:00,2011-11-29 11:32:00,216.34923076923076,358
18119,180.7,1,124,29,2010-12-07 11:59:00,2010-12-07 11:59:00,180.7,0
18120,111.15,1,31,17,2011-05-09 13:45:00,2011-05-09 13:45:00,111.15,0
18121,653.3,2,438,28,2011-07-08 12:14:00,2011-07-13 12:53:00,326.65,5
18122,1793.06,6,1225,239,2011-07-12 11:37:00,2011-12-01 13:08:00,298.8433333333333,142
18123,574.4399999999999,2,582,31,2011-11-08 13:31:00,2011-11-15 14:23:00,287.21999999999997,7
18125,1131.75,4,800,164,2011-01-27 15:02:00,2011-11-10 12:29:00,282.9375,286
18126,200.92000000000002,1,135,52,2011-10-10 12:19:00,2011-10-10 12:19:00,200.92000000000002,0
18127,347.08,3,187,41,2011-07-29 10:06:00,2011-11-20 14:05:00,115.69333333333333,114
18129,112.55000000000001,1,48,13,2011-04-10 14:16:00,2011-04-10 14:16:00,112.55000000000001,0
18130,1059.39,3,824,58,2011-10-13 15:58:00,2011-11-24 14:40:00,353.13000000000005,41
18133,931.4999999999999,1,1350,1,2011-05-11 14:14:00,2011-05-11 14:14:00,931.4999999999999,0
18135,681.9100000000001,5,349,11,2011-06-02 14:04:00,2011-11-10 19:32:00,136.382,161
18136,784.33,3,379,34,2011-01-24 12:08:00,2011-10-07 15:40:00,261.4433333333333,256
18138,152.65,1,38,8,2011-02-17 14:51:00,2011-02-17 14:51:00,152.65,0
18139,8438.34,6,5557,35,2011-11-21 14:06:00,2011-11-22 10:44:00,1406.39,0
18142,1019.52,2,1276,9,2011-05-08 12:31:00,2011-07-05 13:19:00,509.76,58
18143,1000.16,2,570,59,2011-07-21 10:44:00,2011-08-15 12:07:00,500.08,25
18144,2888.75,12,1343,27,2010-12-01 13:45:00,2011-12-02 12:46:00,240.72916666666666,365
18145,2861.55,4,2625,174,2011-01-31 12:10:00,2011-11-27 11:22:00,715.3875,299
18146,160.35000000000002,2,153,10,2011-05-03 16:35:00,2011-07-22 12:08:00,80.17500000000001,79
18147,179.33999999999997,2,203,7,2011-08-23 12:22:00,2011-10-25 11:46:00,89.66999999999999,62
18149,612.0799999999999,3,310,11,2011-03-11 12:44:00,2011-10-20 12:04:00,204.02666666666664,222
18150,566.58,3,332,29,2011-05-22 10:47:00,2011-11-07 16:49:00,188.86,169
18151,653.35,2,355,38,2011-02-23 08:29:00,2011-07-28 11:35:00,326.675,155
18154,399.19,2,255,15,2011-10-27 10:40:00,2011-12-06 16:41:00,199.595,40
18155,371.62,3,266,19,2011-02-21 10:36:00,2011-09-25 13:32:00,123.87333333333333,216
18156,675.64,2,283,100,2010-12-05 12:29:00,2011-11-27 12:24:00,337.82,356
18158,453.4,2,354,24,2011-09-12 09:03:00,2011-11-30 16:19:00,226.7,79
18159,530.15,1,139,23,2011-02-11 14:26:00,2011-02-11 14:26:00,530.15,0
18160,638.0600000000001,2,294,37,2011-05-23 13:41:00,2011-10-13 15:50:00,319.03000000000003,143
18161,1618.69,5,812,49,2011-01-24 11:56:00,2011-11-24 16:40:00,323.738,304
18164,399.65000000000003,1,184,24,2011-11-02 12:56:00,2011-11-02 12:56:00,399.65000000000003,0
18165,302.46000000000004,1,254,10,2011-06-15 13:23:00,2011-06-15 13:23:00,302.46000000000004,0
18167,1384.8600000000001,3,382,24,2011-08-26 11:40:00,2011-11-16 15:56:00,461.62000000000006,82
18168,1160.04,6,592,97,2010-12-02 18:08:00,2011-06-16 19:21:00,193.34,196
18169,202.65,1,61,9,2011-10-10 12:18:00,2011-10-10 12:18:00,202.65,0
18170,980.31,3,409,29,2011-05-06 15:13:00,2011-11-06 14:35:00,326.77,183
18171,1231.31,5,481,43,2011-01-10 09:55:00,2011-10-12 09:13:00,246.262,274
18172,7561.68,20,3184,100,2011-02-23 10:44:00,2011-11-25 11:12:00,378.084,275
18173,2106.84,4,1220,23,2011-03-10 11:56:00,2011-09-14 11:26:00,526.71,187
18174,104.0,1,50,1,2011-12-02 16:56:00,2011-12-02 16:56:00,104.0,0
18176,476.35,1,283,30,2010-12-16 15:45:00,2010-12-16 15:45:00,476.35,0
18177,1340.8700000000001,6,709,53,2011-03-29 08:46:00,2011-11-08 14:44:00,223.47833333333335,224
18178,1590.81,4,983,80,2010-12-10 12:42:00,2011-08-03 09:30:00,397.7025,235
18179,1793.17,6,1360,86,2011-01-07 14:22:00,2011-11-30 16:23:00,298.8616666666667,327
18180,1843.75,6,1721,108,2011-07-20 08:59:00,2011-12-05 08:39:00,307.2916666666667,137
18181,366.85,1,133,40,2011-11-15 15:08:00,2011-11-15 15:08:00,366.85,0
18183,632.07,2,371,36,2011-03-10 10:08:00,2011-04-26 15:26:00,316.035,47
18184,49.8,1,60,1,2011-11-24 15:28:00,2011-11-24 15:28:00,49.8,0
18185,304.25,1,183,17,2011-04-04 13:42:00,2011-04-04 13:42:00,304.25,0
18188,2001.04,3,1168,63,2011-02-22 14:43:00,2011-11-24 16:46:00,667.0133333333333,275
18189,1090.24,2,566,65,2011-03-17 09:49:00,2011-09-23 12:40:00,545.12,190
18190,284.46000000000004,2,140,14,2011-01-13 10:35:00,2011-05-31 14:48:00,142.23000000000002,138
18191,207.79999999999998,1,140,7,2011-03-23 12:08:00,2011-03-23 12:08:00,207.79999999999998,0
18192,957.97,1,339,45,2011-09-29 09:53:00,2011-09-29 09:53:00,957.97,0
18193,243.76,1,124,16,2011-06-27 13:58:00,2011-06-27 13:58:00,243.76,0
18194,973.8399999999999,1,632,7,2011-09-18 13:29:00,2011-09-18 13:29:00,973.8399999999999,0
18196,686.63,2,431,131,2011-02-22 16:13:00,2011-09-05 16:22:00,343.315,195
18198,5425.56,17,4074,81,2011-01-07 13:39:00,2011-12-05 14:49:00,319.15058823529415,332
18200,150.35,1,104,29,2011-08-25 18:45:00,2011-08-25 18:45:00,150.35,0
18202,1396.99,3,581,55,2011-02-01 13:36:00,2011-05-24 12:12:00,465.66333333333336,111
18203,160.42000000000002,1,43,19,2011-07-05 13:07:00,2011-07-05 13:07:00,160.42000000000002,0
18204,1975.35,3,1190,159,2011-05-31 15:26:00,2011-09-29 16:44:00,658.4499999999999,121
18205,517.36,2,192,30,2011-09-26 12:02:00,2011-11-03 13:22:00,258.68,38
18209,139.10000000000002,1,58,8,2011-11-11 12:07:00,2011-11-11 12:07:00,139.10000000000002,0
18210,2621.38,6,1398,109,2011-03-17 16:58:00,2011-12-08 11:02:00,436.8966666666667,265
18211,600.07,5,359,37,2011-03-06 12:09:00,2011-11-14 08:10:00,120.01400000000001,252
18212,216.07,1,92,30,2011-01-17 16:14:00,2011-01-17 16:14:00,216.07,0
18213,232.48000000000002,1,232,15,2011-04-17 10:21:00,2011-04-17 10:21:00,232.48000000000002,0
18215,299.34000000000003,1,118,13,2011-09-11 16:05:00,2011-09-11 16:05:00,299.34000000000003,0
18216,481.75,1,200,26,2011-11-08 16:55:00,2011-11-08 16:55:00,481.75,0
18217,621.75,2,491,27,2011-09-30 10:44:00,2011-11-10 13:18:00,310.875,41
18218,641.92,2,536,17,2011-03-03 12:24:00,2011-05-12 12:53:00,320.96,70
18219,2069.77,10,885,58,2010-12-06 10:05:00,2011-12-07 11:43:00,206.977,366
18220,305.28000000000003,1,288,2,2011-04-27 09:03:00,2011-04-27 09:03:00,305.28000000000003,0
18221,1041.61,5,791,59,2011-05-12 14:13:00,2011-11-17 14:40:00,208.32199999999997,189
18222,443.0,1,335,19,2011-09-08 10:45:00,2011-09-08 10:45:00,443.0,0
18223,6484.54,14,2948,116,2010-12-16 16:42:00,2011-12-05 09:11:00,463.18142857142857,353
18224,158.95000000000002,1,69,10,2011-03-21 10:30:00,2011-03-21 10:30:00,158.95000000000002,0
18225,5504.96,12,3242,150,2010-12-09 15:46:00,2011-12-06 13:27:00,458.74666666666667,361
18226,5228.05,11,3466,141,2011-01-06 09:00:00,2011-10-26 13:36:00,475.27727272727276,293
18227,93.75,1,21,5,2011-05-06 12:23:00,2011-05-06 12:23:00,93.75,0
18228,779.9,2,238,23,2011-09-21 10:48:00,2011-10-14 09:21:00,389.95,22
18229,7276.900000000001,20,2488,66,2010-12-01 16:25:00,2011-11-28 09:48:00,363.845,361
18230,2810.2000000000003,7,1316,32,2011-02-10 13:06:00,2011-11-30 13:22:00,401.4571428571429,293
18231,2071.77,5,819,106,2011-02-24 09:08:00,2011-05-31 14:18:00,414.354,96
18232,592.97,4,302,31,2011-05-26 16:30:00,2011-09-19 11:49:00,148.2425,115
18233,440.0,1,4,1,2011-01-18 08:44:00,2011-01-18 08:44:00,440.0,0
18235,1796.48,3,1578,100,2011-05-06 13:35:00,2011-09-29 08:27:00,598.8266666666667,145
18236,882.24,6,403,42,2011-04-13 09:52:00,2011-11-10 08:06:00,147.04,210
18237,987.1,5,622,40,2011-07-28 13:05:00,2011-12-07 12:49:00,197.42000000000002,131
18239,1561.6100000000001,5,795,80,2010-12-02 17:48:00,2011-05-05 12:38:00,312.322,153
18240,422.58,1,126,6,2011-10-24 13:06:00,2011-10-24 13:06:00,422.58,0
18241,2073.09,17,1051,60,2011-05-06 09:22:00,2011-11-30 12:10:00,121.9464705882353,208
18242,2232.4900000000002,4,1017,72,2011-05-10 11:20:00,2011-09-28 13:43:00,558.1225000000001,141
18245,2567.06,7,1788,153,2010-12-19 14:58:00,2011-12-02 14:48:00,366.72285714285715,347
18246,596.1,2,166,3,2011-04-20 13:55:00,2011-11-16 11:49:00,298.05,209
18248,804.02,2,511,39,2011-06-06 13:18:00,2011-08-09 10:19:00,402.01,63
18249,95.34,1,128,8,2011-11-22 15:07:00,2011-11-22 15:07:00,95.34,0
18250,349.27,1,199,21,2011-02-02 13:16:00,2011-02-02 13:16:00,349.27,0
18251,4314.72,1,7824,16,2011-09-13 15:03:00,2011-09-13 15:03:00,4314.72,0
18252,518.27,2,234,90,2011-06-21 11:47:00,2011-10-20 12:43:00,259.135,121
18255,103.3,1,74,6,2011-09-11 13:16:00,2011-09-11 13:16:00,103.3,0
18257,2337.63,8,1041,97,2011-02-16 15:13:00,2011-10-31 14:48:00,292.20375,256
18259,2338.6000000000004,3,714,27,2010-12-08 13:38:00,2011-11-15 12:34:00,779.5333333333334,341
18260,2628.35,6,1475,86,2010-12-16 18:23:00,2011-06-20 12:37:00,438.05833333333334,185
18261,324.24,2,146,19,2011-09-05 09:34:00,2011-10-27 15:36:00,162.12,52
18262,149.48,1,182,13,2011-07-22 16:04:00,2011-07-22 16:04:00,149.48,0
18263,1213.1599999999999,3,1468,59,2011-04-01 11:48:00,2011-11-14 09:00:00,404.3866666666666,226
18265,801.51,2,311,44,2011-07-04 15:26:00,2011-09-28 14:10:00,400.755,85
18268,25.5,1,2,1,2011-07-28 19:13:00,2011-07-28 19:13:00,25.5,0
18269,168.6,1,76,7,2010-12-08 13:53:00,2010-12-08 13:53:00,168.6,0
18270,283.15,2,101,11,2011-03-18 12:41:00,2011-11-01 13:57:00,141.575,228
18272,3078.58,6,2050,99,2011-04-07 09:35:00,2011-12-07 12:43:00,513.0966666666667,244
18273,204.0,3,80,1,2011-03-27 11:22:00,2011-12-07 13:16:00,68.0,255
18274,175.92,1,88,11,2011-11-09 17:03:00,2011-11-09 17:03:00,175.92,0
18276,335.86,1,186,14,2011-10-27 10:54:00,2011-10-27 10:54:00,335.86,0
18277,110.38,1,68,8,2011-10-12 15:22:00,2011-10-12 15:22:00,110.38,0
18278,173.9,1,66,9,2011-09-27 11:58:00,2011-09-27 11:58:00,173.9,0
18280,180.60000000000002,1,45,10,2011-03-07 09:52:00,2011-03-07 09:52:00,180.60000000000002,0
18281,80.82,1,54,7,2011-06-12 10:53:00,2011-06-12 10:53:00,80.82,0
18282,178.05,2,103,12,2011-08-05 13:35:00,2011-12-02 11:43:00,89.025,118
18283,2045.53,16,1357,263,2011-01-06 14:14:00,2011-12-06 12:02:00,127.845625,333
18287,1837.28,3,1586,59,2011-05-22 10:39:00,2011-10-28 09:29:00,612.4266666666666,158
