CustomerID,TotalRevenue,CumulativeRevenue,CumulativeRevenuePct,CumulativeCustomerPct
14646,280206.02,280206.02,3.1529136238619846,0.02305209774089442
18102,259657.3,539863.3200000001,6.074610447881748,0.04610419548178884
17450,194390.79,734254.1100000001,8.261920235673937,0.06915629322268327
16446,168472.5,902726.6100000001,10.157594141952211,0.09220839096357768
14911,143711.17,1046437.7800000001,11.774650427160308,0.11526048870447211
12415,124914.53,1171352.31,13.180204538579174,0.13831258644536654
14156,117210.08,1288562.3900000001,14.499067202864376,0.16136468418626093
17511,91062.38,1379624.77,15.523712635261926,0.18441678192715535
16029,80850.84,1460475.61,16.43345652633424,0.2074688796680498
12346,77183.6,1537659.2100000002,17.30193616848723,0.23052097740894423
16684,66653.56,1604312.7700000003,18.0519304669784,0.2535730751498386
14096,65164.79,1669477.5600000003,18.785172936883598,0.2766251728907331
13694,65039.62,1734517.1800000004,19.517006978096582,0.2996772706316275
15311,60632.75,1795149.9300000004,20.19925435995946,0.32272936837252186
13089,58762.08,1853912.0100000005,20.86045272607047,0.3457814661134163
17949,58510.48,1912422.4900000005,21.518820057117477,0.3688335638543107
15769,56252.72,1968675.2100000004,22.151782786709415,0.39188566159520516
15061,54534.14,2023209.3500000003,22.76540783649099,0.4149377593360996
14298,51527.3,2074736.6500000004,23.34519954178991,0.437989857076994
14088,50491.81,2125228.4600000004,23.913339782468718,0.46104195481788846
15749,44534.3,2169762.7600000002,24.414445366135894,0.48409405255878285
12931,42055.96,2211818.72,24.887664354252546,0.5071461502996772
17841,40519.84,2252338.56,25.343598725586563,0.5301982480405717
15098,39916.5,2292255.06,25.792744238830306,0.5532503457814661
13798,37153.85,2329408.91,26.21080406439696,0.5763024435223606
16013,37130.6,2366539.5100000002,26.6286022780191,0.599354541263255
16422,34684.4,2401223.91,27.0188755394411,0.6224066390041494
15838,33643.08,2434866.99,27.397431736344647,0.6454587367450437
12748,33053.19,2467920.18,27.769350416261297,0.6685108344859382
17404,31906.82,2499827.0,28.12836999575538,0.6915629322268326
17389,31833.68,2531660.68,28.48656659470662,0.7146150299677271
13098,28882.44,2560543.12,28.811555467416696,0.7376671277086214
14680,28754.11,2589297.23,29.135100354714353,0.7607192254495159
13081,28337.38,2617634.61,29.45395614327505,0.7837713231904103
13408,28117.04,2645751.65,29.770332638250686,0.8068234209313049
17857,26879.04,2672630.69,30.072779000439233,0.8298755186721992
16333,26626.8,2699257.4899999998,30.37238712620272,0.8529276164130936
13777,25977.16,2725234.65,30.66468542041226,0.875979714153988
12753,21429.39,2746664.04,30.905811630627344,0.8990318118948823
12744,21279.29,2767943.33,31.145248896632943,0.9220839096357769
16210,21086.3,2789029.63,31.382514614717227,0.9451360073766712
17675,20374.28,2809403.9099999997,31.611768593587414,0.9681881051175657
17381,20275.61,2829679.5199999996,31.83991232512149,0.99124020285846
12471,19788.65,2849468.1699999995,32.06257672106429,1.0142923005993545
15039,19766.59,2869234.7599999993,32.28499289509329,1.0373443983402488
12731,18895.91,2888130.6699999995,32.49761206749462,1.0603964960811434
15159,18641.010000000002,2906771.6799999992,32.70736307281402,1.0834485938220377
12901,17654.54,2924426.2199999993,32.90601419276146,1.1065006915629323
12678,17628.46,2942054.6799999992,33.10437185724599,1.1295527893038266
14031,17286.86,2959341.539999999,33.29888579526843,1.1526048870447212
17428,17256.85,2976598.389999999,33.49306205697024,1.1756569847856155
13767,17220.36,2993818.749999999,33.686827728570755,1.19870908252651
13881,17159.52,3010978.269999999,33.87990882078616,1.2217611802674044
16839,16594.35,3027572.619999999,34.06663054858536,1.2448132780082988
12921,16587.09,3044159.709999999,34.253270585945096,1.2678653757491931
17677,16345.38,3060505.089999999,34.43719087177337,1.2909174734900875
15189,16225.39,3076730.479999999,34.619761014925444,1.313969571230982
14607,16209.5,3092939.979999999,34.802152361785126,1.3370216689718764
15856,16143.64,3109083.619999999,34.98380264358394,1.360073766712771
14051,15610.390000000001,3124694.0099999993,35.159452728849054,1.3831258644536653
15513,14758.220000000001,3139452.2299999995,35.325514089350705,1.4061779621945598
16133,14589.04,3154041.2699999996,35.48967181506647,1.4292300599354542
14866,14389.9,3168431.1699999995,35.65158879228207,1.4522821576763485
16705,14034.99,3182466.1599999997,35.80951227722991,1.4753342554172428
12681,13787.54,3196253.6999999997,35.96465142343935,1.4983863531581374
12621,13689.67,3209943.3699999996,36.11868932401398,1.5214384508990317
12540,13400.24,3223343.61,36.26947052157362,1.5444905486399263
12433,13375.87,3236719.48,36.419977504806916,1.5675426463808206
15498,13316.4,3250035.88,36.5698153240686,1.590594744121715
12477,13219.74,3263255.62,36.718565512768734,1.6136468418626098
17735,13110.02,3276365.64,36.86608111813332,1.636698939603504
16525,13027.45,3289393.0900000003,37.0126676354008,1.6597510373443984
14258,12669.98,3302063.0700000003,37.15523185495633,1.6828031350852928
13078,12627.94,3314691.0100000002,37.297323035107674,1.7058552328261871
12536,12601.830000000002,3327292.8400000003,37.43912042223231,1.7289073305670817
15640,12416.11,3339708.95,37.57882806439634,1.751959428307976
16000,12393.7,3352102.6500000004,37.718283546402255,1.7750115260488704
17340,12353.29,3364455.9400000004,37.857284329970426,1.7980636237897647
12682,12279.82,3376735.7600000002,37.99545841979395,1.8211157215306595
13113,12245.960000000001,3388981.72,38.13325151260926,1.8441678192715538
14606,12076.15,3401057.87,38.26913388179891,1.8672199170124482
12557,11990.960000000001,3413048.83,38.40405768231962,1.8902720147533425
12939,11581.8,3424630.63,38.534377562702076,1.913324112494237
15125,11528.48,3436159.11,38.6640974796918,1.9363762102351314
14194,11349.52,3447508.63,38.79180371609705,1.9594283079760257
12971,11189.91,3458698.54,38.91771400056842,1.98248040571692
14895,11138.710000000001,3469837.25,39.04304817615554,2.0055325034578146
12409,11072.67,3480909.92,39.16763926129899,2.028584601198709
17581,11025.24,3491935.16,39.29169665807565,2.0516366989396033
15482,10879.76,3502814.92,39.41411709546792,2.0746887966804977
13319,10845.550000000001,3513660.4699999997,39.536152597607646,2.097740894421392
17107,10797.48,3524457.9499999997,39.65764721001953,2.120792992162287
13340,10736.48,3535194.4299999997,39.778455442706054,2.143845089903181
17139,10650.77,3545845.1999999997,39.89829925561778,2.1668971876440755
16779,10611.720000000001,3556456.92,40.017703672984005,2.18994928538497
17865,10526.32,3566983.2399999998,40.13614715873471,2.2130013831258646
17706,10504.49,3577487.73,40.25434501056074,2.236053480866759
15251,10484.99,3587972.72,40.37232344591719,2.2591055786076533
14062,10464.85,3598437.5700000003,40.49007526344299,2.2821576763485476
14769,10416.98,3608854.5500000003,40.607288441666284,2.3052097740894424
15615,10399.74,3619254.2900000005,40.7243076332262,2.3282618718303367
15502,10384.93,3629639.2200000007,40.8411601807905,2.351313969571231
16180,10254.18,3639893.400000001,40.956541512795916,2.3743660673121254
16843,10196.57,3650089.9700000007,41.07127460978527,2.39741816505302
12590,9864.26,3659954.2300000004,41.18226851256907,2.4204702627939145
13199,9817.12,3669771.3500000006,41.29273199010281,2.443522360534809
13001,9785.970000000001,3679557.3200000008,41.402844963891546,2.466574458275703
15078,9743.11,3689300.4300000006,41.51247567153224,2.4896265560165975
12709,9706.52,3699006.9500000007,41.621694663858996,2.512678653757492
13458,9646.57,3708653.5200000005,41.73023909119335,2.5357307514983862
14733,9585.91,3718239.4300000006,41.83810096452539,2.5587828492392806
16523,9418.470000000001,3727657.900000001,41.944078781771914,2.581834946980175
12567,9401.28,3737059.1800000006,42.0498631749614,2.6048870447210697
14367,9227.82,3746287.0000000005,42.153695774262964,2.627939142461964
14667,9175.04,3755462.0400000005,42.256934486320176,2.6509912402028584
18092,9068.26,3764530.3000000003,42.35897169629419,2.6740433379437527
12451,9035.52,3773565.8200000003,42.46064051164183,2.6970954356846475
13969,9024.17,3782589.99,42.562181615352046,2.720147533425542
13488,8968.31,3791558.3000000003,42.663094175267844,2.743199631166436
13090,8910.82,3800469.12,42.763359850422795,2.7662517289073305
16033,8778.82,3809247.94,42.86214024486054,2.7893038266482253
17017,8694.26,3817942.1999999997,42.959969159469146,2.8123559243891196
17306,8631.31,3826573.51,43.05708975270542,2.835408022130014
16656,8625.8,3835199.3099999996,43.154148346723886,2.8584601198709083
17243,8540.05,3843739.3599999994,43.25024207088249,2.8815122176118027
14527,8507.13,3852246.4899999993,43.34596537503194,2.904564315352697
12683,8476.57,3860723.059999999,43.44134481419109,2.9276164130935913
18139,8438.34,3869161.399999999,43.536294084548594,2.9506685108344857
15358,8347.2,3877508.599999999,43.63021783608363,2.97372060857538
16558,8338.49,3885847.0899999994,43.72404358159558,2.996772706316275
14056,8152.71,3893999.7999999993,43.81577890701934,3.019824804057169
14936,8137.02,3902136.8199999994,43.90733768657603,3.0428769017980635
16672,8134.9400000000005,3910271.7599999993,43.9988730617093,3.065928999538958
13854,8109.5199999999995,3918381.2799999993,44.09012240778324,3.0889810972798526
14952,8099.49,3926480.7699999996,44.18125889502693,3.112033195020747
18109,8004.92,3934485.6899999995,44.271331268653746,3.1350852927616413
14796,7975.49,3942461.1799999997,44.3610724921934,3.1581373905025356
12428,7956.46,3950417.6399999997,44.45059958776299,3.18118948824343
15290,7943.22,3958360.86,44.53997770517578,3.2042415859843243
14849,7930.54,3966291.4,44.62921314562272,3.2272936837252195
12757,7834.650000000001,3974126.05,44.717369619645616,3.250345781466114
13093,7832.47,3981958.52,44.80550156403243,3.273397879207008
12435,7829.89,3989788.41,44.893604477932506,3.2964499769479025
13629,7792.36,3997580.77,44.98128509951956,3.319502074688797
17811,7761.82,4005342.59,45.06862208115887,3.342554172429691
15044,7634.7300000000005,4012977.32,45.15452903002281,3.3656062701705856
15194,7616.53,4020593.8499999996,45.2402311901818,3.38865836791148
18172,7561.68,4028155.53,45.32531617119429,3.4117104656523742
13263,7436.93,4035592.46,45.40899744940776,3.434762563393269
12980,7374.900000000001,4042967.36,45.4919807582054,3.4578146611341634
15465,7354.62,4050321.98,45.57473587387469,3.4808667588750577
17396,7330.8,4057652.78,45.657222963887264,3.503918856615952
12474,7324.09,4064976.8699999996,45.739634552130056,3.5269709543568464
12583,7281.38,4072258.2499999995,45.821565562043816,3.5500230520977407
13018,7277.7,4079535.9499999997,45.90345516413152,3.573075149838635
18229,7276.900000000001,4086812.8499999996,45.98533576451791,3.5961272475795294
16729,7205.33,4094018.1799999997,46.06641105020029,3.6191793453204246
16745,7180.7,4101198.88,46.14720919600339,3.642231443061319
16873,7123.62,4108322.5,46.22736507041757,3.6652835408022133
13324,7121.95,4115444.45,46.30750215378024,3.6883356385431076
16923,7069.08,4122513.5300000003,46.38704433720718,3.711387736284002
13985,7060.13,4129573.66,46.466485814100636,3.7344398340248963
14961,7044.68,4136618.3400000003,46.545753445637416,3.7574919317657907
12766,6989.63,4143607.97,46.62440164760236,3.780544029506685
12798,6977.04,4150585.0100000002,46.70290818529285,3.8035961272475793
12989,6924.110000000001,4157509.12,46.780819147919985,3.826648224988474
13027,6912.0,4164421.12,46.85859384729344,3.8497003227293685
16187,6911.4400000000005,4171332.56,46.93636224547598,3.872752420470263
16713,6910.78,4178243.34,47.014123217254934,3.895804518211157
17416,6893.42,4185136.76,47.09168885211532,3.9188566159520515
12705,6868.29,4192005.05,47.16897172103311,3.941908713692946
12476,6816.42,4198821.47,47.24567094214179,3.96496081143384
12830,6814.64,4205636.109999999,47.32235013446505,3.9880129091747345
15601,6776.56,4212412.669999999,47.398600845805646,4.011065006915629
16652,6773.97,4219186.639999999,47.47482241413823,4.034117104656524
18055,6761.34,4225947.979999999,47.55090186811128,4.057169202397418
16532,6748.8,4232696.779999998,47.6268402204162,4.080221300138312
15023,6720.41,4239417.189999999,47.70245912484566,4.103273397879207
13576,6717.34,4246134.529999998,47.778043485246315,4.126325495620101
15249,6688.46,4252822.989999998,47.85330288422944,4.149377593360995
16746,6680.11,4259503.099999999,47.928468327955095,4.17242969110189
16353,6675.71,4266178.809999999,48.00358426232349,4.195481788842784
12626,6620.48,4272799.289999999,48.07807874173727,4.218533886583679
16182,6617.65,4279416.9399999995,48.152541377632645,4.241585984324574
15144,6580.44,4285997.38,48.22658532189554,4.264638082065468
12472,6572.11,4292569.49,48.30053553594348,4.287690179806362
17338,6493.54,4299063.03,48.37360167040088,4.310742277547257
18223,6484.54,4305547.57,48.446566535718475,4.333794375288151
15694,6479.4,4312026.970000001,48.51947356510511,4.356846473029045
13225,6463.84,4318490.8100000005,48.59220551140114,4.37989857076994
13102,6424.09,4324914.9,48.664490185663006,4.402950668510835
12431,6419.95,4331334.850000001,48.736728276120566,4.426002766251729
16814,6416.7,4337751.550000001,48.808929797166535,4.4490548639926235
13871,6403.25,4344154.800000001,48.880979977109114,4.472106961733518
12359,6310.03,4350464.830000001,48.9519812338058,4.495159059474412
13668,6309.83,4356774.660000001,49.02298024007717,4.5182111572153065
13709,6307.650000000001,4363082.310000001,49.093954716712446,4.541263254956201
15005,6295.37,4369377.680000002,49.16479101723251,4.564315352697095
16126,6287.77,4375665.450000001,49.235541801590074,4.5873674504379895
17315,6281.23,4381946.680000002,49.30621899703937,4.610419548178885
14057,6211.66,4388158.340000002,49.37611338203795,4.633471645919779
12357,6207.67,4394366.010000002,49.445962871051215,4.6565237436606735
14060,6140.42,4400506.430000002,49.51505565454756,4.679575841401568
13418,6127.43,4406633.860000001,49.58400227291879,4.702627939142462
15939,6115.01,4412748.870000001,49.65280913987707,4.7256800368833565
17509,6083.64,4418832.510000001,49.7212630276225,4.748732134624251
14735,6065.69,4424898.200000001,49.789514939694634,4.771784232365145
13097,6003.22,4430901.420000001,49.85706393141523,4.79483633010604
12637,6002.9,4436904.320000001,49.9246093224553,4.817888427846935
14101,5976.79,4442881.110000001,49.99186092046865,4.840940525587829
15382,5955.71,4448836.820000001,50.058875323652316,4.863992623328723
14944,5900.25,4454737.070000001,50.12526568389224,4.887044721069618
13209,5891.61,4460628.680000002,50.19155882575793,4.910096818810512
13534,5870.08,4466498.760000002,50.25760970933695,4.933148916551406
14505,5859.43,4472358.190000001,50.32354075776719,4.956201014292301
14415,5855.57,4478213.760000002,50.38942837298859,4.979253112033195
13050,5836.86,4484050.620000002,50.45510546092045,5.002305209774089
12720,5781.73,4489832.350000002,50.52016221911034,5.025357307514984
15218,5756.89,4495589.240000002,50.58493947447435,5.048409405255878
17686,5739.46,4501328.700000002,50.649520605270936,5.0714615029967725
13316,5732.93,4507061.630000002,50.71402825968052,5.094513600737667
13178,5725.47,4512787.1000000015,50.77845197322534,5.117565698478561
16553,5719.82,4518506.920000002,50.842812112254606,5.1406177962194555
13468,5704.97,4524211.8900000015,50.90700515720319,5.16366989396035
14110,5683.15,4529895.040000002,50.97095268074838,5.186721991701245
17716,5655.99,4535551.030000002,51.034594596533864,5.209774089442139
13004,5655.91,4541206.940000002,51.09823561214923,5.232826187183034
17049,5655.03,4546861.9700000025,51.16186672589315,5.255878284923928
18118,5625.08,4552487.050000003,51.22516083844402,5.278930382664822
17757,5593.39,4558080.440000002,51.2880983711015,5.301982480405717
12839,5591.42,4563671.860000002,51.35101373706949,5.325034578146611
12481,5579.82,4569251.6800000025,51.4137985783684,5.348086675887505
14688,5579.1,4574830.780000002,51.476575318136106,5.371138773628401
14049,5578.72,4580409.500000002,51.5393477820957,5.394190871369295
16767,5575.56,4585985.060000001,51.60208468933509,5.417242969110189
12539,5568.35,4591553.410000001,51.664740468741364,5.440295066851084
16161,5533.67,4597087.080000001,51.727006024395585,5.463347164591978
18225,5504.96,4602592.040000001,51.78894853149381,5.486399262332872
16609,5493.46,4608085.500000001,51.85076163913561,5.509451360073767
15805,5488.18,4613573.680000001,51.912515335548726,5.532503457814661
16985,5464.12,4619037.800000001,51.973998305794744,5.555555555555555
16265,5447.0,4624484.800000001,52.035288639632604,5.578607653296451
18198,5425.56,4629910.36,52.096337727875174,5.601659751037345
12490,5417.93,4635328.29,52.15730096239144,5.624711848778239
17809,5411.91,4640740.2,52.2181964591053,5.647763946519134
16701,5398.3,4646138.5,52.27893881437552,5.670816044260028
17719,5396.04,4651534.54,52.33965573983952,5.693868142000922
17850,5391.21,4656925.75,52.40031831753183,5.716920239741817
16303,5360.63,4662286.38,52.46063680519131,5.739972337482711
13269,5343.28,4667629.66,52.5207600684535,5.763024435223605
17730,5298.4800000000005,4672928.140000001,52.58037923644196,5.7860765329645
15150,5291.33,4678219.470000001,52.639917951724925,5.809128630705394
17061,5232.2300000000005,4683451.700000001,52.69879166632313,5.832180728446288
18226,5228.05,4688679.750000001,52.757618347031965,5.855232826187183
12362,5226.23,4693905.980000001,52.8164245488703,5.878284923928077
16258,5203.51,4699109.490000001,52.87497510239124,5.901337021668971
13756,5189.52,4704299.010000001,52.933368238660414,5.924389119409866
16191,5180.52,4709479.53,52.991660105789784,5.94744121715076
15727,5159.06,4714638.59,53.049710502281336,5.970493314891655
13599,5149.92,4719788.51,53.10765805433536,5.99354541263255
17858,5140.66,4724929.17,53.16550141169664,6.016597510373444
15903,5126.76,4730055.93,53.223188364497545,6.039649608114338
13941,5112.96,4735168.89,53.28072003795074,6.062701705855233
15046,5090.42,4740259.31,53.33799808846936,6.085753803596127
16700,5076.55,4745335.859999999,53.3951200719914,6.108805901337021
13139,5064.94,4750400.8,53.45211141832309,6.131857999077916
12432,5059.32,4755460.12,53.50903952770303,6.154910096818811
17602,5054.42,4760514.54,53.5659125016624,6.177962194559705
15301,5049.95,4765564.49,53.62273517861568,6.2010142923005995
17426,5037.26,4770601.75,53.679415066081816,6.224066390041494
15719,5030.07,4775631.82,53.73601405075738,6.247118487782388
14755,5010.28,4780642.100000001,53.79239035584663,6.2701705855232825
14562,5006.77,4785648.87,53.84872716597135,6.293222683264177
12444,5005.46,4790654.33,53.905049235810154,6.316274781005071
14329,4975.24,4795629.57,53.96103126638175,6.339326878745966
15032,4959.1,4800588.67,54.01683168762928,6.36237897648686
12437,4951.41,4805540.08,54.072545580022904,6.385431074227754
12700,4939.99,4810480.07,54.12813097313024,6.408483171968649
14709,4921.04,4815401.11,54.18350313843765,6.431535269709543
15786,4919.0,4820320.11,54.2388523494067,6.454587367450439
15547,4910.6,4825230.71,54.29410704251192,6.477639465191333
17133,4892.240000000001,4830122.95,54.34915514657194,6.500691562932228
12664,4881.88,4835004.83,54.404086678599896,6.523743660673122
12688,4873.8099999999995,4839878.64,54.45892740596583,6.546795758414016
14292,4871.93,4844750.569999999,54.513746979333675,6.569847856154911
17652,4867.72,4849618.289999999,54.56851918124834,6.592899953895805
15738,4812.42,4854430.709999999,54.62266914055951,6.615952051636699
13013,4810.9400000000005,4859241.649999999,54.67680244672326,6.639004149377594
15298,4799.9,4864041.55,54.73081152940883,6.662056247118488
15555,4794.86,4868836.41,54.78476390137611,6.685108344859382
15187,4777.18,4873613.59,54.8385173357443,6.708160442600277
17365,4767.36,4878380.95,54.89216027422883,6.731212540341171
12955,4757.16,4883138.11,54.94568844102158,6.7542646380820655
14180,4748.52,4887886.63,54.9991193894401,6.77731673582296
15152,4745.69,4892632.32,55.052518494340234,6.800368833563854
16722,4730.81,4897363.13,55.10575016759586,6.8234209313047485
17690,4726.8,4902089.93,55.15893671982365,6.846473029045644
12714,4708.86,4906798.79,55.21192140889942,6.869525126786538
14135,4690.31,4911489.1,55.2646973710259,6.892577224527432
14191,4684.76,4916173.859999999,55.317410883849526,6.915629322268327
15291,4668.3,4920842.159999999,55.369939186668546,6.938681420009221
14189,4654.08,4925496.239999999,55.42230748424668,6.961733517750115
14390,4642.57,4930138.81,55.474546269847124,6.98478561549101
14159,4630.35,4934769.159999999,55.52664755445995,7.007837713231904
14286,4628.75,4939397.909999999,55.57873083567016,7.030889810972798
13802,4599.42,4943997.329999999,55.63048409200584,7.053941908713693
15093,4597.02,4948594.349999999,55.68221034323758,7.076994006454587
14004,4582.64,4953176.989999998,55.733774788888155,7.100046104195481
16931,4554.87,4957731.8599999985,55.78502676298179,7.123098201936376
17068,4552.14,4962283.999999998,55.83624801876967,7.14615029967727
17613,4544.55,4966828.549999998,55.88738387091633,7.1692023974181645
12484,4527.32,4971355.869999998,55.938325848920876,7.192254495159059
13267,4521.49,4975877.3599999985,55.98920222702709,7.215306592899953
15299,4507.01,4980384.369999998,56.03991567433947,7.238358690640849
12524,4485.72,4984870.089999998,56.09038956387556,7.261410788381744
17975,4483.26,4989353.349999998,56.14083577318012,7.284462886122638
14426,4481.67,4993835.019999998,56.1912640916033,7.307514983863532
12627,4478.53,4998313.549999998,56.24165707834883,7.330567081604427
17364,4462.68,5002776.229999998,56.29187171888701,7.353619179345321
16984,4459.52,5007235.749999997,56.34205080270499,7.376671277086215
13069,4431.44,5011667.189999998,56.39191392680678,7.39972337482711
14085,4421.29,5016088.479999998,56.44166284182312,7.422775472568004
15955,4416.26,5020504.739999997,56.49135515864242,7.445827570308898
16626,4413.1,5024917.839999997,56.541011918741525,7.468879668049793
15874,4405.88,5029323.719999997,56.59058743848624,7.491931765790687
14534,4397.3,5033721.019999997,56.64006641498435,7.514983863531581
12712,4396.13,5038117.149999997,56.68953222649428,7.538035961272476
13505,4393.63,5042510.779999997,56.7389699076876,7.56108805901337
12752,4366.78,5046877.559999997,56.788105469280495,7.584140156754264
16945,4345.5,5051223.059999997,56.83700158561836,7.607192254495159
14016,4341.21,5055564.269999997,56.885849430332925,7.630244352236054
14800,4331.79,5059896.059999997,56.93459128001449,7.653296449976948
17567,4331.48,5064227.539999997,56.9833296415368,7.676348547717843
18251,4314.72,5068542.259999997,57.03187941741652,7.699400645458737
12347,4310.0,5072852.259999997,57.08037608325848,7.722452743199631
17937,4301.22,5077153.479999997,57.12877395542849,7.745504840940526
15034,4274.16,5081427.639999997,57.17686734505148,7.76855693868142
14422,4263.64,5085691.279999997,57.22484236230214,7.791609036422314
12500,4257.82,5089949.099999997,57.27275189217574,7.814661134163209
17419,4226.57,5094175.669999997,57.320309793091674,7.837713231904103
14525,4215.9,5098391.5699999975,57.3677476338163,7.860765329644997
15804,4206.39,5102597.959999997,57.41507846681652,7.883817427385892
15971,4199.85,5106797.809999997,57.46233571090848,7.906869525126786
12747,4196.01,5110993.819999997,57.50954974683411,7.92992162286768
14146,4191.0,5115184.819999997,57.55670740960526,7.952973720608575
14277,4188.0,5119372.819999997,57.60383131599648,7.976025818349469
12949,4167.22,5123540.039999996,57.650721403195995,7.999077916090363
13384,4151.93,5127691.969999996,57.697439445379096,8.022130013831259
15570,4148.82,5131840.789999996,57.744122493448344,8.045182111572153
13988,4147.96,5135988.749999996,57.79079586468867,8.068234209313047
12569,4124.69,5140113.439999997,57.837207398941956,8.091286307053942
17920,4119.5,5144232.939999997,57.88356053465796,8.114338404794836
16592,4113.68,5148346.619999996,57.92984818299688,8.13739050253573
13555,4098.88,5152445.499999996,57.97596929986144,8.160442600276625
16401,4098.32,5156543.819999997,58.02208411553509,8.183494698017519
18041,4097.37,5160641.189999997,58.068188241688425,8.206546795758413
16670,4095.9,5164737.089999997,58.114275827215586,8.229598893499308
12749,4090.88,5168827.969999997,58.160306927067,8.252650991240202
14092,4076.91,5172904.879999997,58.206180834709166,8.275703088981096
12449,4067.29,5176972.169999997,58.251946496893005,8.29875518672199
17377,4058.32,5181030.489999997,58.29761122750084,8.321807284462885
18087,4055.7199999999993,5185086.209999997,58.34324670257938,8.34485938220378
14401,4051.48,5189137.689999998,58.38883446864096,8.367911479944674
12656,4051.17,5193188.859999998,58.43441874654327,8.390963577685568
16549,4034.9,5197223.759999998,58.47981995234507,8.414015675426464
13815,4027.36,5201251.119999998,58.52513631711195,8.437067773167358
15514,4023.7200000000003,5205274.839999998,58.57041172413785,8.460119870908253
17940,4020.04,5209294.879999998,58.615645723337686,8.483171968649147
12957,4017.54,5213312.419999998,58.66085159222091,8.506224066390041
12867,4009.34,5217321.759999998,58.70596519366564,8.529276164130936
12378,4008.62,5221330.379999998,58.75107069357919,8.55232826187183
16186,4006.94,5225337.319999998,58.79615728991998,8.575380359612724
12841,3991.58,5229328.8999999985,58.841071053595485,8.598432457353619
17001,3989.57,5233318.469999999,58.885962200496444,8.621484555094513
15416,3984.32,5237302.789999999,58.93079427373251,8.644536652835408
12779,3981.36,5241284.149999999,58.9755930406737,8.667588750576302
12727,3980.7,5245264.85,59.02038438121131,8.690640848317196
14547,3974.75,5249239.6,59.065108771595376,8.71369294605809
14299,3965.62,5253205.22,59.10973043006318,8.736745043798985
13523,3964.88,5257170.1,59.15434376195725,8.75979714153988
15529,3962.6,5261132.699999999,59.198931439002564,8.782849239280774
17611,3961.12,5265093.819999999,59.24350246290045,8.80590133702167
13183,3957.78,5269051.6,59.288035904695356,8.828953434762564
17769,3957.43,5273009.029999999,59.33256540824592,8.852005532503458
17651,3945.0,5276954.029999999,59.37695504786228,8.875057630244353
12473,3928.0499999999997,5280882.079999999,59.42115396393201,8.898109727985247
17593,3923.86,5284805.9399999995,59.46530573359108,8.921161825726141
14739,3902.28,5288708.22,59.50921468235716,8.944213923467036
13999,3901.81,5292610.029999999,59.5531183426237,8.96726602120793
14291,3883.25,5296493.279999999,59.596813163419704,8.990318118948824
15195,3861.0,5300354.279999999,59.640257624397854,9.013370216689719
18073,3859.82,5304214.1,59.68368880786655,9.036422314430613
12662,3849.78,5308063.88,59.72700701998374,9.059474412171507
16717,3843.08,5311906.96,59.770249842852394,9.082526509912402
13266,3834.2599999999998,5315741.22,59.81339342196404,9.105578607653296
17091,3827.76,5319568.9799999995,59.85646386225248,9.12863070539419
16327,3820.27,5323389.249999999,59.899450024112355,9.151682803135085
12755,3811.95,5327201.199999999,59.94234256827854,9.174734900875979
12597,3811.22,5331012.419999999,59.98522689839228,9.197786998616875
15867,3810.14,5334822.559999999,60.028099076209216,9.22083909635777
13435,3809.8900000000003,5338632.449999998,60.07096844099451,9.243891194098664
12668,3807.15,5342439.599999999,60.1138069749528,9.266943291839558
16145,3799.4900000000002,5346239.089999999,60.15655931762098,9.289995389580453
16655,3789.52,5350028.6099999985,60.19919947658651,9.313047487321347
16168,3787.6,5353816.209999998,60.241818031468874,9.336099585062241
16019,3786.2400000000002,5357602.449999998,60.284421283459,9.359151682803136
12562,3781.7400000000002,5361384.189999999,60.32697390087923,9.38220378054403
17173,3766.6,5365150.789999998,60.36935616110204,9.405255878284924
13124,3756.33,5368907.119999998,60.411622861984206,9.428307976025819
12429,3750.4,5372657.519999999,60.45382283775537,9.451360073766713
14145,3742.2,5376399.719999999,60.495930546088026,9.474412171507607
13552,3740.07,5380139.789999999,60.538014287390936,9.497464269248502
16570,3738.4,5383878.1899999995,60.58007923764236,9.520516366989396
12502,3723.87,5387602.06,60.6219806944936,9.54356846473029
12647,3722.82,5391324.88,60.66387033661188,9.566620562471185
13680,3719.12,5395044.0,60.70571834586157,9.58967266021208
17238,3719.1,5398763.1,60.74756613006872,9.612724757952975
16240,3718.8,5402481.899999999,60.78941053863788,9.63577685569387
14364,3717.35,5406199.249999999,60.8312386316234,9.658828953434764
15845,3711.77,5409911.019999999,60.87300393774223,9.681881051175658
15622,3709.56,5413620.579999998,60.914744376661176,9.704933148916552
17819,3704.87,5417325.449999998,60.95643204310617,9.727985246657447
15379,3703.29,5421028.739999998,60.99810193119106,9.751037344398341
14282,3701.44,5424730.179999999,61.039751002841655,9.774089442139235
12553,3692.28,5428422.459999999,61.08129700501218,9.79714153988013
16253,3683.86,5432106.319999999,61.12274826427635,9.820193637621024
13148,3683.26,5435789.579999999,61.16419277226453,9.843245735361918
15581,3675.77,5439465.349999999,61.20555300182413,9.866297833102813
15296,3672.86,5443138.209999999,61.2468804876952,9.889349930843707
16904,3653.75,5446791.959999999,61.287992945426076,9.912402028584602
15808,3651.27,5450443.229999999,61.32907749788286,9.935454126325496
12417,3649.1,5454092.329999998,61.37013763322482,9.95850622406639
13426,3641.32,5457733.6499999985,61.411110227021496,9.981558321807285
12619,3641.24,5461374.889999999,61.45208192064803,10.004610419548179
16440,3640.67,5465015.559999999,61.49304720056238,10.027662517289073
13381,3639.31,5468654.869999998,61.53399717758449,10.050714615029968
17230,3638.41,5472293.279999998,61.57493702769262,10.073766712770862
17528,3628.5,5475921.779999998,61.61576536922569,10.096818810511756
13327,3627.77,5479549.549999998,61.656585496706306,10.11987090825265
13520,3624.35,5483173.899999998,61.697367141913794,10.142923005993545
13082,3613.63,5486787.5299999975,61.73802816432365,10.16597510373444
18079,3613.15,5490400.679999998,61.778683785712715,10.189027201475334
16712,3611.31,5494011.989999997,61.819318703188756,10.212079299216228
15505,3610.96,5497622.949999997,61.85994968242047,10.235131396957122
13137,3603.29,5501226.239999997,61.900494357840806,10.258183494698017
14543,3599.73,5504825.969999998,61.9409989756903,10.281235592438911
15484,3590.41,5508416.379999998,61.98139872371945,10.304287690179805
14132,3586.0299999999997,5512002.409999998,62.0217491874339,10.3273397879207
16242,3579.86,5515582.269999999,62.06203022552693,10.350391885661594
17576,3564.83,5519147.099999999,62.10214214415649,10.37344398340249
14040,3560.32,5522707.419999999,62.14220331569488,10.396496081143384
17203,3560.08,5526267.499999999,62.18226178672287,10.419548178884279
17491,3558.87,5529826.369999999,62.22230664267763,10.442600276625173
15544,3546.71,5533373.079999999,62.262214672772366,10.465652374366067
14503,3543.26,5536916.339999999,62.30208388303017,10.488704472106962
12370,3541.94,5540458.279999999,62.34193824048082,10.511756569847856
13448,3534.69,5543992.97,62.381711020013284,10.53480866758875
12454,3528.34,5547521.31,62.42141234854155,10.557860765329645
17160,3518.03,5551039.34,62.4609976676441,10.58091286307054
13953,3515.68,5554555.02,62.50055654424903,10.603964960811433
15113,3509.43,5558064.449999999,62.540045095062425,10.627017058552328
16131,3506.54,5561570.989999999,62.57950112722982,10.650069156293222
13334,3502.32,5565073.31,62.61890967542277,10.673121254034116
14907,3501.1,5568574.409999999,62.6583044960212,10.69617335177501
16458,3482.7400000000002,5572057.149999999,62.697492727574435,10.719225449515905
14395,3479.91,5575537.06,62.73664911560927,10.742277547256801
13993,3466.36,5579003.42,62.77565303732805,10.765329644997696
13014,3466.2799999999997,5582469.7,62.81465605887669,10.78838174273859
15410,3450.84,5585920.54,62.85348534758993,10.811433840479484
16360,3450.41,5589370.95,62.892309797888714,10.834485938220379
15129,3447.4,5592818.350000001,62.9311003792863,10.857538035961273
13536,3444.39,5596262.74,62.96985709178268,10.880590133702167
15974,3442.15,5599704.890000001,63.00858859951537,10.903642231443062
17725,3439.08,5603143.970000001,63.047285563219255,10.926694329183956
15676,3435.76,5606579.73,63.085945169862676,10.94974642692485
14221,3432.8,5610012.53,63.12457147021123,10.972798524665745
12406,3415.3,5613427.83,63.1630008583435,10.995850622406639
15981,3408.48,5616836.3100000005,63.20135350697203,11.018902720147533
17758,3408.2000000000003,5620244.510000001,63.23970300500512,11.041954817888428
13437,3408.06,5623652.57,63.27805092774046,11.065006915629322
17669,3406.7200000000003,5627059.29,63.3163837726261,11.088059013370216
13198,3401.2400000000002,5630460.53,63.354654955857725,11.11111111111111
15228,3386.71,5633847.24,63.392762645689196,11.134163208852007
13842,3385.62,5637232.86,63.43085807070261,11.157215306592901
16011,3352.96,5640585.82,63.468586001259794,11.180267404333796
14227,3350.96,5643936.78,63.50629142756369,11.20331950207469
16818,3349.57,5647286.350000001,63.54398121341154,11.226371599815584
16607,3347.71,5650634.0600000005,63.58165007030383,11.249423697556479
17183,3347.31,5653981.37,63.61931442634546,11.272475795297373
12643,3344.64,5657326.01,63.65694873920895,11.295527893038267
12613,3344.38,5660670.39,63.69458012651952,11.318579990779162
13015,3339.64,5664010.029999999,63.73215817874978,11.341632088520056
12594,3338.2200000000003,5667348.249999999,63.769720252960205,11.36468418626095
16556,3313.79,5670662.039999999,63.80700743771668,11.387736284001845
13373,3312.25,5673974.289999999,63.84427729419813,11.410788381742739
14841,3295.76,5677270.049999999,63.88136160311119,11.433840479483633
15632,3285.31,5680555.3599999985,63.9183283273008,11.456892577224528
12480,3281.63,5683836.989999998,63.955253643664356,11.479944674965422
15764,3279.97,5687116.959999998,63.992160281497675,11.502996772706316
17723,3276.4000000000005,5690393.3599999985,64.0290267492389,11.52604887044721
14702,3251.79,5693645.1499999985,64.06561630214334,11.549100968188105
13952,3251.071,5696896.220999999,64.10219776476876,11.572153065929
13047,3237.54,5700133.760999999,64.13862697486852,11.595205163669894
15708,3235.25,5703369.010999999,64.17503041759826,11.618257261410788
14175,3222.3,5706591.310999999,64.21128814528795,11.641309359151682
13880,3219.77,5709811.080999998,64.24751740509721,11.664361456892577
15443,3213.59,5713024.670999998,64.28367712676382,11.687413554633471
14388,3212.84,5716237.510999998,64.31982840933543,11.710465652374365
16107,3204.1600000000003,5719441.670999998,64.35588202344778,11.73351775011526
13868,3192.54,5722634.210999998,64.3918048878485,11.756569847856154
13758,3190.55,5725824.760999998,64.42770536051718,11.779621945597048
14844,3189.81,5729014.570999998,64.46359750661215,11.802674043337943
17220,3187.55,5732202.1209999975,64.4994642229009,11.825726141078837
17050,3185.64,5735387.760999997,64.53530944762775,11.848778238819731
12456,3181.04,5738568.800999997,64.57110291257206,11.871830336560626
17672,3178.17,5741746.970999997,64.60686408391287,11.89488243430152
13268,3174.75,5744921.720999997,64.64258677298056,11.917934532042416
16837,3170.98,5748092.700999998,64.67826704153082,11.94098662978331
16041,3166.4,5751259.100999998,64.71389577534102,11.964038727524205
17863,3160.0,5754419.100999998,64.7494524955407,11.9870908252651
15065,3158.13,5757577.230999998,64.78498817426353,12.010142923005994
17685,3155.83,5760733.060999998,64.82049797309509,12.033195020746888
15861,3146.92,5763879.980999998,64.85590751547824,12.056247118487782
14235,3144.86,5767024.840999998,64.89129387848051,12.079299216228677
17231,3124.72,5770149.560999998,64.92645362365212,12.10235131396957
13685,3119.44,5773269.000999998,64.96155395759506,12.125403411710465
16678,3109.99,5776378.9909999985,64.99654795894119,12.14845550945136
13742,3107.87,5779486.860999999,65.03151810577884,12.171507607192254
14099,3104.17,5782591.030999999,65.0664466197479,12.194559704933148
15491,3100.09,5785691.120999998,65.10132922504025,12.217611802674043
14257,3099.7200000000003,5788790.840999998,65.13620766704572,12.240663900414937
14565,3099.12,5791889.960999998,65.17107935777521,12.263715998155831
13135,3096.0,5794985.960999998,65.20591594186959,12.286768095896726
16156,3092.04,5798078.000999998,65.24070796754243,12.309820193637622
13362,3090.7400000000002,5801168.7409999985,65.27548536545063,12.332872291378516
16218,3084.68,5804253.420999998,65.31019457547137,12.35592438911941
13869,3083.65,5807337.070999999,65.34489219580168,12.378976486860305
17059,3080.39,5810417.460999998,65.37955313419909,12.402028584601199
15998,3080.22,5813497.680999998,65.41421215973499,12.425080682342093
18272,3078.58,5816576.260999998,65.44885273178319,12.448132780082988
12910,3075.04,5819651.300999998,65.48345347130305,12.471184877823882
13631,3070.42,5822721.720999998,65.51800222599783,12.494236975564776
16940,3049.88,5825771.600999998,65.5523198620113,12.51728907330567
16393,3040.96,5828812.560999998,65.5865371290551,12.540341171046565
16326,3039.2200000000003,5831851.780999998,65.62073481739853,12.56339326878746
17799,3039.17,5834890.950999998,65.65493194313564,12.586445366528354
16905,3037.6,5837928.550999997,65.68911140303389,12.609497464269248
16709,3029.87,5840958.420999997,65.7232038839932,12.632549562010142
12598,3023.08,5843981.500999997,65.75721996301257,12.655601659751037
12395,3018.63,5847000.130999997,65.79118597006837,12.678653757491931
18094,3017.3,5850017.430999997,65.82513701179573,12.701705855232825
14456,3017.28,5853034.710999997,65.85908782848057,12.72475795297372
12754,3010.74,5856045.450999998,65.89296505625714,12.747810050714614
15521,3000.2,5859045.650999998,65.92672368661887,12.770862148455508
17659,2999.46,5862045.110999998,65.96047399040688,12.793914246196403
17504,2997.0299999999997,5865042.140999998,65.99419695152714,12.816966343937297
12670,2996.05,5868038.190999998,66.02790888556329,12.840018441678192
14307,2995.72,5871033.9109999975,66.06161710639765,12.863070539419086
15687,2993.1,5874027.010999997,66.09529584666018,12.88612263715998
14639,2984.49,5877011.500999997,66.1288777061123,12.909174734900878
14032,2975.59,5879987.090999997,66.16235942163729,12.932226832641772
15854,2969.12,5882956.210999997,66.19576833590288,12.955278930382667
16497,2965.69,5885921.900999998,66.22913865537407,12.978331028123561
17924,2962.5,5888884.400999998,66.26247308056126,13.001383125864455
16686,2959.88,5891844.280999998,66.29577802517666,13.02443522360535
14868,2953.59,5894797.8709999975,66.32901219391543,13.047487321346244
12916,2944.95,5897742.820999998,66.36214914428,13.070539419087138
17444,2940.04,5900682.860999998,66.39523084670273,13.093591516828033
16316,2938.91,5903621.770999998,66.42829983422236,13.116643614568927
17512,2924.9900000000002,5906546.760999998,66.46121219213909,13.139695712309821
15606,2920.16,5909466.920999998,66.49407020228412,13.162747810050716
12906,2919.81,5912386.730999998,66.52692427418481,13.18579990779161
14112,2915.15,5915301.880999998,66.55972591117533,13.208852005532504
12438,2906.85,5918208.730999998,66.59243415551471,13.231904103273399
13451,2898.2599999999998,5921106.990999998,66.6250457440862,13.254956201014293
17644,2895.64,5924002.630999997,66.65762785208587,13.278008298755188
18144,2888.75,5926891.380999997,66.69013243293296,13.301060396496082
12408,2888.55,5929779.930999997,66.72263476335472,13.324112494236976
13735,2883.54,5932663.470999997,66.75508072062199,13.34716459197787
16633,2883.1,5935546.570999997,66.78752172695353,13.370216689718765
14251,2879.7000000000003,5938426.270999997,66.81992447605447,13.39326878745966
17728,2876.01,5941302.280999997,66.8522857048081,13.416320885200554
14005,2874.72,5944177.000999996,66.88463241831835,13.439372982941448
15628,2870.2400000000002,5947047.240999997,66.91692872230124,13.462425080682342
13901,2867.2,5949914.440999997,66.94919081981911,13.485477178423237
12685,2863.08,5952777.520999997,66.98140655857522,13.508529276164131
14530,2862.11,5955639.630999997,67.01361138276847,13.531581373905025
18145,2861.55,5958501.180999997,67.04580990577081,13.55463347164592
14535,2854.84,5961356.020999997,67.07793292700335,13.577685569386814
14711,2839.62,5964195.640999997,67.10988469086836,13.600737667127708
14852,2836.69,5967032.330999997,67.14180348600229,13.623789764868603
14842,2824.69,5969857.020999998,67.17358725561647,13.646841862609497
16928,2814.7,5972671.720999998,67.20525861648547,13.669893960350391
16871,2812.34,5975484.060999998,67.23690342233557,13.692946058091287
12356,2811.43,5978295.490999998,67.26853798875044,13.715998155832182
18230,2810.2000000000003,5981105.690999998,67.30015871504952,13.739050253573076
17596,2806.69,5983912.380999998,67.33173994638409,13.76210235131397
14572,2804.54,5986716.920999998,67.36329698564636,13.785154449054865
16081,2799.42,5989516.340999998,67.3947964140202,13.808206546795759
13769,2796.51,5992312.850999998,67.42626309870552,13.831258644536653
14903,2795.33,5995108.180999998,67.4577165058814,13.854310742277548
12578,2794.51,5997902.690999998,67.48916068631341,13.877362840018442
12758,2791.59,6000694.280999998,67.52057201053563,13.900414937759336
17739,2791.35,6003485.630999997,67.55198063424744,13.92346703550023
14626,2791.27,6006276.900999997,67.58338835778913,13.946519133241125
16764,2790.9500000000003,6009067.850999997,67.6147924806503,13.96957123098202
17213,2781.23,6011849.080999997,67.64608723284047,13.992623328722914
12388,2780.66,6014629.740999998,67.67737557131845,14.015675426463808
15984,2780.63,6017410.3709999975,67.70866357223262,14.038727524204702
14121,2780.15,6020190.520999998,67.73994617212603,14.061779621945597
15993,2777.67,6022968.190999998,67.77120086674535,14.084831719686491
13870,2770.94,6025739.130999998,67.80237983455233,14.107883817427386
15114,2760.56,6028499.690999998,67.83344200528474,14.13093591516828
13971,2758.26,6031257.950999998,67.86447829612585,14.153988012909174
13230,2755.63,6034013.580999997,67.89548499387391,14.177040110650069
15321,2748.31,6036761.890999997,67.9264093260549,14.200092208390963
17084,2747.9900000000002,6039509.880999997,67.95733005755538,14.223144306131857
12669,2744.0299999999997,6042253.9109999975,67.98820623063433,14.246196403872752
13174,2742.82,6044996.730999998,68.01906878864006,14.269248501613646
14854,2740.03,6047736.760999998,68.04989995321243,14.29230059935454
16003,2735.37,6050472.130999998,68.08067868287463,14.315352697095435
12840,2726.77,6053198.900999998,68.1113606442477,14.338404794836329
15673,2726.23,6055925.130999998,68.14203652947238,14.361456892577223
12380,2724.81,6058649.940999998,68.1726964366772,14.384508990318118
17838,2720.8,6061370.740999998,68.20331122285418,14.407561088059012
14125,2720.63,6064091.3709999975,68.23392409616963,14.430613185799906
14808,2718.6,6066809.970999997,68.264514127668,14.453665283540804
15356,2718.03,6069528.000999997,68.29509774545417,14.476717381281698
12708,2712.91,6072240.9109999975,68.32562375235193,14.499769479022593
16938,2711.6800000000003,6074952.590999997,68.35613591913389,14.522821576763487
15696,2711.11,6077663.700999998,68.38664167220368,14.545873674504382
17069,2709.7000000000003,6080373.400999998,68.41713155977492,14.568925772245276
13285,2709.12,6083082.520999998,68.44761492111267,14.59197786998617
15796,2708.61,6085791.130999998,68.47809254386586,14.615029967727065
13654,2707.33,6088498.460999998,68.50855576389692,14.638082065467959
14107,2703.23,6091201.690999999,68.53897285020875,14.661134163208853
14732,2702.4900000000002,6093904.180999999,68.56938160994687,14.684186260949748
17386,2686.42,6096590.600999999,68.59960954800978,14.707238358690642
12625,2683.82,6099274.420999999,68.6298082305434,14.730290456431536
13883,2674.48,6101948.901,68.65990181821418,14.75334255417243
18097,2662.4,6104611.301,68.68985948019508,14.776394651913325
14713,2662.2,6107273.501,68.71981489175064,14.79944674965422
12360,2662.06,6109935.561,68.74976872800846,14.822498847395114
14439,2661.24,6112596.801,68.77971333752244,14.845550945136008
15671,2657.13,6115253.931,68.80961170079591,14.868603042876902
12721,2656.13,6117910.061,68.83949881194273,14.891655140617797
13851,2651.46,6120561.521,68.86933337565812,14.914707238358691
16618,2647.59,6123209.111,68.89912439364339,14.937759336099585
13658,2639.17,6125848.2809999995,68.9288206687223,14.96081143384048
17655,2638.94,6128487.221,68.9585143558121,14.983863531581374
13771,2634.45,6131121.671,68.98815752085325,15.006915629322268
12520,2634.26,6133755.931,69.01779854799032,15.029967727063163
17402,2633.85,6136389.7809999995,69.04743496175549,15.053019824804057
18260,2628.35,6139018.130999999,69.07700948882409,15.076071922544951
15752,2626.6,6141644.730999999,69.10656432467106,15.099124020285846
13422,2626.3,6144271.030999999,69.13611578488005,15.12217611802674
13644,2624.26,6146895.290999998,69.16564429075068,15.145228215767634
17346,2622.88,6149518.170999998,69.19515726868653,15.168280313508529
18210,2621.38,6152139.550999998,69.22465336843243,15.191332411249423
16255,2619.91,6154759.460999998,69.25413292755215,15.214384508990317
14262,2618.23,6157377.690999999,69.28359358309912,15.237436606731213
13021,2616.38,6159994.070999999,69.31303342221177,15.260488704472108
15782,2614.7400000000002,6162608.810999999,69.34245480783675,15.283540802213002
14397,2612.96,6165221.770999999,69.37185616467629,15.306592899953896
18075,2611.75,6167833.520999999,69.40124390644257,15.32964499769479
12836,2610.36,6170443.880999999,69.43061600775285,15.352697095435685
12726,2609.1,6173052.980999999,69.45997393138353,15.37574919317658
13136,2607.61,6175660.590999999,69.48931508934551,15.398801290917474
13983,2603.43,6178264.020999999,69.51860921341812,15.421853388658368
17317,2600.34,6180864.360999999,69.54786856841937,15.444905486399263
17965,2599.19,6183463.550999999,69.57711498347501,15.467957584140157
12600,2599.04,6186062.590999999,69.60635971071166,15.491009681881051
14408,2599.03,6188661.620999999,69.63560432542701,15.514061779621946
13895,2593.07,6191254.691,69.66478187746758,15.53711387736284
16919,2592.25,6193846.941,69.69395020276428,15.560165975103734
16241,2590.31,6196437.250999999,69.72309669893531,15.583218072844629
14243,2588.77,6199026.020999999,69.75222586683128,15.606270170585523
13804,2588.39,6201614.410999998,69.78135075891913,15.629322268326417
18077,2584.41,6204198.820999999,69.81043086754293,15.652374366067312
13911,2580.91,6206779.730999999,69.83947159372349,15.675426463808206
14546,2573.93,6209353.660999998,69.86843378006006,15.6984785615491
18245,2567.06,6211920.720999998,69.89731866428656,15.721530659289995
15485,2564.5,6214485.220999998,69.92617474306886,15.744582757030889
16308,2560.0,6217045.220999998,69.95498018728125,15.767634854771783
15033,2557.18,6219602.400999998,69.98375390049651,15.790686952512678
16912,2555.58,6222157.980999998,70.01250961030912,15.813739050253572
14334,2552.21,6224710.190999998,70.04122740045494,15.836791147994466
14676,2548.2400000000002,6227258.430999998,70.06990051965799,15.85984324573536
14776,2538.3,6229796.730999998,70.09846179272218,15.882895343476255
17700,2534.64,6232331.3709999975,70.12698188300284,15.90594744121715
15572,2533.42,6234864.790999997,70.15548824568899,15.928999538958044
14659,2529.93,6237394.720999997,70.18395533845315,15.952051636698938
17314,2527.92,6239922.640999997,70.21239981444276,15.975103734439832
14701,2526.09,6242448.730999997,70.2408236990406,15.998155832180727
13394,2520.02,6244968.750999996,70.2691792832297,16.021207929921623
17449,2519.21,6247487.960999996,70.29752575319623,16.044260027662517
15245,2515.84,6250003.800999996,70.32583430349595,16.06731212540341
13344,2511.69,6252515.490999997,70.35409615747011,16.090364223144306
12352,2506.04,6255021.530999997,70.38229443692872,16.1134163208852
13695,2504.13,6257525.660999997,70.41047122482541,16.136468418626094
13471,2501.84,6260027.500999996,70.43862224535211,16.15952051636699
15932,2495.87,6262523.370999997,70.46670609068273,16.182572614107883
16477,2494.46,6265017.8309999965,70.4947740705148,16.205624711848778
15271,2493.34,6267511.170999996,70.52282944796498,16.228676809589672
12483,2484.98,6269996.150999997,70.55079075763643,16.251728907330566
12913,2483.63,6272479.780999997,70.57873687693692,16.27478100507146
12517,2481.6,6274961.380999996,70.60666015442031,16.297833102812355
14315,2481.13,6277442.510999996,70.63457814340417,16.32088520055325
13507,2479.16,6279921.670999996,70.66247396569855,16.343937298294144
13588,2478.95,6282400.620999997,70.69036742504632,16.366989396035038
17682,2474.33,6284874.950999997,70.718208899569,16.390041493775932
17188,2474.23,6287349.180999997,70.74604924887902,16.413093591516827
14766,2473.37,6289822.550999997,70.77387992136012,16.43614568925772
16710,2467.99,6292290.540999997,70.80165005739985,16.459197786998615
17164,2467.35,6294757.890999997,70.82941299207855,16.48224988473951
12455,2466.86,6297224.750999997,70.85717041321519,16.505301982480404
17131,2463.17,6299687.920999997,70.88488631400449,16.5283540802213
15750,2463.05,6302150.970999997,70.9126008645386,16.551406177962193
13784,2462.79,6304613.760999997,70.9403124895198,16.574458275703087
13975,2461.2400000000002,6307075.000999997,70.96800667370469,16.59751037344398
15674,2446.6,6309521.600999997,70.99553612675548,16.620562471184876
14163,2445.91,6311967.510999997,71.0230578158389,16.64361456892577
14502,2429.83,6314397.340999997,71.05039857072585,16.666666666666664
17071,2429.03,6316826.3709999975,71.07773032391148,16.68971876440756
15527,2428.53,6319254.900999998,71.1050564510338,16.712770862148453
13949,2427.32,6321682.220999998,71.13236896308288,16.735822959889347
16143,2424.94,6324107.160999998,71.15965469507054,16.75887505763024
17722,2424.04,6326531.2009999985,71.18693030014421,16.781927155371136
15089,2420.84,6328952.040999998,71.21416989841262,16.804979253112034
15373,2415.91,6331367.9509999985,71.24135402369667,16.82803135085293
12397,2409.9,6333777.850999999,71.26847052369959,16.851083448593823
17589,2404.17,6336182.020999999,71.29552254901681,16.874135546334717
15980,2398.86,6338580.880999999,71.32251482554156,16.89718764407561
18065,2392.83,6340973.710999999,71.34943925174262,16.920239741816506
13141,2388.75,6343362.460999999,71.37631776926699,16.9432918395574
15370,2386.05,6345748.510999999,71.40316590604941,16.966343937298294
14493,2383.2400000000002,6348131.750999999,71.42998242435594,16.98939603503919
14239,2380.85,6350512.600999999,71.45677205007979,17.012448132780083
15270,2379.49,6352892.090999999,71.48354637291142,17.035500230520977
13722,2375.41,6355267.500999999,71.51027478706634,17.05855232826187
17434,2373.82,6357641.3209999995,71.53698531033987,17.081604426002766
13908,2369.55,6360010.870999999,71.56364778703264,17.10465652374366
17530,2367.12,6362377.990999999,71.59028292105765,17.127708621484555
15755,2364.25,6364742.240999999,71.6168857614792,17.15076071922545
12457,2363.23,6367105.471,71.64347712473156,17.173812816966343
14930,2362.96,6369468.431,71.67006544990974,17.196864914707238
14030,2358.84,6371827.271,71.69660741632612,17.219917012448132
17634,2358.59,6374185.861,71.72314656971085,17.242969110189026
14440,2357.6800000000003,6376543.540999999,71.74967548366033,17.26602120792992
15140,2354.25,6378897.790999999,71.77616580281541,17.289073305670815
14309,2352.53,6381250.3209999995,71.80263676831268,17.31212540341171
12704,2340.84,6383591.160999999,71.82897619644945,17.335177501152604
18259,2338.6000000000004,6385929.760999999,71.85529041982254,17.358229598893498
12584,2338.15,6388267.910999999,71.88159957973863,17.381281696634392
18257,2337.63,6390605.540999999,71.90790288854888,17.404333794375287
15281,2332.15,6392937.691,71.9341445357051,17.42738589211618
12782,2330.92,6395268.611,71.96037234274554,17.450437989857075
15785,2328.9700000000003,6397597.580999999,71.98657820813904,17.47349008759797
17313,2328.84,6399926.420999999,72.01278261075606,17.496542185338864
17744,2322.4,6402248.8209999995,72.0389145496775,17.51959428307976
17211,2317.2200000000003,6404566.040999999,72.0649882025829,17.542646380820653
14290,2314.65,6406880.691,72.09103293752284,17.565698478561547
15365,2314.32,6409195.011,72.11707395926096,17.588750576302445
17954,2314.13,6411509.141,72.14311284309505,17.61180267404334
13704,2308.06,6413817.200999999,72.16908342652037,17.634854771784234
15288,2306.52,6416123.720999999,72.19503668167067,17.657906869525128
16550,2298.97,6418422.690999999,72.22090498326479,17.680958967266022
15105,2298.93,6420721.620999998,72.24677283477385,17.704011065006917
13115,2294.78,6423016.400999999,72.27259398995733,17.72706316274781
15704,2293.62,6425310.020999999,72.29840209267391,17.750115260488705
12615,2291.19,6427601.210999999,72.32418285272274,17.7731673582296
17696,2285.71,6429886.920999999,72.34990195111754,17.796219455970494
12684,2283.63,6432170.550999999,72.37559764508893,17.81927155371139
14554,2279.4900000000002,6434450.040999999,72.40124675525601,17.842323651452283
13994,2274.14,6436724.180999999,72.42683566654551,17.865375749193177
13317,2273.68,6438997.860999999,72.45241940185679,17.88842784693407
14466,2272.4,6441270.260999999,72.47798873444594,17.911479944674966
16782,2267.9500000000003,6443538.210999999,72.50350799507153,17.93453204241586
16057,2263.12,6445801.330999999,72.52897290792542,17.957584140156754
16209,2262.62,6448063.950999999,72.55443219471599,17.98063623789765
16293,2248.9900000000002,6450312.941,72.57973811502038,18.003688335638543
13700,2248.63,6452561.5709999995,72.60503998455917,18.026740433379437
17442,2248.56,6454810.130999999,72.63034106644909,18.04979253112033
14432,2248.5,6457058.630999999,72.65564147321142,18.072844628861226
15235,2247.51,6459306.140999999,72.68093074036838,18.09589672660212
16735,2247.41,6461553.550999999,72.70621888231265,18.118948824343015
16771,2242.61,6463796.160999999,72.73145301404905,18.14200092208391
13527,2242.36,6466038.521,72.75668433275378,18.165053019824803
14211,2241.1,6468279.620999999,72.78190147377893,18.188105117565698
14560,2237.77,6470517.390999999,72.80708114522236,18.211157215306592
16076,2234.73,6472752.120999999,72.83222661020078,18.234209313047486
18242,2232.4900000000002,6474984.611,72.85734687041551,18.25726141078838
12783,2225.91,6477210.521,72.88239309163693,18.280313508529275
13365,2225.37,6479435.891,72.90743323670995,18.30336560627017
15834,2225.15,6481661.041,72.93247090631512,18.326417704011064
15665,2222.21,6483883.251,72.95747549466793,18.349469801751958
14825,2221.01,6486104.261,72.98246658046878,18.372521899492856
15811,2218.62,6488322.881,73.00743077368695,18.39557399723375
12876,2218.02,6490540.901,73.03238821562911,18.418626094974645
14226,2214.79,6492755.691,73.05730931320223,18.44167819271554
16743,2213.13,6494968.8209999995,73.0822117322451,18.464730290456433
15722,2211.21,6497180.0309999995,73.10709254720483,18.487782388197328
12653,2209.85,6499389.880999999,73.1319580592723,18.510834485938222
13862,2209.36,6501599.240999999,73.15681805779774,18.533886583679116
15797,2207.4,6503806.641,73.18165600215494,18.55693868142001
15179,2206.95,6506013.591,73.20648888305516,18.579990779160905
17591,2203.67,6508217.261,73.23128485697997,18.6030428769018
15123,2199.31,6510416.5709999995,73.2560317716326,18.626094974642694
13831,2198.45,6512615.021,73.28076900945634,18.649147072383588
14700,2195.1,6514810.120999999,73.3054685526558,18.672199170124482
16628,2188.05,6516998.170999999,73.3300887683624,18.695251267865377
17406,2184.42,6519182.590999999,73.35466813884929,18.71830336560627
15394,2183.54,6521366.130999999,73.37923760746473,18.741355463347166
12909,2178.67,6523544.800999999,73.40375227822341,18.76440756108806
12856,2170.78,6525715.580999999,73.42817816970285,18.787459658828954
12501,2169.39,6527884.970999999,73.45258842072626,18.81051175656985
14341,2166.98,6530051.950999999,73.47697155412446,18.833563854310743
12633,2163.98,6532215.931,73.50132093114271,18.856615952051637
12935,2160.7,6534376.631,73.52563340118557,18.87966804979253
16456,2158.18,6536534.811,73.54991751586928,18.902720147533426
14407,2157.73,6538692.541,73.57419656709601,18.92577224527432
16379,2157.4,6540849.941000001,73.59847190512095,18.948824343015215
13224,2155.95,6543005.891000001,73.62273092756224,18.97187644075611
16966,2154.97,6545160.8610000005,73.64697892291942,18.994928538497003
17272,2148.63,6547309.491,73.67115557979366,19.017980636237898
14828,2139.76,6549449.251,73.69523243030456,19.041032733978792
12560,2134.01,6551583.261,73.71924458108725,19.064084831719686
13517,2128.42,6553711.681,73.74319383248199,19.08713692946058
18061,2119.41,6555831.091,73.76704170221566,19.110189027201475
13632,2118.93,6557950.021,73.79088417092854,19.13324112494237
14360,2118.03,6560068.051,73.81471651272743,19.156293222683267
18008,2116.19,6562184.241,73.8385281506133,19.17934532042416
14691,2114.33,6564298.571,73.86231885954362,19.202397418165056
13755,2108.06,6566406.631,73.88603901763985,19.22544951590595
14640,2107.38,6568514.011,73.90975152428997,19.248501613646845
18173,2106.84,6570620.851,73.9334579547917,19.27155371138774
18093,2106.52,6572727.370999999,73.95716078461291,19.294605809128633
14461,2103.06,6574830.430999999,73.98082468207592,19.317657906869528
15058,2102.54,6576932.970999999,74.00448272843308,19.340710004610422
15815,2100.6,6579033.570999999,74.02811894566453,19.363762102351316
13126,2099.64,6581133.210999998,74.05174436085443,19.38681420009221
12610,2099.54,6583232.750999998,74.07536865083163,19.409866297833105
17861,2097.88,6585330.630999998,74.09897426227863,19.432918395574
17400,2097.84,6587428.470999998,74.12257942364056,19.455970493314894
16875,2095.53,6589524.000999998,74.14615859258993,19.479022591055788
17191,2093.68,6591617.680999998,74.16971694510501,19.502074688796682
14306,2093.32,6593711.000999998,74.1932712468545,19.525126786537577
13265,2092.66,6595803.660999998,74.21681812220041,19.54817888427847
17490,2092.32,6597895.980999999,74.24036117182324,19.571230982019365
13297,2089.85,6599985.830999998,74.26387642869327,19.59428307976026
13571,2088.94,6602074.770999999,74.28738144612805,19.617335177501154
18044,2088.6,6604163.370999998,74.31088263783977,19.64038727524205
14810,2085.33,6606248.7009999985,74.33434703509735,19.663439372982943
16954,2085.08,6608333.780999999,74.35780861932328,19.686491470723837
17768,2081.9,6610415.680999999,74.38123442178649,19.70954356846473
16407,2079.68,6612495.360999999,74.40463524452852,19.732595666205626
14696,2078.95,6614574.310999999,74.42802785321811,19.75564776394652
14515,2076.89,6616651.2009999985,74.45139728252683,19.778699861687414
14209,2073.43,6618724.630999998,74.47472777947732,19.80175195942831
18241,2073.09,6620797.720999998,74.49805445070477,19.824804057169203
18231,2071.77,6622869.490999998,74.52136626912504,19.847856154910097
18219,2069.77,6624939.260999997,74.54465558329201,19.87090825265099
12948,2064.95,6627004.210999997,74.56789066220858,19.893960350391886
12928,2062.7000000000003,6629066.9109999975,74.59110042384019,19.91701244813278
16281,2062.06,6631128.970999997,74.61430298411072,19.940064545873675
14409,2059.4500000000003,6633188.420999997,74.63747617633074,19.96311664361457
12518,2056.89,6635245.310999997,74.66062056310653,19.986168741355463
17667,2055.51,6637300.820999997,74.68374942194754,20.009220839096358
14188,2054.36,6639355.180999997,74.70686534084294,20.032272936837252
16150,2053.02,6641408.200999997,74.7299661818886,20.055325034578146
17086,2050.08,6643458.280999997,74.75303394168193,20.07837713231904
17612,2048.45,6645506.730999997,74.77608336050884,20.101429230059935
14232,2048.07,6647554.800999997,74.79912850352763,20.12448132780083
18283,2045.53,6649600.330999997,74.82214506614473,20.147533425541724
13495,2044.8700000000001,6651645.200999998,74.84515420235824,20.170585523282618
17597,2044.3700000000001,6653689.570999998,74.86815771250843,20.193637621023512
13450,2043.7199999999998,6655733.290999997,74.8911539087763,20.216689718764407
14001,2043.0800000000002,6657776.3709999975,74.91414290368313,20.2397418165053
12585,2040.1,6659816.470999997,74.93709836725255,20.262793914246195
17846,2033.1,6661849.570999997,74.95997506593542,20.28584601198709
13630,2031.78,6663881.350999997,74.98283691181116,20.308898109727984
16358,2027.5,6665908.850999997,75.00565059858484,20.33195020746888
16409,2022.98,6667931.830999997,75.0284134257461,20.355002305209773
14482,2022.81,6669954.640999997,75.0511743400458,20.378054402950667
15341,2020.52,6671975.160999997,75.07390948697548,20.40110650069156
17625,2020.4,6673995.560999997,75.09664328365,20.424158598432456
13593,2011.88,6676007.440999997,75.11928121220546,20.44721069617335
18069,2009.24,6678016.680999997,75.14188943514661,20.470262793914245
15372,2007.3999999999999,6680024.080999997,75.16447695417473,20.49331489165514
16098,2005.63,6682029.710999997,75.18704455693866,20.516366989396033
14217,2004.98,6684034.690999998,75.2096048458203,20.539419087136928
14544,2004.3,6686038.990999998,75.23215748325582,20.562471184877822
17082,2003.85,6688042.840999997,75.25470505723432,20.585523282618716
16754,2002.4,6690045.240999998,75.27723631562921,20.60857538035961
18188,2001.04,6692046.280999998,75.29975227113185,20.631627478100505
13305,2000.86,6694047.140999998,75.3222662012517,20.6546795758414
16698,1998.0,6696045.140999998,75.34474795028933,20.677731673582294
17679,1992.1100000000001,6698037.250999998,75.36716342430104,20.700783771323188
17088,1991.01,6700028.260999998,75.38956652097343,20.723835869064086
17827,1987.33,6702015.590999998,75.41192820981976,20.74688796680498
13590,1981.92,6703997.510999998,75.43422902466095,20.769940064545874
17337,1981.06,6705978.570999998,75.45652016267321,20.79299216228677
14462,1980.57,6707959.140999998,75.47880578714341,20.816044260027663
13725,1980.56,6709939.700999998,75.50109129909237,20.839096357768558
17422,1979.37,6711919.070999998,75.5233634210106,20.862148455509452
18204,1975.35,6713894.420999997,75.54559030937972,20.885200553250346
17090,1974.65,6715869.070999998,75.5678093212602,20.90825265099124
15531,1972.39,6717841.460999997,75.59000290333444,20.931304748732135
16341,1971.87,6719813.330999997,75.61219063430283,20.95435684647303
12674,1970.6,6721783.930999997,75.63436407507038,20.977408944213924
17790,1964.3,6723748.230999997,75.65646662744008,21.000461041954818
17997,1962.46,6725710.690999997,75.67854847589673,21.023513139695712
13246,1961.52,6727672.210999996,75.70061974735435,21.046565237436607
14506,1960.65,6729632.860999997,75.72268122946177,21.0696173351775
14498,1957.32,6731590.180999997,75.74470524198749,21.092669432918395
12853,1957.1000000000001,6733547.280999997,75.76672677904533,21.11572153065929
15493,1953.41,6735500.690999997,75.78870679575584,21.138773628400184
17554,1952.45,6737453.140999997,75.81067601042479,21.16182572614108
17218,1951.97,6739405.110999997,75.83263982407293,21.184877823881973
14533,1949.72,6741354.8309999965,75.85457832043613,21.207929921622867
15814,1945.33,6743300.160999997,75.87646741996336,21.23098201936376
14418,1937.25,6745237.410999997,75.89826560230728,21.254034117104656
15864,1936.3200000000002,6747173.730999997,75.92005332017344,21.27708621484555
15157,1936.07,6749109.800999997,75.94183822500793,21.300138312586444
15351,1934.66,6751044.460999997,75.96360726434385,21.32319041032734
12528,1933.48,6752977.940999998,75.98536302617033,21.346242508068233
14655,1932.23,6754910.170999998,76.0071047228385,21.369294605809127
13094,1927.3200000000002,6756837.4909999985,76.02879117156485,21.39234670355002
14653,1926.65,6758764.140999999,76.05047008136634,21.415398801290916
15518,1921.55,6760685.690999999,76.07209160532193,21.43845089903181
14978,1921.3700000000001,6762607.060999999,76.09371110389472,21.461502996772705
14285,1910.01,6764517.070999999,76.11520277830883,21.484555094513603
17228,1906.09,6766423.160999998,76.1366503443865,21.507607192254497
16983,1905.87,6768329.030999999,76.15809543499628,21.53065928999539
14210,1905.8400000000001,6770234.870999998,76.17954018804227,21.553711387736286
15819,1905.45,6772140.320999999,76.20098055275888,21.57676348547718
16942,1904.99,6774045.310999999,76.22241574149723,21.599815583218074
14250,1904.05,6775949.360999999,76.24384035323652,21.62286768095897
12762,1898.52,6777847.880999998,76.26520274071548,21.645919778699863
14730,1897.57,6779745.4509999985,76.28655443867412,21.668971876440757
14934,1890.94,6781636.390999999,76.3078315350331,21.69202397418165
12371,1887.96,6783524.350999999,76.32907510005467,21.715076071922546
15641,1887.2,6785411.550999999,76.35031011346,21.73812816966344
16170,1885.05,6787296.600999999,76.37152093479303,21.761180267404335
13890,1883.8100000000002,6789180.410999998,76.39271780348902,21.78423236514523
16128,1880.22,6791060.630999998,76.41387427705035,21.807284462886123
17738,1879.05,6792939.680999998,76.43501758562351,21.830336560627018
17368,1878.87,6794818.550999998,76.45615886881389,21.853388658367912
15367,1877.59,6796696.140999998,76.47728574928215,21.876440756108806
17463,1875.86,6798572.000999998,76.49839316357131,21.8994928538497
16986,1873.2,6800445.2009999985,76.5194706472036,21.922544951590595
13982,1871.81,6802317.010999998,76.54053249037985,21.94559704933149
15021,1871.77,6804188.780999998,76.56159388347102,21.968649147072384
17469,1870.97,6806059.750999997,76.58264627486089,21.991701244813278
16841,1869.82,6807929.570999998,76.60368572630512,22.014753342554172
17870,1865.89,6809795.460999997,76.62468095689162,22.037805440295067
16426,1863.76,6811659.220999997,76.64565222044837,22.06085753803596
16201,1863.47,6813522.690999997,76.66662022088839,22.083909635776855
14887,1862.0,6815384.690999997,76.68757168070225,22.10696173351775
12423,1859.31,6817244.000999996,76.70849287229544,22.130013831258644
14305,1858.96,6819102.960999996,76.72941012564428,22.15306592899954
12963,1856.63,6820959.590999996,76.75030116153806,22.176118026740433
17293,1854.06,6822813.650999996,76.77116327946635,22.199170124481327
14472,1852.67,6824666.320999996,76.7920097569386,22.22222222222222
16979,1852.0,6826518.320999996,76.812848695486,22.245274319963116
12383,1850.56,6828368.880999995,76.83367143097102,22.268326417704014
17873,1848.96,6830217.840999995,76.85447616305343,22.291378515444908
12381,1845.31,6832063.150999995,76.87523982487357,22.314430613185802
17519,1844.02,6833907.1709999945,76.89598897145034,22.337482710926697
14524,1843.83,6835751.000999995,76.91673598012305,22.36053480866759
18180,1843.75,6837594.750999995,76.93748208862563,22.383586906408485
12950,1843.0,6839437.750999995,76.95821975803322,22.40663900414938
16102,1842.14,6841279.890999994,76.9789477506119,22.429691101890274
16455,1841.18,6843121.070999994,76.99966494114899,22.45274319963117
14113,1840.42,6844961.490999994,77.02037358006983,22.475795297372063
14216,1839.3,6846800.790999994,77.04106961660884,22.498847395112957
13924,1838.8500000000001,6848639.640999993,77.06176058969085,22.52189949285385
17015,1838.6100000000001,6850478.250999994,77.08244886226248,22.544951590594746
14459,1837.92,6852316.170999994,77.10312937086671,22.56800368833564
18287,1837.28,6854153.450999994,77.1238026781099,22.591055786076534
13650,1836.34,6855989.790999994,77.14446540835404,22.61410788381743
15827,1836.0900000000001,6857825.8809999935,77.16512532556649,22.637159981558323
14665,1835.7,6859661.580999994,77.18578085444958,22.660212079299217
13421,1833.71,6861495.290999994,77.20641399160064,22.68326417704011
16152,1829.04,6863324.330999994,77.22699458132027,22.706316274781006
15203,1827.8,6865152.1309999935,77.24756121840285,22.7293683725219
17702,1824.37,6866976.500999994,77.26808926069104,22.752420470262795
16153,1824.23,6868800.730999994,77.2886157276815,22.77547256800369
17705,1823.52,6870624.250999994,77.30913420566203,22.798524665744583
16169,1822.97,6872447.220999993,77.32964649497292,22.821576763485478
17828,1820.09,6874267.310999993,77.35012637815906,22.844628861226372
13048,1819.41,6876086.720999993,77.37059860989909,22.867680958967266
17787,1817.54,6877904.260999993,77.39104980016229,22.89073305670816
17629,1814.12,6879718.3809999935,77.41146250815237,22.913785154449055
15260,1810.77,6881529.150999993,77.43183752151818,22.93683725218995
16474,1810.65,6883339.800999993,77.4522111846288,22.959889349930844
13481,1804.56,6885144.360999993,77.47251632228813,22.982941447671738
17663,1802.91,6886947.270999993,77.4928028939385,23.005993545412633
15812,1801.14,6888748.410999993,77.51306954932473,23.029045643153527
16249,1800.07,6890548.480999993,77.53332416493542,23.05209774089442
13562,1799.33,6892347.810999993,77.55357045397241,23.075149838635316
13196,1797.78,6894145.5909999935,77.5737993022131,23.09820193637621
17648,1797.5,6895943.0909999935,77.59402499985832,23.121254034117104
12348,1797.24,6897740.330999994,77.61424777195063,23.144306131858
18235,1796.48,6899536.810999994,77.63446199242668,23.167358229598893
13134,1793.58,6901330.390999994,77.65464358173546,23.190410327339787
18179,1793.17,6903123.560999994,77.67482055767229,23.21346242508068
18122,1793.06,6904916.620999994,77.69499629587521,23.236514522821576
13510,1791.56,6906708.180999993,77.71515515588816,23.25956662056247
12523,1789.77,6908497.950999993,77.73529387459442,23.282618718303365
14215,1789.72,6910287.670999993,77.75543203069434,23.30567081604426
14621,1788.3600000000001,6912076.030999993,77.77555488390202,23.328722913785153
13875,1786.79,6913862.820999993,77.79566007127087,23.351775011526048
14608,1785.15,6915647.970999993,77.81574680515203,23.374827109266942
14935,1784.71,6917432.680999993,77.83582858809747,23.397879207007836
15220,1778.96,6919211.640999993,77.85584567131468,23.42093130474873
12645,1775.18,6920986.820999993,77.87582022149317,23.443983402489625
17092,1774.03,6922760.850999993,77.89578183172603,23.46703550023052
15594,1771.78,6924532.6309999935,77.91571812467394,23.490087597971414
15473,1771.2,6926303.830999994,77.9356478913884,23.513139695712308
16681,1770.34,6928074.170999994,77.95556798127392,23.536191793453202
16719,1770.22,6929844.390999993,77.97548672090426,23.559243891194097
13456,1766.72,6931611.110999993,77.99536607809134,23.58229598893499
16751,1764.72,6933375.830999993,78.01522293102512,23.605348086675885
12424,1760.96,6935136.790999993,78.03503747596272,23.62840018441678
12823,1759.5,6936896.290999993,78.05483559279541,23.651452282157674
12349,1757.55,6938653.840999993,78.07461176798115,23.67450437989857
15241,1756.44,6940410.280999993,78.09437545330631,23.697556477639463
16359,1750.92,6942161.200999993,78.11407702689239,23.720608575380357
13808,1747.66,6943908.860999993,78.13374191854562,23.74366067312125
15067,1744.76,6945653.620999993,78.15337417903156,23.766712770862146
15950,1744.71,6947398.330999993,78.17300587691116,23.78976486860304
16380,1743.1499999999999,6949141.480999993,78.19262002147322,23.812816966343934
13157,1741.22,6950882.700999993,78.21221244943082,23.835869064084832
14595,1740.6,6952623.3009999925,78.23179790106992,23.858921161825727
17930,1740.48,6954363.780999993,78.25138200245382,23.88197325956662
17353,1740.0,6956103.780999993,78.27096070281694,23.905025357307515
17457,1737.7,6957841.480999993,78.29051352328877,23.92807745504841
15050,1737.69,6959579.170999994,78.31006623123933,23.951129552789304
14673,1736.4,6961315.570999994,78.32960442394652,23.9741816505302
17043,1735.18,6963050.750999994,78.3491288890592,23.997233748271093
14387,1727.6,6964778.350999993,78.3685680630519,24.020285846011987
13564,1724.67,6966503.020999993,78.38797426831354,24.04333794375288
17451,1721.4,6968224.420999994,78.40734367912104,24.066390041493776
14834,1720.3,6969944.720999993,78.42670071258924,24.08944213923467
15267,1717.36,6971662.080999994,78.44602466480511,24.112494236975564
17162,1715.46,6973377.540999994,78.46532723798033,24.13554633471646
13763,1714.96,6975092.500999994,78.48462418509224,24.158598432457353
17147,1714.59,6976807.0909999935,78.50391696891728,24.181650530198247
14441,1712.89,6978519.980999993,78.52319062412704,24.20470262793914
17750,1710.45,6980230.430999993,78.54243682414777,24.227754725680036
12405,1710.39,6981940.820999993,78.56168234904091,24.25080682342093
15947,1708.24,6983649.060999993,78.58090368186177,24.273858921161825
12407,1708.1200000000001,6985357.180999993,78.60012366442743,24.29691101890272
16902,1706.88,6987064.060999993,78.61932969435603,24.319963116643613
15240,1706.57,6988770.6309999935,78.63853223612539,24.343015214384508
16398,1705.8,6990476.430999993,78.65772611375722,24.366067312125402
16791,1705.78,6992182.210999994,78.67691976634653,24.389119409866296
12843,1702.26,6993884.470999993,78.69607381145003,24.41217150760719
17193,1699.3000000000002,6995583.770999993,78.71519455025867,24.435223605348085
13824,1698.94,6997282.710999994,78.73431123830173,24.45827570308898
17813,1698.07,6998980.780999994,78.7534181369946,24.481327800829874
12764,1693.88,7000674.660999994,78.77247788927681,24.504379898570768
16007,1693.81,7002368.470999993,78.79153685391017,24.527431996311662
14245,1693.45,7004061.920999994,78.81059176777794,24.550484094052557
16671,1692.27,7005754.190999993,78.82963340413626,24.57353619179345
16775,1691.51,7007445.700999993,78.84866648887832,24.596588289534346
15380,1690.2600000000002,7009135.960999993,78.86768550846209,24.619640387275243
17152,1689.5,7010825.460999993,78.88669597642959,24.642692485016138
12635,1689.18,7012514.640999992,78.90570284371658,24.665744582757032
13162,1688.29,7014202.930999992,78.92469969661086,24.688796680497926
13577,1687.6000000000001,7015890.530999992,78.94368878553774,24.71184877823882
17282,1685.46,7017575.990999992,78.9626537949136,24.734900875979715
15549,1681.46,7019257.450999992,78.98157379578291,24.75795297372061
16638,1680.72,7020938.170999992,79.00048547007846,24.781005071461504
13149,1676.06,7022614.230999991,79.01934470946385,24.804057169202398
17656,1674.69,7024288.920999992,79.03818853343576,24.827109266943292
13184,1668.95,7025957.870999992,79.05696777020071,24.850161364684187
17754,1664.65,7027622.520999992,79.0756986228211,24.87321346242508
12912,1662.3,7029284.820999992,79.09440303294384,24.896265560165975
12530,1662.28,7030947.100999992,79.11310721802407,24.91931765790687
15214,1661.44,7032608.540999993,79.13180195131791,24.942369755647764
15332,1661.06,7034269.600999992,79.15049240880363,24.96542185338866
12967,1660.9,7035930.500999993,79.16918106594909,24.988473951129553
16115,1660.8799999999999,7037591.380999993,79.18786949805201,25.011526048870447
14045,1659.75,7039251.130999993,79.20654521525182,25.03457814661134
15953,1657.28,7040908.410999993,79.22519313969883,25.057630244352236
15826,1654.31,7042562.720999992,79.24380764532968,25.08068234209313
16813,1652.18,7044214.900999992,79.26239818393078,25.103734439834025
16711,1651.03,7045865.930999992,79.28097578258625,25.12678653757492
14837,1649.5,7047515.430999992,79.29953616548795,25.149838635315813
13647,1648.1200000000001,7049163.5509999925,79.31808102045488,25.172890733056708
17284,1647.48,7050811.030999993,79.33661867406076,25.195942830797602
13750,1647.26,7052458.290999993,79.35515385219875,25.218994928538496
13012,1646.8400000000001,7054105.130999993,79.37368430444359,25.24204702627939
12657,1643.18,7055748.310999992,79.39217357390487,25.265099124020285
15002,1641.76,7057390.070999992,79.41064686534632,25.28815122176118
14573,1639.82,7059029.890999992,79.42909832766209,25.311203319502074
13627,1638.47,7060668.360999992,79.4475345996069,25.334255417242968
15024,1636.43,7062304.790999992,79.46594791721333,25.357307514983862
12398,1635.6599999999999,7063940.450999992,79.48435257068226,25.380359612724757
15122,1633.78,7065574.230999992,79.50273607015309,25.40341171046565
14164,1631.77,7067206.000999992,79.52109695284936,25.426463808206545
12377,1628.12,7068834.120999992,79.53941676528336,25.44951590594744
14759,1625.97,7070460.090999992,79.55771238564509,25.472568003688334
13425,1624.21,7072084.300999992,79.57598820226393,25.49562010142923
16515,1624.14,7073708.440999991,79.5942632312339,25.518672199170123
15172,1624.05,7075332.490999991,79.61253724751246,25.541724296911017
14937,1621.88,7076954.370999991,79.6307868466762,25.56477639465191
17101,1621.73,7078576.100999991,79.64903475802096,25.587828492392806
18161,1618.69,7080194.790999992,79.66724846290072,25.6108805901337
16987,1616.8,7081811.590999992,79.6854409012611,25.633932687874594
14336,1614.91,7083426.500999992,79.70361207310214,25.65698478561549
16992,1614.31,7085040.810999991,79.72177649366718,25.680036883356383
15791,1612.69,7086653.500999992,79.73992268578705,25.703088981097277
14312,1611.59,7088265.090999992,79.75805650056762,25.72614107883817
14918,1610.15,7089875.240999992,79.77617411228583,25.749193176579066
12868,1607.0600000000002,7091482.300999992,79.79425695493268,25.77224527431996
16817,1604.75,7093087.050999992,79.812313805167,25.795297372060862
12947,1603.99,7094691.040999992,79.83036210378506,25.818349469801756
15660,1600.86,7096291.900999992,79.84837518324672,25.84140156754265
14178,1600.26,7097892.160999992,79.8663815114324,25.864453665283545
16496,1599.52,7099491.6809999915,79.88437951304434,25.88750576302444
16466,1595.96,7101087.640999991,79.90233745708544,25.910557860765334
13850,1595.48,7102683.120999992,79.92029000010575,25.933609958506228
17673,1594.97,7104278.090999992,79.93823680454146,25.956662056247122
16801,1594.23,7105872.320999992,79.95617528240348,25.979714153988017
16676,1592.1200000000001,7107464.440999992,79.97409001827826,26.00276625172891
14970,1592.06,7109056.500999992,79.99200407902542,26.025818349469805
15611,1591.45,7110647.950999992,80.00991127597536,26.0488704472107
18178,1590.81,7112238.760999992,80.02781127156423,26.071922544951594
14442,1589.82,7113828.580999992,80.04570012754772,26.09497464269249
13614,1585.46,7115414.040999992,80.06353992425905,26.118026740433383
16332,1582.8,7116996.840999992,80.08134979031348,26.141078838174277
12393,1582.6000000000001,7118579.440999991,80.0991574059426,26.16413093591517
14719,1581.84,7120161.280999991,80.11695646995545,26.187183033656066
14587,1580.29,7121741.570999991,80.13473809317202,26.21023513139696
12607,1579.51,7123321.080999991,80.15251093972981,26.233287229137854
13814,1579.12,7124900.200999991,80.17027939795818,26.25633932687875
16889,1578.67,7126478.870999991,80.18804279272959,26.279391424619643
13186,1575.89,7128054.760999991,80.20577490658891,26.302443522360537
17671,1572.71,7129627.470999991,80.22347123868549,26.32549562010143
16283,1570.81,7131198.28099999,80.24114619174146,26.348547717842326
12865,1568.23,7132766.510999991,80.25879211431068,26.37159981558322
15906,1567.69,7134334.200999991,80.27643196073151,26.394651913324115
15111,1567.48,7135901.6809999915,80.29406944420576,26.41770401106501
15532,1564.73,7137466.410999992,80.31167598433171,26.440756108805903
17204,1564.56,7139030.9709999915,80.32928061159615,26.463808206546798
13659,1563.0,7140593.9709999915,80.34686768554302,26.486860304287692
17085,1562.4,7142156.370999992,80.3644480082139,26.509912402028586
18239,1561.6100000000001,7143717.980999992,80.38201944170473,26.53296449976948
14038,1560.38,7145278.360999992,80.39957703507977,26.556016597510375
16394,1555.34,7146833.700999992,80.41707791773653,26.57906869525127
13313,1555.32,7148389.020999992,80.43457857535076,26.602120792992164
15620,1553.18,7149942.200999992,80.45205515341397,26.625172890733058
15117,1551.78,7151493.980999992,80.46951597849986,26.648224988473952
13634,1547.3600000000001,7153041.340999993,80.486927069186,26.671277086214847
14229,1547.2,7154588.540999993,80.50433635953186,26.69432918395574
16790,1545.6200000000001,7156134.160999993,80.52172787151764,26.717381281696635
16369,1545.41,7157679.570999993,80.5391170205568,26.74043337943753
13397,1544.13,7159223.700999993,80.55649176687386,26.763485477178424
12818,1542.08,7160765.780999993,80.57384344633131,26.78653757491932
17837,1541.23,7162307.010999993,80.5911855614811,26.809589672660213
16365,1540.42,7163847.430999993,80.60851856240832,26.832641770401107
17159,1538.88,7165386.310999993,80.6258342350605,26.855693868142
13849,1537.95,7166924.260999993,80.64313944323487,26.878745965882896
12877,1535.77,7168460.030999993,80.66042012177319,26.90179806362379
15392,1535.53,7169995.560999993,80.67769809980109,26.924850161364684
15625,1534.26,7171529.820999993,80.69496178762817,26.94790225910558
13320,1532.2,7173062.020999993,80.71220229607435,26.970954356846473
13107,1531.6200000000001,7174593.640999993,80.72943627828708,26.994006454587367
12759,1531.44,7176125.080999994,80.74666823511703,27.017058552328262
14321,1530.75,7177655.830999994,80.76389242797957,27.040110650069156
14567,1530.3600000000001,7179186.190999994,80.78111223251273,27.06316274781005
15701,1529.0,7180715.190999994,80.79831673415364,27.086214845550945
16244,1522.75,7182237.940999994,80.81545091000302,27.10926694329184
16066,1521.04,7183758.980999994,80.83256584471586,27.132319041032734
13213,1520.58,7185279.560999994,80.84967560345041,27.155371138773628
13764,1519.42,7186798.980999994,80.86677230971806,27.178423236514522
14267,1516.24,7188315.220999994,80.88383323422299,27.201475334255417
13791,1516.0,7189831.220999994,80.90089145821752,27.22452743199631
16748,1515.9,7191347.120999995,80.91794855699939,27.247579529737205
16053,1511.95,7192859.070999995,80.934961209881,27.2706316274781
16434,1511.8,7194370.870999995,80.9519721749436,27.293683725218994
16910,1508.96,7195879.830999995,80.96895118396655,27.31673582295989
15265,1506.1200000000001,7197385.950999995,80.98589823694982,27.339787920700783
12937,1504.27,7198890.220999994,81.00282447349879,27.36284001844168
15916,1502.8600000000001,7200393.080999995,81.01973484454919,27.385892116182575
16279,1502.78,7201895.860999995,81.03664431542947,27.40894421392347
13810,1499.01,7203394.870999995,81.0535113657923,27.431996311664363
15530,1497.31,7204892.180999994,81.07035928753982,27.455048409405258
14414,1496.98,7206389.160999995,81.08720349608555,27.478100507146152
14704,1493.96,7207883.120999995,81.10401372320881,27.501152604887046
17002,1493.73,7209376.850999995,81.12082136234294,27.52420470262794
16880,1491.43,7210868.280999995,81.13760312158578,27.547256800368835
15057,1489.5,7212357.780999995,81.15436316422421,27.57030889810973
13110,1488.67,7213846.450999995,81.17111386759751,27.593360995850624
13692,1488.32,7215334.770999995,81.1878606327265,27.616413093591518
17553,1487.6,7216822.370999995,81.20459929632429,27.639465191332413
14758,1484.06,7218306.430999994,81.22129812739377,27.662517289073307
16395,1482.06,7219788.490999994,81.23797445420993,27.6855693868142
18016,1477.66,7221266.150999994,81.25460127166888,27.708621484555096
14878,1476.09,7222742.240999994,81.27121042328898,27.73167358229599
14403,1475.81,7224218.050999993,81.28781642431362,27.754725680036884
16755,1475.43,7225693.480999993,81.30441814953014,27.77777777777778
12826,1474.72,7227168.200999993,81.32101188573672,27.800829875518673
14246,1474.06,7228642.2609999925,81.33759819553974,27.823881973259567
14963,1472.34,7230114.600999992,81.35416515168492,27.84693407100046
15128,1471.0,7231585.600999992,81.37071702998041,27.869986168741356
17590,1468.02,7233053.620999992,81.38723537693848,27.89303826648225
16016,1465.51,7234519.130999992,81.40372548105867,27.916090364223145
14875,1465.3200000000002,7235984.450999992,81.42021344727482,27.93914246196404
15983,1465.12,7237449.570999992,81.43669916306561,27.962194559704933
12882,1463.04,7238912.610999992,81.453161474433,27.985246657445828
14233,1462.72,7240375.330999992,81.46962018511985,28.008298755186722
17063,1461.14,7241836.4709999915,81.48606111744661,28.031350852927616
16996,1456.96,7243293.4309999915,81.50245501588398,28.05440295066851
13309,1456.79,7244750.2209999915,81.51884700145983,28.077455048409405
13477,1454.58,7246204.800999992,81.5352141198358,28.1005071461503
14541,1453.35,7247658.150999991,81.55156739809598,28.123559243891194
16059,1453.16,7249111.310999991,81.5679185384521,28.146611341632088
14404,1449.32,7250560.630999992,81.58422647064192,28.169663439372982
14740,1448.21,7252008.840999992,81.60052191297115,28.192715537113877
17073,1446.09,7253454.9309999915,81.61679350079189,28.21576763485477
13717,1445.01,7254899.940999991,81.63305293631585,28.238819732595665
13461,1445.0,7256344.940999991,81.64931225931855,28.26187183033656
17175,1443.69,7257788.630999992,81.66555684203534,28.284923928077454
14071,1437.57,7259226.200999992,81.68173256173708,28.30797602581835
15987,1432.77,7260658.9709999915,81.69785427123088,28.331028123559243
14566,1432.0,7262090.9709999915,81.7139673165872,28.354080221300137
16503,1431.93,7263522.900999991,81.73007957429463,28.37713231904103
13475,1431.78,7264954.6809999915,81.74619014418309,28.400184416781926
15427,1430.54,7266385.2209999915,81.7622867614345,28.42323651452282
16103,1429.64,7267814.860999991,81.77837325177191,28.446288612263714
13159,1429.35,7269244.210999991,81.7944564789926,28.46934071000461
14035,1428.02,7270672.23099999,81.81052474088486,28.492392807745503
15858,1427.57,7272099.800999991,81.82658793932013,28.515444905486397
15681,1426.16,7273525.960999991,81.84263527225683,28.53849700322729
17571,1425.67,7274951.630999991,81.85867709165147,28.561549100968186
15106,1422.52,7276374.15099999,81.87468346684717,28.58460119870908
16463,1422.4,7277796.550999991,81.89068849178769,28.607653296449975
16571,1421.69,7279218.240999991,81.90668552771828,28.63070539419087
14019,1421.61,7280639.850999991,81.92268166347874,28.653757491931763
14901,1421.29,7282061.140999991,81.93867419855869,28.676809589672658
14443,1420.2,7283481.340999992,81.95465446882058,28.699861687413552
16173,1418.32,7284899.660999992,81.97061358508438,28.722913785154446
17856,1418.03,7286317.690999992,81.98656943823146,28.74596588289534
17288,1417.63,7287735.320999992,82.00252079052785,28.769017980636235
14748,1415.75,7289151.070999992,82.01845098882617,28.79207007837713
16348,1415.65,7290566.720999992,82.03438006191183,28.815122176118024
16012,1415.29,7291982.0109999925,82.0503050842319,28.838174273858918
16245,1413.66,7293395.670999993,82.06621176558554,28.861226371599813
15237,1412.32,7294807.990999993,82.08210336908945,28.884278469340707
15444,1411.21,7296219.200999993,82.0979824827328,28.90733056708161
15596,1406.59,7297625.790999993,82.11380961155105,28.930382664822503
17083,1405.78,7299031.570999993,82.12962762614671,28.953434762563397
16271,1404.64,7300436.210999993,82.145432813318,28.97648686030429
15426,1404.07,7301840.280999993,82.1612315867771,28.999538958045186
18116,1403.1100000000001,7303243.390999993,82.17701955819463,29.02259105578608
14649,1402.59,7304645.980999993,82.19280167850629,29.045643153526974
15563,1400.44,7306046.420999994,82.20855960674567,29.06869525126787
14741,1400.34,7307446.760999993,82.22431640977238,29.091747349008763
15478,1399.92,7308846.680999993,82.2400684869059,29.114799446749657
18202,1396.99,7310243.670999994,82.25578759530835,29.13785154449055
13995,1393.69,7311637.360999994,82.27146957169288,29.160903642231446
17354,1393.06,7313030.420999994,82.28714445923761,29.18395573997234
15810,1391.98,7314422.400999994,82.30280719448557,29.207007837713235
13414,1390.5,7315812.900999994,82.31845327658608,29.23005993545413
13516,1389.41,7317202.310999994,82.33408709386858,29.253112033195023
16539,1388.81,7318591.120999994,82.34971415987505,29.276164130935918
15134,1387.99,7319979.110999994,82.3653319991377,29.299216228676812
12952,1387.79,7321366.900999994,82.380947587975,29.322268326417706
12775,1386.04,7322752.940999994,82.39654348559068,29.3453204241586
13308,1385.51,7324138.450999994,82.41213341957925,29.368372521899495
18167,1384.8600000000001,7325523.310999994,82.42771603968548,29.39142461964039
17311,1384.85,7326908.160999994,82.44329854727046,29.414476717381284
13572,1384.25,7328292.410999994,82.45887430357945,29.437528815122178
15898,1383.83,7329676.240999994,82.47444533399523,29.460580912863072
15051,1383.3600000000001,7331059.600999994,82.49001107591153,29.483633010603967
14116,1382.74,7332442.340999994,82.50556984150926,29.50668510834486
16389,1382.07,7333824.410999995,82.52112106818217,29.529737206085755
17621,1379.9,7335204.310999995,82.53664787774025,29.55278930382665
12886,1378.4,7336582.7109999955,82.55215780910838,29.575841401567544
15569,1375.71,7337958.420999995,82.56763747225581,29.59889349930844
14434,1372.8,7339331.220999995,82.5830843917147,29.621945597049333
15453,1371.77,7340702.990999995,82.59851972148314,29.644997694790227
17676,1371.18,7342074.1709999945,82.61394841249687,29.66804979253112
15095,1370.6,7343444.770999994,82.62937057727714,29.691101890272016
14507,1367.88,7344812.650999994,82.64476213627294,29.71415398801291
13813,1366.8600000000001,7346179.510999994,82.66014221809957,29.737206085753805
14897,1366.38,7347545.890999994,82.6755168989054,29.7602581834947
13396,1360.99,7348906.880999994,82.6908309307486,29.783310281235593
16726,1358.74,7350265.620999995,82.70611964530687,29.806362378976488
17054,1356.33,7351621.950999995,82.72138124223993,29.829414476717382
14859,1353.74,7352975.690999995,82.73661369616495,29.852466574458276
15116,1352.75,7354328.440999995,82.75183501048461,29.87551867219917
16079,1352.0,7355680.440999995,82.76704788570927,29.898570769940065
16493,1351.63,7357032.070999995,82.78225659764709,29.92162286768096
12770,1351.45,7358383.520999995,82.79746328420211,29.944674965421854
15411,1348.93,7359732.450999995,82.81264161539798,29.967727063162748
16669,1348.88,7361081.330999995,82.82781938398752,29.990779160903642
12646,1346.97,7362428.300999994,82.84297566101515,30.013831258644537
14154,1345.62,7363773.9209999945,82.85811674767182,30.03688335638543
15398,1345.53,7365119.450999995,82.8732568216371,30.059935454126325
12463,1344.78,7366464.230999995,82.88838845650739,30.08298755186722
16317,1341.65,7367805.880999995,82.90348487222128,30.106039649608114
13743,1341.6,7369147.480999995,82.91858072532884,30.12909174734901
18177,1340.8700000000001,7370488.350999995,82.93366836438393,30.152143845089903
16045,1340.7,7371829.050999995,82.94875409057752,30.175195942830797
13501,1340.32,7373169.370999996,82.96383554096298,30.19824804057169
15734,1339.45,7374508.820999996,82.97890720199824,30.221300138312586
12620,1339.41,7375848.230999996,82.99397841294845,30.24435223605348
15059,1337.72,7377185.950999996,83.00903060780462,30.267404333794374
17372,1337.18,7378523.130999995,83.0240767265124,30.29045643153527
12919,1335.19,7379858.320999996,83.03910045348817,30.313508529276163
14064,1334.34,7381192.660999996,83.05411461615627,30.336560627017057
15680,1333.68,7382526.340999995,83.0691213524208,30.35961272475795
17932,1331.57,7383857.910999996,83.08410434669811,30.382664822498846
12676,1331.39,7385189.300999995,83.09908531559262,30.40571692023974
16295,1328.55,7386517.850999995,83.11403432844745,30.428769017980635
13232,1328.35,7387846.200999995,83.12898109087695,30.45182111572153
15146,1327.16,7389173.360999995,83.14391446327573,30.474873213462427
17633,1324.84,7390498.200999995,83.15882173074071,30.49792531120332
17095,1324.16,7391822.360999995,83.17372134675958,30.520977408944216
16110,1320.95,7393143.310999995,83.1885848434519,30.54402950668511
14591,1320.21,7394463.520999995,83.20344001357051,30.567081604426004
14794,1319.91,7395783.430999995,83.21829180805113,30.5901337021669
16083,1317.62,7397101.050999995,83.23311783516174,30.613185799907793
12526,1316.66,7398417.7109999955,83.24793306023076,30.636237897648687
12854,1316.25,7399733.9609999955,83.26274367192785,30.65928999538958
14921,1316.07,7401050.030999996,83.27755225824217,30.682342093130476
12576,1315.83,7402365.860999996,83.29235814404606,30.70539419087137
14511,1314.81,7403680.670999995,83.30715255268079,30.728446288612265
14973,1314.45,7404995.120999996,83.32194291054992,30.75149838635316
14738,1314.45,7406309.570999996,83.33673326841905,30.774550484094053
16040,1313.55,7407623.120999996,83.35151349937419,30.797602581834948
12364,1313.1,7408936.220999995,83.36628866687235,30.820654679575842
17004,1312.1399999999999,7410248.360999995,83.38105303232894,30.843706777316736
12516,1312.06,7411560.4209999945,83.39581649761539,30.86675887505763
14477,1309.6,7412870.020999994,83.41055228267028,30.889810972798525
16120,1309.14,7414179.160999994,83.42528289174692,30.91286307053942
14047,1308.6100000000001,7415487.770999994,83.44000753719645,30.935915168280314
13328,1308.48,7416796.250999995,83.4547307198695,30.958967266021208
14297,1305.33,7418101.580999995,83.46941845834364,30.982019363762102
12507,1304.81,7419406.390999994,83.48410034571191,31.005071461502997
17919,1304.04,7420710.430999994,83.49877356894267,31.02812355924389
15813,1303.9099999999999,7422014.340999994,83.51344532939694,31.051175656984785
16370,1301.91,7423316.250999995,83.52809458559796,31.07422775472568
15108,1300.25,7424616.500999995,83.54272516326871,31.097279852466574
13168,1299.59,7425916.090999994,83.5573483145359,31.12033195020747
12488,1298.66,7427214.750999995,83.5719610013253,31.143384047948363
16464,1298.66,7428513.410999995,83.58657368811471,31.166436145689257
12372,1298.04,7429811.450999995,83.60117939858557,31.18948824343015
15602,1297.8700000000001,7431109.320999995,83.61578319619494,31.212540341171046
17961,1296.44,7432405.760999995,83.63037090326318,31.23559243891194
16929,1295.39,7433701.150999995,83.64494679559846,31.258644536652834
16224,1295.3,7434996.450999995,83.65952167524232,31.28169663439373
15621,1293.03,7436289.480999995,83.67407101255871,31.304748732134623
16744,1291.91,7437581.390999995,83.68860774749326,31.327800829875518
16101,1290.7,7438872.090999995,83.70313086735457,31.350852927616412
14856,1290.53,7440162.620999996,83.71765207435435,31.373905025357306
15171,1289.5,7441452.120999996,83.73216169166368,31.3969571230982
15136,1286.7,7442738.820999996,83.7466398030184,31.420009220839095
16949,1286.27,7444025.090999995,83.76111307595865,31.44306131857999
17802,1285.04,7445310.130999995,83.77557250878314,31.466113416320884
17350,1281.32,7446591.450999996,83.78999008369652,31.489165514061778
13538,1280.85,7447872.300999995,83.80440237011035,31.512217611802672
15494,1280.58,7449152.880999995,83.81881161845001,31.535269709543567
16951,1277.75,7450430.630999995,83.83318902327125,31.55832180728446
16692,1276.0,7451706.630999995,83.84754673687087,31.581373905025355
12394,1272.48,7452979.110999996,83.86186484298469,31.60442600276625
13878,1271.57,7454250.680999996,83.87617270966328,31.627478100507144
16899,1271.06,7455521.740999996,83.89047483775725,31.65053019824804
12630,1270.88,7456792.620999996,83.90477494046844,31.673582295988933
13492,1269.84,7458062.4609999955,83.91906334096791,31.696634393729827
14898,1269.31,7459331.770999995,83.93334577784027,31.71968649147072
13431,1269.1,7460600.870999995,83.94762585176603,31.742738589211616
14916,1268.98,7461869.850999995,83.96190457543659,31.76579068695251
15199,1268.7,7463138.550999995,83.9761801485117,31.788842784693404
16660,1267.6499999999999,7464406.200999996,83.99044390685383,31.8118948824343
17037,1267.32,7465673.520999996,84.00470395199416,31.834946980175193
17158,1266.97,7466940.490999996,84.01896005889017,31.857999077916087
14105,1266.23,7468206.720999996,84.03320783921247,31.88105117565698
13989,1266.08,7469472.800999996,84.04745393171575,31.904103273397876
16842,1264.19,7470736.990999997,84.06167875769968,31.92715537113877
15497,1262.2,7471999.190999997,84.0758811919516,31.950207468879665
16688,1260.86,7473260.050999997,84.0900685483538,31.97325956662056
17388,1259.56,7474519.610999997,84.10424127699136,31.996311664361453
15009,1259.43,7475779.0409999965,84.11841254285247,32.01936376210235
14669,1259.24,7477038.280999997,84.1325816708095,32.042415859843246
17019,1258.08,7478296.360999997,84.14673774629962,32.06546795758414
17412,1258.06,7479554.420999996,84.16089359674721,32.088520055325034
13151,1257.8700000000001,7480812.2909999965,84.17504730929075,32.11157215306593
14931,1257.68,7482069.970999996,84.18919888393022,32.13462425080682
16639,1257.51,7483327.480999996,84.20334854570815,32.15767634854772
17481,1255.59,7484583.070999996,84.21747660340293,32.18072844628861
13848,1255.0,7485838.070999996,84.231598022343,32.203780544029506
17262,1253.3600000000001,7487091.430999996,84.24570098779536,32.2268326417704
14383,1247.69,7488339.120999997,84.25974015368965,32.249884739511295
12689,1247.61,7489586.730999997,84.2737784194138,32.27293683725219
13029,1247.5,7490834.230999997,84.28781544740401,32.29598893499308
12494,1246.1000000000001,7492080.3309999965,84.30183672241694,32.31904103273398
13860,1245.9,7493326.230999997,84.31585574700452,32.34209313047487
16531,1244.59,7494570.820999997,84.3298600313062,32.365145228215766
17584,1242.3,7495813.120999997,84.34383854823785,32.38819732595666
17588,1240.2,7497053.320999997,84.35779343570357,32.411249423697555
17731,1240.11,7498293.430999997,84.37174731047789,32.43430152143845
12985,1239.38,7499532.810999997,84.38569297119973,32.457353619179344
13476,1238.47,7500771.280999997,84.39962839248635,32.48040571692024
14893,1237.8500000000001,7502009.130999996,84.41355683745442,32.50345781466113
13931,1237.53,7503246.660999997,84.427481681742,32.52650991240203
15201,1236.54,7504483.200999997,84.44139538642418,32.54956201014292
18080,1231.5,7505714.700999997,84.45525238038807,32.572614107883815
18171,1231.31,7506946.010999996,84.4691072364479,32.59566620562471
15910,1228.88,7508174.890999996,84.48293474983998,32.618718303365604
14913,1227.43,7509402.320999996,84.49674594764842,32.6417704011065
12997,1226.89,7510629.2109999955,84.51055106930848,32.66482249884739
12412,1226.88,7511856.090999995,84.52435607844725,32.68787459658829
15841,1224.06,7513080.150999995,84.5381293565889,32.71092669432918
14428,1224.06,7514304.210999995,84.55190263473055,32.733978792070076
15376,1221.56,7515525.770999994,84.56564778255557,32.75703088981097
15004,1220.77,7516746.540999994,84.57938404120056,32.780082987551864
14745,1220.26,7517966.800999993,84.59311456126095,32.80313508529276
15227,1219.4,7519186.200999994,84.60683540449244,32.82618718303365
13208,1217.65,7520403.850999994,84.62053655650229,32.84923928077455
14698,1217.27,7521621.120999994,84.63423343270402,32.87229137851544
13491,1215.82,7522836.940999994,84.6479139933221,32.895343476256336
17410,1214.72,7524051.660999994,84.66158217660089,32.91839557399723
13055,1214.41,7525266.070999994,84.67524687172042,32.941447671738125
17774,1213.73,7526479.800999994,84.68890391539381,32.96449976947902
18263,1213.1599999999999,7527692.960999995,84.70255454535503,32.98755186721991
13918,1212.8400000000001,7528905.800999994,84.71620157463572,33.01060396496081
16653,1212.66,7530118.460999995,84.72984657853361,33.0336560627017
12464,1212.05,7531330.510999994,84.74348471863425,33.0567081604426
17653,1207.56,7532538.070999994,84.75707233668624,33.07976025818349
16762,1207.24,7533745.310999994,84.77065635405772,33.102812355924385
14684,1201.51,7534946.820999994,84.7841758967435,33.12586445366528
13158,1201.06,7536147.8809999935,84.7976903759723,33.148916551406174
17320,1200.6200000000001,7537348.500999994,84.81119990426538,33.17196864914707
15605,1198.23,7538546.730999994,84.82468253997578,33.19502074688796
13118,1197.81,7539744.540999994,84.838160449793,33.21807284462886
16794,1196.5,7540941.040999994,84.85162361932429,33.24112494236975
17720,1195.94,7542136.980999994,84.86508048766467,33.264177040110646
17526,1195.8999999999999,7543332.880999994,84.87853690591999,33.28722913785154
15145,1194.73,7544527.610999995,84.89198015918713,33.310281235592434
12611,1193.32,7545720.930999995,84.9054075469557,33.33333333333333
13882,1191.13,7546912.060999995,84.91881029256692,33.35638543107422
12462,1189.59,7548101.650999995,84.93219570990308,33.37943752881512
15737,1188.1200000000001,7549289.770999995,84.9455645866131,33.40248962655601
16612,1187.66,7550477.430999995,84.95892828734486,33.425541724296906
17800,1187.21,7551664.640999995,84.97228692461962,33.4485938220378
15630,1186.35,7552850.990999995,84.98563588506546,33.471645919778695
17058,1179.89,7554030.880999994,84.99891215677317,33.49469801751959
16950,1178.56,7555209.440999994,85.01217346315245,33.51775011526048
16042,1177.47,7556386.910999994,85.02542250471369,33.54080221300138
13752,1175.38,7557562.290999994,85.03864802933023,33.56385431074227
12885,1175.22,7558737.510999993,85.05187175360652,33.586906408483166
12640,1174.58,7559912.0909999935,85.06508827652175,33.60995850622407
15306,1174.35,7561086.440999993,85.07830221144785,33.63301060396496
14857,1173.12,7562259.560999993,85.09150230625818,33.65606270170586
12358,1168.06,7563427.620999993,85.10464546530768,33.67911479944675
13500,1166.77,7564594.390999992,85.11777410911381,33.702166897187645
14487,1165.48,7565759.870999993,85.13088823767657,33.72521899492854
14737,1164.55,7566924.420999993,85.14399190176154,33.748271092669434
14261,1163.45,7568087.870999993,85.15708318850722,33.77132319041033
14447,1163.23,7569251.100999993,85.17017199978503,33.79437528815122
16800,1162.65,7570413.750999994,85.18325428482937,33.81742738589212
12546,1161.5,7571575.250999994,85.19632362992809,33.84047948363301
15088,1160.07,7572735.320999994,85.20937688448569,33.863531581373906
18168,1160.04,7573895.360999994,85.2224298014795,33.8865836791148
13499,1159.11,7575054.470999994,85.23547225399554,33.909635776855694
16184,1158.79,7576213.260999994,85.24851110583104,33.93268787459659
17867,1157.8700000000001,7577371.130999994,85.26153960571003,33.95573997233748
17348,1156.6,7578527.730999994,85.27455381538816,33.97879207007838
16637,1154.47,7579682.200999994,85.28754405803654,34.00184416781927
13611,1154.4,7580836.600999994,85.30053351303609,34.024896265560166
16062,1153.62,7581990.220999994,85.31351419137683,34.04794836330106
12710,1149.02,7583139.240999994,85.32644310993498,34.071000461041955
17505,1145.84,7584285.080999994,85.33933624673044,34.09405255878285
16766,1145.6,7585430.680999993,85.35222668301547,34.11710465652374
12769,1143.6,7586574.280999993,85.36509461504723,34.14015675426464
17770,1143.27,7587717.5509999925,85.37795883387717,34.16320885200553
15985,1142.42,7588859.970999992,85.3908134883995,34.186260949746426
16270,1141.24,7590001.210999993,85.40365486541236,34.20931304748732
13330,1140.93,7591142.140999992,85.41649275426597,34.232365145228215
13819,1140.35,7592282.490999992,85.42932411688614,34.25541724296911
16172,1140.21,7593422.700999992,85.44215390420855,34.278469340710004
17135,1139.73,7594562.430999992,85.4549782905102,34.3015214384509
17500,1138.0,7595700.430999992,85.46778321063275,34.32457353619179
17302,1135.63,7596836.060999992,85.48056146321512,34.34762563393269
17242,1135.04,7597971.100999992,85.4933330770428,34.37067773167358
15489,1134.28,7599105.380999993,85.50609613925421,34.393729829414475
16989,1133.25,7600238.630999993,85.5188476117752,34.41678192715537
13282,1132.14,7601370.770999992,85.53158659443558,34.439834024896264
13310,1132.03,7602502.8009999925,85.54432433936205,34.46288612263716
18125,1131.75,7603634.5509999925,85.55705893369307,34.48593822037805
15500,1131.56,7604766.110999992,85.56979139012,34.50899031811895
13447,1129.14,7605895.250999992,85.58249661640046,34.53204241585984
16714,1129.06,7607024.310999991,85.59520094251079,34.555094513600736
14824,1127.71,7608152.020999991,85.60789007825015,34.57814661134163
12609,1126.85,7609278.870999991,85.62056953716059,34.601198709082524
14708,1126.37,7610405.240999991,85.63324359505023,34.62425080682342
17470,1125.07,7611530.310999991,85.64590302517526,34.64730290456431
14129,1123.8600000000001,7612654.170999992,85.65854884022703,34.67035500230521
13772,1122.63,7613776.800999992,85.67118081516303,34.6934071000461
13486,1122.41,7614899.210999992,85.68381031463117,34.716459197786996
17562,1122.38,7616021.590999992,85.6964394765355,34.73951129552789
14723,1122.3600000000001,7617143.950999992,85.70906841339732,34.762563393268785
16807,1121.59,7618265.540999992,85.7216886861216,34.78561549100968
16086,1121.39,7619386.9309999915,85.73430670842056,34.80866758875057
15730,1120.88,7620507.810999991,85.74691899213492,34.83171968649147
14276,1119.74,7621627.550999992,85.75951844842493,34.85477178423236
12842,1118.99,7622746.540999992,85.77210946561993,34.87782388197326
17894,1118.96,7623865.500999992,85.78470014525115,34.90087597971415
17788,1117.9,7624983.400999992,85.79727889762812,34.923928077455045
13591,1117.13,7626100.530999992,85.80984898586756,34.94698017519594
17585,1116.68,7627217.210999992,85.82241401065002,34.970032272936834
16350,1116.47,7628333.6809999915,85.83497667248588,34.99308437067773
12679,1113.02,7629446.700999991,85.8475005144848,35.01613646841862
14817,1110.34,7630557.040999991,85.85999420078434,35.03918856615952
15069,1109.53,7631666.570999991,85.87247877286129,35.06224066390041
12399,1108.65,7632775.2209999915,85.88495344306678,35.085292761641306
15933,1107.46,7633882.6809999915,85.89741472324157,35.1083448593822
16833,1106.53,7634989.210999992,85.90986553893858,35.131396957123094
12857,1106.4,7636095.610999992,85.92231489185913,35.15444905486399
14102,1105.8799999999999,7637201.490999992,85.93475839367382,35.17750115260489
17609,1105.78,7638307.270999992,85.94720077027584,35.200553250345784
13064,1105.59,7639412.860999992,85.95964100897379,35.22360534808668
14948,1101.97,7640514.830999992,85.9720405149733,35.24665744582757
15716,1101.1100000000001,7641615.940999992,85.98443034414389,35.26970954356847
17047,1100.9,7642716.840999993,85.9968178103679,35.29276164130936
14410,1100.27,7643817.110999992,86.0091981877521,35.315813739050256
14744,1099.98,7644917.090999993,86.02157530201958,35.33886583679115
15978,1098.78,7646015.870999993,86.03393891373508,35.361917934532045
13104,1098.48,7647114.350999993,86.0462991498126,35.38497003227294
17966,1098.43,7648212.780999993,86.05865882328378,35.40802213001383
14971,1097.98,7649310.760999993,86.07101343329798,35.43107422775473
14161,1097.6200000000001,7650408.3809999935,86.08336399254657,35.45412632549562
16225,1096.32,7651504.700999994,86.09569992403053,35.477178423236516
13211,1095.42,7652600.120999994,86.10802572860051,35.50023052097741
13652,1095.08,7653695.200999994,86.12034770744744,35.523282618718305
15745,1094.59,7654789.790999994,86.13266417275229,35.5463347164592
15608,1093.68,7655883.470999993,86.1449703986219,35.569386814200094
18189,1090.24,7656973.710999994,86.15723791717585,35.59243891194099
13853,1090.14,7658063.850999993,86.16950431051713,35.61549100968188
12534,1089.18,7659153.030999993,86.18175990181685,35.63854310742278
15763,1086.92,7660239.950999993,86.19399006331034,35.66159520516367
16533,1082.81,7661322.7609999925,86.2061739785633,35.684647302904565
13610,1082.33,7662405.090999993,86.21835249279549,35.70769940064546
14561,1080.76,7663485.850999992,86.23051334118884,35.730751498386354
13744,1080.52,7664566.370999992,86.2426714890718,35.75380359612725
13726,1079.6599999999999,7665646.030999992,86.25481996012584,35.77685569386814
15197,1079.6100000000001,7666725.640999992,86.26696786857354,35.79990779160904
12354,1079.4,7667805.040999993,86.27911341407467,35.82295988934993
14352,1078.96,7668884.000999993,86.29125400864007,35.846011987090826
16094,1078.23,7669962.230999993,86.30338638915302,35.86906408483172
16563,1077.74,7671039.970999993,86.3155132561239,35.892116182572614
13715,1077.39,7672117.360999993,86.32763618485045,35.91516828031351
16049,1074.81,7673192.170999993,86.33973008309026,35.9382203780544
13131,1073.3,7674265.470999992,86.35180699061884,35.9612724757953
15712,1072.3600000000001,7675337.830999993,86.36387332114838,35.98432457353619
15238,1071.99,7676409.820999993,86.37593548839105,36.007376671277086
13467,1071.91,7677481.730999993,86.38799675546359,36.03042876901798
13521,1071.73,7678553.460999994,86.40005599715334,36.053480866758875
17041,1071.49,7679624.950999994,86.41211253833269,36.07653296449977
13635,1071.03,7680695.980999994,86.4241639035338,36.09958506224066
17522,1070.71,7681766.690999994,86.43621166805437,36.12263715998156
13761,1070.65,7682837.340999994,86.44825875744733,36.14568925772245
14212,1070.48,7683907.820999995,86.46030393397878,36.16874135546335
16200,1068.8700000000001,7684976.690999995,86.47233099458632,36.19179345320424
16918,1068.82,7686045.510999995,86.48435749258752,36.214845550945135
15436,1067.75,7687113.260999995,86.49637195081323,36.23789764868603
15027,1066.1499999999999,7688179.410999996,86.50836840563629,36.260949746426924
17277,1065.3500000000001,7689244.760999995,86.52035585875804,36.28400184416782
14488,1064.28,7690309.040999996,86.53233127210427,36.30705394190871
12951,1064.07,7691373.110999996,86.54430432250392,36.33010603964961
15801,1063.95,7692437.060999996,86.55627602264836,36.3531581373905
12936,1063.9,7693500.960999996,86.56824716018649,36.376210235131396
12815,1063.46,7694564.420999996,86.58021334678887,36.39926233287229
14411,1063.0,7695627.420999996,86.592174357413,36.422314430613184
16214,1062.75,7696690.170999996,86.60413255500546,36.44536652835408
15706,1060.56,7697750.730999996,86.61606611044058,36.46841862609497
17727,1060.25,7698810.980999996,86.62799617771644,36.49147072383587
18130,1059.39,7699870.370999996,86.63991656816337,36.51452282157676
17214,1059.1200000000001,7700929.490999996,86.65183392053612,36.537574919317656
13455,1058.34,7701987.830999996,86.66374249625008,36.56062701705855
15977,1054.73,7703042.560999996,86.67561045178685,36.583679114799445
12716,1053.49,7704096.050999996,86.68746445468659,36.60673121254034
14419,1051.79,7705147.840999996,86.69929932897102,36.62978331028123
16416,1051.4,7706199.240999997,86.71112981492607,36.65283540802213
15329,1049.7,7707248.940999997,86.72294117226582,36.67588750576302
14078,1049.37,7708298.310999997,86.73474881640377,36.698939603503916
17287,1049.06,7709347.370999997,86.74655297238246,36.72199170124482
15839,1048.49,7710395.860999997,86.75835071464897,36.74504379898571
16728,1048.28,7711444.140999997,86.77014609396888,36.76809589672661
15777,1047.11,7712491.250999997,86.78192830830062,36.7911479944675
15407,1046.74,7713537.990999998,86.79370635934549,36.814200092208395
16520,1046.57,7714584.560999998,86.80548249752884,36.83725218994929
14293,1046.56,7715631.1209999975,86.81725852319092,36.860304287690184
15464,1044.65,7716675.770999998,86.8290130572911,36.88335638543108
15192,1044.32,7717720.090999998,86.8407638781895,36.90640848317197
14389,1043.46,7718763.550999998,86.85250502225898,36.92946058091287
15073,1043.41,7719806.960999998,86.86424560372214,36.95251267865376
12497,1043.1,7720850.060999998,86.87598269702602,36.975564776394656
13719,1041.68,7721891.740999998,86.88770381231006,36.99861687413555
18221,1041.61,7722933.350999998,86.89942413994525,37.021668971876444
15434,1041.48,7723974.830999998,86.91114300480398,37.04472106961734
16320,1038.46,7725013.290999998,86.92282788824022,37.06777316735823
14465,1038.44,7726051.730999999,86.93451254663394,37.09082526509913
16175,1037.59,7727089.320999999,86.94618764072001,37.11387736284002
17042,1036.58,7728125.900999999,86.95785137015817,37.136929460580916
12691,1035.8,7729161.7009999985,86.96950632293753,37.15998155832181
16260,1035.45,7730197.150999999,86.9811573374726,37.183033656062705
13639,1033.34,7731230.4909999985,86.99278461002041,37.2060857538036
14584,1033.06,7732263.550999998,87.00440873197277,37.22913785154449
17724,1033.0,7733296.550999998,87.01603217879754,37.25218994928539
15996,1032.58,7734329.130999998,87.02765089972911,37.27524204702628
12599,1032.58,7735361.710999998,87.0392696206607,37.298294144767176
17405,1031.41,7736393.120999998,87.0508751766041,37.32134624250807
12724,1031.41,7737424.530999999,87.0624807325475,37.344398340248965
13235,1031.07,7738455.600999999,87.07408246276785,37.36745043798986
12717,1030.98,7739486.580999999,87.0856831802968,37.390502535730754
13253,1030.4,7740516.981,87.09727737159228,37.41355463347165
17033,1030.14,7741547.120999999,87.10886863733484,37.43660673121254
15333,1028.56,7742575.680999999,87.12044212471729,37.45965882895344
16980,1028.46,7743604.140999999,87.13201448688709,37.48271092669433
16682,1028.0,7744632.140999999,87.14358167307863,37.505763024435225
16160,1025.44,7745657.580999999,87.15512005382597,37.52881512217612
14904,1025.44,7746683.021,87.16665843457328,37.551867219917014
15658,1024.1000000000001,7747707.120999999,87.17818173747091,37.57491931765791
17096,1022.13,7748729.250999999,87.18968287367905,37.5979714153988
14346,1021.58,7749750.830999999,87.20117782121751,37.6210235131397
13165,1021.48,7750772.311,87.21267164354333,37.64407561088059
12572,1020.42,7751792.731,87.22415353861489,37.667127708621486
13376,1019.76,7752812.490999999,87.23562800728287,37.69017980636238
18142,1019.52,7753832.010999999,87.24709977544045,37.713231904103274
13956,1019.27,7754851.280999999,87.25856873056638,37.73628400184417
12828,1018.71,7755869.9909999985,87.27003138450138,37.75933609958506
12514,1017.68,7756887.670999998,87.28148244874593,37.78238819732596
13728,1016.14,7757903.810999998,87.29291618471545,37.80544029506685
12642,1013.26,7758917.070999998,87.30431751456022,37.828492392807746
12739,1013.04,7759930.110999998,87.31571636893716,37.85154449054864
17197,1013.01,7760943.1209999975,87.32711488575028,37.874596588289535
14195,1012.0,7761955.1209999975,87.33850203791549,37.89764868603043
14775,1011.9,7762967.020999998,87.34988806486804,37.92070078377132
16229,1010.6,7763977.6209999975,87.36125946405593,37.94375288151222
14446,1010.35,7764987.970999997,87.37262805021219,37.96680497925311
12849,1010.29,7765998.260999997,87.38399596124083,37.98985707699401
13032,1010.18,7767008.440999997,87.39536263453554,38.0129091747349
14224,1009.73,7768018.170999997,87.40672424437328,38.035961272475795
16572,1009.6,7769027.770999997,87.41808439143453,38.05901337021669
16174,1009.5500000000001,7770037.320999997,87.42944397588947,38.082065467957584
17951,1008.5400000000001,7771045.860999997,87.44079219569649,38.10511756569848
17646,1008.39,7772054.250999996,87.4521387276845,38.12816966343937
14631,1006.98,7773061.230999997,87.46346939417396,38.15122176118027
13429,1006.8,7774068.030999997,87.47479803528061,38.17427385892116
13867,1005.09,7775073.120999997,87.4861074352507,38.197325956662056
14214,1004.38,7776077.500999996,87.49740884621087,38.22037805440295
13410,1003.06,7777080.560999996,87.50869540436386,38.243430152143844
14083,1002.9,7778083.460999996,87.51998016217661,38.26648224988474
12446,1002.3100000000001,7779085.770999996,87.53125828123463,38.28953434762564
12545,1000.39,7780086.160999996,87.54251479620947,38.312586445366534
15508,1000.27,7781086.430999995,87.55376996092913,38.33563854310743
18143,1000.16,7782086.590999995,87.56502388791486,38.35869064084832
12722,997.63,7783084.220999995,87.57624934702018,38.38174273858922
15110,996.1,7784080.320999995,87.58745759037171,38.40479483633011
15104,993.54,7785073.860999995,87.59863702827906,38.427846934071006
17594,993.18,7786067.040999995,87.60981241542079,38.4508990318119
13363,992.5,7787059.540999995,87.62098015111643,38.473951129552795
14223,991.13,7788050.6709999945,87.63213247139855,38.49700322729369
16232,990.88,7789041.550999994,87.643281978649,38.52005532503458
14514,990.2,7790031.750999995,87.65442383445334,38.54310742277548
17126,989.45,7791021.200999995,87.66555725116271,38.56615952051637
15062,987.86,7792009.060999995,87.6766727769907,38.589211618257266
18237,987.1,7792996.160999995,87.68777975120243,38.61226371599816
14583,986.96,7793983.120999995,87.69888515011644,38.635315813739055
17324,986.48,7794969.600999995,87.70998514800966,38.65836791147995
13117,984.91,7795954.510999995,87.72106748006405,38.681420009220844
17144,984.57,7796939.080999996,87.73214598639538,38.70447210696174
12510,982.5699999999999,7797921.650999996,87.74320198847342,38.72752420470263
15133,982.42,7798904.070999996,87.75425630273246,38.75057630244353
15071,982.07,7799886.140999996,87.76530667874718,38.77362840018442
16188,981.86,7800868.000999996,87.7763546918153,38.796680497925315
16085,981.51,7801849.510999996,87.78739876663909,38.81973259566621
12541,981.18,7802830.690999996,87.79843912826108,38.842784693407104
18170,980.31,7803811.0009999955,87.8094697005329,38.865836791148
13509,979.72,7804790.720999995,87.82049363405,38.88888888888889
13350,979.12,7805769.840999995,87.83151081629109,38.91194098662979
15132,977.9300000000001,7806747.770999995,87.84251460850149,38.93499308437068
14920,977.77,7807725.540999995,87.85351660037163,38.958045182111576
13026,975.36,7808700.900999995,87.86449147461654,38.98109727985247
16376,974.96,7809675.860999995,87.87546184801081,39.004149377593365
14522,974.54,7810650.400999995,87.88642749551188,39.02720147533426
15449,974.52,7811624.9209999945,87.89739291797042,39.05025357307515
12994,974.4200000000001,7812599.340999994,87.9083572152163,39.07330567081605
18194,973.8399999999999,7813573.180999994,87.91931498622871,39.09635776855694
16009,972.11,7814545.290999995,87.93025329106204,39.119409866297836
15506,972.08,7815517.370999995,87.94119125833156,39.14246196403873
13155,971.76,7816489.130999994,87.95212562492057,39.165514061779625
17100,971.74,7817460.870999995,87.96305976646704,39.18856615952052
14256,969.0600000000001,7818429.930999994,87.97396375231408,39.211618257261414
14138,965.8800000000001,7819395.810999994,87.9848319563984,39.23467035500231
15793,965.61,7820361.4209999945,87.99569712240853,39.2577224527432
15860,965.16,7821326.580999995,88.00655722496168,39.2807745504841
12550,964.83,7822291.410999995,88.01741361431303,39.30382664822499
13138,962.39,7823253.800999994,88.02824254847535,39.326878745965885
14006,962.19,7824215.990999995,88.03906923221236,39.34993084370678
15156,961.49,7825177.480999995,88.0498880394607,39.372982941447674
16419,958.71,7826136.190999995,88.06067556579697,39.39603503918857
18192,957.97,7827094.160999995,88.07145476555954,39.41908713692946
13823,957.66,7828051.820999995,88.08223047716282,39.44213923467036
12697,957.59,7829009.410999995,88.09300540111727,39.46519133241125
14629,955.26,7829964.6709999945,88.10375410761661,39.488243430152146
15948,955.24,7830919.910999995,88.11450258907342,39.51129552789304
17244,954.9,7831874.810999995,88.12524724480718,39.534347625633934
17097,954.42,7832829.230999995,88.13598649952014,39.55739972337483
15835,954.09,7833783.320999995,88.14672204103132,39.58045182111572
14540,952.66,7834735.980999995,88.15744149200138,39.60350391885662
15421,950.36,7835686.340999995,88.16813506308017,39.62655601659751
13636,949.12,7836635.4609999955,88.17881468152193,39.649608114338406
12822,948.88,7837584.340999995,88.18949159945328,39.6726602120793
17044,948.48,7838532.820999996,88.20016401653396,39.695712309820195
13748,948.25,7839481.070999996,88.21083384562553,39.71876440756109
12458,947.4,7840428.470999996,88.22149411040945,39.74181650530198
15747,946.64,7841375.110999996,88.23214582357711,39.76486860304288
13261,944.1,7842319.2109999955,88.2427689563431,39.78792070078377
12820,942.34,7843261.550999995,88.25337228536618,39.810972798524666
14075,942.26,7844203.810999995,88.26397471421913,39.83402489626556
15289,939.78,7845143.590999995,88.27454923779801,39.857076994006455
17527,939.37,7846082.9609999955,88.28511914800497,39.88012909174735
17227,939.32,7847022.280999996,88.29568849560559,39.903181189488244
16584,936.08,7847958.360999996,88.30622138631587,39.92623328722914
14140,935.05,7848893.410999996,88.31674268733572,39.94928538497003
16027,934.62,7849828.030999996,88.32725914994111,39.97233748271093
12924,933.7,7850761.730999996,88.33776526058998,39.99538958045182
15787,933.26,7851694.990999996,88.34826642030312,40.018441678192715
13655,932.97,7852627.9609999955,88.35876431689954,40.04149377593361
14532,932.85,7853560.810999995,88.36926086324077,40.064545873674504
18133,931.4999999999999,7854492.310999995,88.37974221921101,40.0875979714154
16934,931.03,7855423.340999995,88.39021828668174,40.11065006915629
17289,931.02,7856354.360999995,88.4006942416312,40.13370216689719
17552,930.41,7857284.770999995,88.4111633327834,40.15675426463808
17618,930.28,7858215.050999995,88.42163096115915,40.179806362378976
16907,928.76,7859143.810999995,88.4320814863024,40.20285846011987
14475,925.85,7860069.660999995,88.4424992677571,40.225910557860765
14231,925.71,7860995.370999995,88.45291547391408,40.24896265560166
17048,925.35,7861920.720999994,88.46332762930544,40.27201475334255
15312,924.85,7862845.570999994,88.4737341586335,40.29506685108345
13805,924.6,7863770.170999994,88.4841378749299,40.31811894882434
15654,922.53,7864692.700999994,88.49451829932414,40.341171046565236
13122,922.39,7865615.0909999935,88.50489714842065,40.36422314430613
16551,922.12,7866537.210999994,88.51527295944297,40.387275242047025
13934,922.1,7867459.310999993,88.52564854542275,40.41032733978792
13035,921.88,7868381.190999993,88.53602165593468,40.433379437528814
14081,921.62,7869302.810999993,88.54639184089366,40.45643153526971
15576,921.37,7870224.180999993,88.556759212821,40.4794836330106
13984,920.51,7871144.690999993,88.56711690791941,40.5025357307515
17018,920.1,7872064.790999993,88.5774699896459,40.52558782849239
12652,919.98,7872984.770999993,88.5878217211172,40.548639926233285
13075,919.61,7873904.3809999935,88.59816928930164,40.57169202397418
16511,918.33,7874822.710999994,88.60850245476398,40.594744121715074
13549,918.2,7875740.910999994,88.61883415744984,40.61779621945597
15253,918.1999999999999,7876659.110999994,88.62916586013571,40.64084831719686
14015,917.34,7877576.450999994,88.63948788599266,40.66390041493776
14712,917.07,7878493.520999994,88.64980687377543,40.68695251267865
15707,916.98,7879410.500999995,88.6601248488668,40.710004610419546
17236,916.13,7880326.630999994,88.67043325965051,40.73305670816044
14141,915.13,7881241.760999994,88.68073041830756,40.756108805901334
16216,914.9300000000001,7882156.690999994,88.69102532653929,40.77916090364223
16809,914.69,7883071.380999994,88.70131753426064,40.80221300138312
15587,913.6800000000001,7883985.060999994,88.71159837733407,40.82526509912402
15364,913.19,7884898.250999995,88.72187370686545,40.84831719686491
14359,912.18,7885810.430999994,88.7321376717489,40.871369294605806
13192,911.94,7886722.370999995,88.74239893612199,40.8944213923467
14289,911.26,7887633.630999994,88.75265254904892,40.917473490087595
13689,910.0,7888543.630999994,88.7628919842963,40.94052558782849
13782,908.86,7889452.490999995,88.77311859211929,40.96357768556938
13038,908.46,7890360.950999995,88.78334069909164,40.98662978331028
17323,906.52,7891267.470999994,88.79354097693827,41.00968188105117
15480,905.5,7892172.970999994,88.80372977761574,41.032733978792066
15807,903.9,7893076.870999995,88.8139005748906,41.05578607653296
16716,901.2,7893978.070999995,88.82404099142349,41.078838174273855
17848,901.1999999999999,7894879.270999995,88.83418140795638,41.10189027201475
15511,900.53,7895779.800999995,88.84431428556442,41.124942369755644
12940,899.69,7896679.490999996,88.8544377113861,41.14799446749654
14625,899.63,7897579.120999996,88.86456046208015,41.17104656523743
15079,895.61,7898474.730999996,88.8746379792251,41.19409866297833
15865,895.13,7899369.860999996,88.88471009534925,41.21715076071922
15211,894.4100000000001,7900264.270999996,88.89477410994223,41.240202858460115
15066,893.59,7901157.860999996,88.90482889779135,41.26325495620101
12772,892.47,7902050.330999996,88.91487108325862,41.286307053941904
16361,891.21,7902941.540999996,88.92489909104633,41.3093591516828
13515,891.12,7903832.660999996,88.93492608614264,41.33241124942369
15255,890.85,7904723.510999995,88.94495004316475,41.35546334716459
14240,890.34,7905613.850999995,88.95496826160227,41.37851544490548
17007,889.9300000000001,7906503.780999995,88.96498186666787,41.401567542646376
14344,889.9300000000001,7907393.710999995,88.97499547173346,41.42461964038728
17829,889.24,7908282.950999995,88.98500131283168,41.44767173812817
17537,887.67,7909170.620999995,88.99498948809106,41.470723835869066
16900,887.11,7910057.730999995,89.00497136215952,41.49377593360996
14623,886.7,7910944.430999995,89.01494862285605,41.516828031350855
14449,885.8,7911830.230999995,89.0249157566386,41.53988012909175
15822,885.47,7912715.700999995,89.03487917721937,41.56293222683264
17704,885.19,7913600.890999995,89.04483944720467,41.58598432457354
15799,884.14,7914485.030999995,89.054787902457,41.60903642231443
15907,882.72,7915367.750999995,89.06472037968948,41.632088520055326
18236,882.24,7916249.990999995,89.07464745590117,41.65514061779622
17109,881.29,7917131.280999995,89.08456384259256,41.678192715537115
13662,881.26,7918012.540999995,89.09447989172014,41.70124481327801
13037,881.07,7918893.610999995,89.10439380294366,41.724296911018904
15076,880.85,7919774.460999995,89.11430523869932,41.7473490087598
17027,877.5600000000001,7920652.020999994,89.1241796549583,41.77040110650069
15653,877.4399999999999,7921529.460999995,89.1340527209621,41.79345320424159
14770,876.42,7922405.880999994,89.14391430979673,41.81650530198248
15100,876.0,7923281.880999994,89.15377117273815,41.839557399723375
16513,874.59,7924156.470999994,89.16361217018101,41.86260949746427
16657,874.43,7925030.900999994,89.1734513672836,41.885661595205164
13294,873.74,7925904.640999994,89.18328280041882,41.90871369294606
15208,870.12,7926774.760999994,89.19307350085558,41.93176579068695
13200,870.09,7927644.850999994,89.20286386372852,41.95481788842785
13979,869.87,7928514.720999994,89.2126517511336,41.97786998616874
17566,869.77,7929384.490999994,89.22243851332603,42.000922083909636
12694,869.67,7930254.160999994,89.2322241503058,42.02397418165053
13203,869.46,7931123.620999994,89.24200742433896,42.047026279391424
17886,869.28,7931992.900999994,89.25178867298933,42.07007837713232
17649,868.49,7932861.390999994,89.26156103245965,42.09313047487321
14912,867.85,7933729.240999994,89.27132619056893,42.11618257261411
14715,867.38,7934596.620999994,89.28108606017867,42.139234670355
16235,867.31,7935463.930999993,89.29084514213955,42.162286768095896
14597,866.24,7936330.170999994,89.30059218432491,42.18533886583679
16567,865.6,7937195.770999993,89.31033202514922,42.208390963577685
13846,865.0600000000001,7938060.830999993,89.32006578982514,42.23144306131858
12680,862.81,7938923.640999992,89.32977423721611,42.25449515905947
16266,861.89,7939785.530999992,89.33947233265057,42.27754725680037
16221,860.86,7940646.390999992,89.34915883839459,42.30059935454126
12794,860.41,7941506.8009999925,89.35884028068162,42.32365145228216
13339,860.12,7942366.920999993,89.36851845985191,42.34670355002305
14577,859.71,7943226.630999993,89.37819202565029,42.369755647763945
14553,859.27,7944085.900999992,89.38786064051294,42.39280774550484
13566,856.84,7944942.740999992,89.39750191270784,42.415859843245734
16163,856.6,7945799.340999992,89.40714048439233,42.43891194098663
12693,855.91,7946655.250999992,89.41677129210946,42.46196403872752
17064,855.45,7947510.700999992,89.42639692384833,42.48501613646842
16037,855.02,7948365.7209999915,89.43601771717272,42.50806823420931
12878,854.99,7949220.710999992,89.44563817293334,42.531120331950206
17560,854.95,7950075.660999992,89.45525817860887,42.5541724296911
16121,854.66,7950930.320999992,89.46487492116769,42.577224527431994
14193,853.39,7951783.710999992,89.47447737352566,42.60027662517289
13991,852.88,7952636.590999992,89.48407408729905,42.62332872291378
15022,852.39,7953488.980999991,89.49366528753038,42.64638082065468
12379,852.24,7954341.2209999915,89.50325479994271,42.66943291839557
16070,852.15,7955193.370999992,89.51284329966364,42.692485016136466
16020,851.01,7956044.380999992,89.5224189719602,42.71553711387736
18096,849.06,7956893.440999991,89.53197270260979,42.738589211618255
12713,848.55,7957741.990999991,89.5415206946748,42.76164130935915
14657,848.22,7958590.210999991,89.55106497353802,42.78469340710004
16347,847.45,7959437.660999991,89.56060058826372,42.80774550484094
13221,847.41,7960285.070999991,89.57013575290435,42.83079760258183
16877,846.62,7961131.690999991,89.57966202836495,42.853849700322726
14803,845.55,7961977.240999991,89.58917626405002,42.87690179806362
12847,843.64,7962820.880999991,89.59866900817319,42.899953895804515
17624,843.48,7963664.360999991,89.60815995195611,42.92300599354541
17929,843.0,7964507.360999991,89.61764549471825,42.946058091286304
13929,842.65,7965350.010999992,89.62712709923605,42.969110189027205
16108,842.5,7966192.510999992,89.63660701593486,42.9921622867681
16560,841.41,7967033.920999992,89.64607466781563,43.015214384508994
14862,841.1999999999999,7967875.120999992,89.65553995674979,43.03826648224989
17076,841.0799999999999,7968716.200999992,89.66500389542875,43.06131857999078
14332,840.21,7969556.410999992,89.67445804475754,43.08437067773168
13940,839.14,7970395.550999992,89.68390015431082,43.10742277547257
17115,837.5,7971233.050999992,89.69332381037638,43.130474873213466
16554,837.1,7972070.150999991,89.70274296559131,43.15352697095436
15832,836.79,7972906.940999991,89.71215863264696,43.176579068695254
12728,836.33,7973743.270999991,89.72156912372438,43.19963116643615
16747,836.06,7974579.330999991,89.73097657672757,43.22268326417704
17169,835.78,7975415.110999991,89.74038087913533,43.24573536191794
13835,834.57,7976249.6809999915,89.74977156646983,43.26878745965883
17075,834.12,7977083.800999992,89.75915719034735,43.291839557399726
16644,833.78,7977917.580999992,89.76853898850182,43.31489165514062
15862,832.88,7978750.460999992,89.77791065974229,43.337943752881515
14644,830.76,7979581.2209999915,89.78725847647428,43.36099585062241
16924,829.89,7980411.110999991,89.79659650385608,43.3840479483633
13681,827.83,7981238.940999991,89.80591135185699,43.4071000461042
12461,826.88,7982065.820999991,89.8152155103376,43.43015214384509
12781,826.74,7982892.560999991,89.82451809352047,43.453204241585986
16494,826.53,7983719.090999992,89.83381831375675,43.47625633932688
12427,825.8,7984544.890999991,89.84311031994056,43.499308437067775
15164,824.58,7985369.4709999915,89.85238859852988,43.52236053480867
16164,822.48,7986191.950999992,89.86164324765326,43.545412632549564
12778,822.23,7987014.180999992,89.87089508374495,43.56846473029046
13893,821.1,7987835.280999992,89.88013420493355,43.59151682803135
17921,820.23,7988655.5109999925,89.88936353677197,43.61456892577225
17759,819.96,7989475.470999992,89.89858983053618,43.63762102351314
13220,819.2900000000001,7990294.7609999925,89.90780858537555,43.660673121254035
16092,817.86,7991112.620999993,89.91701124967382,43.68372521899493
16869,817.12,7991929.740999993,89.92620558739836,43.706777316735824
16943,816.73,7992746.470999993,89.93539553679352,43.72982941447672
15649,816.0,7993562.470999993,89.94457727213621,43.75288151221761
15399,815.77,7994378.240999993,89.95375641948978,43.77593360995851
13811,814.5,7995192.740999993,89.96292127664252,43.7989857076994
18064,814.0,7996006.740999993,89.97208050773192,43.822037805440296
16600,813.52,7996820.2609999925,89.98123433780054,43.84508990318119
16621,813.48,7997633.740999993,89.99038771778409,43.868142000922084
14421,813.11,7998446.850999993,89.9995369344808,43.89119409866298
16284,812.68,7999259.530999993,90.00868131276303,43.91424619640387
17980,811.45,8000070.980999993,90.01781185092949,43.93729829414477
16460,811.23,8000882.210999994,90.0269399136281,43.96035039188566
16276,810.6000000000001,8001692.810999993,90.03606088748691,43.983402489626556
16624,810.5699999999999,8002503.3809999935,90.04518152378192,44.00645458736745
15965,808.87,8003312.250999994,90.05428303146165,44.029506685108345
14499,808.44,8004120.690999994,90.06337970072693,44.05255878284924
15533,807.57,8004928.260999994,90.072466580642,44.07561088059013
12421,807.04,8005735.300999994,90.08154749692996,44.09866297833103
13707,806.41,8006541.710999995,90.09062132437813,44.12171507607192
12434,806.14,8007347.850999994,90.0996921137521,44.14476717381282
13637,804.3,8008152.150999994,90.10874219921304,44.16781927155371
18248,804.02,8008956.170999994,90.11778913407854,44.190871369294605
12422,803.5600000000001,8009759.730999993,90.12683089296574,44.2139234670355
15644,803.54,8010563.270999993,90.13587242681045,44.236975564776394
18265,801.51,8011364.780999993,90.14489111883806,44.26002766251729
17114,801.12,8012165.900999993,90.15390542253627,44.28307976025818
16367,800.67,8012966.570999993,90.1629146627775,44.30613185799908
15561,800.59,8013767.160999993,90.17192300284859,44.32918395573997
13720,799.9,8014567.060999993,90.1809235789523,44.352236053480866
17905,798.99,8015366.050999993,90.18991391562076,44.37528815122176
17703,798.74,8016164.790999994,90.19890143925757,44.398340248962654
13280,798.46,8016963.250999994,90.20788581229891,44.42139234670355
16438,798.35,8017761.600999993,90.21686894760632,44.44444444444444
13389,797.96,8018559.560999993,90.22584769458433,44.46749654218534
12701,797.71,8019357.270999993,90.23482362853068,44.49054863992623
13336,795.12,8020152.390999993,90.24377041946903,44.513600737667126
15831,794.64,8020947.030999993,90.25271180938658,44.53665283540803
15990,792.11,8021739.140999993,90.26162473142372,44.55970493314892
13167,791.33,8022530.470999993,90.27052887680208,44.582757030889816
14976,790.86,8023321.330999994,90.2794277336809,44.60580912863071
13016,789.89,8024111.220999993,90.2883156759969,44.628861226371605
16759,789.79,8024901.010999993,90.29720249310022,44.6519133241125
13329,789.0,8025690.010999993,90.3060804210235,44.67496542185339
14557,788.38,8026478.390999993,90.31495137262824,44.69801751959429
13323,787.85,8027266.240999993,90.32381636060587,44.72106961733518
13884,787.6,8028053.840999993,90.33267853555184,44.744121715076076
16546,787.15,8028840.990999993,90.34153564704081,44.76717381281697
13212,786.83,8029627.820999993,90.35038915784926,44.790225910557865
13109,786.54,8030414.360999993,90.35923940554099,44.81327800829876
12628,786.46,8031200.820999993,90.36808875306258,44.836330106039654
15806,784.58,8031985.400999993,90.37691694658608,44.85938220378055
18136,784.33,8032769.730999993,90.38574232707792,44.88243430152144
17180,783.97,8033553.700999993,90.39456365680417,44.90548639926234
16054,783.9,8034337.600999993,90.40338419888155,44.92853849700323
15952,781.91,8035119.510999993,90.41218234922691,44.951590594744125
17006,781.78,8035901.290999994,90.42097903679581,44.97464269248502
15679,781.28,8036682.570999994,90.42977009830138,44.997694790225914
13583,781.03,8037463.600999994,90.4385583467753,45.02074688796681
15239,780.59,8038244.190999994,90.44734164431347,45.0437989857077
17797,780.43,8039024.620999994,90.4561231415114,45.0668510834486
18228,779.9,8039804.520999994,90.4648986750822,45.08990318118949
12735,779.5699999999999,8040584.090999994,90.4736704954512,45.112955278930386
17411,778.94,8041363.030999995,90.48243522698043,45.13600737667128
13375,778.65,8042141.680999995,90.49119669539293,45.159059474412174
14815,778.5,8042920.180999995,90.49995647598642,45.18211157215307
17414,778.0,8043698.180999995,90.5087106305166,45.20516366989396
16505,777.6,8044475.780999995,90.5174602841961,45.22821576763486
13563,777.53,8045253.310999995,90.52620915022675,45.25126786537575
12425,777.2,8046030.510999995,90.53495430305561,45.274319963116646
15618,776.851,8046807.361999995,90.54369552889227,45.29737206085754
15743,775.96,8047583.321999995,90.55242672908408,45.320424158598435
13314,775.94,8048359.261999995,90.56115770423338,45.34347625633933
13341,775.85,8049135.111999995,90.56988766669124,45.36652835408022
16825,775.1800000000001,8049910.291999995,90.57861009022427,45.38958045182112
15414,774.9000000000001,8050685.191999995,90.58732936316186,45.41263254956201
16043,773.99,8051459.181999995,90.59603839666418,45.43568464730291
16222,773.5500000000001,8052232.731999995,90.60474247923078,45.4587367450438
15075,773.03,8053005.761999995,90.61344071069153,45.481788842784695
17764,772.55,8053778.311999995,90.62213354113148,45.50484094052559
17409,771.85,8054550.161999995,90.63081849508278,45.527893038266484
15353,770.12,8055320.281999995,90.63948398285498,45.55094513600738
14412,770.03,8056090.311999995,90.64814845793579,45.57399723374827
12965,769.8100000000001,8056860.121999995,90.65681045754874,45.59704933148917
16480,769.29,8057629.411999995,90.66546660605583,45.62010142923006
13356,768.24,8058397.651999995,90.67411093982994,45.643153526970956
14672,765.55,8059163.201999995,90.68272500538338,45.66620562471185
17695,765.34,8059928.541999995,90.69133670799022,45.689257722452744
14885,765.3199999999999,8060693.861999995,90.69994818555453,45.71230982019364
17516,764.88,8061458.741999995,90.70855471218312,45.73536191793453
17268,763.64,8062222.381999995,90.71714728617465,45.75841401567543
17466,763.28,8062985.661999995,90.7257358094006,45.78146611341632
16806,762.16,8063747.821999995,90.73431173024473,45.804518211157216
15599,761.74,8064509.561999995,90.74288292519563,45.82757030889811
14883,761.59,8065271.151999995,90.75145243232757,45.850622406639005
17425,759.17,8066030.321999995,90.75999470931299,45.8736745043799
16036,758.92,8066789.241999995,90.76853417326677,45.89672660212079
15568,758.29,8067547.531999995,90.77706654838076,45.91977869986169
16725,758.27,8068305.801999995,90.78559869845222,45.94283079760258
12413,758.1,8069063.901999994,90.79412893566213,45.965882895343476
16205,757.63,8069821.531999994,90.80265388437255,45.98893499308437
14550,757.37,8070578.901999994,90.81117590753001,46.011987090825265
16770,757.1,8071336.001999994,90.8196948926133,46.03503918856616
15223,755.75,8072091.751999994,90.82819868732561,46.058091286307054
13370,754.87,8072846.621999994,90.83669258016647,46.08114338404795
18104,754.64,8073601.261999994,90.8451838850182,46.10419548178884
14234,754.12,8074355.381999994,90.85366933876409,46.12724757952974
16470,752.77,8075108.151999993,90.86213960213898,46.15029967727063
13730,752.6,8075860.751999993,90.87060795265236,46.173351775011525
13030,752.4399999999999,8076613.191999993,90.87907450282547,46.19640387275242
16256,752.4300000000001,8077365.621999993,90.88754094047732,46.219455970493314
12908,750.0,8078115.621999993,90.89598003546142,46.24250806823421
17146,749.78,8078865.401999993,90.90441665497767,46.2655601659751
14923,749.1,8079614.501999993,90.91284562304777,46.288612263716
15656,748.5,8080363.001999993,90.92126783984192,46.31166436145689
16859,747.81,8081110.8119999925,90.92968229266864,46.334716459197786
14201,747.44,8081858.251999993,90.93809258220854,46.35776855693868
17387,746.81,8082605.0619999925,90.94649578290863,46.380820654679574
14050,746.36,8083351.421999993,90.95489392015175,46.40387275242047
17034,745.52,8084096.941999992,90.96328260560847,46.42692485016136
13950,745.06,8084842.001999992,90.97166611508693,46.44997694790226
14790,745.06,8085587.061999992,90.98004962456541,46.47302904564315
13236,744.85,8086331.911999991,90.98843077109727,46.496081143384046
13354,743.53,8087075.441999991,90.99679706482199,46.51913324112494
16730,743.11,8087818.551999992,91.0051586326535,46.542185338865835
12374,742.9300000000001,8088561.481999991,91.01351817510222,46.56523743660673
16891,742.43,8089303.911999991,91.0218720914876,46.58828953434762
12465,742.1899999999999,8090046.101999992,91.0302233073626,46.61134163208852
14662,741.37,8090787.471999992,91.03856529649376,46.63439372982941
13753,741.26,8091528.731999991,91.04690604789097,46.65744582757031
13900,740.95,8092269.681999992,91.05524331112893,46.6804979253112
17692,740.9399999999999,8093010.621999992,91.06358046184563,46.703550023052095
15252,740.78,8093751.401999992,91.07191581222206,46.72660212079299
12603,739.1999999999999,8094490.6019999925,91.08023338423838,46.749654218533884
14756,738.96,8095229.5619999925,91.08854825574433,46.77270631627478
12976,738.6,8095968.161999992,91.09685907648466,46.79575841401567
17461,735.82,8096703.981999992,91.10513861631293,46.81881051175657
15074,735.67,8097439.651999992,91.1134164683222,46.84186260949746
15045,735.66,8098175.3119999925,91.1216942078102,46.864914707238356
15215,734.94,8098910.251999993,91.12996384576702,46.88796680497925
15525,734.37,8099644.621999993,91.13822707001165,46.911018902720144
16146,734.13,8100378.751999993,91.14648759374589,46.93407100046104
17979,732.41,8101111.161999993,91.1547287638223,46.95712309820193
13575,732.0699999999999,8101843.231999993,91.16296610817565,46.98017519594283
16099,731.9,8102575.131999994,91.17120153966746,47.00322729368372
16491,731.5,8103306.631999994,91.17943247030863,47.026279391424616
14778,730.86,8104037.491999994,91.18765619958874,47.04933148916551
13736,729.8,8104767.291999994,91.1958680016146,47.072383586906405
12468,729.5400000000001,8105496.831999994,91.20407687808753,47.0954356846473
16261,728.54,8106225.371999994,91.21227450243381,47.11848778238819
17666,728.16,8106953.531999994,91.22046785097199,47.14153988012909
13077,728.02,8107681.551999994,91.22865962421241,47.16459197786998
13623,727.74,8108409.291999994,91.23684824685738,47.187644075610876
14055,725.6400000000001,8109134.9319999935,91.2450132400364,47.21069617335177
16140,725.18,8109860.111999993,91.25317305723716,47.233748271092665
12723,725.07,8110585.1819999935,91.26133163670399,47.25680036883356
15636,724.76,8111309.941999993,91.26948672801156,47.279852466574454
12475,723.38,8112033.321999993,91.27762629138435,47.30290456431535
17521,723.2099999999999,8112756.531999993,91.28576394189561,47.32595666205624
15272,721.94,8113478.471999994,91.29388730220604,47.34900875979714
14869,721.45,8114199.921999994,91.30200514897442,47.37206085753803
15584,720.86,8114920.781999994,91.31011635698808,47.395112955278925
18062,720.52,8115641.301999994,91.31822373927866,47.41816505301982
16023,719.81,8116361.111999993,91.32632313255932,47.441217150760714
15274,716.57,8117077.6819999935,91.33438606894967,47.46426924850161
12535,716.35,8117794.031999993,91.34244652987215,47.4873213462425
15400,716.2,8118510.231999993,91.35050530297563,47.5103734439834
17888,716.0,8119226.231999993,91.35856182565378,47.53342554172429
17029,716.0,8119942.231999993,91.36661834833194,47.556477639465186
15330,714.96,8120657.191999993,91.37466316879839,47.57952973720608
15757,714.42,8121371.611999993,91.38270191311643,47.602581834946974
18035,713.89,8122085.501999993,91.39073469380736,47.62563393268787
12616,713.3,8122798.801999993,91.39876083574357,47.64868603042876
13169,712.88,8123511.681999993,91.4067822517866,47.671738128169665
13147,712.8000000000001,8124224.481999992,91.41480276765948,47.69479022591056
17761,712.78,8124937.261999993,91.42282305848983,47.71784232365145
13416,712.5,8125649.761999993,91.43084019872472,47.74089442139235
13587,712.4,8126362.161999993,91.43885621374696,47.76394651913324
17642,712.29,8127074.451999993,91.44687099103527,47.786998616874136
15855,712.24,8127786.691999993,91.45488520571723,47.81005071461503
13705,711.86,8128498.551999994,91.46289514459109,47.833102812355925
17179,711.79,8129210.341999994,91.47090429581606,47.85615491009682
13249,711.41,8129921.751999994,91.4789091712329,47.879207007837714
14867,710.28,8130632.031999994,91.48690133174665,47.90225910557861
16362,709.99,8131342.021999994,91.49489022914366,47.9253112033195
14127,709.71,8132051.731999994,91.50287597594522,47.9483633010604
16136,709.38,8132761.111999994,91.51085800954498,47.97141539880129
15951,708.22,8133469.331999994,91.51882699067782,47.994467496542185
16449,707.69,8134177.021999994,91.52679000818357,48.01751959428308
12453,707.09,8134884.111999994,91.53474627441331,48.040571692023974
16309,706.57,8135590.681999994,91.5426966895372,48.06362378976487
14126,706.1300000000001,8136296.811999994,91.55064215372536,48.08667588750576
16364,705.79,8137002.601999994,91.55858379219046,48.10972798524666
16882,705.12,8137707.7219999945,91.56651789173071,48.13278008298755
16015,704.55,8138412.271999994,91.57444557755878,48.155832180728446
17934,704.25,8139116.521999994,91.58236988774885,48.17888427846934
12612,704.0400000000001,8139820.561999994,91.59029183499231,48.201936376210234
17974,703.99,8140524.551999995,91.59821321962947,48.22498847395113
12883,703.47,8141228.021999994,91.60612875316075,48.24804057169202
15103,703.36,8141931.381999995,91.61404304895811,48.27109266943292
16997,702.0,8142633.381999995,91.62194204186322,48.29414476717381
14179,701.57,8143334.951999995,91.62983619635389,48.317196864914706
14198,701.4,8144036.351999995,91.63772843798303,48.3402489626556
14356,701.23,8144737.581999996,91.64561876675063,48.363301060396495
13238,700.73,8145438.311999996,91.6535034694549,48.38635315813739
17734,700.63,8146138.941999996,91.66138704694652,48.40940525587828
17812,699.81,8146838.751999996,91.66926139769429,48.43245735361918
17423,698.41,8147537.161999996,91.67711999546474,48.45550945136007
14829,697.55,8148234.711999996,91.68496891640629,48.47856154910097
17472,697.54,8148932.251999996,91.69281772482655,48.50161364684186
15800,696.89,8149629.141999995,91.70065921936451,48.524665744582755
15700,696.68,8150325.821999995,91.70849835095588,48.54771784232365
14009,695.61,8151021.431999995,91.71632544277173,48.570769940064544
14959,695.42,8151716.851999995,91.72415039668353,48.59382203780544
17884,695.0699999999999,8152411.921999996,91.73197141235099,48.61687413554633
15304,694.4000000000001,8153106.321999996,91.7397848890936,48.63992623328723
12925,694.05,8153800.371999996,91.74759442759188,48.66297833102812
15053,693.95,8154494.321999996,91.75540284087751,48.686030428769016
14643,693.8100000000001,8155188.131999996,91.7632096788654,48.70908252650991
12410,693.3299999999999,8155881.461999996,91.77101111583251,48.732134624250804
13601,693.32,8156574.781999996,91.77881244027833,48.7551867219917
14111,692.85,8157267.631999996,91.78660847622464,48.77823881973259
17198,692.22,8157959.851999995,91.79439742333116,48.80129091747349
17733,692.19,8158652.041999996,91.8021860328739,48.82434301521438
14880,690.59,8159342.631999996,91.80995663901399,48.847395112955276
16212,690.34,8160032.971999995,91.81772443212242,48.87044721069617
17796,690.0,8160722.971999995,91.82548839950778,48.893499308437065
18085,689.95,8161412.921999996,91.83325180428683,48.91655140617796
13023,689.9,8162102.821999996,91.84101464645954,48.93960350391885
15181,689.4799999999999,8162792.301999996,91.84877276273906,48.96265560165975
17502,689.1,8163481.401999996,91.85652660321044,48.98570769940064
13799,688.86,8164170.261999996,91.86427774317144,49.008759797141536
16642,688.33,8164858.591999996,91.87202291950533,49.03181189488243
18196,686.63,8165545.221999996,91.87974896722389,49.054863992623325
12658,686.05,8166231.271999996,91.88746848870902,49.07791609036422
15038,685.74,8166917.011999996,91.89518452203488,49.100968188105114
16122,684.4200000000001,8167601.431999996,91.90288570255358,49.12402028584601
15669,684.34,8168285.771999996,91.91058598290212,49.1470723835869
17874,683.46,8168969.231999996,91.91827636137924,49.1701244813278
14222,683.17,8169652.401999996,91.92596347673961,49.19317657906869
15582,682.9100000000001,8170335.311999996,91.93364766654707,49.216228676809585
17341,682.29,8171017.601999996,91.941324880036,49.23928077455049
18135,681.9100000000001,8171699.511999996,91.94899781771683,49.26233287229138
17397,681.41,8172380.9219999965,91.95666512933431,49.285384970032275
12478,680.99,8173061.911999997,91.96432771505862,49.30843706777317
18082,680.84,8173742.751999997,91.97198861296391,49.331489165514064
13524,680.1800000000001,8174422.931999996,91.97964208446562,49.35454126325496
16872,680.02,8175102.951999996,91.98729375562706,49.37759336099585
15322,679.68,8175782.631999996,91.99494160106545,49.40064545873675
13430,679.45,8176462.081999996,92.00258685851472,49.42369755647764
14788,679.4399999999999,8177141.521999996,92.01023200344271,49.446749654218536
13925,678.25,8177819.771999996,92.01786375834,49.46980175195943
13548,678.16,8178497.931999996,92.02549450054589,49.492853849700325
13388,677.1,8179175.031999996,92.03311331549753,49.51590594744122
13040,676.99,8179852.021999996,92.04073089271525,49.53895804518211
16377,676.2,8180528.221999996,92.04833958075291,49.56201014292301
15626,675.8,8181204.021999996,92.05594376793992,49.5850622406639
17462,675.69,8181879.711999997,92.063546717393,49.608114338404796
18156,675.64,8182555.351999996,92.07114910423974,49.63116643614569
15574,675.64,8183230.991999996,92.07875149108648,49.654218533886585
12942,675.6,8183906.5919999955,92.08635342784814,49.67727063162748
13607,675.51,8184582.101999995,92.09395435191843,49.700322729368374
13325,675.3,8185257.401999995,92.10155291304211,49.72337482710927
17994,674.89,8185932.291999995,92.10914686079386,49.74642692485016
13838,674.82,8186607.111999995,92.11674002089676,49.76947902259106
13355,674.7,8187281.811999995,92.12433183074445,49.79253112033195
13464,674.68,8187956.491999995,92.13192341554961,49.815583218072845
17749,674.52,8188631.0119999945,92.1395132000145,49.83863531581374
13951,674.45,8189305.461999995,92.14710219683055,49.861687413554634
14504,673.26,8189978.7219999945,92.15467780361587,49.88473951129553
13258,672.83,8190651.551999995,92.16224857198674,49.90779160903642
14628,671.96,8191323.5119999945,92.16980955100742,49.93084370677732
12838,671.95,8191995.461999995,92.17737041750684,49.95389580451821
12638,671.69,8192667.151999995,92.18492835845335,49.976947902259106
12418,668.58,8193335.731999995,92.19245130528597,50.0
14342,668.5600000000001,8194004.291999995,92.19997402707605,50.023052097740894
13741,668.4300000000001,8194672.7219999945,92.2074952860897,50.04610419548179
16268,667.65,8195340.371999995,92.21500776844454,50.06915629322268
15969,666.1,8196006.4719999945,92.22250281000308,50.09220839096358
17105,665.78,8196672.251999995,92.22999425088109,50.11526048870447
13963,664.54,8197336.791999995,92.23747173912209,50.138312586445366
17883,664.34,8198001.131999995,92.24494697693773,50.16136468418626
16208,664.26,8198665.391999994,92.25242131458323,50.184416781927155
13596,664.11,8199329.501999995,92.25989396440977,50.20746887966805
15643,664.0,8199993.501999995,92.26736537650235,50.23052097740894
14720,663.81,8200657.311999994,92.27483465069088,50.25357307514984
13240,663.65,8201320.961999995,92.28230212453914,50.27662517289073
16573,663.61,8201984.571999995,92.28976914830234,50.299677270631626
16774,661.52,8202646.091999995,92.29721265512084,50.32272936837252
13028,661.3199999999999,8203307.411999995,92.30465391151404,50.345781466113415
14603,660.0,8203967.411999995,92.31208031510005,50.36883356385431
15492,659.4599999999999,8204626.871999995,92.31950064253766,50.391885661595204
13759,659.4100000000001,8205286.281999995,92.32692040736895,50.4149377593361
16357,658.88,8205945.161999995,92.33433420857311,50.43798985707699
14150,658.64,8206603.801999995,92.34174530926687,50.46104195481789
16696,657.9000000000001,8207261.701999995,92.34914808338694,50.48409405255878
14818,657.8,8207919.501999995,92.35654973229431,50.507146150299675
17459,657.3,8208576.801999995,92.36394575513837,50.53019824804057
15677,657.23,8209234.031999995,92.37134099033358,50.553250345781464
17321,657.16,8209891.191999995,92.37873543787993,50.57630244352236
16157,656.69,8210547.881999996,92.38612459692673,50.59935454126325
13049,656.6800000000001,8211204.561999995,92.39351364345228,50.62240663900415
16708,656.63,8211861.191999995,92.40090212737148,50.64545873674504
17299,656.61,8212517.8019999955,92.40829038624817,50.668510834485936
16127,656.25,8213174.0519999955,92.41567459435926,50.69156293222683
14894,655.75,8213829.8019999955,92.42305317640702,50.714615029967725
14725,655.58,8214485.381999996,92.43042984559325,50.73766712770862
16444,654.67,8215140.0519999955,92.43779627534424,50.76071922544951
14651,653.75,8215793.8019999955,92.44515235313871,50.78377132319041
17398,653.38,8216447.181999995,92.45250426764633,50.8068234209313
18151,653.35,8217100.531999995,92.45985584459014,50.829875518672196
13496,653.33,8217753.861999995,92.46720719649142,50.85292761641309
18121,653.3,8218407.161999995,92.4745582108289,50.875979714153985
15205,653.24,8219060.401999995,92.4819085500388,50.89903181189488
15031,653.19,8219713.5919999955,92.48925832664234,50.922083909635774
14548,652.8,8220366.391999995,92.4966037149165,50.94513600737667
17523,652.74,8221019.131999996,92.50394842806307,50.96818810511756
16056,650.75,8221669.881999996,92.5112707494776,50.99124020285846
15571,650.4300000000001,8222320.311999995,92.51858947021161,51.01429230059935
16969,650.41,8222970.721999995,92.5259079659031,51.037344398340245
17779,650.32,8223621.041999996,92.53322544890318,51.06039649608114
14034,648.89,8224269.931999995,92.54052684136215,51.083448593822034
16495,648.26,8224918.191999995,92.54782114498134,51.10650069156293
17777,647.56,8225565.751999995,92.55510757211187,51.12955278930382
17373,646.92,8226212.671999995,92.56238679788136,51.15260488704472
16014,646.83,8226859.501999995,92.56966501095944,51.17565698478561
16734,646.76,8227506.2619999945,92.57694243638866,51.198709082526506
12589,646.68,8228152.941999994,92.58421896164775,51.2217611802674
14044,646.42,8228799.361999994,92.5914925613539,51.244813278008294
15651,646.3,8229445.661999994,92.59876481080487,51.26786537574919
14855,645.65,8230091.311999994,92.60602974637352,51.29091747349008
12719,644.95,8230736.2619999945,92.61328680545353,51.31396957123098
17312,644.3,8231380.561999994,92.6205365506512,51.33702166897187
14451,643.9,8232024.461999995,92.62778179499821,51.360073766712766
16383,643.76,8232668.2219999945,92.63502546404749,51.38312586445366
14020,642.8,8233311.021999994,92.64225833105519,51.406177962194555
13034,642.77,8233953.791999994,92.6494908604991,51.42923005993545
15384,642.41,8234596.201999994,92.65671933917741,51.45228215767634
17545,642.32,8235238.521999994,92.66394680516433,51.47533425541724
17046,642.02,8235880.541999994,92.67117089551324,51.49838635315813
15297,641.94,8236522.481999994,92.67839408569203,51.521438450899026
18218,641.92,8237164.401999994,92.6856170508283,51.54449054863992
12365,641.38,8237805.781999994,92.69283393981617,51.56754264638083
12624,641.13,8238446.911999994,92.70004801577237,51.590594744121724
13417,640.83,8239087.741999994,92.70725871609059,51.61364684186262
13318,640.76,8239728.501999994,92.71446862875993,51.63669893960351
12631,640.5,8240369.001999994,92.72167561587635,51.65975103734441
14301,640.14,8241009.1419999935,92.72887855222717,51.6828031350853
15648,639.5,8241648.6419999935,92.73607428721695,51.705855232826195
17515,639.02,8242287.661999993,92.74326462118594,51.72890733056709
18160,638.0600000000001,8242925.721999993,92.75044415311334,51.751959428307984
14754,638.05,8243563.771999992,92.75762357251948,51.77501152604888
14128,637.5,8244201.271999992,92.76479680325596,51.79806362378977
14481,636.51,8244837.781999992,92.77195889438707,51.82111572153067
14664,636.24,8245474.021999992,92.77911794744398,51.84416781927156
15829,636.14,8246110.161999992,92.78627587528821,51.867219917012456
15773,635.6800000000001,8246745.841999992,92.79342862715421,51.89027201475335
14000,635.66,8247381.501999992,92.80058115397767,51.913324112494244
16139,635.41,8248016.911999992,92.80773086776945,51.93637621023514
13892,632.97,8248649.881999992,92.81485312637224,51.95942830797603
14220,632.4,8249282.281999992,92.82196897126283,51.98248040571693
16306,632.27,8249914.551999992,92.82908335337696,52.00553250345782
18183,632.07,8250546.621999992,92.83619548506576,52.028584601198716
13822,632.0,8251178.621999992,92.8433068291057,52.05163669893961
14021,631.9,8251810.521999992,92.85041704793298,52.074688796680505
15244,631.57,8252442.091999993,92.85752355355845,52.0977408944214
17985,631.35,8253073.441999992,92.86462758371606,52.12079299216229
13539,631.34,8253704.781999992,92.8717315013524,52.14384508990319
16418,631.12,8254335.901999992,92.87883294352089,52.16689718764408
17990,630.84,8254966.741999992,92.88593123509392,52.18994928538498
13046,629.31,8255596.051999992,92.89301231091316,52.21300138312587
13525,628.78,8256224.831999992,92.90008742310532,52.236053480866765
14687,628.38,8256853.211999992,92.9071580344468,52.25910557860766
13518,627.16,8257480.371999992,92.91421491819376,52.282157676348554
15028,627.13,8258107.501999992,92.92127146437693,52.30520977408945
15402,626.77,8258734.2719999915,92.9283239597945,52.32826187183034
14036,626.65,8259360.921999992,92.93537510495689,52.35131396957124
12577,626.6,8259987.5219999915,92.94242568751294,52.37436606731213
13914,626.45,8260613.971999992,92.94947458224999,52.397418165053026
16469,625.42,8261239.391999992,92.9565118872966,52.42047026279392
16750,623.93,8261863.321999991,92.9635324266745,52.443522360534814
12649,623.51,8262486.831999991,92.97054824015922,52.46657445827571
15147,623.5,8263110.331999991,92.97756394112267,52.4896265560166
13368,623.4,8263733.731999991,92.98457851687346,52.5126786537575
16431,623.28,8264357.011999992,92.99159174236904,52.53573075149839
15258,623.16,8264980.171999992,92.99860361760942,52.558782849239286
17499,622.88,8265603.051999992,93.00561234225435,52.58183494698018
15182,622.85,8266225.901999991,93.01262072933548,52.604887044721075
17460,622.4300000000001,8266848.331999991,93.01962439052342,52.62793914246197
15768,621.8299999999999,8267470.161999991,93.02662130043537,52.65099124020286
18217,621.75,8268091.911999991,93.03361731017719,52.67404333794376
16915,621.6800000000001,8268713.591999991,93.04061253227013,52.69709543568465
17640,621.66,8269335.251999991,93.04760752932056,52.720147533425546
14152,621.29,8269956.541999991,93.05459836308412,52.74319963116644
13402,621.23,8270577.7719999915,93.06158852172008,52.766251728907335
13546,621.09,8271198.861999991,93.06857710505831,52.78930382664823
16141,620.4,8271819.261999992,93.07555792442916,52.812355924389124
12667,620.13,8272439.391999992,93.08253570572582,52.83540802213002
13493,618.63,8273058.0219999915,93.0894966088325,52.85846011987091
16613,618.59,8273676.611999991,93.09645706185412,52.88151221761181
13145,618.52,8274295.131999991,93.10341672722686,52.9045643153527
12596,618.27,8274913.40199999,93.11037357956795,52.927616413093595
16134,618.09,8275531.49199999,93.11732840652624,52.95066851083449
13301,618.09,8276149.58199999,93.12428323348453,52.973720608575384
14593,617.15,8276766.7319999905,93.1312274834438,52.99677270631628
14377,617.05,8277383.78199999,93.13817060819038,53.01982480405717
16311,616.26,8278000.04199999,93.14510484375691,53.04287690179807
14905,616.15,8278616.1919999905,93.15203784158952,53.06592899953896
14382,615.49,8279231.681999991,93.15896341301854,53.088981097279856
15275,615.14,8279846.82199999,93.16588504620323,53.11203319502075
16566,614.66,8280461.4819999905,93.17280127836713,53.135085292761644
16116,612.78,8281074.261999991,93.17969635653294,53.15813739050254
18022,612.72,8281686.9819999905,93.18659075957115,53.18118948824343
12513,612.29,8282299.271999991,93.1934803241949,53.20424158598433
18149,612.0799999999999,8282911.351999991,93.20036752587207,53.22729368372522
15232,612.06,8283523.41199999,93.20725450250667,53.250345781466116
15645,612.01,8284135.42199999,93.21414091653497,53.27339787920701
16109,611.88,8284747.30199999,93.2210258677868,53.296449976947905
16763,611.85,8285359.1519999895,93.22791048147482,53.3195020746888
13731,610.59,8285969.741999989,93.23478091748328,53.34255417242969
12673,610.52,8286580.261999989,93.24165056584286,53.36560627017059
15795,610.01,8287190.271999989,93.24851447561787,53.38865836791148
14636,609.85,8287800.121999988,93.25537658505259,53.41171046565238
13357,609.4,8288409.521999989,93.26223363103034,53.43476256339327
16442,609.3,8289018.8219999885,93.26908955179543,53.457814661134165
13933,608.7900000000001,8289627.611999989,93.2759397339759,53.48086675887506
12933,607.53,8290235.141999989,93.28277573847684,53.503918856615954
17119,606.91,8290842.051999989,93.28960476665924,53.52697095435685
16718,606.0500000000001,8291448.101999989,93.29642411801272,53.55002305209774
17849,605.8000000000001,8292053.901999989,93.30324065633454,53.57307514983864
14133,605.64,8292659.541999988,93.3100553943161,53.59612724757953
17507,605.58,8293265.121999988,93.31686945717006,53.619179345320426
13233,605.12,8293870.241999988,93.32367834404577,53.64223144306132
14323,605.0600000000001,8294475.301999988,93.33048655579387,53.665283540802214
17664,604.64,8295079.941999988,93.33729004164879,53.68833563854311
12944,604.51,8295684.4519999875,93.34409206472722,53.711387736284
16732,603.75,8296288.2019999875,93.35088553618944,53.7344398340249
12707,603.42,8296891.621999987,93.35767529444983,53.75749193176579
16022,602.63,8297494.251999987,93.36445616353018,53.780544029506686
15366,602.51,8298096.761999987,93.37123568235535,53.80359612724758
12654,601.98,8298698.7419999875,93.37800923755339,53.826648224988475
14609,601.56,8299300.301999987,93.38477806685823,53.84970032272937
16654,601.27,8299901.571999987,93.39154363304635,53.87275242047026
12420,600.39,8300501.961999986,93.39829929736301,53.89580451821116
18211,600.07,8301102.031999987,93.40505136099915,53.91885661595205
12872,599.97,8301702.001999986,93.41180229942265,53.941908713692946
12521,599.68,8302301.681999986,93.41854997472939,53.96496081143384
12556,599.56,8302901.241999986,93.42529629978094,53.988012909174735
14710,599.48,8303500.721999986,93.43204172466237,54.01106500691563
17420,598.83,8304099.551999986,93.43877983566146,54.034117104656524
15720,598.73,8304698.281999987,93.44551682144791,54.05716920239742
13311,598.57,8305296.851999987,93.4522520068941,54.08022130013831
16298,598.2,8305895.051999987,93.45898302905343,54.10327339787921
14108,597.91,8306492.961999987,93.46571078809602,54.1263254956201
14645,597.09,8307090.051999987,93.47242932039475,54.149377593360995
15381,596.85,8307686.901999987,93.4791451521831,54.17242969110189
14675,596.36,8308283.261999987,93.48585547042939,54.195481788842784
14467,596.26,8308879.521999987,93.49256466346301,54.21853388658368
18246,596.1,8309475.6219999865,93.49927205615637,54.24158598432457
14965,596.09,8310071.711999986,93.50597933632847,54.26463808206547
13888,595.67,8310667.381999986,93.51268189060737,54.28769017980636
17658,595.42,8311262.801999986,93.5193816318546,54.310742277547256
14284,595.25,8311858.051999986,93.52607946024033,54.33379437528815
13558,594.52,8312452.571999986,93.53276907457358,54.356846473029044
16788,594.39,8313046.961999985,93.53945722613037,54.37989857076994
16325,594.24,8313641.201999986,93.54614368986817,54.40295066851083
13959,594.04,8314235.241999986,93.55282790318064,54.42600276625173
12917,594.0,8314829.241999986,93.55951166640806,54.44905486399262
15442,594.0,8315423.241999986,93.56619542963547,54.472106961733516
16535,593.75,8316016.991999986,93.5728763798312,54.49515905947441
18232,592.97,8316609.961999985,93.57954855336817,54.518211157215305
16203,592.9,8317202.861999986,93.58621993925627,54.5412632549562
14692,591.55,8317794.411999986,93.59287613477339,54.56431535269709
15573,591.1899999999999,8318385.601999986,93.59952827952493,54.58736745043799
13276,590.9300000000001,8318976.531999986,93.60617749872353,54.61041954817888
13270,590.0,8319566.531999986,93.61281625344435,54.63347164591978
13452,590.0,8320156.531999986,93.61945500816519,54.65652374366067
14882,589.7,8320746.231999986,93.62609038724801,54.679575841401565
16838,588.85,8321335.0819999855,93.63271620202319,54.70262793914247
14338,588.22,8321923.301999985,93.63933492795859,54.72568003688336
15624,588.13,8322511.431999985,93.64595264120258,54.748732134624255
17351,587.15,8323098.5819999855,93.65255932736247,54.77178423236515
17890,586.89,8323685.471999985,93.65916308796943,54.794836330106044
12384,585.27,8324270.741999985,93.66574862013121,54.81788842784694
13243,585.12,8324855.861999985,93.67233246447401,54.84094052558783
15222,585.0,8325440.861999985,93.6789149585616,54.86399262332873
16384,584.5,8326025.361999985,93.68549182658589,54.88704472106962
16072,584.3199999999999,8326609.681999985,93.69206666922737,54.910096818810516
14023,584.07,8327193.751999985,93.69863869883719,54.93314891655141
13557,584.06,8327777.811999985,93.70521061592572,54.956201014292304
15762,583.75,8328361.561999985,93.71177904485502,54.9792531120332
17014,583.4300000000001,8328944.991999985,93.71834387310378,55.00230520977409
12426,582.73,8329527.721999985,93.7249008248639,55.02535730751499
13427,582.6,8330110.321999985,93.73145631384754,55.04840940525588
12695,582.1,8330692.421999984,93.73800617676787,55.071461502996776
17259,581.23,8331273.651999985,93.74454625033802,55.09451360073767
18095,580.0500000000001,8331853.701999985,93.75107304639872,55.117565698478565
17142,579.0,8332432.701999985,93.75758802772644,55.14061779621946
13292,578.9399999999999,8333011.641999985,93.76410233392657,55.16366989396035
17540,578.9,8333590.541999985,93.77061619004164,55.18672199170125
16005,578.71,8334169.251999985,93.77712790825264,55.20977408944214
14529,578.61,8334747.861999986,93.78363850125096,55.232826187183036
12601,577.0600000000001,8335324.921999985,93.790131653453,55.25587828492393
14176,576.9000000000001,8335901.821999986,93.79662300531477,55.278930382664825
16723,576.4,8336478.221999986,93.80310873111323,55.30198248040572
15830,576.0,8337054.221999986,93.80958995606102,55.325034578146614
15550,575.63,8337629.851999986,93.81606701772193,55.34808667588751
13487,575.4,8338205.251999986,93.82254149139374,55.3711387736284
14400,574.7,8338779.951999987,93.8290080885769,55.3941908713693
18123,574.4399999999999,8339354.391999987,93.83547176020713,55.41724296911019
15339,574.07,8339928.461999987,93.8419312685505,55.440295066851085
15303,574.02,8340502.481999987,93.84839021428752,55.46334716459198
12879,573.22,8341075.701999987,93.85484015832323,55.486399262332874
13379,572.56,8341648.261999986,93.86128267595535,55.50945136007377
13405,572.451,8342220.7129999865,93.86772396710568,55.53250345781466
12816,572.2,8342792.912999987,93.87416243397222,55.55555555555556
13816,571.6700000000001,8343364.582999987,93.88059493721163,55.57860765329645
17616,571.1999999999999,8343935.782999987,93.88702215195151,55.601659751037346
15821,570.96,8344506.742999987,93.893446666181,55.62471184877824
15315,570.5,8345077.242999987,93.89986600443225,55.647763946519134
13939,568.55,8345645.792999987,93.90626340103653,55.67081604426003
17360,568.24,8346214.032999987,93.91265730948155,55.69386814200092
13321,567.36,8346781.392999987,93.91904131605513,55.71692023974182
16667,567.1800000000001,8347348.572999987,93.9254232972459,55.73997233748271
18150,566.58,8347915.152999987,93.9317985271607,55.763024435223606
16278,566.38,8348481.532999987,93.93817150665015,55.7860765329645
16345,565.46,8349046.992999987,93.94453413418309,55.809128630705395
13894,564.62,8349611.612999987,93.95088730992966,55.83218072844629
15344,563.94,8350175.552999987,93.95723283423011,55.85523282618718
16933,563.23,8350738.782999988,93.96357036952064,55.87828492392808
14753,563.15,8351301.932999988,93.96990700464103,55.90133702166897
17970,562.79,8351864.722999988,93.97623958899584,55.92438911940987
14167,562.59,8352427.312999988,93.98256992292531,55.94744121715076
12414,562.41,8352989.722999988,93.98889823147198,55.970493314891655
16916,562.41,8353552.132999988,93.99522654001866,55.99354541263255
12559,561.71,8354113.842999988,94.00154697207668,56.016597510373444
13946,561.5699999999999,8354675.4129999885,94.00786582883698,56.03964960811434
15655,560.67,8355236.082999988,94.0141745586833,56.06270170585523
13044,560.47,8355796.552999988,94.02048103810428,56.08575380359613
14273,559.97,8356356.522999988,94.02678189146194,56.10880590133702
16275,559.87,8356916.392999988,94.03308161960695,56.131857999077916
15415,559.61,8357476.002999988,94.03937842219901,56.15491009681881
16906,559.59,8358035.592999988,94.04567499974854,56.177962194559704
12866,559.12,8358594.712999988,94.05196628879857,56.2010142923006
17503,558.96,8359153.672999988,94.05825577750831,56.22406639004149
12987,558.7,8359712.3729999885,94.06454234066514,56.24711848778239
13800,558.32,8360270.692999989,94.07082462801382,56.27017058552328
14592,557.94,8360828.632999989,94.07710263955441,56.293222683264176
13260,557.62,8361386.252999989,94.08337705041446,56.31627478100507
17955,557.3,8361943.552999989,94.08964786059397,56.339326878745965
16385,554.86,8362498.412999989,94.09589121558449,56.36237897648686
17864,554.85,8363053.262999989,94.10213445805371,56.38543107422775
14891,554.38,8363607.642999989,94.10837241202343,56.40848317196865
14618,553.44,8364161.082999989,94.11459978899408,56.43153526970954
15068,553.36,8364714.44299999,94.12082626579463,56.454587367450436
12363,552.0,8365266.44299999,94.12703743970293,56.47763946519133
17674,551.04,8365817.48299999,94.13323781156964,56.500691562932225
17291,550.8000000000001,8366368.28299999,94.13943548292598,56.52374366067312
17235,550.06,8366918.342999989,94.14562482770856,56.546795758414014
17265,550.01,8367468.352999989,94.15181360988484,56.56984785615491
12390,549.84,8368018.192999989,94.15800047919957,56.5928999538958
14177,549.46,8368567.652999989,94.1641830727062,56.6159520516367
16536,548.12,8369115.772999989,94.1703505883631,56.63900414937759
16031,547.9,8369663.672999989,94.17651562855217,56.662056247118485
14474,547.66,8370211.332999989,94.18267796823082,56.68510834485938
16811,547.07,8370758.40299999,94.18883366915476,56.708160442600274
17637,547.0600000000001,8371305.462999989,94.19498925755742,56.73121254034117
16211,547.02,8371852.482999989,94.20114439587502,56.75426463808206
17295,547.0,8372399.482999989,94.20729930915009,56.77731673582296
17520,546.81,8372946.292999988,94.2134520845211,56.80036883356385
14805,546.4,8373492.692999989,94.21960024652019,56.823420931304746
14997,546.1999999999999,8374038.892999989,94.22574615809394,56.84647302904564
17806,546.04,8374584.932999989,94.23189026932744,56.869525126786534
12793,545.48,8375130.412999989,94.23802807937001,56.89257722452743
16475,544.3,8375674.712999989,94.24415261190313,56.91562932226832
13617,544.18,8376218.892999989,94.25027579418106,56.93868142000922
13390,544.08,8376762.972999989,94.25639785124632,56.96173351775011
16927,543.05,8377306.022999989,94.26250831862114,56.984785615491006
13278,542.73,8377848.752999989,94.26861518531544,57.0078377132319
16230,542.03,8378390.78299999,94.27471417552108,57.030889810972795
17897,541.8100000000001,8378932.592999989,94.28081069025886,57.05394190871369
17447,541.53,8379474.122999989,94.28690405440118,57.07699400645458
17557,541.46,8380015.582999989,94.29299663089463,57.10004610419548
13874,540.45,8380556.03299999,94.29907784274018,57.12309820193637
12743,540.13,8381096.162999989,94.30515545390519,57.14615029967727
13812,539.0,8381635.162999989,94.3112203501671,57.16920239741816
14496,538.8100000000001,8382173.972999989,94.31728310852495,57.192254495159055
15469,538.55,8382712.522999989,94.32334294132984,57.21530659289995
15539,538.46,8383250.982999989,94.32940176144336,57.238358690640844
14539,537.48,8383788.462999989,94.33544955447279,57.26141078838174
16206,537.0600000000001,8384325.522999989,94.34149262160899,57.28446288612263
15043,537.0,8384862.522999989,94.3475350136176,57.30751498386353
16804,536.99,8385399.512999989,94.35357729310495,57.33056708160442
16233,536.6800000000001,8385936.192999989,94.35961608443304,57.353619179345316
16142,535.34,8386471.532999989,94.36563979791141,57.37667127708621
13000,534.85,8387006.382999988,94.37165799784775,57.399723374827104
13385,534.57,8387540.952999989,94.37767304718861,57.422775472568
16340,534.31,8388075.262999988,94.38368517097655,57.44582757030889
13434,534.24,8388609.502999987,94.38969650711562,57.46887966804979
17443,534.24,8389143.742999988,94.3957078432547,57.49193176579068
13217,533.98,8389677.722999988,94.40171625384085,57.514983863531576
17062,533.33,8390211.052999988,94.40771735054467,57.53803596127247
15433,533.3,8390744.352999989,94.41371810968471,57.561088059013365
15825,532.94,8391277.292999988,94.41971481805913,57.58414015675426
12784,532.8199999999999,8391810.112999989,94.42571017617838,57.60719225449515
16706,531.35,8392341.462999988,94.43168899367144,57.63024435223605
14265,530.18,8392871.642999988,94.43765464617633,57.65329644997694
18159,530.15,8393401.792999988,94.44361996111743,57.676348547717836
14002,529.73,8393931.522999989,94.44958055016534,57.69940064545873
14463,529.62,8394461.142999988,94.4555399014793,57.722452743199625
16185,529.41,8394990.552999988,94.46149688984667,57.74550484094052
18043,529.29,8395519.842999987,94.46745252795884,57.768556938681414
15452,528.48,8396048.322999988,94.47339905184845,57.79160903642231
17631,528.33,8396576.652999988,94.47934388791904,57.81466113416322
16602,528.08,8397104.732999988,94.48528591095798,57.83771323190411
15756,528.01,8397632.742999988,94.49122714634805,57.860765329645005
12479,527.2,8398159.942999987,94.49715926751553,57.8838174273859
17623,527.0500000000001,8398686.992999988,94.50308970086404,57.906869525126794
15919,525.69,8399212.682999987,94.50900483132028,57.92992162286769
17429,524.9200000000001,8399737.602999987,94.51491129763903,57.95297372060858
15467,524.88,8400262.482999988,94.52081731387271,57.97602581834948
13721,524.14,8400786.622999988,94.52671500353267,57.99907791609037
17329,523.11,8401309.732999988,94.53260110350217,58.022130013831266
18017,523.0,8401832.732999988,94.53848596573775,58.04518211157216
17712,522.91,8402355.642999988,94.54436981528193,58.068234209313054
12863,521.2,8402876.842999987,94.55023442368955,58.09128630705395
15149,520.8000000000001,8403397.642999988,94.5560945312465,58.11433840479484
17345,519.6899999999999,8403917.332999988,94.56194214894288,58.13739050253574
14873,519.68,8404437.012999987,94.567789654118,58.16044260027663
12571,519.61,8404956.622999987,94.57363637164423,58.183494698017526
13643,519.44,8405476.062999986,94.57948117630896,58.20654679575842
16955,518.67,8405994.732999986,94.58531731683615,58.229598893499315
16650,518.42,8406513.152999986,94.5911506443317,58.25265099124021
15030,518.28,8407031.432999985,94.59698239652951,58.2757030889811
18252,518.27,8407549.702999985,94.60281403620604,58.298755186722
16892,518.19,8408067.892999984,94.60864477571245,58.32180728446289
16135,517.55,8408585.442999985,94.61446831385781,58.344859382203786
17454,517.53,8409102.972999984,94.62029162696064,58.36791147994468
18205,517.36,8409620.332999984,94.62611302720192,58.390963577685575
13043,516.42,8410136.752999984,94.63192385044418,58.41401567542647
15882,516.36,8410653.112999983,94.63773399855883,58.437067773167364
15809,515.77,8411168.882999983,94.64353750791875,58.46011987090826
12811,514.85,8411683.732999982,94.64933066532217,58.48317196864915
15246,514.15,8412197.882999983,94.65511594623693,58.50622406639005
13005,513.7,8412711.582999982,94.6608961636947,58.52927616413094
17513,513.2,8413224.782999981,94.66667075508916,58.552328261871835
17290,513.01,8413737.792999981,94.67244320857954,58.57538035961273
17805,512.31,8414250.102999981,94.67820778558128,58.598432457353624
17480,511.82,8414761.922999982,94.68396684904097,58.62148455509452
15891,511.68,8415273.602999981,94.68972433720292,58.64453665283541
12582,511.36,8415784.96299998,94.69547822468434,58.66758875057631
14851,511.35,8416296.31299998,94.70123199964449,58.6906408483172
16561,511.12,8416807.43299998,94.70698318661552,58.713692946058096
15406,510.71000000000004,8417318.14299998,94.71272976021463,58.73674504379899
12436,509.01,8417827.15299998,94.71845720519843,58.759797141539885
15417,508.8,8418335.952999981,94.72418228723566,58.78284923928078
17391,508.8,8418844.752999982,94.72990736927288,58.80590133702167
14317,508.58000000000004,8419353.332999982,94.73562997584223,58.82895343476257
17958,508.4599999999999,8419861.792999983,94.74135123215639,58.85200553250346
17415,507.84,8420369.632999983,94.74706551215203,58.875057630244356
14158,507.66,8420877.292999983,94.75277776676486,58.89810972798525
14820,507.29,8421384.582999982,94.75848585809084,58.921161825726145
16960,507.05,8421891.632999983,94.76419124890643,58.94421392346704
13885,506.8,8422398.432999983,94.76989382669035,58.967266021207934
16614,506.19,8422904.622999983,94.77558954067702,58.99031811894883
12988,505.82,8423410.442999983,94.78128109137684,59.01337021668972
14014,505.18,8423915.622999983,94.78696544071559,59.03642231443062
15081,504.8,8424420.422999984,94.79264551424622,59.05947441217151
12991,503.76,8424924.182999983,94.79831388556515,59.082526509912405
17630,503.59999999999997,8425427.782999983,94.8039804565438,59.1055786076533
15535,502.9,8425930.682999983,94.80963915103379,59.128630705394194
16863,502.8,8426433.482999984,94.81529672031115,59.15168280313509
13865,501.56,8426935.042999985,94.82094033695145,59.17473490087598
15881,501.39000000000004,8427436.432999985,94.82658204073023,59.19778699861688
14871,501.28000000000003,8427937.712999985,94.83222250677507,59.22083909635777
13116,501.14,8428438.852999985,94.83786139752219,59.243891194098666
13247,501.12,8428939.972999984,94.84350006322674,59.26694329183956
16898,501.03,8429441.002999984,94.84913771623992,59.289995389580454
16616,500.42,8429941.422999984,94.85476850545584,59.31304748732135
15389,500.0,8430441.422999984,94.86039456877857,59.33609958506224
14077,499.41999999999996,8430940.842999984,94.86601410586786,59.35915168280314
15193,499.32,8431440.162999984,94.87163251774447,59.38220378054403
14681,498.95,8431939.112999983,94.87724676633422,59.405255878284926
16488,498.8,8432437.912999984,94.88285932710498,59.42830797602582
15142,498.74,8432936.652999984,94.88847121274814,59.451360073766715
17053,498.48,8433435.132999985,94.89408017283839,59.47441217150761
17298,498.42,8433933.552999984,94.899688457801,59.4974642692485
16820,497.61,8434431.162999984,94.90528762854106,59.5205163669894
17495,497.56,8434928.722999984,94.91088623667478,59.54356846473029
15300,496.44,8435425.162999984,94.91647224242665,59.566620562471186
15018,496.21000000000004,8435921.372999985,94.92205566018941,59.58967266021208
12904,496.06,8436417.432999985,94.92763739013317,59.612724757952975
17374,495.77,8436913.202999985,94.93321585696019,59.63577685569387
15448,494.64,8437407.842999985,94.9387816088841,59.658828953434764
16352,494.44,8437902.282999985,94.94434511038267,59.68188105117566
17333,494.25,8438396.532999985,94.9499064739772,59.70493314891655
12763,494.08,8438890.612999985,94.9554659247102,59.72798524665745
14270,492.65000000000003,8439383.262999985,94.96100928490209,59.75103734439834
13732,491.86,8439875.122999985,94.96654375591392,59.774089442139235
14236,490.86,8440365.982999984,94.9720669747991,59.79714153988013
15000,490.52,8440856.502999984,94.97758636796124,59.820193637621024
15877,490.33,8441346.832999984,94.98310362321931,59.84324573536192
14416,490.22,8441837.052999984,94.98861964074345,59.86629783310281
18074,489.6,8442326.652999984,94.99412868194908,59.88934993084371
12809,489.31,8442815.962999985,94.99963446003797,59.9124020285846
17361,488.2,8443304.162999984,95.00512774826629,59.935454126325496
14396,487.99,8443792.152999984,95.010618673548,59.95850622406639
15165,487.75,8444279.902999984,95.01610689831934,59.981558321807285
16643,487.51,8444767.412999984,95.02159242258026,60.00461041954818
13338,487.02,8445254.432999983,95.02707243329913,60.02766251728907
13675,486.82000000000005,8445741.252999984,95.03255019359268,60.05071461502997
17453,486.71999999999997,8446227.972999984,95.03802682867357,60.07376671277086
15287,486.69,8446714.662999984,95.04350312619064,60.096818810511756
13153,486.22,8447200.882999985,95.04897413520821,60.11987090825265
12639,486.1,8447686.982999984,95.05444379397056,60.142923005993545
15109,484.95,8448171.932999983,95.05990051278728,60.16597510373444
16999,484.82,8448656.752999984,95.06535576882753,60.189027201475334
16518,484.32,8449141.072999984,95.07080539880447,60.21207929921623
13531,483.8,8449624.872999985,95.07624917767555,60.23513139695712
14958,483.72999999999996,8450108.602999985,95.08169216889777,60.25818349469802
12808,483.65000000000003,8450592.252999986,95.08713425994986,60.28123559243891
14147,483.4,8451075.652999986,95.09257353797027,60.304287690179805
14450,483.25,8451558.902999986,95.0980111281717,60.3273397879207
16603,482.47,8452041.372999987,95.10343994171434,60.350391885661594
17950,482.2,8452523.572999986,95.10886571718278,60.37344398340249
12504,482.04999999999995,8453005.622999987,95.11428980483223,60.39649608114338
18216,481.75,8453487.372999987,95.11971051684368,60.41954817888428
13176,481.49,8453968.862999987,95.1251283033022,60.44260027662517
14130,480.91,8454449.772999987,95.13053956352728,60.465652374366066
15091,480.71,8454930.482999988,95.13594857332703,60.48870447210696
15006,480.38,8455410.862999989,95.141353869925,60.511756569847854
17555,480.31,8455891.17299999,95.14675837887408,60.53480866758875
16368,479.91,8456371.08299999,95.15215838697252,60.55786076532964
16812,479.35,8456850.432999989,95.15755209388001,60.58091286307054
16008,478.78,8457329.212999988,95.16293938707531,60.60396496081143
15589,478.53000000000003,8457807.742999988,95.16832386723897,60.627017058552326
16768,478.09000000000003,8458285.832999988,95.1737033964669,60.65006915629322
12644,477.91,8458763.742999988,95.17908090031204,60.673121254034115
16693,477.86,8459241.602999987,95.18445784155082,60.69617335177501
13092,477.83,8459719.432999987,95.18983444522584,60.7192254495159
14320,477.79,8460197.222999986,95.19521059881576,60.7422775472568
12447,476.49,8460673.712999986,95.20057212464106,60.76532964499769
18176,476.35,8461150.062999986,95.20593207516863,60.788381742738586
15507,475.86,8461625.922999986,95.21128651215413,60.81143384047948
14853,475.8,8462101.722999986,95.21664027401205,60.834485938220375
14497,475.37,8462577.092999985,95.2219891974555,60.85753803596127
15780,475.28000000000003,8463052.372999985,95.22733710820755,60.880590133702164
14013,473.02,8463525.392999984,95.23265958915339,60.90364223144306
16038,471.78000000000003,8463997.172999984,95.23796811746217,60.92669432918395
15721,471.40000000000003,8464468.572999984,95.24327236996285,60.949746426924854
13066,470.8,8464939.372999985,95.24856987118754,60.97279852466575
15963,470.76,8465410.132999985,95.25386692232716,60.99585062240664
14431,470.36,8465880.492999984,95.25915947261612,61.01890272014754
15026,469.0,8466349.492999984,95.26443672001284,61.04195481788843
15557,468.91,8466818.402999984,95.26971295471817,61.065006915629326
14896,468.77000000000004,8467287.172999984,95.27498761412575,61.08805901337022
13171,468.41,8467755.582999984,95.28025822276776,61.111111111111114
14029,467.66,8468223.242999984,95.28552039231478,61.13416320885201
15468,467.51,8468690.752999984,95.2907808740428,61.1572153065929
13579,467.04,8469157.792999983,95.29603606727129,61.1802674043338
16374,466.73,8469624.522999983,95.30128777234053,61.20331950207469
14205,466.7,8470091.222999983,95.30653913984595,61.226371599815586
16504,465.88,8470557.102999983,95.31178128060756,61.24942369755648
13248,465.68,8471022.782999983,95.31702117094382,61.272475795297375
16742,464.9,8471487.682999983,95.3222522846213,61.29552789303827
13928,464.57,8471952.252999984,95.32747968509699,61.31857999077916
16586,463.95,8472416.202999983,95.33270010925415,61.34163208852006
15349,463.90999999999997,8472880.112999983,95.33792008332624,61.36468418626095
14967,463.8,8473343.912999984,95.34313881966442,61.387736284001846
12787,463.66,8473807.572999984,95.34835598070485,61.41078838174274
17418,463.46000000000004,8474271.032999985,95.35357089131998,61.433840479483635
14489,463.38,8474734.412999986,95.35878490176496,61.45689257722453
17964,463.21,8475197.622999987,95.36399699934842,61.479944674965424
12945,462.95,8475660.572999986,95.36920617137893,61.50299677270632
14331,462.65999999999997,8476123.232999986,95.37441208029271,61.52604887044721
14470,461.19,8476584.422999986,95.37960144858033,61.54910096818811
16824,460.64,8477045.062999986,95.3847846281983,61.572153065929
16805,460.59,8477505.652999986,95.38996724520995,61.595205163669895
12491,460.40000000000003,8477966.052999986,95.39514772431752,61.61825726141079
12355,459.4,8478425.452999987,95.40031695129845,61.641309359151684
16589,459.24,8478884.692999987,95.40548437793912,61.66436145689258
17880,458.92,8479343.612999987,95.41064820389926,61.68741355463347
15754,458.57,8479802.182999987,95.41580809161508,61.71046565237437
13506,458.52,8480260.702999987,95.42096741672455,61.73351775011526
15092,457.81,8480718.512999987,95.42611875282411,61.756569847856156
15121,457.72,8481176.232999988,95.43126907623228,61.77962194559705
12375,457.5,8481633.732999988,95.43641692417259,61.802674043337944
13398,457.34,8482091.072999988,95.44156297177263,61.82572614107884
12564,456.9,8482547.972999988,95.44670406843693,61.84877823881973
12999,455.88,8483003.852999989,95.45183368793208,61.87183033656063
14513,455.59000000000003,8483459.442999989,95.45696004431048,61.89488243430152
15585,455.3,8483914.74299999,95.46208313757218,61.917934532042416
16529,455.25,8484369.99299999,95.46720566822752,61.94098662978331
14335,454.86,8484824.852999989,95.47232381055348,61.964038727524205
15471,454.48,8485279.33299999,95.47743767707131,61.9870908252651
13485,454.24,8485733.57299999,95.48254884307875,62.01014292300599
17140,454.12,8486187.692999989,95.48765865883098,62.03319502074689
15475,454.10999999999996,8486641.802999988,95.49276836206194,62.05624711848778
17564,454.01,8487095.812999988,95.49787694008025,62.07929921622868
18158,453.4,8487549.212999988,95.5029786543013,62.10235131396957
12729,453.01,8488002.222999988,95.50807598019297,62.125403411710465
18071,453.0,8488455.222999988,95.51317319356336,62.14845550945136
14184,452.89,8488908.112999989,95.51826916919983,62.171507607192254
12591,452.84999999999997,8489360.962999988,95.52336469475124,62.19455970493315
16574,451.44,8489812.402999988,95.52844435480405,62.21761180267404
15802,451.42,8490263.822999988,95.53352378981434,62.24066390041494
14173,450.84,8490714.662999988,95.53859669859118,62.26371599815583
16885,450.41,8491165.072999988,95.54366476895358,62.286768095896726
17040,449.73,8491614.802999988,95.54872518786985,62.30982019363762
13489,449.52,8492064.322999988,95.5537832438395,62.332872291378514
12448,449.45,8492513.772999987,95.5588405121603,62.35592438911941
15739,449.12,8492962.892999986,95.5638940672793,62.3789764868603
17579,448.90000000000003,8493411.792999987,95.56894514693046,62.4020285846012
14780,447.68,8493859.472999986,95.57398249898709,62.42508068234209
15646,447.64000000000004,8494307.112999987,95.57901940095869,62.448132780082986
15368,446.94000000000005,8494754.052999986,95.5840484264416,62.47118487782388
14149,446.62,8495200.672999986,95.589073851244,62.494236975564775
17370,446.18,8495646.852999985,95.59409432511066,62.51728907330567
17190,444.74,8496091.592999985,95.59909859591497,62.54034117104656
18006,444.68,8496536.272999985,95.60410219159166,62.56339326878746
14638,443.6,8496979.872999985,95.6090936349716,62.58644536652835
16404,443.05,8497422.922999986,95.61407888968188,62.609497464269246
18222,443.0,8497865.922999986,95.61906358178582,62.63254956201014
12579,440.42,8498306.342999985,95.62401924340301,62.655601659751035
15524,440.0,8498746.342999985,95.62897017912701,62.67865375749193
18233,440.0,8499186.342999985,95.63392111485103,62.701705855232824
14022,440.0,8499626.342999985,95.63887205057503,62.72475795297372
13954,439.92,8500066.262999985,95.6438220861289,62.74781005071461
12391,439.66,8500505.922999986,95.64876919612985,62.77086214845551
16025,439.65999999999997,8500945.582999986,95.6537163061308,62.7939142461964
13359,439.56,8501385.142999986,95.65866229091908,62.816966343937295
16968,439.43,8501824.572999986,95.66360681293091,62.84001844167819
13358,439.03,8502263.602999985,95.66854683409206,62.863070539419084
14272,437.96,8502701.562999986,95.6734748154777,62.88612263715998
12552,437.82,8503139.382999986,95.67840122156564,62.90917473490087
16034,437.7,8503577.082999986,95.68332627739834,62.93222683264177
12592,437.6,8504014.682999985,95.68825020801839,62.95527893038266
16084,436.18,8504450.862999985,95.69315816061861,62.978331028123556
15551,436.06,8504886.922999986,95.69806476296364,63.00138312586445
16948,435.02,8505321.942999985,95.70295966309695,63.024435223605344
15456,434.59000000000003,8505756.532999985,95.7078497248158,63.04748732134624
14910,434.35,8506190.882999985,95.71273708602425,63.07053941908713
14460,434.34,8506625.222999984,95.71762433471143,63.09359151682803
14093,433.86,8507059.082999984,95.72250618237783,63.11664361456892
12493,433.74,8507492.822999984,95.72738667978903,63.139695712309816
17035,433.53000000000003,8507926.352999983,95.73226481425364,63.16274781005071
16236,432.2,8508358.552999983,95.7371279833898,63.185799907791605
16881,432.0,8508790.552999983,95.74198890210064,63.2088520055325
12452,430.57,8509221.122999983,95.74683373027038,63.23190410327339
13245,430.5,8509651.622999983,95.75167777079126,63.25495620101429
12795,430.48,8510082.102999983,95.7565215862696,63.27800829875518
12827,430.15000000000003,8510512.252999984,95.76136168854616,63.30106039649608
16884,429.84000000000003,8510942.092999984,95.76619830266344,63.32411249423697
15450,429.84,8511371.932999983,95.77103491678074,63.347164591977865
15230,429.6,8511801.532999983,95.77586883038761,63.37021668971876
15036,429.56,8512231.092999984,95.78070229390944,63.393268787459654
15553,428.93,8512660.022999983,95.78552866859148,63.41632088520055
13602,428.89,8513088.912999984,95.79035459318847,63.43937298294144
15957,428.89,8513517.802999984,95.79518051778545,63.46242508068234
17869,428.18,8513945.982999984,95.7999984533725,63.48547717842323
15360,427.93,8514373.912999984,95.80481357592788,63.508529276164126
12725,427.8,8514801.712999985,95.80962723570683,63.53158137390502
12403,427.7,8515229.412999984,95.81443977027308,63.554633471645914
15976,427.64,8515657.052999984,95.81925162971176,63.57768556938681
12740,427.6,8516084.652999984,95.82406303906535,63.6007376671277
12802,427.58,8516512.232999984,95.82887422337643,63.6237897648686
15930,426.63,8516938.862999985,95.83367471816719,63.64684186260949
14288,426.6,8517365.462999985,95.83847487539414,63.669893960350386
15639,425.32,8517790.782999985,95.84326062989899,63.69294605809128
14157,424.89000000000004,8518215.672999986,95.84804154598939,63.715998155832175
16119,423.36,8518639.032999985,95.85280524632601,63.73905025357307
17525,422.70000000000005,8519061.732999984,95.85756152025904,63.76210235131396
13473,422.64,8519484.372999985,95.86231711906449,63.78515444905486
16689,422.59999999999997,8519906.972999984,95.86707226778486,63.80820654679575
18240,422.58,8520329.552999984,95.8718271914627,63.831258644536646
13140,422.47,8520752.022999985,95.87658087740661,63.85431074227754
16780,422.24,8521174.262999985,95.88133197536139,63.877362840018435
18106,421.9,8521596.162999986,95.88607924759313,63.90041493775933
14757,420.5,8522016.662999986,95.89081076684755,63.923467035500224
15206,420.29999999999995,8522436.962999986,95.89554003567665,63.94651913324112
15889,420.07,8522857.032999987,95.9002667165166,63.96957123098201
14124,419.58000000000004,8523276.612999987,95.90498788381451,63.99262332872291
15361,418.92,8523695.532999987,95.90970162470883,64.0156754264638
18034,418.68,8524114.212999986,95.91441266509275,64.0387275242047
17371,418.4,8524532.612999987,95.91912055488122,64.06177962194559
12593,418.09999999999997,8524950.712999986,95.9238250690317,64.08483171968649
17701,417.95,8525368.662999986,95.92852789536315,64.10788381742739
17232,417.77,8525786.432999985,95.93322869631182,64.13093591516828
13615,417.69,8526204.122999985,95.93792859709036,64.15398801290918
16737,417.59999999999997,8526621.722999984,95.9426274851775,64.17704011065007
12833,417.38,8527039.102999985,95.94732389779679,64.20009220839097
17392,417.27,8527456.372999985,95.95201907268213,64.22314430613186
13166,417.2,8527873.572999984,95.95671345991862,64.24619640387276
16816,417.06,8528290.632999985,95.96140627185738,64.26924850161365
13889,416.90000000000003,8528707.532999985,95.96609728345588,64.29230059935455
17223,416.89,8529124.422999986,95.97078818253311,64.31535269709543
15935,416.86,8529541.282999985,95.97547874404654,64.33840479483634
16957,416.64,8529957.922999986,95.98016683009212,64.36145689257722
13085,416.08000000000004,8530374.002999986,95.98484861494676,64.38450899031812
15803,415.82000000000005,8530789.822999986,95.98952747424848,64.40756108805901
14139,415.82,8531205.642999986,95.99420633355021,64.43061318579991
12930,415.8,8531621.442999987,95.99888496780939,64.4536652835408
12580,415.7,8532037.142999986,96.0035624768559,64.4767173812817
15725,415.25,8532452.392999986,96.00823492244544,64.49976947902259
14333,415.2,8532867.592999985,96.01290680542863,64.52282157676349
18001,415.13,8533282.722999986,96.01757790076297,64.54587367450438
16795,414.88,8533697.602999987,96.02224618306565,64.56892577224528
14998,414.87,8534112.472999986,96.02691435284704,64.59197786998617
12993,414.76,8534527.232999986,96.03158128489451,64.61502996772707
15994,414.27,8534941.502999986,96.03624270339994,64.63808206546796
16239,414.2,8535355.702999985,96.04090333425647,64.66113416320886
17483,414.04,8535769.742999984,96.04556216477275,64.68418626094974
13974,413.59000000000003,8536183.332999984,96.05021593183206,64.70723835869065
16834,413.46,8536596.792999985,96.05486823611488,64.73029045643153
17134,413.2,8537009.992999984,96.0595176148448,64.75334255417243
14620,412.78000000000003,8537422.772999983,96.0641622676815,64.77639465191332
15523,412.01000000000005,8537834.782999983,96.06879825638069,64.79944674965422
16272,411.7,8538246.482999982,96.07343075692062,64.82249884739511
15186,411.41,8538657.892999982,96.07805999434383,64.84555094513601
15099,410.48,8539068.372999983,96.08267876728928,64.8686030428769
15695,409.98,8539478.352999983,96.08729191417137,64.8916551406178
14048,409.93,8539888.282999983,96.09190449844715,64.91470723835869
13827,409.8,8540298.082999984,96.09651561994647,64.93775933609959
14348,409.57,8540707.652999984,96.10112415345667,64.96081143384048
12990,409.5,8541117.152999984,96.10573189931799,64.98386353158138
15225,409.40000000000003,8541526.552999984,96.11033851996665,65.00691562932226
16243,409.1,8541935.652999984,96.1149417649773,65.02996772706317
16018,408.90000000000003,8542344.552999984,96.11954275956263,65.05301982480405
15269,408.8,8542753.352999985,96.1241426289353,65.07607192254495
17913,408.65,8543162.002999986,96.12874081048898,65.09912402028584
16629,408.63,8543570.632999986,96.13333876700013,65.12217611802674
16324,408.59000000000003,8543979.222999986,96.13793627342619,65.14522821576763
17931,408.36,8544387.582999986,96.14253119186313,65.16828031350853
16399,408.02,8544795.602999985,96.14712228457701,65.19133241124942
15127,406.53,8545202.132999985,96.15169661162219,65.21438450899032
16947,406.48,8545608.612999985,96.15627037606103,65.23743660673121
15342,406.09,8546014.702999985,96.16083975217049,65.26048870447211
14616,406.08000000000004,8546420.782999985,96.16540901575868,65.283540802213
12970,405.47,8546826.252999986,96.16997141554963,65.3065928999539
12922,405.38,8547231.632999986,96.17453280264918,65.32964499769479
15012,405.04,8547636.672999986,96.17909036402564,65.35269709543569
15938,404.58,8548041.252999986,96.18364274942387,65.37574919317657
16319,404.40000000000003,8548445.652999986,96.1881931094393,65.39880129091748
16484,404.3,8548849.952999987,96.19274234424208,65.42185338865836
12498,403.70000000000005,8549253.652999986,96.19728482776884,65.44490548639926
17431,403.3,8549656.952999987,96.20182281044495,65.46795758414015
15221,403.25,8550060.202999987,96.20636023051475,65.49100968188105
18036,403.12,8550463.322999986,96.21089618780806,65.51406177962194
15184,402.2,8550865.522999985,96.21542179314486,65.53711387736284
12386,401.9,8551267.422999986,96.21994402284368,65.56016597510373
15158,401.40000000000003,8551668.822999986,96.22446062647917,65.58321807284463
16500,400.86,8552069.682999985,96.22897115396626,65.60627017058552
16198,400.68100000000004,8552470.363999985,96.2334796673227,65.62932226832642
12792,400.53999999999996,8552870.903999984,96.23798659412925,65.6523743660673
17375,400.1,8553271.003999984,96.2424885700001,65.67542646380821
18164,399.65000000000003,8553670.653999984,96.24698548241398,65.6984785615491
13255,399.51,8554070.163999984,96.2514808195301,65.72153065929
18154,399.19,8554469.353999984,96.2559725559657,65.74458275703088
17052,399.09,8554868.443999983,96.26046316718863,65.76763485477179
17830,398.7,8555267.143999983,96.26494939008217,65.79068695251267
15522,397.99,8555665.133999983,96.2694276239658,65.81373905025357
13352,397.97999999999996,8556063.113999983,96.27390574532816,65.83679114799446
12508,397.88,8556460.993999984,96.27838274147787,65.85984324573536
15967,397.68,8556858.673999984,96.28285748720225,65.88289534347625
15429,397.35,8557256.023999983,96.28732851972481,65.90594744121715
17926,397.29,8557653.313999983,96.29179887711979,65.92899953895804
12824,397.12,8558050.433999982,96.29626732165322,65.95205163669894
13594,396.97,8558447.403999982,96.30073407836768,65.97510373443983
17486,396.87,8558844.273999982,96.30519970986946,65.99815583218073
15883,396.48,8559240.753999982,96.30966095304186,66.02120792992162
18067,396.33,8559637.083999982,96.31412050839525,66.04426002766252
16354,395.8,8560032.883999983,96.31857410012154,66.0673121254034
17603,394.72,8560427.603999984,96.32301553955104,66.0903642231443
14619,394.44,8560822.043999983,96.32745382838507,66.1134163208852
16207,394.38,8561216.423999984,96.33189144209152,66.1364684186261
15386,394.14,8561610.563999984,96.33632635528757,66.15952051636698
15264,393.74,8562004.303999985,96.34075676763297,66.18257261410788
15345,393.54,8562397.843999984,96.34518492955301,66.20562471184877
17226,393.49,8562791.333999984,96.34961252886673,66.22867680958967
14600,393.33000000000004,8563184.663999984,96.3540383278402,66.25172890733056
14670,392.86,8563577.523999983,96.35845883831414,66.27478100507146
16010,392.4,8563969.923999984,96.36287417280981,66.29783310281235
15837,391.98,8564361.903999984,96.36728478141231,66.32088520055325
16917,391.52,8564753.423999984,96.37169021403653,66.34393729829414
12982,390.54,8565143.963999983,96.37608461957664,66.36698939603504
18024,389.78,8565533.743999982,96.38047047350051,66.39004149377593
17379,389.71999999999997,8565923.463999983,96.38485565229679,66.41309359151683
14752,389.64,8566313.103999984,96.38923993092293,66.43614568925771
13873,389.6,8566702.703999983,96.39362375946399,66.45919778699862
13345,389.5,8567092.203999983,96.39800646279241,66.4822498847395
16250,389.44,8567481.643999983,96.40238849099322,66.5053019824804
15847,389.27,8567870.913999982,96.40676860633249,66.52835408022129
12690,389.01,8568259.923999982,96.41114579611883,66.55140617796219
15592,388.58,8568648.503999982,96.41551814749074,66.57445827570308
13899,388.52,8569037.023999982,96.41988982373503,66.59751037344398
13856,388.5,8569425.523999982,96.4242612749368,66.62056247118487
17438,388.45000000000005,8569813.97399998,96.42863216353221,66.64361456892577
14538,388.25,8570202.22399998,96.43300080170232,66.66666666666666
17817,387.68,8570589.90399998,96.43736302616023,66.68971876440756
14420,387.52,8570977.42399998,96.44172345027788,66.71277086214845
13673,387.44,8571364.86399998,96.44608297422539,66.73582295988935
17508,387.31,8571752.17399998,96.45044103539645,66.75887505763023
17595,386.69,8572138.86399998,96.45479212024898,66.78192715537114
14114,386.53,8572525.393999979,96.45914140476124,66.80497925311202
15664,386.43,8572911.823999979,96.46348956406085,66.82803135085292
17614,386.32,8573298.143999979,96.46783648562652,66.85108344859381
14779,386.15,8573684.29399998,96.47218149433068,66.87413554633471
13821,385.64,8574069.93399998,96.47652076445024,66.8971876440756
17711,385.1,8574455.03399998,96.4808539584214,66.9202397418165
13919,384.81,8574839.84399998,96.48518388927585,66.94329183955739
17357,384.39,8575224.23399998,96.4895090942371,66.96634393729829
16204,384.18,8575608.41399998,96.49383193625177,66.98939603503918
17205,384.08,8575992.49399998,96.49815365305375,67.01244813278008
16982,384.06,8576376.55399998,96.50247514481322,67.03550023052097
12733,383.95,8576760.50399998,96.50679539883875,67.05855232826187
13833,383.85,8577144.35399998,96.5111145276516,67.08160442600276
17189,383.75,8577528.10399998,96.51543253125179,67.10465652374366
12515,383.7,8577911.803999979,96.51974997224565,67.12770862148454
15440,383.68,8578295.483999979,96.52406718819698,67.15076071922545
14304,383.45,8578678.933999978,96.52838181615917,67.17381281696633
15424,383.34,8579062.273999978,96.53269520638744,67.19686491470725
12832,383.03,8579445.303999977,96.53700510845646,67.21991701244814
13817,382.98,8579828.283999978,96.54131444791913,67.24296911018904
17239,382.5,8580210.783999978,96.54561838636103,67.26602120792992
13657,382.14,8580592.923999978,96.54991827403732,67.28907330567083
17250,381.97,8580974.893999979,96.55421624885211,67.31212540341171
15090,381.32,8581356.21399998,96.55850690978455,67.33517750115261
16441,381.2,8581737.413999978,96.5627962204618,67.3582295988935
15048,381.0,8582118.413999978,96.56708328071373,67.3812816966344
12871,380.64,8582499.053999979,96.57136629020006,67.40433379437529
17573,380.6,8582879.653999979,96.57564884960132,67.42738589211619
17138,380.5,8583260.153999979,96.57993028378993,67.45043798985708
17999,380.39,8583640.54399998,96.58421048024461,67.47349008759798
17031,380.35,8584020.893999979,96.5884902266142,67.49654218533887
17936,380.13,8584401.02399998,96.59276749751595,67.51959428307977
14731,380.02,8584781.04399998,96.59704353068376,67.54264638082066
16552,379.73,8585160.77399998,96.60131630073484,67.56569847856156
13656,379.65,8585540.42399998,96.6055881706158,67.58875057630244
13589,379.65,8585920.07399998,96.60986004049676,67.61180267404335
17878,379.45,8586299.52399998,96.61412965995237,67.63485477178423
15885,379.35,8586678.87399998,96.61839815419532,67.65790686952514
16909,379.14,8587058.01399998,96.6226642854917,67.68095896726602
16930,378.89,8587436.90399998,96.6269276037564,67.70401106500692
13372,378.64,8587815.543999981,96.63118810898943,67.72706316274781
17078,378.2,8588193.74399998,96.63544366328675,67.75011526048871
17736,377.44,8588571.18399998,96.6396906659678,67.7731673582296
12890,376.71999999999997,8588947.90399998,96.6439295671177,67.7962194559705
17489,376.64,8589324.543999981,96.64816756809745,67.81927155371139
13936,376.58,8589701.123999981,96.6524048939496,67.84232365145229
16858,375.69000000000005,8590076.81399998,96.65663220540904,67.86537574919318
14448,375.35,8590452.16399998,96.6608556911454,67.88842784693408
14079,375.1,8590827.26399998,96.6650763638501,67.91147994467497
16147,375.0,8591202.26399998,96.66929591134216,67.93453204241587
14067,374.7,8591576.96399998,96.67351208319621,67.95758414015675
17492,374.57,8591951.53399998,96.6777267922738,67.98063623789766
12873,374.0,8592325.53399998,96.6819350876392,68.00368833563854
13351,373.94,8592699.473999979,96.68614270787701,68.02674043337944
16321,373.65000000000003,8593073.12399998,96.6903470649981,68.04979253112033
12895,372.8,8593445.92399998,96.69454185781152,68.07284462886123
12544,372.7,8593818.62399998,96.69873552541229,68.09589672660212
12981,372.21999999999997,8594190.84399998,96.70292379199226,68.11894882434302
13300,371.89,8594562.73399998,96.70710834537046,68.14200092208391
18155,371.62,8594934.35399998,96.71128986067443,68.16505301982481
15472,371.56,8595305.91399998,96.71547070085083,68.1881051175657
16776,371.54,8595677.45399998,96.71965131598468,68.2111572153066
14950,371.2,8596048.653999979,96.72382810539546,68.23420931304749
15975,371.01,8596419.663999978,96.7280027569022,68.25726141078839
15063,370.79999999999995,8596790.46399998,96.73217504546234,68.28031350852928
15922,369.5,8597159.96399998,96.73633270625784,68.30336560627018
16758,369.34000000000003,8597529.303999979,96.74048856671308,68.32641770401106
14888,369.2,8597898.503999978,96.74464285187058,68.34946980175197
17765,367.63,8598266.13399998,96.74877947118927,68.37252189949285
16065,367.14,8598633.27399998,96.75291057696587,68.39557399723375
18181,366.85,8599000.12399998,96.75703841962576,68.41862609497464
17911,366.23,8599366.35399998,96.76115928596714,68.44167819271554
17432,365.76,8599732.11399998,96.76527486380898,68.46473029045643
16499,365.45,8600097.563999979,96.76938695349156,68.48778238819733
16202,365.27,8600462.833999978,96.77349701779134,68.51083448593822
14886,364.8,8600827.63399998,96.77760179359161,68.53388658367912
15949,364.72,8601192.35399998,96.78170566922176,68.55693868142001
12373,364.6,8601556.95399998,96.78580819459668,68.57999077916091
15343,364.5,8601921.45399998,96.78990959475897,68.6030428769018
14528,364.21999999999997,8602285.67399998,96.79400784432578,68.6260949746427
12538,363.95,8602649.62399998,96.7981030558184,68.64914707238358
17330,363.9,8603013.52399998,96.80219770470468,68.67219917012449
14171,363.79,8603377.313999979,96.80629111585702,68.69525126786537
16509,363.7,8603741.013999978,96.81038351431798,68.71830336560627
16485,363.65,8604104.663999978,96.8144753501726,68.74135546334716
12915,363.65,8604468.313999979,96.81856718602722,68.76440756108806
18056,363.65,8604831.96399998,96.82265902188186,68.78745965882895
14932,363.53,8605195.493999979,96.82674950748128,68.81051175656985
14427,363.34000000000003,8605558.833999978,96.83083785517664,68.83356385431074
14594,363.33,8605922.163999978,96.83492609035073,68.85661595205164
16903,363.2,8606285.363999978,96.83901286274836,68.87966804979253
16378,362.95,8606648.313999977,96.84309682211433,68.90272014753343
16052,362.06,8607010.373999977,96.84717076708759,68.92577224527432
15025,361.96,8607372.333999978,96.85124358684818,68.94882434301522
13844,361.62,8607733.953999978,96.85531258088572,68.9718764407561
16769,361.54,8608095.493999977,96.8593806747531,68.994928538497
16305,361.21999999999997,8608456.713999977,96.86344516793999,69.0179806362379
13291,361.11,8608817.823999977,96.86750842339293,69.0410327339788
17358,360.81,8609178.633999977,96.8715683032079,69.06408483171968
16595,360.16,8609538.793999977,96.87562086914052,69.08713692946058
13780,360.01,8609898.803999977,96.87967174725415,69.11018902720147
13298,360.0,8610258.803999977,96.88372251284652,69.13324112494237
15120,358.82,8610617.623999977,96.88776000092945,69.15629322268326
17948,358.56000000000006,8610976.183999978,96.89179456345946,69.17934532042416
16823,358.38,8611334.563999979,96.89582710060665,69.20239741816505
13228,358.0,8611692.563999979,96.89985536194574,69.22544951590595
13976,357.98,8612050.54399998,96.90388339824229,69.24850161364684
17025,357.77,8612408.313999979,96.90790907159223,69.27155371138774
16971,357.21,8612765.52399998,96.91192844375126,69.29460580912863
18040,357.20000000000005,8613122.723999979,96.91594770338902,69.31765790686953
13453,356.97999999999996,8613479.70399998,96.91996448755891,69.34071000461041
14500,356.85,8613836.553999979,96.92397980895235,69.36376210235132
15713,356.7,8614193.253999978,96.92799344252678,69.3868142000922
15247,356.0,8614549.253999978,96.93199919961258,69.4098662978331
16372,355.73,8614904.983999979,96.93600191862417,69.43291839557399
15840,355.56,8615260.54399998,96.94000272477423,69.4559704933149
14537,355.56,8615616.10399998,96.9440035309243,69.47902259105578
17742,355.11,8615971.21399998,96.94799927361737,69.50207468879668
14690,355.05,8616326.26399998,96.95199434118284,69.52512678653757
12888,354.12,8616680.38399998,96.95597894427053,69.54817888427847
12845,354.09,8617034.473999979,96.95996320979442,69.57123098201936
13173,353.65,8617388.12399998,96.9639425243826,69.59428307976026
13210,353.48,8617741.60399998,96.96791992610923,69.61733517750115
13343,353.43,8618095.03399998,96.97189676522954,69.64038727524205
14804,353.27,8618448.303999979,96.97587180400959,69.66343937298294
12617,352.98,8618801.28399998,96.9798435796729,69.68649147072384
15678,352.7,8619153.983999979,96.98381220474074,69.70954356846472
18112,352.69,8619506.673999978,96.98778071728734,69.73259566620563
16274,351.75,8619858.423999978,96.99173865283488,69.75564776394651
15901,351.73,8620210.153999979,96.99569636333989,69.77869986168741
12566,351.65,8620561.803999979,96.99965317367477,69.8017519594283
15870,351.44,8620913.243999979,97.00360762106305,69.8248040571692
15789,351.3,8621264.54399998,97.0075604931536,69.84785615491009
13923,351.13,8621615.67399998,97.01151145238265,69.87090825265099
13332,350.9,8621966.57399998,97.01545982362254,69.89396035039188
15334,350.82,8622317.39399998,97.0194072946923,69.91701244813278
13740,350.75,8622668.14399998,97.0233539781132,69.94006454587367
13108,350.06,8623018.203999981,97.02729289756672,69.96311664361457
12532,349.83000000000004,8623368.033999981,97.0312292290311,69.98616874135546
13670,349.7,8623717.73399998,97.03516409771902,70.00922083909636
13887,349.55,8624067.283999981,97.03909727858795,70.03227293683724
18250,349.27,8624416.55399998,97.04302730886141,70.05532503457815
15405,349.1,8624765.65399998,97.04695542627333,70.07837713231903
13927,348.99,8625114.64399998,97.05088230595133,70.10142923005994
17252,348.91,8625463.55399998,97.0548082854592,70.12448132780082
13790,348.8,8625812.353999982,97.05873302723316,70.14753342554172
12527,348.71000000000004,8626161.063999983,97.0626567563157,70.17058552328261
16159,348.2,8626509.263999982,97.06657474681364,70.19363762102351
13052,348.15000000000003,8626857.413999982,97.07049217470527,70.2166897187644
14379,348.1,8627205.513999982,97.07440903999056,70.2397418165053
13497,348.05,8627553.563999983,97.07832534266952,70.26279391424619
17668,347.75,8627901.313999983,97.08223826971047,70.28584601198709
18127,347.08,8628248.393999983,97.08614365782658,70.30889810972798
13062,346.98,8628595.373999983,97.09004792073004,70.33195020746888
13649,346.6,8628941.973999983,97.09394790782535,70.35500230520978
16423,346.12,8629288.093999982,97.09784249389986,70.37805440295067
13091,345.82,8629633.913999982,97.10173370433641,70.40110650069157
15781,345.46,8629979.373999983,97.10562086400736,70.42415859843246
17123,345.29999999999995,8630324.673999984,97.10950622333804,70.44721069617336
13774,345.0,8630669.673999984,97.11338820703074,70.47026279391424
14633,344.90000000000003,8631014.573999984,97.11726906551075,70.49331489165515
16978,344.33,8631358.903999984,97.1211435102786,70.51636698939603
17569,344.14,8631703.043999985,97.12501581714237,70.53941908713693
13068,344.0,8632047.043999985,97.12888654870841,70.56247118487782
15047,343.62,8632390.663999984,97.13275300446632,70.58552328261872
15520,343.5,8632734.163999984,97.13661810996904,70.60857538035961
18081,343.45,8633077.613999983,97.14048265286542,70.63162747810051
12715,343.36,8633420.973999983,97.1443461830704,70.6546795758414
12875,343.2300000000001,8633764.203999983,97.14820825049893,70.6777316735823
17795,342.83,8634107.033999983,97.15206581707679,70.70078377132319
16851,342.45,8634449.483999982,97.15591910784653,70.72383586906409
17835,342.24,8634791.723999983,97.15977003566967,70.74688796680498
16826,341.7,8635133.423999982,97.16361488734442,70.76994006454588
13347,341.36,8635474.783999981,97.1674559132961,70.79299216228677
14491,340.93,8635815.713999981,97.17129210083334,70.81604426002767
15115,340.11,8636155.82399998,97.17511906162673,70.83909635776855
13737,339.59999999999997,8636495.42399998,97.17894028383552,70.86214845550946
17045,339.44,8636834.86399998,97.18275970570404,70.88520055325034
16545,339.3,8637174.16399998,97.18657755227487,70.90825265099124
17697,338.95,8637513.11399998,97.19039146060133,70.93130474873213
16183,338.71000000000004,8637851.82399998,97.19420266841743,70.95435684647303
13569,338.62,8638190.44399998,97.1980128635421,70.97740894421392
15652,337.74,8638528.18399998,97.20181315679535,71.00046104195482
15942,337.44,8638865.62399998,97.20561007441059,71.02351313969571
13930,337.34,8639202.96399998,97.20940586681317,71.04656523743661
15900,337.28,8639540.243999979,97.21320098408815,71.0696173351775
17973,337.04,8639877.283999978,97.21699340085273,71.0926694329184
16105,336.96,8640214.243999979,97.22078491744719,71.11572153065929
15619,336.40000000000003,8640550.643999979,97.22457013285073,71.13877362840019
17384,336.4,8640887.04399998,97.22835534825427,71.16182572614107
18078,336.13,8641223.17399998,97.23213752558362,71.18487782388198
18276,335.86,8641559.03399998,97.23591666483877,71.20792992162286
14196,335.52,8641894.553999979,97.23969197837083,71.23098201936376
16063,335.32,8642229.87399998,97.2434650414776,71.25403411710465
17917,335.03,8642564.903999979,97.24723484146762,71.27708621484555
12489,334.93,8642899.833999978,97.25100351624498,71.30013831258644
14988,334.54,8643234.373999977,97.25476780269295,71.32319041032734
15466,334.53,8643568.903999977,97.25853197661965,71.34624250806823
17221,334.48,8643903.383999977,97.26229558794003,71.36929460580913
12350,334.4,8644237.783999978,97.26605829909028,71.39234670355002
15918,334.23,8644572.013999978,97.269819097379,71.41539880129092
14264,333.97,8644905.983999979,97.27357697011479,71.4384508990318
13216,333.74,8645239.723999979,97.27733225486145,71.46150299677271
13727,333.48,8645573.20399998,97.28108461405519,71.4845550945136
16625,333.08,8645906.28399998,97.28483247239826,71.5076071922545
14902,332.66,8646238.94399998,97.28857560484813,71.53065928999538
13904,332.64,8646571.58399998,97.29231851225549,71.55371138773629
16850,332.41,8646903.99399998,97.29605883167372,71.57676348547717
16803,332.3,8647236.293999981,97.299797913358,71.59981558321807
16177,331.95,8647568.24399998,97.30353305679796,71.62286768095896
16030,331.24,8647899.48399998,97.30726021122803,71.64591977869986
15210,331.18,8648230.66399998,97.31098669053046,71.66897187644075
12891,331.0,8648561.66399998,97.3147111444501,71.69202397418165
16478,331.0,8648892.66399998,97.31843559836976,71.71507607192254
17862,330.9,8649223.56399998,97.32215892707674,71.73812816966344
12519,330.84,8649554.40399998,97.32588158065613,71.76118026740433
13706,330.79,8649885.19399998,97.32960367162917,71.78423236514523
14517,330.45,8650215.643999979,97.33332193687916,71.80728446288612
15130,330.11,8650545.753999978,97.33703637640609,71.83033656062702
15714,330.03000000000003,8650875.783999978,97.34074991576288,71.8533886583679
16593,330.03,8651205.813999977,97.34446345511968,71.8764407561088
12953,329.85,8651535.663999977,97.34817496909368,71.8994928538497
17866,329.65,8651865.313999977,97.35188423264236,71.9225449515906
17615,329.6,8652194.913999977,97.3555929335847,71.94559704933148
13239,329.56,8652524.473999977,97.35930118444199,71.96864914707238
17914,329.36,8652853.833999977,97.36300718487392,71.99170124481327
17154,329.34,8653183.173999976,97.36671296026334,72.01475334255417
15153,329.25,8653512.423999976,97.37041772296136,72.03780544029506
15880,329.03000000000003,8653841.453999976,97.37412001019152,72.06085753803596
14012,328.8,8654170.253999976,97.37781970943256,72.08390963577685
17222,328.65,8654498.903999977,97.38151772085459,72.10696173351775
16343,328.58,8654827.483999977,97.38521494462776,72.13001383125864
16855,328.4,8655155.883999977,97.38891014301814,72.15306592899954
15213,328.35,8655484.233999977,97.39260477880217,72.17611802674043
14747,328.2,8655812.433999976,97.3962977267672,72.19917012448133
14206,328.15999999999997,8656140.593999976,97.39999022464718,72.22222222222221
16318,328.15,8656468.743999977,97.40368261000589,72.24527431996312
15314,327.97,8656796.713999977,97.40737296998182,72.268326417704
14024,327.7,8657124.413999977,97.41106029188353,72.2913785154449
15579,327.6,8657452.013999976,97.41474648857258,72.31443061318579
16366,327.3,8657779.313999977,97.41842930962365,72.3374827109267
14870,327.25,8658106.563999977,97.42211156806839,72.36053480866758
16322,326.75,8658433.313999977,97.42578820044979,72.38358690640848
14987,326.4,8658759.713999977,97.42946089458687,72.40663900414937
17715,326.4,8659086.113999978,97.43313358872395,72.42969110189027
16071,326.24,8659412.353999978,97.43680448252077,72.45274319963116
15363,326.0,8659738.353999978,97.4404726758072,72.47579529737206
12844,325.96000000000004,8660064.313999979,97.44414041900856,72.49884739511295
16830,325.91,8660390.223999979,97.44780759960359,72.52189949285385
14850,325.75,8660715.973999979,97.45147297985835,72.54495159059474
15944,325.1,8661041.073999979,97.45513104623078,72.56800368833564
12790,324.92,8661365.993999979,97.45878708722043,72.59105578607652
13801,324.8,8661690.79399998,97.46244177795488,72.61410788381743
15597,324.57,8662015.36399998,97.4660938807002,72.63715998155831
16685,324.24,8662339.60399998,97.46974227024373,72.66021207929921
18261,324.24,8662663.84399998,97.47339065978726,72.6832641770401
15675,323.69,8662987.53399998,97.47703286066113,72.706316274781
15921,323.03000000000003,8663310.563999979,97.4806676351314,72.72936837252189
16739,323.0,8663633.563999979,97.48430207203789,72.75242047026279
13955,322.96,8663956.52399998,97.48793605885932,72.77547256800368
16627,322.8,8664279.32399998,97.49156824534049,72.79852466574458
16342,322.41,8664601.73399998,97.49519604349224,72.82157676348547
15224,322.08,8664923.81399998,97.49882012844222,72.84462886122637
14424,322.08,8665245.89399998,97.5024442133922,72.86768095896726
14484,321.92,8665567.81399998,97.5060664980019,72.89073305670816
17976,321.79,8665889.60399998,97.50968731983514,72.91378515444904
14823,321.43,8666211.03399998,97.51330409090279,72.93683725218995
15236,321.05,8666532.08399998,97.51691658616231,72.95988934993083
16096,320.62,8666852.70399998,97.52052424300737,72.98294144767173
14622,320.58000000000004,8667173.28399998,97.52413144976738,73.00599354541262
13986,320.46,8667493.74399998,97.5277373062722,73.02904564315352
15107,319.5,8667813.24399998,97.53133236073542,73.05209774089441
16967,319.02,8668132.26399998,97.53492201417787,73.07514983863531
17157,319.0,8668451.26399998,97.53851144257777,73.0982019363762
17229,318.76,8668770.02399998,97.54209817046727,73.1212540341171
17248,318.65,8669088.67399998,97.54568366062286,73.14430613185799
14703,318.17,8669406.84399998,97.54926374975764,73.16735822959889
17839,318.15,8669724.99399998,97.55284361384989,73.19041032733978
12648,318.05,8670043.043999981,97.5564223527295,73.21346242508068
18066,318.0,8670361.043999981,97.56000052900275,73.23651452282157
17172,317.76,8670678.80399998,97.56357600476562,73.25956662056247
15101,317.53,8670996.33399998,97.56714889253935,73.28261871830335
17267,317.2,8671313.53399998,97.57071806711127,73.30567081604426
15257,317.15,8671630.68399998,97.57428667907689,73.32872291378514
15385,316.88,8671947.56399998,97.57785225296831,73.35177501152604
15243,316.68,8672264.24399998,97.5814155764344,73.37482710926693
16761,316.62,8672580.86399998,97.58497822477288,73.39787920700783
15204,316.58,8672897.44399998,97.58854042302629,73.42093130474872
17458,316.5,8673213.94399998,97.59210172110959,73.44398340248964
13494,316.26000000000005,8673530.20399998,97.59566031868248,73.46703550023052
15872,316.25,8673846.45399998,97.59921880373412,73.49008759797142
14479,316.25,8674162.70399998,97.60277728878573,73.51313969571231
16473,316.11,8674478.813999979,97.60633419853963,73.53619179345321
18117,315.65,8674794.46399998,97.60988593231528,73.5592438911941
12614,315.6,8675110.063999979,97.61343710348459,73.582295988935
15766,315.06,8675425.12399998,97.61698219850551,73.60534808667589
16091,315.06,8675740.18399998,97.62052729352644,73.62840018441679
17237,314.69,8676054.87399998,97.62406822526049,73.65145228215768
16193,314.45,8676369.323999979,97.62760645648414,73.67450437989858
12650,314.44,8676683.763999978,97.63114457518654,73.69755647763947
16227,314.22,8676997.983999979,97.63468021842108,73.72060857538037
15970,314.1,8677312.083999978,97.63821451140042,73.74366067312125
13484,313.8,8677625.88399998,97.64174542874177,73.76671277086216
16582,313.62,8677939.503999978,97.64527432070032,73.78976486860304
14729,313.49,8678252.993999979,97.64880174988241,73.81281696634395
13845,312.98,8678565.973999979,97.65232344047992,73.83586906408483
15318,312.62,8678878.593999978,97.65584108031182,73.85892116182573
14555,312.54,8679191.133999977,97.65935781997358,73.88197325956662
12834,312.38,8679503.513999978,97.6628727592951,73.90502535730752
13642,312.28,8679815.793999977,97.66638657340393,73.92807745504841
17362,312.23,8680128.023999978,97.66989982490645,73.95112955278931
12785,311.95,8680439.973999977,97.67340992581349,73.9741816505302
16450,311.92,8680751.893999977,97.67691968915675,73.9972337482711
14142,311.81,8681063.703999978,97.68042821476608,74.02028584601199
15326,311.71,8681375.413999978,97.68393561516274,74.04333794375289
14951,311.69,8681687.103999978,97.68744279051687,74.06639004149378
14327,311.65,8681998.753999978,97.69094951578593,74.08944213923468
12852,311.55,8682310.303999979,97.69445511584235,74.11249423697556
13990,311.3,8682621.60399998,97.69795790286707,74.13554633471647
17854,311.26,8682932.86399998,97.70146023980674,74.15859843245735
16781,311.25,8683244.11399998,97.70496246422515,74.18165053019825
13897,311.16,8683555.27399998,97.70846367595215,74.20470262793914
15185,310.62,8683865.893999979,97.71195881153075,74.22775472568004
15308,310.47,8684176.36399998,97.71545225929039,74.25080682342093
14311,310.26,8684486.62399998,97.7189433441034,74.27385892116183
17912,310.06,8684796.68399998,97.72243217849109,74.29691101890272
14924,310.05,8685106.73399998,97.72592090035754,74.31996311664362
15661,309.8,8685416.533999981,97.72940680919231,74.34301521438451
15699,309.65,8685726.183999982,97.73289103020808,74.36606731212541
16810,309.54,8686035.72399998,97.73637401348991,74.3891194098663
14339,309.52,8686345.24399998,97.73985677172921,74.4121715076072
14847,309.4,8686654.64399998,97.74333817971332,74.43522360534809
17604,309.36,8686964.00399998,97.74681913761235,74.45827570308899
12884,309.05,8687273.05399998,97.75029660735214,74.48132780082987
13787,309.04,8687582.09399998,97.75377396457064,74.50437989857078
15010,308.94,8687891.03399998,97.75725019657649,74.52743199631166
16956,308.74,8688199.77399998,97.760724178157,74.55048409405256
13699,308.58000000000004,8688508.35399998,97.76419635939727,74.57353619179345
17510,308.48,8688816.83399998,97.76766741542488,74.59658828953435
13369,308.28000000000003,8689125.11399998,97.77113622102712,74.61964038727524
13466,307.9,8689433.01399998,97.77460075082128,74.64269248501614
15973,307.82000000000005,8689740.83399998,97.77806438044529,74.66574458275703
16123,307.78,8690048.61399998,97.78152755998421,74.68879668049793
13529,307.76,8690356.37399998,97.78499051448063,74.71184877823882
13395,307.72,8690664.09399998,97.78845301889197,74.73490087597972
13060,307.53,8690971.62399998,97.79191338539924,74.7579529737206
14716,307.51,8691279.13399998,97.795373526864,74.78100507146151
14915,307.48,8691586.61399998,97.79883333076495,74.8040571692024
17120,307.46,8691894.07399998,97.80229290962336,74.8271092669433
13932,307.4,8692201.47399998,97.80575181335419,74.85016136468418
13142,307.09,8692508.56399998,97.80920722892574,74.87321346242508
17334,307.02,8692815.58399998,97.81266185684842,74.89626556016597
15087,306.94,8693122.52399998,97.81611558460098,74.91931765790687
13762,306.72,8693429.24399998,97.81956683688568,74.94236975564776
16668,306.71999999999997,8693735.963999981,97.82301808917039,74.96542185338866
13718,306.55,8694042.513999982,97.82646742859356,74.98847395112955
18059,306.46,8694348.973999983,97.82991575532535,75.01152604887045
15659,306.45,8694655.423999982,97.83336396953584,75.03457814661134
17176,306.13,8694961.553999983,97.83680858306583,75.05763024435224
13863,305.78,8695267.333999982,97.84024925835148,75.08068234209313
15219,305.75,8695573.083999982,97.84368959607332,75.10373443983403
16796,305.62,8695878.703999981,97.84712847101869,75.12678653757492
16181,305.54,8696184.24399998,97.85056644579394,75.14983863531582
13045,305.28000000000003,8696489.52399998,97.85400149501626,75.1728907330567
18220,305.28000000000003,8696794.803999979,97.85743654423858,75.1959428307976
12623,305.1,8697099.903999979,97.86086956807812,75.21899492853849
17941,304.56,8697404.46399998,97.86429651576927,75.2420470262794
15163,304.47,8697708.93399998,97.86772245076901,75.26509912402028
18185,304.25,8698013.18399998,97.8711459103009,75.28815122176118
16217,304.25,8698317.43399998,97.87456936983277,75.31120331950207
17070,304.24,8698621.67399998,97.8779927168434,75.33425541724297
16674,304.24,8698925.91399998,97.88141606385402,75.35730751498386
17732,303.97,8699229.883999981,97.88483637279045,75.38035961272476
16400,303.93,8699533.81399998,97.8882562316418,75.40341171046565
13083,303.75,8699837.56399998,97.89167406511035,75.42646380820655
17433,303.15999999999997,8700140.72399998,97.8950852598242,75.44951590594744
16425,302.7,8700443.42399998,97.89849127855977,75.47256800368834
14248,302.58,8700746.00399998,97.90189594704016,75.49562010142922
16386,302.57,8701048.57399998,97.90530050299928,75.51867219917013
18165,302.46000000000004,8701351.033999981,97.90870382122449,75.54172429691101
16292,302.25,8701653.283999981,97.91210477650307,75.56477639465191
17506,302.2,8701955.48399998,97.91550516917533,75.5878284923928
15054,302.1,8702257.58399998,97.91890443663492,75.6108805901337
17094,302.0,8702559.58399998,97.92230257888185,75.63393268787459
16297,301.9,8702861.48399998,97.92569959591611,75.65698478561549
16715,301.71999999999997,8703163.203999981,97.9290945875676,75.68003688335638
15667,301.32,8703464.523999982,97.93248507836842,75.70308898109728
15148,301.29,8703765.81399998,97.93587523160542,75.72614107883817
15623,301.03,8704066.84399998,97.9392624592895,75.74919317657907
13479,300.95,8704367.79399998,97.94264878680343,75.77224527431996
17978,300.91999999999996,8704668.71399998,97.94603477675359,75.79529737206086
16430,300.85,8704969.563999979,97.94941997905488,75.81834946980175
16479,300.83,8705270.393999979,97.95280495631363,75.84140156754265
14762,300.52,8705570.913999978,97.95618644541312,75.86445366528353
13304,300.42,8705871.333999978,97.95956680929994,75.88750576302444
15254,300.36,8706171.693999978,97.96294649805918,75.91055786076532
17793,300.34,8706472.033999978,97.96632596177587,75.93360995850622
13745,300.04,8706772.073999977,97.96970204985456,75.95666205624711
18053,300.02,8707072.093999976,97.97307791289074,75.97971415398801
18215,299.34000000000003,8707371.433999976,97.97644612448079,76.0027662517289
13667,299.05,8707670.483999977,97.97981107295412,76.0258183494698
15609,298.48,8707968.963999977,97.98316960771527,76.04887044721069
17824,298.4,8708267.363999978,97.98652724230628,76.07192254495159
16104,298.21,8708565.573999979,97.98988273899323,76.09497464269248
17678,298.11,8708863.683999978,97.9932371104675,76.11802674043338
12881,298.0,8709161.683999978,97.99659024420787,76.14107883817427
15857,297.0,8709458.683999978,97.99993212582156,76.16413093591517
17531,296.7,8709755.383999977,98.00327063179725,76.18718303365605
13441,296.64,8710052.023999978,98.00660846264537,76.21023513139696
17266,296.58,8710348.603999978,98.00994561836589,76.23328722913784
13751,296.25,8710644.853999978,98.0132790608846,76.25633932687875
13504,295.93,8710940.783999978,98.01660890272281,76.27939142461963
16998,295.0,8711235.783999978,98.0199282800832,76.30244352236053
14954,294.85,8711530.633999977,98.02324596962463,76.32549562010142
15060,294.25,8711824.883999977,98.02655690789005,76.34854771784232
17124,294.24,8712119.123999977,98.02986773363422,76.37159981558321
15732,294.12,8712413.243999977,98.03317720912317,76.39465191332411
16402,293.45,8712706.693999976,98.03647914568727,76.417704011065
17163,293.1,8712999.793999976,98.03977714400706,76.4407561088059
12829,293.0,8713292.793999976,98.04307401711418,76.46380820654679
16721,292.47,8713585.263999976,98.0463649265942,76.48686030428769
14985,292.01,8713877.273999976,98.04965066009592,76.50991240202858
13502,292.0,8714169.273999976,98.0529362810764,76.53296449976948
13449,291.88,8714461.153999977,98.05622055180169,76.55601659751036
17255,291.48,8714752.633999977,98.05950032167632,76.57906869525128
14656,291.05,8715043.683999978,98.06277525313648,76.60212079299217
14947,290.82,8715334.503999978,98.06604759660752,76.62517289073307
16648,290.65999999999997,8715625.163999978,98.0693181397383,76.64822498847396
15279,290.51,8715915.673999978,98.07258699505007,76.67127708621486
17691,290.40000000000003,8716206.073999979,98.07585461262791,76.69432918395574
16526,290.36,8716496.433999978,98.07912178012069,76.71738128169665
17551,290.34,8716786.773999978,98.08238872257094,76.74043337943753
13573,290.25,8717077.023999978,98.08565465232978,76.76348547717843
14784,289.99,8717367.013999978,98.0889176565357,76.78653757491932
17464,289.96000000000004,8717656.973999979,98.09218032317783,76.80958967266022
17201,289.78,8717946.753999978,98.09544096443715,76.83264177040111
16897,289.78,8718236.533999978,98.09870160569646,76.85569386814201
14162,289.36,8718525.893999977,98.10195752106259,76.8787459658829
16125,289.35,8718815.243999977,98.10521332390745,76.9017980636238
14549,289.24,8719104.483999977,98.10846788901839,76.92485016136469
15545,288.96999999999997,8719393.453999978,98.11171941605514,76.94790225910559
17081,288.91,8719682.363999978,98.11497026796428,76.97095435684648
17501,288.6,8719970.963999977,98.11821763171416,76.99400645458738
16808,288.42,8720259.383999977,98.12146297008123,77.01705855232827
15396,288.18,8720547.563999977,98.12470560793793,77.04011065006917
17977,288.14,8720835.703999978,98.12794779570956,77.06316274781005
17080,287.62,8721123.323999977,98.13118413237531,77.08621484555096
17760,287.59,8721410.913999977,98.13442013147728,77.10926694329184
16432,287.4,8721698.313999977,98.13765399267518,77.13231904103274
13760,286.79,8721985.103999976,98.14088099007583,77.15537113877363
16555,285.89,8722270.993999977,98.14409786056252,77.17842323651453
14660,285.74,8722556.733999977,98.14731304323018,77.20147533425542
14953,285.67,8722842.403999977,98.150527438249,77.22452743199632
17636,285.56,8723127.963999977,98.15374059553389,77.24757952973721
13708,285.33,8723413.293999977,98.15695116482964,77.27063162747811
16429,284.55,8723697.843999978,98.16015295746662,77.293683725219
18190,284.46000000000004,8723982.303999979,98.1633537374122,77.3167358229599
13121,283.73,8724266.03399998,98.16654630330531,77.33978792070079
13439,283.71,8724549.74399998,98.16973864415591,77.36284001844169
12703,283.55,8724833.293999981,98.17292918466624,77.38589211618257
17783,283.47,8725116.763999982,98.17611882500644,77.40894421392348
13259,283.18,8725399.943999982,98.1793052022299,77.43199631166436
18270,283.15,8725683.093999982,98.18249124188957,77.45504840940526
17694,283.12,8725966.213999981,98.18567694398543,77.47810050714615
14350,282.93,8726249.14399998,98.18886050817723,77.50115260488705
13754,282.59999999999997,8726531.74399998,98.19204035916722,77.52420470262794
13177,282.45,8726814.19399998,98.19521852233822,77.54725680036884
16557,281.85,8727096.04399998,98.19838993423325,77.57030889810973
16848,281.42,8727377.46399998,98.20155650771382,77.59336099585063
14242,280.55,8727658.01399998,98.2047132918442,77.61641309359152
16149,280.52,8727938.53399998,98.20786973841079,77.63946519133242
17247,280.09000000000003,8728218.62399998,98.21102134656292,77.6625172890733
14975,279.94,8728498.563999979,98.21417126689605,77.68556938681421
15556,279.77,8728778.333999978,98.21731927436764,77.7086214845551
14480,279.05,8729057.38399998,98.22045918030807,77.731673582296
14764,278.3,8729335.68399998,98.2235906471535,77.75472568003688
14908,277.8,8729613.48399998,98.22671648793563,77.77777777777779
13803,277.07,8729890.55399998,98.2298341146653,77.80082987551867
15355,277.05,8730167.603999982,98.23295151635241,77.82388197325957
13606,276.75,8730444.353999982,98.23606554240155,77.84693407100046
13272,276.56,8730720.913999982,98.23917743054663,77.86998616874136
13544,276.06,8730996.973999983,98.24228369262839,77.89303826648225
12750,275.88,8731272.853999984,98.24538792932735,77.91609036422315
14512,275.28,8731548.133999983,98.24848541475029,77.93914246196404
16313,274.15000000000003,8731822.283999983,98.25157018527017,77.96219455970494
16883,272.48,8732094.763999984,98.25463616473851,77.98524665744583
17498,272.22,8732366.983999984,98.25769921865395,78.00829875518673
14819,272.07,8732639.053999985,98.2607605847504,78.03135085292762
13917,272.04,8732911.093999984,98.26382161328301,78.05440295066852
14816,271.85,8733182.943999983,98.26688050391158,78.0774550484094
13058,271.40000000000003,8733454.343999984,98.26993433108316,78.1005071461503
17767,271.2,8733725.543999983,98.27298590782941,78.1235592438912
17254,271.19,8733996.733999982,98.27603737205438,78.1466113416321
17496,271.05,8734267.783999983,98.27908726098164,78.16966343937298
18108,271.0,8734538.783999983,98.28213658730257,78.19271553711388
17011,270.9,8734809.683999984,98.28518478841083,78.21576763485477
15774,270.8,8735080.483999984,98.28823186430643,78.23881973259567
14520,270.6,8735351.083999984,98.29127668977668,78.26187183033656
13242,270.40000000000003,8735621.483999984,98.29431926482162,78.28492392807746
12558,269.96,8735891.443999985,98.29735688893084,78.30797602581835
17251,269.83,8736161.273999985,98.3003930502636,78.33102812355925
13533,269.09,8736430.363999985,98.30342088502262,78.35408022130014
14727,268.58,8736698.943999985,98.30644298119707,78.37713231904104
14508,268.05,8736966.993999986,98.3094591137444,78.40018441678193
15408,267.18,8737234.173999986,98.31246545694152,78.42323651452283
17550,267.16,8737501.333999986,98.31547157509613,78.44628861226371
15320,267.13,8737768.463999987,98.31847735568694,78.46934071000462
15517,267.03,8738035.493999986,98.32148201106506,78.4923928077455
16451,266.97,8738302.463999987,98.32448599131561,78.5154449054864
17786,266.85,8738569.313999986,98.32748862131095,78.53849700322729
14863,266.76,8738836.073999986,98.3304902386149,78.5615491009682
13837,266.59000000000003,8739102.663999986,98.3334899430573,78.58460119870908
15119,266.4,8739369.063999986,98.33648750959566,78.60765329644998
12962,266.39,8739635.453999987,98.33948496361276,78.63070539419087
14068,265.85,8739901.303999986,98.34247634148146,78.65375749193177
17430,265.76,8740167.063999986,98.34546670665874,78.67680958967266
14423,265.2,8740432.263999986,98.34845077064512,78.69986168741356
17968,265.1,8740697.363999985,98.35143370941883,78.72291378515445
13973,264.7,8740962.063999984,98.35441214734188,78.74596588289535
15912,264.62,8741226.683999984,98.35738968509479,78.76901798063624
17403,263.92,8741490.603999984,98.36035934635906,78.79207007837714
17708,263.33,8741753.933999984,98.36332236886861,78.81512217611802
12492,263.21000000000004,8742017.143999984,98.36628404112298,78.83817427385893
17194,262.62,8742279.763999984,98.3692390746226,78.86122637159981
16413,262.2,8742541.963999983,98.37218938222902,78.88427846934071
16936,261.9,8742803.863999983,98.37513631419748,78.9073305670816
13189,260.68,8743064.543999983,98.37806951857141,78.9303826648225
14053,260.25,8743324.793999983,98.3809978845309,78.95343476256339
15143,259.45,8743584.243999982,98.38391724878906,78.97648686030429
13127,259.17,8743843.413999982,98.38683346245176,78.99953895804518
14452,259.05,8744102.463999983,98.38974832585927,79.02259105578608
15577,258.88,8744361.343999984,98.39266127640526,79.04564315352697
13277,258.4,8744619.743999984,98.39556882593045,79.06869525126787
15894,258.25,8744877.993999984,98.39847468763665,79.09174734900876
13227,257.7,8745135.693999983,98.40137436067317,79.11479944674966
15014,257.67,8745393.363999983,98.40427369614592,79.13785154449054
13626,257.23,8745650.593999984,98.40716808068292,79.16090364223145
16048,256.44,8745907.033999983,98.41005357603989,79.18395573997233
12430,256.4,8746163.433999984,98.41293862131178,79.20700783771323
13806,256.38,8746419.813999984,98.41582344154116,79.23005993545412
16727,256.32,8746676.133999985,98.41870758664292,79.25311203319502
17896,256.32,8746932.453999985,98.42159173174471,79.27616413093591
17385,256.11,8747188.563999984,98.42447351389987,79.29921622867681
16447,255.91,8747444.473999985,98.4273530456297,79.3222683264177
14761,255.9,8747700.373999985,98.43023246483828,79.3453204241586
15277,255.89999999999998,8747956.273999985,98.43311188404687,79.36837252189949
14881,255.4,8748211.673999986,98.43598567719212,79.39142461964039
16226,255.12,8748466.793999985,98.4388563197419,79.41447671738128
15261,254.82,8748721.613999985,98.44172358665371,79.43752881512218
15154,254.28,8748975.893999984,98.4445847774171,79.46058091286307
12604,254.18,8749230.073999984,98.44744484296784,79.48363301060397
14765,254.11,8749484.183999984,98.45030412086973,79.50668510834485
15689,254.1,8749738.283999983,98.45316328625033,79.52973720608576
12797,254.03,8749992.313999983,98.45602166398207,79.55278930382664
15759,253.04,8750245.353999982,98.45886890210843,79.57584140156754
15019,252.81,8750498.163999982,98.46171355224568,79.59889349930843
15035,252.73000000000002,8750750.893999983,98.46455730221278,79.62194559704933
13404,252.49,8751003.383999983,98.4673983516695,79.64499769479022
15346,252.42000000000002,8751255.803999983,98.47023861347736,79.66804979253112
13645,252.1,8751507.903999982,98.47307527460467,79.69110189027202
13711,252.06,8751759.963999983,98.47591148564693,79.71415398801291
16330,251.91,8752011.873999983,98.47874600887019,79.73720608575381
16836,251.87,8752263.743999982,98.48158008200838,79.7602581834947
17155,251.70000000000002,8752515.443999982,98.48441224228503,79.7833102812356
16976,251.51999999999998,8752766.963999981,98.4872423771789,79.80636237897649
14501,251.21,8753018.173999982,98.49006902391352,79.82941447671739
13512,251.21,8753269.383999983,98.49289567064812,79.85246657445828
16024,251.03,8753520.413999982,98.49572029199993,79.87551867219918
13207,250.26000000000002,8753770.673999982,98.49853624921423,79.89857076994006
16596,250.15,8754020.823999982,98.5013509686946,79.92162286768097
17303,250.04,8754270.863999981,98.50416445044101,79.94467496542185
15510,250.0,8754520.863999981,98.50697748210239,79.96772706316276
17456,249.86,8754770.72399998,98.50978893846602,79.99077916090364
16124,249.0,8755019.72399998,98.51259071800074,80.01383125864454
13061,248.61,8755268.33399998,98.51538810920606,80.03688335638543
16510,248.1,8755516.43399998,98.5181797618268,80.05993545412633
15097,248.08,8755764.51399998,98.520971189405,80.08298755186722
13592,247.95999999999998,8756012.47399998,98.52376126672802,80.10603964960812
18072,247.44,8756259.91399998,98.52654549294517,80.12909174734901
18009,247.39,8756507.30399998,98.529329156556,80.15214384508991
13349,247.32,8756754.623999981,98.53211203251796,80.1751959428308
14658,247.15,8757001.773999982,98.53489299561838,80.1982480405717
15783,246.3,8757248.073999982,98.53766439441117,80.22130013831259
17278,246.04,8757494.113999981,98.54043286765102,80.24435223605349
16778,245.94,8757740.05399998,98.5432002156782,80.26740433379437
17771,245.81,8757985.863999981,98.54596610092892,80.29045643153528
12660,245.1,8758230.963999981,98.54872399716972,80.31350852927616
15118,244.8,8758475.763999982,98.55147851777254,80.33656062701706
16528,244.41,8758720.173999982,98.55422865004596,80.35961272475795
17892,244.1,8758964.273999982,98.55697529416011,80.38266482249885
17925,244.08,8759208.353999982,98.55972171323174,80.40571692023974
13103,243.94,8759452.293999981,98.56246655700564,80.42876901798064
16793,243.84,8759696.133999981,98.56521027556686,80.45182111572153
18193,243.76,8759939.89399998,98.56795309395795,80.47487321346243
13886,243.56,8760183.453999981,98.57069366192373,80.49792531120332
15634,243.55,8760427.003999982,98.57343411736824,80.52097740894422
17339,243.36,8760670.363999981,98.57617243490867,80.5440295066851
16601,242.7,8760913.06399998,98.57890332604552,80.56708160442601
16215,242.35,8761155.41399998,98.58163027893805,80.5901337021669
15776,241.62,8761397.03399998,98.58434901777812,80.6131857999078
14523,241.09,8761638.12399998,98.58706179299107,80.63623789764868
16427,241.06,8761879.18399998,98.58977423064023,80.65928999538959
17051,240.89000000000001,8762120.07399998,98.59248475542786,80.68234209313047
15598,240.68,8762360.75399998,98.59519291726889,80.70539419087137
15286,240.55,8762601.30399998,98.59789961633346,80.72844628861226
13565,240.22,8762841.523999982,98.60060260219625,80.75149838635316
17256,240.0,8763081.523999982,98.60330311259116,80.77455048409405
17181,239.92000000000002,8763321.443999982,98.60600272281594,80.79760258183495
15690,239.76,8763561.203999981,98.60870053270045,80.82065467957584
13570,239.49,8763800.693999982,98.61139530451078,80.84370677731674
17684,239.41,8764040.103999982,98.61408917615097,80.86675887505763
16756,239.4,8764279.503999982,98.6167829352699,80.88981097279853
12561,238.85,8764518.353999982,98.61947050571916,80.91286307053942
12718,238.25,8764756.603999982,98.62215132489244,80.93591516828032
17877,237.61,8764994.213999981,98.62482494270466,80.9589672660212
14586,237.36,8765231.57399998,98.62749574748523,80.9820193637621
15457,237.07,8765468.64399998,98.63016328914908,81.005071461503
12732,236.26000000000002,8765704.90399998,98.63282171659034,81.0281235592439
16026,236.09,8765940.99399998,98.63547823117005,81.05117565698478
14647,236.04000000000002,8766177.03399998,98.63813418314345,81.07422775472568
13187,236.02,8766413.053999979,98.6407899100743,81.09727985246657
14375,235.56,8766648.61399998,98.64344046102691,81.12033195020747
15850,234.88,8766883.49399998,98.64608336053341,81.14338404794836
15462,234.6,8767118.09399998,98.64872310944442,81.16643614568926
14473,234.34000000000003,8767352.43399998,98.65135993280254,81.18948824343015
17060,234.24,8767586.67399998,98.65399563094796,81.21254034117105
16961,234.17,8767820.84399998,98.65663054144453,81.23559243891194
12736,234.0,8768054.84399998,98.65926353907956,81.25864453665284
13348,233.76,8768288.60399998,98.66189383620421,81.28169663439373
16583,233.45,8768522.053999979,98.66452064516959,81.30474873213463
16302,233.22,8768755.27399998,98.66714486614585,81.32780082987551
13678,232.6,8768987.87399998,98.66976211080359,81.35085292761642
18213,232.48000000000002,8769220.35399998,98.67237800520613,81.3739050253573
16117,232.21,8769452.56399998,98.67499086153448,81.3969571230982
17908,232.03,8769684.59399998,98.67760169248002,81.42000922083909
14995,231.98000000000002,8769916.57399998,98.68021196081924,81.44306131857999
15393,231.86,8770148.43399998,98.68282087890326,81.46611341632088
17111,231.61,8770380.04399998,98.68542698395561,81.48916551406178
16641,231.10000000000002,8770611.143999979,98.68802735042337,81.51221761180267
18030,230.64999999999998,8770841.79399998,98.69062265343415,81.53526970954357
16445,230.51,8771072.303999979,98.69321638114718,81.55832180728446
17125,230.5,8771302.803999979,98.69580999633897,81.58137390502536
13786,230.39999999999998,8771533.20399998,98.69840248631809,81.60442600276625
16926,230.25,8771763.45399998,98.7009932884782,81.62747810050715
13960,230.22,8771993.67399998,98.70358375307453,81.65053019824803
12812,229.64000000000001,8772223.31399998,98.7061676914374,81.67358229598894
13008,229.46999999999997,8772452.783999981,98.70874971693875,81.69663439372982
15528,229.33,8772682.113999981,98.71133016714235,81.71968649147072
14793,228.99,8772911.103999982,98.71390679162289,81.74273858921161
17347,228.96,8773140.063999983,98.71648307853965,81.76579068695251
13146,228.91,8773368.973999983,98.71905880285007,81.7888427846934
13712,228.84,8773597.813999983,98.72163373951162,81.8118948824343
13070,228.8,8773826.613999983,98.72420822608811,81.83494698017519
17969,228.2,8774054.813999983,98.7267759613886,81.85799907791609
16527,228.06,8774282.873999983,98.72934212139137,81.88105117565698
14569,227.39,8774510.263999984,98.73190074246928,81.90410327339788
17212,226.85,8774737.113999983,98.73445328739881,81.92715537113877
13474,226.84,8774963.953999983,98.73700571980706,81.95020746887967
17572,226.75000000000003,8775190.703999983,98.73955713952392,81.97325956662056
18005,226.47,8775417.173999984,98.74210540864533,81.99631166436146
17860,226.45000000000002,8775643.623999983,98.74465345272418,82.01936376210234
16315,226.37,8775869.993999982,98.74720059663291,82.04241585984325
16619,226.21,8776096.203999983,98.7497459402014,82.06546795758413
17789,225.9,8776322.103999984,98.7522877956106,82.08852005532503
12672,225.89999999999998,8776548.003999984,98.75482965101982,82.11157215306592
14624,225.85,8776773.853999984,98.75737094382269,82.13462425080682
12402,225.6,8776999.453999983,98.75990942359391,82.15767634854771
16690,225.57999999999998,8777225.033999983,98.7624476783226,82.18072844628861
14052,225.36,8777450.393999983,98.76498345758341,82.2037805440295
15483,225.26,8777675.653999982,98.76751811163156,82.2268326417704
16587,225.15,8777900.803999983,98.7700515279458,82.24988473951129
14357,225.12,8778125.923999982,98.77258460669621,82.27293683725219
17171,224.91,8778350.833999982,98.77511532250006,82.29598893499308
15175,224.14,8778574.973999983,98.77763737416637,82.31904103273398
16471,223.95000000000002,8778798.923999982,98.78015728792862,82.34209313047486
16753,223.92000000000002,8779022.843999982,98.78267686412705,82.36514522821577
14929,223.88,8779246.723999983,98.78519599024045,82.38819732595665
13926,223.85000000000002,8779470.573999982,98.78771477879005,82.41124942369756
17534,223.36,8779693.933999982,98.79022805379756,82.43430152143844
15637,223.36,8779917.293999981,98.79274132880509,82.45735361917934
13382,222.99,8780140.283999981,98.79525044052576,82.48040571692023
16777,222.62,8780362.90399998,98.79775538895957,82.50345781466113
18101,222.4,8780585.30399998,98.80025786192552,82.52650991240202
14598,221.97,8780807.273999982,98.80275549647702,82.54956201014292
14960,221.27,8781028.543999981,98.80524525453987,82.57261410788381
13419,221.06,8781249.603999982,98.80773264965612,82.59566620562471
16482,220.62,8781470.22399998,98.81021509383663,82.6187183033656
13079,220.10000000000002,8781690.32399998,98.8126916869113,82.6417704011065
18114,220.1,8781910.42399998,98.81516827998595,82.66482249884739
13600,219.52,8782129.94399998,98.81763834682717,82.68787459658829
15096,219.39000000000001,8782349.33399998,98.82010695089191,82.71092669432917
12702,219.0,8782568.33399998,98.82257116662728,82.73397879207008
15790,218.75,8782787.08399998,98.82503256933097,82.75703088981096
13669,218.55,8783005.633999981,98.82749172160935,82.78008298755186
12574,218.45,8783224.08399998,98.82994974867503,82.80313508529275
15724,218.25,8783442.33399998,98.83240552531541,82.82618718303367
14570,218.06,8783660.39399998,98.83485916405174,82.84923928077455
16634,217.9,8783878.293999981,98.83731100244778,82.87229137851546
16392,217.89,8784096.183999982,98.83976272832257,82.89534347625634
15554,217.2,8784313.383999981,98.84220669022996,82.91839557399724
16080,217.16,8784530.543999981,98.84465020205229,82.94144767173813
13739,216.9,8784747.443999982,98.8470907883217,82.96449976947903
13503,216.85,8784964.293999981,98.84953081198475,82.98755186721992
12897,216.5,8785180.793999981,98.8519668974035,83.01060396496082
15604,216.39,8785397.183999982,98.85440174508831,83.03365606270171
17436,216.29999999999998,8785613.483999982,98.85683558008175,83.05670816044261
14104,216.20999999999998,8785829.693999983,98.85926840238378,83.0797602581835
13858,216.17,8786045.863999983,98.86170077460072,83.1028123559244
18212,216.07,8786261.933999984,98.86413202160502,83.12586445366529
16179,215.83,8786477.763999984,98.8665605680989,83.14891655140619
17580,215.72,8786693.483999984,98.86898787685887,83.17196864914708
16189,215.48,8786908.963999985,98.87141248510844,83.19502074688798
16190,215.08,8787124.043999985,98.87383259250736,83.21807284462886
16519,215.07999999999998,8787339.123999985,98.87625269990625,83.24112494236977
12831,215.05,8787554.173999986,98.87867246974137,83.26417704011065
12588,214.89999999999998,8787769.073999986,98.8810905517575,83.28722913785155
16338,214.79999999999998,8787983.873999987,98.88350750856094,83.31028123559244
17619,214.37,8788198.243999986,98.88591962694991,83.33333333333334
16846,214.32,8788412.563999986,98.88833118273259,83.35638543107423
15460,214.26,8788626.823999986,98.89074206338763,83.37943752881513
16647,214.06,8788840.883999987,98.89315069361737,83.40248962655602
14601,213.96,8789054.843999987,98.89555819863443,83.42554172429692
13621,213.85,8789268.693999987,98.89796446591757,83.44859382203781
17153,213.78,8789482.473999986,98.90036994555183,83.47164591977871
14241,213.70000000000002,8789696.173999986,98.90277452501596,83.4946980175196
13411,213.55,8789909.723999986,98.9051774166611,83.5177501152605
16591,213.5,8790123.223999986,98.90757974569992,83.54080221300138
15540,213.3,8790336.523999987,98.9099798243134,83.56385431074229
17928,212.54,8790549.063999986,98.91237135131061,83.58690640848317
15866,211.89,8790760.953999987,98.91475556442553,83.60995850622407
16017,211.88,8790972.833999988,98.91713966501918,83.63301060396496
16356,211.77,8791184.603999987,98.91952252787888,83.65606270170586
16411,211.7,8791396.303999986,98.92190460308973,83.67911479944675
15703,211.5,8791607.803999986,98.92428442787524,83.70216689718765
13271,211.49,8791819.293999987,98.92666414013948,83.72521899492854
12995,211.32,8792030.613999987,98.92904193954222,83.74827109266944
13532,210.31,8792240.923999988,98.93140837429702,83.77132319041033
13828,209.49,8792450.413999988,98.93376558230798,83.79437528815123
17855,208.97,8792659.383999988,98.93611693921311,83.81742738589212
15327,208.75,8792868.133999988,98.93846582065035,83.84047948363302
17514,208.65,8793076.783999989,98.94081357687492,83.8635315813739
15897,208.59,8793285.373999989,98.9431606579719,83.8865836791148
16457,208.36,8793493.733999988,98.94550515107974,83.9096357768557
18191,207.79999999999998,8793701.533999989,98.94784334299668,83.9326878745966
12547,207.79999999999998,8793909.33399999,98.95018153491361,83.95573997233748
16866,207.73999999999998,8794117.07399999,98.95251905170295,83.97879207007838
15052,207.73000000000002,8794324.80399999,98.95485645597101,84.00184416781927
16323,207.50000000000003,8794532.30399999,98.95719127224994,84.02489626556017
17923,207.50000000000003,8794739.80399999,98.95952608852888,84.04794836330106
16752,207.5,8794947.30399999,98.96186090480782,84.07100046104196
13099,207.35999999999999,8795154.66399999,98.96419414578901,84.09405255878285
15925,207.15,8795361.81399999,98.96652502382362,84.11710465652375
15820,206.98,8795568.79399999,98.96885398899671,84.14015675426464
17166,206.34,8795775.13399999,98.97117575280873,84.16320885200554
14964,206.21,8795981.343999991,98.9734960538443,84.18626094974643
13065,205.86,8796187.20399999,98.97581241663553,84.20931304748733
17670,205.7,8796392.90399999,98.9781269790865,84.23236514522821
17843,205.48,8796598.38399999,98.98043906606961,84.25541724296912
15307,205.3,8796803.683999991,98.98274912766993,84.27846934071
15758,205.25,8797008.933999991,98.98505862666391,84.3015214384509
13513,205.1,8797214.03399999,98.9873664378389,84.32457353619179
15319,204.5,8797418.53399999,98.9896674977379,84.3476256339327
17206,204.24,8797622.77399999,98.99196563208396,84.37067773167358
18273,204.0,8797826.77399999,98.99426106591964,84.39372982941448
13017,204.0,8798030.77399999,98.99655649975531,84.41678192715537
17187,203.95,8798234.72399999,98.99885137098465,84.43983402489627
17394,203.86999999999998,8798438.59399999,99.00114534204386,84.46288612263716
17891,203.85999999999999,8798642.453999989,99.0034392005818,84.48593822037806
17376,203.2,8798845.653999988,99.00572563271615,84.50899031811895
14381,202.68,8799048.333999988,99.00800621374464,84.53204241585985
18169,202.65,8799250.983999988,99.01028645720935,84.55509451360074
14984,202.37,8799453.353999987,99.01256355007858,84.57814661134164
16895,202.27,8799655.623999987,99.01483951773515,84.60119870908252
14385,202.11,8799857.733999986,99.01711368505146,84.62425080682343
13428,201.78,8800059.513999986,99.01938413916598,84.64730290456431
15347,201.60000000000002,8800261.113999985,99.0216525678977,84.67035500230521
17889,201.37,8800462.483999984,99.02391840864028,84.6934071000461
13295,201.20000000000002,8800663.683999984,99.02618233652134,84.716459197787
16965,201.19,8800864.873999983,99.02844615188114,84.73951129552789
13284,201.19,8801066.063999983,99.03070996724094,84.76256339326879
13859,201.16,8801267.223999983,99.03297344503694,84.78561549100968
17988,201.12,8801468.343999982,99.03523647274787,84.80866758875058
18126,200.92000000000002,8801669.263999982,99.03749725003348,84.83171968649147
17693,200.47,8801869.733999982,99.0397529638621,84.85477178423237
13262,200.29,8802070.023999982,99.04200665230792,84.87782388197326
16415,200.27,8802270.293999981,99.0442601157112,84.90087597971416
15437,200.16,8802470.453999981,99.04651234138055,84.92392807745505
13980,200.14,8802670.593999982,99.04876434200737,84.94698017519595
14782,200.10000000000002,8802870.693999982,99.05101589254913,84.97003227293683
13723,199.85000000000002,8803070.543999981,99.05326463005922,84.99308437067774
15593,199.8,8803270.343999982,99.055512804963,85.01613646841862
13322,199.48000000000002,8803469.823999982,99.05775737918624,85.03918856615952
16832,199.15,8803668.973999983,99.05999824020769,85.06224066390041
18110,198.8,8803867.773999983,99.06223516298482,85.08529276164131
17987,198.57,8804066.343999984,99.0644694977728,85.1083448593822
16178,197.9,8804264.243999984,99.06669629363596,85.1313969571231
12450,197.88,8804462.123999985,99.06892286445657,85.15444905486399
12581,197.71,8804659.833999986,99.07114752241564,85.17750115260489
14185,197.65,8804857.483999986,99.07337150524714,85.20055325034578
14789,197.64,8805055.123999987,99.07559537555734,85.22360534808668
16829,197.22,8805252.343999987,99.07781451997437,85.24665744582757
15234,197.0,8805449.343999987,99.08003118892353,85.26970954356847
12586,196.94000000000003,8805646.283999987,99.08224718274509,85.29276164130935
13436,196.89,8805843.173999988,99.08446261396033,85.31581373905026
15746,196.88,8806040.053999988,99.08667793265428,85.33886583679114
13978,196.79000000000002,8806236.843999987,99.08889223865684,85.36191793453204
16112,195.73999999999998,8806432.583999988,99.09109472992643,85.38497003227293
13792,195.55,8806628.133999988,99.09329508329195,85.40802213001383
17010,195.36,8806823.493999988,99.0954932987534,85.43107422775472
14666,195.25,8807018.743999988,99.09769027648093,85.45412632549562
15612,195.15,8807213.893999988,99.09988612899579,85.47717842323651
17475,194.37,8807408.263999987,99.10207320485188,85.50023052097741
15683,193.75,8807602.013999987,99.10425330438943,85.5232826187183
17343,193.64,8807795.653999988,99.10643216619306,85.5463347164592
15198,193.64,8807989.293999989,99.1086110279967,85.56938681420009
16847,193.44,8808182.733999988,99.11078763937499,85.59243891194099
17383,193.39000000000001,8808376.123999989,99.11296368814696,85.61549100968188
14806,193.39000000000001,8808569.51399999,99.11513973691893,85.63854310742278
14476,193.0,8808762.51399999,99.1173113973615,85.66159520516366
12522,192.72,8808955.23399999,99.11947990720863,85.68464730290457
14768,192.60000000000002,8809147.83399999,99.12164706680055,85.70769940064545
12791,192.60000000000002,8809340.43399999,99.12381422639245,85.73075149838635
16887,192.32999999999998,8809532.76399999,99.12597834791018,85.75380359612724
17608,191.99,8809724.75399999,99.12813864370484,85.77685569386814
14100,191.95000000000002,8809916.703999989,99.13029848941444,85.79990779160903
15909,191.94,8810108.643999988,99.13245822260276,85.82295988934993
14087,191.47,8810300.113999989,99.13461266729158,85.84601198709082
15692,191.04,8810491.153999988,99.13676227356592,85.86906408483172
17233,190.88,8810682.033999989,99.13891007950001,85.89211618257261
15723,190.7,8810872.733999988,99.1410558600513,85.91516828031351
13033,190.55,8811063.283999989,99.1431999527836,85.93822037805441
15412,190.53,8811253.813999988,99.14534382047336,85.9612724757953
13972,190.25,8811444.063999988,99.14748453756765,85.9843245735362
12361,189.9,8811633.963999989,99.14962131641762,86.00737667127709
13826,189.5,8811823.463999989,99.15175359441695,86.03042876901799
13663,189.47,8812012.93399999,99.15388553485246,86.05348086675887
14801,189.34,8812202.273999989,99.15601601251151,86.07653296449978
14830,188.88,8812391.15399999,99.15814131419232,86.09958506224066
14697,188.60999999999999,8812579.76399999,99.16026357779891,86.12263715998156
17781,188.02,8812767.783999989,99.1623792026508,86.14568925772245
17279,187.82999999999998,8812955.613999989,99.16449268959862,86.16874135546335
18013,187.29,8813142.903999988,99.16660010039803,86.19179345320424
13568,187.05,8813329.953999989,99.16870481068707,86.21484555094514
17440,186.42000000000002,8813516.373999989,99.17080243213631,86.23789764868603
13672,186.39000000000001,8813702.76399999,99.17289971602177,86.26094974642693
14551,186.23,8813888.99399999,99.17499519956696,86.28400184416782
15567,186.01,8814075.00399999,99.17708820764429,86.30705394190872
12641,185.9,8814260.90399999,99.17917997798769,86.3301060396496
17574,185.65,8814446.55399999,99.18126893529941,86.35315813739051
14199,185.39999999999998,8814631.95399999,99.1833550795795,86.3762102351314
16097,185.04999999999998,8814817.003999991,99.18543728561524,86.3992623328723
13482,184.64,8815001.643999992,99.18751487827907,86.42231443061318
17680,184.4,8815186.043999992,99.18958977043249,86.44536652835409
16433,184.26,8815370.303999992,99.19166308728819,86.46841862609497
15124,184.19,8815554.493999992,99.19373561649502,86.49147072383587
14326,183.85,8815738.343999991,99.19580431997878,86.51452282157676
16914,183.76,8815922.103999991,99.19787201077115,86.53757491931766
16680,183.7,8816105.80399999,99.19993902643591,86.56062701705855
14059,183.6,8816289.40399999,99.20200491688801,86.58367911479945
13460,183.44,8816472.84399999,99.20406900699984,86.60673121254034
13059,183.4,8816656.24399999,99.20613264702664,86.62978331028124
14966,183.02,8816839.26399999,99.20819201124527,86.65283540802213
16448,182.99,8817022.25399999,99.21025103790014,86.67588750576303
14082,182.25,8817204.50399999,99.21230173798126,86.69893960350392
15886,181.09,8817385.59399999,99.2143393855955,86.72199170124482
16594,181.09,8817566.68399999,99.21637703320972,86.7450437989857
17904,181.07,8817747.75399999,99.21841445578143,86.7680958967266
15945,181.0,8817928.75399999,99.22045109070426,86.7911479944675
16835,180.85,8818109.60399999,99.22248603780808,86.8142000922084
18119,180.7,8818290.303999988,99.22451929709291,86.83725218994928
18280,180.60000000000002,8818470.903999988,99.22655143116508,86.86030428769018
13710,180.48,8818651.383999988,99.22858221498205,86.88335638543107
14722,180.42000000000002,8818831.803999988,99.23061232367144,86.90640848317197
12622,180.1,8819011.903999988,99.23263883168028,86.92946058091286
15041,179.93,8819191.833999988,99.23466342682758,86.95251267865376
18147,179.33999999999997,8819371.173999988,99.23668138322019,86.97556477639465
15895,179.17,8819550.343999987,99.23869742675126,86.99861687413555
15454,179.1,8819729.443999987,99.24071268263344,87.02166897187644
14705,179.0,8819908.443999987,99.24272681330298,87.04472106961734
16990,179.0,8820087.443999987,99.24474094397252,87.06777316735823
15139,178.96,8820266.403999988,99.24675462455701,87.09082526509913
16620,178.96,8820445.363999989,99.24876830514148,87.11387736284001
15262,178.95000000000002,8820624.313999988,99.25078187320469,87.13692946058092
17660,178.75,8820803.063999988,99.25279319084257,87.1599815583218
13778,178.7,8820981.763999987,99.2548039458741,87.1830336560627
17879,178.51999999999998,8821160.283999987,99.25681267552284,87.20608575380359
15292,178.39,8821338.673999988,99.25881994239514,87.2291378515445
18045,178.34,8821517.013999987,99.26082664666109,87.25218994928538
17253,178.26,8821695.273999987,99.26283245075692,87.27524204702628
17356,178.22,8821873.493999988,99.26483780476767,87.29829414476717
18282,178.05,8822051.543999989,99.26684124591691,87.32134624250807
16403,177.5,8822229.043999989,99.26883849839648,87.34439834024896
13618,177.34,8822406.383999988,99.27083395053577,87.36745043798986
12618,177.31,8822583.693999989,99.2728290651113,87.39050253573075
13072,177.15,8822760.84399999,99.27482237934655,87.41355463347165
17947,176.68,8822937.523999989,99.27681040508226,87.43660673121254
14287,176.63,8823114.15399999,99.27879786821165,87.45965882895344
12893,176.55,8823290.70399999,99.28078443117091,87.48271092669432
12509,176.5,8823467.20399999,99.28277043152384,87.50576302443523
18274,175.92,8823643.12399999,99.28474990564331,87.52881512217611
17582,175.27,8823818.39399999,99.28672206588047,87.55186721991701
16144,175.2,8823993.59399999,99.28869343846873,87.5749193176579
17331,175.2,8824168.793999989,99.29066481105701,87.5979714153988
18010,174.8,8824343.59399999,99.29263168279465,87.62102351313969
14355,174.4,8824517.99399999,99.29459405368164,87.64407561088059
14518,174.37,8824692.363999989,99.29655608700479,87.66712770862148
18278,173.9,8824866.26399999,99.29851283182843,87.69017980636238
16861,173.76,8825040.023999989,99.30046800135435,87.71323190410327
14798,173.74,8825213.76399999,99.30242294583773,87.73628400184417
16565,173.7,8825387.463999989,99.30437744023605,87.75933609958506
12441,173.55,8825561.01399999,99.30633024681538,87.78238819732596
17772,173.45,8825734.463999989,99.30828192818201,87.80544029506684
15565,173.16,8825907.623999989,99.31023034643195,87.82849239280775
15670,173.05,8826080.67399999,99.31217752694795,87.85154449054863
14693,172.9,8826253.57399999,99.31412301964497,87.87459658828953
12923,172.82,8826426.39399999,99.31606761217184,87.89764868603042
18048,172.29000000000002,8826598.68399999,99.31800624107157,87.92070078377132
13690,172.25,8826770.93399999,99.31994441988626,87.94375288151221
13922,172.25,8826943.18399999,99.32188259870094,87.96680497925311
12442,172.06,8827115.24399999,99.32381863961156,87.989857076994
16773,171.59,8827286.83399999,99.32574939202266,88.0129091747349
17245,171.45,8827458.283999989,99.32767856913601,88.03596127247579
13560,171.42000000000002,8827629.703999989,99.32960740868558,88.05901337021669
15432,171.19,8827800.893999988,99.33153366024601,88.08206546795758
14536,170.95,8827971.843999987,99.33345721129604,88.10511756569848
17542,170.75,8828142.593999987,99.33537851192075,88.12816966343937
14860,170.32,8828312.913999988,99.33729497413101,88.15122176118027
15335,170.22,8828483.133999988,99.33921031112861,88.17427385892115
18058,170.16,8828653.293999989,99.34112497299861,88.19732595666206
15016,170.04,8828823.333999988,99.3430382846134,88.22037805440294
13962,169.55,8828992.883999988,99.34494608268614,88.24343015214384
14218,169.48000000000002,8829162.363999989,99.34685309311003,88.26648224988473
12367,168.9,8829331.26399999,99.34875357730044,88.28953434762563
14578,168.63,8829499.89399999,99.35065102341667,88.31258644536652
18269,168.6,8829668.49399999,99.3525481319691,88.33563854310742
15888,168.31,8829836.80399999,99.3544419774048,88.35869064084831
18099,168.31,8830005.11399999,99.3563358228405,88.38174273858921
16282,168.3,8830173.413999991,99.35822955575495,88.4047948363301
17737,168.24,8830341.653999992,99.36012261354178,88.427846934071
15986,168.12,8830509.77399999,99.36201432107342,88.45089903181189
15374,168.0,8830677.77399999,99.36390467834984,88.47395112955279
12551,168.0,8830845.77399999,99.36579503562628,88.49700322729367
16952,167.61,8831013.38399999,99.36768100457333,88.52005532503458
17367,167.55,8831180.933999991,99.36956629839278,88.54310742277546
15920,167.5,8831348.433999991,99.3714510296059,88.56615952051636
16405,167.25,8831515.683999991,99.37333294778735,88.58921161825725
14295,166.20000000000002,8831681.88399999,99.37520305123581,88.61226371599815
17650,166.08,8831847.96399999,99.3770718044291,88.63531581373904
12817,166.04,8832014.00399999,99.3789401075373,88.65836791147994
18088,166.03,8832180.033999989,99.38080829812425,88.68142000922083
17561,165.12,8832345.153999988,99.38266624927593,88.70447210696173
18042,165.04999999999998,8832510.203999989,99.38452341277878,88.72752420470262
15316,165.0,8832675.203999989,99.38638001367528,88.75057630244352
13470,165.0,8832840.203999989,99.38823661457178,88.7736284001844
15904,164.68,8833004.883999988,99.39008961478774,88.79668049792531
17535,164.4,8833169.283999989,99.39193946440827,88.8197325956662
13603,164.34,8833333.623999989,99.39378863890119,88.8427846934071
14552,164.22,8833497.84399999,99.3956364631389,88.86583679114798
14354,163.62,8833661.463999989,99.39747753610064,88.88888888888889
17110,163.29999999999998,8833824.76399999,99.39931500838183,88.91194098662977
17301,163.24,8833988.00399999,99.40115180553545,88.93499308437067
13223,163.20000000000002,8834151.203999989,99.40298815260398,88.95804518211156
14485,162.8,8834314.00399999,99.40481999882186,88.98109727985246
12920,162.78,8834476.783999989,99.4066516199972,89.00414937759335
16517,162.7,8834639.483999988,99.40848234100243,89.02720147533425
15733,162.3,8834801.783999989,99.410308561157,89.05025357307514
18014,162.22,8834964.00399999,99.41213388114143,89.07330567081605
15325,161.74,8835125.74399999,99.41395380010508,89.09635776855694
17600,161.67000000000002,8835287.41399999,99.41577293141984,89.11940986629784
15458,161.64,8835449.05399999,99.41759172517082,89.14246196403873
16113,161.38,8835610.433999991,99.41940759336887,89.16551406177963
14237,161.0,8835771.433999991,99.42121918575879,89.18856615952052
13229,160.95,8835932.38399999,99.42303021554237,89.21161825726142
15852,160.71,8836093.093999991,99.42483854481557,89.23467035500231
12573,160.54000000000002,8836253.63399999,99.42664496122723,89.25772245274321
18203,160.42000000000002,8836414.05399999,99.42845002738369,89.2807745504841
18146,160.35000000000002,8836574.40399999,99.43025430589128,89.303826648225
14714,160.19,8836734.59399999,99.43205678405862,89.32687874596589
12966,160.18,8836894.773999989,99.43385914970469,89.34993084370679
13598,160.04,8837054.813999988,99.43565994005303,89.37298294144767
13420,159.85,8837214.663999988,99.4374585924973,89.39603503918858
16213,159.0,8837373.663999988,99.43924768063393,89.41908713692946
18224,158.95000000000002,8837532.613999987,99.44103620616421,89.44213923467036
13937,158.85,8837691.463999987,99.44282360648184,89.46519133241125
15167,158.8,8837850.263999987,99.44461044419315,89.48824343015215
14089,158.75,8838009.013999987,99.44639671929811,89.51129552789304
17165,158.68,8838167.693999987,99.44818220675421,89.53434762563394
15160,158.16,8838325.853999987,99.44996184310446,89.55739972337483
15348,158.04,8838483.893999986,99.4517401291995,89.58045182111573
18004,157.92,8838641.813999986,99.45351706503935,89.60350391885662
17556,157.9,8838799.713999987,99.45529377583668,89.62655601659752
14799,157.7,8838957.413999986,99.45706823620866,89.6496081143384
17344,157.62,8839115.033999985,99.4588417964105,89.67266021207931
14148,157.2,8839272.233999984,99.46061063071916,89.6957123098202
17128,157.09,8839429.323999984,99.4623782272939,89.7187644075611
14585,157.05,8839586.373999985,99.46414537378358,89.74181650530198
17118,157.02,8839743.393999984,99.46591218270945,89.76486860304288
15007,156.91,8839900.303999985,99.46767775390138,89.78792070078377
15988,156.78,8840057.083999984,99.46944186231686,89.81097279852467
14406,156.75,8840213.833999984,99.47120563316854,89.83402489626556
15438,156.57999999999998,8840370.413999984,99.47296749115868,89.85707699400646
15263,156.51,8840526.923999984,99.47472856149996,89.88012909174735
17885,156.34,8840683.263999984,99.47648771897971,89.90318118948825
13898,155.93,8840839.193999983,99.47824226308754,89.92623328722914
17871,155.9,8840995.093999984,99.47999646963157,89.94928538497004
17832,155.37,8841150.463999983,99.48174471254846,89.97233748271093
12738,155.35,8841305.813999983,99.48349273042282,89.99538958045183
15447,155.17,8841460.983999982,99.4852387229144,90.01844167819272
13809,155.05,8841616.033999983,99.48698336515079,90.04149377593362
14368,155.0,8841771.033999983,99.48872744478085,90.0645458736745
14046,154.99,8841926.023999983,99.49047141188963,90.0875979714154
17698,154.95,8842080.973999983,99.49221492891334,90.11065006915629
15740,154.88,8842235.853999984,99.4939576582882,90.1337021668972
17026,154.82999999999998,8842390.683999984,99.4956998250567,90.15675426463808
17899,154.55,8842545.233999984,99.49743884122978,90.17980636237898
15226,154.41,8842699.643999984,99.49917628210511,90.20285846011987
16406,154.35,8842853.993999984,99.50091304785282,90.22591055786077
16921,154.18,8843008.173999984,99.50264790073902,90.24896265560166
17517,153.94,8843162.113999983,99.50438005311482,90.27201475334256
16351,153.9,8843316.013999984,99.50611175540556,90.29506685108345
12602,153.12,8843469.133999983,99.5078346810375,90.31811894882435
17714,153.0,8843622.133999983,99.50955625641426,90.34117104656524
16720,152.95,8843775.083999982,99.51127726918467,90.36422314430614
16248,152.94,8843928.023999982,99.51299816943383,90.38727524204702
14813,152.88,8844080.903999982,99.51471839455539,90.41032733978793
17984,152.68,8844233.583999982,99.51643636925162,90.43337943752881
18138,152.65,8844386.233999982,99.51815400638405,90.45643153526972
14066,152.55,8844538.783999983,99.51987051830383,90.4794836330106
17707,152.4,8844691.183999984,99.5215853424046,90.5025357307515
13514,152.20000000000002,8844843.383999983,99.52329791608004,90.52558782849239
14039,152.2,8844995.583999982,99.52501048975547,90.54863992623329
17898,152.06,8845147.643999983,99.52672148813319,90.57169202397418
16617,151.85,8845299.493999982,99.52843012356429,90.59474412171508
14208,151.74,8845451.233999982,99.53013752126148,90.61779621945597
14362,151.5,8845602.733999982,99.53184221844826,90.64084831719687
13462,151.5,8845754.233999982,99.53354691563506,90.66390041493776
17286,151.37,8845905.603999982,99.53525015004537,90.68695251267866
13697,151.29999999999998,8846056.903999982,99.53695259680684,90.71000461041955
16337,151.05,8846207.953999983,99.53865223053664,90.73305670816045
14073,151.04,8846358.993999982,99.54035175174516,90.75610880590133
14204,150.61,8846509.603999982,99.54204643453923,90.77916090364224
18200,150.35,8846659.953999981,99.54373819178038,90.80221300138312
15717,150.3,8846810.253999982,99.5454293864152,90.82526509912402
16932,150.23000000000002,8846960.483999982,99.54711979340115,90.84831719686491
17234,149.89000000000001,8847110.373999983,99.54880637466404,90.87136929460581
15869,149.64,8847260.013999984,99.55049014289527,90.8944213923467
17946,149.57999999999998,8847409.593999984,99.55217323599891,90.9174734900876
18262,149.48,8847559.073999984,99.55385520388987,90.94052558782849
15435,149.29,8847708.363999983,99.55553503387677,90.96357768556939
13003,149.05,8847857.413999984,99.55721216335328,90.98662978331028
17549,148.86,8848006.273999983,99.55888715492573,91.00968188105118
15526,148.44,8848154.713999983,99.56055742060497,91.03273397879207
14968,147.59,8848302.303999983,99.56221812197657,91.05578607653297
14098,147.35,8848449.653999982,99.56387612283778,91.07883817427386
14037,147.20000000000002,8848596.853999982,99.56553243587997,91.10189027201476
12864,147.12,8848743.97399998,99.56718784875204,91.12494236975564
17030,146.87,8848890.84399998,99.56884044859247,91.14799446749655
14238,146.85,8849037.69399998,99.57049282339034,91.17104656523743
16893,145.93,8849183.62399998,99.57213484623172,91.19409866297833
12565,145.92,8849329.54399998,99.57377675655182,91.21715076071922
17935,145.79,8849475.333999978,99.57541720409544,91.24020285846012
13866,145.67000000000002,8849621.003999978,99.57705630138389,91.26325495620101
15937,145.35,8849766.353999978,99.57869179799181,91.28630705394191
16598,145.04999999999998,8849911.403999979,99.58032391896174,91.3093591516828
17524,145.0,8850056.403999979,99.58195547732534,91.3324112494237
16852,144.91000000000003,8850201.313999979,99.58358602299752,91.35546334716459
12974,144.8,8850346.11399998,99.58521533093581,91.37851544490549
15748,144.36,8850490.473999979,99.58683968793834,91.40156754264638
14109,144.2,8850634.673999978,99.5884622446006,91.42461964038728
17186,144.0,8850778.673999978,99.59008255083755,91.44767173812816
12587,144.0,8850922.673999978,99.59170285707451,91.47072383586907
17578,143.45999999999998,8851066.13399998,99.59331708716307,91.49377593360995
15705,143.1,8851209.233999979,99.59492726648604,91.51682803135085
16461,142.92,8851352.153999979,99.5965354204262,91.53988012909174
16287,142.5,8851494.653999979,99.59813884847317,91.56293222683264
13299,142.5,8851637.153999979,99.59974227652015,91.58598432457353
13584,142.4,8851779.553999979,99.60134457935447,91.60903642231443
14386,142.4,8851921.95399998,99.60294688218879,91.63208852005532
17859,141.92000000000002,8852063.87399998,99.60454378400232,91.65514061779622
13561,141.85999999999999,8852205.733999979,99.60614001068824,91.67819271553711
14041,141.41,8852347.143999979,99.60773117391717,91.70124481327801
15503,141.04,8852488.183999978,99.60931817385924,91.7242969110189
15388,140.54,8852628.723999977,99.61089954773799,91.7473490087598
13483,140.34,8852769.063999977,99.61247867119141,91.77040110650069
14494,139.56,8852908.623999977,99.61404901798605,91.79345320424159
16483,139.35,8853047.973999977,99.6156170018341,91.81650530198247
17718,139.35,8853187.323999977,99.61718498568214,91.83955739972338
14772,139.26,8853326.583999977,99.61875195683878,91.86260949746426
18209,139.10000000000002,8853465.683999976,99.62031712765517,91.88566159520516
15135,139.05,8853604.733999977,99.62188173586523,91.90871369294605
13273,138.98,8853743.713999977,99.62344555642642,91.93176579068695
12902,138.68,8853882.393999977,99.6250060013496,91.95481788842784
14581,138.6,8854020.993999977,99.62656554610267,91.97786998616874
17122,138.32,8854159.313999977,99.62812194026026,92.00092208390963
13716,138.28,8854297.593999976,99.62967788433279,92.02397418165053
15663,138.14,8854435.733999977,99.6312322531076,92.04702627939142
16050,137.9,8854573.633999977,99.63278392137201,92.07007837713232
13279,137.75,8854711.383999977,99.63433390181743,92.0931304748732
17709,137.45,8854848.833999977,99.63588050662484,92.11618257261411
15836,137.37,8854986.203999976,99.63742621126212,92.139234670355
14483,137.1,8855123.303999975,99.6389688778252,92.1622867680959
17468,137.0,8855260.303999975,99.64051041917564,92.18533886583678
15691,136.8,8855397.103999976,99.64204971010075,92.20839096357768
14247,136.76999999999998,8855533.873999976,99.64358866346204,92.23144306131859
16462,136.0,8855669.873999976,99.64511895268583,92.25449515905947
16412,135.99,8855805.863999976,99.64664912938834,92.27754725680037
12968,135.95,8855941.813999975,99.64817885600579,92.30059935454126
15042,135.93,8856077.743999975,99.6497083575807,92.32365145228216
14889,135.9,8856213.643999975,99.65123752159182,92.34670355002305
15419,135.86,8856349.503999975,99.65276623551787,92.36975564776395
16114,135.75000000000003,8856485.253999975,99.65429371171,92.39280774550484
15174,135.75,8856621.003999975,99.65582118790212,92.41585984324574
16665,135.39999999999998,8856756.403999975,99.65734472584991,92.43891194098663
17972,135.19,8856891.593999974,99.65886590085111,92.46196403872753
13364,134.95999999999998,8857026.553999975,99.6603844878632,92.48501613646842
16055,134.8,8857161.353999976,99.66190127453501,92.50806823420932
14340,134.7,8857296.053999975,99.66341693599415,92.5311203319502
15562,134.55,8857430.603999976,99.6649309096343,92.5541724296911
14174,134.46,8857565.063999977,99.66644387058307,92.577224527432
12837,134.1,8857699.163999977,99.66795278076621,92.6002766251729
14280,134.04,8857833.203999976,99.66946101582175,92.62332872291378
16424,133.56,8857966.763999976,99.67096384985655,92.64638082065468
14349,133.5,8858100.263999976,99.6724660087637,92.66943291839557
12445,133.4,8858233.663999977,99.67396704245822,92.69248501613647
17881,133.35000000000002,8858367.013999976,99.6754675135464,92.71553711387736
15709,133.25,8858500.263999976,99.6769668594219,92.73858921161826
17647,133.06,8858633.323999977,99.67846406739335,92.76164130935915
12512,132.18,8858765.503999976,99.67995137349334,92.78469340710005
17785,131.94,8858897.443999976,99.68143597908293,92.80774550484094
14438,131.9,8859029.343999976,99.68292013458748,92.83079760258184
12851,131.81,8859161.153999977,99.68440327740062,92.85384970032273
17455,131.7,8859292.853999976,99.68588518247982,92.87690179806363
14795,131.45000000000002,8859424.303999975,99.68736427452735,92.89995389580452
15844,130.73999999999998,8859555.043999976,99.68883537756498,92.92300599354542
16679,129.75,8859684.793999976,99.69029534099724,92.9460580912863
16611,129.49,8859814.283999976,99.69175237887656,92.9691101890272
16623,129.45,8859943.733999975,99.69320896667081,92.99216228676809
15276,128.63,8860072.363999976,99.69465632772123,93.015214384509
16828,128.5,8860200.863999976,99.69610222599516,93.03826648224988
17297,128.18,8860329.043999976,99.69754452358858,93.06131857999078
17359,127.86,8860456.903999975,99.69898322050146,93.08437067773167
15543,127.86,8860584.763999974,99.70042191741435,93.10742277547257
13781,127.84,8860712.603999974,99.7018603892847,93.13047487321346
15578,127.1,8860839.703999974,99.70329053458133,93.15352697095436
15923,127.08,8860966.783999974,99.70472045483544,93.17657906869525
14962,126.7,8861093.483999973,99.70614609928141,93.19963116643615
16414,126.25,8861219.733999973,99.7075666802704,93.22268326417704
15463,126.14,8861345.873999974,99.70898602352547,93.24573536191794
16988,126.12,8861471.993999973,99.710405141738,93.26878745965882
12814,125.92,8861597.913999973,99.71182200952519,93.29183955739973
13522,125.80000000000001,8861723.713999974,99.71323752705719,93.31489165514061
14861,125.79,8861849.503999973,99.71465293206792,93.33794375288151
14890,125.65,8861975.153999973,99.71606676178092,93.3609958506224
15017,125.58,8862100.733999973,99.71747980384505,93.3840479483633
12531,125.22,8862225.953999974,99.71888879514361,93.40710004610419
17148,124.88,8862350.833999975,99.7202939607191,93.43015214384509
16849,124.57,8862475.403999975,99.72169563813533,93.45320424158598
16569,124.2,8862599.603999974,99.7230931522647,93.47625633932688
14495,123.8,8862723.403999975,99.72448616554341,93.49930843706777
16658,123.24,8862846.643999975,99.7258728776312,93.52236053480867
15917,123.1,8862969.743999975,99.72725801442125,93.54541263254956
13519,122.75,8863092.493999975,99.72863921296698,93.56846473029046
13876,122.7,8863215.193999974,99.73001984890637,93.59151682803135
13638,122.64,8863337.833999975,99.73139980971818,93.61456892577225
16073,122.39999999999999,8863460.233999975,99.7327770700196,93.63762102351313
18018,122.14,8863582.373999976,99.73415140476808,93.66067312125404
13244,121.74000000000001,8863704.113999976,99.7355212386659,93.68372521899492
13182,121.18,8863825.293999976,99.73688477137279,93.70677731673582
15049,121.17000000000002,8863946.463999975,99.73824819155843,93.72982941447671
14413,121.05,8864067.513999976,99.73961026148886,93.75288151221761
15512,121.0,8864188.513999976,99.74097176881297,93.7759336099585
13002,120.94999999999999,8864309.463999975,99.74233271353073,93.7989857076994
17446,120.9,8864430.363999976,99.74369309564217,93.82203780544029
14165,120.44,8864550.803999975,99.74504830177534,93.84508990318119
18015,120.03,8864670.833999975,99.7463988945366,93.86814200092208
14259,120.0,8864790.833999975,99.74774914973405,93.89119409866298
14314,120.0,8864910.833999975,99.7490994049315,93.91424619640387
14453,119.93,8865030.763999974,99.75044887248009,93.93729829414477
16542,119.62,8865150.383999974,99.75179485186942,93.96035039188565
15266,119.3,8865269.683999974,99.75313723057823,93.98340248962656
16666,118.98,8865388.663999975,99.7544760086065,94.00645458736744
15843,118.95000000000002,8865507.613999974,99.75581444907098,94.02950668510834
17079,118.80000000000001,8865626.413999975,99.75715120171647,94.05255878284923
14155,118.75,8865745.163999975,99.75848739175561,94.07561088059013
14076,118.67,8865863.833999975,99.75982268162463,94.09866297833102
13581,118.0,8865981.833999975,99.7611504325688,94.12171507607192
12929,117.85,8866099.683999974,99.76247649569396,94.14476717381281
17654,117.55,8866217.233999975,99.76379918318115,94.16781927155371
16959,117.35000000000001,8866334.583999975,99.76511962024298,94.1908713692946
13877,117.24,8866451.823999975,99.76643881957091,94.2139234670355
17117,116.19999999999999,8866568.023999974,99.7677463166871,94.23697556477639
17601,116.00999999999999,8866684.033999974,99.76905167589923,94.26002766251729
14143,115.8,8866799.833999975,99.77035467216479,94.28307976025818
15350,115.65,8866915.483999975,99.77165598061134,94.30613185799908
13067,115.46000000000001,8867030.943999976,99.77295515115384,94.32918395573996
18027,115.31,8867146.253999976,99.77425263387732,94.35223605348087
14972,114.77,8867261.023999976,99.77554404045243,94.37528815122175
13188,114.60000000000001,8867375.623999976,99.77683353416599,94.39834024896265
16247,114.56,8867490.183999976,99.7781225777945,94.42139234670354
14632,114.56,8867604.743999977,99.77941162142301,94.44444444444444
17852,114.34,8867719.083999977,99.78069818958365,94.46749654218533
17219,114.23,8867833.313999977,99.78198352001037,94.49054863992623
14652,114.18,8867947.493999977,99.78326828783074,94.51360073766712
12938,114.14,8868061.633999977,99.78455260556606,94.53665283540802
14582,114.11,8868175.743999977,99.78583658573757,94.55970493314891
12651,114.0,8868289.743999977,99.78711932817515,94.58275703088981
14457,113.64,8868403.383999977,99.78839801984716,94.6058091286307
15445,113.5,8868516.883999977,99.7896751362214,94.6288612263716
17217,113.5,8868630.383999977,99.79095225259567,94.65191332411248
18105,113.48000000000002,8868743.863999978,99.7922291439274,94.67496542185339
16913,113.44,8868857.303999977,99.79350558517406,94.69801751959427
15280,113.12,8868970.423999976,99.79477842574018,94.72106961733517
14689,112.8,8869083.223999977,99.7960476656258,94.74412171507606
16697,112.75,8869195.973999977,99.79731634290509,94.76717381281696
13161,112.75,8869308.723999977,99.79858502018436,94.79022591055785
13807,112.6,8869421.323999977,99.79985200964462,94.81327800829875
18129,112.55000000000001,8869533.873999977,99.8011184364986,94.83633010603964
15610,112.46000000000001,8869646.333999978,99.80238385066114,94.85938220378054
17038,112.4,8869758.733999979,99.80364858969611,94.88243430152143
14271,112.32,8869871.053999979,99.80491242856093,94.90548639926233
17967,112.27,8869983.323999979,99.8061757048194,94.92853849700322
17900,112.19999999999999,8870095.523999978,99.80743819342902,94.95159059474412
13193,112.08,8870207.603999978,99.80869933178344,94.974642692485
12756,112.07999999999998,8870319.683999978,99.80996047013787,94.9976947902259
17957,111.68,8870431.363999978,99.81121710764162,95.0207468879668
17887,111.35,8870542.713999977,99.8124700319436,95.0437989857077
18120,111.15,8870653.863999978,99.81372070582024,95.06685108344858
13508,110.97,8870764.833999978,99.8149693543141,95.08990318118948
13144,110.95,8870875.783999978,99.8162177777654,95.11295527893037
15537,110.92,8870986.703999978,99.81746586365293,95.13600737667127
15853,110.8,8871097.503999978,99.81871259928525,95.15905947441216
16963,110.55000000000001,8871208.053999979,99.81995652188591,95.18211157215306
14641,110.46,8871318.51399998,99.82119943179518,95.20516366989395
12734,110.39999999999999,8871428.91399998,99.82244166657685,95.22821576763485
16792,110.38000000000001,8871539.293999981,99.82368367631598,95.25126786537574
17901,110.38,8871649.673999982,99.82492568605511,95.27431996311664
18277,110.38,8871760.053999983,99.82616769579425,95.29737206085753
17746,110.25,8871870.303999983,99.82740824275692,95.32042415859844
17836,110.21000000000001,8871980.513999984,99.82864833963451,95.34347625633933
13133,109.8,8872090.313999984,99.8298838231402,95.36652835408023
16363,109.36000000000001,8872199.673999984,99.83111435571014,95.38958045182112
14699,109.13000000000001,8872308.803999985,99.83234230029096,95.41263254956202
14345,108.97999999999999,8872417.783999985,99.8335685570528,95.4356846473029
13170,108.81,8872526.593999986,99.83479290095309,95.45873674504381
17639,108.5,8872635.093999986,99.83601375669413,95.4817888427847
16106,108.38,8872743.473999986,99.83723326217998,95.5048409405256
13226,108.21000000000001,8872851.683999987,99.8384508548043,95.52789303826648
12956,108.07,8872959.753999988,99.83966687213088,95.55094513600739
14661,107.95,8873067.703999987,99.84088153920224,95.57399723374827
17274,107.82,8873175.523999987,99.84209474349716,95.59704933148917
16784,107.6,8873283.123999987,99.8433054723242,95.62010142923006
15395,107.45,8873390.573999986,99.84451451333226,95.64315352697096
17893,107.21,8873497.783999987,99.84572085382992,95.66620562471185
16757,106.83000000000001,8873604.613999987,99.84692291851945,95.68925772245275
15168,106.56,8873711.173999988,99.8481219451348,95.71230982019364
15070,106.2,8873817.373999987,99.84931692098455,95.73536191793454
17791,106.1,8873923.473999986,99.85051077162163,95.75841401567543
16581,105.84,8874029.313999986,99.85170169670579,95.78146611341633
15775,104.9,8874134.213999987,99.85288204479089,95.80451821115722
14027,104.82,8874239.033999987,99.85406149270587,95.82757030889812
15607,104.76,8874343.793999987,99.85524026549325,95.850622406639
15958,104.35,8874448.143999986,99.8564144249087,95.8736745043799
18174,104.0,8874552.143999986,99.85758464607983,95.8967266021208
17548,103.3,8874655.443999987,99.85874699076231,95.9197786998617
18255,103.3,8874758.743999988,99.8599093354448,95.94283079760258
14542,103.25,8874861.993999988,99.86107111752095,95.96588289534348
18011,102.78999999999999,8874964.783999987,99.86222772361883,95.98893499308437
14836,102.44999999999999,8875067.233999986,99.86338050399364,96.01198709082527
17962,102.41,8875169.643999986,99.86453283428341,96.03503918856616
14981,102.12,8875271.763999986,99.86568190145643,96.05809128630706
13948,102.0,8875373.763999986,99.86682961837427,96.08114338404795
15212,101.8,8875475.563999986,99.86797508486679,96.10419548178885
16516,101.69999999999999,8875577.263999986,99.86911942614663,96.12724757952974
18068,101.69999999999999,8875678.963999985,99.87026376742647,96.15029967727064
17643,101.55,8875780.513999986,99.87140642088731,96.17335177501153
16006,101.4,8875881.913999986,99.87254738652916,96.19640387275243
18086,101.34,8875983.253999986,99.87368767704342,96.21945597049331
13101,101.19,8876084.443999985,99.87482627973866,96.24250806823422
16344,101.10000000000001,8876185.543999985,99.8759638697425,96.2655601659751
16498,100.97,8876286.513999986,99.87709999696992,96.288612263716
14946,100.9,8876387.413999986,99.87823533654844,96.31166436145689
17427,100.8,8876488.213999987,99.87936955091432,96.3347164591978
14371,100.5,8876588.713999987,99.8805003896422,96.35776855693868
13703,99.5,8876688.213999987,99.88161997624341,96.38082065467958
17939,99.14,8876787.353999987,99.88273551207905,96.40387275242047
15256,98.45,8876885.803999986,99.8838432839473,96.42692485016137
17538,98.42,8876984.223999986,99.88495071825174,96.44997694790226
17349,98.25,8877082.473999986,99.88605623969465,96.47302904564316
15422,97.7,8877180.173999986,99.88715557246792,96.49608114338405
12984,97.5,8877277.673999986,99.88825265481583,96.51913324112495
17325,96.8,8877374.473999986,99.88934186067513,96.54218533886583
15216,96.6,8877471.073999986,99.89042881610908,96.56523743660674
14642,96.12,8877567.193999985,99.89151037052223,96.58828953434762
17024,95.85,8877663.043999985,99.89258888686119,96.61134163208852
17895,95.45,8877758.493999984,99.8936629023495,96.63439372982941
18249,95.34,8877853.833999984,99.89473568010388,96.65744582757031
12548,95.19999999999999,8877949.033999983,99.8958068825605,96.6804979253112
16387,94.36,8878043.393999983,99.89686863323077,96.7035500230521
13651,94.2,8878137.593999982,99.89792858356077,96.72660212079299
16339,94.05,8878231.643999983,99.89898684607178,96.74965421853389
15397,94.0,8878325.643999983,99.90004454597646,96.77270631627478
18033,93.82000000000001,8878419.463999983,99.90110022049834,96.79575841401568
15428,93.78,8878513.243999982,99.90215544493513,96.81881051175657
18227,93.75,8878606.993999982,99.90321033180815,96.84186260949747
13283,93.66,8878700.653999982,99.90426420598976,96.86491470723836
17991,93.35,8878794.003999982,99.90531459201212,96.88796680497926
12821,92.72,8878886.723999983,99.9063578891947,96.91101890272014
14054,92.46,8878979.183999984,99.90739826082434,96.93407100046105
12789,91.85,8879071.033999983,99.90843176865673,96.95712309820193
13551,91.80000000000001,8879162.833999984,99.90946471388278,96.98017519594283
13160,91.8,8879254.633999985,99.91049765910886,97.00322729368372
12659,91.68,8879346.313999984,99.9115292540797,97.02627939142462
15488,91.32000000000001,8879437.633999985,99.91255679828497,97.04933148916551
14353,90.6,8879528.233999984,99.91357624095905,97.07238358690641
13947,90.6,8879618.833999984,99.91459568363312,97.0954356846473
18084,90.47999999999999,8879709.313999984,99.915613776052,97.1184877823882
16506,90.30000000000001,8879799.613999985,99.9166298430881,97.14153988012909
15552,90.12,8879889.733999984,99.91764388474138,97.16459197786999
16597,90.04,8879979.773999983,99.91865702622454,97.18764407561088
14117,90.0,8880069.773999983,99.91966971762261,97.21069617335178
14219,89.94,8880159.713999983,99.92068173389312,97.23374827109267
14974,89.94,8880249.653999982,99.9216937501636,97.25680036883357
14760,89.2,8880338.853999982,99.92269743986036,97.27985246657445
12686,89.14,8880427.993999982,99.92370045442954,97.30290456431536
14436,89.06,8880517.053999983,99.9247025688286,97.32595666205624
12353,89.0,8880606.053999983,99.92570400810004,97.34900875979714
15083,88.2,8880694.253999982,99.92669644567016,97.37206085753803
15180,87.5,8880781.753999982,99.92768100675164,97.39511295527893
13296,87.4,8880869.153999982,99.92866444262046,97.41816505301982
15541,85.13000000000001,8880954.283999983,99.9296223361618,97.44121715076072
13841,85.0,8881039.283999983,99.93057876692666,97.46426924850161
15729,85.0,8881124.283999983,99.93153519769152,97.48732134624251
13666,84.65,8881208.933999984,99.93248769021207,97.5103734439834
12401,84.3,8881293.233999984,99.93343624448829,97.5334255417243
17309,82.75,8881375.983999984,99.9343673579682,97.55647763946519
13006,81.57,8881457.553999985,99.93528519393868,97.57952973720609
17620,81.44,8881538.993999984,99.93620156713267,97.60258183494697
18281,80.82,8881619.813999984,99.93711096400817,97.62563393268788
16789,80.8,8881700.613999985,99.93802013584113,97.64868603042876
13967,80.7,8881781.313999984,99.93892818246141,97.67173812816966
17752,80.64,8881861.953999985,99.9398355539541,97.69479022591055
13747,79.6,8881941.553999985,99.94073122323508,97.71784232365145
16078,79.2,8882020.753999984,99.94162239166539,97.74089442139234
15753,79.2,8882099.953999983,99.94251356009572,97.76394651913324
17942,77.50000000000001,8882177.453999983,99.94338559991073,97.78699861687413
14785,77.4,8882254.853999984,99.9442565145131,97.81005071461503
13132,77.3,8882332.153999984,99.9451263039028,97.83310281235592
13992,76.8,8882408.953999985,99.94599046722918,97.85615491009682
14373,76.55,8882485.503999986,99.94685181752389,97.8792070078377
13106,76.5,8882562.003999986,99.94771260521227,97.90225910557861
17536,76.5,8882638.503999986,99.94857339290066,97.9253112033195
18113,76.32000000000001,8882714.823999986,99.94943215520624,97.9483633010604
16148,76.32000000000001,8882791.143999986,99.95029091751184,97.97141539880128
14090,76.32000000000001,8882867.463999987,99.9511496798174,97.99446749654219
15668,76.32000000000001,8882943.783999987,99.952008442123,98.01751959428307
17995,76.1,8883019.883999987,99.9528647289607,98.04057169202397
17628,75.75,8883095.633999987,99.9537170775541,98.06362378976486
16610,75.66,8883171.293999987,99.9545684134561,98.08667588750576
13403,75.0,8883246.293999987,99.95541232295452,98.10972798524665
16468,74.9,8883321.193999987,99.95625510724027,98.13278008298755
18050,74.4,8883395.593999987,99.95709226546269,98.15583218072844
13095,74.39999999999999,8883469.993999988,99.95792942368512,98.17888427846934
17960,73.78,8883543.773999987,99.95875960558901,98.20193637621023
18032,73.5,8883617.273999987,99.95958663689746,98.22498847395113
12506,73.5,8883690.773999987,99.96041366820589,98.24804057169202
16171,73.2,8883763.973999986,99.96123732387633,98.27109266943292
17906,72.9,8883836.873999987,99.96205760390879,98.2941447671738
13686,72.0,8883908.873999987,99.96286775702727,98.3171968649147
13938,71.66,8883980.533999987,99.96367408442268,98.3402489626556
17747,71.4,8884051.933999987,99.96447748626517,98.3633010603965
13185,71.4,8884123.333999988,99.96528088810767,98.38635315813738
17022,71.0,8884194.333999988,99.9660797890995,98.40940525587828
18037,70.02,8884264.353999987,99.96686766300719,98.43245735361917
15863,68.84,8884333.193999987,99.96764225940548,98.45550945136009
14393,67.95,8884401.143999986,99.96840684141102,98.47856154910097
17382,65.4,8884466.543999987,99.96914273049364,98.50161364684186
13684,65.13,8884531.673999988,99.96987558150208,98.52466574458276
13130,64.0,8884595.673999988,99.97059571760738,98.54771784232366
13302,63.75,8884659.423999988,99.97131304068103,98.57076994006455
17263,63.440000000000005,8884722.863999987,99.9720268755954,98.59382203780544
14437,63.0,8884785.863999987,99.97273575957408,98.61687413554634
12665,63.0,8884848.863999987,99.97344464355274,98.63992623328724
14840,62.85,8884911.713999987,99.9741518397124,98.66297833102813
13218,62.63999999999999,8884974.353999987,99.97485667292548,98.68603042876902
15516,62.43,8885036.783999987,99.97555914319196,98.70908252650992
13194,60.7,8885097.483999986,99.97624214727932,98.73213462425082
17174,59.9,8885157.383999987,99.9769161496654,98.7551867219917
13391,59.8,8885217.183999987,99.9775890268388,98.7782388197326
13682,59.5,8885276.683999987,99.97825852837421,98.8012909174735
14957,58.49,8885335.173999988,99.9789166652617,98.8243430152144
13080,58.08,8885393.253999988,99.97957018877727,98.84739511295528
17775,56.4,8885449.653999988,99.98020480872009,98.87044721069617
15899,56.25,8885505.903999988,99.98083774084388,98.89349930843707
13366,56.160000000000004,8885562.063999988,99.9814696602763,98.91655140617797
16349,53.5,8885615.563999988,99.98207164905183,98.93960350391886
15504,52.83,8885668.393999988,99.98266609890251,98.96265560165975
14865,52.2,8885720.593999987,99.9832534599134,98.98570769940065
13832,52.199999999999996,8885772.793999987,99.98384082092429,99.00875979714155
14682,52.0,8885824.793999987,99.98442593150985,99.03181189488244
15313,52.0,8885876.793999987,99.98501104209541,99.05486399262332
17844,51.559999999999995,8885928.353999987,99.98559120174527,99.07791609036423
14351,51.0,8885979.353999987,99.98616506020419,99.10096818810513
13011,50.550000000000004,8886029.903999988,99.98673385520611,99.12402028584602
18184,49.8,8886079.703999989,99.98729421111307,99.1470723835869
14821,48.800000000000004,8886128.50399999,99.98784331489338,99.1701244813278
15603,48.480000000000004,8886176.98399999,99.98838881799314,99.1931765790687
16257,46.95,8886223.93399999,99.98891710533914,99.21622867680959
14080,45.599999999999994,8886269.533999989,99.98943020231418,99.23928077455048
15423,43.5,8886313.033999989,99.98991966982325,99.26233287229138
14300,43.2,8886356.233999988,99.99040576169432,99.28538497003228
15992,41.989999999999995,8886398.223999988,99.99087823849217,99.30843706777317
15178,40.5,8886438.723999988,99.99133394962132,99.33148916551406
14589,39.75,8886478.473999988,99.99178122165547,99.35454126325496
12977,39.239999999999995,8886517.713999989,99.99222275510505,99.37759336099586
16659,39.12,8886556.833999988,99.9926629382994,99.40064545873675
18019,38.45,8886595.283999987,99.99309558256891,99.42369755647763
12855,38.1,8886633.383999987,99.9935242885941,99.44674965421854
16162,37.4,8886670.783999987,99.99394511813064,99.46980175195944
17816,36.56,8886707.343999987,99.99435649588081,99.49285384970032
15940,35.8,8886743.143999988,99.99475932201473,99.51590594744121
17831,35.400000000000006,8886778.543999989,99.99515764729799,99.53895804518211
16856,35.400000000000006,8886813.943999989,99.99555597258124,99.56201014292301
14576,35.400000000000006,8886849.34399999,99.99595429786449,99.5850622406639
15744,34.8,8886884.14399999,99.99634587187177,99.60811433840479
16765,34.0,8886918.14399999,99.9967284441777,99.63116643614569
17408,32.65,8886950.79399999,99.99709582611268,99.65421853388659
13120,30.599999999999998,8886981.39399999,99.99744014118804,99.67727063162748
15657,30.0,8887011.39399999,99.99777770498739,99.70032272936837
17102,25.5,8887036.89399999,99.99806463421686,99.72337482710927
18268,25.5,8887062.39399999,99.9983515634463,99.74642692485017
16953,20.8,8887083.19399999,99.99858560768054,99.76947902259106
17986,20.8,8887103.993999992,99.99881965191479,99.79253112033194
16093,17.0,8887120.993999992,99.99901093806776,99.81558321807285
15823,15.0,8887135.993999992,99.99917971996743,99.83863531581375
13307,15.0,8887150.993999992,99.99934850186712,99.86168741355463
17763,15.0,8887165.993999992,99.9995172837668,99.88473951129552
16878,13.3,8887179.293999992,99.99966693705119,99.90779160903642
17956,12.75,8887192.043999992,99.99981040166593,99.93084370677732
16454,6.9,8887198.943999993,99.99988804133977,99.95389580451821
14792,6.2,8887205.143999992,99.99995780452497,99.9769479022591
16738,3.75,8887208.893999992,99.9999999999999,100.0
