CustomerID,TotalTransactions,TotalQuantity,TotalRevenue,UniqueProducts,ActiveDays,FirstPurchase,LastPurchase,CustomerLifetimeDays,Cluster,Segment
12346,2,0,0.0,1,1,2011-01-18 10:01:00,2011-01-18 10:17:00,0,0,Segment 0
12347,7,2458,4310.0,103,7,2010-12-07 14:57:00,2011-12-07 15:52:00,365,2,Segment 2
12348,4,2341,1797.24,22,4,2010-12-16 19:09:00,2011-09-25 13:13:00,282,0,Segment 0
12349,1,631,1757.55,73,1,2011-11-21 09:51:00,2011-11-21 09:51:00,0,2,Segment 2
12350,1,197,334.4,17,1,2011-02-02 16:01:00,2011-02-02 16:01:00,0,0,Segment 0
12352,11,470,1545.41,59,7,2011-02-16 12:33:00,2011-11-03 14:37:00,260,2,Segment 2
12353,1,20,89.0,4,1,2011-05-19 17:47:00,2011-05-19 17:47:00,0,0,Segment 0
12354,1,530,1079.4,58,1,2011-04-21 13:11:00,2011-04-21 13:11:00,0,2,Segment 2
12355,1,240,459.4,13,1,2011-05-09 13:49:00,2011-05-09 13:49:00,0,0,Segment 0
12356,3,1591,2811.43,53,3,2011-01-18 09:50:00,2011-11-17 08:40:00,302,2,Segment 2
12357,1,2708,6207.67,131,1,2011-11-06 16:07:00,2011-11-06 16:07:00,0,2,Segment 2
12358,2,248,1168.06,13,2,2011-07-12 10:04:00,2011-12-08 10:26:00,149,0,Segment 0
12359,6,1599,6182.9800000000005,214,6,2011-01-12 12:43:00,2011-12-02 11:21:00,323,2,Segment 2
12360,3,1165,2662.06,105,3,2011-05-23 09:43:00,2011-10-18 15:22:00,148,2,Segment 2
12361,1,91,189.9,10,1,2011-02-25 13:51:00,2011-02-25 13:51:00,0,0,Segment 0
12362,13,2212,5154.58,201,13,2011-02-17 10:30:00,2011-12-06 15:40:00,292,2,Segment 2
12363,2,408,552.0,23,2,2011-04-11 13:29:00,2011-08-22 10:18:00,132,0,Segment 0
12364,4,1506,1313.1,70,4,2011-08-19 15:24:00,2011-12-02 10:22:00,104,2,Segment 2
12365,3,173,320.69,22,1,2011-02-21 13:51:00,2011-02-21 14:04:00,0,0,Segment 0
12367,1,173,168.9,11,1,2011-12-05 16:48:00,2011-12-05 16:48:00,0,0,Segment 0
12370,4,2352,3541.94,143,4,2010-12-14 12:58:00,2011-10-19 14:51:00,309,2,Segment 2
12371,2,591,1887.96,63,2,2011-10-11 10:43:00,2011-10-26 10:16:00,14,2,Segment 2
12372,3,794,1298.04,34,3,2011-02-16 12:46:00,2011-09-29 12:12:00,224,2,Segment 2
12373,1,197,364.6,14,1,2011-02-01 13:10:00,2011-02-01 13:10:00,0,0,Segment 0
12374,1,342,742.9300000000001,33,1,2011-11-14 15:37:00,2011-11-14 15:37:00,0,2,Segment 2
12375,3,177,455.42,14,3,2011-09-02 14:23:00,2011-12-07 11:27:00,95,0,Segment 0
12377,2,944,1628.12,72,2,2010-12-20 09:37:00,2011-01-28 15:45:00,39,2,Segment 2
12378,1,2529,4008.62,219,1,2011-08-02 10:34:00,2011-08-02 10:34:00,0,2,Segment 2
12379,3,406,850.29,39,3,2011-06-22 16:32:00,2011-09-19 10:09:00,88,2,Segment 2
12380,5,1126,2720.56,77,5,2011-06-07 09:49:00,2011-11-18 11:27:00,164,2,Segment 2
12381,6,783,1803.96,70,6,2011-08-12 09:57:00,2011-12-05 12:44:00,115,2,Segment 2
12383,6,1529,1839.31,84,6,2010-12-22 14:28:00,2011-06-08 08:02:00,167,2,Segment 2
12384,3,121,566.16,26,3,2011-08-10 11:23:00,2011-11-11 08:39:00,92,0,Segment 0
12386,2,354,401.9,10,2,2010-12-08 09:53:00,2011-01-06 12:37:00,29,0,Segment 0
12388,6,1462,2780.66,57,6,2011-01-17 11:12:00,2011-11-24 12:30:00,311,2,Segment 2
12390,1,353,549.84,32,1,2011-09-21 09:33:00,2011-09-21 09:33:00,0,0,Segment 0
12391,1,293,439.66,92,1,2011-11-18 12:07:00,2011-11-18 12:07:00,0,2,Segment 2
12393,4,816,1582.6,47,4,2011-01-11 09:47:00,2011-09-28 15:41:00,260,2,Segment 2
12394,2,819,1272.48,26,2,2011-05-06 14:01:00,2011-10-07 08:08:00,153,0,Segment 0
12395,15,2113,2998.28,91,14,2010-12-03 16:35:00,2011-11-24 12:20:00,355,2,Segment 2
12397,2,1263,2409.9,110,2,2011-07-27 14:21:00,2011-11-04 09:52:00,99,2,Segment 2
12398,1,1394,1635.66,85,1,2011-10-25 10:27:00,2011-10-25 10:27:00,0,2,Segment 2
12399,4,1178,1108.65,47,4,2011-03-23 09:42:00,2011-08-12 13:15:00,142,2,Segment 2
12401,1,11,84.3,5,1,2011-02-09 13:50:00,2011-02-09 13:50:00,0,0,Segment 0
12402,1,94,225.6,11,1,2011-01-20 13:49:00,2011-01-20 13:49:00,0,0,Segment 0
12403,2,95,409.7,5,1,2011-10-21 10:51:00,2011-10-21 11:00:00,0,0,Segment 0
12405,1,857,1710.39,54,1,2011-07-14 08:52:00,2011-07-14 08:52:00,0,2,Segment 2
12406,3,1809,3280.75,92,3,2011-06-09 10:23:00,2011-11-17 19:22:00,161,2,Segment 2
12407,5,1416,1708.12,57,5,2011-03-20 13:21:00,2011-10-21 10:11:00,214,2,Segment 2
12408,9,1399,2842.57,81,7,2011-03-24 14:46:00,2011-11-07 12:30:00,227,2,Segment 2
12409,7,5543,11056.93,91,4,2011-06-10 12:19:00,2011-09-22 10:38:00,103,2,Segment 2
12410,3,209,681.0799999999999,26,2,2011-02-04 10:38:00,2011-02-11 15:47:00,7,0,Segment 0
12412,3,829,1226.88,43,3,2011-06-23 13:51:00,2011-09-26 10:16:00,94,2,Segment 2
12413,5,282,694.15,29,4,2011-01-06 16:12:00,2011-10-04 09:00:00,270,0,Segment 0
12414,3,300,562.41,16,3,2011-02-02 14:51:00,2011-05-06 14:51:00,93,0,Segment 0
12415,26,77242,123725.45,444,18,2011-01-06 11:12:00,2011-11-15 14:22:00,313,1,Segment 1
12417,12,1539,3578.8,158,12,2010-12-17 11:51:00,2011-12-06 14:52:00,354,2,Segment 2
12418,1,407,668.58,34,1,2011-08-19 11:08:00,2011-08-19 11:08:00,0,2,Segment 2
12420,1,345,600.39,29,1,2011-10-07 08:55:00,2011-10-07 08:55:00,0,0,Segment 0
12421,5,483,806.27,33,4,2011-01-24 15:09:00,2011-11-24 09:07:00,303,2,Segment 2
12422,3,370,803.5600000000001,39,3,2011-01-19 09:13:00,2011-09-05 09:48:00,229,2,Segment 2
12423,9,1327,1849.11,97,9,2010-12-21 10:54:00,2011-12-09 10:10:00,352,2,Segment 2
12424,2,740,1760.96,30,1,2011-06-30 12:06:00,2011-06-30 12:06:00,0,0,Segment 0
12425,1,496,777.2,36,1,2011-09-22 17:31:00,2011-09-22 17:31:00,0,2,Segment 2
12426,1,258,582.73,30,1,2011-05-29 12:26:00,2011-05-29 12:26:00,0,0,Segment 0
12427,5,236,708.37,26,5,2010-12-03 10:44:00,2011-11-28 10:48:00,360,0,Segment 0
12428,12,3503,7877.2,258,10,2011-03-01 09:33:00,2011-11-14 08:22:00,257,2,Segment 2
12429,4,1557,3750.4,82,4,2010-12-09 12:05:00,2011-11-30 17:22:00,356,2,Segment 2
12430,1,117,256.4,11,1,2011-10-27 15:09:00,2011-10-27 15:09:00,0,0,Segment 0
12431,18,2858,6348.89,163,16,2010-12-01 10:03:00,2011-11-04 11:55:00,338,2,Segment 2
12432,5,1801,5059.32,107,3,2011-06-20 13:27:00,2011-10-28 11:43:00,129,2,Segment 2
12433,7,11071,13375.87,219,6,2010-12-01 13:24:00,2011-12-09 10:02:00,372,2,Segment 2
12434,4,373,765.19,49,4,2010-12-14 11:12:00,2011-09-16 12:38:00,276,2,Segment 2
12435,2,2055,7829.89,31,2,2011-03-17 07:40:00,2011-09-21 09:06:00,188,2,Segment 2
12436,1,211,509.01,16,1,2011-09-01 12:09:00,2011-09-01 12:09:00,0,0,Segment 0
12437,19,2918,4896.66,119,16,2011-01-12 14:13:00,2011-12-08 11:35:00,329,2,Segment 2
12438,2,1180,2906.85,84,2,2011-07-22 13:29:00,2011-11-25 13:28:00,125,2,Segment 2
12441,1,121,173.55,11,1,2010-12-08 10:45:00,2010-12-08 10:45:00,0,0,Segment 0
12442,1,182,172.06,12,1,2011-12-06 14:22:00,2011-12-06 14:22:00,0,0,Segment 0
12444,5,1155,5005.46,138,5,2011-06-21 14:00:00,2011-11-18 13:23:00,149,2,Segment 2
12445,1,62,133.4,4,1,2011-11-17 18:43:00,2011-11-17 18:43:00,0,0,Segment 0
12446,1,352,1002.31,58,1,2011-10-13 12:50:00,2011-10-13 12:50:00,0,2,Segment 2
12447,1,190,476.49,26,1,2011-04-10 13:25:00,2011-04-10 13:25:00,0,0,Segment 0
12448,1,243,449.45,22,1,2011-10-26 13:46:00,2011-10-26 13:46:00,0,0,Segment 0
12449,4,1553,4067.29,118,4,2011-06-05 15:37:00,2011-11-17 13:46:00,164,2,Segment 2
12450,2,128,197.88,7,2,2011-06-19 14:36:00,2011-07-06 14:41:00,17,0,Segment 0
12451,6,6455,8933.52,265,6,2011-01-19 09:05:00,2011-11-29 08:40:00,313,2,Segment 2
12452,3,183,428.57,21,1,2011-11-23 08:05:00,2011-11-23 10:28:00,0,0,Segment 0
12453,1,473,707.09,43,1,2011-07-28 14:08:00,2011-07-28 14:08:00,0,2,Segment 2
12454,2,0,5.684341886080804e-14,15,2,2011-10-14 17:13:00,2011-10-17 15:07:00,2,0,Segment 0
12455,6,2089,2466.86,85,6,2011-02-16 09:56:00,2011-09-27 15:31:00,223,2,Segment 2
12456,4,1616,3153.89,105,4,2011-03-30 09:12:00,2011-10-26 14:41:00,210,2,Segment 2
12457,12,695,1917.78,53,9,2011-04-14 18:57:00,2011-10-12 13:46:00,180,2,Segment 2
12458,2,506,947.4,35,2,2011-02-28 10:55:00,2011-09-29 15:25:00,213,2,Segment 2
12461,2,287,826.88,35,2,2011-07-08 10:23:00,2011-09-06 16:57:00,60,2,Segment 2
12462,4,514,1124.01,51,4,2011-02-09 14:44:00,2011-12-07 14:02:00,300,2,Segment 2
12463,7,757,1303.63,66,6,2011-04-12 12:47:00,2011-10-24 13:43:00,195,2,Segment 2
12464,8,112,1212.05,6,7,2011-02-03 13:30:00,2011-11-29 13:33:00,299,0,Segment 0
12465,3,475,733.89,46,3,2011-06-23 13:37:00,2011-12-02 11:34:00,161,2,Segment 2
12468,3,364,724.0400000000001,36,3,2011-01-27 13:29:00,2011-07-19 13:42:00,173,2,Segment 2
12471,49,7953,18705.52,152,39,2010-12-02 10:37:00,2011-12-07 15:43:00,370,2,Segment 2
12472,13,4020,6229.48,226,13,2010-12-01 14:33:00,2011-11-09 11:33:00,342,2,Segment 2
12473,9,2338,2837.73,140,5,2011-06-01 10:15:00,2011-11-10 13:48:00,162,2,Segment 2
12474,30,4750,7064.77,253,26,2010-12-06 12:00:00,2011-11-22 14:39:00,351,2,Segment 2
12475,1,535,723.38,36,1,2011-10-17 10:10:00,2011-10-17 10:10:00,0,2,Segment 2
12476,20,2337,6546.58,177,14,2010-12-13 14:37:00,2011-12-08 14:08:00,359,2,Segment 2
12477,9,3620,13117.01,192,9,2011-02-01 11:09:00,2011-11-17 09:51:00,288,2,Segment 2
12478,1,236,680.99,36,1,2011-12-06 09:56:00,2011-12-06 09:56:00,0,2,Segment 2
12479,3,351,477.3,31,3,2011-11-28 13:26:00,2011-12-06 09:25:00,7,0,Segment 0
12480,4,1707,3281.63,129,4,2011-01-07 15:27:00,2011-11-11 14:52:00,307,2,Segment 2
12481,11,3280,5574.36,150,9,2010-12-09 10:13:00,2011-11-17 08:29:00,342,2,Segment 2
12483,13,1097,2327.13,46,11,2011-01-04 14:20:00,2011-11-22 17:03:00,322,2,Segment 2
12484,8,2181,4480.87,256,8,2011-01-07 14:04:00,2011-11-07 11:37:00,303,2,Segment 2
12488,3,529,1298.66,46,3,2011-09-25 10:34:00,2011-11-30 08:50:00,65,2,Segment 2
12489,1,105,334.93,15,1,2011-01-07 13:13:00,2011-01-07 13:13:00,0,0,Segment 0
12490,10,3064,5417.93,131,10,2011-01-14 09:13:00,2011-12-04 16:07:00,324,2,Segment 2
12491,1,260,460.4,25,1,2011-11-01 12:18:00,2011-11-01 12:18:00,0,0,Segment 0
12492,2,192,263.21000000000004,19,2,2011-08-26 14:51:00,2011-10-07 15:15:00,42,0,Segment 0
12493,3,206,416.79,20,3,2011-05-26 14:53:00,2011-06-27 10:17:00,31,0,Segment 0
12494,13,690,1139.35,63,11,2010-12-09 11:31:00,2011-11-30 09:21:00,355,2,Segment 2
12497,1,1236,1043.1,14,1,2011-09-19 12:29:00,2011-09-19 12:29:00,0,0,Segment 0
12498,3,159,403.7000000000001,21,2,2011-10-13 09:30:00,2011-11-18 12:53:00,36,0,Segment 0
12500,13,2671,4206.27,34,11,2011-01-10 09:48:00,2011-11-16 16:20:00,310,2,Segment 2
12501,2,1722,2089.68,149,2,2011-01-07 12:28:00,2011-01-28 13:54:00,21,2,Segment 2
12502,5,820,3723.87,102,5,2011-02-03 10:41:00,2011-09-05 11:52:00,214,2,Segment 2
12503,1,-1,-1126.0,1,1,2011-01-06 11:51:00,2011-01-06 11:51:00,0,0,Segment 0
12504,4,51,114.0,6,3,2011-11-09 14:56:00,2011-11-21 16:02:00,12,0,Segment 0
12505,1,-1,-4.5,1,1,2011-02-11 13:39:00,2011-02-11 13:39:00,0,0,Segment 0
12506,1,23,73.5,23,1,2011-04-21 08:54:00,2011-04-21 08:54:00,0,0,Segment 0
12507,4,894,1258.06,19,3,2011-02-14 09:24:00,2011-07-28 17:09:00,164,0,Segment 0
12508,2,271,397.88,57,2,2011-11-10 16:27:00,2011-11-13 15:37:00,2,2,Segment 2
12509,1,55,176.5,7,1,2011-02-28 14:45:00,2011-02-28 14:45:00,0,0,Segment 0
12510,2,353,982.57,29,2,2011-01-18 14:04:00,2011-07-20 10:15:00,182,0,Segment 0
12512,2,96,132.18,31,1,2011-10-04 14:53:00,2011-10-04 14:55:00,0,0,Segment 0
12513,2,456,586.79,35,2,2011-08-19 10:51:00,2011-09-16 12:45:00,28,2,Segment 2
12514,1,440,1017.68,51,1,2011-03-17 16:38:00,2011-03-17 16:38:00,0,2,Segment 2
12515,1,131,383.7,16,1,2010-12-21 15:43:00,2010-12-21 15:43:00,0,0,Segment 0
12516,2,875,1312.06,20,2,2011-06-12 11:37:00,2011-09-23 09:13:00,102,0,Segment 0
12517,6,1338,2443.65,232,4,2011-06-02 15:13:00,2011-11-11 14:04:00,161,2,Segment 2
12518,5,1318,2056.89,84,5,2011-08-21 13:18:00,2011-12-09 10:13:00,109,2,Segment 2
12519,1,175,330.84,17,1,2011-10-07 09:26:00,2011-10-07 09:26:00,0,0,Segment 0
12520,6,1430,2582.51,121,6,2011-03-11 11:35:00,2011-09-21 15:23:00,194,2,Segment 2
12521,1,309,599.68,38,1,2011-07-20 10:51:00,2011-07-20 10:51:00,0,2,Segment 2
12522,2,194,192.72,11,2,2011-10-19 14:41:00,2011-10-31 15:30:00,12,0,Segment 0
12523,13,861,1745.57,84,13,2011-01-12 09:43:00,2011-12-08 11:46:00,330,2,Segment 2
12524,8,3699,4485.72,113,8,2011-01-10 10:35:00,2011-11-30 15:31:00,324,2,Segment 2
12526,3,632,1316.66,64,3,2011-09-06 14:19:00,2011-12-09 12:09:00,93,2,Segment 2
12527,3,234,348.71000000000004,18,3,2011-01-18 12:05:00,2011-09-19 11:55:00,243,0,Segment 0
12528,8,750,1922.28,50,8,2011-01-31 09:05:00,2011-11-30 14:40:00,303,2,Segment 2
12530,5,900,1623.63,51,5,2011-01-07 10:04:00,2011-10-11 12:34:00,277,2,Segment 2
12531,1,45,125.22,17,1,2011-11-25 11:12:00,2011-11-25 11:12:00,0,0,Segment 0
12532,1,153,349.83000000000004,16,1,2011-11-09 13:47:00,2011-11-09 13:47:00,0,0,Segment 0
12534,1,651,1089.18,63,1,2011-08-01 10:26:00,2011-08-01 10:26:00,0,2,Segment 2
12535,2,219,716.35,28,2,2011-06-06 12:47:00,2011-09-09 08:48:00,94,0,Segment 0
12536,5,2652,4106.82,260,3,2011-10-11 14:52:00,2011-12-02 12:43:00,51,2,Segment 2
12538,1,191,363.95,21,1,2011-11-10 17:16:00,2011-11-10 17:16:00,0,0,Segment 0
12539,5,2066,3852.5,158,4,2011-01-10 09:11:00,2011-11-17 13:30:00,311,2,Segment 2
12540,19,6677,13309.04,278,19,2010-12-13 09:39:00,2011-11-20 11:31:00,342,2,Segment 2
12541,3,680,981.18,46,3,2011-03-04 09:32:00,2011-11-10 10:40:00,251,2,Segment 2
12544,2,132,355.7,19,2,2011-11-03 16:15:00,2011-11-10 11:12:00,6,0,Segment 0
12545,2,523,1000.39,42,2,2011-03-25 12:04:00,2011-09-25 13:39:00,184,2,Segment 2
12546,3,617,1141.5,59,3,2011-09-23 09:44:00,2011-10-24 12:09:00,31,2,Segment 2
12547,2,134,207.8,7,2,2011-03-04 12:46:00,2011-05-26 12:38:00,82,0,Segment 0
12548,1,49,95.2,5,1,2011-06-26 15:35:00,2011-06-26 15:35:00,0,0,Segment 0
12550,1,569,964.83,57,1,2011-09-21 14:35:00,2011-09-21 14:35:00,0,2,Segment 2
12551,1,100,168.0,10,1,2010-12-17 11:23:00,2010-12-17 11:23:00,0,0,Segment 0
12552,2,88,437.82,20,2,2011-10-31 12:11:00,2011-11-01 10:02:00,0,0,Segment 0
12553,14,1924,3652.25,95,13,2011-01-14 10:42:00,2011-12-01 16:38:00,321,2,Segment 2
12556,2,355,599.56,100,2,2011-07-11 13:35:00,2011-10-20 13:06:00,100,2,Segment 2
12557,5,4384,11990.96,15,5,2010-12-03 12:20:00,2011-11-23 16:59:00,355,0,Segment 0
12558,2,0,1.0658141036401504e-14,11,2,2011-12-02 10:41:00,2011-12-08 10:14:00,5,0,Segment 0
12559,3,281,536.21,21,2,2011-01-24 10:12:00,2011-02-02 09:49:00,8,0,Segment 0
12560,4,1078,2101.39,92,4,2011-07-19 15:55:00,2011-12-04 13:54:00,137,2,Segment 2
12561,1,177,238.85,16,1,2011-02-10 11:39:00,2011-02-10 11:39:00,0,0,Segment 0
12562,7,1779,3781.74,99,7,2011-05-25 12:44:00,2011-12-01 17:20:00,190,2,Segment 2
12564,1,133,456.9,21,1,2011-03-23 14:55:00,2011-03-23 14:55:00,0,0,Segment 0
12565,2,75,131.17,9,2,2011-02-24 10:34:00,2011-03-03 11:43:00,7,0,Segment 0
12566,2,264,346.7,19,2,2011-09-14 14:30:00,2011-09-28 09:57:00,13,0,Segment 0
12567,11,4089,9114.94,323,9,2010-12-05 11:57:00,2011-11-17 11:02:00,346,2,Segment 2
12569,35,1793,4064.99,92,27,2011-04-01 13:47:00,2011-12-07 16:24:00,250,2,Segment 2
12571,2,523,519.61,31,2,2011-08-10 12:35:00,2011-10-31 10:19:00,81,0,Segment 0
12572,3,450,1004.72,53,3,2011-10-19 08:20:00,2011-12-01 09:20:00,43,2,Segment 2
12573,1,84,160.54000000000002,26,1,2011-04-26 15:52:00,2011-04-26 15:52:00,0,0,Segment 0
12574,1,61,218.45,11,1,2011-01-28 09:20:00,2011-01-28 09:20:00,0,0,Segment 0
12576,6,964,1306.98,72,6,2011-02-08 11:31:00,2011-11-04 10:11:00,268,2,Segment 2
12577,4,463,564.2,137,2,2010-12-15 16:21:00,2011-11-04 13:28:00,323,2,Segment 2
12578,4,1171,2753.36,112,4,2011-01-05 10:46:00,2011-11-18 13:30:00,317,2,Segment 2
12579,3,278,410.72,29,2,2011-09-22 17:15:00,2011-09-27 13:57:00,4,0,Segment 0
12580,1,238,415.7,24,1,2011-04-07 10:24:00,2011-04-07 10:24:00,0,0,Segment 0
12581,1,161,197.71,15,1,2011-10-31 08:56:00,2011-10-31 08:56:00,0,0,Segment 0
12582,2,300,511.36,21,2,2011-02-24 11:42:00,2011-04-15 08:45:00,49,0,Segment 0
12583,18,5009,7187.34,115,18,2010-12-01 08:45:00,2011-12-07 08:07:00,370,2,Segment 2
12584,18,354,1893.95,44,15,2011-03-04 15:15:00,2011-12-06 09:35:00,276,2,Segment 2
12585,4,1258,1982.81,77,4,2010-12-23 12:58:00,2011-04-19 13:39:00,117,2,Segment 2
12586,2,77,179.94000000000003,12,2,2010-12-06 09:31:00,2011-11-22 16:24:00,351,0,Segment 0
12587,1,51,144.0,4,1,2011-12-02 12:47:00,2011-12-02 12:47:00,0,0,Segment 0
12588,1,53,214.9,10,1,2011-10-31 15:01:00,2011-10-31 15:01:00,0,0,Segment 0
12589,2,306,646.68,29,2,2011-07-18 12:05:00,2011-11-11 10:19:00,115,0,Segment 0
12590,3,4279,9861.38,68,2,2011-05-12 14:46:00,2011-06-02 14:25:00,20,2,Segment 2
12591,1,228,452.85,26,1,2011-01-26 14:35:00,2011-01-26 14:35:00,0,0,Segment 0
12592,2,290,437.6,11,2,2011-05-10 13:44:00,2011-09-08 15:04:00,121,0,Segment 0
12593,3,206,418.1,14,3,2011-05-05 09:29:00,2011-08-23 12:43:00,110,0,Segment 0
12594,11,1776,3320.2200000000003,50,9,2011-01-21 09:52:00,2011-11-02 12:20:00,285,2,Segment 2
12596,2,474,618.27,25,2,2011-04-11 13:22:00,2011-10-19 13:02:00,190,0,Segment 0
12597,5,2187,3683.13,184,5,2011-03-16 14:00:00,2011-11-20 13:33:00,248,2,Segment 2
12598,9,1940,3002.68,84,8,2011-02-28 11:58:00,2011-11-30 12:18:00,275,2,Segment 2
12599,7,956,1032.58,32,7,2011-02-08 13:28:00,2011-11-10 13:34:00,275,2,Segment 2
12600,11,773,2581.04,32,11,2010-12-03 12:57:00,2011-11-11 10:29:00,342,2,Segment 2
12601,6,244,569.5600000000001,21,6,2011-01-11 10:38:00,2011-06-03 10:17:00,142,0,Segment 0
12602,1,162,153.12,12,1,2011-10-12 11:22:00,2011-10-12 11:22:00,0,0,Segment 0
12603,1,64,739.1999999999999,3,1,2011-11-18 10:42:00,2011-11-18 10:42:00,0,0,Segment 0
12604,2,201,254.18,15,2,2011-03-23 12:06:00,2011-09-21 14:08:00,182,0,Segment 0
12605,1,-4,-7.5,3,1,2010-12-09 15:41:00,2010-12-09 15:41:00,0,0,Segment 0
12607,2,0,3.552713678800501e-15,101,2,2011-10-10 16:06:00,2011-10-12 16:17:00,2,2,Segment 2
12609,3,648,1126.85,57,3,2011-01-25 15:13:00,2011-09-22 16:34:00,240,2,Segment 2
12610,7,1028,2057.99,85,7,2011-08-05 13:52:00,2011-11-17 09:34:00,103,2,Segment 2
12611,1,846,1193.32,65,1,2011-10-18 13:12:00,2011-10-18 13:12:00,0,2,Segment 2
12612,2,251,643.59,19,2,2011-09-26 15:35:00,2011-10-13 12:12:00,16,0,Segment 0
12613,6,1596,3218.98,124,4,2011-03-22 15:42:00,2011-11-08 13:30:00,230,2,Segment 2
12614,1,76,315.6,20,1,2011-03-07 10:22:00,2011-03-07 10:22:00,0,0,Segment 0
12615,4,1376,2291.19,82,4,2011-06-24 13:35:00,2011-12-07 15:02:00,166,2,Segment 2
12616,5,273,657.25,25,5,2011-02-15 14:17:00,2011-09-15 17:02:00,212,0,Segment 0
12617,1,210,352.98,39,1,2011-11-10 14:39:00,2011-11-10 14:39:00,0,2,Segment 2
12618,1,96,177.31,11,1,2011-11-18 11:10:00,2011-11-18 11:10:00,0,0,Segment 0
12619,13,3354,3214.81,50,12,2011-03-31 13:10:00,2011-11-23 14:52:00,237,2,Segment 2
12620,3,1181,1339.41,89,3,2011-05-19 12:10:00,2011-11-25 10:20:00,189,2,Segment 2
12621,23,7404,13612.07,261,20,2010-12-09 10:16:00,2011-12-08 11:25:00,364,2,Segment 2
12622,1,69,180.1,11,1,2011-04-21 16:39:00,2011-04-21 16:39:00,0,0,Segment 0
12623,1,191,305.1,18,1,2011-03-08 13:50:00,2011-03-08 13:50:00,0,0,Segment 0
12624,2,355,641.13,36,2,2011-06-15 12:34:00,2011-08-25 15:04:00,71,2,Segment 2
12625,3,1577,2614.32,74,3,2011-01-24 13:27:00,2011-05-12 09:54:00,107,2,Segment 2
12626,13,3350,6388.35,232,13,2011-01-17 11:01:00,2011-11-16 16:06:00,303,2,Segment 2
12627,7,2752,4478.53,162,7,2011-07-22 13:59:00,2011-11-29 12:07:00,129,2,Segment 2
12628,4,445,769.61,34,4,2011-10-06 09:28:00,2011-12-05 13:15:00,60,2,Segment 2
12630,2,548,1270.88,60,2,2011-10-27 10:41:00,2011-11-30 10:48:00,34,2,Segment 2
12631,1,236,640.5,31,1,2011-10-13 13:53:00,2011-10-13 13:53:00,0,0,Segment 0
12633,5,1149,2140.63,73,5,2011-02-25 08:44:00,2011-10-12 11:40:00,229,2,Segment 2
12635,2,1172,1689.18,96,2,2011-07-08 08:43:00,2011-09-11 11:04:00,65,2,Segment 2
12637,10,2982,5934.25,205,8,2011-01-20 10:47:00,2011-10-03 13:46:00,256,2,Segment 2
12638,1,577,671.69,39,1,2011-11-06 13:11:00,2011-11-06 13:11:00,0,2,Segment 2
12639,1,201,486.1,22,1,2011-04-15 12:48:00,2011-04-15 12:48:00,0,0,Segment 0
12640,3,311,1174.58,47,3,2011-09-19 12:01:00,2011-11-16 11:52:00,57,2,Segment 2
12641,1,72,185.9,10,1,2011-08-16 13:26:00,2011-08-16 13:26:00,0,0,Segment 0
12642,3,552,1013.26,39,3,2011-08-24 09:23:00,2011-11-14 15:03:00,82,2,Segment 2
12643,6,1808,3344.64,11,5,2011-01-11 11:48:00,2011-08-03 12:56:00,204,0,Segment 0
12644,1,325,477.91,31,1,2011-08-02 10:33:00,2011-08-02 10:33:00,0,0,Segment 0
12645,5,1072,1755.38,58,5,2011-01-27 13:08:00,2011-11-06 12:38:00,282,2,Segment 2
12646,2,897,1346.97,43,2,2011-10-21 12:52:00,2011-12-05 10:14:00,44,2,Segment 2
12647,13,1420,3669.92,79,12,2010-12-05 14:02:00,2011-11-17 12:56:00,346,2,Segment 2
12648,1,160,318.05,21,1,2011-07-08 11:55:00,2011-07-08 11:55:00,0,0,Segment 0
12649,4,574,603.71,30,3,2010-12-09 14:42:00,2011-08-24 14:41:00,257,0,Segment 0
12650,1,254,314.44,20,1,2011-12-06 16:34:00,2011-12-06 16:34:00,0,0,Segment 0
12651,1,78,114.0,9,1,2011-01-09 12:46:00,2011-01-09 12:46:00,0,0,Segment 0
12652,2,502,914.53,48,2,2011-01-12 15:00:00,2011-01-21 17:01:00,9,2,Segment 2
12653,2,919,2209.85,37,2,2011-02-16 10:53:00,2011-07-14 10:41:00,147,2,Segment 2
12654,5,264,601.98,31,4,2011-02-17 13:16:00,2011-11-29 10:10:00,284,0,Segment 0
12656,8,1708,3982.72,89,8,2011-04-11 09:45:00,2011-11-22 13:42:00,225,2,Segment 2
12657,5,654,1152.06,35,3,2011-09-22 11:40:00,2011-11-28 15:47:00,67,2,Segment 2
12658,1,320,686.05,36,1,2011-11-21 10:22:00,2011-11-21 10:22:00,0,2,Segment 2
12659,1,105,91.68,5,1,2011-11-10 11:53:00,2011-11-10 11:53:00,0,0,Segment 0
12660,1,127,245.1,13,1,2011-11-28 13:26:00,2011-11-28 13:26:00,0,0,Segment 0
12662,12,2040,3817.08,129,11,2010-12-01 13:04:00,2011-12-09 11:59:00,372,2,Segment 2
12664,10,1202,4863.88,10,9,2011-01-21 11:42:00,2011-12-01 17:07:00,314,0,Segment 0
12665,2,36,61.75,3,2,2011-01-12 09:41:00,2011-01-19 08:34:00,6,0,Segment 0
12666,1,-56,-227.44,2,1,2010-12-15 14:42:00,2010-12-15 14:42:00,0,0,Segment 0
12667,1,395,620.13,33,1,2011-10-12 17:00:00,2011-10-12 17:00:00,0,2,Segment 2
12668,6,1595,3743.18,115,6,2010-12-19 12:46:00,2011-12-02 15:10:00,348,2,Segment 2
12669,4,1114,1607.73,98,3,2011-03-28 10:15:00,2011-07-12 09:54:00,105,2,Segment 2
12670,6,1391,2986.15,58,6,2011-04-21 10:16:00,2011-11-29 15:23:00,222,2,Segment 2
12672,1,78,225.9,10,1,2011-01-14 09:20:00,2011-01-14 09:20:00,0,0,Segment 0
12673,2,351,610.52,42,2,2011-01-17 11:46:00,2011-12-04 13:55:00,321,2,Segment 2
12674,7,1103,1922.26,52,7,2011-05-16 09:10:00,2011-11-28 12:22:00,196,2,Segment 2
12676,6,670,1331.39,33,6,2011-02-01 15:41:00,2011-11-15 12:25:00,286,2,Segment 2
12678,13,10899,17588.26,105,10,2010-12-21 11:00:00,2011-10-28 13:04:00,311,2,Segment 2
12679,9,530,1058.67,45,8,2011-03-01 12:26:00,2011-10-18 13:43:00,231,2,Segment 2
12680,4,443,862.81,33,4,2011-08-18 15:44:00,2011-12-09 12:50:00,112,2,Segment 2
12681,27,7518,13677.59,267,24,2010-12-07 10:08:00,2011-11-25 11:35:00,353,2,Segment 2
12682,31,5555,12279.82,209,27,2010-12-03 13:59:00,2011-12-06 10:00:00,367,2,Segment 2
12683,20,4903,8221.09,177,16,2010-12-09 10:37:00,2011-12-05 16:31:00,361,2,Segment 2
12684,7,1985,2283.63,61,7,2011-05-10 12:55:00,2011-12-02 09:53:00,205,2,Segment 2
12685,6,1523,2863.08,117,6,2011-09-07 10:28:00,2011-11-11 13:46:00,65,2,Segment 2
12686,1,107,89.14,7,1,2010-12-03 09:51:00,2010-12-03 09:51:00,0,0,Segment 0
12688,1,3028,4873.81,171,1,2011-08-18 08:49:00,2011-08-18 08:49:00,0,2,Segment 2
12689,2,628,1247.61,57,2,2011-08-04 10:04:00,2011-11-14 08:31:00,101,2,Segment 2
12690,1,106,389.01,16,1,2011-05-18 09:09:00,2011-05-18 09:09:00,0,0,Segment 0
12691,6,394,1035.8,21,6,2010-12-17 14:46:00,2011-11-11 16:49:00,329,0,Segment 0
12693,6,250,830.96,35,6,2011-01-24 12:58:00,2011-08-11 09:16:00,198,2,Segment 2
12694,2,509,869.67,32,2,2011-06-09 17:48:00,2011-09-30 13:06:00,112,2,Segment 2
12695,4,220,582.1,23,4,2011-05-13 13:15:00,2011-12-02 13:22:00,203,0,Segment 0
12697,5,499,939.02,37,5,2011-06-23 15:44:00,2011-11-18 16:17:00,148,2,Segment 2
12700,6,2963,4867.99,193,4,2011-05-08 16:10:00,2011-12-02 10:49:00,207,2,Segment 2
12701,2,678,797.71,50,2,2011-04-11 13:02:00,2011-09-21 10:47:00,162,2,Segment 2
12702,1,53,219.0,12,1,2011-11-20 10:36:00,2011-11-20 10:36:00,0,0,Segment 0
12703,2,161,274.7,21,2,2011-09-29 17:52:00,2011-10-06 19:23:00,7,0,Segment 0
12704,10,1003,2220.84,64,7,2011-06-23 10:20:00,2011-12-02 13:15:00,162,2,Segment 2
12705,14,3973,6814.24,228,13,2010-12-17 15:58:00,2011-11-24 13:17:00,341,2,Segment 2
12707,1,256,603.42,33,1,2011-02-21 08:38:00,2011-02-21 08:38:00,0,2,Segment 2
12708,16,1270,2616.32,86,16,2010-12-06 10:43:00,2011-11-10 09:52:00,338,2,Segment 2
12709,26,3808,9264.1,103,26,2010-12-08 09:49:00,2011-12-06 16:42:00,363,2,Segment 2
12710,4,849,1130.57,75,4,2011-05-22 14:05:00,2011-09-04 12:00:00,104,2,Segment 2
12712,17,1044,4241.63,59,17,2010-12-03 14:30:00,2011-11-17 09:15:00,348,2,Segment 2
12713,1,508,848.55,38,1,2011-12-09 12:16:00,2011-12-09 12:16:00,0,2,Segment 2
12714,5,3069,4708.86,216,5,2011-02-18 10:53:00,2011-11-30 15:43:00,285,2,Segment 2
12715,1,192,343.36,20,1,2011-08-25 15:22:00,2011-08-25 15:22:00,0,0,Segment 0
12716,2,708,1053.49,60,2,2011-07-29 13:28:00,2011-12-06 08:55:00,129,2,Segment 2
12717,3,505,980.98,49,2,2011-04-08 10:32:00,2011-07-11 14:51:00,94,2,Segment 2
12718,1,203,238.25,19,1,2011-09-29 16:38:00,2011-09-29 16:38:00,0,0,Segment 0
12719,3,361,608.1,34,3,2011-10-05 14:50:00,2011-12-04 13:45:00,59,2,Segment 2
12720,29,4654,5713.28,211,24,2010-12-05 15:21:00,2011-12-07 08:03:00,366,2,Segment 2
12721,7,1954,2628.98,134,7,2010-12-09 10:14:00,2011-11-08 12:13:00,334,2,Segment 2
12722,6,560,904.33,50,6,2011-07-12 11:55:00,2011-09-15 14:50:00,65,2,Segment 2
12723,5,434,725.07,53,3,2011-10-05 15:52:00,2011-12-06 10:19:00,61,2,Segment 2
12724,4,445,1031.41,47,4,2011-01-11 15:00:00,2011-12-04 16:02:00,327,2,Segment 2
12725,1,164,427.8,24,1,2010-12-03 15:45:00,2010-12-03 15:45:00,0,0,Segment 0
12726,7,3143,2609.1,57,7,2010-12-17 12:56:00,2011-11-11 13:35:00,329,2,Segment 2
12727,9,2085,3947.7,109,7,2011-01-23 15:17:00,2011-11-29 11:46:00,309,2,Segment 2
12728,4,419,836.33,38,4,2011-01-11 13:31:00,2011-09-29 15:31:00,261,2,Segment 2
12729,1,233,453.01,26,1,2011-08-18 11:40:00,2011-08-18 11:40:00,0,0,Segment 0
12731,14,8366,18793.41,109,13,2010-12-10 10:56:00,2011-11-16 11:59:00,341,2,Segment 2
12732,1,111,236.26,12,1,2011-06-13 11:33:00,2011-06-13 11:33:00,0,0,Segment 0
12733,1,137,383.95,22,1,2011-04-19 16:19:00,2011-04-19 16:19:00,0,0,Segment 0
12734,1,88,110.4,4,1,2010-12-22 12:47:00,2010-12-22 12:47:00,0,0,Segment 0
12735,2,368,779.5699999999999,38,2,2011-01-06 14:26:00,2011-01-28 13:37:00,21,2,Segment 2
12736,1,173,234.0,4,1,2011-01-11 07:57:00,2011-01-11 07:57:00,0,0,Segment 0
12738,1,148,155.35,11,1,2010-12-02 18:27:00,2010-12-02 18:27:00,0,0,Segment 0
12739,2,486,1013.04,38,2,2011-09-01 17:45:00,2011-09-22 13:00:00,20,2,Segment 2
12740,1,342,427.6,27,1,2011-10-07 10:44:00,2011-10-07 10:44:00,0,0,Segment 0
12743,2,315,540.13,114,1,2011-07-28 16:06:00,2011-07-28 16:21:00,0,2,Segment 2
12744,10,5234,9120.39,178,6,2011-01-25 13:26:00,2011-10-19 11:18:00,266,2,Segment 2
12747,11,1275,4196.01,42,11,2010-12-05 15:38:00,2011-12-07 14:34:00,366,2,Segment 2
12748,224,23750,28405.56,1769,115,2010-12-01 12:48:00,2011-12-09 12:20:00,372,3,Segment 3
12749,8,1422,3868.2,160,7,2011-05-10 15:25:00,2011-12-06 09:56:00,209,2,Segment 2
12750,1,137,275.88,15,1,2011-08-03 09:13:00,2011-08-03 09:13:00,0,0,Segment 0
12752,1,2262,4366.78,53,1,2011-09-19 13:32:00,2011-09-19 13:32:00,0,2,Segment 2
12753,11,11250,21024.01,132,10,2010-12-12 11:44:00,2011-12-06 11:40:00,358,2,Segment 2
12754,5,6479,2949.12,50,3,2011-02-04 10:31:00,2011-04-18 09:00:00,72,2,Segment 2
12755,4,866,2203.2,5,4,2010-12-09 10:44:00,2011-04-04 10:12:00,115,0,Segment 0
12756,1,144,112.07999999999998,4,1,2011-09-14 09:31:00,2011-09-14 09:31:00,0,0,Segment 0
12757,19,2378,4205.25,237,10,2011-05-12 19:01:00,2011-11-24 12:30:00,195,2,Segment 2
12758,2,2135,2791.59,84,2,2011-03-08 12:05:00,2011-08-15 10:22:00,159,2,Segment 2
12759,3,902,1531.44,81,3,2011-03-09 08:09:00,2011-10-18 14:49:00,223,2,Segment 2
12762,2,1227,1898.52,62,2,2011-11-14 14:23:00,2011-12-02 10:23:00,17,2,Segment 2
12763,2,316,494.08,16,2,2010-12-05 15:46:00,2011-07-24 14:12:00,230,0,Segment 0
12764,1,386,1693.88,45,1,2011-01-27 10:19:00,2011-01-27 10:19:00,0,2,Segment 2
12766,7,3646,6989.63,205,7,2010-12-08 13:53:00,2011-12-06 08:46:00,362,2,Segment 2
12769,1,356,1143.6,32,1,2011-04-15 10:25:00,2011-04-15 10:25:00,0,2,Segment 2
12770,1,743,1351.45,12,1,2011-05-13 09:33:00,2011-05-13 09:33:00,0,0,Segment 0
12772,1,556,892.47,55,1,2011-10-11 09:19:00,2011-10-11 09:19:00,0,2,Segment 2
12775,6,853,1351.24,47,6,2011-02-01 13:45:00,2011-11-22 16:33:00,294,2,Segment 2
12778,7,824,804.23,40,6,2011-01-31 14:35:00,2011-11-20 11:39:00,292,2,Segment 2
12779,12,1996,3868.7,88,11,2010-12-03 13:40:00,2011-11-18 17:10:00,350,2,Segment 2
12781,5,592,707.72,25,4,2011-02-28 08:43:00,2011-11-18 15:45:00,263,0,Segment 0
12782,6,1070,2273.32,81,6,2010-12-17 11:30:00,2011-12-05 09:16:00,352,2,Segment 2
12783,8,622,1603.87,76,5,2011-09-25 15:35:00,2011-12-07 15:56:00,73,2,Segment 2
12784,2,280,532.8199999999999,54,2,2011-11-24 12:53:00,2011-11-30 15:38:00,6,2,Segment 2
12785,2,128,305.71,14,2,2010-12-10 13:48:00,2011-12-07 12:46:00,361,0,Segment 0
12787,3,261,463.66,17,3,2011-05-31 09:36:00,2011-11-30 08:44:00,182,0,Segment 0
12789,1,4,91.85,4,1,2011-10-05 13:34:00,2011-10-05 13:34:00,0,0,Segment 0
12790,1,166,324.92,21,1,2011-05-31 14:14:00,2011-05-31 14:14:00,0,0,Segment 0
12791,1,97,192.6,2,1,2010-12-01 11:27:00,2010-12-01 11:27:00,0,0,Segment 0
12792,1,217,400.54,25,1,2011-03-28 11:36:00,2011-03-28 11:36:00,0,0,Segment 0
12793,2,295,545.48,21,2,2010-12-03 15:14:00,2011-01-09 12:12:00,36,0,Segment 0
12794,2,592,860.41,43,2,2011-09-02 12:01:00,2011-10-17 14:54:00,45,2,Segment 2
12795,1,68,430.48,14,1,2011-11-21 10:27:00,2011-11-21 10:27:00,0,0,Segment 0
12797,3,79,194.18,13,2,2010-12-09 10:55:00,2010-12-14 16:24:00,5,0,Segment 0
12798,3,5256,6977.04,6,3,2011-06-22 10:11:00,2011-11-29 15:52:00,160,0,Segment 0
12802,2,302,412.58,25,2,2011-06-06 09:36:00,2011-06-09 09:44:00,3,0,Segment 0
12808,3,188,483.65,27,3,2010-12-06 10:27:00,2011-11-03 10:05:00,331,0,Segment 0
12809,2,219,484.36,25,2,2011-06-15 10:51:00,2011-06-24 15:15:00,9,0,Segment 0
12811,3,230,514.85,27,3,2011-02-28 15:39:00,2011-03-24 09:42:00,23,0,Segment 0
12812,1,164,229.64,15,1,2011-10-26 09:54:00,2011-10-26 09:54:00,0,0,Segment 0
12814,1,49,125.92,2,1,2011-08-30 12:11:00,2011-08-30 12:11:00,0,0,Segment 0
12815,2,379,1063.46,38,2,2011-05-25 13:34:00,2011-07-15 10:21:00,50,2,Segment 2
12816,2,128,572.2,27,2,2011-06-16 13:24:00,2011-09-05 12:41:00,80,0,Segment 0
12817,1,53,166.04,4,1,2011-03-03 16:28:00,2011-03-03 16:28:00,0,0,Segment 0
12818,2,923,1517.88,14,2,2011-03-23 12:06:00,2011-06-14 13:54:00,83,0,Segment 0
12820,4,722,942.34,55,4,2011-01-17 12:34:00,2011-12-06 15:12:00,323,2,Segment 2
12821,1,70,92.72,6,1,2011-05-09 15:51:00,2011-05-09 15:51:00,0,0,Segment 0
12822,3,548,918.98,41,3,2011-09-13 13:46:00,2011-09-30 10:04:00,16,2,Segment 2
12823,5,230,1759.5,1,5,2011-02-16 12:15:00,2011-09-26 07:35:00,221,0,Segment 0
12824,1,232,397.12,25,1,2011-10-11 12:49:00,2011-10-11 12:49:00,0,0,Segment 0
12826,8,1054,1468.12,58,8,2010-12-09 15:21:00,2011-12-07 10:25:00,362,2,Segment 2
12827,3,197,430.15,19,3,2011-10-26 15:44:00,2011-12-04 12:17:00,38,0,Segment 0
12828,6,494,1018.71,46,6,2011-08-01 16:16:00,2011-12-07 08:45:00,127,2,Segment 2
12829,3,375,253.05,9,3,2010-12-14 14:54:00,2011-01-21 12:56:00,37,0,Segment 0
12830,7,9847,6748.4,14,6,2011-06-21 10:53:00,2011-11-02 11:54:00,134,0,Segment 0
12831,1,135,215.05,9,1,2011-03-22 13:02:00,2011-03-22 13:02:00,0,0,Segment 0
12832,2,195,383.03,27,2,2011-09-02 13:48:00,2011-11-07 13:30:00,65,0,Segment 0
12833,1,156,417.38,24,1,2011-07-17 13:46:00,2011-07-17 13:46:00,0,0,Segment 0
12834,1,110,312.38,18,1,2011-03-02 09:49:00,2011-03-02 09:49:00,0,0,Segment 0
12836,4,1062,2610.36,148,4,2011-02-01 11:19:00,2011-10-11 15:10:00,252,2,Segment 2
12837,1,24,134.1,12,1,2011-06-19 16:07:00,2011-06-19 16:07:00,0,0,Segment 0
12838,2,355,671.95,115,2,2010-12-01 11:57:00,2011-11-06 12:20:00,340,2,Segment 2
12839,16,3804,5583.62,96,16,2010-12-07 15:48:00,2011-12-07 12:33:00,364,2,Segment 2
12840,6,1505,2714.27,67,6,2011-04-27 12:21:00,2011-07-19 09:29:00,82,2,Segment 2
12841,26,2646,3845.63,230,24,2010-12-03 10:43:00,2011-12-05 11:13:00,367,2,Segment 2
12842,2,547,1118.99,34,2,2011-02-04 12:36:00,2011-09-30 15:33:00,238,2,Segment 2
12843,9,753,1680.76,69,8,2011-03-20 14:38:00,2011-10-05 12:09:00,198,2,Segment 2
12844,2,125,325.96000000000004,47,2,2011-08-01 13:11:00,2011-11-10 13:31:00,101,2,Segment 2
12845,4,204,354.09,26,4,2011-02-22 14:10:00,2011-03-17 13:34:00,22,0,Segment 0
12847,1,873,843.64,72,1,2011-11-17 13:16:00,2011-11-17 13:16:00,0,2,Segment 2
12849,2,597,1010.29,47,2,2011-03-16 12:26:00,2011-11-08 13:41:00,237,2,Segment 2
12851,1,106,131.81,43,1,2011-09-04 12:41:00,2011-09-04 12:41:00,0,2,Segment 2
12852,2,145,299.75,17,2,2011-02-18 08:47:00,2011-02-22 14:56:00,4,0,Segment 0
12853,9,782,1881.7,66,6,2011-01-28 10:28:00,2011-08-24 11:00:00,208,2,Segment 2
12854,5,621,1280.9,97,3,2011-01-25 12:11:00,2011-09-22 12:15:00,240,2,Segment 2
12855,1,30,38.1,3,1,2010-12-02 09:37:00,2010-12-02 09:37:00,0,0,Segment 0
12856,8,1073,2153.53,155,7,2011-10-07 12:38:00,2011-12-02 10:52:00,55,2,Segment 2
12857,2,343,1106.4,37,2,2011-02-10 12:32:00,2011-05-13 10:20:00,91,2,Segment 2
12863,2,186,504.2,5,2,2011-05-24 17:17:00,2011-10-18 14:15:00,146,0,Segment 0
12864,1,216,147.12,3,1,2011-07-24 13:03:00,2011-07-24 13:03:00,0,0,Segment 0
12865,3,877,1548.07,87,3,2010-12-15 11:39:00,2011-11-13 14:31:00,333,2,Segment 2
12866,1,171,559.12,26,1,2011-03-01 14:11:00,2011-03-01 14:11:00,0,0,Segment 0
12867,10,4260,3958.74,241,7,2010-12-14 15:16:00,2011-11-13 15:30:00,334,2,Segment 2
12868,6,928,1607.0600000000002,72,6,2010-12-01 12:50:00,2011-06-07 10:42:00,187,2,Segment 2
12870,1,-2,-14.9,2,1,2010-12-08 14:27:00,2010-12-08 14:27:00,0,0,Segment 0
12871,2,200,380.64,8,2,2011-05-16 13:32:00,2011-09-16 15:07:00,123,0,Segment 0
12872,2,319,599.97,58,2,2010-12-09 14:44:00,2011-01-17 10:52:00,38,2,Segment 2
12873,1,128,374.0,4,1,2011-03-02 14:58:00,2011-03-02 14:58:00,0,0,Segment 0
12875,2,2019,343.2300000000001,1,2,2010-12-12 12:03:00,2011-07-19 15:30:00,219,0,Segment 0
12876,2,1941,2218.02,67,2,2011-05-27 13:34:00,2011-10-13 12:26:00,138,2,Segment 2
12877,12,1178,1535.77,100,12,2010-12-16 12:23:00,2011-12-06 10:30:00,354,2,Segment 2
12878,3,536,841.64,38,3,2011-03-18 14:02:00,2011-11-21 14:30:00,248,2,Segment 2
12879,4,363,552.5699999999999,7,4,2011-09-09 12:11:00,2011-10-26 12:24:00,47,0,Segment 0
12881,1,21,298.0,7,1,2011-03-09 11:44:00,2011-03-09 11:44:00,0,0,Segment 0
12882,2,246,1463.04,12,2,2011-11-06 11:22:00,2011-11-30 16:18:00,24,0,Segment 0
12883,4,196,703.47,39,2,2011-09-11 15:18:00,2011-11-15 09:32:00,64,2,Segment 2
12884,1,43,309.05,7,1,2011-09-12 13:10:00,2011-09-12 13:10:00,0,0,Segment 0
12885,4,654,1158.27,66,3,2011-08-08 11:45:00,2011-10-07 13:40:00,60,2,Segment 2
12886,3,761,1351.09,75,3,2011-05-04 11:21:00,2011-10-03 10:09:00,151,2,Segment 2
12888,4,68,313.77,4,4,2011-03-29 14:31:00,2011-05-09 16:02:00,41,0,Segment 0
12890,1,256,376.72,78,1,2011-11-15 17:26:00,2011-11-15 17:26:00,0,2,Segment 2
12891,3,950,331.0,2,3,2011-02-20 11:28:00,2011-06-07 12:31:00,107,0,Segment 0
12893,1,90,176.55,27,1,2011-11-09 12:34:00,2011-11-09 12:34:00,0,0,Segment 0
12895,3,204,347.3,22,3,2011-09-14 08:35:00,2011-10-28 13:51:00,44,0,Segment 0
12897,2,110,216.5,3,2,2011-02-11 11:40:00,2011-05-19 12:13:00,97,0,Segment 0
12901,36,20915,16293.1,32,29,2011-03-14 10:41:00,2011-12-01 10:07:00,261,3,Segment 3
12902,1,66,138.68,10,1,2011-03-20 12:06:00,2011-03-20 12:06:00,0,0,Segment 0
12904,2,294,496.06,59,2,2011-06-20 13:18:00,2011-11-21 14:34:00,154,2,Segment 2
12906,5,1749,2919.81,55,2,2011-09-22 15:03:00,2011-11-28 09:55:00,66,2,Segment 2
12908,4,0,246.0,2,3,2011-01-31 12:36:00,2011-10-12 10:11:00,253,0,Segment 0
12909,8,1270,2128.83,78,7,2011-03-31 12:51:00,2011-10-31 12:43:00,213,2,Segment 2
12910,8,1692,3075.04,48,6,2011-04-12 10:01:00,2011-11-16 14:28:00,218,2,Segment 2
12912,5,670,1662.3,17,5,2011-10-30 11:35:00,2011-12-07 08:55:00,37,0,Segment 0
12913,5,1419,2483.63,37,5,2010-12-06 16:36:00,2011-12-05 12:11:00,363,2,Segment 2
12915,2,93,363.65,19,2,2010-12-02 12:33:00,2011-07-14 11:34:00,223,0,Segment 0
12916,5,1075,2921.15,53,4,2011-01-23 10:43:00,2011-07-24 10:35:00,181,2,Segment 2
12917,1,120,594.0,2,1,2011-08-03 16:42:00,2011-08-03 16:42:00,0,0,Segment 0
12919,8,668,1301.44,34,8,2011-06-23 09:22:00,2011-12-01 13:47:00,161,2,Segment 2
12920,1,128,162.78,27,1,2011-11-22 15:05:00,2011-11-22 15:05:00,0,0,Segment 0
12921,50,9454,16389.74,233,35,2010-12-01 15:06:00,2011-12-06 09:56:00,369,2,Segment 2
12922,1,370,405.38,28,1,2011-07-01 15:35:00,2011-07-01 15:35:00,0,0,Segment 0
12923,1,68,172.82,28,1,2011-10-06 16:20:00,2011-10-06 16:20:00,0,0,Segment 0
12924,5,480,929.95,22,5,2011-01-16 11:49:00,2011-09-12 13:55:00,239,0,Segment 0
12925,2,541,694.05,42,2,2011-09-26 11:05:00,2011-12-05 11:11:00,70,2,Segment 2
12928,5,1472,2062.7000000000003,59,5,2010-12-15 15:45:00,2011-11-04 14:24:00,323,2,Segment 2
12929,2,36,105.1,8,2,2011-02-01 12:08:00,2011-08-09 14:30:00,189,0,Segment 0
12930,4,250,409.9,20,3,2011-06-21 13:25:00,2011-09-22 15:18:00,93,0,Segment 0
12931,20,23377,33462.81,29,15,2010-12-17 09:45:00,2011-11-18 12:39:00,336,3,Segment 3
12933,4,498,606.28,103,3,2011-03-01 11:30:00,2011-11-15 16:38:00,259,2,Segment 2
12935,8,1852,2156.45,80,7,2011-01-24 13:58:00,2011-12-07 17:25:00,317,2,Segment 2
12936,5,539,1012.9,56,3,2011-09-22 13:51:00,2011-11-22 17:32:00,61,2,Segment 2
12937,4,1007,1504.27,81,4,2011-03-17 14:19:00,2011-11-24 15:05:00,252,2,Segment 2
12938,1,140,114.14,9,1,2011-11-14 11:21:00,2011-11-14 11:21:00,0,0,Segment 0
12939,8,4876,11581.8,21,6,2011-01-09 11:20:00,2011-10-06 14:33:00,270,0,Segment 0
12940,4,399,862.44,88,4,2011-09-13 10:16:00,2011-10-24 14:04:00,41,2,Segment 2
12942,3,198,675.6,68,3,2010-12-09 09:34:00,2011-07-31 14:39:00,234,2,Segment 2
12943,1,-1,-3.75,1,1,2011-02-11 15:13:00,2011-02-11 15:13:00,0,0,Segment 0
12944,2,289,604.51,29,2,2010-12-20 10:41:00,2011-11-04 11:04:00,319,0,Segment 0
12945,1,165,462.95,23,1,2011-02-24 14:15:00,2011-02-24 14:15:00,0,0,Segment 0
12947,11,1157,1407.29,83,11,2010-12-01 16:21:00,2011-07-19 10:06:00,229,2,Segment 2
12948,8,1077,2053.7,82,8,2011-03-20 10:17:00,2011-11-23 17:10:00,248,2,Segment 2
12949,10,2363,4143.02,166,7,2011-04-01 13:20:00,2011-11-09 11:25:00,221,2,Segment 2
12950,3,1380,1843.0,13,3,2011-11-15 13:48:00,2011-12-07 13:17:00,21,0,Segment 0
12951,8,500,1042.07,54,8,2011-01-13 10:33:00,2011-12-01 12:14:00,322,2,Segment 2
12952,5,652,1382.84,64,4,2011-09-22 16:37:00,2011-12-04 10:35:00,72,2,Segment 2
12953,1,84,329.85,17,1,2011-11-30 09:24:00,2011-11-30 09:24:00,0,0,Segment 0
12955,14,3642,4734.26,81,14,2011-03-17 09:03:00,2011-12-08 16:29:00,266,2,Segment 2
12956,1,34,108.07,19,1,2011-02-06 16:08:00,2011-02-06 16:08:00,0,0,Segment 0
12957,12,2531,3979.04,208,11,2011-01-04 12:18:00,2011-12-05 16:32:00,335,2,Segment 2
12962,2,129,266.39,15,2,2011-08-18 13:38:00,2011-12-02 15:55:00,106,0,Segment 0
12963,9,873,1841.03,76,8,2010-12-09 09:14:00,2011-12-01 12:55:00,357,2,Segment 2
12965,1,282,769.8100000000001,108,1,2011-09-11 15:31:00,2011-09-11 15:31:00,0,2,Segment 2
12966,1,75,160.18,10,1,2011-11-30 12:38:00,2011-11-30 12:38:00,0,0,Segment 0
12967,4,243,1194.75,21,4,2010-12-03 09:49:00,2011-12-06 14:19:00,368,0,Segment 0
12968,1,73,135.95,5,1,2011-08-19 15:44:00,2011-08-19 15:44:00,0,0,Segment 0
12970,4,268,405.47,116,2,2011-01-21 14:04:00,2011-12-02 14:30:00,315,2,Segment 2
12971,89,9203,10930.26,95,72,2010-12-02 16:42:00,2011-12-06 12:20:00,368,2,Segment 2
12974,1,24,144.8,8,1,2011-05-26 09:33:00,2011-05-26 09:33:00,0,0,Segment 0
12976,1,561,738.6,22,1,2011-05-12 09:55:00,2011-05-12 09:55:00,0,0,Segment 0
12977,1,12,39.24,9,1,2011-07-06 16:40:00,2011-07-06 16:40:00,0,0,Segment 0
12980,12,864,7092.06,6,12,2010-12-16 11:36:00,2011-07-07 11:42:00,203,0,Segment 0
12981,2,242,372.22,12,2,2011-07-29 14:14:00,2011-11-10 12:00:00,103,0,Segment 0
12982,2,278,377.2,28,2,2011-04-11 11:51:00,2011-04-14 10:49:00,2,0,Segment 0
12984,1,26,97.5,4,1,2011-11-21 12:37:00,2011-11-21 12:37:00,0,0,Segment 0
12985,3,1413,1215.62,73,3,2011-11-11 12:44:00,2011-12-09 10:46:00,27,2,Segment 2
12987,3,217,545.0,27,3,2011-05-26 12:00:00,2011-09-27 12:03:00,124,0,Segment 0
12988,1,126,505.82,75,1,2011-02-20 14:31:00,2011-02-20 14:31:00,0,2,Segment 2
12989,19,2915,6854.51,41,16,2010-12-10 13:24:00,2011-12-06 15:28:00,361,2,Segment 2
12990,3,200,409.5,8,3,2011-02-02 15:39:00,2011-11-08 13:01:00,278,0,Segment 0
12991,2,405,503.76,31,2,2011-08-19 14:39:00,2011-11-16 15:34:00,89,0,Segment 0
12993,4,240,414.76,26,4,2011-02-14 14:29:00,2011-11-16 15:49:00,275,0,Segment 0
12994,5,440,902.22,52,5,2011-03-16 08:31:00,2011-12-05 15:43:00,264,2,Segment 2
12995,2,98,200.72,3,2,2011-09-15 15:44:00,2011-09-23 09:20:00,7,0,Segment 0
12997,7,648,1197.94,45,7,2011-01-26 15:49:00,2011-11-17 15:47:00,294,2,Segment 2
12999,3,342,455.88,25,3,2011-04-08 10:26:00,2011-05-27 13:24:00,49,0,Segment 0
13000,3,379,534.85,30,3,2010-12-10 10:26:00,2011-08-25 10:43:00,258,0,Segment 0
13001,15,5482,9765.07,166,13,2011-01-17 12:45:00,2011-12-05 14:51:00,322,2,Segment 2
13002,1,73,120.95,7,1,2011-01-25 15:18:00,2011-01-25 15:18:00,0,0,Segment 0
13003,3,103,149.05,4,3,2011-05-09 08:23:00,2011-08-26 10:50:00,109,0,Segment 0
13004,22,4796,5613.43,277,21,2010-12-17 08:20:00,2011-11-28 11:27:00,346,2,Segment 2
13005,3,167,468.95,21,3,2011-04-07 13:32:00,2011-06-19 10:53:00,72,0,Segment 0
13006,1,55,81.57,4,1,2011-10-14 13:49:00,2011-10-14 13:49:00,0,0,Segment 0
13008,2,115,178.46999999999997,15,2,2010-12-14 10:28:00,2011-01-20 14:24:00,37,0,Segment 0
13011,1,13,50.55,3,1,2010-12-02 17:22:00,2010-12-02 17:22:00,0,0,Segment 0
13012,11,667,1296.62,68,10,2011-02-18 09:43:00,2011-11-30 13:05:00,285,2,Segment 2
13013,15,2217,4786.99,155,14,2010-12-03 12:28:00,2011-12-08 15:01:00,370,2,Segment 2
13014,16,886,3365.43,67,16,2011-03-03 18:28:00,2011-12-07 09:24:00,278,2,Segment 2
13015,5,1609,3339.64,156,4,2011-04-04 14:28:00,2011-10-17 13:19:00,195,2,Segment 2
13016,3,527,789.89,39,2,2011-08-08 15:00:00,2011-09-27 14:08:00,49,2,Segment 2
13017,1,48,204.0,1,1,2011-12-02 15:53:00,2011-12-02 15:53:00,0,0,Segment 0
13018,29,5434,7272.75,313,21,2011-02-17 11:05:00,2011-11-23 13:28:00,279,2,Segment 2
13021,12,1336,2584.4,103,11,2010-12-09 14:12:00,2011-12-05 16:37:00,361,2,Segment 2
13023,2,286,689.9,36,2,2011-08-02 09:34:00,2011-10-06 16:27:00,65,2,Segment 2
13026,8,1586,936.15,34,7,2011-03-09 11:35:00,2011-12-08 16:58:00,274,2,Segment 2
13027,6,17280,6912.0,6,6,2010-12-20 12:45:00,2011-08-18 09:39:00,240,0,Segment 0
13028,3,796,659.68,40,3,2011-10-25 14:09:00,2011-11-17 11:10:00,22,2,Segment 2
13029,3,134,1247.5,8,3,2010-12-21 13:53:00,2011-11-09 09:13:00,322,0,Segment 0
13030,2,348,752.4399999999999,76,2,2010-12-06 14:31:00,2011-11-28 14:30:00,356,2,Segment 2
13032,3,367,996.52,55,3,2011-09-13 16:40:00,2011-11-01 09:56:00,48,2,Segment 2
13033,1,83,190.55,11,1,2010-12-17 14:23:00,2010-12-17 14:23:00,0,0,Segment 0
13034,2,369,642.77,37,2,2010-12-05 14:52:00,2011-10-16 12:21:00,314,2,Segment 2
13035,3,627,886.63,23,3,2011-03-24 09:21:00,2011-10-13 12:23:00,203,0,Segment 0
13037,3,431,881.07,44,3,2011-03-28 15:42:00,2011-07-24 15:46:00,118,2,Segment 2
13038,3,360,908.46,24,3,2011-02-22 11:43:00,2011-09-20 14:37:00,210,0,Segment 0
13040,2,355,676.99,38,2,2011-11-06 13:53:00,2011-12-01 10:38:00,24,2,Segment 2
13043,2,251,471.57,13,2,2011-03-11 14:52:00,2011-03-31 12:14:00,19,0,Segment 0
13044,1,429,560.47,33,1,2011-02-21 15:20:00,2011-02-21 15:20:00,0,2,Segment 2
13045,1,221,305.28000000000003,18,1,2011-09-01 15:04:00,2011-09-01 15:04:00,0,0,Segment 0
13046,2,264,629.31,33,2,2011-03-18 15:43:00,2011-11-09 08:36:00,235,2,Segment 2
13047,18,1355,3079.1,106,14,2010-12-01 08:34:00,2011-11-08 12:10:00,342,2,Segment 2
13048,5,1220,1789.41,77,5,2011-01-16 14:36:00,2011-11-25 13:23:00,312,2,Segment 2
13049,2,268,656.6800000000001,14,2,2011-01-25 16:33:00,2011-10-06 15:31:00,253,0,Segment 0
13050,28,3707,5684.61,246,26,2010-12-08 09:30:00,2011-11-30 17:28:00,357,2,Segment 2
13052,1,222,348.15000000000003,18,1,2011-05-11 14:12:00,2011-05-11 14:12:00,0,0,Segment 0
13055,4,891,1201.96,74,3,2011-05-10 08:58:00,2011-10-06 18:57:00,149,2,Segment 2
13058,3,52,271.40000000000003,5,3,2011-07-11 12:01:00,2011-11-15 12:43:00,127,0,Segment 0
13059,1,35,183.4,8,1,2011-04-04 10:40:00,2011-04-04 10:40:00,0,0,Segment 0
13060,1,123,307.53,15,1,2011-03-31 11:37:00,2011-03-31 11:37:00,0,0,Segment 0
13061,1,107,248.61,10,1,2011-09-28 16:04:00,2011-09-28 16:04:00,0,0,Segment 0
13062,1,343,346.98,11,1,2011-06-01 15:12:00,2011-06-01 15:12:00,0,0,Segment 0
13064,4,514,1105.59,51,4,2011-01-16 13:41:00,2011-11-27 12:31:00,314,2,Segment 2
13065,1,74,205.86,14,1,2010-12-01 16:52:00,2010-12-01 16:52:00,0,0,Segment 0
13066,3,320,430.9,48,2,2011-11-07 17:06:00,2011-11-15 13:39:00,7,2,Segment 2
13067,1,32,115.46,14,1,2011-09-18 13:38:00,2011-09-18 13:38:00,0,0,Segment 0
13068,2,200,344.0,1,2,2011-01-24 08:20:00,2011-11-29 15:00:00,309,0,Segment 0
13069,27,5454,3713.14,285,20,2010-12-05 11:02:00,2011-12-09 08:39:00,368,2,Segment 2
13070,1,110,228.8,9,1,2011-05-31 13:45:00,2011-05-31 13:45:00,0,0,Segment 0
13072,1,69,177.15,7,1,2011-03-18 08:12:00,2011-03-18 08:12:00,0,0,Segment 0
13075,1,485,919.61,22,1,2011-08-02 10:19:00,2011-08-02 10:19:00,0,0,Segment 0
13077,4,862,728.02,99,3,2010-12-08 14:59:00,2011-12-08 19:24:00,365,2,Segment 2
13078,43,5557,12432.28,96,40,2010-12-08 09:07:00,2011-12-08 18:48:00,365,2,Segment 2
13079,5,62,220.1,2,5,2011-07-22 14:41:00,2011-12-05 16:53:00,136,0,Segment 0
13080,1,120,58.08,6,1,2011-06-13 14:59:00,2011-06-13 14:59:00,0,0,Segment 0
13081,21,19021,27964.48,511,18,2010-12-03 17:20:00,2011-12-08 13:13:00,369,3,Segment 3
13082,10,4313,3595.48,63,8,2011-01-05 15:42:00,2011-08-05 16:16:00,212,2,Segment 2
13083,2,187,303.75,15,2,2011-09-25 10:46:00,2011-12-05 15:01:00,71,0,Segment 0
13085,3,108,272.38,17,3,2011-02-17 13:57:00,2011-07-05 12:11:00,137,0,Segment 0
13089,118,30742,57322.13,636,83,2010-12-05 10:27:00,2011-12-07 09:02:00,366,3,Segment 3
13090,18,2194,8689.39,98,16,2010-12-02 07:48:00,2011-12-01 12:39:00,364,2,Segment 2
13091,2,450,319.82,21,2,2011-11-11 15:54:00,2011-11-18 16:48:00,7,0,Segment 0
13092,6,271,459.83,19,6,2010-12-15 12:27:00,2011-09-30 11:18:00,288,0,Segment 0
13093,13,3943,7741.47,99,10,2010-12-01 15:00:00,2011-03-17 17:16:00,106,2,Segment 2
13094,16,1542,1708.86,4,15,2010-12-06 10:34:00,2011-11-18 14:07:00,347,0,Segment 0
13095,1,144,74.39999999999999,6,1,2011-09-30 12:03:00,2011-09-30 12:03:00,0,0,Segment 0
13097,14,2338,5886.12,215,10,2010-12-14 15:13:00,2011-11-07 10:43:00,327,2,Segment 2
13098,41,15911,28658.88,163,34,2011-01-26 13:46:00,2011-12-08 14:14:00,316,3,Segment 3
13099,1,288,207.36,1,1,2011-09-01 17:40:00,2011-09-01 17:40:00,0,0,Segment 0
13101,1,113,101.19,8,1,2011-04-19 14:37:00,2011-04-19 14:37:00,0,0,Segment 0
13102,27,4160,6336.29,141,22,2010-12-09 13:38:00,2011-12-08 12:52:00,363,2,Segment 2
13103,1,82,243.94,8,1,2011-10-31 09:38:00,2011-10-31 09:38:00,0,0,Segment 0
13104,6,504,1098.48,14,6,2010-12-20 11:58:00,2011-12-06 13:10:00,351,0,Segment 0
13106,2,14,59.5,1,2,2011-07-29 15:12:00,2011-08-03 11:50:00,4,0,Segment 0
13107,5,1288,1524.07,54,5,2011-01-10 12:28:00,2011-10-26 14:52:00,289,2,Segment 2
13108,1,298,350.06,10,1,2010-12-02 10:35:00,2010-12-02 10:35:00,0,0,Segment 0
13109,5,514,766.84,41,5,2011-07-05 14:56:00,2011-12-07 12:38:00,154,2,Segment 2
13110,8,384,1452.87,109,7,2011-02-01 15:24:00,2011-11-08 14:30:00,279,2,Segment 2
13113,40,2594,10510.0,113,24,2010-12-08 13:07:00,2011-12-09 12:49:00,365,2,Segment 2
13115,14,1534,2205.63,92,14,2010-12-08 15:01:00,2011-12-01 09:39:00,357,2,Segment 2
13116,2,290,485.19,30,2,2011-07-24 14:33:00,2011-08-14 14:36:00,21,0,Segment 0
13117,8,945,984.91,66,8,2010-12-02 13:11:00,2011-11-18 12:02:00,350,2,Segment 2
13118,7,389,1125.0,68,4,2011-02-24 09:59:00,2011-11-20 12:46:00,269,2,Segment 2
13120,1,12,30.6,1,1,2011-04-15 10:19:00,2011-04-15 10:19:00,0,0,Segment 0
13121,2,227,254.73,50,1,2011-03-15 16:47:00,2011-03-15 16:51:00,0,2,Segment 2
13122,2,585,922.39,54,2,2011-04-13 14:12:00,2011-09-06 15:53:00,146,2,Segment 2
13124,3,2119,3756.33,185,3,2010-12-15 15:00:00,2011-09-11 12:45:00,269,2,Segment 2
13126,10,2130,2056.29,124,9,2010-12-08 11:42:00,2011-12-05 10:00:00,361,2,Segment 2
13127,1,127,259.17,15,1,2011-09-23 10:26:00,2011-09-23 10:26:00,0,0,Segment 0
13130,1,32,64.0,2,1,2011-09-06 15:30:00,2011-09-06 15:30:00,0,0,Segment 0
13131,4,443,1039.3,30,4,2011-06-05 10:54:00,2011-11-16 13:21:00,164,0,Segment 0
13132,1,20,77.3,3,1,2011-03-23 12:44:00,2011-03-23 12:44:00,0,0,Segment 0
13133,2,32,109.8,7,2,2011-02-08 15:48:00,2011-03-11 10:31:00,30,0,Segment 0
13134,7,1044,1740.63,94,5,2011-04-13 12:57:00,2011-09-28 09:22:00,167,2,Segment 2
13135,1,4300,3096.0,1,1,2011-05-27 10:52:00,2011-05-27 10:52:00,0,0,Segment 0
13136,11,1312,2545.38,97,10,2010-12-09 15:34:00,2011-10-20 19:13:00,315,2,Segment 2
13137,9,2203,3557.96,346,9,2011-02-04 11:54:00,2011-11-29 12:09:00,298,2,Segment 2
13138,6,473,962.39,31,6,2010-12-02 15:03:00,2011-11-17 16:51:00,350,0,Segment 0
13139,8,2418,5055.79,132,7,2011-03-25 11:57:00,2011-11-23 13:54:00,243,2,Segment 2
13140,3,185,422.47,40,3,2010-12-08 15:12:00,2011-08-23 15:33:00,258,2,Segment 2
13141,6,1547,2385.8,113,5,2011-01-28 13:04:00,2011-09-16 09:54:00,230,2,Segment 2
13142,1,258,307.09,23,1,2011-11-20 16:07:00,2011-11-20 16:07:00,0,0,Segment 0
13144,1,21,110.95,3,1,2011-01-11 11:15:00,2011-01-11 11:15:00,0,0,Segment 0
13145,5,142,614.77,5,5,2010-12-02 18:06:00,2011-10-31 12:45:00,332,0,Segment 0
13146,1,154,228.91,16,1,2011-11-13 15:29:00,2011-11-13 15:29:00,0,0,Segment 0
13147,4,144,712.8000000000001,1,4,2011-09-01 12:28:00,2011-11-29 13:59:00,89,0,Segment 0
13148,17,1818,3324.62,238,10,2010-12-10 13:06:00,2011-11-10 15:23:00,335,2,Segment 2
13149,4,1280,1676.06,76,4,2011-02-23 13:57:00,2011-11-25 13:09:00,274,2,Segment 2
13151,2,361,1250.37,73,2,2011-02-17 12:29:00,2011-05-20 12:55:00,92,2,Segment 2
13153,1,418,486.22,15,1,2011-12-04 12:14:00,2011-12-04 12:14:00,0,0,Segment 0
13154,1,-1,-611.86,1,1,2011-07-18 15:21:00,2011-07-18 15:21:00,0,0,Segment 0
13155,4,497,971.76,67,4,2010-12-06 12:44:00,2011-11-06 15:41:00,335,2,Segment 2
13157,5,1430,1721.57,69,5,2011-02-14 14:03:00,2011-10-21 13:50:00,248,2,Segment 2
13158,4,784,1201.06,59,4,2011-01-25 09:58:00,2011-09-06 11:58:00,224,2,Segment 2
13159,5,1044,1371.25,114,5,2011-08-16 11:44:00,2011-12-01 11:20:00,106,2,Segment 2
13160,1,56,91.8,4,1,2011-11-17 13:07:00,2011-11-17 13:07:00,0,0,Segment 0
13161,1,29,112.75,8,1,2011-01-30 14:03:00,2011-01-30 14:03:00,0,0,Segment 0
13162,5,1663,1644.99,74,5,2011-01-09 10:43:00,2011-08-09 15:59:00,212,2,Segment 2
13165,2,1376,1021.48,40,2,2010-12-23 14:06:00,2011-10-24 15:05:00,305,2,Segment 2
13166,2,214,414.7,39,2,2011-03-01 15:16:00,2011-03-02 14:28:00,0,2,Segment 2
13167,4,785,791.33,51,4,2011-07-19 12:13:00,2011-11-21 12:24:00,125,2,Segment 2
13168,5,668,1290.54,102,4,2011-01-25 13:55:00,2011-11-03 12:56:00,281,2,Segment 2
13169,2,272,712.88,11,2,2011-04-01 14:24:00,2011-10-07 12:11:00,188,0,Segment 0
13170,1,141,108.81,29,1,2011-11-13 12:19:00,2011-11-13 12:19:00,0,0,Segment 0
13171,5,227,426.81,37,5,2011-02-13 14:16:00,2011-12-01 15:06:00,291,2,Segment 2
13173,2,277,353.65,41,2,2010-12-07 14:30:00,2011-12-05 15:51:00,363,2,Segment 2
13174,3,1352,2742.82,228,3,2010-12-05 16:24:00,2011-11-23 14:35:00,352,2,Segment 2
13176,1,448,481.49,66,1,2011-10-24 15:43:00,2011-10-24 15:43:00,0,2,Segment 2
13177,1,91,282.45,17,1,2011-10-06 09:56:00,2011-10-06 09:56:00,0,0,Segment 0
13178,11,3570,5725.47,95,11,2010-12-14 12:22:00,2011-11-13 16:14:00,334,2,Segment 2
13182,1,201,121.18,11,1,2011-10-25 13:46:00,2011-10-25 13:46:00,0,0,Segment 0
13183,9,2208,3957.78,51,9,2011-01-09 10:50:00,2011-12-02 10:30:00,326,2,Segment 2
13184,12,1632,1616.45,138,9,2011-02-22 17:25:00,2011-11-25 12:02:00,275,2,Segment 2
13185,1,12,71.4,1,1,2011-03-17 11:56:00,2011-03-17 11:56:00,0,0,Segment 0
13186,5,804,1539.69,69,5,2011-08-03 09:09:00,2011-10-31 11:40:00,89,2,Segment 2
13187,1,95,236.02,37,1,2011-01-06 18:57:00,2011-01-06 18:57:00,0,2,Segment 2
13188,1,25,114.6,2,1,2011-11-28 15:28:00,2011-11-28 15:28:00,0,0,Segment 0
13189,2,842,260.68,29,2,2011-08-16 13:12:00,2011-11-21 10:39:00,96,0,Segment 0
13192,2,595,911.94,57,2,2011-05-18 14:57:00,2011-09-05 14:13:00,109,2,Segment 2
13193,1,46,112.08,22,1,2011-10-09 14:30:00,2011-10-09 14:30:00,0,0,Segment 0
13194,1,26,60.7,3,1,2011-07-27 09:01:00,2011-07-27 09:01:00,0,0,Segment 0
13196,4,1224,1797.78,97,3,2011-03-22 14:24:00,2011-11-28 13:54:00,250,2,Segment 2
13198,8,2645,3384.09,200,8,2010-12-13 09:29:00,2011-11-29 15:17:00,351,2,Segment 2
13199,39,6172,9803.96,48,34,2010-12-08 10:51:00,2011-12-06 12:30:00,363,2,Segment 2
13200,4,516,870.09,42,4,2011-08-05 14:50:00,2011-11-20 15:35:00,107,2,Segment 2
13203,4,800,869.46,56,4,2011-04-11 14:40:00,2011-11-30 10:45:00,232,2,Segment 2
13207,2,130,250.26,7,2,2011-07-12 11:35:00,2011-11-24 14:52:00,135,0,Segment 0
13208,7,785,1199.65,124,6,2011-02-03 19:32:00,2011-10-12 09:54:00,250,2,Segment 2
13209,11,4232,5820.16,255,9,2010-12-13 10:31:00,2011-11-09 13:54:00,331,2,Segment 2
13210,1,316,353.48,22,1,2011-09-07 08:18:00,2011-09-07 08:18:00,0,0,Segment 0
13211,3,834,1095.42,45,3,2010-12-13 16:17:00,2011-11-29 14:43:00,350,2,Segment 2
13212,4,308,779.33,128,3,2011-10-09 14:48:00,2011-11-30 15:12:00,52,2,Segment 2
13213,6,1357,1518.43,82,5,2011-05-24 12:22:00,2011-10-14 11:42:00,142,2,Segment 2
13216,1,297,333.74,5,1,2011-03-17 12:18:00,2011-03-17 12:18:00,0,0,Segment 0
13217,5,114,133.62,3,4,2011-07-06 12:08:00,2011-08-09 15:32:00,34,0,Segment 0
13218,1,88,62.63999999999999,5,1,2011-08-04 16:59:00,2011-08-04 16:59:00,0,0,Segment 0
13220,4,196,819.2900000000001,18,4,2011-04-17 10:59:00,2011-09-22 13:38:00,158,0,Segment 0
13221,2,244,847.41,62,2,2010-12-15 13:24:00,2011-04-13 16:58:00,119,2,Segment 2
13223,2,88,163.20000000000002,5,2,2011-04-21 15:16:00,2011-05-23 13:03:00,31,0,Segment 0
13224,3,1512,2150.85,101,2,2011-07-11 14:10:00,2011-10-10 15:00:00,91,2,Segment 2
13225,8,3352,6083.04,23,8,2010-12-13 09:49:00,2011-12-06 13:29:00,358,0,Segment 0
13226,1,80,108.21,16,1,2011-03-11 14:35:00,2011-03-11 14:35:00,0,0,Segment 0
13227,1,99,257.7,9,1,2011-05-22 11:47:00,2011-05-22 11:47:00,0,0,Segment 0
13228,1,200,358.0,2,1,2011-09-19 14:28:00,2011-09-19 14:28:00,0,0,Segment 0
13229,1,63,160.95,10,1,2011-04-28 12:07:00,2011-04-28 12:07:00,0,0,Segment 0
13230,15,1517,2712.07,393,13,2010-12-09 19:28:00,2011-12-05 16:03:00,360,2,Segment 2
13232,7,773,1328.35,147,7,2011-04-10 13:48:00,2011-11-27 10:39:00,230,2,Segment 2
13233,2,1004,605.12,43,2,2011-01-07 14:49:00,2011-09-26 13:25:00,261,2,Segment 2
13235,2,440,101.17000000000009,54,2,2011-05-11 17:13:00,2011-05-12 09:48:00,0,2,Segment 2
13236,3,411,727.27,34,3,2011-08-25 08:58:00,2011-11-15 12:50:00,82,2,Segment 2
13238,5,296,680.83,20,5,2010-12-14 14:37:00,2011-11-28 15:30:00,349,0,Segment 0
13239,1,363,329.56,22,1,2011-03-23 10:25:00,2011-03-23 10:25:00,0,0,Segment 0
13240,4,298,663.65,59,4,2010-12-09 12:49:00,2011-09-04 14:08:00,269,2,Segment 2
13242,3,130,270.40000000000003,12,2,2011-05-10 12:26:00,2011-08-19 12:53:00,101,0,Segment 0
13243,1,232,585.12,56,1,2011-05-20 13:14:00,2011-05-20 13:14:00,0,2,Segment 2
13244,1,38,121.74,27,1,2011-09-08 11:46:00,2011-09-08 11:46:00,0,0,Segment 0
13245,1,125,430.5,16,1,2011-10-20 11:40:00,2011-10-20 11:40:00,0,0,Segment 0
13246,7,1537,1896.32,110,6,2011-01-13 13:36:00,2011-11-21 16:50:00,312,2,Segment 2
13247,4,328,501.12,18,4,2011-09-18 11:31:00,2011-11-22 10:59:00,64,0,Segment 0
13248,2,305,465.68,25,2,2011-06-03 13:05:00,2011-08-07 12:40:00,64,0,Segment 0
13249,3,546,711.41,21,3,2011-03-23 15:26:00,2011-09-08 13:26:00,168,0,Segment 0
13253,2,1572,1030.4,35,2,2011-01-04 15:43:00,2011-07-06 10:09:00,182,2,Segment 2
13255,3,174,390.66,13,3,2010-12-01 11:58:00,2011-12-06 10:56:00,369,0,Segment 0
13256,1,12540,0.0,1,1,2011-11-25 15:57:00,2011-11-25 15:57:00,0,0,Segment 0
13258,3,282,672.83,28,3,2011-05-18 13:11:00,2011-11-28 09:31:00,193,0,Segment 0
13259,1,126,283.18,77,1,2011-10-09 10:48:00,2011-10-09 10:48:00,0,2,Segment 2
13260,1,142,557.62,8,1,2011-10-09 13:21:00,2011-10-09 13:21:00,0,0,Segment 0
13261,2,210,944.1,8,2,2011-02-27 10:41:00,2011-03-16 12:22:00,17,0,Segment 0
13262,1,125,200.29,11,1,2011-03-21 15:06:00,2011-03-21 15:06:00,0,0,Segment 0
13263,35,4768,7436.93,450,33,2011-01-18 16:31:00,2011-12-08 13:59:00,323,2,Segment 2
13265,5,1740,2092.66,66,5,2011-03-11 09:54:00,2011-10-17 15:02:00,220,2,Segment 2
13266,19,4299,3717.67,83,18,2010-12-15 16:56:00,2011-11-28 14:39:00,347,2,Segment 2
13267,27,1939,4404.44,88,21,2010-12-08 09:20:00,2011-12-07 11:12:00,364,2,Segment 2
13268,15,3601,3127.7,257,10,2011-03-17 13:20:00,2011-11-22 11:51:00,249,2,Segment 2
13269,17,3508,5312.97,178,15,2010-12-05 11:51:00,2011-12-08 14:53:00,368,2,Segment 2
13270,1,200,590.0,1,1,2010-12-08 14:53:00,2010-12-08 14:53:00,0,0,Segment 0
13271,2,168,172.37,79,1,2011-11-02 14:31:00,2011-11-02 14:43:00,0,2,Segment 2
13272,2,96,276.56,15,2,2011-09-11 12:06:00,2011-11-08 14:00:00,58,0,Segment 0
13273,1,153,138.98,16,1,2011-08-18 14:02:00,2011-08-18 14:02:00,0,0,Segment 0
13276,2,161,590.9300000000001,30,2,2011-09-01 10:03:00,2011-10-07 12:44:00,36,0,Segment 0
13277,4,176,258.4,5,4,2011-07-29 10:06:00,2011-11-24 09:21:00,117,0,Segment 0
13278,1,537,542.73,46,1,2011-10-30 11:49:00,2011-10-30 11:49:00,0,2,Segment 2
13279,2,70,126.3,9,2,2011-09-22 17:24:00,2011-10-06 18:51:00,14,0,Segment 0
13280,3,518,798.46,67,3,2011-01-06 17:10:00,2011-08-09 13:14:00,214,2,Segment 2
13282,6,289,1047.84,30,6,2011-05-03 12:03:00,2011-11-21 15:33:00,202,0,Segment 0
13283,2,90,93.66,7,2,2011-06-07 12:39:00,2011-10-11 09:50:00,125,0,Segment 0
13284,2,79,196.15,13,2,2011-01-13 09:23:00,2011-01-21 10:25:00,8,0,Segment 0
13285,4,2051,2709.12,157,4,2011-02-22 17:13:00,2011-11-16 13:19:00,266,2,Segment 2
13291,1,233,361.11,41,1,2011-07-07 10:36:00,2011-07-07 10:36:00,0,2,Segment 2
13292,2,347,578.9399999999999,29,2,2011-02-28 15:00:00,2011-11-01 10:04:00,245,0,Segment 0
13294,2,453,873.74,48,2,2011-04-04 12:37:00,2011-06-03 08:54:00,59,2,Segment 2
13295,2,81,197.95,11,2,2010-12-02 17:36:00,2010-12-15 11:21:00,12,0,Segment 0
13296,1,78,87.4,5,1,2011-07-25 13:46:00,2011-07-25 13:46:00,0,0,Segment 0
13297,4,963,2089.85,52,3,2011-10-03 15:08:00,2011-12-02 09:32:00,59,2,Segment 2
13298,1,96,360.0,2,1,2011-12-08 13:11:00,2011-12-08 13:11:00,0,0,Segment 0
13299,1,30,142.5,5,1,2011-03-16 12:55:00,2011-03-16 12:55:00,0,0,Segment 0
13300,2,201,365.29,20,2,2011-06-23 13:09:00,2011-06-28 11:59:00,4,0,Segment 0
13301,4,345,618.09,75,4,2011-02-20 13:13:00,2011-08-28 11:25:00,188,2,Segment 2
13302,1,5,63.75,1,1,2011-07-07 17:56:00,2011-07-07 17:56:00,0,0,Segment 0
13304,1,238,300.42,21,1,2010-12-23 14:35:00,2010-12-23 14:35:00,0,0,Segment 0
13305,10,1232,2000.86,50,10,2010-12-02 12:10:00,2011-12-05 15:15:00,368,2,Segment 2
13307,1,4,15.0,1,1,2011-08-11 17:14:00,2011-08-11 17:14:00,0,0,Segment 0
13308,4,840,1367.61,49,4,2011-05-20 13:13:00,2011-11-17 09:31:00,180,2,Segment 2
13309,5,1544,1456.79,82,5,2011-02-04 12:29:00,2011-12-02 16:34:00,301,2,Segment 2
13310,6,575,1083.63,65,6,2011-01-19 14:50:00,2011-12-01 08:23:00,315,2,Segment 2
13311,2,305,598.57,25,2,2011-07-12 14:26:00,2011-12-05 12:55:00,145,0,Segment 0
13313,5,851,1555.32,47,5,2011-01-04 10:00:00,2011-11-17 16:48:00,317,2,Segment 2
13314,4,487,593.51,55,4,2011-09-27 10:20:00,2011-12-08 12:29:00,72,2,Segment 2
13316,5,5507,5570.6900000000005,67,5,2011-03-30 13:01:00,2011-11-02 13:40:00,217,2,Segment 2
13317,9,1003,2140.07,101,7,2010-12-16 09:22:00,2011-10-06 19:21:00,294,2,Segment 2
13318,3,304,640.76,14,3,2011-11-02 13:26:00,2011-12-08 18:51:00,36,0,Segment 0
13319,36,4686,10664.34,211,26,2010-12-07 11:47:00,2011-12-04 13:34:00,362,2,Segment 2
13320,6,1056,1475.2,77,5,2011-05-10 10:29:00,2011-09-30 12:52:00,143,2,Segment 2
13321,2,372,567.36,10,2,2011-09-14 15:18:00,2011-09-28 15:24:00,14,0,Segment 0
13322,1,117,199.48,25,1,2011-11-22 14:21:00,2011-11-22 14:21:00,0,0,Segment 0
13323,5,175,787.85,6,5,2011-09-16 13:23:00,2011-12-06 17:12:00,81,0,Segment 0
13324,12,5200,7072.8,25,8,2010-12-14 09:50:00,2011-11-07 15:51:00,328,2,Segment 2
13325,1,240,675.3,12,1,2011-09-19 10:36:00,2011-09-19 10:36:00,0,0,Segment 0
13327,9,1588,3617.57,74,8,2010-12-09 15:32:00,2011-11-01 10:21:00,326,2,Segment 2
13328,1,680,1308.48,17,1,2011-01-27 15:22:00,2011-01-27 15:22:00,0,0,Segment 0
13329,4,427,740.4,16,4,2010-12-08 10:11:00,2011-11-08 10:29:00,335,0,Segment 0
13330,3,751,1140.93,37,3,2011-01-28 10:08:00,2011-09-08 12:27:00,223,2,Segment 2
13332,1,179,350.9,21,1,2011-11-25 13:30:00,2011-11-25 13:30:00,0,0,Segment 0
13334,3,1764,3502.32,207,3,2011-02-07 11:42:00,2011-09-18 15:21:00,223,2,Segment 2
13336,1,559,795.12,51,1,2011-09-23 14:05:00,2011-09-23 14:05:00,0,2,Segment 2
13338,3,247,431.82,19,3,2011-07-05 09:06:00,2011-07-08 14:53:00,3,0,Segment 0
13339,1,326,860.12,54,1,2011-05-23 08:31:00,2011-05-23 08:31:00,0,2,Segment 2
13340,7,5770,10736.48,128,5,2011-03-08 11:39:00,2011-10-25 13:15:00,231,2,Segment 2
13341,1,301,775.85,42,1,2011-03-24 09:50:00,2011-03-24 09:50:00,0,2,Segment 2
13343,2,126,303.93,19,2,2011-06-15 12:24:00,2011-06-20 11:37:00,4,0,Segment 0
13344,3,952,2511.69,115,2,2011-03-07 10:28:00,2011-10-03 09:45:00,209,2,Segment 2
13345,2,139,377.6,20,2,2011-02-25 09:01:00,2011-03-08 08:34:00,10,0,Segment 0
13347,1,205,341.36,8,1,2011-09-30 13:28:00,2011-09-30 13:28:00,0,0,Segment 0
13348,1,136,233.76,14,1,2011-10-06 17:28:00,2011-10-06 17:28:00,0,0,Segment 0
13349,1,225,247.32,16,1,2011-11-29 08:07:00,2011-11-29 08:07:00,0,0,Segment 0
13350,3,284,910.72,36,3,2011-09-21 13:33:00,2011-11-23 16:33:00,63,2,Segment 2
13351,1,117,373.94,16,1,2011-10-04 12:55:00,2011-10-04 12:55:00,0,0,Segment 0
13352,2,315,389.28,24,2,2011-10-10 13:55:00,2011-12-02 11:58:00,52,0,Segment 0
13354,1,604,743.53,51,1,2011-09-29 13:17:00,2011-09-29 13:17:00,0,2,Segment 2
13355,1,314,674.7,32,1,2011-08-09 14:48:00,2011-08-09 14:48:00,0,0,Segment 0
13356,1,325,768.24,42,1,2011-09-20 14:33:00,2011-09-20 14:33:00,0,2,Segment 2
13357,1,321,609.4,85,1,2011-03-27 13:56:00,2011-03-27 13:56:00,0,2,Segment 2
13358,1,285,439.03,29,1,2011-03-16 11:52:00,2011-03-16 11:52:00,0,0,Segment 0
13359,2,159,431.26,23,2,2011-10-07 09:30:00,2011-10-11 16:48:00,4,0,Segment 0
13362,5,1379,3085.49,128,5,2011-02-25 11:33:00,2011-12-06 13:57:00,284,2,Segment 2
13363,2,710,992.5,47,2,2011-10-27 10:46:00,2011-11-22 12:40:00,26,2,Segment 2
13364,2,0,0.0,10,2,2011-09-29 18:13:00,2011-10-04 09:48:00,4,0,Segment 0
13365,3,1238,2191.22,122,3,2011-05-06 12:00:00,2011-12-01 08:39:00,208,2,Segment 2
13366,1,144,56.16,1,1,2011-10-20 13:37:00,2011-10-20 13:37:00,0,0,Segment 0
13368,2,327,623.4,29,2,2011-01-06 12:32:00,2011-03-28 09:59:00,80,0,Segment 0
13369,2,127,263.75,14,2,2010-12-09 11:30:00,2010-12-20 14:02:00,11,0,Segment 0
13370,2,336,721.32,39,2,2010-12-03 10:26:00,2010-12-08 15:57:00,5,2,Segment 2
13372,1,159,378.64,23,1,2011-09-11 12:46:00,2011-09-11 12:46:00,0,0,Segment 0
13373,3,1651,3312.25,135,3,2011-03-08 14:35:00,2011-10-10 10:51:00,215,2,Segment 2
13375,2,441,772.9,37,2,2011-09-12 10:19:00,2011-09-19 16:01:00,7,2,Segment 2
13376,3,493,1019.76,45,3,2011-04-19 13:03:00,2011-09-01 16:16:00,135,2,Segment 2
13379,3,601,572.56,85,3,2011-07-26 12:26:00,2011-11-13 13:45:00,110,2,Segment 2
13381,7,2027,3626.81,77,7,2011-02-14 10:10:00,2011-11-18 16:59:00,277,2,Segment 2
13382,1,131,222.99,15,1,2011-03-04 10:03:00,2011-03-04 10:03:00,0,0,Segment 0
13384,9,2415,4122.28,123,8,2011-06-14 12:47:00,2011-11-09 11:04:00,147,2,Segment 2
13385,1,281,534.57,35,1,2011-01-14 09:52:00,2011-01-14 09:52:00,0,2,Segment 2
13388,3,281,627.15,35,2,2011-07-31 12:52:00,2011-08-10 13:35:00,10,2,Segment 2
13389,3,429,797.96,50,3,2011-04-21 12:12:00,2011-11-28 14:01:00,221,2,Segment 2
13390,1,224,544.08,13,1,2011-09-26 08:38:00,2011-09-26 08:38:00,0,0,Segment 0
13391,1,4,59.8,1,1,2011-05-20 10:50:00,2011-05-20 10:50:00,0,0,Segment 0
13394,10,2215,2312.8,126,9,2011-02-03 10:39:00,2011-12-08 11:36:00,308,2,Segment 2
13395,1,336,307.72,21,1,2011-06-07 15:04:00,2011-06-07 15:04:00,0,0,Segment 0
13396,4,592,1325.29,42,4,2011-01-24 13:37:00,2011-11-18 09:42:00,297,2,Segment 2
13397,6,429,1539.18,28,6,2011-01-04 13:50:00,2011-09-28 10:56:00,266,0,Segment 0
13398,1,281,457.34,26,1,2011-05-31 13:17:00,2011-05-31 13:17:00,0,0,Segment 0
13402,2,479,621.23,32,2,2010-12-02 17:12:00,2011-08-04 15:51:00,244,2,Segment 2
13403,1,44,75.0,3,1,2011-11-22 08:28:00,2011-11-22 08:28:00,0,0,Segment 0
13404,2,111,252.49,11,2,2011-05-11 11:57:00,2011-12-08 15:37:00,211,0,Segment 0
13405,3,165,572.451,25,3,2011-01-26 09:27:00,2011-09-26 17:01:00,243,0,Segment 0
13408,81,16119,27487.41,236,55,2010-12-01 10:39:00,2011-12-08 09:05:00,371,3,Segment 3
13410,7,513,988.91,15,7,2011-02-21 14:38:00,2011-12-01 08:58:00,282,0,Segment 0
13411,1,72,213.55,17,1,2011-08-24 13:57:00,2011-08-24 13:57:00,0,0,Segment 0
13414,3,1574,1390.5,23,3,2011-02-16 12:13:00,2011-07-29 11:45:00,162,0,Segment 0
13416,2,142,712.5,11,2,2011-09-19 14:43:00,2011-10-27 08:56:00,37,0,Segment 0
13417,2,162,640.83,26,2,2011-05-18 16:26:00,2011-12-05 08:49:00,200,0,Segment 0
13418,23,3839,5845.44,223,18,2010-12-02 10:45:00,2011-11-28 10:23:00,360,2,Segment 2
13419,1,275,221.06,16,1,2011-10-07 12:49:00,2011-10-07 12:49:00,0,0,Segment 0
13420,4,88,140.35,8,4,2011-06-22 11:35:00,2011-07-28 12:10:00,36,0,Segment 0
13421,3,1127,1831.61,89,2,2011-02-22 15:46:00,2011-10-30 14:21:00,249,2,Segment 2
13422,2,1321,2601.55,127,2,2011-10-06 13:42:00,2011-10-19 13:45:00,13,2,Segment 2
13425,3,1123,1624.21,66,3,2011-02-18 08:34:00,2011-08-23 17:13:00,186,2,Segment 2
13426,12,2224,3550.7000000000003,104,11,2010-12-15 12:43:00,2011-12-09 08:59:00,358,2,Segment 2
13427,3,545,582.6,25,3,2011-05-08 15:58:00,2011-11-20 13:02:00,195,0,Segment 0
13428,1,151,201.78,70,1,2011-11-29 14:20:00,2011-11-29 14:20:00,0,2,Segment 2
13429,4,1390,1006.8,55,4,2011-09-25 15:59:00,2011-11-29 09:10:00,64,2,Segment 2
13430,4,738,648.6899999999999,49,4,2011-09-14 14:26:00,2011-11-21 08:19:00,67,2,Segment 2
13431,2,672,1269.1,44,2,2011-09-12 11:25:00,2011-10-03 13:49:00,21,2,Segment 2
13434,2,300,534.24,9,2,2011-09-04 10:35:00,2011-09-26 14:30:00,22,0,Segment 0
13435,9,2125,3794.49,68,8,2011-06-03 17:07:00,2011-12-04 14:59:00,183,2,Segment 2
13436,1,76,196.89,12,1,2011-12-08 10:33:00,2011-12-08 10:33:00,0,0,Segment 0
13437,7,1283,3408.06,143,7,2011-06-02 14:30:00,2011-11-25 14:00:00,175,2,Segment 2
13439,1,242,283.71,54,1,2011-03-29 14:20:00,2011-03-29 14:20:00,0,2,Segment 2
13441,1,204,296.64,13,1,2011-09-09 09:38:00,2011-09-09 09:38:00,0,0,Segment 0
13447,4,577,1104.23,55,4,2011-11-04 10:10:00,2011-11-16 13:38:00,12,2,Segment 2
13448,10,1626,3460.99,137,8,2010-12-01 10:52:00,2011-11-23 12:33:00,357,2,Segment 2
13449,1,222,291.88,19,1,2011-11-16 08:28:00,2011-11-16 08:28:00,0,0,Segment 0
13450,6,1982,2043.72,32,6,2011-05-05 19:48:00,2011-11-13 11:54:00,191,2,Segment 2
13451,6,2122,2838.56,315,5,2011-01-09 15:35:00,2011-11-13 15:58:00,308,2,Segment 2
13452,2,2,590.0,1,2,2011-03-14 11:38:00,2011-03-25 14:19:00,11,0,Segment 0
13453,2,134,356.98,16,2,2011-02-23 09:44:00,2011-06-27 09:34:00,123,0,Segment 0
13455,4,345,1007.35,42,4,2010-12-08 13:11:00,2011-11-15 11:21:00,341,2,Segment 2
13456,7,756,1737.8200000000002,43,7,2011-05-16 15:34:00,2011-11-22 09:18:00,189,2,Segment 2
13458,22,5460,9537.92,242,22,2010-12-15 12:05:00,2011-12-02 15:29:00,352,2,Segment 2
13460,2,286,183.44,16,2,2011-10-21 09:50:00,2011-11-10 17:17:00,20,0,Segment 0
13461,3,1170,1445.0,14,3,2011-06-29 10:23:00,2011-11-01 09:01:00,124,0,Segment 0
13462,2,61,143.25,9,2,2011-04-01 11:20:00,2011-06-09 19:53:00,69,0,Segment 0
13464,1,403,674.68,41,1,2011-10-12 15:01:00,2011-10-12 15:01:00,0,2,Segment 2
13466,2,258,297.95,17,2,2011-06-08 16:39:00,2011-08-31 15:29:00,83,0,Segment 0
13467,2,580,1071.91,89,2,2011-11-03 16:56:00,2011-11-29 10:01:00,25,2,Segment 2
13468,41,2581,5656.75,184,40,2010-12-01 15:08:00,2011-12-08 10:39:00,371,2,Segment 2
13470,2,100,165.0,7,2,2011-08-16 17:06:00,2011-09-01 14:57:00,15,0,Segment 0
13471,4,1583,2501.84,214,4,2011-10-23 13:10:00,2011-12-08 15:44:00,46,2,Segment 2
13473,3,260,417.54,21,3,2011-01-11 08:45:00,2011-10-10 11:20:00,272,0,Segment 0
13474,1,129,226.84,59,1,2011-04-17 13:53:00,2011-04-17 13:53:00,0,2,Segment 2
13475,4,1012,1431.78,64,4,2011-02-14 12:36:00,2011-06-01 13:52:00,107,2,Segment 2
13476,4,414,1092.77,56,4,2011-03-03 14:43:00,2011-06-14 12:00:00,102,2,Segment 2
13477,8,1018,1441.53,57,8,2011-02-21 12:29:00,2011-11-02 12:04:00,253,2,Segment 2
13479,3,133,291.0,14,3,2011-04-19 11:27:00,2011-05-25 16:49:00,36,0,Segment 0
13481,8,1127,1776.81,98,7,2010-12-06 15:12:00,2011-10-25 09:07:00,322,2,Segment 2
13482,1,116,184.64,11,1,2011-04-21 17:03:00,2011-04-21 17:03:00,0,0,Segment 0
13483,1,160,140.34,10,1,2011-10-05 11:53:00,2011-10-05 11:53:00,0,0,Segment 0
13484,1,44,313.8,8,1,2011-04-12 16:30:00,2011-04-12 16:30:00,0,0,Segment 0
13485,1,277,454.24,23,1,2011-04-20 13:58:00,2011-04-20 13:58:00,0,0,Segment 0
13486,3,669,1122.41,69,3,2011-07-07 17:19:00,2011-09-22 13:13:00,76,2,Segment 2
13487,3,265,575.4,26,3,2010-12-21 14:54:00,2011-10-13 12:07:00,295,0,Segment 0
13488,17,4512,8910.61,272,16,2010-12-07 13:01:00,2011-11-22 14:41:00,350,2,Segment 2
13489,4,560,449.52,11,4,2011-02-18 10:42:00,2011-08-26 13:16:00,189,0,Segment 0
13491,10,903,1215.82,73,10,2010-12-02 14:30:00,2011-10-19 08:32:00,320,2,Segment 2
13492,3,408,1269.84,38,3,2011-05-09 10:06:00,2011-07-26 14:25:00,78,2,Segment 2
13493,2,380,618.63,6,2,2011-02-25 16:42:00,2011-03-09 15:35:00,11,0,Segment 0
13494,1,162,316.26000000000005,18,1,2011-02-01 11:58:00,2011-02-01 11:58:00,0,0,Segment 0
13495,6,814,1990.12,34,6,2010-12-06 15:14:00,2011-12-02 11:21:00,360,2,Segment 2
13496,3,329,617.93,28,3,2010-12-15 10:17:00,2011-11-29 10:58:00,349,0,Segment 0
13497,3,159,321.05,19,2,2010-12-06 11:37:00,2011-03-02 09:04:00,85,0,Segment 0
13499,7,1358,1146.96,31,7,2011-03-15 08:52:00,2011-11-22 11:21:00,252,2,Segment 2
13500,4,585,1136.77,60,4,2011-08-09 12:20:00,2011-11-16 15:35:00,99,2,Segment 2
13501,2,557,1310.47,52,2,2011-02-24 18:59:00,2011-04-11 09:35:00,45,2,Segment 2
13502,3,264,292.0,17,3,2011-01-20 09:03:00,2011-11-23 10:39:00,307,0,Segment 0
13503,1,248,216.85,17,1,2011-09-29 13:23:00,2011-09-29 13:23:00,0,0,Segment 0
13504,1,178,295.93,22,1,2011-10-06 13:20:00,2011-10-06 13:20:00,0,0,Segment 0
13505,8,2461,4282.88,182,8,2011-04-21 12:07:00,2011-10-03 12:14:00,165,2,Segment 2
13506,3,321,452.82,26,3,2010-12-05 12:15:00,2011-01-31 15:27:00,57,0,Segment 0
13507,4,1597,2479.16,146,4,2011-07-17 11:50:00,2011-12-06 13:13:00,142,2,Segment 2
13508,1,24,110.97,12,1,2011-04-10 11:58:00,2011-04-10 11:58:00,0,0,Segment 0
13509,7,1106,979.72,27,7,2011-02-28 13:27:00,2011-12-01 10:10:00,275,0,Segment 0
13510,5,1382,1785.16,86,5,2011-06-09 09:32:00,2011-12-08 13:46:00,182,2,Segment 2
13512,1,143,251.21,15,1,2011-03-24 10:03:00,2011-03-24 10:03:00,0,0,Segment 0
13513,1,109,205.1,10,1,2011-08-05 11:50:00,2011-08-05 11:50:00,0,0,Segment 0
13514,1,40,152.20000000000002,4,1,2011-09-27 09:39:00,2011-09-27 09:39:00,0,0,Segment 0
13515,4,681,891.12,50,4,2011-04-06 10:33:00,2011-09-28 11:26:00,175,2,Segment 2
13516,3,985,1389.41,43,3,2011-04-15 11:06:00,2011-11-18 13:15:00,217,2,Segment 2
13517,5,1360,2109.07,125,5,2011-06-13 08:44:00,2011-10-11 11:43:00,120,2,Segment 2
13518,1,382,627.16,36,1,2011-09-15 10:29:00,2011-09-15 10:29:00,0,2,Segment 2
13519,2,22,110.8,8,2,2011-09-22 18:24:00,2011-10-20 15:56:00,27,0,Segment 0
13520,8,1642,3487.75,49,7,2010-12-03 10:36:00,2011-10-12 10:20:00,312,2,Segment 2
13521,3,718,1071.73,313,3,2011-11-29 15:09:00,2011-12-08 13:50:00,8,2,Segment 2
13522,1,44,125.8,5,1,2011-11-09 15:11:00,2011-11-09 15:11:00,0,0,Segment 0
13523,6,1745,3755.38,157,5,2010-12-08 14:22:00,2011-11-06 15:11:00,333,2,Segment 2
13524,5,324,680.1800000000001,17,5,2011-05-04 12:26:00,2011-10-30 12:34:00,179,0,Segment 0
13525,2,394,628.78,5,2,2011-04-05 15:36:00,2011-11-25 12:01:00,233,0,Segment 0
13527,8,1664,2218.61,153,6,2011-01-17 11:17:00,2011-11-06 12:04:00,293,2,Segment 2
13529,2,74,307.76,15,2,2011-05-19 11:50:00,2011-09-22 09:15:00,125,0,Segment 0
13531,2,174,483.8,17,2,2010-12-08 15:03:00,2011-05-18 16:56:00,161,0,Segment 0
13532,1,129,210.31,66,1,2011-11-06 12:25:00,2011-11-06 12:25:00,0,2,Segment 2
13533,3,202,269.09,61,2,2011-03-17 12:47:00,2011-06-10 11:54:00,84,2,Segment 2
13534,43,2876,5613.08,119,34,2010-12-16 15:23:00,2011-12-07 14:52:00,355,2,Segment 2
13536,7,2126,3444.39,91,7,2011-09-25 13:30:00,2011-12-08 16:38:00,74,2,Segment 2
13538,7,175,1280.85,10,7,2011-01-28 10:40:00,2011-10-27 16:34:00,272,0,Segment 0
13539,4,314,605.84,36,4,2011-02-03 15:23:00,2011-09-15 10:18:00,223,2,Segment 2
13544,2,112,276.06,76,2,2011-04-13 12:09:00,2011-10-31 11:57:00,200,2,Segment 2
13546,3,357,621.09,72,3,2011-05-23 12:14:00,2011-11-27 14:50:00,188,2,Segment 2
13548,2,436,678.16,114,2,2011-04-10 11:35:00,2011-09-04 14:50:00,147,2,Segment 2
13549,8,457,916.12,37,8,2011-04-11 13:42:00,2011-11-14 09:20:00,216,2,Segment 2
13551,1,12,91.8,4,1,2011-01-24 14:46:00,2011-01-24 14:46:00,0,0,Segment 0
13552,16,1386,3539.53,82,12,2011-01-28 10:10:00,2011-10-04 15:19:00,249,2,Segment 2
13555,4,2636,4098.88,128,2,2011-05-22 11:06:00,2011-09-27 12:36:00,128,2,Segment 2
13557,2,546,584.06,31,2,2011-03-04 12:14:00,2011-11-11 15:24:00,252,0,Segment 0
13558,4,338,594.52,123,4,2011-10-02 13:01:00,2011-12-04 11:24:00,62,2,Segment 2
13560,1,63,171.42000000000002,32,1,2011-12-02 13:11:00,2011-12-02 13:11:00,0,0,Segment 0
13561,1,83,141.86,14,1,2011-05-08 12:39:00,2011-05-08 12:39:00,0,0,Segment 0
13562,3,757,1799.33,50,3,2011-04-08 12:42:00,2011-09-19 10:51:00,163,2,Segment 2
13563,2,209,777.53,49,2,2011-07-22 17:21:00,2011-09-16 14:45:00,55,2,Segment 2
13564,5,634,623.3900000000001,68,3,2010-12-06 17:26:00,2011-07-18 14:35:00,223,2,Segment 2
13565,2,172,240.22,35,2,2011-01-09 14:28:00,2011-11-20 14:33:00,315,2,Segment 2
13566,2,567,856.84,134,2,2011-09-18 12:40:00,2011-10-30 11:59:00,41,2,Segment 2
13568,1,66,187.05,41,1,2011-06-19 14:42:00,2011-06-19 14:42:00,0,2,Segment 2
13569,2,156,338.62,73,2,2010-12-07 12:29:00,2011-11-22 13:07:00,350,2,Segment 2
13570,1,161,239.49,27,1,2011-04-10 13:36:00,2011-04-10 13:36:00,0,0,Segment 0
13571,12,1757,2088.94,157,12,2011-03-31 12:43:00,2011-11-27 10:47:00,240,2,Segment 2
13572,1,534,1384.25,32,1,2011-05-18 11:59:00,2011-05-18 11:59:00,0,2,Segment 2
13573,2,302,290.25,24,2,2011-03-31 14:47:00,2011-10-20 14:33:00,202,0,Segment 0
13575,5,449,732.0699999999999,41,5,2011-06-16 14:24:00,2011-11-16 13:14:00,152,2,Segment 2
13576,20,2640,6703.3,78,20,2010-12-01 17:24:00,2011-11-29 15:34:00,362,2,Segment 2
13577,5,771,1658.3,61,5,2011-04-12 10:33:00,2011-11-14 15:19:00,216,2,Segment 2
13579,2,176,467.04,19,2,2010-12-05 16:10:00,2011-11-25 08:41:00,354,0,Segment 0
13581,1,30,118.0,10,1,2011-02-03 14:41:00,2011-02-03 14:41:00,0,0,Segment 0
13583,1,725,781.03,53,1,2011-07-07 10:40:00,2011-07-07 10:40:00,0,2,Segment 2
13584,1,37,142.4,24,1,2011-02-06 12:49:00,2011-02-06 12:49:00,0,0,Segment 0
13587,3,160,347.0,8,3,2011-10-07 12:31:00,2011-11-08 11:17:00,31,0,Segment 0
13588,13,2573,2445.12,132,10,2011-03-29 15:53:00,2011-11-24 10:42:00,239,2,Segment 2
13589,2,114,379.65,21,2,2011-06-13 12:44:00,2011-11-25 12:10:00,164,0,Segment 0
13590,7,1846,1976.12,70,7,2011-02-09 13:25:00,2011-11-28 12:54:00,291,2,Segment 2
13591,3,485,1117.13,56,3,2011-03-18 12:18:00,2011-10-06 12:26:00,202,2,Segment 2
13592,4,84,247.96,15,4,2011-03-20 14:01:00,2011-11-04 09:49:00,228,0,Segment 0
13593,6,695,1965.08,77,5,2011-01-07 16:32:00,2011-08-23 13:35:00,227,2,Segment 2
13594,1,359,396.97,26,1,2011-10-18 10:19:00,2011-10-18 10:19:00,0,0,Segment 0
13596,2,384,664.11,133,2,2011-11-27 11:57:00,2011-12-04 12:01:00,7,2,Segment 2
13598,2,51,147.29,33,1,2011-10-23 14:28:00,2011-10-23 14:35:00,0,2,Segment 2
13599,33,3168,5026.85,172,24,2010-12-08 10:11:00,2011-12-08 19:26:00,365,2,Segment 2
13600,1,324,219.52,19,1,2011-01-31 15:27:00,2011-01-31 15:27:00,0,0,Segment 0
13601,2,548,693.32,90,2,2011-05-12 16:52:00,2011-10-25 17:31:00,166,2,Segment 2
13602,1,267,428.89,23,1,2011-10-06 11:47:00,2011-10-06 11:47:00,0,0,Segment 0
13603,1,164,164.34,27,1,2011-11-13 15:57:00,2011-11-13 15:57:00,0,0,Segment 0
13606,3,276,276.75,40,3,2011-02-01 11:42:00,2011-11-10 17:46:00,282,2,Segment 2
13607,1,288,675.51,93,1,2011-10-30 16:17:00,2011-10-30 16:17:00,0,2,Segment 2
13610,9,486,1065.88,165,7,2011-02-27 14:44:00,2011-11-27 15:38:00,273,2,Segment 2
13611,4,750,1140.8,67,4,2010-12-15 10:31:00,2011-09-11 14:51:00,270,2,Segment 2
13614,4,564,1585.46,171,4,2011-01-13 12:37:00,2011-11-15 14:47:00,306,2,Segment 2
13615,2,183,399.99,23,2,2011-01-25 08:21:00,2011-01-31 11:29:00,6,0,Segment 0
13617,3,300,544.18,31,3,2011-06-12 12:55:00,2011-10-30 13:50:00,140,0,Segment 0
13618,1,246,177.34,13,1,2011-06-19 11:09:00,2011-06-19 11:09:00,0,0,Segment 0
13621,1,343,213.85,19,1,2011-08-15 08:26:00,2011-08-15 08:26:00,0,0,Segment 0
13623,7,278,652.4,78,5,2011-02-15 12:55:00,2011-11-09 12:00:00,266,2,Segment 2
13626,1,209,257.23,19,1,2011-04-01 10:05:00,2011-04-01 10:05:00,0,0,Segment 0
13627,7,1266,1624.02,84,7,2010-12-17 09:52:00,2011-10-11 14:20:00,298,2,Segment 2
13629,11,4372,7792.36,28,11,2011-01-05 12:09:00,2011-11-16 13:21:00,315,2,Segment 2
13630,11,1377,1995.68,51,9,2011-02-27 12:49:00,2011-12-04 15:16:00,280,2,Segment 2
13631,12,460,3021.77,6,8,2011-03-17 17:13:00,2011-09-01 09:57:00,167,0,Segment 0
13632,6,1030,2114.68,121,5,2011-04-10 15:07:00,2011-11-15 10:51:00,218,2,Segment 2
13634,5,700,1547.36,156,5,2011-01-16 15:30:00,2011-11-06 13:40:00,293,2,Segment 2
13635,1,677,1071.03,62,1,2011-10-03 10:55:00,2011-10-03 10:55:00,0,2,Segment 2
13636,6,586,941.62,57,6,2011-02-27 14:29:00,2011-11-03 10:30:00,248,2,Segment 2
13637,3,405,804.3,79,3,2011-04-27 13:06:00,2011-10-18 13:32:00,174,2,Segment 2
13638,1,93,122.64,8,1,2011-11-24 10:38:00,2011-11-24 10:38:00,0,0,Segment 0
13639,1,800,1033.34,39,1,2011-09-26 13:36:00,2011-09-26 13:36:00,0,2,Segment 2
13642,1,151,312.28,57,1,2011-05-08 12:34:00,2011-05-08 12:34:00,0,2,Segment 2
13643,3,273,519.44,24,3,2011-06-07 11:40:00,2011-11-08 15:37:00,154,0,Segment 0
13644,5,2060,2597.52,144,5,2011-08-26 11:53:00,2011-12-01 08:18:00,96,2,Segment 2
13645,1,158,252.1,5,1,2011-08-11 16:11:00,2011-08-11 16:11:00,0,0,Segment 0
13647,5,886,1640.22,65,5,2011-04-19 09:49:00,2011-11-30 12:00:00,225,2,Segment 2
13649,2,139,346.6,23,2,2010-12-08 14:46:00,2011-03-28 11:51:00,109,0,Segment 0
13650,7,918,1809.34,79,6,2011-03-17 12:37:00,2011-11-23 12:22:00,250,2,Segment 2
13651,2,33,94.2,6,2,2011-10-31 12:11:00,2011-11-04 14:59:00,4,0,Segment 0
13652,3,578,1095.08,48,3,2010-12-06 09:21:00,2011-10-25 08:51:00,322,2,Segment 2
13654,6,2182,2707.33,157,5,2011-03-11 12:54:00,2011-10-27 16:24:00,230,2,Segment 2
13655,2,605,932.97,52,2,2011-04-12 09:53:00,2011-08-17 14:25:00,127,2,Segment 2
13656,2,490,379.65,49,2,2011-01-06 15:42:00,2011-06-28 10:31:00,172,2,Segment 2
13657,2,209,382.14,16,2,2011-05-22 12:35:00,2011-11-29 12:32:00,190,0,Segment 0
13658,7,1009,2421.47,91,5,2011-05-19 17:15:00,2011-11-30 10:13:00,194,2,Segment 2
13659,3,867,1540.65,93,3,2011-01-23 12:08:00,2011-05-26 19:56:00,123,2,Segment 2
13662,7,528,862.58,50,7,2011-03-25 13:23:00,2011-09-15 12:04:00,173,2,Segment 2
13663,1,91,189.47,13,1,2011-06-13 15:44:00,2011-06-13 15:44:00,0,0,Segment 0
13666,3,41,84.65,12,2,2011-02-25 13:05:00,2011-10-10 15:39:00,227,0,Segment 0
13667,1,149,299.05,82,1,2011-07-13 15:42:00,2011-07-13 15:42:00,0,2,Segment 2
13668,29,3617,6162.31,286,21,2010-12-12 12:35:00,2011-12-07 12:14:00,359,2,Segment 2
13669,2,237,218.55,9,2,2011-07-13 11:44:00,2011-10-20 09:32:00,98,0,Segment 0
13670,1,282,349.7,25,1,2011-09-25 15:25:00,2011-09-25 15:25:00,0,0,Segment 0
13672,6,-1,-71.46,5,3,2011-01-10 12:02:00,2011-02-11 13:55:00,32,0,Segment 0
13673,2,114,387.44,47,2,2011-11-07 15:40:00,2011-11-21 12:11:00,13,2,Segment 2
13675,2,330,486.8200000000001,25,2,2011-02-28 12:14:00,2011-07-11 12:57:00,133,0,Segment 0
13678,1,924,232.6,16,1,2011-07-11 10:14:00,2011-07-11 10:14:00,0,0,Segment 0
13680,5,1265,2199.01,164,5,2011-01-04 14:12:00,2011-12-08 13:47:00,337,2,Segment 2
13681,4,360,827.83,37,4,2011-07-07 15:21:00,2011-11-22 11:13:00,137,2,Segment 2
13682,1,10,59.5,3,1,2011-06-05 14:06:00,2011-06-05 14:06:00,0,0,Segment 0
13684,2,37,62.13,29,1,2011-02-27 10:13:00,2011-02-27 10:25:00,0,0,Segment 0
13685,7,5056,3119.44,29,6,2011-10-10 12:59:00,2011-12-07 11:41:00,57,2,Segment 2
13686,1,70,72.0,8,1,2011-06-10 09:10:00,2011-06-10 09:10:00,0,0,Segment 0
13689,1,512,910.0,6,1,2011-10-07 13:21:00,2011-10-07 13:21:00,0,0,Segment 0
13690,1,67,172.25,9,1,2011-10-11 15:03:00,2011-10-11 15:03:00,0,0,Segment 0
13692,5,1224,1466.87,49,5,2011-04-17 12:57:00,2011-11-15 11:17:00,211,2,Segment 2
13693,2,-6,-32.0,4,1,2011-01-18 15:21:00,2011-01-18 15:23:00,0,0,Segment 0
13694,60,61899,62690.54,369,41,2010-12-01 12:12:00,2011-12-06 09:32:00,369,3,Segment 3
13695,15,1603,2504.13,46,14,2011-03-25 11:31:00,2011-11-08 14:26:00,228,2,Segment 2
13697,1,177,151.29999999999998,12,1,2011-11-01 09:14:00,2011-11-01 09:14:00,0,0,Segment 0
13699,1,66,308.58000000000004,14,1,2011-07-07 16:51:00,2011-07-07 16:51:00,0,0,Segment 0
13700,10,2281,2248.63,139,8,2011-01-16 13:18:00,2011-11-13 13:00:00,300,2,Segment 2
13703,1,10,99.5,1,1,2011-01-25 13:10:00,2011-01-25 13:10:00,0,0,Segment 0
13704,10,1528,2295.31,111,10,2011-09-12 14:40:00,2011-12-04 15:13:00,83,2,Segment 2
13705,3,363,711.86,25,3,2010-12-01 10:29:00,2011-12-02 12:32:00,366,0,Segment 0
13706,1,189,330.79,20,1,2011-02-10 09:21:00,2011-02-10 09:21:00,0,0,Segment 0
13707,2,351,806.41,48,2,2011-01-28 13:27:00,2011-03-17 18:03:00,48,2,Segment 2
13708,1,301,285.33,49,1,2011-03-13 13:46:00,2011-03-13 13:46:00,0,2,Segment 2
13709,17,3493,6228.71,244,12,2011-01-28 14:57:00,2011-12-06 10:28:00,311,2,Segment 2
13710,1,176,180.48,8,1,2011-11-08 08:16:00,2011-11-08 08:16:00,0,0,Segment 0
13711,2,140,252.06,11,1,2011-05-05 10:29:00,2011-05-05 10:31:00,0,0,Segment 0
13712,1,352,228.84,10,1,2011-04-07 12:33:00,2011-04-07 12:33:00,0,0,Segment 0
13715,8,554,1051.99,89,6,2010-12-02 08:52:00,2011-03-03 19:21:00,91,2,Segment 2
13716,1,138,138.28,21,1,2011-03-15 13:49:00,2011-03-15 13:49:00,0,0,Segment 0
13717,7,1958,1432.26,92,7,2011-02-14 13:21:00,2011-11-07 14:13:00,266,2,Segment 2
13718,2,173,306.55,9,2,2011-02-17 11:58:00,2011-04-07 13:24:00,49,0,Segment 0
13719,5,609,1041.68,56,5,2011-04-19 13:56:00,2011-11-24 15:26:00,219,2,Segment 2
13720,4,501,799.9,42,4,2011-03-30 09:17:00,2011-08-15 12:46:00,138,2,Segment 2
13721,1,316,524.14,28,1,2011-11-03 14:05:00,2011-11-03 14:05:00,0,0,Segment 0
13722,4,1400,2369.16,75,3,2011-03-02 11:43:00,2011-08-11 15:26:00,162,2,Segment 2
13723,1,43,199.85,6,1,2011-05-06 17:04:00,2011-05-06 17:04:00,0,0,Segment 0
13725,11,659,1809.81,97,11,2011-02-04 12:18:00,2011-10-21 10:03:00,258,2,Segment 2
13726,2,1054,1079.66,39,2,2011-08-31 11:06:00,2011-11-01 10:49:00,61,2,Segment 2
13727,2,162,333.48,19,2,2011-11-06 12:16:00,2011-11-11 09:46:00,4,0,Segment 0
13728,6,458,1016.14,38,6,2011-02-02 12:09:00,2011-11-03 10:49:00,273,2,Segment 2
13730,2,488,752.6,38,2,2011-07-01 12:47:00,2011-07-27 08:35:00,25,2,Segment 2
13731,2,278,610.59,36,2,2011-04-07 10:10:00,2011-05-04 14:33:00,27,2,Segment 2
13732,1,498,491.86,33,1,2011-11-11 15:49:00,2011-11-11 15:49:00,0,2,Segment 2
13735,8,1081,2764.48,161,4,2011-04-19 12:40:00,2011-11-15 11:14:00,209,2,Segment 2
13736,3,492,721.9,167,2,2011-03-24 13:04:00,2011-12-04 15:19:00,255,2,Segment 2
13737,1,125,339.6,29,1,2011-05-23 16:32:00,2011-05-23 16:32:00,0,0,Segment 0
13739,1,54,216.9,3,1,2011-11-21 13:35:00,2011-11-21 13:35:00,0,0,Segment 0
13740,1,425,350.75,23,1,2011-04-13 10:32:00,2011-04-13 10:32:00,0,0,Segment 0
13741,4,217,666.33,34,4,2011-05-06 13:43:00,2011-09-29 09:19:00,145,2,Segment 2
13742,14,1107,3079.27,200,12,2011-01-23 14:59:00,2011-11-23 11:07:00,303,2,Segment 2
13743,8,1775,1340.15,8,8,2011-03-25 14:46:00,2011-12-07 10:09:00,256,0,Segment 0
13744,2,1153,1080.52,54,2,2011-02-20 14:08:00,2011-09-05 15:19:00,197,2,Segment 2
13745,2,486,291.54,25,2,2011-06-30 16:43:00,2011-07-11 14:21:00,10,0,Segment 0
13747,1,8,79.6,1,1,2010-12-01 10:37:00,2010-12-01 10:37:00,0,0,Segment 0
13748,5,439,948.25,24,4,2010-12-01 09:00:00,2011-09-05 09:45:00,278,0,Segment 0
13750,5,516,1647.26,20,5,2011-01-07 11:49:00,2011-10-17 12:16:00,283,0,Segment 0
13751,1,152,296.25,9,1,2011-02-24 15:56:00,2011-02-24 15:56:00,0,0,Segment 0
13752,6,874,1175.38,64,6,2011-04-07 12:04:00,2011-08-07 14:16:00,122,2,Segment 2
13753,1,512,741.26,35,1,2011-02-25 12:48:00,2011-02-25 12:48:00,0,2,Segment 2
13754,2,214,282.6,11,2,2011-01-26 14:58:00,2011-07-11 11:51:00,165,0,Segment 0
13755,10,1219,2101.39,232,8,2011-10-07 15:45:00,2011-12-06 12:26:00,59,2,Segment 2
13756,15,3164,5145.12,66,13,2010-12-07 11:41:00,2011-12-07 16:44:00,365,2,Segment 2
13758,7,1844,3190.55,104,7,2010-12-01 12:08:00,2011-11-28 11:11:00,361,2,Segment 2
13759,2,287,659.4100000000001,24,2,2011-09-29 15:40:00,2011-11-06 14:47:00,37,0,Segment 0
13760,2,197,286.79,50,2,2011-03-28 12:52:00,2011-10-16 16:13:00,202,2,Segment 2
13761,2,642,1070.65,68,2,2011-06-13 08:43:00,2011-10-20 14:01:00,129,2,Segment 2
13762,2,0,3.552713678800501e-15,7,2,2011-05-05 09:15:00,2011-05-19 15:23:00,14,0,Segment 0
13763,3,725,1689.46,17,3,2011-06-21 17:40:00,2011-10-07 15:13:00,107,0,Segment 0
13764,3,926,1519.42,183,3,2011-01-06 14:53:00,2011-09-30 12:03:00,266,2,Segment 2
13767,52,7258,16945.71,55,42,2010-12-01 10:47:00,2011-12-07 15:00:00,371,2,Segment 2
13769,16,1152,2771.87,73,15,2010-12-07 13:28:00,2011-12-07 15:08:00,365,2,Segment 2
13771,5,1476,2631.7,114,4,2011-04-06 15:47:00,2011-10-06 14:18:00,182,2,Segment 2
13772,3,540,1122.63,141,3,2011-04-14 12:31:00,2011-11-06 11:43:00,205,2,Segment 2
13774,1,192,345.0,22,1,2011-09-19 12:06:00,2011-09-19 12:06:00,0,0,Segment 0
13777,41,12804,25748.35,40,31,2010-12-01 16:01:00,2011-12-09 12:25:00,372,2,Segment 2
13778,1,70,178.7,9,1,2011-08-28 15:25:00,2011-08-28 15:25:00,0,0,Segment 0
13780,2,318,360.01,56,2,2011-06-22 11:43:00,2011-12-02 13:49:00,163,2,Segment 2
13781,1,30,127.84,17,1,2011-04-03 12:08:00,2011-04-03 12:08:00,0,0,Segment 0
13782,6,369,908.86,96,6,2011-01-16 11:08:00,2011-11-27 11:54:00,315,2,Segment 2
13784,11,2493,2462.79,9,11,2011-01-11 14:38:00,2011-11-30 09:33:00,322,0,Segment 0
13786,1,136,230.4,7,1,2010-12-07 13:53:00,2010-12-07 13:53:00,0,0,Segment 0
13787,2,337,309.04,24,2,2010-12-10 14:45:00,2011-09-25 12:06:00,288,0,Segment 0
13790,1,748,348.8,45,1,2011-12-05 15:48:00,2011-12-05 15:48:00,0,2,Segment 2
13791,3,828,1047.68,7,3,2011-06-24 16:38:00,2011-10-27 14:38:00,124,0,Segment 0
13792,2,92,195.55,13,2,2011-02-25 14:03:00,2011-10-04 14:31:00,221,0,Segment 0
13798,63,23515,36352.87,115,53,2010-12-02 17:24:00,2011-12-08 15:51:00,370,3,Segment 3
13799,2,402,688.86,32,2,2011-02-18 14:18:00,2011-08-15 12:07:00,177,0,Segment 0
13800,1,331,558.32,33,1,2011-02-03 12:27:00,2011-02-03 12:27:00,0,2,Segment 2
13801,1,168,324.8,23,1,2011-10-04 10:15:00,2011-10-04 10:15:00,0,0,Segment 0
13802,6,2281,3906.27,57,5,2010-12-14 09:54:00,2011-07-24 13:26:00,222,2,Segment 2
13803,1,121,277.07,17,1,2011-03-29 12:57:00,2011-03-29 12:57:00,0,0,Segment 0
13804,7,1462,2588.39,124,6,2011-02-23 09:09:00,2011-11-09 12:32:00,259,2,Segment 2
13805,2,1900,924.6,10,2,2011-08-02 15:29:00,2011-10-18 14:50:00,76,0,Segment 0
13806,1,56,256.38,10,1,2011-10-07 11:43:00,2011-10-07 11:43:00,0,0,Segment 0
13807,1,36,112.6,7,1,2010-12-07 15:48:00,2010-12-07 15:48:00,0,0,Segment 0
13808,5,782,1747.66,70,5,2011-09-04 12:07:00,2011-12-04 12:18:00,91,2,Segment 2
13809,1,29,155.05,11,1,2011-02-07 13:15:00,2011-02-07 13:15:00,0,0,Segment 0
13810,4,311,899.51,32,2,2011-10-14 12:57:00,2011-11-11 08:33:00,27,0,Segment 0
13811,4,67,591.75,7,3,2011-04-14 18:40:00,2011-06-09 09:54:00,55,0,Segment 0
13812,3,333,539.0,33,3,2011-08-26 12:54:00,2011-10-28 14:27:00,63,2,Segment 2
13813,5,550,1353.41,54,5,2011-07-28 10:33:00,2011-10-31 10:38:00,95,2,Segment 2
13814,3,862,1562.12,37,3,2011-07-25 13:54:00,2011-10-14 16:57:00,81,2,Segment 2
13815,5,2557,4014.91,132,5,2011-01-25 12:16:00,2011-11-17 14:19:00,296,2,Segment 2
13816,4,260,555.04,27,4,2011-10-06 14:37:00,2011-11-16 08:38:00,40,0,Segment 0
13817,2,211,382.98,20,2,2010-12-23 11:46:00,2011-11-10 17:49:00,322,0,Segment 0
13819,3,1109,1140.35,26,3,2011-01-24 10:38:00,2011-02-11 10:38:00,18,0,Segment 0
13821,2,153,385.64,51,2,2011-03-23 11:30:00,2011-07-18 09:49:00,116,2,Segment 2
13822,2,611,632.0,90,2,2011-10-30 15:55:00,2011-12-04 12:13:00,34,2,Segment 2
13823,2,439,957.66,39,2,2011-09-09 10:42:00,2011-11-21 10:22:00,72,2,Segment 2
13824,5,768,1698.94,34,5,2011-02-02 13:07:00,2011-11-07 12:41:00,277,2,Segment 2
13826,2,80,174.65,11,2,2011-06-16 13:48:00,2011-07-04 16:27:00,18,0,Segment 0
13827,3,138,409.8,83,3,2011-07-19 15:38:00,2011-10-13 12:38:00,85,2,Segment 2
13828,1,311,209.49,15,1,2011-11-17 16:02:00,2011-11-17 16:02:00,0,0,Segment 0
13829,1,-12,-102.0,1,1,2010-12-15 16:36:00,2010-12-15 16:36:00,0,0,Segment 0
13831,6,743,2198.45,58,6,2010-12-05 12:13:00,2011-11-23 15:41:00,353,2,Segment 2
13832,2,25,40.95,3,2,2011-11-20 15:36:00,2011-11-22 12:31:00,1,0,Segment 0
13833,1,117,383.85,28,1,2011-07-03 13:27:00,2011-07-03 13:27:00,0,0,Segment 0
13835,4,442,834.57,48,4,2011-05-08 15:22:00,2011-11-14 15:37:00,190,2,Segment 2
13837,2,182,266.59000000000003,17,2,2011-01-26 12:15:00,2011-05-12 12:10:00,105,0,Segment 0
13838,4,254,674.82,144,3,2010-12-05 10:45:00,2011-12-04 11:00:00,364,2,Segment 2
13841,1,100,85.0,1,1,2011-04-01 12:10:00,2011-04-01 12:10:00,0,0,Segment 0
13842,9,1768,3385.62,155,9,2010-12-08 10:39:00,2011-10-12 10:51:00,308,2,Segment 2
13844,1,196,361.62,20,1,2011-11-28 13:21:00,2011-11-28 13:21:00,0,0,Segment 0
13845,1,182,312.98,9,1,2011-10-06 08:25:00,2011-10-06 08:25:00,0,0,Segment 0
13846,4,383,847.61,56,4,2010-12-14 16:07:00,2011-11-15 12:07:00,335,2,Segment 2
13848,3,3700,1255.0,3,3,2010-12-08 15:10:00,2011-09-08 12:58:00,273,0,Segment 0
13849,2,1016,1537.95,97,2,2011-06-22 10:11:00,2011-10-19 10:59:00,119,2,Segment 2
13850,2,941,1586.81,93,2,2011-08-02 14:04:00,2011-09-12 18:00:00,41,2,Segment 2
13851,3,1705,2651.46,77,3,2011-02-24 17:18:00,2011-09-05 12:36:00,192,2,Segment 2
13853,2,304,1056.94,23,2,2011-10-13 14:18:00,2011-12-01 08:12:00,48,0,Segment 0
13854,29,2278,8025.019999999999,39,29,2010-12-09 10:48:00,2011-12-01 09:06:00,356,2,Segment 2
13856,5,484,363.4,10,4,2011-05-20 13:13:00,2011-06-24 10:03:00,34,0,Segment 0
13858,1,75,216.17,11,1,2011-10-13 16:17:00,2011-10-13 16:17:00,0,0,Segment 0
13859,1,129,201.16,27,1,2011-01-17 16:14:00,2011-01-17 16:14:00,0,0,Segment 0
13860,6,589,1240.0,58,5,2011-09-14 09:27:00,2011-12-08 12:57:00,85,2,Segment 2
13862,10,1682,2187.31,97,10,2011-01-11 15:13:00,2011-11-21 16:24:00,314,2,Segment 2
13863,2,219,299.56,20,2,2011-04-06 10:20:00,2011-04-08 17:03:00,2,0,Segment 0
13865,4,204,501.56,26,4,2011-02-23 12:04:00,2011-10-12 13:31:00,231,0,Segment 0
13866,1,57,145.67000000000002,7,1,2011-09-26 14:54:00,2011-09-26 14:54:00,0,0,Segment 0
13867,3,501,1005.09,51,3,2011-05-05 17:28:00,2011-11-08 15:48:00,186,2,Segment 2
13868,2,1964,3192.54,32,2,2011-11-01 12:45:00,2011-12-02 16:32:00,31,2,Segment 2
13869,4,1709,3083.65,234,4,2010-12-17 15:14:00,2011-08-08 13:53:00,233,2,Segment 2
13870,10,1320,2751.25,91,8,2011-02-25 09:09:00,2011-12-07 13:23:00,285,2,Segment 2
13871,14,2801,6389.8,155,13,2011-02-04 09:30:00,2011-11-17 10:49:00,286,2,Segment 2
13873,4,138,381.7,21,4,2011-02-03 09:37:00,2011-08-12 10:08:00,190,0,Segment 0
13874,1,180,540.45,18,1,2010-12-16 18:20:00,2010-12-16 18:20:00,0,0,Segment 0
13875,5,1316,1786.79,79,5,2011-02-11 15:39:00,2011-10-17 09:36:00,247,2,Segment 2
13876,1,36,122.7,7,1,2011-10-07 10:22:00,2011-10-07 10:22:00,0,0,Segment 0
13877,1,108,117.24,3,1,2011-09-14 15:49:00,2011-09-14 15:49:00,0,0,Segment 0
13878,1,463,1271.57,35,1,2011-10-16 12:19:00,2011-10-16 12:19:00,0,2,Segment 2
13880,13,1842,3219.77,125,10,2010-12-07 14:00:00,2011-11-18 13:44:00,345,2,Segment 2
13881,22,10062,16989.52,72,18,2011-02-01 10:14:00,2011-12-06 12:50:00,308,2,Segment 2
13882,6,950,1131.28,54,6,2011-10-06 15:28:00,2011-12-07 11:16:00,61,2,Segment 2
13883,9,1368,2538.75,110,7,2011-01-17 16:45:00,2011-12-08 19:20:00,325,2,Segment 2
13884,6,297,781.3000000000001,45,4,2011-03-01 13:40:00,2011-12-02 16:30:00,276,2,Segment 2
13885,2,182,506.8,28,2,2011-05-23 08:52:00,2011-06-03 15:07:00,11,0,Segment 0
13886,1,126,243.56,16,1,2011-09-29 13:17:00,2011-09-29 13:17:00,0,0,Segment 0
13887,1,147,349.55,19,1,2011-05-19 17:22:00,2011-05-19 17:22:00,0,0,Segment 0
13888,2,254,595.67,38,2,2011-05-05 14:41:00,2011-08-12 10:13:00,98,2,Segment 2
13889,1,146,416.9,15,1,2011-09-08 09:13:00,2011-09-08 09:13:00,0,0,Segment 0
13890,14,826,1860.86,74,13,2010-12-16 09:31:00,2011-12-08 15:36:00,357,2,Segment 2
13892,4,983,632.97,26,4,2011-04-07 12:04:00,2011-11-13 11:50:00,219,0,Segment 0
13893,1,190,821.1,21,1,2011-02-15 11:30:00,2011-02-15 11:30:00,0,0,Segment 0
13894,5,339,535.97,25,4,2011-02-02 12:54:00,2011-11-17 13:35:00,288,0,Segment 0
13895,5,1364,2588.12,97,5,2011-06-28 10:17:00,2011-11-18 17:15:00,143,2,Segment 2
13897,1,200,311.16,17,1,2011-10-20 14:30:00,2011-10-20 14:30:00,0,0,Segment 0
13898,1,133,155.93,12,1,2011-01-18 10:28:00,2011-01-18 10:28:00,0,0,Segment 0
13899,2,156,388.52,19,2,2011-03-10 09:30:00,2011-11-23 13:40:00,258,0,Segment 0
13900,3,430,740.95,42,3,2011-03-22 10:13:00,2011-06-09 19:26:00,79,2,Segment 2
13901,5,1739,2867.2,144,5,2011-01-25 09:01:00,2011-09-28 14:48:00,246,2,Segment 2
13904,2,332,332.64,24,2,2011-02-18 11:18:00,2011-11-02 13:41:00,257,0,Segment 0
13908,5,1470,2347.05,104,5,2011-03-08 12:04:00,2011-09-21 11:49:00,196,2,Segment 2
13911,9,2731,2580.91,120,9,2011-02-04 14:46:00,2011-10-13 15:43:00,251,2,Segment 2
13914,3,379,613.95,28,3,2011-11-03 16:28:00,2011-12-06 10:54:00,32,0,Segment 0
13917,2,228,272.04,16,2,2011-06-01 12:46:00,2011-10-21 09:56:00,141,0,Segment 0
13918,2,1140,1212.84,30,2,2011-03-31 18:05:00,2011-10-21 12:25:00,203,0,Segment 0
13919,3,437,350.16,24,3,2011-08-10 10:15:00,2011-10-17 15:24:00,68,0,Segment 0
13922,1,93,172.25,7,1,2010-12-23 10:38:00,2010-12-23 10:38:00,0,0,Segment 0
13923,1,185,351.13,20,1,2011-10-17 12:33:00,2011-10-17 12:33:00,0,0,Segment 0
13924,11,1532,1682.08,91,9,2011-09-28 15:07:00,2011-12-08 09:39:00,70,2,Segment 2
13925,6,327,616.65,28,5,2011-07-28 12:09:00,2011-11-03 13:00:00,98,0,Segment 0
13926,1,104,223.85,11,1,2011-11-16 13:16:00,2011-11-16 13:16:00,0,0,Segment 0
13927,1,214,348.99,21,1,2011-09-26 12:00:00,2011-09-26 12:00:00,0,0,Segment 0
13928,4,129,464.57,23,4,2011-07-29 15:59:00,2011-11-29 10:33:00,122,0,Segment 0
13929,3,139,802.85,8,3,2011-01-17 15:11:00,2011-06-23 15:26:00,157,0,Segment 0
13930,2,274,337.34,15,2,2011-07-26 11:00:00,2011-10-13 09:45:00,78,0,Segment 0
13931,3,721,1230.93,56,3,2011-03-04 08:43:00,2011-09-15 10:03:00,195,2,Segment 2
13932,1,72,307.4,16,1,2011-02-18 12:02:00,2011-02-18 12:02:00,0,0,Segment 0
13933,2,205,608.7900000000001,23,2,2011-07-14 13:35:00,2011-08-22 14:03:00,39,0,Segment 0
13934,1,390,922.1,31,1,2011-03-21 08:39:00,2011-03-21 08:39:00,0,0,Segment 0
13936,2,324,361.28,26,2,2011-06-13 08:47:00,2011-06-21 17:44:00,8,0,Segment 0
13937,1,123,158.85,9,1,2011-06-23 16:35:00,2011-06-23 16:35:00,0,0,Segment 0
13938,1,70,71.66,7,1,2011-11-04 14:37:00,2011-11-04 14:37:00,0,0,Segment 0
13939,4,843,556.75,43,4,2011-02-01 11:30:00,2011-11-16 13:33:00,288,2,Segment 2
13940,4,516,839.14,39,4,2011-07-18 16:05:00,2011-11-22 15:15:00,126,2,Segment 2
13941,7,2307,4912.41,24,7,2010-12-02 10:17:00,2011-11-18 09:43:00,350,0,Segment 0
13946,3,443,561.5699999999999,11,3,2011-03-17 10:02:00,2011-09-21 13:33:00,188,0,Segment 0
13947,1,44,90.6,5,1,2011-10-05 14:42:00,2011-10-05 14:42:00,0,0,Segment 0
13948,1,40,102.0,3,1,2010-12-14 10:18:00,2010-12-14 10:18:00,0,0,Segment 0
13949,6,2474,2427.32,124,6,2011-09-06 11:55:00,2011-12-07 09:35:00,91,2,Segment 2
13950,5,321,728.56,33,4,2011-04-07 11:29:00,2011-11-28 14:44:00,235,2,Segment 2
13951,3,459,674.45,38,3,2011-02-18 15:21:00,2011-06-16 16:43:00,118,2,Segment 2
13952,3,1425,3246.091,120,3,2011-04-15 09:27:00,2011-05-12 19:27:00,27,2,Segment 2
13953,7,2724,3515.68,8,7,2010-12-22 10:29:00,2011-12-02 16:04:00,345,0,Segment 0
13954,3,141,378.59,24,3,2011-09-30 10:52:00,2011-12-08 12:50:00,69,0,Segment 0
13955,2,154,322.96,33,2,2011-02-07 12:24:00,2011-07-08 17:19:00,151,2,Segment 2
13956,5,486,1019.27,123,5,2011-03-13 12:51:00,2011-12-04 13:20:00,266,2,Segment 2
13958,1,-23,-102.45,5,1,2010-12-02 17:03:00,2010-12-02 17:03:00,0,0,Segment 0
13959,3,355,594.04,79,3,2010-12-12 13:56:00,2011-09-21 15:06:00,283,2,Segment 2
13960,2,142,230.22,11,2,2011-09-29 12:39:00,2011-11-18 15:27:00,50,0,Segment 0
13962,2,87,169.55,11,2,2011-04-08 11:21:00,2011-11-18 08:47:00,223,0,Segment 0
13963,4,460,664.54,35,4,2010-12-07 09:21:00,2011-02-04 14:43:00,59,2,Segment 2
13967,1,42,80.7,2,1,2011-07-17 12:02:00,2011-07-17 12:02:00,0,0,Segment 0
13969,20,4469,8956.92,334,17,2010-12-09 19:32:00,2011-12-02 15:11:00,357,2,Segment 2
13971,11,1818,2702.2200000000003,118,11,2011-02-27 12:27:00,2011-12-01 08:27:00,276,2,Segment 2
13972,2,187,190.25,15,2,2011-05-22 11:34:00,2011-09-30 11:54:00,131,0,Segment 0
13973,1,109,264.7,11,1,2011-02-25 15:21:00,2011-02-25 15:21:00,0,0,Segment 0
13974,1,249,413.59,28,1,2011-10-21 14:41:00,2011-10-21 14:41:00,0,0,Segment 0
13975,7,1690,2438.19,240,6,2011-03-08 12:19:00,2011-11-08 13:19:00,245,2,Segment 2
13976,1,154,357.98,10,1,2011-05-17 09:13:00,2011-05-17 09:13:00,0,0,Segment 0
13978,2,315,196.79,14,2,2011-10-25 15:04:00,2011-11-25 11:36:00,30,0,Segment 0
13979,1,639,869.87,54,1,2011-09-27 13:32:00,2011-09-27 13:32:00,0,2,Segment 2
13980,1,172,200.14,11,1,2011-10-10 13:34:00,2011-10-10 13:34:00,0,0,Segment 0
13982,5,1132,1861.11,72,4,2010-12-09 13:57:00,2011-10-31 16:24:00,326,2,Segment 2
13983,13,1170,2590.46,91,11,2010-12-08 10:38:00,2011-11-10 11:06:00,337,2,Segment 2
13984,6,271,488.03,14,6,2010-12-08 15:58:00,2011-11-13 12:38:00,339,0,Segment 0
13985,16,3439,7024.53,108,16,2011-03-20 13:48:00,2011-12-05 17:06:00,260,2,Segment 2
13986,1,430,320.46,12,1,2011-11-22 15:00:00,2011-11-22 15:00:00,0,0,Segment 0
13988,9,3025,4098.8,188,9,2011-03-30 11:48:00,2011-11-20 10:15:00,234,2,Segment 2
13989,2,1313,1266.08,33,2,2011-04-14 15:39:00,2011-10-05 09:47:00,173,2,Segment 2
13990,1,190,311.3,16,1,2011-05-10 15:19:00,2011-05-10 15:19:00,0,0,Segment 0
13991,7,993,847.54,58,6,2011-07-19 12:58:00,2011-11-27 16:18:00,131,2,Segment 2
13992,1,64,76.8,5,1,2011-11-09 15:23:00,2011-11-09 15:23:00,0,0,Segment 0
13993,12,892,3409.66,66,12,2011-01-13 10:43:00,2011-11-07 13:00:00,298,2,Segment 2
13994,6,932,2274.14,122,6,2011-07-14 18:28:00,2011-12-06 11:05:00,144,2,Segment 2
13995,6,867,1383.49,55,6,2011-04-08 08:20:00,2011-11-24 14:22:00,230,2,Segment 2
13999,15,2231,3865.26,102,15,2010-12-13 11:23:00,2011-11-29 13:40:00,351,2,Segment 2
14000,2,707,633.71,15,2,2011-05-12 16:50:00,2011-05-17 13:44:00,4,0,Segment 0
14001,4,959,2030.33,35,4,2010-12-01 12:58:00,2011-10-25 10:31:00,327,2,Segment 2
14002,2,877,529.73,47,2,2011-07-06 14:59:00,2011-07-28 15:55:00,22,2,Segment 2
14004,7,2668,4582.64,102,7,2011-02-24 09:28:00,2011-10-27 14:40:00,245,2,Segment 2
14005,5,2478,2874.72,53,5,2011-05-08 10:33:00,2011-11-30 12:41:00,206,2,Segment 2
14006,3,641,962.19,22,3,2011-01-31 15:11:00,2011-08-16 09:39:00,196,0,Segment 0
14009,3,361,685.9300000000001,42,3,2011-05-18 13:00:00,2011-05-25 15:47:00,7,2,Segment 2
14012,1,160,328.8,11,1,2011-03-07 12:26:00,2011-03-07 12:26:00,0,0,Segment 0
14013,3,462,473.02,30,3,2011-03-09 08:59:00,2011-08-21 15:01:00,165,0,Segment 0
14014,1,1076,505.18,39,1,2011-09-23 13:18:00,2011-09-23 13:18:00,0,2,Segment 2
14015,1,378,917.34,20,1,2011-10-18 10:02:00,2011-10-18 10:02:00,0,0,Segment 0
14016,5,2124,4328.46,154,5,2010-12-17 14:21:00,2011-07-08 14:27:00,203,2,Segment 2
14019,4,1034,1398.96,37,4,2011-07-24 15:39:00,2011-10-24 10:13:00,91,2,Segment 2
14020,2,441,642.8,37,2,2011-09-12 15:32:00,2011-11-23 09:22:00,71,2,Segment 2
14021,3,192,631.9,22,3,2011-03-28 15:10:00,2011-07-07 15:46:00,101,0,Segment 0
14022,1,487,440.0,28,1,2011-04-28 14:39:00,2011-04-28 14:39:00,0,0,Segment 0
14023,2,345,584.07,30,2,2011-04-03 15:50:00,2011-12-02 13:58:00,242,0,Segment 0
14024,2,150,327.7,16,2,2011-08-07 13:31:00,2011-08-10 11:30:00,2,0,Segment 0
14027,1,62,104.82,6,1,2011-10-10 09:01:00,2011-10-10 09:01:00,0,0,Segment 0
14029,2,198,467.66,15,2,2011-07-18 16:57:00,2011-10-07 14:46:00,80,0,Segment 0
14030,8,1478,2358.84,210,7,2010-12-08 16:11:00,2011-11-21 16:48:00,348,2,Segment 2
14031,23,5370,14634.64,121,18,2010-12-02 16:34:00,2011-12-02 17:13:00,365,2,Segment 2
14032,18,2008,2929.84,53,17,2010-12-08 10:53:00,2011-12-07 15:23:00,364,2,Segment 2
14034,4,312,509.09,82,2,2011-07-05 13:06:00,2011-11-17 14:02:00,135,2,Segment 2
14035,5,739,1428.02,41,5,2011-02-15 12:48:00,2011-11-11 10:03:00,268,2,Segment 2
14036,1,268,626.65,38,1,2011-02-28 09:26:00,2011-02-28 09:26:00,0,2,Segment 2
14037,2,46,147.20000000000002,27,2,2010-12-10 11:39:00,2011-06-16 13:57:00,188,0,Segment 0
14038,4,963,1554.48,64,4,2011-05-16 14:05:00,2011-09-22 13:37:00,128,2,Segment 2
14039,1,92,152.2,6,1,2011-11-06 13:48:00,2011-11-06 13:48:00,0,0,Segment 0
14040,15,1514,3487.59,147,12,2011-01-12 14:57:00,2011-10-30 12:42:00,290,2,Segment 2
14041,1,94,141.41,21,1,2011-03-18 13:25:00,2011-03-18 13:25:00,0,0,Segment 0
14044,4,304,646.42,165,4,2011-02-03 11:39:00,2011-11-13 12:05:00,283,2,Segment 2
14045,4,535,1659.75,4,3,2010-12-01 11:32:00,2011-08-22 15:27:00,264,0,Segment 0
14046,1,460,154.99,14,1,2011-02-28 14:48:00,2011-02-28 14:48:00,0,0,Segment 0
14047,7,377,1290.01,22,6,2010-12-02 10:09:00,2011-12-01 11:43:00,364,0,Segment 0
14048,2,274,375.13,84,2,2011-02-07 14:53:00,2011-03-07 13:49:00,27,2,Segment 2
14049,6,3784,5536.15,352,4,2011-01-26 10:30:00,2011-11-23 12:20:00,301,2,Segment 2
14050,2,689,746.36,49,2,2011-08-25 13:46:00,2011-11-08 10:00:00,74,2,Segment 2
14051,26,3741,15477.34,52,25,2010-12-08 12:49:00,2011-12-09 10:20:00,365,2,Segment 2
14052,1,89,225.36,56,1,2011-11-20 12:30:00,2011-11-20 12:30:00,0,2,Segment 2
14053,2,215,260.25,2,2,2011-07-03 12:21:00,2011-08-07 14:27:00,35,0,Segment 0
14054,1,62,92.46,6,1,2011-10-05 15:49:00,2011-10-05 15:49:00,0,0,Segment 0
14055,1,216,725.6400000000001,10,1,2011-08-25 15:04:00,2011-08-25 15:04:00,0,0,Segment 0
14056,29,4211,8062.46,321,24,2011-02-28 15:19:00,2011-12-08 13:36:00,282,2,Segment 2
14057,18,4705,6141.099999999999,179,15,2010-12-14 12:11:00,2011-11-16 10:32:00,336,2,Segment 2
14059,1,128,183.6,8,1,2011-03-18 10:06:00,2011-03-18 10:06:00,0,0,Segment 0
14060,20,5374,6135.38,86,20,2010-12-02 12:11:00,2011-12-05 12:29:00,368,2,Segment 2
14062,12,5593,10464.85,60,11,2010-12-10 15:56:00,2011-11-30 10:04:00,354,2,Segment 2
14064,7,1334,1168.92,59,6,2011-03-10 12:59:00,2011-11-10 13:14:00,245,2,Segment 2
14066,1,45,152.55,7,1,2011-03-18 12:21:00,2011-03-18 12:21:00,0,0,Segment 0
14067,2,361,374.7,51,2,2011-09-04 12:00:00,2011-10-07 10:21:00,32,2,Segment 2
14068,1,73,265.85,22,1,2011-01-23 16:02:00,2011-01-23 16:02:00,0,0,Segment 0
14071,9,899,1306.16,271,8,2011-03-20 11:33:00,2011-12-06 12:27:00,261,2,Segment 2
14073,2,128,139.54,13,2,2011-11-07 15:49:00,2011-11-18 16:14:00,11,0,Segment 0
14075,3,754,942.26,33,3,2011-03-23 16:35:00,2011-12-05 08:38:00,256,2,Segment 2
14076,1,79,118.67,43,1,2011-08-02 15:19:00,2011-08-02 15:19:00,0,2,Segment 2
14077,5,268,499.42,33,5,2011-03-10 15:52:00,2011-10-30 12:35:00,233,2,Segment 2
14078,6,310,1049.37,46,6,2010-12-01 12:54:00,2011-08-30 12:16:00,271,2,Segment 2
14079,1,301,375.1,12,1,2011-08-07 12:10:00,2011-08-07 12:10:00,0,0,Segment 0
14080,1,48,45.6,4,1,2011-11-07 11:09:00,2011-11-07 11:09:00,0,0,Segment 0
14081,4,589,891.77,126,3,2010-12-05 15:47:00,2011-03-17 14:24:00,101,2,Segment 2
14082,1,110,182.25,28,1,2010-12-10 11:02:00,2010-12-10 11:02:00,0,0,Segment 0
14083,9,705,1002.9,162,8,2010-12-03 12:24:00,2011-12-05 13:14:00,367,2,Segment 2
14085,19,3176,4408.54,272,16,2010-12-06 12:39:00,2011-12-07 13:46:00,366,2,Segment 2
14087,2,249,178.72,62,1,2011-12-07 12:28:00,2011-12-07 12:41:00,0,2,Segment 2
14088,14,12593,50415.49,379,13,2011-01-21 13:07:00,2011-11-29 16:16:00,312,3,Segment 3
14089,1,133,158.75,13,1,2011-10-14 10:38:00,2011-10-14 10:38:00,0,0,Segment 0
14090,1,72,76.32000000000001,1,1,2011-01-19 10:51:00,2011-01-19 10:51:00,0,0,Segment 0
14092,17,2061,4063.1,117,15,2010-12-02 09:10:00,2011-12-02 12:13:00,365,2,Segment 2
14093,1,391,433.86,95,1,2011-11-27 16:27:00,2011-11-27 16:27:00,0,2,Segment 2
14096,34,16335,57120.91,1121,17,2011-08-30 10:49:00,2011-12-05 17:17:00,97,3,Segment 3
14098,1,104,147.35,21,1,2011-11-03 10:13:00,2011-11-03 10:13:00,0,0,Segment 0
14099,12,2177,3092.9700000000003,167,11,2010-12-20 11:14:00,2011-11-23 13:53:00,338,2,Segment 2
14100,1,63,191.95,24,1,2011-07-25 11:01:00,2011-07-25 11:01:00,0,0,Segment 0
14101,6,6942,5976.79,15,6,2011-01-17 13:09:00,2011-09-27 12:28:00,252,0,Segment 0
14102,8,746,1060.33,35,5,2011-10-26 12:46:00,2011-12-04 15:38:00,39,2,Segment 2
14104,2,72,216.21,21,2,2011-06-27 12:49:00,2011-07-08 12:50:00,11,0,Segment 0
14105,2,798,1260.33,74,2,2011-04-14 17:58:00,2011-09-15 16:13:00,153,2,Segment 2
14107,8,1788,2688.48,61,8,2010-12-10 13:29:00,2011-10-19 12:12:00,312,2,Segment 2
14108,3,380,594.16,33,3,2011-08-30 11:32:00,2011-11-09 10:41:00,70,2,Segment 2
14109,2,56,80.2,9,2,2011-09-28 10:18:00,2011-11-16 13:51:00,49,0,Segment 0
14110,13,2455,5669.65,94,13,2011-03-18 09:59:00,2011-12-06 12:26:00,263,2,Segment 2
14111,5,457,688.6,10,5,2011-04-12 11:36:00,2011-11-25 13:44:00,227,0,Segment 0
14112,12,1608,2774.17,117,10,2011-03-09 11:28:00,2011-11-17 12:30:00,253,2,Segment 2
14113,8,635,1377.92,26,7,2010-12-20 11:56:00,2011-12-06 12:18:00,351,0,Segment 0
14114,2,101,386.53,15,2,2011-01-13 11:05:00,2011-03-11 09:42:00,56,0,Segment 0
14116,5,707,1382.74,61,5,2011-08-10 12:44:00,2011-11-20 10:29:00,101,2,Segment 2
14117,1,72,90.0,3,1,2011-07-19 09:49:00,2011-07-19 09:49:00,0,0,Segment 0
14119,1,-2,-19.9,1,1,2010-12-20 13:58:00,2010-12-20 13:58:00,0,0,Segment 0
14121,6,2078,2740.3,148,6,2011-10-11 10:39:00,2011-12-06 12:19:00,56,2,Segment 2
14124,1,1618,419.58,4,1,2011-09-16 13:32:00,2011-09-16 13:32:00,0,0,Segment 0
14125,3,1628,2720.63,159,3,2011-09-22 15:40:00,2011-11-29 12:47:00,67,2,Segment 2
14126,4,458,643.6300000000001,14,2,2011-11-29 12:21:00,2011-12-02 11:45:00,2,0,Segment 0
14127,3,321,709.71,39,3,2011-02-02 12:26:00,2011-08-09 10:49:00,187,2,Segment 2
14128,2,564,637.5,40,2,2011-03-29 10:49:00,2011-10-10 12:00:00,195,2,Segment 2
14129,5,592,1123.86,31,4,2011-03-24 08:44:00,2011-12-08 11:02:00,259,0,Segment 0
14130,1,257,480.91,66,1,2011-01-24 16:05:00,2011-01-24 16:05:00,0,2,Segment 2
14132,12,3366,3580.13,100,12,2011-06-09 12:04:00,2011-12-07 13:35:00,181,2,Segment 2
14133,5,342,590.3399999999999,26,4,2011-01-28 11:27:00,2011-08-02 11:34:00,186,0,Segment 0
14135,15,3850,4690.31,95,14,2010-12-02 10:27:00,2011-12-08 11:38:00,371,2,Segment 2
14138,2,600,965.88,40,2,2011-10-07 09:38:00,2011-12-08 12:44:00,62,2,Segment 2
14139,1,510,415.82,26,1,2011-10-24 13:34:00,2011-10-24 13:34:00,0,0,Segment 0
14140,3,809,920.05,60,3,2011-11-08 11:20:00,2011-12-06 09:05:00,27,2,Segment 2
14141,6,337,879.0300000000001,28,6,2011-08-26 14:40:00,2011-12-07 09:53:00,102,0,Segment 0
14142,1,313,311.81,22,1,2010-12-01 16:33:00,2010-12-01 16:33:00,0,0,Segment 0
14143,1,30,115.8,7,1,2011-07-29 09:48:00,2011-07-29 09:48:00,0,0,Segment 0
14145,5,636,3148.2,6,5,2011-05-06 13:01:00,2011-10-24 12:10:00,170,0,Segment 0
14146,6,1886,2949.57,183,5,2010-12-17 15:52:00,2011-12-01 10:18:00,348,2,Segment 2
14147,3,96,468.4,4,3,2011-02-27 11:42:00,2011-10-21 13:36:00,236,0,Segment 0
14148,1,16,157.2,3,1,2011-04-20 12:02:00,2011-04-20 12:02:00,0,0,Segment 0
14149,3,129,259.43,28,3,2011-05-03 09:44:00,2011-05-11 12:34:00,8,0,Segment 0
14150,2,496,658.64,23,2,2010-12-15 10:04:00,2011-11-04 10:05:00,324,0,Segment 0
14152,3,699,611.09,47,3,2011-04-19 15:46:00,2011-09-25 12:54:00,158,2,Segment 2
14154,2,465,1345.62,52,1,2011-04-14 15:58:00,2011-04-14 16:26:00,0,2,Segment 2
14155,1,25,118.75,6,1,2011-03-18 14:13:00,2011-03-18 14:13:00,0,0,Segment 0
14156,66,56908,113214.59,716,51,2010-12-02 17:08:00,2011-11-30 10:54:00,362,3,Segment 3
14157,3,260,392.44,45,2,2011-02-27 13:04:00,2011-11-20 11:32:00,265,2,Segment 2
14158,1,781,507.66,41,1,2011-10-30 15:08:00,2011-10-30 15:08:00,0,2,Segment 2
14159,14,4335,4615.64,501,11,2010-12-12 11:17:00,2011-11-20 12:36:00,343,2,Segment 2
14161,3,450,1097.62,87,3,2010-12-05 13:18:00,2011-05-08 11:41:00,153,2,Segment 2
14162,2,142,289.36,25,2,2011-02-20 12:32:00,2011-06-19 11:36:00,118,0,Segment 0
14163,4,893,2445.91,36,4,2011-04-14 17:33:00,2011-09-13 15:18:00,151,2,Segment 2
14164,2,1033,1631.77,28,2,2011-09-20 12:18:00,2011-09-30 12:24:00,10,0,Segment 0
14165,1,53,120.44,23,1,2011-03-09 12:39:00,2011-03-09 12:39:00,0,0,Segment 0
14167,4,147,562.59,27,4,2011-01-12 15:44:00,2011-10-31 14:29:00,291,0,Segment 0
14171,1,167,363.79,57,1,2011-09-02 16:43:00,2011-09-02 16:43:00,0,2,Segment 2
14173,4,150,450.84,28,3,2011-05-04 14:03:00,2011-11-29 11:54:00,208,0,Segment 0
14174,1,94,134.46,26,1,2011-11-06 13:17:00,2011-11-06 13:17:00,0,0,Segment 0
14175,7,1461,3108.06,139,6,2011-01-14 12:22:00,2011-10-19 13:42:00,278,2,Segment 2
14176,5,207,574.0,28,4,2010-12-07 11:45:00,2011-02-15 13:12:00,70,0,Segment 0
14177,5,203,544.51,37,4,2011-06-13 11:10:00,2011-09-16 09:52:00,94,2,Segment 2
14178,7,1494,1600.26,191,7,2011-06-10 12:51:00,2011-12-01 12:01:00,173,2,Segment 2
14179,2,319,701.57,135,2,2011-10-18 14:00:00,2011-10-30 12:07:00,11,2,Segment 2
14180,31,710,4640.77,112,29,2010-12-02 13:08:00,2011-11-29 10:56:00,361,2,Segment 2
14184,1,127,452.89,24,1,2011-10-04 12:43:00,2011-10-04 12:43:00,0,0,Segment 0
14185,1,6,197.65,3,1,2011-01-12 13:52:00,2011-01-12 13:52:00,0,0,Segment 0
14188,10,1145,2018.91,34,10,2011-02-02 13:46:00,2011-12-01 09:46:00,301,2,Segment 2
14189,24,3919,4604.31,176,23,2010-12-06 11:42:00,2011-12-07 15:55:00,366,2,Segment 2
14191,14,3657,4660.01,146,14,2011-05-03 10:30:00,2011-12-08 09:23:00,218,2,Segment 2
14193,2,445,853.39,35,2,2011-03-15 11:38:00,2011-10-03 09:34:00,201,2,Segment 2
14194,32,5783,11216.75,269,25,2011-02-04 14:51:00,2011-12-05 10:38:00,303,2,Segment 2
14195,3,702,962.7,7,3,2011-04-01 16:50:00,2011-05-22 10:29:00,50,0,Segment 0
14196,1,142,335.52,6,1,2011-08-25 10:25:00,2011-08-25 10:25:00,0,0,Segment 0
14198,7,280,663.5,35,7,2011-04-14 14:54:00,2011-12-05 16:34:00,235,2,Segment 2
14199,1,28,185.4,2,1,2011-05-05 13:44:00,2011-05-05 13:44:00,0,0,Segment 0
14201,9,578,688.04,32,9,2010-12-15 13:25:00,2011-10-10 13:27:00,299,2,Segment 2
14204,1,72,150.61,36,1,2011-12-07 13:38:00,2011-12-07 13:38:00,0,2,Segment 2
14205,4,99,218.78,35,4,2010-12-09 13:38:00,2011-11-29 11:56:00,354,2,Segment 2
14206,2,274,308.26,21,2,2010-12-14 10:31:00,2011-04-14 16:38:00,121,0,Segment 0
14208,1,114,151.74,10,1,2011-09-06 12:48:00,2011-09-06 12:48:00,0,0,Segment 0
14209,7,688,2067.13,55,7,2011-01-11 12:56:00,2011-11-29 10:18:00,321,2,Segment 2
14210,7,759,1900.89,66,7,2010-12-03 12:43:00,2011-09-09 12:55:00,280,2,Segment 2
14211,13,1232,2208.3,87,13,2011-02-17 15:50:00,2011-10-17 13:23:00,241,2,Segment 2
14212,1,1152,1070.48,9,1,2011-09-11 12:45:00,2011-09-11 12:45:00,0,0,Segment 0
14213,1,-244,-1192.2,5,1,2010-12-03 09:47:00,2010-12-03 09:47:00,0,0,Segment 0
14214,7,748,1000.23,64,7,2011-03-07 12:26:00,2011-11-09 10:31:00,246,2,Segment 2
14215,7,1354,1777.92,98,7,2010-12-06 15:34:00,2011-11-28 12:19:00,356,2,Segment 2
14216,4,594,1839.3,47,4,2011-11-02 10:51:00,2011-12-06 14:56:00,34,2,Segment 2
14217,24,677,1925.36,78,22,2010-12-08 13:28:00,2011-12-08 11:53:00,364,2,Segment 2
14218,1,160,169.48000000000002,12,1,2011-10-28 10:00:00,2011-10-28 10:00:00,0,0,Segment 0
14219,1,78,89.94,7,1,2011-12-05 16:23:00,2011-12-05 16:23:00,0,0,Segment 0
14220,2,272,632.4,21,2,2010-12-16 18:18:00,2011-04-06 13:23:00,110,0,Segment 0
14221,10,2190,3427.85,123,8,2011-01-04 15:33:00,2011-10-28 13:42:00,296,2,Segment 2
14222,1,607,683.17,41,1,2011-06-15 16:42:00,2011-06-15 16:42:00,0,2,Segment 2
14223,4,583,975.23,50,4,2011-03-20 16:02:00,2011-09-08 13:38:00,171,2,Segment 2
14224,4,483,1009.73,105,4,2011-01-23 13:58:00,2011-08-21 13:24:00,209,2,Segment 2
14226,7,1289,2184.24,64,7,2011-03-15 15:36:00,2011-11-11 11:34:00,240,2,Segment 2
14227,15,1811,3315.71,117,11,2011-02-28 12:27:00,2011-11-13 15:48:00,258,2,Segment 2
14229,5,590,1450.6,29,5,2011-01-10 12:03:00,2011-10-19 10:04:00,281,0,Segment 0
14231,5,402,822.0600000000001,47,5,2011-02-24 11:55:00,2011-06-13 15:35:00,109,2,Segment 2
14232,8,1937,2043.93,81,8,2011-03-20 12:44:00,2011-11-08 12:17:00,232,2,Segment 2
14233,5,671,1447.51,30,5,2011-01-26 12:43:00,2011-10-27 09:25:00,273,0,Segment 0
14234,4,951,754.12,122,4,2011-10-13 13:58:00,2011-11-17 17:53:00,35,2,Segment 2
14235,6,1947,3093.86,65,5,2011-03-24 13:23:00,2011-11-29 13:26:00,250,2,Segment 2
14236,2,310,490.86,15,2,2010-12-02 18:49:00,2011-09-20 09:13:00,291,0,Segment 0
14237,1,38,161.0,9,1,2010-12-01 13:20:00,2010-12-01 13:20:00,0,0,Segment 0
14238,1,111,146.85,8,1,2011-01-17 14:40:00,2011-01-17 14:40:00,0,0,Segment 0
14239,13,986,2323.5,83,12,2011-01-27 14:45:00,2011-10-27 14:40:00,272,2,Segment 2
14240,2,418,890.34,37,2,2011-04-28 11:40:00,2011-11-09 13:45:00,195,2,Segment 2
14241,1,146,213.7,10,1,2011-06-09 11:46:00,2011-06-09 11:46:00,0,0,Segment 0
14242,2,123,280.55,13,2,2011-01-18 08:53:00,2011-04-19 11:46:00,91,0,Segment 0
14243,14,1204,2535.88,99,14,2010-12-09 08:34:00,2011-12-01 11:12:00,357,2,Segment 2
14245,5,971,1677.48,107,5,2011-03-21 10:41:00,2011-06-16 14:33:00,87,2,Segment 2
14246,3,804,1474.06,57,3,2011-04-08 08:25:00,2011-08-21 11:50:00,135,2,Segment 2
14247,1,47,136.76999999999998,19,1,2011-03-06 15:21:00,2011-03-06 15:21:00,0,0,Segment 0
14248,1,102,302.58,8,1,2011-01-25 14:45:00,2011-01-25 14:45:00,0,0,Segment 0
14250,3,1200,1904.05,94,2,2011-09-11 13:44:00,2011-12-02 14:30:00,82,2,Segment 2
14251,5,1674,2879.7000000000003,37,5,2011-10-13 12:46:00,2011-12-08 08:32:00,55,2,Segment 2
14256,3,410,935.06,51,3,2010-12-10 11:44:00,2011-03-30 16:39:00,110,2,Segment 2
14257,6,1677,3087.27,89,6,2011-01-25 10:49:00,2011-10-19 13:38:00,267,2,Segment 2
14258,10,7098,12650.08,58,9,2011-01-06 12:18:00,2011-11-30 15:27:00,328,2,Segment 2
14259,1,68,120.0,5,1,2011-07-21 10:44:00,2011-07-21 10:44:00,0,0,Segment 0
14261,2,406,1163.45,52,2,2011-09-22 10:47:00,2011-10-20 10:04:00,27,2,Segment 2
14262,8,1645,2618.23,87,8,2011-04-13 12:23:00,2011-12-01 14:17:00,232,2,Segment 2
14264,3,66,319.47,17,3,2010-12-02 17:35:00,2011-07-08 10:20:00,217,0,Segment 0
14265,2,330,530.18,31,2,2011-07-14 09:10:00,2011-08-22 13:32:00,39,0,Segment 0
14267,7,461,1279.09,25,6,2011-03-24 11:38:00,2011-07-12 11:11:00,109,0,Segment 0
14270,1,197,492.65,29,1,2011-01-12 09:33:00,2011-01-12 09:33:00,0,0,Segment 0
14271,1,88,112.32,10,1,2011-04-28 12:47:00,2011-04-28 12:47:00,0,0,Segment 0
14272,2,599,437.96,33,2,2011-03-30 13:57:00,2011-09-27 10:08:00,180,2,Segment 2
14273,4,264,559.97,22,4,2011-04-11 13:24:00,2011-10-19 13:20:00,190,0,Segment 0
14276,5,723,1019.39,52,5,2011-02-23 09:38:00,2011-09-12 17:49:00,201,2,Segment 2
14277,4,1616,3928.8,195,3,2011-05-11 13:20:00,2011-11-24 15:01:00,197,2,Segment 2
14280,1,52,134.04,8,1,2011-05-27 10:37:00,2011-05-27 10:37:00,0,0,Segment 0
14282,15,2656,3701.44,70,15,2010-12-07 12:21:00,2011-12-06 17:04:00,364,2,Segment 2
14284,3,157,578.45,24,3,2011-09-14 13:04:00,2011-11-09 08:11:00,55,0,Segment 0
14285,4,541,1910.01,18,4,2011-06-16 12:36:00,2011-11-18 14:50:00,155,0,Segment 0
14286,5,4306,4595.81,220,5,2011-04-11 08:16:00,2011-11-16 10:34:00,219,2,Segment 2
14287,4,236,151.23000000000002,10,3,2011-05-25 11:41:00,2011-12-01 13:25:00,190,0,Segment 0
14288,2,187,413.85,16,2,2011-05-10 13:22:00,2011-05-11 15:17:00,1,0,Segment 0
14289,6,292,911.26,33,6,2011-02-23 12:33:00,2011-12-01 11:44:00,280,2,Segment 2
14290,6,913,2307.4500000000003,90,6,2010-12-13 10:24:00,2011-11-28 14:02:00,350,2,Segment 2
14291,12,2748,3873.3,145,8,2011-03-09 15:20:00,2011-12-08 10:26:00,273,2,Segment 2
14292,14,1643,4819.33,67,11,2011-01-17 16:20:00,2011-12-02 11:50:00,318,2,Segment 2
14293,4,709,1046.56,51,4,2010-12-06 10:18:00,2011-12-06 15:17:00,365,2,Segment 2
14295,2,82,154.70000000000002,7,2,2011-01-11 11:53:00,2011-10-30 15:50:00,292,0,Segment 0
14297,6,861,1284.06,49,5,2011-03-10 08:31:00,2011-11-22 09:06:00,257,2,Segment 2
14298,45,58021,50862.44,884,26,2010-12-14 12:59:00,2011-12-06 15:04:00,357,3,Segment 3
14299,18,2013,2855.35,94,17,2010-12-08 13:33:00,2011-12-01 16:05:00,358,2,Segment 2
14300,1,32,43.2,3,1,2011-11-21 08:57:00,2011-11-21 08:57:00,0,0,Segment 0
14301,2,600,632.04,13,2,2011-08-14 15:33:00,2011-08-24 09:04:00,9,0,Segment 0
14304,2,54,197.1,25,2,2011-02-11 14:48:00,2011-05-01 11:50:00,78,0,Segment 0
14305,5,1069,1803.76,96,4,2011-07-27 14:14:00,2011-09-29 15:29:00,64,2,Segment 2
14306,3,1073,2083.42,33,3,2011-09-15 10:31:00,2011-10-19 13:23:00,34,2,Segment 2
14307,6,2058,2995.72,150,5,2010-12-01 11:41:00,2011-09-12 09:38:00,284,2,Segment 2
14309,10,1619,2319.68,75,10,2010-12-16 13:05:00,2011-12-01 13:33:00,350,2,Segment 2
14311,2,125,229.71,20,2,2011-04-11 10:14:00,2011-04-28 19:49:00,17,0,Segment 0
14312,6,1012,1611.59,74,6,2011-01-06 16:35:00,2011-10-24 09:46:00,290,2,Segment 2
14314,1,296,120.0,8,1,2011-08-25 10:39:00,2011-08-25 10:39:00,0,0,Segment 0
14315,7,1010,2456.98,64,7,2011-03-18 12:59:00,2011-11-18 15:35:00,245,2,Segment 2
14317,1,255,508.58,24,1,2011-10-06 10:44:00,2011-10-06 10:44:00,0,0,Segment 0
14320,3,239,343.11,29,3,2011-01-11 09:12:00,2011-05-17 09:24:00,126,0,Segment 0
14321,5,2406,1530.75,111,5,2011-01-10 11:35:00,2011-11-29 09:47:00,322,2,Segment 2
14323,4,340,574.26,32,4,2011-04-15 11:44:00,2011-08-17 11:37:00,123,0,Segment 0
14326,2,99,166.85,8,2,2011-04-11 15:04:00,2011-04-19 11:08:00,7,0,Segment 0
14327,1,139,311.65,12,1,2011-06-29 13:58:00,2011-06-29 13:58:00,0,0,Segment 0
14329,14,3067,4889.14,218,13,2011-01-14 13:42:00,2011-12-01 08:27:00,320,2,Segment 2
14331,2,252,462.66,27,2,2011-07-27 15:14:00,2011-08-07 13:17:00,10,0,Segment 0
14332,3,463,840.21,22,3,2011-07-15 10:33:00,2011-11-17 11:54:00,125,0,Segment 0
14333,2,52,351.45,15,2,2011-10-03 10:38:00,2011-10-06 19:25:00,3,0,Segment 0
14334,9,1730,2539.46,98,9,2010-12-16 17:37:00,2011-11-23 10:01:00,341,2,Segment 2
14335,2,375,454.86,55,2,2011-09-04 13:07:00,2011-11-23 13:41:00,80,2,Segment 2
14336,4,1759,1614.91,77,4,2011-03-08 16:48:00,2011-11-23 11:40:00,259,2,Segment 2
14338,4,329,554.22,30,4,2011-05-27 13:30:00,2011-07-04 16:00:00,38,0,Segment 0
14339,4,150,289.91,15,3,2011-04-11 11:06:00,2011-04-19 11:31:00,8,0,Segment 0
14340,1,58,134.7,6,1,2011-05-05 09:44:00,2011-05-05 09:44:00,0,0,Segment 0
14341,9,1395,2151.08,109,6,2011-01-25 13:55:00,2011-10-25 15:48:00,273,2,Segment 2
14342,6,337,607.71,19,5,2011-05-13 13:50:00,2011-11-18 13:21:00,188,0,Segment 0
14344,8,477,889.9300000000001,56,8,2010-12-06 11:58:00,2011-08-04 13:51:00,241,2,Segment 2
14345,1,50,108.98,6,1,2011-11-01 09:51:00,2011-11-01 09:51:00,0,0,Segment 0
14346,2,605,1021.58,55,2,2011-02-15 13:52:00,2011-08-11 09:47:00,176,2,Segment 2
14348,1,183,409.57,18,1,2011-03-24 16:23:00,2011-03-24 16:23:00,0,0,Segment 0
14349,1,86,133.5,31,1,2011-11-29 15:39:00,2011-11-29 15:39:00,0,0,Segment 0
14350,2,166,258.7,19,2,2011-03-10 14:14:00,2011-03-14 12:27:00,3,0,Segment 0
14351,1,12,51.0,1,1,2011-06-28 11:56:00,2011-06-28 11:56:00,0,0,Segment 0
14352,4,538,1078.96,44,3,2011-03-11 14:58:00,2011-07-05 15:41:00,116,2,Segment 2
14353,1,64,90.6,6,1,2011-05-08 16:06:00,2011-05-08 16:06:00,0,0,Segment 0
14354,2,210,163.62,9,2,2011-11-09 15:36:00,2011-12-04 11:32:00,24,0,Segment 0
14355,1,92,174.4,11,1,2010-12-09 12:16:00,2010-12-09 12:16:00,0,0,Segment 0
14356,4,266,666.9399999999999,36,4,2011-09-19 14:43:00,2011-10-10 17:16:00,21,2,Segment 2
14357,1,147,225.12,39,1,2011-10-27 16:23:00,2011-10-27 16:23:00,0,2,Segment 2
14359,6,363,882.58,44,6,2011-09-13 09:03:00,2011-11-20 13:17:00,68,2,Segment 2
14360,4,1139,2118.03,104,3,2011-09-06 11:58:00,2011-11-08 09:12:00,62,2,Segment 2
14362,1,96,151.5,37,1,2011-11-17 15:08:00,2011-11-17 15:08:00,0,2,Segment 2
14364,8,1967,3717.35,61,7,2011-05-12 12:56:00,2011-08-23 11:01:00,102,2,Segment 2
14367,19,4398,9134.12,270,13,2011-03-08 14:12:00,2011-12-01 13:19:00,267,2,Segment 2
14368,1,36,155.0,8,1,2011-01-24 09:52:00,2011-01-24 09:52:00,0,0,Segment 0
14371,1,34,100.5,4,1,2011-02-17 16:35:00,2011-02-17 16:35:00,0,0,Segment 0
14373,1,17,76.55,4,1,2010-12-16 15:40:00,2010-12-16 15:40:00,0,0,Segment 0
14375,1,184,235.56,57,1,2011-06-07 13:44:00,2011-06-07 13:44:00,0,2,Segment 2
14377,2,219,617.05,11,2,2011-03-22 13:38:00,2011-06-01 13:32:00,70,0,Segment 0
14379,2,292,348.1,39,2,2011-02-17 15:03:00,2011-10-26 16:43:00,251,2,Segment 2
14381,1,146,202.68,56,1,2011-10-18 17:10:00,2011-10-18 17:10:00,0,2,Segment 2
14382,1,1231,615.49,121,1,2011-11-13 16:18:00,2011-11-13 16:18:00,0,2,Segment 2
14383,3,817,1247.69,49,3,2011-06-29 10:18:00,2011-11-01 15:53:00,125,2,Segment 2
14385,3,159,202.11,13,3,2011-11-16 11:55:00,2011-11-30 15:36:00,14,0,Segment 0
14386,1,54,142.4,7,1,2011-02-16 09:45:00,2011-02-16 09:45:00,0,0,Segment 0
14387,3,795,1727.6,125,3,2011-08-22 14:13:00,2011-11-07 12:29:00,76,2,Segment 2
14388,10,1933,3172.04,124,10,2010-12-02 11:02:00,2011-12-01 11:13:00,364,2,Segment 2
14389,5,702,999.72,34,5,2011-01-25 12:45:00,2011-12-01 09:19:00,309,2,Segment 2
14390,13,2122,4582.22,135,8,2010-12-02 11:56:00,2011-11-29 13:49:00,362,2,Segment 2
14393,1,13,67.95,5,1,2011-05-05 18:16:00,2011-05-05 18:16:00,0,0,Segment 0
14395,12,1685,3444.11,181,11,2010-12-02 18:15:00,2011-12-07 14:34:00,369,2,Segment 2
14396,2,225,487.99,71,2,2010-12-03 15:19:00,2011-10-05 16:09:00,306,2,Segment 2
14397,23,1852,2556.68,18,23,2011-05-10 12:25:00,2011-12-09 09:57:00,212,0,Segment 0
14400,2,450,559.7,25,2,2011-07-13 15:50:00,2011-07-21 18:05:00,8,0,Segment 0
14401,14,4505,4039.98,113,14,2010-12-15 09:07:00,2011-12-05 13:30:00,355,2,Segment 2
14403,5,513,1426.31,17,5,2011-04-06 14:23:00,2011-08-01 12:57:00,116,0,Segment 0
14404,7,819,1409.72,70,6,2010-12-05 16:00:00,2011-11-06 12:30:00,335,2,Segment 2
14406,1,77,156.75,8,1,2011-08-12 16:54:00,2011-08-12 16:54:00,0,0,Segment 0
14407,9,1412,2111.08,67,9,2011-03-08 11:59:00,2011-08-24 14:02:00,169,2,Segment 2
14408,7,1610,2599.03,60,7,2011-03-20 14:41:00,2011-11-29 11:41:00,253,2,Segment 2
14409,7,1158,1908.25,40,5,2010-12-06 15:03:00,2011-09-29 18:18:00,297,2,Segment 2
14410,15,290,573.45,197,8,2011-02-07 09:36:00,2011-11-24 11:16:00,290,2,Segment 2
14411,1,196,1063.0,14,1,2011-02-02 10:56:00,2011-02-02 10:56:00,0,0,Segment 0
14412,3,784,761.3299999999999,43,3,2011-09-28 08:48:00,2011-11-04 13:14:00,37,2,Segment 2
14413,1,67,121.05,22,1,2010-12-12 13:37:00,2010-12-12 13:37:00,0,0,Segment 0
14414,8,2509,1485.13,79,8,2010-12-16 11:11:00,2011-09-09 12:09:00,267,2,Segment 2
14415,18,2958,5766.85,284,13,2010-12-14 13:06:00,2011-12-08 14:38:00,359,2,Segment 2
14416,2,326,490.22,13,2,2011-10-28 15:10:00,2011-11-17 15:22:00,20,0,Segment 0
14418,3,1711,1937.25,114,3,2011-08-23 17:18:00,2011-12-06 11:39:00,104,2,Segment 2
14419,6,483,1051.79,112,6,2010-12-10 10:56:00,2011-11-29 11:22:00,354,2,Segment 2
14420,2,333,385.87,29,2,2011-09-01 18:07:00,2011-09-15 16:57:00,13,0,Segment 0
14421,2,365,813.11,25,2,2011-05-12 10:49:00,2011-10-13 13:24:00,154,0,Segment 0
14422,6,2906,4263.64,189,6,2011-03-17 17:26:00,2011-12-09 11:26:00,266,2,Segment 2
14423,1,120,265.2,3,1,2011-05-05 15:12:00,2011-05-05 15:12:00,0,0,Segment 0
14424,1,48,322.08,1,1,2011-11-22 11:48:00,2011-11-22 11:48:00,0,0,Segment 0
14426,16,2339,3918.9,187,11,2010-12-15 12:06:00,2011-11-21 11:47:00,340,2,Segment 2
14427,2,228,363.34,16,2,2011-10-07 09:10:00,2011-10-20 14:23:00,13,0,Segment 0
14428,7,420,1209.37,108,7,2011-01-18 16:39:00,2011-12-02 13:17:00,317,2,Segment 2
14431,2,124,423.26,17,2,2011-02-10 10:40:00,2011-02-14 10:56:00,4,0,Segment 0
14432,6,2013,2248.5,256,6,2011-09-11 14:09:00,2011-11-30 08:04:00,79,2,Segment 2
14434,6,368,1372.8,3,6,2011-09-28 15:31:00,2011-11-18 08:56:00,50,0,Segment 0
14436,1,129,89.06,9,1,2011-09-02 10:13:00,2011-09-02 10:13:00,0,0,Segment 0
14437,2,59,-43.400000000000006,6,2,2010-12-09 09:27:00,2011-07-19 14:56:00,222,0,Segment 0
14438,1,82,131.9,9,1,2011-02-06 14:56:00,2011-02-06 14:56:00,0,0,Segment 0
14439,1,526,2661.24,32,1,2011-01-24 11:39:00,2011-01-24 11:39:00,0,2,Segment 2
14440,5,588,2357.6800000000003,33,5,2010-12-09 12:49:00,2011-12-01 15:42:00,357,2,Segment 2
14441,10,430,1545.14,45,10,2010-12-09 14:57:00,2011-12-09 09:07:00,364,2,Segment 2
14442,5,475,1544.62,59,5,2011-01-27 09:33:00,2011-12-08 11:53:00,315,2,Segment 2
14443,7,931,1400.88,86,6,2010-12-02 17:05:00,2011-10-17 10:10:00,318,2,Segment 2
14446,4,916,1010.35,233,4,2011-04-07 12:10:00,2011-12-09 11:34:00,245,2,Segment 2
14447,5,571,1163.23,54,4,2011-03-04 10:49:00,2011-11-21 08:28:00,261,2,Segment 2
14448,2,104,375.35,20,2,2010-12-10 17:26:00,2011-11-30 13:50:00,354,0,Segment 0
14449,4,741,885.8,201,4,2010-12-02 14:09:00,2011-11-21 12:06:00,353,2,Segment 2
14450,3,241,483.25,32,3,2011-01-23 11:53:00,2011-06-12 10:46:00,139,0,Segment 0
14451,2,378,643.9,86,2,2011-05-29 12:35:00,2011-10-10 13:38:00,134,2,Segment 2
14452,2,116,259.05,55,2,2011-09-07 11:32:00,2011-11-29 12:06:00,83,2,Segment 2
14453,1,49,119.93,22,1,2011-06-02 14:15:00,2011-06-02 14:15:00,0,0,Segment 0
14456,14,2878,3002.51,580,8,2011-07-20 13:06:00,2011-12-04 13:59:00,137,2,Segment 2
14457,1,88,113.64,4,1,2011-02-02 09:39:00,2011-02-02 09:39:00,0,0,Segment 0
14459,1,760,1837.92,37,1,2011-07-07 13:35:00,2011-07-07 13:35:00,0,2,Segment 2
14460,4,869,383.34,14,3,2011-02-02 11:54:00,2011-08-21 14:19:00,200,0,Segment 0
14461,3,766,2103.06,173,3,2011-03-23 12:15:00,2011-07-14 17:11:00,113,2,Segment 2
14462,15,924,1942.45,151,11,2011-01-04 12:45:00,2011-10-07 09:22:00,275,2,Segment 2
14463,3,179,529.62,6,3,2011-05-18 14:42:00,2011-09-02 15:20:00,107,0,Segment 0
14465,3,398,1038.44,107,2,2011-02-10 12:13:00,2011-04-07 12:38:00,56,2,Segment 2
14466,7,1006,2272.4,35,7,2010-12-02 13:36:00,2011-11-10 14:07:00,343,2,Segment 2
14467,4,276,596.26,67,4,2011-01-31 12:35:00,2011-11-22 12:48:00,295,2,Segment 2
14470,2,193,461.19,43,2,2011-02-25 11:56:00,2011-11-28 10:31:00,275,2,Segment 2
14472,8,1135,1852.67,153,8,2010-12-19 14:03:00,2011-08-28 11:01:00,251,2,Segment 2
14473,2,88,234.34000000000003,7,2,2011-03-02 13:56:00,2011-09-26 15:10:00,208,0,Segment 0
14474,2,139,537.71,29,2,2011-10-24 13:26:00,2011-10-27 12:57:00,2,0,Segment 0
14475,6,428,799.82,36,6,2011-02-08 10:12:00,2011-09-29 10:46:00,233,2,Segment 2
14476,1,110,193.0,17,1,2011-03-27 15:39:00,2011-03-27 15:39:00,0,0,Segment 0
14477,5,719,1307.81,7,5,2011-02-15 15:44:00,2011-11-20 11:11:00,277,0,Segment 0
14479,2,117,316.25,18,2,2010-12-09 12:59:00,2011-03-31 09:07:00,111,0,Segment 0
14480,1,143,279.05,13,1,2011-11-28 16:35:00,2011-11-28 16:35:00,0,0,Segment 0
14481,2,489,636.51,25,2,2011-02-25 13:53:00,2011-06-28 10:38:00,122,0,Segment 0
14482,6,1627,2022.81,110,6,2011-04-14 16:41:00,2011-11-21 13:14:00,220,2,Segment 2
14483,2,95,129.2,10,2,2011-03-03 10:26:00,2011-07-13 09:45:00,131,0,Segment 0
14484,1,210,321.92,14,1,2011-10-20 14:11:00,2011-10-20 14:11:00,0,0,Segment 0
14485,1,70,162.8,44,1,2011-11-01 12:25:00,2011-11-01 12:25:00,0,2,Segment 2
14487,7,711,1152.73,112,5,2010-12-06 12:55:00,2011-11-13 12:17:00,341,2,Segment 2
14488,2,793,1047.43,46,2,2011-10-03 09:30:00,2011-10-19 14:39:00,16,2,Segment 2
14489,1,299,463.38,30,1,2011-05-16 14:51:00,2011-05-16 14:51:00,0,0,Segment 0
14491,2,139,340.93,17,2,2010-12-02 12:10:00,2011-06-17 15:22:00,197,0,Segment 0
14493,7,1279,2362.84,95,7,2011-07-07 16:59:00,2011-12-02 16:14:00,147,2,Segment 2
14494,1,92,139.56,7,1,2011-11-14 09:21:00,2011-11-14 09:21:00,0,0,Segment 0
14495,2,62,123.8,6,2,2011-08-10 14:13:00,2011-10-20 12:28:00,70,0,Segment 0
14496,2,159,538.8100000000001,16,2,2010-12-01 15:35:00,2011-02-01 09:01:00,61,0,Segment 0
14497,2,233,457.47,29,2,2011-02-03 17:01:00,2011-02-11 15:20:00,7,0,Segment 0
14498,5,1098,1957.32,162,5,2010-12-13 11:29:00,2011-10-28 12:09:00,319,2,Segment 2
14499,3,496,808.44,146,3,2011-03-06 11:55:00,2011-11-13 13:01:00,252,2,Segment 2
14500,3,117,356.85,6,3,2011-06-03 10:08:00,2011-09-12 16:45:00,101,0,Segment 0
14501,3,119,190.31,9,3,2011-01-24 10:43:00,2011-10-06 20:15:00,255,0,Segment 0
14502,14,1465,2310.18,369,10,2011-01-30 15:52:00,2011-11-20 11:50:00,293,2,Segment 2
14503,6,2004,3543.26,113,6,2011-06-14 10:00:00,2011-12-06 13:30:00,175,2,Segment 2
14504,4,308,673.26,85,4,2011-03-06 14:38:00,2011-10-23 16:00:00,231,2,Segment 2
14505,11,2723,5772.49,542,10,2010-12-12 16:14:00,2011-11-22 15:45:00,344,2,Segment 2
14506,5,704,1960.65,204,5,2010-12-05 14:25:00,2011-11-22 13:02:00,351,2,Segment 2
14507,7,582,1352.88,79,5,2011-03-08 17:23:00,2011-11-16 12:21:00,252,2,Segment 2
14508,2,129,268.05,52,2,2011-09-11 11:29:00,2011-11-17 19:48:00,67,2,Segment 2
14511,6,772,1267.41,53,6,2011-07-29 12:13:00,2011-11-28 17:05:00,122,2,Segment 2
14512,2,122,275.28,19,2,2011-04-21 19:05:00,2011-06-05 12:39:00,44,0,Segment 0
14513,4,355,438.49,11,4,2011-02-24 09:36:00,2011-08-31 11:25:00,188,0,Segment 0
14514,3,564,990.2,65,3,2011-01-12 15:22:00,2011-10-09 16:05:00,270,2,Segment 2
14515,6,1110,2076.89,68,5,2011-05-05 12:13:00,2011-11-22 11:37:00,200,2,Segment 2
14517,2,91,330.45,17,2,2011-07-21 11:42:00,2011-11-06 14:20:00,108,0,Segment 0
14518,1,278,174.37,16,1,2011-10-06 14:43:00,2011-10-06 14:43:00,0,0,Segment 0
14520,2,146,270.6,3,2,2011-02-22 09:15:00,2011-12-08 09:46:00,289,0,Segment 0
14522,4,525,974.54,15,4,2011-05-25 16:01:00,2011-11-15 13:24:00,173,0,Segment 0
14523,1,251,241.09,12,1,2011-08-23 13:13:00,2011-08-23 13:13:00,0,0,Segment 0
14524,9,669,1843.83,161,6,2010-12-14 11:01:00,2011-11-08 12:29:00,329,2,Segment 2
14525,13,2603,4105.07,218,11,2010-12-13 17:40:00,2011-12-01 08:53:00,352,2,Segment 2
14527,86,2048,7709.69,331,64,2010-12-01 09:41:00,2011-12-07 12:19:00,371,2,Segment 2
14528,1,278,364.22,18,1,2011-11-02 17:09:00,2011-11-02 17:09:00,0,0,Segment 0
14529,3,325,578.61,177,3,2011-08-21 14:10:00,2011-10-10 15:27:00,50,2,Segment 2
14530,6,1395,2862.11,140,6,2011-02-16 10:47:00,2011-11-14 10:38:00,270,2,Segment 2
14532,4,284,932.85,45,4,2010-12-22 13:48:00,2011-04-17 13:05:00,115,2,Segment 2
14533,9,2777,1812.62,53,8,2010-12-22 11:07:00,2011-11-15 12:05:00,328,2,Segment 2
14534,25,1905,4025.6,334,19,2011-01-25 11:47:00,2011-12-07 12:19:00,316,2,Segment 2
14535,4,1818,2831.74,280,4,2011-04-05 12:50:00,2011-10-11 16:24:00,189,2,Segment 2
14536,1,39,170.95,18,1,2011-03-25 12:21:00,2011-03-25 12:21:00,0,0,Segment 0
14537,1,120,355.56,10,1,2011-10-13 10:54:00,2011-10-13 10:54:00,0,0,Segment 0
14538,2,155,388.25,19,2,2011-03-28 14:57:00,2011-10-06 10:31:00,191,0,Segment 0
14539,2,428,537.48,31,2,2011-10-26 12:03:00,2011-11-24 09:50:00,28,0,Segment 0
14540,3,411,952.66,64,3,2011-02-03 15:02:00,2011-11-30 10:15:00,299,2,Segment 2
14541,8,641,1453.35,71,7,2011-01-24 14:16:00,2011-10-12 10:08:00,260,2,Segment 2
14542,1,19,103.25,5,1,2011-06-07 08:19:00,2011-06-07 08:19:00,0,0,Segment 0
14543,21,600,2916.17,43,19,2010-12-10 11:51:00,2011-12-06 10:32:00,360,2,Segment 2
14544,2,1536,2004.3,97,2,2010-12-13 12:50:00,2011-11-15 15:06:00,337,2,Segment 2
14546,9,1283,2482.86,255,6,2011-04-05 10:45:00,2011-12-05 16:33:00,244,2,Segment 2
14547,9,2629,3953.95,198,8,2011-10-16 14:35:00,2011-12-06 11:06:00,50,2,Segment 2
14548,2,256,652.8,2,2,2011-01-26 08:38:00,2011-07-12 12:19:00,167,0,Segment 0
14549,1,136,289.24,56,1,2011-02-01 13:47:00,2011-02-01 13:47:00,0,2,Segment 2
14550,2,389,757.37,38,2,2011-10-26 12:14:00,2011-11-29 12:12:00,33,2,Segment 2
14551,2,106,186.23,9,2,2011-05-19 18:21:00,2011-11-21 13:36:00,185,0,Segment 0
14552,1,90,164.22,57,1,2011-07-11 12:49:00,2011-07-11 12:49:00,0,2,Segment 2
14553,5,493,859.27,103,4,2011-01-04 15:40:00,2011-11-20 13:20:00,319,2,Segment 2
14554,4,1443,2279.49,147,4,2011-10-18 13:04:00,2011-11-29 16:44:00,42,2,Segment 2
14555,2,122,312.54,18,2,2011-02-10 17:19:00,2011-10-13 16:24:00,244,0,Segment 0
14557,2,0,0.0,16,2,2011-09-15 15:48:00,2011-10-06 20:36:00,21,0,Segment 0
14560,24,1223,2174.18,39,22,2010-12-17 09:22:00,2011-12-02 15:22:00,350,2,Segment 2
14561,3,1014,1080.76,67,3,2011-06-08 13:26:00,2011-09-25 12:39:00,108,2,Segment 2
14562,22,1663,4676.62,189,17,2011-02-08 14:45:00,2011-12-06 11:05:00,300,2,Segment 2
14565,6,1532,3073.77,111,5,2010-12-13 13:25:00,2011-09-05 12:37:00,265,2,Segment 2
14566,1,800,1432.0,4,1,2011-08-21 11:05:00,2011-08-21 11:05:00,0,0,Segment 0
14567,3,410,1524.46,33,3,2011-08-01 13:48:00,2011-11-04 13:57:00,95,2,Segment 2
14569,1,79,227.39,10,1,2011-12-08 14:58:00,2011-12-08 14:58:00,0,0,Segment 0
14570,2,95,218.06,29,1,2011-03-04 10:39:00,2011-03-04 10:58:00,0,0,Segment 0
14572,10,1417,2775.39,191,7,2011-01-19 17:21:00,2011-12-06 14:40:00,320,2,Segment 2
14573,13,528,1590.12,127,8,2010-12-02 19:59:00,2011-06-13 11:15:00,192,2,Segment 2
14576,1,12,35.400000000000006,1,1,2010-12-02 17:51:00,2010-12-02 17:51:00,0,0,Segment 0
14577,4,353,859.71,86,4,2010-12-12 11:26:00,2011-11-27 12:47:00,350,2,Segment 2
14578,1,240,168.63,24,1,2011-12-06 17:18:00,2011-12-06 17:18:00,0,0,Segment 0
14581,1,217,138.6,16,1,2011-11-23 12:39:00,2011-11-23 12:39:00,0,0,Segment 0
14582,1,73,114.11,6,1,2011-10-30 11:56:00,2011-10-30 11:56:00,0,0,Segment 0
14583,5,751,986.96,243,5,2011-05-18 11:28:00,2011-12-04 12:32:00,200,2,Segment 2
14584,5,377,1020.06,68,5,2011-05-25 17:31:00,2011-06-23 18:33:00,29,2,Segment 2
14585,1,91,157.05,29,1,2011-10-20 14:33:00,2011-10-20 14:33:00,0,0,Segment 0
14586,3,236,134.16,19,3,2011-03-08 10:04:00,2011-04-26 17:32:00,49,0,Segment 0
14587,10,747,1577.39,170,9,2011-01-12 13:16:00,2011-11-21 11:34:00,312,2,Segment 2
14589,1,5,39.75,3,1,2010-12-03 11:42:00,2010-12-03 11:42:00,0,0,Segment 0
14591,4,1228,1320.21,138,2,2011-05-10 14:09:00,2011-11-24 13:57:00,197,2,Segment 2
14592,3,407,557.94,132,3,2011-10-06 18:08:00,2011-11-04 16:35:00,28,2,Segment 2
14593,3,330,617.15,127,2,2011-05-25 11:14:00,2011-11-18 12:48:00,177,2,Segment 2
14594,2,183,363.33,48,2,2010-12-01 13:54:00,2011-12-02 13:28:00,365,2,Segment 2
14595,6,978,1740.6,94,6,2011-01-30 13:36:00,2011-11-20 12:12:00,293,2,Segment 2
14597,2,566,866.24,45,2,2011-06-01 12:33:00,2011-11-28 13:13:00,180,2,Segment 2
14598,1,189,221.97,49,1,2011-10-26 13:19:00,2011-10-26 13:19:00,0,2,Segment 2
14600,1,125,393.33,25,1,2011-02-07 09:48:00,2011-02-07 09:48:00,0,0,Segment 0
14601,1,168,213.96,7,1,2011-11-29 09:48:00,2011-11-29 09:48:00,0,0,Segment 0
14603,1,400,660.0,2,1,2011-03-10 10:27:00,2011-03-10 10:27:00,0,0,Segment 0
14606,128,5941,11633.35,832,89,2010-12-01 16:57:00,2011-12-08 19:28:00,372,2,Segment 2
14607,17,7758,10981.1,38,7,2011-03-23 15:22:00,2011-11-24 10:35:00,245,2,Segment 2
14608,4,437,1785.15,8,4,2010-12-12 14:49:00,2011-12-05 16:52:00,358,0,Segment 0
14609,4,7026,601.56,2,4,2011-02-16 12:10:00,2011-09-28 12:54:00,224,0,Segment 0
14616,3,104,406.08,2,3,2011-01-26 12:42:00,2011-04-11 09:54:00,74,0,Segment 0
14618,4,261,538.59,11,4,2010-12-08 14:57:00,2011-11-30 13:45:00,356,0,Segment 0
14619,2,145,379.51,20,2,2011-04-08 07:37:00,2011-04-14 17:13:00,6,0,Segment 0
14620,3,188,393.28,26,3,2011-03-01 08:30:00,2011-05-19 14:14:00,79,0,Segment 0
14621,6,987,1765.76,80,6,2010-12-16 13:00:00,2011-12-08 16:22:00,357,2,Segment 2
14622,1,146,320.58000000000004,21,1,2011-06-08 12:42:00,2011-06-08 12:42:00,0,0,Segment 0
14623,6,416,866.8000000000001,108,6,2011-04-18 13:54:00,2011-11-07 13:56:00,203,2,Segment 2
14624,2,162,225.85,13,2,2011-10-11 14:39:00,2011-10-13 13:44:00,1,0,Segment 0
14625,5,330,848.48,52,5,2010-12-02 17:19:00,2011-06-07 15:40:00,186,2,Segment 2
14626,7,1387,2757.07,108,7,2011-04-20 13:18:00,2011-12-01 08:55:00,224,2,Segment 2
14627,1,-5,-21.85,5,1,2011-02-01 10:49:00,2011-02-01 10:49:00,0,0,Segment 0
14628,2,272,671.96,22,2,2011-04-11 14:43:00,2011-09-09 14:58:00,151,0,Segment 0
14629,3,374,935.46,133,3,2011-10-23 16:13:00,2011-12-05 16:55:00,43,2,Segment 2
14631,3,622,1006.98,38,3,2011-02-14 09:31:00,2011-10-20 11:17:00,248,2,Segment 2
14632,1,96,114.56,8,1,2011-03-22 08:49:00,2011-03-22 08:49:00,0,0,Segment 0
14633,1,96,344.90000000000003,20,1,2011-03-18 17:07:00,2011-03-18 17:07:00,0,0,Segment 0
14636,2,241,609.85,27,2,2011-03-16 09:52:00,2011-11-03 16:12:00,232,0,Segment 0
14638,1,166,443.6,16,1,2011-10-20 10:10:00,2011-10-20 10:10:00,0,0,Segment 0
14639,8,1428,2952.34,138,6,2010-12-13 13:50:00,2011-10-18 15:06:00,309,2,Segment 2
14640,8,823,2024.45,87,8,2011-04-26 12:31:00,2011-11-24 11:00:00,211,2,Segment 2
14641,1,90,110.46,7,1,2011-11-18 10:42:00,2011-11-18 10:42:00,0,0,Segment 0
14642,1,76,96.12,2,1,2011-10-12 11:08:00,2011-10-12 11:08:00,0,0,Segment 0
14643,3,755,668.61,30,3,2010-12-16 17:53:00,2011-06-22 14:41:00,187,0,Segment 0
14644,4,252,780.46,26,4,2011-02-14 14:14:00,2011-11-30 14:58:00,289,0,Segment 0
14645,2,381,597.09,28,2,2011-03-09 09:52:00,2011-07-06 09:15:00,118,0,Segment 0
14646,77,196719,279489.02,703,47,2010-12-20 10:09:00,2011-12-08 12:12:00,353,1,Segment 1
14647,1,91,236.04,24,1,2011-05-22 13:40:00,2011-05-22 13:40:00,0,0,Segment 0
14649,4,1004,1402.59,148,3,2011-05-11 14:37:00,2011-12-05 12:30:00,207,2,Segment 2
14651,2,343,653.75,95,2,2011-05-12 16:29:00,2011-10-03 15:52:00,143,2,Segment 2
14652,1,53,114.18,29,1,2011-09-23 14:21:00,2011-09-23 14:21:00,0,0,Segment 0
14653,7,945,1926.65,154,6,2011-01-05 13:40:00,2011-12-08 13:45:00,337,2,Segment 2
14655,5,1088,1930.15,35,5,2011-05-01 14:59:00,2011-12-06 10:52:00,218,2,Segment 2
14656,2,120,291.05,73,2,2011-03-01 13:19:00,2011-06-23 13:51:00,114,2,Segment 2
14657,5,465,838.27,103,4,2011-01-17 15:19:00,2011-11-22 12:47:00,308,2,Segment 2
14658,2,47,247.15,27,2,2011-08-14 15:42:00,2011-12-04 15:35:00,111,0,Segment 0
14659,12,1183,2456.53,147,9,2011-01-28 12:43:00,2011-12-01 12:17:00,306,2,Segment 2
14660,2,228,285.74,24,2,2011-08-31 10:40:00,2011-09-14 11:34:00,14,0,Segment 0
14661,1,35,107.95,4,1,2011-11-13 11:51:00,2011-11-13 11:51:00,0,0,Segment 0
14662,4,578,741.37,143,4,2011-01-27 17:41:00,2011-11-11 12:13:00,287,2,Segment 2
14664,2,465,636.24,78,2,2011-11-06 14:56:00,2011-11-20 10:59:00,13,2,Segment 2
14665,7,500,1258.38,63,5,2011-02-02 09:08:00,2011-10-10 11:54:00,250,2,Segment 2
14666,1,161,195.25,14,1,2011-11-15 12:57:00,2011-11-15 12:57:00,0,0,Segment 0
14667,27,5316,9165.04,354,23,2010-12-06 13:13:00,2011-11-29 11:30:00,357,2,Segment 2
14669,3,770,1259.24,158,2,2011-01-11 12:30:00,2011-04-12 11:43:00,90,2,Segment 2
14670,2,326,392.86,107,1,2011-03-04 13:58:00,2011-03-04 14:13:00,0,2,Segment 2
14672,2,454,765.55,58,2,2011-01-07 15:48:00,2011-04-19 10:19:00,101,2,Segment 2
14673,5,1004,1736.4,39,5,2010-12-07 12:49:00,2011-12-06 14:31:00,364,2,Segment 2
14675,1,336,596.36,93,1,2011-11-23 12:58:00,2011-11-23 12:58:00,0,2,Segment 2
14676,8,2498,2543.24,30,8,2011-02-11 13:38:00,2011-11-08 13:29:00,269,2,Segment 2
14679,1,-1,-2.55,1,1,2010-12-03 10:07:00,2010-12-03 10:07:00,0,0,Segment 0
14680,23,12474,26932.34,83,16,2010-12-03 12:05:00,2011-11-14 16:59:00,346,2,Segment 2
14681,3,76,498.95,6,2,2011-05-12 10:45:00,2011-09-29 15:52:00,140,0,Segment 0
14682,2,80,52.0,1,2,2011-05-22 12:51:00,2011-06-05 12:12:00,13,0,Segment 0
14684,5,821,1201.51,231,5,2010-12-12 12:44:00,2011-11-14 11:33:00,336,2,Segment 2
14687,1,470,628.38,15,1,2011-08-25 11:59:00,2011-08-25 11:59:00,0,0,Segment 0
14688,27,3185,5055.61,148,21,2010-12-01 09:37:00,2011-12-02 12:26:00,366,2,Segment 2
14689,1,76,112.8,13,1,2011-05-15 11:22:00,2011-05-15 11:22:00,0,0,Segment 0
14690,3,160,341.96,42,2,2011-07-11 11:44:00,2011-10-26 15:39:00,107,2,Segment 2
14691,5,707,2114.33,50,4,2011-05-11 09:55:00,2011-11-09 12:30:00,182,2,Segment 2
14692,5,255,582.05,53,5,2011-01-21 13:47:00,2011-07-25 15:08:00,185,2,Segment 2
14693,1,34,172.9,8,1,2011-03-20 12:50:00,2011-03-20 12:50:00,0,0,Segment 0
14696,9,1626,2070.97,117,9,2010-12-01 15:37:00,2011-12-05 13:43:00,368,2,Segment 2
14697,2,181,188.61,22,1,2011-05-05 15:29:00,2011-05-05 15:39:00,0,0,Segment 0
14698,5,602,1217.27,148,5,2011-10-19 12:54:00,2011-12-08 12:26:00,49,2,Segment 2
14699,1,77,109.13,8,1,2011-05-09 14:54:00,2011-05-09 14:54:00,0,0,Segment 0
14700,3,1314,2195.1,80,3,2011-04-15 13:16:00,2011-11-07 14:40:00,206,2,Segment 2
14701,12,898,2462.94,273,7,2011-01-27 12:40:00,2011-11-29 12:38:00,305,2,Segment 2
14702,18,1429,3210.29,196,17,2010-12-09 19:23:00,2011-12-08 19:29:00,364,2,Segment 2
14703,1,183,318.17,22,1,2011-11-25 09:23:00,2011-11-25 09:23:00,0,0,Segment 0
14704,9,1043,1493.96,288,9,2011-06-12 13:59:00,2011-11-28 12:51:00,168,2,Segment 2
14705,1,100,179.0,1,1,2011-05-25 12:39:00,2011-05-25 12:39:00,0,0,Segment 0
14708,4,615,1096.67,25,4,2010-12-06 12:23:00,2011-12-07 08:21:00,365,0,Segment 0
14709,14,2482,4911.14,71,13,2010-12-16 13:43:00,2011-11-24 15:41:00,343,2,Segment 2
14710,4,375,599.48,124,4,2011-10-11 13:49:00,2011-11-25 14:53:00,45,2,Segment 2
14711,12,954,2809.02,221,11,2011-03-22 13:32:00,2011-11-29 14:58:00,252,2,Segment 2
14712,3,315,917.07,21,3,2011-08-19 13:33:00,2011-11-10 12:59:00,82,0,Segment 0
14713,12,1611,2660.1,146,11,2010-12-09 18:58:00,2011-11-30 16:26:00,355,2,Segment 2
14714,1,229,160.19,10,1,2011-11-15 13:07:00,2011-11-15 13:07:00,0,0,Segment 0
14715,4,521,867.38,60,4,2011-01-12 13:27:00,2011-11-15 12:10:00,306,2,Segment 2
14716,2,495,307.51,46,2,2011-07-14 12:42:00,2011-10-27 17:29:00,105,2,Segment 2
14719,6,1024,1571.89,177,5,2011-04-04 14:17:00,2011-12-08 12:43:00,247,2,Segment 2
14720,3,219,663.81,34,3,2011-08-05 12:06:00,2011-12-04 12:02:00,120,2,Segment 2
14722,1,118,180.42,28,1,2011-07-15 14:58:00,2011-07-15 14:58:00,0,0,Segment 0
14723,6,673,1122.36,193,5,2010-12-03 14:18:00,2011-11-29 15:23:00,361,2,Segment 2
14725,1,588,655.58,45,1,2011-11-15 12:42:00,2011-11-15 12:42:00,0,2,Segment 2
14727,1,62,268.58,10,1,2011-03-10 14:45:00,2011-03-10 14:45:00,0,0,Segment 0
14729,1,197,313.49,69,1,2010-12-01 12:43:00,2010-12-01 12:43:00,0,2,Segment 2
14730,8,1078,1897.57,317,7,2011-03-08 12:49:00,2011-12-08 14:39:00,275,2,Segment 2
14731,3,256,380.02,38,3,2011-05-11 13:06:00,2011-10-23 15:54:00,165,2,Segment 2
14732,10,1402,2686.34,105,10,2011-01-04 14:40:00,2011-12-01 14:34:00,330,2,Segment 2
14733,15,3725,9451.54,102,14,2010-12-07 11:30:00,2011-11-30 14:54:00,358,2,Segment 2
14735,34,2160,5807.6900000000005,99,22,2010-12-16 16:05:00,2011-12-06 12:09:00,354,2,Segment 2
14737,3,345,1164.55,15,3,2010-12-21 13:49:00,2011-12-06 10:16:00,349,0,Segment 0
14738,9,576,1289.94,39,9,2011-01-27 14:10:00,2011-10-31 12:57:00,276,2,Segment 2
14739,8,3817,3899.1,47,8,2010-12-07 14:58:00,2011-12-07 14:32:00,364,2,Segment 2
14740,4,729,1423.21,85,4,2011-03-01 08:35:00,2011-06-01 15:17:00,92,2,Segment 2
14741,6,841,1400.34,35,6,2010-12-02 08:43:00,2011-11-28 08:48:00,361,2,Segment 2
14744,9,625,1088.53,21,8,2010-12-08 10:21:00,2011-11-23 12:51:00,350,0,Segment 0
14745,6,1020,1167.16,46,5,2011-02-27 15:25:00,2011-08-19 10:05:00,172,2,Segment 2
14747,2,82,294.3,18,2,2011-04-04 14:09:00,2011-04-06 10:17:00,1,0,Segment 0
14748,6,1192,1311.79,90,5,2010-12-06 10:19:00,2011-11-10 18:33:00,339,2,Segment 2
14752,1,260,389.64,5,1,2011-10-27 11:55:00,2011-10-27 11:55:00,0,0,Segment 0
14753,1,211,563.15,30,1,2011-09-13 14:50:00,2011-09-13 14:50:00,0,0,Segment 0
14754,2,486,638.05,38,2,2011-02-17 12:21:00,2011-10-26 12:01:00,250,2,Segment 2
14755,12,2217,4965.38,128,12,2011-01-09 14:02:00,2011-11-30 11:24:00,324,2,Segment 2
14756,1,416,738.96,38,1,2011-11-24 18:13:00,2011-11-24 18:13:00,0,2,Segment 2
14757,1,160,420.5,19,1,2011-09-25 14:36:00,2011-09-25 14:36:00,0,0,Segment 0
14758,4,419,1484.06,54,4,2011-03-25 12:10:00,2011-07-18 08:21:00,114,2,Segment 2
14759,3,569,1625.97,92,3,2011-04-21 10:55:00,2011-12-05 12:03:00,228,2,Segment 2
14760,2,28,53.8,5,2,2011-02-15 16:27:00,2011-02-18 14:36:00,2,0,Segment 0
14761,2,118,255.9,11,2,2011-01-09 12:03:00,2011-10-12 12:10:00,276,0,Segment 0
14762,1,341,300.52,21,1,2011-03-21 08:20:00,2011-03-21 08:20:00,0,0,Segment 0
14764,2,175,250.55,6,2,2011-10-24 11:54:00,2011-10-27 10:46:00,2,0,Segment 0
14765,3,135,254.11,38,3,2011-06-16 19:49:00,2011-11-10 19:53:00,147,2,Segment 2
14766,8,1323,2423.07,111,8,2010-12-02 10:46:00,2011-12-01 16:05:00,364,2,Segment 2
14768,3,34,139.5,4,3,2011-08-04 13:25:00,2011-11-22 12:54:00,109,0,Segment 0
14769,10,7209,10383.83,718,10,2010-12-17 11:40:00,2011-12-07 10:24:00,354,2,Segment 2
14770,2,490,876.42,49,2,2011-01-20 15:00:00,2011-04-21 14:21:00,90,2,Segment 2
14772,1,82,139.26,9,1,2011-08-19 15:04:00,2011-08-19 15:04:00,0,0,Segment 0
14775,3,1174,1011.9,57,3,2010-12-02 16:38:00,2011-10-12 15:27:00,313,2,Segment 2
14776,13,2688,2195.58,44,9,2011-01-31 13:17:00,2011-10-19 15:34:00,261,2,Segment 2
14777,2,-9,-17.45,2,2,2010-12-16 15:27:00,2011-12-05 13:20:00,353,0,Segment 0
14778,2,306,730.86,34,2,2011-02-04 11:43:00,2011-08-04 15:23:00,181,2,Segment 2
14779,3,84,386.15,40,3,2011-01-20 12:04:00,2011-03-04 12:42:00,43,2,Segment 2
14780,2,310,447.68,26,2,2011-09-21 15:15:00,2011-10-16 12:46:00,24,0,Segment 0
14782,1,114,200.1,6,1,2011-01-24 11:12:00,2011-01-24 11:12:00,0,0,Segment 0
14784,2,237,289.99,15,2,2011-01-20 09:25:00,2011-11-13 13:30:00,297,0,Segment 0
14785,2,84,77.4,2,2,2011-11-24 13:40:00,2011-11-29 13:21:00,4,0,Segment 0
14788,2,421,679.4399999999999,26,2,2011-11-13 15:52:00,2011-12-02 17:06:00,19,0,Segment 0
14789,1,116,197.64,6,1,2011-11-11 08:59:00,2011-11-11 08:59:00,0,0,Segment 0
14790,4,699,745.06,30,4,2011-03-31 11:49:00,2011-11-23 09:28:00,236,0,Segment 0
14792,2,0,0.0,2,2,2011-10-06 18:34:00,2011-10-07 09:19:00,0,0,Segment 0
14793,2,88,214.14,14,2,2011-11-18 14:50:00,2011-12-05 16:25:00,17,0,Segment 0
14794,9,669,1272.11,68,9,2011-01-09 16:11:00,2011-12-07 10:11:00,331,2,Segment 2
14795,1,17,131.45000000000002,6,1,2011-06-26 13:04:00,2011-06-26 13:04:00,0,0,Segment 0
14796,27,5912,7792.51,403,17,2010-12-08 09:55:00,2011-12-08 15:31:00,365,2,Segment 2
14798,3,150,173.74,11,3,2011-02-02 15:26:00,2011-10-18 10:58:00,257,0,Segment 0
14799,1,146,157.7,13,1,2011-10-19 16:16:00,2011-10-19 16:16:00,0,0,Segment 0
14800,16,3623,4228.39,248,12,2010-12-05 11:10:00,2011-10-23 12:46:00,322,2,Segment 2
14801,1,173,189.34,56,1,2011-10-09 15:24:00,2011-10-09 15:24:00,0,2,Segment 2
14803,3,370,845.55,35,3,2011-02-20 13:21:00,2011-06-30 13:58:00,130,2,Segment 2
14804,1,121,353.27,12,1,2011-12-01 11:20:00,2011-12-01 11:20:00,0,0,Segment 0
14805,4,114,546.4,30,4,2011-01-30 10:43:00,2011-11-24 16:20:00,298,0,Segment 0
14806,1,330,193.39,11,1,2011-09-25 15:32:00,2011-09-25 15:32:00,0,0,Segment 0
14808,15,2027,2152.8,179,7,2011-06-20 12:53:00,2011-10-31 12:21:00,132,2,Segment 2
14810,11,1015,2085.33,106,11,2010-12-05 12:08:00,2011-10-30 11:19:00,328,2,Segment 2
14813,2,66,152.88,25,1,2010-12-05 11:54:00,2010-12-05 11:57:00,0,0,Segment 0
14815,2,744,778.5,53,2,2011-10-03 11:36:00,2011-11-03 11:36:00,31,2,Segment 2
14816,1,5,271.85,4,1,2011-05-26 13:16:00,2011-05-26 13:16:00,0,0,Segment 0
14817,2,655,1110.34,52,2,2011-03-07 13:51:00,2011-05-23 13:35:00,76,2,Segment 2
14818,3,324,657.8,41,3,2011-03-31 12:28:00,2011-09-27 11:01:00,179,2,Segment 2
14819,2,109,272.07,13,2,2011-05-31 13:50:00,2011-10-06 13:41:00,127,0,Segment 0
14820,4,253,507.29,24,4,2011-06-19 14:56:00,2011-11-18 15:41:00,152,0,Segment 0
14821,1,20,48.8,2,1,2010-12-08 08:43:00,2010-12-08 08:43:00,0,0,Segment 0
14823,3,88,321.43,56,2,2011-05-29 12:48:00,2011-06-12 13:12:00,14,2,Segment 2
14824,4,525,1127.71,19,4,2011-09-09 14:12:00,2011-11-29 14:20:00,81,0,Segment 0
14825,12,989,2221.01,82,12,2010-12-06 12:30:00,2011-12-06 11:38:00,364,2,Segment 2
14828,3,2172,2139.76,17,3,2011-01-07 09:50:00,2011-05-27 10:16:00,140,0,Segment 0
14829,6,414,644.65,40,5,2010-12-02 16:12:00,2011-11-10 16:16:00,343,2,Segment 2
14830,1,164,188.88,39,1,2011-10-17 14:29:00,2011-10-17 14:29:00,0,2,Segment 2
14834,8,731,1698.35,43,8,2011-04-13 15:00:00,2011-11-22 10:30:00,222,2,Segment 2
14836,3,45,102.45,5,3,2011-11-09 13:26:00,2011-11-29 16:45:00,20,0,Segment 0
14837,5,1430,1641.2,96,5,2011-05-22 12:49:00,2011-09-11 10:58:00,111,2,Segment 2
14840,1,31,62.85,4,1,2011-03-17 12:00:00,2011-03-17 12:00:00,0,0,Segment 0
14841,6,1778,3295.76,103,6,2010-12-16 10:28:00,2011-10-17 15:03:00,305,2,Segment 2
14842,8,1146,2456.8,128,8,2011-02-04 15:32:00,2011-11-04 13:09:00,272,2,Segment 2
14844,4,1833,3189.81,87,4,2011-04-12 13:10:00,2011-10-07 10:41:00,177,2,Segment 2
14847,1,120,309.4,13,1,2011-07-14 10:52:00,2011-07-14 10:52:00,0,0,Segment 0
14849,28,5656,7904.28,159,16,2010-12-01 12:22:00,2011-11-18 10:58:00,351,2,Segment 2
14850,2,285,278.15,22,2,2010-12-07 08:42:00,2011-02-01 11:21:00,56,0,Segment 0
14851,2,325,511.35,28,2,2011-03-28 14:59:00,2011-11-16 14:20:00,232,0,Segment 0
14852,6,1747,2836.69,96,5,2011-04-01 13:22:00,2011-10-12 13:20:00,193,2,Segment 2
14853,3,81,463.05,8,3,2011-05-12 15:17:00,2011-12-01 09:44:00,202,0,Segment 0
14854,8,1810,2730.09,110,7,2011-03-10 12:22:00,2011-09-22 17:00:00,196,2,Segment 2
14855,2,267,645.65,13,2,2011-07-28 12:06:00,2011-08-12 14:02:00,15,0,Segment 0
14856,3,711,1290.53,65,2,2011-10-14 09:35:00,2011-11-03 14:53:00,20,2,Segment 2
14857,3,455,1165.65,58,3,2011-07-14 15:03:00,2011-10-11 09:23:00,88,2,Segment 2
14859,5,669,1352.04,47,4,2011-05-19 14:42:00,2011-11-27 11:18:00,191,2,Segment 2
14860,2,230,168.62,11,2,2011-11-20 14:17:00,2011-12-01 09:44:00,10,0,Segment 0
14861,1,117,125.79,6,1,2011-10-18 12:54:00,2011-10-18 12:54:00,0,0,Segment 0
14862,2,772,841.1999999999999,47,2,2011-07-14 11:20:00,2011-11-14 10:01:00,122,2,Segment 2
14863,1,132,266.76,11,1,2011-11-10 15:04:00,2011-11-10 15:04:00,0,0,Segment 0
14865,2,108,52.2,4,2,2010-12-02 18:23:00,2011-12-02 16:25:00,364,0,Segment 0
14866,13,6569,14197.45,30,12,2010-12-08 14:58:00,2011-11-29 11:45:00,355,2,Segment 2
14867,4,327,701.33,32,4,2010-12-06 11:47:00,2011-06-07 11:39:00,182,0,Segment 0
14868,9,1399,2939.64,96,8,2011-04-20 13:36:00,2011-12-06 14:49:00,230,2,Segment 2
14869,3,548,717.7,66,3,2011-08-28 16:09:00,2011-12-06 10:55:00,99,2,Segment 2
14870,1,119,327.25,13,1,2011-03-23 10:51:00,2011-03-23 10:51:00,0,0,Segment 0
14871,4,179,501.28,68,4,2010-12-14 12:18:00,2011-12-06 13:42:00,357,2,Segment 2
14873,1,168,519.68,28,1,2011-05-13 13:52:00,2011-05-13 13:52:00,0,0,Segment 0
14875,5,554,1448.72,47,5,2011-03-22 11:53:00,2011-11-30 14:41:00,253,2,Segment 2
14878,9,799,1476.09,62,9,2010-12-16 12:11:00,2011-11-27 11:15:00,345,2,Segment 2
14880,3,365,690.59,45,3,2011-02-24 12:27:00,2011-09-23 13:42:00,211,2,Segment 2
14881,1,316,255.4,17,1,2011-11-20 11:06:00,2011-11-20 11:06:00,0,0,Segment 0
14882,2,158,589.7,6,2,2011-11-06 10:15:00,2011-11-13 12:47:00,7,0,Segment 0
14883,7,789,756.64,39,6,2011-05-12 09:49:00,2011-11-21 10:23:00,193,2,Segment 2
14885,1,724,765.3199999999999,15,1,2011-07-31 12:05:00,2011-07-31 12:05:00,0,0,Segment 0
14886,1,160,364.8,18,1,2011-04-01 08:56:00,2011-04-01 08:56:00,0,0,Segment 0
14887,1,1100,1862.0,6,1,2011-09-21 15:32:00,2011-09-21 15:32:00,0,0,Segment 0
14888,1,184,369.2,20,1,2011-05-16 14:58:00,2011-05-16 14:58:00,0,0,Segment 0
14889,1,90,135.9,10,1,2011-01-07 15:19:00,2011-01-07 15:19:00,0,0,Segment 0
14890,1,51,125.65,7,1,2011-03-31 11:57:00,2011-03-31 11:57:00,0,0,Segment 0
14891,2,505,554.38,30,2,2011-06-05 10:58:00,2011-07-14 18:08:00,39,0,Segment 0
14893,2,799,1237.85,72,2,2011-11-28 10:49:00,2011-11-30 12:31:00,2,2,Segment 2
14894,1,265,655.75,23,1,2011-09-15 13:51:00,2011-09-15 13:51:00,0,0,Segment 0
14895,24,4823,11020.26,275,15,2011-01-21 09:26:00,2011-12-02 09:23:00,314,2,Segment 2
14896,2,279,468.77,43,2,2010-12-09 12:24:00,2011-05-19 10:20:00,160,2,Segment 2
14897,4,468,1366.38,43,4,2011-02-16 08:37:00,2011-12-02 10:32:00,289,2,Segment 2
14898,8,989,1194.11,87,8,2010-12-03 15:25:00,2011-11-16 14:54:00,347,2,Segment 2
14901,10,659,1414.99,73,9,2010-12-02 11:20:00,2011-11-28 17:09:00,361,2,Segment 2
14902,2,209,314.11,20,2,2011-11-14 10:34:00,2011-11-18 17:09:00,4,0,Segment 0
14903,10,1486,2729.18,227,10,2011-03-06 11:50:00,2011-11-18 16:07:00,257,2,Segment 2
14904,2,1985,1025.44,66,2,2011-11-14 09:13:00,2011-12-07 12:55:00,23,2,Segment 2
14905,3,274,599.9,14,3,2011-04-20 10:48:00,2011-07-08 13:36:00,79,0,Segment 0
14907,10,1686,3478.85,125,8,2010-12-07 10:14:00,2011-12-06 14:14:00,364,2,Segment 2
14908,1,132,277.8,9,1,2011-09-26 12:56:00,2011-09-26 12:56:00,0,0,Segment 0
14910,7,221,389.86,25,5,2011-10-16 11:06:00,2011-12-07 10:06:00,51,0,Segment 0
14911,248,77155,132458.73,1794,146,2010-12-01 14:05:00,2011-12-08 15:54:00,372,1,Segment 1
14912,3,970,841.52,22,2,2011-04-07 11:06:00,2011-11-23 12:29:00,230,0,Segment 0
14913,4,1743,1227.43,76,4,2010-12-15 14:35:00,2011-11-04 08:29:00,323,2,Segment 2
14915,3,105,258.83,12,3,2011-03-07 09:39:00,2011-09-15 10:27:00,192,0,Segment 0
14916,5,1132,1264.84,72,5,2011-01-19 15:30:00,2011-09-30 09:20:00,253,2,Segment 2
14918,2,675,1610.15,39,2,2011-07-08 12:50:00,2011-08-16 11:50:00,38,2,Segment 2
14920,2,509,977.77,57,1,2011-05-11 10:31:00,2011-05-11 10:32:00,0,2,Segment 2
14921,2,953,1316.07,78,2,2011-05-22 12:51:00,2011-11-09 13:17:00,171,2,Segment 2
14923,1,418,749.1,44,1,2011-10-20 11:51:00,2011-10-20 11:51:00,0,2,Segment 2
14924,1,64,310.05,10,1,2011-04-08 09:25:00,2011-04-08 09:25:00,0,0,Segment 0
14929,1,136,223.88,11,1,2011-11-07 17:21:00,2011-11-07 17:21:00,0,0,Segment 0
14930,3,1160,2362.96,116,2,2011-03-10 14:42:00,2011-08-23 10:31:00,165,2,Segment 2
14931,6,416,964.68,30,5,2011-04-13 09:32:00,2011-12-05 10:19:00,236,0,Segment 0
14932,1,80,363.53,17,1,2010-12-09 11:48:00,2010-12-09 11:48:00,0,0,Segment 0
14934,3,1041,1888.84,68,3,2011-03-02 11:48:00,2011-09-28 09:45:00,209,2,Segment 2
14935,1,935,1784.71,10,1,2011-02-15 14:44:00,2011-02-15 14:44:00,0,0,Segment 0
14936,9,4083,8117.42,210,6,2011-03-09 11:53:00,2011-11-30 15:07:00,266,2,Segment 2
14937,4,483,1617.63,33,3,2011-08-01 14:16:00,2011-10-14 12:29:00,73,2,Segment 2
14944,14,2801,5842.95,101,9,2010-12-22 13:13:00,2011-11-10 09:10:00,322,2,Segment 2
14946,1,22,100.9,3,1,2011-11-25 13:33:00,2011-11-25 13:33:00,0,0,Segment 0
14947,2,179,290.82,14,2,2011-08-01 09:31:00,2011-09-28 15:48:00,58,0,Segment 0
14948,7,661,1066.57,56,7,2011-05-04 14:52:00,2011-11-16 17:16:00,196,2,Segment 2
14950,2,135,361.25,19,2,2011-11-20 13:48:00,2011-12-01 09:42:00,10,0,Segment 0
14951,1,311,311.69,20,1,2011-09-21 15:15:00,2011-09-21 15:15:00,0,0,Segment 0
14952,15,3295,7912.79,119,12,2010-12-08 11:33:00,2011-10-24 13:50:00,320,2,Segment 2
14953,1,224,285.67,54,1,2011-11-14 14:59:00,2011-11-14 14:59:00,0,2,Segment 2
14954,1,117,294.85,75,1,2011-11-27 14:30:00,2011-11-27 14:30:00,0,2,Segment 2
14957,1,34,58.49,12,1,2011-03-31 17:59:00,2011-03-31 17:59:00,0,0,Segment 0
14958,3,128,483.73,33,3,2011-04-08 11:28:00,2011-07-15 14:20:00,98,2,Segment 2
14959,5,491,684.97,37,5,2011-02-16 13:00:00,2011-10-11 16:28:00,237,2,Segment 2
14960,2,221,221.27,23,2,2011-06-21 13:38:00,2011-12-01 12:54:00,162,0,Segment 0
14961,12,3692,7006.58,193,11,2010-12-14 11:38:00,2011-11-29 09:42:00,349,2,Segment 2
14962,1,44,126.7,5,1,2011-03-14 09:42:00,2011-03-14 09:42:00,0,0,Segment 0
14963,5,1159,1472.34,149,5,2011-06-09 12:30:00,2011-11-30 12:16:00,173,2,Segment 2
14964,1,143,206.21,13,1,2011-04-06 14:13:00,2011-04-06 14:13:00,0,0,Segment 0
14965,2,363,596.09,80,1,2011-09-04 13:15:00,2011-09-04 13:20:00,0,2,Segment 2
14966,1,179,183.02,35,1,2011-11-25 12:20:00,2011-11-25 12:20:00,0,2,Segment 2
14967,1,140,463.8,6,1,2011-10-21 11:06:00,2011-10-21 11:06:00,0,0,Segment 0
14968,1,127,147.59,37,1,2011-11-09 13:58:00,2011-11-09 13:58:00,0,2,Segment 2
14970,4,250,1592.06,24,4,2011-01-27 12:23:00,2011-10-02 13:44:00,248,0,Segment 0
14971,3,639,1097.98,144,2,2011-10-27 13:33:00,2011-11-04 17:07:00,8,2,Segment 2
14972,1,28,114.77,18,1,2011-08-03 14:54:00,2011-08-03 14:54:00,0,0,Segment 0
14973,3,369,1314.45,29,3,2011-04-28 12:22:00,2011-08-24 15:51:00,118,0,Segment 0
14974,1,37,89.94,17,1,2011-11-02 13:01:00,2011-11-02 13:01:00,0,0,Segment 0
14975,1,380,279.94,11,1,2011-10-13 14:08:00,2011-10-13 14:08:00,0,0,Segment 0
14976,8,230,765.86,47,5,2011-01-17 11:09:00,2011-10-13 16:37:00,269,2,Segment 2
14978,5,523,1921.37,136,5,2011-01-13 12:03:00,2011-09-28 13:07:00,258,2,Segment 2
14981,1,97,102.12,8,1,2011-04-07 13:45:00,2011-04-07 13:45:00,0,0,Segment 0
14984,2,58,202.37,37,2,2011-06-12 11:04:00,2011-11-20 14:28:00,161,2,Segment 2
14985,2,256,292.01,78,2,2010-12-16 19:51:00,2011-05-25 14:29:00,159,2,Segment 2
14987,2,128,326.4,2,2,2010-12-09 12:13:00,2011-11-24 09:59:00,349,0,Segment 0
14988,1,141,334.54,40,1,2011-05-12 12:05:00,2011-05-12 12:05:00,0,2,Segment 2
14995,2,102,231.98,53,2,2011-03-04 13:14:00,2011-11-01 11:39:00,241,2,Segment 2
14997,4,1102,540.98,25,4,2011-06-14 16:52:00,2011-10-24 13:28:00,131,0,Segment 0
14998,2,258,414.87,70,2,2011-04-12 16:28:00,2011-06-22 17:30:00,71,2,Segment 2
15000,1,218,490.52,76,1,2011-10-23 11:42:00,2011-10-23 11:42:00,0,2,Segment 2
15002,4,862,1641.76,93,4,2010-12-07 13:16:00,2011-08-16 10:44:00,251,2,Segment 2
15004,1,623,1220.77,154,1,2011-07-15 14:05:00,2011-07-15 14:05:00,0,2,Segment 2
15005,35,4188,6160.54,368,28,2010-12-08 14:36:00,2011-11-24 12:25:00,350,2,Segment 2
15006,1,286,480.38,121,1,2011-10-19 15:08:00,2011-10-19 15:08:00,0,2,Segment 2
15007,1,69,156.91,12,1,2011-07-03 16:00:00,2011-07-03 16:00:00,0,0,Segment 0
15009,3,639,1259.43,148,3,2011-11-14 17:40:00,2011-11-27 13:35:00,12,2,Segment 2
15010,1,184,308.94,20,1,2011-11-04 12:42:00,2011-11-04 12:42:00,0,0,Segment 0
15012,2,225,405.04,110,2,2010-12-01 12:49:00,2011-10-17 12:22:00,319,2,Segment 2
15014,2,149,257.67,29,2,2011-06-16 19:40:00,2011-10-27 20:07:00,133,0,Segment 0
15016,1,76,170.04,20,1,2011-06-20 12:06:00,2011-06-20 12:06:00,0,0,Segment 0
15017,1,63,125.58,20,1,2011-11-06 10:33:00,2011-11-06 10:33:00,0,0,Segment 0
15018,4,188,456.26,30,4,2010-12-07 10:47:00,2011-11-01 12:47:00,329,0,Segment 0
15019,1,150,252.81,64,1,2011-03-18 12:35:00,2011-03-18 12:35:00,0,2,Segment 2
15021,13,801,1829.23,287,9,2010-12-07 08:57:00,2011-12-01 11:53:00,359,2,Segment 2
15022,4,527,852.39,96,3,2011-10-23 15:47:00,2011-11-28 12:35:00,35,2,Segment 2
15023,12,2819,6680.81,347,11,2010-12-05 13:49:00,2011-12-06 17:23:00,366,2,Segment 2
15024,10,902,1636.43,105,7,2010-12-07 13:20:00,2011-11-30 12:06:00,357,2,Segment 2
15025,1,184,361.96,66,1,2011-11-06 15:20:00,2011-11-06 15:20:00,0,2,Segment 2
15026,3,285,469.0,57,3,2011-03-07 13:45:00,2011-09-20 13:52:00,197,2,Segment 2
15027,6,563,1051.95,30,6,2011-04-15 14:14:00,2011-11-09 10:16:00,207,0,Segment 0
15028,4,459,627.13,35,3,2010-12-06 12:47:00,2011-12-01 14:06:00,360,2,Segment 2
15030,2,372,518.28,7,2,2011-03-16 15:34:00,2011-09-29 10:50:00,196,0,Segment 0
15031,4,400,653.19,74,4,2011-03-02 14:46:00,2011-12-05 14:19:00,277,2,Segment 2
15032,5,2668,4464.1,29,2,2010-12-08 12:57:00,2011-03-28 15:30:00,110,2,Segment 2
15033,11,1669,2541.53,315,10,2011-01-14 13:28:00,2011-12-05 12:40:00,324,2,Segment 2
15034,11,2402,4243.21,299,8,2010-12-21 09:47:00,2011-11-24 12:11:00,338,2,Segment 2
15035,1,245,252.73,26,1,2011-09-11 11:08:00,2011-09-11 11:08:00,0,0,Segment 0
15036,3,316,429.56,107,3,2011-06-13 12:19:00,2011-09-28 15:42:00,107,2,Segment 2
15038,7,182,645.84,105,7,2010-12-05 10:54:00,2011-10-27 14:42:00,326,2,Segment 2
15039,52,9113,19638.59,408,42,2010-12-06 11:26:00,2011-11-30 11:31:00,359,2,Segment 2
15041,1,103,179.93,66,1,2011-06-22 16:16:00,2011-06-22 16:16:00,0,2,Segment 2
15042,1,30,135.93,5,1,2011-05-24 16:25:00,2011-05-24 16:25:00,0,0,Segment 0
15043,1,300,537.0,3,1,2011-11-08 14:26:00,2011-11-08 14:26:00,0,0,Segment 0
15044,22,2776,7563.88,233,15,2010-12-12 14:27:00,2011-11-20 13:20:00,342,2,Segment 2
15045,3,106,633.66,11,3,2011-03-27 11:44:00,2011-07-11 11:33:00,105,0,Segment 0
15046,16,3228,4940.66,147,16,2011-01-05 15:30:00,2011-11-30 15:50:00,329,2,Segment 2
15047,1,222,343.62,22,1,2011-03-15 10:49:00,2011-03-15 10:49:00,0,0,Segment 0
15048,5,180,377.52,86,4,2010-12-06 12:15:00,2011-10-05 14:55:00,303,2,Segment 2
15049,1,63,121.17000000000002,3,1,2011-03-11 12:13:00,2011-03-11 12:13:00,0,0,Segment 0
15050,5,1176,1682.77,68,2,2011-09-29 13:22:00,2011-11-14 16:17:00,46,2,Segment 2
15051,3,1010,1383.36,130,3,2011-07-12 15:29:00,2011-11-16 15:38:00,127,2,Segment 2
15052,1,79,207.73,27,1,2011-01-24 15:52:00,2011-01-24 15:52:00,0,0,Segment 0
15053,3,984,693.95,49,3,2011-03-03 12:06:00,2011-12-05 12:08:00,277,2,Segment 2
15054,2,198,302.1,105,2,2011-10-30 14:33:00,2011-11-27 15:02:00,28,2,Segment 2
15057,2,668,1489.5,25,2,2011-01-28 09:09:00,2011-03-09 15:17:00,40,0,Segment 0
15058,11,1054,2102.54,199,8,2011-01-31 15:35:00,2011-11-14 14:57:00,286,2,Segment 2
15059,11,602,1325.82,161,7,2011-01-09 11:54:00,2011-10-30 11:35:00,293,2,Segment 2
15060,4,257,294.25,81,2,2011-11-30 14:03:00,2011-12-01 13:47:00,0,2,Segment 2
15061,55,28590,54228.74,71,33,2010-12-02 15:19:00,2011-12-06 12:06:00,368,3,Segment 3
15062,4,763,987.86,47,4,2010-12-15 15:37:00,2011-09-29 16:51:00,288,2,Segment 2
15063,1,56,370.8,5,1,2011-05-10 13:25:00,2011-05-10 13:25:00,0,0,Segment 0
15065,6,1355,3135.98,148,6,2011-02-21 12:54:00,2011-11-02 09:45:00,253,2,Segment 2
15066,2,279,760.59,42,2,2011-10-17 13:25:00,2011-11-08 09:56:00,21,2,Segment 2
15067,3,954,1744.76,82,2,2011-03-02 12:10:00,2011-09-22 13:20:00,204,2,Segment 2
15068,2,364,553.36,96,2,2011-03-28 14:27:00,2011-10-24 14:47:00,210,2,Segment 2
15069,1,520,1109.53,70,1,2011-06-13 14:16:00,2011-06-13 14:16:00,0,2,Segment 2
15070,1,36,106.2,1,1,2010-12-02 11:23:00,2010-12-02 11:23:00,0,0,Segment 0
15071,2,269,982.07,25,2,2011-03-09 10:19:00,2011-09-07 11:43:00,182,0,Segment 0
15073,4,277,612.43,31,3,2011-06-06 09:59:00,2011-11-30 10:44:00,177,0,Segment 0
15074,1,431,735.67,41,1,2011-08-26 14:45:00,2011-08-26 14:45:00,0,2,Segment 2
15075,1,447,773.03,27,1,2011-09-23 12:27:00,2011-09-23 12:27:00,0,0,Segment 0
15076,1,571,880.85,49,1,2011-06-20 08:23:00,2011-06-20 08:23:00,0,2,Segment 2
15078,38,5069,9623.35,98,26,2010-12-06 12:38:00,2011-12-02 15:41:00,361,2,Segment 2
15079,5,388,893.66,47,4,2010-12-09 09:25:00,2011-05-11 12:45:00,153,2,Segment 2
15081,6,188,487.35,26,6,2010-12-07 16:20:00,2011-11-17 17:08:00,345,0,Segment 0
15083,1,38,88.2,5,1,2011-03-28 12:18:00,2011-03-28 12:18:00,0,0,Segment 0
15087,1,470,306.94,15,1,2011-03-03 10:34:00,2011-03-03 10:34:00,0,0,Segment 0
15088,3,457,1140.27,53,3,2011-10-03 14:05:00,2011-11-18 13:14:00,45,2,Segment 2
15089,6,1359,2420.84,139,6,2011-08-03 14:14:00,2011-11-29 16:31:00,118,2,Segment 2
15090,1,208,381.32,23,1,2011-02-04 14:03:00,2011-02-04 14:03:00,0,0,Segment 0
15091,2,343,476.96,30,2,2011-10-03 12:47:00,2011-10-17 10:47:00,13,0,Segment 0
15092,2,135,457.81,23,2,2011-03-01 12:24:00,2011-05-08 14:10:00,68,0,Segment 0
15093,9,3733,4410.14,52,9,2010-12-02 18:25:00,2011-11-21 13:09:00,353,2,Segment 2
15095,5,1077,1364.7,30,4,2011-05-20 14:27:00,2011-08-28 12:01:00,99,0,Segment 0
15096,1,120,219.39,11,1,2011-10-28 10:27:00,2011-10-28 10:27:00,0,0,Segment 0
15097,1,170,248.08,25,1,2011-12-05 14:03:00,2011-12-05 14:03:00,0,0,Segment 0
15098,5,60,649.5,2,1,2011-06-10 15:22:00,2011-06-10 15:39:00,0,0,Segment 0
15099,1,343,410.48,23,1,2011-09-16 13:13:00,2011-09-16 13:13:00,0,0,Segment 0
15100,6,58,635.1,1,6,2010-12-01 09:09:00,2011-01-13 17:09:00,43,0,Segment 0
15101,3,239,310.03,8,3,2010-12-15 12:54:00,2011-12-01 10:18:00,350,0,Segment 0
15103,2,329,703.36,35,2,2011-09-14 13:54:00,2011-11-08 14:53:00,55,2,Segment 2
15104,3,633,968.64,66,3,2011-03-02 14:16:00,2011-06-26 11:35:00,115,2,Segment 2
15105,7,1211,2298.93,90,5,2011-07-28 10:09:00,2011-11-21 16:54:00,116,2,Segment 2
15106,7,1144,1407.73,90,7,2011-03-15 12:52:00,2011-11-22 09:16:00,251,2,Segment 2
15107,8,162,247.66,13,7,2010-12-02 13:45:00,2011-02-01 14:46:00,61,0,Segment 0
15108,5,497,1291.75,50,5,2011-04-26 10:54:00,2011-07-21 10:24:00,85,2,Segment 2
15109,2,127,463.75,28,2,2011-04-08 09:58:00,2011-04-13 09:53:00,4,0,Segment 0
15110,7,241,973.2,17,7,2011-01-25 11:41:00,2011-11-16 11:16:00,294,0,Segment 0
15111,3,710,1567.48,70,3,2010-12-02 11:45:00,2011-11-10 16:58:00,343,2,Segment 2
15113,4,2320,3339.51,77,3,2011-10-16 15:27:00,2011-11-30 08:23:00,44,2,Segment 2
15114,10,3096,2760.56,136,10,2011-02-11 08:45:00,2011-11-09 15:05:00,271,2,Segment 2
15115,1,157,340.11,21,1,2011-11-21 14:59:00,2011-11-21 14:59:00,0,0,Segment 0
15116,4,648,1352.75,37,4,2011-05-19 08:50:00,2011-11-22 12:25:00,187,2,Segment 2
15117,6,1947,1550.13,63,5,2011-05-08 12:38:00,2011-11-25 08:12:00,200,2,Segment 2
15118,1,1440,244.8,1,1,2011-07-28 14:54:00,2011-07-28 14:54:00,0,0,Segment 0
15119,1,88,266.4,14,1,2011-04-08 09:08:00,2011-04-08 09:08:00,0,0,Segment 0
15120,2,292,343.82,21,2,2011-07-29 09:48:00,2011-08-02 10:05:00,4,0,Segment 0
15121,2,199,457.72,28,2,2011-02-24 12:41:00,2011-10-20 14:51:00,238,0,Segment 0
15122,6,788,1612.13,65,6,2011-02-15 09:59:00,2011-09-15 16:27:00,212,2,Segment 2
15123,2,1195,2199.31,93,2,2011-05-17 14:57:00,2011-12-02 13:12:00,198,2,Segment 2
15124,2,233,184.19,14,2,2011-06-01 09:06:00,2011-11-17 10:09:00,169,0,Segment 0
15125,23,5991,11117.05,102,18,2011-03-14 09:59:00,2011-11-14 13:57:00,245,2,Segment 2
15127,1,251,406.53,16,1,2011-10-05 10:30:00,2011-10-05 10:30:00,0,0,Segment 0
15128,8,1326,1419.54,76,8,2011-05-04 12:32:00,2011-10-10 13:54:00,159,2,Segment 2
15129,11,1794,3447.4,54,10,2011-02-21 09:09:00,2011-10-20 14:40:00,241,2,Segment 2
15130,1,197,330.11,22,1,2011-06-23 10:15:00,2011-06-23 10:15:00,0,0,Segment 0
15132,5,679,977.93,49,5,2011-03-22 12:02:00,2011-11-21 17:10:00,244,2,Segment 2
15133,3,680,982.42,27,3,2011-02-11 10:38:00,2011-08-04 10:44:00,174,0,Segment 0
15134,8,887,1387.99,44,8,2011-04-13 11:05:00,2011-11-25 08:55:00,225,2,Segment 2
15135,2,41,127.15,9,2,2011-04-14 19:16:00,2011-04-20 15:58:00,5,0,Segment 0
15136,5,775,1282.45,61,4,2011-09-04 16:05:00,2011-12-07 12:26:00,93,2,Segment 2
15139,2,208,178.96,13,2,2011-01-07 12:44:00,2011-04-14 11:39:00,96,0,Segment 0
15140,8,1567,2350.0,74,7,2011-03-20 14:37:00,2011-10-18 14:07:00,211,2,Segment 2
15142,1,365,498.74,26,1,2011-10-24 12:51:00,2011-10-24 12:51:00,0,0,Segment 0
15143,1,150,259.45,14,1,2011-04-28 12:03:00,2011-04-28 12:03:00,0,0,Segment 0
15144,18,3026,6530.04,132,14,2011-01-31 13:17:00,2011-12-01 15:12:00,304,2,Segment 2
15145,4,756,1194.73,54,4,2011-04-05 15:20:00,2011-12-05 17:21:00,244,2,Segment 2
15146,3,1459,1313.66,90,3,2011-02-21 13:07:00,2011-06-28 12:09:00,126,2,Segment 2
15147,2,363,608.65,28,2,2011-04-13 15:57:00,2011-05-05 11:20:00,21,0,Segment 0
15148,1,187,301.29,20,1,2011-11-29 08:21:00,2011-11-29 08:21:00,0,0,Segment 0
15149,1,128,520.8000000000001,23,1,2011-07-29 10:58:00,2011-07-29 10:58:00,0,0,Segment 0
15150,11,3617,5280.83,282,11,2011-03-15 14:21:00,2011-11-22 12:52:00,251,2,Segment 2
15152,16,2694,4684.24,196,15,2011-06-05 15:36:00,2011-11-30 12:32:00,177,2,Segment 2
15153,1,198,329.25,22,1,2011-11-08 17:09:00,2011-11-08 17:09:00,0,0,Segment 0
15154,2,85,224.73,66,2,2011-09-25 16:05:00,2011-09-26 16:43:00,1,2,Segment 2
15156,3,597,961.49,51,3,2011-11-06 12:41:00,2011-12-08 18:22:00,32,2,Segment 2
15157,5,2242,1869.5,126,5,2010-12-16 13:44:00,2011-12-06 11:28:00,354,2,Segment 2
15158,1,198,401.4,7,1,2011-10-25 13:53:00,2011-10-25 13:53:00,0,0,Segment 0
15159,34,11394,18573.68,363,23,2010-12-13 15:44:00,2011-12-08 12:05:00,359,2,Segment 2
15160,1,84,158.16,4,1,2010-12-17 14:15:00,2010-12-17 14:15:00,0,0,Segment 0
15163,2,186,304.47,29,2,2011-05-31 15:22:00,2011-11-21 13:10:00,173,0,Segment 0
15164,3,351,824.58,79,3,2011-01-04 14:21:00,2011-10-02 12:05:00,270,2,Segment 2
15165,1,160,487.75,27,1,2010-12-01 14:03:00,2010-12-01 14:03:00,0,0,Segment 0
15167,1,65,158.8,39,1,2011-01-23 12:41:00,2011-01-23 12:41:00,0,2,Segment 2
15168,1,52,106.56,5,1,2011-11-14 11:26:00,2011-11-14 11:26:00,0,0,Segment 0
15171,2,190,1034.5,5,2,2011-01-12 15:36:00,2011-01-19 12:39:00,6,0,Segment 0
15172,5,1611,1624.05,106,5,2011-04-17 11:56:00,2011-12-01 11:51:00,227,2,Segment 2
15174,1,145,135.75,11,1,2011-01-21 09:06:00,2011-01-21 09:06:00,0,0,Segment 0
15175,1,454,224.14,23,1,2011-09-29 11:31:00,2011-09-29 11:31:00,0,0,Segment 0
15178,1,30,40.5,3,1,2011-03-24 15:12:00,2011-03-24 15:12:00,0,0,Segment 0
15179,7,1907,2186.2,91,7,2010-12-10 17:05:00,2011-11-21 12:53:00,345,2,Segment 2
15180,1,36,87.5,6,1,2010-12-07 14:57:00,2010-12-07 14:57:00,0,0,Segment 0
15181,5,542,680.28,13,5,2010-12-09 13:28:00,2011-10-04 13:58:00,299,0,Segment 0
15182,2,253,622.85,24,2,2011-03-16 12:42:00,2011-07-08 13:37:00,114,0,Segment 0
15184,2,199,402.2,59,2,2011-06-02 12:06:00,2011-11-10 13:41:00,161,2,Segment 2
15185,1,666,310.62,21,1,2011-09-30 14:06:00,2011-09-30 14:06:00,0,0,Segment 0
15186,2,215,411.41,17,2,2011-06-24 14:54:00,2011-11-25 14:58:00,154,0,Segment 0
15187,18,1869,4670.08,61,16,2011-05-11 13:49:00,2011-12-08 11:56:00,210,2,Segment 2
15189,53,6035,15802.14,80,46,2011-01-11 12:29:00,2011-12-08 13:22:00,331,2,Segment 2
15192,3,918,1044.32,36,3,2010-12-09 14:56:00,2011-08-12 11:41:00,245,2,Segment 2
15193,1,144,499.32,19,1,2011-10-10 08:23:00,2011-10-10 08:23:00,0,0,Segment 0
15194,22,5648,7521.17,209,22,2010-12-06 15:00:00,2011-12-06 15:10:00,365,2,Segment 2
15195,1,1404,3861.0,1,1,2011-12-07 12:20:00,2011-12-07 12:20:00,0,0,Segment 0
15197,5,453,656.44,30,5,2010-12-16 18:01:00,2011-12-01 08:14:00,349,0,Segment 0
15198,2,120,193.64,10,2,2011-08-07 15:16:00,2011-09-08 14:42:00,31,0,Segment 0
15199,4,396,1268.7,5,4,2011-02-04 14:04:00,2011-10-11 15:12:00,249,0,Segment 0
15201,11,962,927.84,38,10,2011-04-06 14:02:00,2011-09-22 09:53:00,168,2,Segment 2
15203,6,1753,1827.8,82,6,2011-02-01 12:29:00,2011-11-14 08:16:00,285,2,Segment 2
15204,1,258,316.58,9,1,2010-12-17 13:49:00,2010-12-17 13:49:00,0,0,Segment 0
15205,3,377,648.8299999999999,38,3,2011-08-04 16:07:00,2011-09-15 19:36:00,42,2,Segment 2
15206,4,162,420.3,3,4,2011-03-09 08:59:00,2011-11-29 13:41:00,265,0,Segment 0
15208,6,314,867.62,25,6,2010-12-21 13:03:00,2011-12-08 17:24:00,352,0,Segment 0
15210,1,228,331.18,20,1,2011-04-28 16:11:00,2011-04-28 16:11:00,0,0,Segment 0
15211,2,240,894.4100000000001,52,2,2010-12-09 16:08:00,2011-10-10 13:31:00,304,2,Segment 2
15212,2,33,88.94999999999999,5,2,2011-04-12 13:45:00,2011-04-14 13:12:00,1,0,Segment 0
15213,3,270,325.05,22,2,2011-01-14 11:05:00,2011-01-25 12:25:00,11,0,Segment 0
15214,8,1254,1661.44,109,8,2011-04-11 09:46:00,2011-12-08 12:07:00,241,2,Segment 2
15215,6,211,615.99,35,5,2011-01-26 17:25:00,2011-10-26 12:28:00,272,2,Segment 2
15216,1,28,96.6,2,1,2011-09-13 11:41:00,2011-09-13 11:41:00,0,0,Segment 0
15218,11,3329,5756.89,77,9,2011-01-25 11:20:00,2011-11-29 11:48:00,308,2,Segment 2
15219,1,45,305.75,9,1,2011-06-16 16:57:00,2011-06-16 16:57:00,0,0,Segment 0
15220,7,1377,1758.92,110,7,2011-03-04 10:24:00,2011-10-19 12:39:00,229,2,Segment 2
15221,2,25,114.1,9,2,2010-12-05 12:29:00,2010-12-08 13:08:00,3,0,Segment 0
15222,1,440,585.0,5,1,2011-01-25 08:03:00,2011-01-25 08:03:00,0,0,Segment 0
15223,3,98,454.9,14,2,2011-04-04 12:17:00,2011-04-28 11:31:00,23,0,Segment 0
15224,3,150,310.48,13,2,2010-12-12 11:23:00,2010-12-16 15:02:00,4,0,Segment 0
15225,1,226,409.4,23,1,2011-04-19 14:51:00,2011-04-19 14:51:00,0,0,Segment 0
15226,1,71,154.41,8,1,2011-02-02 11:41:00,2011-02-02 11:41:00,0,0,Segment 0
15227,5,750,1219.4,43,4,2011-01-26 15:31:00,2011-11-03 11:59:00,280,2,Segment 2
15228,5,2252,3376.96,110,5,2011-02-18 09:04:00,2011-10-04 13:56:00,228,2,Segment 2
15230,2,351,429.6,23,2,2011-04-13 11:04:00,2011-04-14 14:39:00,1,0,Segment 0
15232,2,686,612.06,26,2,2011-07-22 12:21:00,2011-08-18 16:27:00,27,0,Segment 0
15234,1,196,197.0,14,1,2011-03-08 08:53:00,2011-03-08 08:53:00,0,0,Segment 0
15235,12,1324,2247.51,132,10,2010-12-01 17:22:00,2011-05-06 09:44:00,155,2,Segment 2
15236,1,269,321.05,15,1,2011-02-14 10:52:00,2011-02-14 10:52:00,0,0,Segment 0
15237,4,1071,1412.32,94,4,2011-04-26 15:04:00,2011-12-08 09:46:00,225,2,Segment 2
15238,5,689,1056.54,49,5,2011-06-08 16:00:00,2011-11-10 14:28:00,154,2,Segment 2
15239,3,591,764.34,48,3,2011-09-22 09:53:00,2011-11-29 14:14:00,68,2,Segment 2
15240,7,1361,1685.57,61,7,2010-12-03 10:09:00,2011-10-26 09:50:00,326,2,Segment 2
15241,9,1815,1738.59,82,9,2011-03-01 11:02:00,2011-10-04 09:05:00,216,2,Segment 2
15243,1,185,316.68,22,1,2011-09-26 14:12:00,2011-09-26 14:12:00,0,0,Segment 0
15244,2,405,631.57,31,2,2011-04-05 15:12:00,2011-10-05 13:19:00,182,0,Segment 0
15245,3,1784,2515.84,55,3,2011-03-23 13:42:00,2011-07-28 18:56:00,127,2,Segment 2
15246,2,247,514.15,32,2,2010-12-16 09:46:00,2011-04-15 14:45:00,120,0,Segment 0
15247,1,160,356.0,6,1,2011-08-09 12:52:00,2011-08-09 12:52:00,0,0,Segment 0
15249,15,3557,6657.36,211,14,2011-03-28 12:49:00,2011-11-08 11:45:00,224,2,Segment 2
15251,15,6084,10327.11,97,14,2011-04-12 10:38:00,2011-11-30 15:02:00,232,2,Segment 2
15252,2,522,740.78,44,2,2011-06-09 14:15:00,2011-11-03 13:30:00,146,2,Segment 2
15253,6,864,915.3,52,4,2011-06-23 12:19:00,2011-11-23 16:22:00,153,2,Segment 2
15254,1,275,300.36,18,1,2011-08-04 15:04:00,2011-08-04 15:04:00,0,0,Segment 0
15255,1,489,890.85,47,1,2011-10-04 12:43:00,2011-10-04 12:43:00,0,2,Segment 2
15256,1,55,98.45,6,1,2011-07-14 11:47:00,2011-07-14 11:47:00,0,0,Segment 0
15257,2,45,232.15,7,2,2011-03-01 12:58:00,2011-03-03 13:57:00,2,0,Segment 0
15258,2,142,623.16,32,2,2011-05-06 14:16:00,2011-06-24 12:30:00,48,0,Segment 0
15260,8,861,1780.77,62,7,2010-12-02 12:09:00,2011-08-31 13:55:00,272,2,Segment 2
15261,1,270,254.82,19,1,2011-07-27 15:20:00,2011-07-27 15:20:00,0,0,Segment 0
15262,1,73,178.95000000000002,10,1,2011-01-20 12:16:00,2011-01-20 12:16:00,0,0,Segment 0
15263,1,89,156.51,12,1,2011-08-25 10:26:00,2011-08-25 10:26:00,0,0,Segment 0
15264,1,265,393.74,23,1,2011-10-06 13:49:00,2011-10-06 13:49:00,0,0,Segment 0
15265,2,612,1506.12,76,2,2011-04-18 12:16:00,2011-07-11 14:46:00,84,2,Segment 2
15266,1,18,119.3,6,1,2011-01-05 13:40:00,2011-01-05 13:40:00,0,0,Segment 0
15267,5,944,1717.36,8,5,2011-06-10 10:24:00,2011-11-17 15:59:00,160,0,Segment 0
15269,1,26,408.8,2,1,2011-11-16 09:32:00,2011-11-16 09:32:00,0,0,Segment 0
15270,9,1459,2298.2,22,6,2011-02-02 13:25:00,2011-11-24 09:24:00,294,0,Segment 0
15271,16,1246,2472.09,184,16,2010-12-09 13:47:00,2011-12-02 14:11:00,358,2,Segment 2
15272,2,310,721.94,63,2,2011-09-14 16:36:00,2011-10-13 12:59:00,28,2,Segment 2
15274,2,619,716.57,44,2,2011-11-21 14:17:00,2011-12-05 16:57:00,14,2,Segment 2
15275,2,497,609.19,41,2,2011-11-02 11:20:00,2011-11-08 17:54:00,6,2,Segment 2
15276,1,61,128.63,49,1,2011-10-04 16:39:00,2011-10-04 16:39:00,0,2,Segment 2
15277,1,205,255.9,12,1,2011-10-24 10:08:00,2011-10-24 10:08:00,0,0,Segment 0
15279,2,185,277.41,21,2,2010-12-09 14:58:00,2010-12-20 10:48:00,10,0,Segment 0
15280,1,154,113.12,16,1,2011-06-20 17:14:00,2011-06-20 17:14:00,0,0,Segment 0
15281,12,1193,2239.9500000000003,122,12,2011-01-10 15:51:00,2011-10-12 09:10:00,274,2,Segment 2
15286,1,55,240.55,3,1,2011-10-21 11:08:00,2011-10-21 11:08:00,0,0,Segment 0
15287,3,432,485.24,17,3,2011-09-30 12:30:00,2011-11-17 15:34:00,48,0,Segment 0
15288,5,775,2306.52,80,5,2010-12-09 13:59:00,2011-10-27 16:58:00,322,2,Segment 2
15289,4,996,935.1,43,4,2011-04-04 12:44:00,2011-11-10 13:49:00,220,2,Segment 2
15290,21,4431,7803.769999999999,93,19,2010-12-15 16:03:00,2011-12-05 11:39:00,354,2,Segment 2
15291,20,2074,4596.51,63,17,2010-12-01 09:32:00,2011-11-14 11:02:00,348,2,Segment 2
15292,1,55,178.39,24,1,2011-05-22 15:00:00,2011-05-22 15:00:00,0,0,Segment 0
15296,10,1757,3610.31,137,9,2011-01-17 11:57:00,2011-10-26 16:33:00,282,2,Segment 2
15297,4,290,635.04,30,4,2011-10-07 09:42:00,2011-11-29 16:32:00,53,0,Segment 0
15298,14,2752,3774.1,115,12,2010-12-08 13:55:00,2011-12-07 17:17:00,364,2,Segment 2
15299,11,2940,3787.09,9,8,2010-12-02 16:48:00,2011-10-03 14:19:00,304,0,Segment 0
15300,1,292,496.44,28,1,2011-10-06 17:08:00,2011-10-06 17:08:00,0,0,Segment 0
15301,14,2744,5007.72,167,12,2010-12-06 12:21:00,2011-10-20 09:57:00,317,2,Segment 2
15303,1,248,574.02,31,1,2011-02-22 13:59:00,2011-02-22 13:59:00,0,0,Segment 0
15304,10,100,680.3,8,10,2010-12-06 11:42:00,2011-10-10 10:23:00,307,0,Segment 0
15306,3,810,1174.35,57,3,2011-07-14 15:22:00,2011-10-06 12:56:00,83,2,Segment 2
15307,1,37,205.3,12,1,2011-09-05 11:38:00,2011-09-05 11:38:00,0,0,Segment 0
15308,2,173,302.27,19,2,2011-03-10 13:08:00,2011-03-14 12:24:00,3,0,Segment 0
15311,118,37673,59284.19,571,91,2010-12-01 09:41:00,2011-12-09 12:00:00,373,3,Segment 3
15312,5,513,921.1,42,4,2010-12-20 11:01:00,2011-09-25 13:10:00,279,2,Segment 2
15313,1,25,52.0,1,1,2011-08-21 16:02:00,2011-08-21 16:02:00,0,0,Segment 0
15314,1,313,327.97,24,1,2011-05-24 14:39:00,2011-05-24 14:39:00,0,0,Segment 0
15315,3,838,551.54,35,3,2011-08-15 15:17:00,2011-10-06 12:51:00,51,2,Segment 2
15316,1,100,165.0,1,1,2011-01-17 11:34:00,2011-01-17 11:34:00,0,0,Segment 0
15318,1,642,312.62,33,1,2011-12-06 11:30:00,2011-12-06 11:30:00,0,2,Segment 2
15319,1,175,204.5,16,1,2011-03-01 12:48:00,2011-03-01 12:48:00,0,0,Segment 0
15320,1,326,267.13,36,1,2011-10-26 13:27:00,2011-10-26 13:27:00,0,2,Segment 2
15321,4,1164,2663.48,83,3,2011-02-21 11:10:00,2011-10-21 13:58:00,242,2,Segment 2
15322,2,365,602.97,42,2,2011-09-15 09:34:00,2011-10-06 20:38:00,21,2,Segment 2
15325,1,231,161.74,47,1,2011-08-28 11:55:00,2011-08-28 11:55:00,0,2,Segment 2
15326,1,386,311.71,29,1,2011-01-10 11:38:00,2011-01-10 11:38:00,0,0,Segment 0
15327,1,116,208.75,10,1,2011-10-18 11:55:00,2011-10-18 11:55:00,0,0,Segment 0
15329,5,476,1005.5,52,5,2010-12-09 15:43:00,2011-11-04 12:56:00,329,2,Segment 2
15330,2,1312,714.96,10,2,2011-10-10 12:30:00,2011-11-07 17:50:00,28,0,Segment 0
15332,4,652,1661.06,29,2,2010-12-05 12:00:00,2010-12-08 14:43:00,3,0,Segment 0
15333,1,344,1028.56,16,1,2011-05-15 13:27:00,2011-05-15 13:27:00,0,0,Segment 0
15334,3,273,350.82,67,3,2011-06-19 13:51:00,2011-07-06 11:22:00,16,2,Segment 2
15335,1,79,170.22,34,1,2011-10-17 12:50:00,2011-10-17 12:50:00,0,2,Segment 2
15339,3,414,557.57,79,2,2011-01-25 13:15:00,2011-10-04 12:51:00,251,2,Segment 2
15341,1,812,2020.52,17,1,2011-09-20 09:40:00,2011-09-20 09:40:00,0,0,Segment 0
15342,2,276,391.76,24,2,2011-08-02 10:19:00,2011-08-15 16:20:00,13,0,Segment 0
15343,1,84,364.5,21,1,2011-09-13 13:55:00,2011-09-13 13:55:00,0,0,Segment 0
15344,5,106,476.58,21,5,2011-09-26 14:48:00,2011-12-09 10:45:00,73,0,Segment 0
15345,2,78,367.69,20,2,2011-10-25 11:28:00,2011-11-04 13:24:00,10,0,Segment 0
15346,1,144,252.42,17,1,2011-01-11 11:18:00,2011-01-11 11:18:00,0,0,Segment 0
15347,1,130,201.6,5,1,2010-12-08 15:25:00,2010-12-08 15:25:00,0,0,Segment 0
15348,1,84,158.04,9,1,2011-09-28 13:17:00,2011-09-28 13:17:00,0,0,Segment 0
15349,2,321,463.91,65,2,2011-06-05 15:46:00,2011-07-04 16:06:00,29,2,Segment 2
15350,1,51,115.65,5,1,2010-12-01 13:33:00,2010-12-01 13:33:00,0,0,Segment 0
15351,10,721,1836.69,160,7,2010-12-05 10:48:00,2011-11-27 12:52:00,357,2,Segment 2
15353,2,341,770.12,59,2,2010-12-07 11:49:00,2011-03-30 12:15:00,113,2,Segment 2
15355,2,45,277.05,9,2,2011-10-17 15:22:00,2011-11-10 13:44:00,23,0,Segment 0
15356,10,1643,2718.03,215,10,2010-12-06 14:05:00,2011-11-08 13:11:00,336,2,Segment 2
15358,29,6928,8235.65,292,22,2010-12-09 10:04:00,2011-12-05 09:04:00,360,2,Segment 2
15360,1,223,427.93,13,1,2011-10-31 09:35:00,2011-10-31 09:35:00,0,0,Segment 0
15361,1,336,418.92,7,1,2010-12-13 09:52:00,2010-12-13 09:52:00,0,0,Segment 0
15363,2,143,318.05,16,2,2010-12-02 12:28:00,2011-04-12 15:48:00,131,0,Segment 0
15364,2,493,913.19,29,2,2011-03-30 13:39:00,2011-09-05 09:46:00,158,0,Segment 0
15365,9,758,1330.45,66,5,2011-01-28 13:08:00,2011-11-14 08:29:00,289,2,Segment 2
15366,2,621,602.51,37,2,2010-12-16 15:59:00,2011-09-25 15:01:00,282,2,Segment 2
15367,5,1055,1867.69,92,4,2011-03-09 13:53:00,2011-10-13 14:13:00,218,2,Segment 2
15368,1,230,446.94000000000005,4,1,2011-11-18 14:42:00,2011-11-18 14:42:00,0,0,Segment 0
15369,1,-1,-1592.49,1,1,2011-07-18 15:11:00,2011-07-18 15:11:00,0,0,Segment 0
15370,8,828,2360.55,65,8,2011-01-11 11:32:00,2011-10-30 10:58:00,291,2,Segment 2
15372,1,2924,2007.4,27,1,2011-07-25 16:39:00,2011-07-25 16:39:00,0,0,Segment 0
15373,13,476,2213.11,74,12,2010-12-03 14:40:00,2011-12-01 15:05:00,363,2,Segment 2
15374,1,126,168.0,3,1,2011-08-03 09:59:00,2011-08-03 09:59:00,0,0,Segment 0
15376,3,615,1221.56,100,3,2011-05-01 13:45:00,2011-10-30 15:04:00,182,2,Segment 2
15379,8,2293,3631.89,145,8,2010-12-16 13:02:00,2011-06-23 13:13:00,189,2,Segment 2
15380,6,374,1682.36,22,5,2010-12-09 15:01:00,2011-12-01 12:13:00,356,0,Segment 0
15381,2,171,596.85,8,2,2011-03-16 13:44:00,2011-05-10 11:55:00,54,0,Segment 0
15382,8,4003,5927.86,193,7,2011-02-17 12:01:00,2011-11-25 10:58:00,280,2,Segment 2
15384,3,593,635.76,35,3,2010-12-02 17:27:00,2011-06-23 10:57:00,202,2,Segment 2
15385,1,161,316.88,12,1,2011-10-30 15:11:00,2011-10-30 15:11:00,0,0,Segment 0
15386,1,446,394.14,31,1,2011-06-06 13:47:00,2011-06-06 13:47:00,0,0,Segment 0
15388,1,88,140.54,10,1,2011-03-14 13:53:00,2011-03-14 13:53:00,0,0,Segment 0
15389,1,400,500.0,1,1,2011-06-20 16:18:00,2011-06-20 16:18:00,0,0,Segment 0
15392,5,1265,1515.73,74,5,2010-12-14 15:50:00,2011-12-05 11:01:00,355,2,Segment 2
15393,2,150,231.86,10,2,2011-03-03 16:58:00,2011-11-23 16:48:00,264,0,Segment 0
15394,4,910,2183.54,54,4,2010-12-16 12:46:00,2011-11-30 11:49:00,348,2,Segment 2
15395,1,17,107.45,7,1,2011-01-18 12:40:00,2011-01-18 12:40:00,0,0,Segment 0
15396,1,122,288.18,14,1,2011-08-19 10:56:00,2011-08-19 10:56:00,0,0,Segment 0
15397,1,20,94.0,6,1,2011-02-23 09:25:00,2011-02-23 09:25:00,0,0,Segment 0
15398,3,767,1339.63,60,3,2011-09-22 14:56:00,2011-11-23 16:47:00,62,2,Segment 2
15399,3,611,815.77,45,3,2011-09-21 15:57:00,2011-12-08 13:04:00,77,2,Segment 2
15400,6,360,666.7,10,6,2011-03-06 11:27:00,2011-09-08 13:57:00,186,0,Segment 0
15402,2,694,626.77,35,2,2011-05-27 13:32:00,2011-07-14 12:17:00,47,2,Segment 2
15405,1,193,349.1,8,1,2011-06-03 14:44:00,2011-06-03 14:44:00,0,0,Segment 0
15406,4,236,426.61,51,4,2011-02-11 16:19:00,2011-11-21 16:14:00,282,2,Segment 2
15407,4,552,1046.74,142,4,2011-02-07 13:18:00,2011-11-06 11:55:00,271,2,Segment 2
15408,1,106,267.18,34,1,2011-03-20 15:02:00,2011-03-20 15:02:00,0,2,Segment 2
15410,8,1200,3450.84,48,8,2011-03-23 10:15:00,2011-09-16 14:47:00,177,2,Segment 2
15411,5,527,1336.43,86,5,2011-06-10 12:30:00,2011-11-13 15:19:00,156,2,Segment 2
15412,1,108,190.53,10,1,2011-06-21 15:24:00,2011-06-21 15:24:00,0,0,Segment 0
15414,3,443,774.9000000000001,37,3,2011-04-11 13:45:00,2011-11-30 09:50:00,232,2,Segment 2
15415,1,551,559.61,46,1,2011-01-30 14:13:00,2011-01-30 14:13:00,0,2,Segment 2
15416,5,2089,3974.37,165,5,2011-03-02 08:41:00,2011-10-06 09:38:00,218,2,Segment 2
15417,1,284,508.8,28,1,2011-09-15 15:26:00,2011-09-15 15:26:00,0,0,Segment 0
15419,1,230,135.86,8,1,2011-11-15 09:23:00,2011-11-15 09:23:00,0,0,Segment 0
15421,4,500,950.36,40,3,2011-02-02 14:36:00,2011-10-12 09:20:00,251,2,Segment 2
15422,2,38,97.7,6,1,2011-01-20 14:17:00,2011-01-20 16:17:00,0,0,Segment 0
15423,1,101,43.5,2,1,2011-11-01 14:01:00,2011-11-01 14:01:00,0,0,Segment 0
15424,2,554,383.34,17,1,2011-03-30 13:00:00,2011-03-30 13:02:00,0,0,Segment 0
15426,7,645,1386.58,222,5,2010-12-05 13:55:00,2011-11-20 15:36:00,350,2,Segment 2
15427,3,967,1430.54,233,2,2011-10-23 14:47:00,2011-11-06 14:29:00,13,2,Segment 2
15428,1,102,93.78,6,1,2011-11-24 16:54:00,2011-11-24 16:54:00,0,0,Segment 0
15429,3,369,364.9,77,2,2011-09-25 13:42:00,2011-11-13 12:28:00,48,2,Segment 2
15432,1,65,171.19,10,1,2011-11-16 16:30:00,2011-11-16 16:30:00,0,0,Segment 0
15433,3,399,417.87,40,3,2011-03-17 14:12:00,2011-09-21 16:24:00,188,2,Segment 2
15434,6,638,997.48,40,5,2011-05-23 14:18:00,2011-12-01 13:33:00,191,2,Segment 2
15435,1,54,149.29,29,1,2011-11-17 16:39:00,2011-11-17 16:39:00,0,0,Segment 0
15436,3,574,1067.75,243,3,2011-04-19 16:52:00,2011-11-27 16:05:00,221,2,Segment 2
15437,1,79,200.16,44,1,2011-03-22 13:11:00,2011-03-22 13:11:00,0,2,Segment 2
15438,1,59,156.57999999999998,25,1,2011-07-31 14:19:00,2011-07-31 14:19:00,0,0,Segment 0
15440,3,197,383.68,50,3,2011-05-15 11:30:00,2011-10-16 12:16:00,154,2,Segment 2
15442,1,120,594.0,2,1,2011-04-05 12:24:00,2011-04-05 12:24:00,0,0,Segment 0
15443,8,1636,3188.84,237,8,2011-01-23 13:25:00,2011-12-08 10:40:00,318,2,Segment 2
15444,2,759,1411.21,191,2,2011-10-30 16:12:00,2011-11-30 17:37:00,31,2,Segment 2
15445,1,58,113.5,5,1,2011-03-20 15:06:00,2011-03-20 15:06:00,0,0,Segment 0
15447,1,85,155.17,9,1,2011-01-13 11:26:00,2011-01-13 11:26:00,0,0,Segment 0
15448,1,232,494.64,28,1,2011-01-31 10:42:00,2011-01-31 10:42:00,0,0,Segment 0
15449,5,810,971.22,47,5,2011-03-23 10:43:00,2011-11-13 15:02:00,235,2,Segment 2
15450,1,376,429.84,30,1,2011-11-09 17:11:00,2011-11-09 17:11:00,0,0,Segment 0
15452,3,280,528.48,47,3,2011-03-20 15:21:00,2011-11-10 12:13:00,234,2,Segment 2
15453,7,837,1371.77,169,7,2011-06-05 12:37:00,2011-12-08 10:59:00,185,2,Segment 2
15454,1,86,179.1,23,1,2010-12-12 14:21:00,2010-12-12 14:21:00,0,0,Segment 0
15456,3,633,434.59,48,2,2010-12-15 15:34:00,2011-03-01 13:51:00,75,2,Segment 2
15457,1,132,237.07,56,1,2011-03-22 15:31:00,2011-03-22 15:31:00,0,2,Segment 2
15458,1,156,161.64,7,1,2011-11-14 13:08:00,2011-11-14 13:08:00,0,0,Segment 0
15460,1,107,214.26,53,1,2010-12-20 16:08:00,2010-12-20 16:08:00,0,2,Segment 2
15462,3,172,234.6,9,3,2011-06-05 15:36:00,2011-09-06 13:11:00,92,0,Segment 0
15463,1,106,126.14,7,1,2011-11-10 12:57:00,2011-11-10 12:57:00,0,0,Segment 0
15464,1,348,1044.65,155,1,2011-01-05 15:56:00,2011-01-05 15:56:00,0,2,Segment 2
15465,24,1217,6945.02,43,19,2010-12-05 10:12:00,2011-11-20 10:11:00,349,2,Segment 2
15466,1,246,334.53,56,1,2011-09-15 14:08:00,2011-09-15 14:08:00,0,2,Segment 2
15467,4,306,511.88,41,3,2011-07-10 14:42:00,2011-11-30 14:17:00,142,2,Segment 2
15468,5,150,438.46,25,4,2010-12-14 10:50:00,2011-11-04 13:11:00,325,0,Segment 0
15469,4,150,504.5,24,4,2011-08-11 16:54:00,2011-10-27 19:16:00,77,0,Segment 0
15471,1,256,454.48,67,1,2011-12-07 14:12:00,2011-12-07 14:12:00,0,2,Segment 2
15472,1,251,371.56,76,1,2011-08-18 15:17:00,2011-08-18 15:17:00,0,2,Segment 2
15473,10,552,1465.2,4,4,2011-10-10 11:12:00,2011-11-25 15:15:00,46,0,Segment 0
15475,1,319,454.11,29,1,2011-09-23 15:20:00,2011-09-23 15:20:00,0,0,Segment 0
15478,2,575,1399.92,34,2,2011-10-14 11:09:00,2011-10-30 14:19:00,16,2,Segment 2
15480,1,303,905.5,45,1,2011-08-15 14:32:00,2011-08-15 14:32:00,0,2,Segment 2
15482,16,2982,6393.52,46,10,2010-12-16 10:08:00,2011-11-24 10:46:00,343,2,Segment 2
15483,4,291,225.26,74,2,2011-03-18 12:26:00,2011-07-01 13:07:00,105,2,Segment 2
15484,5,3134,3559.21,135,5,2011-09-22 13:31:00,2011-12-08 15:03:00,77,2,Segment 2
15485,3,1281,2564.5,59,3,2010-12-01 13:23:00,2011-11-09 14:31:00,343,2,Segment 2
15488,1,73,91.32,2,1,2011-09-08 10:11:00,2011-09-08 10:11:00,0,0,Segment 0
15489,4,593,1090.03,47,4,2011-05-12 12:54:00,2011-11-17 08:53:00,188,2,Segment 2
15491,7,1624,3090.85,108,6,2011-04-18 10:04:00,2011-09-05 15:56:00,140,2,Segment 2
15492,2,483,659.4599999999999,32,2,2011-09-26 14:02:00,2011-11-11 14:53:00,46,2,Segment 2
15493,7,546,1918.86,177,4,2011-03-14 11:44:00,2011-11-07 12:04:00,238,2,Segment 2
15494,2,1139,1280.58,120,2,2011-08-10 15:29:00,2011-11-18 14:51:00,99,2,Segment 2
15497,3,622,1259.7,13,3,2011-01-24 10:01:00,2011-11-22 11:51:00,302,0,Segment 0
15498,35,6084,12396.46,362,24,2010-12-07 12:34:00,2011-12-09 10:28:00,366,2,Segment 2
15500,4,572,1131.56,64,4,2011-09-19 13:47:00,2011-12-01 13:47:00,73,2,Segment 2
15502,23,3823,5541.46,164,13,2010-12-05 15:40:00,2011-11-24 12:48:00,353,2,Segment 2
15503,1,70,141.04,66,1,2010-12-12 10:57:00,2010-12-12 10:57:00,0,2,Segment 2
15504,1,33,52.83,13,1,2011-09-19 13:45:00,2011-09-19 13:45:00,0,0,Segment 0
15505,7,2348,3497.14,90,7,2011-07-07 13:33:00,2011-10-18 07:56:00,102,2,Segment 2
15506,3,842,972.08,121,3,2011-07-24 11:45:00,2011-11-17 12:11:00,116,2,Segment 2
15507,1,160,475.86,41,1,2011-06-21 11:19:00,2011-06-21 11:19:00,0,2,Segment 2
15508,6,440,1000.27,78,4,2011-04-18 15:31:00,2011-06-03 15:43:00,46,2,Segment 2
15510,1,2,250.0,1,1,2011-01-13 12:10:00,2011-01-13 12:10:00,0,0,Segment 0
15511,5,269,900.53,117,5,2011-09-15 15:05:00,2011-11-28 09:43:00,73,2,Segment 2
15512,2,68,121.0,7,2,2010-12-15 12:01:00,2011-07-07 10:20:00,203,0,Segment 0
15513,22,5545,14520.08,183,18,2010-12-01 11:22:00,2011-11-08 16:21:00,342,2,Segment 2
15514,13,1761,2907.45,96,8,2010-12-10 13:50:00,2011-11-27 14:40:00,352,2,Segment 2
15516,3,27,62.43,15,2,2011-10-24 11:33:00,2011-10-26 10:51:00,1,0,Segment 0
15517,1,293,267.03,27,1,2011-04-20 14:02:00,2011-04-20 14:02:00,0,0,Segment 0
15518,13,1252,1890.99,136,9,2011-01-11 12:50:00,2011-10-06 13:05:00,268,2,Segment 2
15520,1,314,343.5,18,1,2011-12-08 10:58:00,2011-12-08 10:58:00,0,0,Segment 0
15521,13,1674,2574.65,117,9,2011-03-30 09:15:00,2011-11-03 13:52:00,218,2,Segment 2
15522,2,572,397.99,47,2,2011-09-13 12:26:00,2011-11-07 11:26:00,54,2,Segment 2
15523,1,132,412.0100000000001,10,1,2011-09-16 16:29:00,2011-09-16 16:29:00,0,0,Segment 0
15524,1,4,440.0,1,1,2011-11-15 12:09:00,2011-11-15 12:09:00,0,0,Segment 0
15525,4,385,719.47,133,3,2010-12-01 13:17:00,2011-12-07 15:39:00,371,2,Segment 2
15526,2,24,148.44,4,1,2011-11-06 15:01:00,2011-11-06 15:04:00,0,0,Segment 0
15527,10,987,2347.57,128,9,2010-12-20 14:15:00,2011-11-21 12:17:00,335,2,Segment 2
15528,1,123,229.33,26,1,2011-03-30 16:14:00,2011-03-30 16:14:00,0,0,Segment 0
15529,12,3448,3935.15,415,11,2010-12-08 12:24:00,2011-11-17 11:29:00,343,2,Segment 2
15530,4,938,1497.31,90,4,2011-04-07 11:16:00,2011-11-18 12:25:00,225,2,Segment 2
15531,2,1085,1972.39,196,2,2011-11-09 17:47:00,2011-12-01 18:43:00,22,2,Segment 2
15532,6,502,1500.88,205,4,2010-12-16 16:45:00,2011-11-14 14:51:00,332,2,Segment 2
15533,5,256,746.92,73,3,2011-09-11 15:41:00,2011-11-20 15:35:00,69,2,Segment 2
15535,7,121,426.4,55,5,2010-12-09 15:36:00,2011-06-19 16:02:00,192,2,Segment 2
15537,1,29,110.92,24,1,2011-06-29 13:10:00,2011-06-29 13:10:00,0,0,Segment 0
15539,1,410,538.46,41,1,2011-12-02 13:36:00,2011-12-02 13:36:00,0,2,Segment 2
15540,1,200,213.3,15,1,2011-11-28 13:51:00,2011-11-28 13:51:00,0,0,Segment 0
15541,1,49,85.13000000000001,29,1,2011-08-17 14:58:00,2011-08-17 14:58:00,0,0,Segment 0
15543,1,86,127.86,26,1,2011-02-24 15:26:00,2011-02-24 15:26:00,0,0,Segment 0
15544,11,3105,3542.51,122,11,2010-12-02 12:47:00,2011-12-01 09:16:00,363,2,Segment 2
15545,2,162,288.97,78,2,2010-12-03 17:28:00,2011-10-16 13:24:00,316,2,Segment 2
15547,14,3999,4910.6,441,12,2010-12-12 13:26:00,2011-12-02 12:52:00,354,2,Segment 2
15549,4,684,1643.96,104,4,2011-01-27 15:38:00,2011-09-23 16:22:00,239,2,Segment 2
15550,4,295,575.63,43,4,2011-02-11 12:49:00,2011-12-05 15:38:00,297,2,Segment 2
15551,1,218,436.06,29,1,2011-11-03 12:37:00,2011-11-03 12:37:00,0,0,Segment 0
15552,1,60,90.12,17,1,2011-05-06 14:47:00,2011-05-06 14:47:00,0,0,Segment 0
15553,1,449,428.93,51,1,2011-10-10 14:02:00,2011-10-10 14:02:00,0,2,Segment 2
15554,1,74,217.2,14,1,2011-03-07 09:00:00,2011-03-07 09:00:00,0,0,Segment 0
15555,20,4398,4747.89,404,16,2010-12-05 14:45:00,2011-11-27 16:19:00,357,2,Segment 2
15556,1,236,279.77,31,1,2011-11-15 16:08:00,2011-11-15 16:08:00,0,0,Segment 0
15557,1,213,468.91,16,1,2011-11-11 12:46:00,2011-11-11 12:46:00,0,0,Segment 0
15561,5,256,722.74,27,4,2011-05-08 11:38:00,2011-11-28 11:07:00,203,0,Segment 0
15562,1,39,134.55,1,1,2010-12-23 09:55:00,2010-12-23 09:55:00,0,0,Segment 0
15563,7,1460,1319.69,88,5,2010-12-16 11:27:00,2011-12-01 09:36:00,349,2,Segment 2
15565,2,60,173.16,8,2,2011-09-30 10:44:00,2011-10-20 14:33:00,20,0,Segment 0
15567,1,223,186.01,7,1,2011-11-21 10:48:00,2011-11-21 10:48:00,0,0,Segment 0
15568,3,461,758.29,27,3,2011-09-27 14:37:00,2011-12-07 11:27:00,70,0,Segment 0
15569,5,666,1375.71,27,4,2011-01-11 13:26:00,2011-08-28 10:15:00,228,0,Segment 0
15570,13,2054,4093.27,232,12,2010-12-05 12:57:00,2011-12-02 14:47:00,362,2,Segment 2
15571,4,264,650.4300000000001,47,4,2011-09-22 13:15:00,2011-11-28 10:02:00,66,2,Segment 2
15572,7,1213,2533.42,166,5,2011-03-06 14:44:00,2011-12-05 10:09:00,273,2,Segment 2
15573,2,355,591.1899999999999,88,2,2011-09-15 12:16:00,2011-11-08 11:38:00,53,2,Segment 2
15574,4,332,675.64,131,3,2010-12-02 15:46:00,2011-06-15 12:01:00,194,2,Segment 2
15576,1,394,921.37,43,1,2011-11-02 12:03:00,2011-11-02 12:03:00,0,2,Segment 2
15577,3,89,258.88,39,2,2011-02-07 13:32:00,2011-07-11 17:03:00,154,2,Segment 2
15578,1,52,127.1,13,1,2011-06-30 13:03:00,2011-06-30 13:03:00,0,0,Segment 0
15579,2,117,327.6,45,2,2011-01-30 12:09:00,2011-10-02 12:45:00,245,2,Segment 2
15581,14,283,3425.77,134,12,2010-12-08 14:38:00,2011-08-11 09:38:00,245,2,Segment 2
15582,3,453,682.9100000000001,39,3,2011-05-03 13:36:00,2011-11-15 09:55:00,195,2,Segment 2
15584,5,311,718.36,89,4,2011-06-30 16:39:00,2011-11-16 10:55:00,138,2,Segment 2
15585,1,320,455.3,31,1,2011-06-16 08:38:00,2011-06-16 08:38:00,0,0,Segment 0
15587,4,312,913.68,3,4,2010-12-23 09:59:00,2011-10-20 13:37:00,301,0,Segment 0
15589,4,242,456.58,28,3,2011-02-02 10:46:00,2011-04-01 11:22:00,58,0,Segment 0
15590,1,-1,-30.19,1,1,2011-02-23 16:36:00,2011-02-23 16:36:00,0,0,Segment 0
15592,1,354,388.58,24,1,2011-10-24 08:59:00,2011-10-24 08:59:00,0,0,Segment 0
15593,1,60,199.8,5,1,2011-09-30 11:46:00,2011-09-30 11:46:00,0,0,Segment 0
15594,6,982,1767.53,85,6,2011-04-19 10:08:00,2011-11-24 08:53:00,218,2,Segment 2
15596,9,548,1343.34,51,9,2010-12-09 16:10:00,2011-08-31 10:55:00,264,2,Segment 2
15597,2,276,315.72,22,2,2011-11-04 13:26:00,2011-11-10 11:46:00,5,0,Segment 0
15598,3,156,235.68,14,3,2011-10-17 16:04:00,2011-11-04 13:14:00,17,0,Segment 0
15599,2,718,761.74,50,2,2011-05-19 13:05:00,2011-11-13 11:44:00,177,2,Segment 2
15601,17,4978,6745.36,230,17,2010-12-02 10:39:00,2011-11-28 15:15:00,361,2,Segment 2
15602,15,1001,1083.63,31,12,2010-12-06 15:35:00,2011-12-01 14:14:00,359,0,Segment 0
15603,1,96,48.48,2,1,2011-09-22 10:04:00,2011-09-22 10:04:00,0,0,Segment 0
15604,1,159,216.39,17,1,2011-10-18 14:47:00,2011-10-18 14:47:00,0,0,Segment 0
15605,5,441,1198.23,61,5,2010-12-01 13:38:00,2011-11-03 14:17:00,337,2,Segment 2
15606,11,720,2422.64,51,11,2011-01-19 12:07:00,2011-10-13 13:32:00,267,2,Segment 2
15607,1,202,104.76,13,1,2011-01-07 12:44:00,2011-01-07 12:44:00,0,0,Segment 0
15608,4,714,1093.68,59,3,2011-08-11 09:56:00,2011-11-11 13:20:00,92,2,Segment 2
15609,2,145,270.03000000000003,16,2,2011-06-08 13:00:00,2011-06-10 09:55:00,1,0,Segment 0
15610,1,66,112.46,6,1,2011-10-19 10:36:00,2011-10-19 10:36:00,0,0,Segment 0
15611,15,498,1568.39,23,14,2011-01-09 11:32:00,2011-11-30 12:36:00,325,0,Segment 0
15612,2,52,195.15,4,2,2011-10-09 12:49:00,2011-11-03 14:52:00,25,0,Segment 0
15615,27,5493,10360.04,185,20,2010-12-15 16:21:00,2011-11-29 14:42:00,348,2,Segment 2
15618,5,428,747.031,39,4,2011-07-26 10:13:00,2011-11-07 08:34:00,103,2,Segment 2
15619,1,136,336.40000000000003,3,1,2011-11-29 08:14:00,2011-11-29 08:14:00,0,0,Segment 0
15620,6,899,1524.4,92,6,2010-12-16 14:34:00,2011-10-20 19:17:00,308,2,Segment 2
15621,6,463,1158.77,11,4,2011-11-18 11:49:00,2011-12-05 14:01:00,17,0,Segment 0
15622,16,1552,3224.53,169,12,2011-03-02 13:42:00,2011-12-06 14:57:00,279,2,Segment 2
15623,1,125,301.03,19,1,2011-07-21 17:26:00,2011-07-21 17:26:00,0,0,Segment 0
15624,4,357,588.13,26,4,2011-03-28 13:32:00,2011-08-15 11:38:00,139,0,Segment 0
15625,8,1166,1504.56,44,7,2011-04-18 14:01:00,2011-08-31 16:13:00,135,2,Segment 2
15626,2,766,675.8,49,2,2011-01-14 10:10:00,2011-09-26 10:03:00,254,2,Segment 2
15628,10,1882,2865.64,85,10,2010-12-08 09:51:00,2011-12-05 10:24:00,362,2,Segment 2
15630,3,799,1180.4,57,3,2011-05-19 10:16:00,2011-10-25 15:36:00,159,2,Segment 2
15632,10,2049,3147.31,107,10,2011-03-10 08:29:00,2011-11-24 09:51:00,259,2,Segment 2
15634,1,99,243.55,15,1,2011-11-22 16:28:00,2011-11-22 16:28:00,0,0,Segment 0
15636,2,284,724.76,20,2,2011-03-02 14:50:00,2011-09-11 11:17:00,192,0,Segment 0
15637,1,128,223.36,15,1,2011-10-18 08:28:00,2011-10-18 08:28:00,0,0,Segment 0
15638,1,-52,-94.0,2,1,2011-02-11 15:12:00,2011-02-11 15:12:00,0,0,Segment 0
15639,1,323,425.32,25,1,2011-07-28 14:30:00,2011-07-28 14:30:00,0,0,Segment 0
15640,17,6538,12336.74,241,15,2010-12-02 15:40:00,2011-12-05 14:35:00,367,2,Segment 2
15641,4,1562,1887.2,102,4,2010-12-15 14:45:00,2011-08-26 14:04:00,253,2,Segment 2
15643,6,242,647.4,31,5,2011-03-02 14:34:00,2011-06-13 17:19:00,103,0,Segment 0
15644,4,550,803.54,166,3,2011-03-23 15:37:00,2011-06-26 14:54:00,94,2,Segment 2
15645,1,256,612.01,50,1,2011-11-21 11:55:00,2011-11-21 11:55:00,0,2,Segment 2
15646,4,388,425.14,35,4,2010-12-02 16:59:00,2011-07-05 09:53:00,214,2,Segment 2
15648,4,210,582.0500000000001,24,4,2011-03-17 18:59:00,2011-05-19 15:53:00,62,0,Segment 0
15649,2,192,816.0,1,2,2010-12-07 10:06:00,2011-01-07 13:34:00,31,0,Segment 0
15651,3,479,646.3,27,2,2011-03-24 08:56:00,2011-11-03 08:41:00,223,0,Segment 0
15652,1,208,337.74,21,1,2011-09-09 14:22:00,2011-09-09 14:22:00,0,0,Segment 0
15653,2,1200,877.4399999999999,4,2,2011-08-16 09:50:00,2011-09-08 10:49:00,23,0,Segment 0
15654,2,475,922.53,15,2,2011-11-13 15:15:00,2011-11-30 13:08:00,16,0,Segment 0
15655,2,319,511.32,34,2,2011-04-10 15:25:00,2011-04-20 16:28:00,10,2,Segment 2
15656,4,343,748.5,46,4,2011-02-28 15:32:00,2011-10-25 14:56:00,238,2,Segment 2
15657,1,24,30.0,1,1,2011-11-17 12:19:00,2011-11-17 12:19:00,0,0,Segment 0
15658,8,232,958.9,40,7,2010-12-02 10:53:00,2011-06-02 15:22:00,182,2,Segment 2
15659,1,111,306.45,11,1,2011-10-27 09:23:00,2011-10-27 09:23:00,0,0,Segment 0
15660,12,1037,1552.01,55,8,2010-12-09 09:49:00,2011-11-14 16:58:00,340,2,Segment 2
15661,2,236,309.8,4,2,2011-01-05 12:32:00,2011-01-26 13:56:00,21,0,Segment 0
15663,1,106,138.14,9,1,2011-08-25 15:50:00,2011-08-25 15:50:00,0,0,Segment 0
15664,2,141,358.63,19,2,2010-12-15 17:05:00,2011-10-20 10:57:00,308,0,Segment 0
15665,2,1654,2222.21,92,2,2011-04-10 15:09:00,2011-06-24 14:57:00,74,2,Segment 2
15667,1,240,301.32,13,1,2011-10-31 10:56:00,2011-10-31 10:56:00,0,0,Segment 0
15668,1,72,76.32000000000001,1,1,2011-05-06 10:39:00,2011-05-06 10:39:00,0,0,Segment 0
15669,5,339,677.69,31,5,2011-03-21 09:13:00,2011-10-30 16:03:00,223,0,Segment 0
15670,1,91,173.05,12,1,2011-02-16 10:50:00,2011-02-16 10:50:00,0,0,Segment 0
15671,10,1681,2635.49,52,9,2011-03-14 09:37:00,2011-11-21 12:43:00,252,2,Segment 2
15673,4,1451,2726.23,107,4,2011-01-16 16:25:00,2011-09-12 16:12:00,238,2,Segment 2
15674,8,1075,1744.02,88,6,2011-03-30 09:19:00,2011-09-27 15:17:00,181,2,Segment 2
15675,3,527,323.69,20,3,2011-03-04 14:21:00,2011-09-19 13:48:00,198,0,Segment 0
15676,5,2231,3324.09,191,5,2011-03-01 10:19:00,2011-11-30 17:39:00,274,2,Segment 2
15677,1,319,657.23,33,1,2011-10-21 15:36:00,2011-10-21 15:36:00,0,2,Segment 2
15678,1,184,352.7,12,1,2011-10-18 09:25:00,2011-10-18 09:25:00,0,0,Segment 0
15679,4,1170,781.28,98,4,2011-06-10 08:24:00,2011-11-15 16:19:00,158,2,Segment 2
15680,3,952,1333.68,61,3,2010-12-08 14:43:00,2011-11-30 13:46:00,356,2,Segment 2
15681,6,556,946.36,32,5,2011-03-04 13:46:00,2011-11-21 13:25:00,261,2,Segment 2
15683,1,131,193.75,10,1,2011-08-14 12:56:00,2011-08-14 12:56:00,0,0,Segment 0
15687,11,1308,2981.5,119,10,2011-01-13 15:13:00,2011-12-01 08:33:00,321,2,Segment 2
15689,2,84,254.1,8,2,2010-12-13 09:57:00,2011-08-12 09:37:00,241,0,Segment 0
15690,2,408,239.76,19,2,2011-08-31 11:40:00,2011-12-05 15:59:00,96,0,Segment 0
15691,1,72,136.8,2,1,2011-04-01 15:13:00,2011-04-01 15:13:00,0,0,Segment 0
15692,1,138,191.04,12,1,2011-11-11 14:12:00,2011-11-11 14:12:00,0,0,Segment 0
15694,15,1665,6423.6,42,15,2010-12-02 07:49:00,2011-12-09 09:44:00,372,2,Segment 2
15695,2,212,409.98,22,1,2011-03-18 08:31:00,2011-03-18 08:32:00,0,0,Segment 0
15696,12,1009,2619.11,140,12,2011-01-17 11:24:00,2011-11-06 14:02:00,293,2,Segment 2
15699,1,113,309.65,18,1,2011-11-22 08:26:00,2011-11-22 08:26:00,0,0,Segment 0
15700,3,328,664.03,85,2,2011-06-19 15:36:00,2011-06-20 16:53:00,1,2,Segment 2
15701,4,912,1529.0,193,4,2011-08-21 12:36:00,2011-12-07 14:39:00,108,2,Segment 2
15703,1,66,211.5,5,1,2011-03-20 10:51:00,2011-03-20 10:51:00,0,0,Segment 0
15704,4,1028,2293.62,79,3,2011-05-08 12:42:00,2011-07-22 13:35:00,75,2,Segment 2
15705,1,62,143.1,6,1,2011-05-22 15:37:00,2011-05-22 15:37:00,0,0,Segment 0
15706,7,305,1001.81,50,7,2011-08-15 14:32:00,2011-10-11 10:14:00,56,2,Segment 2
15707,4,594,916.98,126,4,2011-09-14 14:19:00,2011-11-04 14:35:00,51,2,Segment 2
15708,11,1208,3200.73,124,9,2010-12-05 10:25:00,2011-10-30 10:54:00,329,2,Segment 2
15709,1,121,133.25,6,1,2011-03-01 10:38:00,2011-03-01 10:38:00,0,0,Segment 0
15712,5,486,1072.36,41,5,2011-02-25 11:32:00,2011-11-30 14:09:00,278,2,Segment 2
15713,3,149,346.75,18,3,2010-12-08 15:16:00,2011-07-19 13:34:00,222,0,Segment 0
15714,2,186,330.03000000000003,34,2,2011-09-23 11:25:00,2011-11-28 11:26:00,66,2,Segment 2
15716,4,738,1101.11,101,4,2010-12-05 12:26:00,2011-07-17 11:59:00,223,2,Segment 2
15717,1,70,150.3,7,1,2011-04-19 13:21:00,2011-04-19 13:21:00,0,0,Segment 0
15719,14,2717,5028.42,299,14,2011-01-06 12:31:00,2011-11-07 12:29:00,304,2,Segment 2
15720,1,281,598.73,128,1,2011-11-15 14:48:00,2011-11-15 14:48:00,0,2,Segment 2
15721,1,388,471.4,80,1,2011-11-28 12:14:00,2011-11-28 12:14:00,0,2,Segment 2
15722,6,1018,2169.86,47,4,2011-02-22 12:24:00,2011-11-04 11:43:00,254,2,Segment 2
15723,1,73,190.7,37,1,2010-12-10 11:12:00,2010-12-10 11:12:00,0,2,Segment 2
15724,3,72,212.3,11,3,2011-02-28 10:40:00,2011-05-22 14:40:00,83,0,Segment 0
15725,1,221,415.25,32,1,2011-11-24 14:51:00,2011-11-24 14:51:00,0,0,Segment 0
15727,7,3063,5159.06,213,7,2010-12-15 15:47:00,2011-11-23 12:36:00,342,2,Segment 2
15728,1,-34,-134.8,4,1,2011-10-21 14:03:00,2011-10-21 14:03:00,0,0,Segment 0
15729,2,24,62.0,5,2,2011-05-11 12:36:00,2011-05-25 16:43:00,14,0,Segment 0
15730,4,683,1108.38,68,4,2011-05-17 12:43:00,2011-10-05 12:31:00,140,2,Segment 2
15732,2,215,294.12,13,2,2010-12-02 15:00:00,2011-05-11 14:24:00,159,0,Segment 0
15733,1,62,162.3,10,1,2011-03-02 09:05:00,2011-03-02 09:05:00,0,0,Segment 0
15734,2,346,1339.45,25,2,2011-05-23 14:59:00,2011-08-17 10:50:00,85,0,Segment 0
15737,12,584,1121.21,60,9,2011-04-11 10:01:00,2011-11-25 11:21:00,228,2,Segment 2
15738,19,2967,4788.77,46,18,2010-12-02 12:50:00,2011-11-21 08:26:00,353,2,Segment 2
15739,1,472,449.12,8,1,2011-10-04 13:42:00,2011-10-04 13:42:00,0,0,Segment 0
15740,1,152,154.88,9,1,2011-10-21 14:29:00,2011-10-21 14:29:00,0,0,Segment 0
15743,4,214,775.96,59,4,2011-06-08 10:14:00,2011-11-23 17:19:00,168,2,Segment 2
15744,1,120,34.8,3,1,2011-09-23 09:52:00,2011-09-23 09:52:00,0,0,Segment 0
15745,6,412,1071.24,57,6,2011-04-17 13:04:00,2011-12-01 11:18:00,227,2,Segment 2
15746,2,130,182.96,28,1,2011-07-28 15:21:00,2011-07-28 15:27:00,0,0,Segment 0
15747,3,466,946.64,52,3,2011-06-20 11:30:00,2011-11-27 12:26:00,160,2,Segment 2
15748,1,50,144.36,19,1,2011-10-30 12:51:00,2011-10-30 12:51:00,0,0,Segment 0
15749,4,9014,21535.9,6,2,2011-01-11 12:55:00,2011-04-18 13:20:00,97,0,Segment 0
15750,9,1776,2448.8,214,8,2010-12-08 10:36:00,2011-12-07 12:34:00,364,2,Segment 2
15752,8,1955,2618.15,236,7,2010-12-02 09:43:00,2011-10-31 11:37:00,333,2,Segment 2
15753,1,144,79.2,1,1,2011-02-08 12:41:00,2011-02-08 12:41:00,0,0,Segment 0
15754,4,197,455.67,24,4,2011-04-07 12:24:00,2011-10-20 11:44:00,195,0,Segment 0
15755,8,1397,2318.88,127,8,2011-02-18 11:53:00,2011-12-08 18:59:00,293,2,Segment 2
15756,4,241,528.01,160,4,2011-04-04 14:00:00,2011-10-09 13:30:00,187,2,Segment 2
15757,2,491,714.42,43,2,2011-05-06 11:40:00,2011-10-05 12:14:00,152,2,Segment 2
15758,1,47,205.25,9,1,2011-11-15 10:48:00,2011-11-15 10:48:00,0,0,Segment 0
15759,3,60,253.04,5,3,2010-12-16 15:29:00,2011-05-05 15:13:00,139,0,Segment 0
15762,2,251,583.75,37,2,2011-09-23 15:17:00,2011-10-05 16:15:00,12,2,Segment 2
15763,3,268,1048.67,58,3,2011-09-23 12:10:00,2011-11-08 09:44:00,45,2,Segment 2
15764,10,2036,3245.47,150,7,2011-03-08 09:23:00,2011-09-19 16:16:00,195,2,Segment 2
15766,1,170,315.06,11,1,2011-10-06 17:03:00,2011-10-06 17:03:00,0,0,Segment 0
15768,4,243,581.8299999999999,24,4,2011-04-28 09:20:00,2011-08-16 10:48:00,110,0,Segment 0
15769,29,27660,51823.72,26,24,2010-12-03 15:16:00,2011-12-02 13:52:00,363,3,Segment 3
15773,1,311,635.6800000000001,10,1,2011-12-04 12:48:00,2011-12-04 12:48:00,0,0,Segment 0
15774,1,87,270.8,25,1,2011-10-02 12:04:00,2011-10-02 12:04:00,0,0,Segment 0
15775,1,68,104.9,7,1,2011-04-08 12:56:00,2011-04-08 12:56:00,0,0,Segment 0
15776,1,138,241.62,18,1,2011-07-29 13:46:00,2011-07-29 13:46:00,0,0,Segment 0
15777,5,375,1021.61,18,4,2010-12-13 16:38:00,2011-04-12 16:43:00,120,0,Segment 0
15780,3,220,475.28,26,3,2010-12-17 11:43:00,2011-06-09 12:01:00,174,0,Segment 0
15781,4,178,333.56,20,4,2011-02-07 09:15:00,2011-11-14 14:57:00,280,0,Segment 0
15782,4,863,2593.94,34,4,2011-09-11 14:29:00,2011-11-30 10:49:00,79,2,Segment 2
15783,1,212,246.3,14,1,2011-11-29 09:50:00,2011-11-29 09:50:00,0,0,Segment 0
15785,8,1594,2303.75,58,7,2011-02-17 14:17:00,2011-11-10 12:08:00,265,2,Segment 2
15786,5,3307,4821.0,257,4,2011-08-17 13:33:00,2011-10-27 10:53:00,70,2,Segment 2
15787,3,534,933.26,156,2,2011-10-09 13:11:00,2011-11-13 14:55:00,35,2,Segment 2
15789,1,438,351.3,25,1,2010-12-16 14:35:00,2010-12-16 14:35:00,0,0,Segment 0
15790,1,113,218.75,34,1,2011-11-29 14:53:00,2011-11-29 14:53:00,0,2,Segment 2
15791,3,730,1604.44,66,3,2011-05-19 15:15:00,2011-10-27 10:14:00,160,2,Segment 2
15793,4,552,948.96,6,4,2011-03-16 10:45:00,2011-11-30 15:08:00,259,0,Segment 0
15795,1,581,610.01,42,1,2011-07-13 10:43:00,2011-07-13 10:43:00,0,2,Segment 2
15796,10,858,2663.6600000000003,71,10,2011-02-10 15:40:00,2011-12-08 19:55:00,301,2,Segment 2
15797,4,873,2207.4,8,4,2011-01-24 15:47:00,2011-08-18 17:04:00,206,0,Segment 0
15799,3,955,884.14,94,3,2011-01-09 15:13:00,2011-09-25 12:46:00,258,2,Segment 2
15800,2,332,696.89,116,2,2011-04-07 12:39:00,2011-08-24 14:23:00,139,2,Segment 2
15801,4,562,1042.19,61,4,2011-08-22 09:53:00,2011-10-24 13:52:00,63,2,Segment 2
15802,3,-1,-451.42,1,1,2011-07-20 11:23:00,2011-07-20 11:40:00,0,0,Segment 0
15803,1,290,415.8200000000001,8,1,2011-10-19 14:56:00,2011-10-19 14:56:00,0,0,Segment 0
15804,19,2515,3848.55,170,18,2011-05-25 10:12:00,2011-12-09 12:31:00,198,2,Segment 2
15805,20,3317,5411.87,220,16,2010-12-10 09:33:00,2011-11-16 16:32:00,341,2,Segment 2
15806,3,602,784.58,24,3,2011-03-08 09:24:00,2011-10-24 14:35:00,230,0,Segment 0
15807,3,430,903.9,48,2,2011-09-23 14:43:00,2011-10-20 14:10:00,26,2,Segment 2
15808,5,1303,3641.07,143,4,2010-12-05 13:05:00,2011-02-06 14:33:00,63,2,Segment 2
15809,6,251,399.21,31,6,2011-02-10 11:16:00,2011-11-04 12:05:00,267,0,Segment 0
15810,7,737,1145.43,66,6,2011-02-16 09:11:00,2011-09-22 09:38:00,218,2,Segment 2
15811,9,1061,2171.32,117,9,2010-12-09 15:29:00,2011-11-22 15:29:00,348,2,Segment 2
15812,5,922,1801.14,36,5,2011-01-26 12:12:00,2011-08-24 14:19:00,210,2,Segment 2
15813,2,603,1303.91,40,2,2011-04-14 09:09:00,2011-05-16 08:13:00,31,2,Segment 2
15814,6,1247,1842.73,64,5,2011-10-20 09:04:00,2011-12-06 15:01:00,47,2,Segment 2
15815,5,1856,2100.6,33,5,2011-03-25 08:43:00,2011-10-07 12:42:00,196,2,Segment 2
15819,4,1357,1905.45,96,4,2011-03-08 09:45:00,2011-10-21 14:50:00,227,2,Segment 2
15820,1,128,206.98,17,1,2011-01-24 12:00:00,2011-01-24 12:00:00,0,0,Segment 0
15821,2,202,570.96,57,2,2011-10-09 13:28:00,2011-10-26 15:48:00,17,2,Segment 2
15822,2,375,885.47,28,2,2010-12-15 13:38:00,2011-12-06 14:50:00,356,0,Segment 0
15823,2,-283,-840.76,17,2,2010-12-02 15:08:00,2011-01-06 12:58:00,34,0,Segment 0
15825,1,220,532.94,20,1,2011-06-20 13:27:00,2011-06-20 13:27:00,0,0,Segment 0
15826,4,962,1649.36,64,3,2011-05-13 10:44:00,2011-10-19 13:24:00,159,2,Segment 2
15827,20,842,1641.48,73,17,2010-12-02 13:06:00,2011-09-27 15:35:00,299,2,Segment 2
15829,2,996,636.14,44,2,2011-07-22 10:23:00,2011-09-01 16:45:00,41,2,Segment 2
15830,2,409,547.7,39,2,2011-11-02 10:40:00,2011-11-10 13:35:00,8,2,Segment 2
15831,4,1084,740.64,64,3,2011-01-19 14:44:00,2011-10-12 13:14:00,265,2,Segment 2
15832,1,465,836.79,54,1,2011-03-30 15:29:00,2011-03-30 15:29:00,0,2,Segment 2
15834,6,957,2076.3,243,5,2010-12-02 16:45:00,2011-09-30 14:41:00,301,2,Segment 2
15835,4,439,954.09,47,4,2011-01-13 10:35:00,2011-10-26 15:47:00,286,2,Segment 2
15836,2,24,117.47,10,2,2011-10-20 17:13:00,2011-10-25 15:37:00,4,0,Segment 0
15837,1,189,391.98,24,1,2011-10-06 09:01:00,2011-10-06 09:01:00,0,0,Segment 0
15838,21,9007,33350.76,56,17,2010-12-02 14:23:00,2011-11-28 14:00:00,360,2,Segment 2
15839,5,670,1020.74,56,5,2011-07-14 16:35:00,2011-11-14 13:25:00,122,2,Segment 2
15840,3,394,345.66,26,3,2011-06-20 11:42:00,2011-10-12 09:08:00,113,0,Segment 0
15841,6,926,1209.1,36,6,2011-01-05 11:25:00,2011-10-06 18:31:00,274,2,Segment 2
15843,1,27,118.95000000000002,8,1,2011-02-09 10:19:00,2011-02-09 10:19:00,0,0,Segment 0
15844,1,134,130.73999999999998,11,1,2011-10-24 15:19:00,2011-10-24 15:19:00,0,0,Segment 0
15845,10,1918,3650.87,97,10,2011-01-06 17:19:00,2011-11-22 09:42:00,319,2,Segment 2
15847,2,449,389.27,22,2,2011-02-24 16:46:00,2011-11-01 14:41:00,249,0,Segment 0
15850,2,298,234.88,87,2,2011-06-24 14:16:00,2011-11-20 14:14:00,148,2,Segment 2
15852,2,48,160.71,22,2,2011-05-26 13:26:00,2011-06-06 11:22:00,10,0,Segment 0
15853,1,135,110.8,29,1,2011-10-19 10:38:00,2011-10-19 10:38:00,0,0,Segment 0
15854,12,926,2969.12,105,10,2010-12-13 11:47:00,2011-12-05 13:39:00,357,2,Segment 2
15855,5,470,712.24,59,5,2011-03-21 12:32:00,2011-07-26 10:20:00,126,2,Segment 2
15856,31,10802,15929.74,297,21,2010-12-09 13:34:00,2011-12-05 17:09:00,361,2,Segment 2
15857,1,308,297.0,14,1,2011-11-21 12:18:00,2011-11-21 12:18:00,0,0,Segment 0
15858,5,1163,1427.57,145,5,2010-12-07 14:31:00,2011-11-24 12:48:00,351,2,Segment 2
15860,8,437,965.16,105,8,2010-12-06 11:38:00,2011-10-30 11:25:00,327,2,Segment 2
15861,9,2527,2981.92,339,6,2011-03-17 20:12:00,2011-11-27 15:59:00,254,2,Segment 2
15862,4,585,832.88,142,4,2010-12-01 11:21:00,2011-12-01 13:28:00,365,2,Segment 2
15863,2,19,68.84,18,2,2011-05-31 11:36:00,2011-11-14 12:49:00,167,0,Segment 0
15864,8,1044,1769.7800000000002,16,7,2011-01-27 16:43:00,2011-11-17 13:32:00,293,0,Segment 0
15865,3,368,895.13,37,3,2011-05-10 11:44:00,2011-10-30 12:43:00,173,2,Segment 2
15866,1,124,211.89,43,1,2011-08-30 14:09:00,2011-08-30 14:09:00,0,2,Segment 2
15867,16,2050,3795.29,302,15,2010-12-05 14:17:00,2011-12-04 13:37:00,363,2,Segment 2
15869,2,175,149.64,13,1,2011-03-07 17:19:00,2011-03-07 17:23:00,0,0,Segment 0
15870,1,333,351.44,68,1,2011-11-07 10:58:00,2011-11-07 10:58:00,0,2,Segment 2
15872,2,187,316.25,101,1,2011-11-25 11:54:00,2011-11-25 11:55:00,0,2,Segment 2
15874,9,2506,4330.67,123,7,2011-02-28 13:28:00,2011-10-07 12:58:00,220,2,Segment 2
15877,3,243,437.83,122,2,2011-11-22 11:18:00,2011-12-08 11:57:00,16,2,Segment 2
15880,2,178,299.03,95,1,2010-12-05 13:00:00,2010-12-05 13:09:00,0,2,Segment 2
15881,8,199,438.24,26,3,2010-12-10 13:32:00,2011-01-31 16:59:00,52,0,Segment 0
15882,5,266,495.36,23,2,2010-12-06 13:01:00,2011-05-25 11:35:00,169,0,Segment 0
15883,2,223,396.48,42,2,2011-11-06 14:50:00,2011-12-07 17:05:00,31,2,Segment 2
15885,3,111,379.35,18,3,2011-02-03 15:28:00,2011-09-08 10:43:00,216,0,Segment 0
15886,1,147,181.09,12,1,2011-10-10 14:25:00,2011-10-10 14:25:00,0,0,Segment 0
15888,2,60,141.27,11,2,2011-09-20 12:30:00,2011-09-21 09:44:00,0,0,Segment 0
15889,2,206,420.07,79,2,2010-12-05 15:12:00,2011-07-06 11:10:00,212,2,Segment 2
15891,1,418,511.68,60,1,2011-04-27 12:35:00,2011-04-27 12:35:00,0,2,Segment 2
15894,2,164,258.25,35,2,2010-12-05 14:06:00,2011-03-31 13:50:00,115,2,Segment 2
15895,1,94,179.17,11,1,2011-07-13 10:27:00,2011-07-13 10:27:00,0,0,Segment 0
15897,2,223,208.59,17,1,2011-05-29 13:32:00,2011-05-29 13:50:00,0,0,Segment 0
15898,6,565,1379.63,70,6,2010-12-06 11:01:00,2011-12-08 15:23:00,367,2,Segment 2
15899,1,39,56.25,4,1,2010-12-06 10:36:00,2010-12-06 10:36:00,0,0,Segment 0
15900,1,216,337.28,44,1,2011-11-16 12:19:00,2011-11-16 12:19:00,0,2,Segment 2
15901,3,379,351.73,102,3,2011-07-08 12:18:00,2011-11-23 12:43:00,138,2,Segment 2
15903,8,2409,5126.34,46,8,2011-02-17 14:04:00,2011-11-30 08:08:00,285,2,Segment 2
15904,1,84,164.68,30,1,2011-12-01 14:50:00,2011-12-01 14:50:00,0,0,Segment 0
15906,8,538,1521.79,114,5,2011-03-29 13:18:00,2011-11-20 12:24:00,235,2,Segment 2
15907,3,478,882.72,175,3,2011-05-13 13:01:00,2011-12-06 12:21:00,206,2,Segment 2
15909,1,98,191.94,7,1,2011-06-19 10:38:00,2011-06-19 10:38:00,0,0,Segment 0
15910,8,1013,1228.88,215,8,2011-01-27 11:55:00,2011-12-09 10:51:00,315,2,Segment 2
15912,2,185,264.62,19,2,2011-04-20 17:10:00,2011-06-14 14:29:00,54,0,Segment 0
15916,10,747,1466.01,125,7,2010-12-08 12:49:00,2011-11-23 13:46:00,350,2,Segment 2
15917,1,42,123.1,12,1,2011-04-06 10:40:00,2011-04-06 10:40:00,0,0,Segment 0
15918,2,153,334.23,33,2,2011-03-13 15:55:00,2011-06-02 11:42:00,80,2,Segment 2
15919,2,385,525.69,103,2,2010-12-06 11:26:00,2011-11-20 11:28:00,349,2,Segment 2
15920,4,99,167.5,53,1,2011-07-08 15:16:00,2011-07-08 15:31:00,0,2,Segment 2
15921,1,162,323.03000000000003,24,1,2011-06-20 11:03:00,2011-06-20 11:03:00,0,0,Segment 0
15922,2,136,363.6,11,2,2010-12-01 13:51:00,2010-12-02 13:05:00,0,0,Segment 0
15923,1,122,127.08,21,1,2010-12-02 12:16:00,2010-12-02 12:16:00,0,0,Segment 0
15925,1,93,207.15,12,1,2011-05-29 15:35:00,2011-05-29 15:35:00,0,0,Segment 0
15930,1,139,426.63,21,1,2011-10-03 14:52:00,2011-10-03 14:52:00,0,0,Segment 0
15932,11,2311,2461.85,93,11,2011-02-23 14:50:00,2011-12-05 17:13:00,285,2,Segment 2
15933,3,885,1107.46,63,3,2011-09-14 12:05:00,2011-11-18 13:14:00,65,2,Segment 2
15935,2,115,416.86,12,2,2011-04-12 09:35:00,2011-04-14 13:27:00,2,0,Segment 0
15937,1,73,145.35,7,1,2011-10-06 15:48:00,2011-10-06 15:48:00,0,0,Segment 0
15938,5,240,404.58,13,5,2011-01-20 10:11:00,2011-08-19 12:56:00,211,0,Segment 0
15939,16,4725,6102.26,28,15,2011-01-12 12:43:00,2011-09-11 11:30:00,241,2,Segment 2
15940,2,3,31.8,2,1,2011-02-01 16:18:00,2011-02-01 16:21:00,0,0,Segment 0
15942,1,232,337.44,14,1,2011-07-29 09:01:00,2011-07-29 09:01:00,0,0,Segment 0
15944,1,50,325.1,6,1,2011-03-08 10:33:00,2011-03-08 10:33:00,0,0,Segment 0
15945,1,52,181.0,2,1,2010-12-09 13:14:00,2010-12-09 13:14:00,0,0,Segment 0
15947,1,898,1708.24,29,1,2011-09-18 10:46:00,2011-09-18 10:46:00,0,0,Segment 0
15948,2,567,955.24,51,2,2011-10-27 08:35:00,2011-12-01 15:32:00,35,2,Segment 2
15949,2,284,364.72,12,2,2011-09-29 17:34:00,2011-11-23 09:09:00,54,0,Segment 0
15950,5,712,1684.46,86,5,2010-12-15 11:56:00,2011-12-08 10:34:00,357,2,Segment 2
15951,3,306,669.57,36,3,2011-02-27 11:57:00,2011-12-08 18:57:00,284,2,Segment 2
15952,4,391,781.91,65,4,2011-04-28 12:55:00,2011-11-06 11:18:00,191,2,Segment 2
15953,10,884,1632.4299999999998,65,8,2010-12-05 15:15:00,2011-11-24 15:32:00,354,2,Segment 2
15955,16,2124,4389.81,137,11,2010-12-02 11:22:00,2011-11-15 14:15:00,348,2,Segment 2
15957,1,211,428.89,40,1,2011-11-08 12:14:00,2011-11-08 12:14:00,0,2,Segment 2
15958,1,33,104.35,7,1,2011-09-26 13:41:00,2011-09-26 13:41:00,0,0,Segment 0
15963,2,298,470.76,26,2,2011-10-25 13:05:00,2011-11-20 11:33:00,25,0,Segment 0
15965,4,434,808.87,88,3,2010-12-07 13:18:00,2011-11-22 16:44:00,350,2,Segment 2
15967,2,205,397.68,73,2,2011-01-25 11:57:00,2011-11-16 15:41:00,295,2,Segment 2
15969,4,120,582.9,20,4,2011-06-07 12:19:00,2011-12-07 11:06:00,182,0,Segment 0
15970,1,116,314.1,11,1,2011-02-09 12:08:00,2011-02-09 12:08:00,0,0,Segment 0
15971,12,1717,4199.85,10,11,2011-02-01 16:47:00,2011-11-22 12:50:00,293,0,Segment 0
15973,3,87,99.77000000000002,4,3,2010-12-08 11:42:00,2011-04-18 09:39:00,130,0,Segment 0
15974,8,2256,3429.55,141,8,2011-02-24 10:10:00,2011-10-31 13:13:00,249,2,Segment 2
15975,1,243,371.01,24,1,2011-09-16 13:33:00,2011-09-16 13:33:00,0,0,Segment 0
15976,2,275,427.64,83,2,2011-05-03 17:12:00,2011-06-27 13:00:00,54,2,Segment 2
15977,2,1016,1054.73,48,2,2011-10-31 16:24:00,2011-11-22 13:29:00,21,2,Segment 2
15978,1,888,1098.78,49,1,2011-09-23 15:21:00,2011-09-23 15:21:00,0,2,Segment 2
15980,3,1560,2398.86,40,2,2011-03-30 15:05:00,2011-09-12 09:41:00,165,2,Segment 2
15981,8,1866,3408.48,53,8,2011-02-01 13:50:00,2011-11-15 08:00:00,286,2,Segment 2
15983,4,886,1465.12,82,4,2010-12-01 12:15:00,2011-11-17 17:34:00,351,2,Segment 2
15984,11,1805,2759.93,217,10,2010-12-06 13:21:00,2011-12-07 12:16:00,365,2,Segment 2
15985,3,836,1037.42,29,3,2011-04-17 11:04:00,2011-08-08 16:31:00,113,0,Segment 0
15986,1,268,168.12,14,1,2011-11-09 15:17:00,2011-11-09 15:17:00,0,0,Segment 0
15987,7,1533,1432.77,110,6,2010-12-06 08:34:00,2011-11-27 15:38:00,356,2,Segment 2
15988,1,180,156.78,26,1,2011-11-20 13:23:00,2011-11-20 13:23:00,0,0,Segment 0
15990,2,443,792.11,52,2,2011-02-25 15:35:00,2011-10-26 15:58:00,243,2,Segment 2
15992,1,17,41.99,3,1,2011-12-06 11:00:00,2011-12-06 11:00:00,0,0,Segment 0
15993,10,2028,2736.92,336,6,2011-10-26 16:21:00,2011-12-01 10:45:00,35,2,Segment 2
15994,1,173,414.27,31,1,2011-10-16 12:28:00,2011-10-16 12:28:00,0,0,Segment 0
15996,7,378,1016.68,103,6,2010-12-08 15:59:00,2011-09-12 15:14:00,277,2,Segment 2
15998,6,2028,3074.42,373,5,2010-12-12 13:32:00,2011-11-03 12:45:00,325,2,Segment 2
16000,3,5110,12393.7,9,1,2011-12-07 12:14:00,2011-12-07 12:17:00,0,0,Segment 0
16003,5,1185,2735.37,82,4,2010-12-15 12:09:00,2011-11-10 09:57:00,329,2,Segment 2
16005,4,280,578.71,173,3,2011-03-14 11:46:00,2011-11-27 13:47:00,258,2,Segment 2
16006,1,84,101.4,8,1,2011-05-12 13:12:00,2011-05-12 13:12:00,0,0,Segment 0
16007,4,1388,1693.81,221,4,2011-05-08 13:32:00,2011-10-23 11:05:00,167,2,Segment 2
16008,3,323,478.78,29,3,2011-05-19 10:54:00,2011-11-16 10:32:00,180,0,Segment 0
16009,4,366,972.11,68,4,2011-07-03 11:26:00,2011-11-17 16:51:00,137,2,Segment 2
16010,3,202,392.4,62,3,2010-12-12 12:18:00,2011-04-08 10:14:00,116,2,Segment 2
16011,16,2035,3352.96,99,16,2010-12-08 16:34:00,2011-12-01 16:31:00,357,2,Segment 2
16012,3,799,1415.29,87,3,2011-07-07 18:02:00,2011-11-04 13:25:00,119,2,Segment 2
16013,54,13845,33366.25,34,32,2010-12-03 13:09:00,2011-12-06 10:36:00,367,3,Segment 3
16014,4,254,637.58,123,4,2011-02-21 17:42:00,2011-11-04 11:23:00,255,2,Segment 2
16015,4,904,689.6999999999999,146,3,2011-10-21 12:56:00,2011-12-06 10:58:00,45,2,Segment 2
16016,10,600,1440.06,156,7,2010-12-08 12:36:00,2011-12-06 14:35:00,363,2,Segment 2
16017,1,102,211.88,26,1,2011-10-23 12:56:00,2011-10-23 12:56:00,0,0,Segment 0
16018,2,190,408.9,26,2,2011-06-12 13:52:00,2011-10-31 14:13:00,141,0,Segment 0
16019,10,1649,3450.24,133,10,2010-12-10 12:29:00,2011-12-08 10:06:00,362,2,Segment 2
16020,3,487,851.01,42,2,2011-10-05 13:54:00,2011-11-23 11:18:00,48,2,Segment 2
16022,1,255,602.63,68,1,2011-03-24 13:16:00,2011-03-24 13:16:00,0,2,Segment 2
16023,3,358,719.81,90,3,2011-03-18 13:32:00,2011-10-24 16:34:00,220,2,Segment 2
16024,1,397,251.03,61,1,2011-11-27 13:26:00,2011-11-27 13:26:00,0,2,Segment 2
16025,1,338,439.66,28,1,2011-11-10 11:45:00,2011-11-10 11:45:00,0,0,Segment 0
16026,1,243,236.09,30,1,2011-10-27 13:53:00,2011-10-27 13:53:00,0,0,Segment 0
16027,7,1146,852.12,12,7,2011-02-10 12:19:00,2011-09-09 10:47:00,210,0,Segment 0
16029,76,33632,53168.69,46,45,2010-12-01 09:57:00,2011-11-01 10:27:00,335,3,Segment 3
16030,1,283,331.24,28,1,2011-02-03 11:28:00,2011-02-03 11:28:00,0,0,Segment 0
16031,2,421,547.9,91,2,2011-04-06 14:23:00,2011-09-08 13:07:00,154,2,Segment 2
16033,27,3506,8690.03,539,18,2010-12-05 10:36:00,2011-12-04 12:44:00,364,2,Segment 2
16034,3,242,437.7,18,3,2011-01-11 11:54:00,2011-05-27 16:17:00,136,0,Segment 0
16036,2,716,758.92,55,2,2011-03-21 13:01:00,2011-09-13 14:53:00,176,2,Segment 2
16037,3,428,855.02,37,3,2010-12-16 10:18:00,2011-03-15 09:13:00,88,2,Segment 2
16038,4,241,454.33,24,4,2011-05-22 11:29:00,2011-12-02 12:40:00,194,0,Segment 0
16040,3,684,1313.55,57,3,2011-03-16 09:58:00,2011-10-05 13:47:00,203,2,Segment 2
16041,3,1584,3166.4,6,2,2011-07-21 16:27:00,2011-11-09 12:25:00,110,0,Segment 0
16042,7,733,1127.57,68,6,2010-12-02 12:50:00,2011-11-17 17:50:00,350,2,Segment 2
16043,4,503,773.99,30,4,2011-01-26 11:14:00,2011-11-02 12:50:00,280,0,Segment 0
16045,4,897,1340.7,71,4,2011-02-22 14:55:00,2011-08-12 12:41:00,170,2,Segment 2
16048,3,143,243.69000000000003,9,2,2010-12-01 15:27:00,2011-09-15 10:12:00,287,0,Segment 0
16049,3,763,1074.81,248,3,2011-09-25 14:33:00,2011-10-30 13:19:00,34,2,Segment 2
16050,1,278,137.9,10,1,2011-06-19 11:44:00,2011-06-19 11:44:00,0,0,Segment 0
16052,1,282,362.06,34,1,2011-10-16 15:13:00,2011-10-16 15:13:00,0,2,Segment 2
16053,2,1793,1511.95,81,2,2011-08-09 14:57:00,2011-11-07 11:21:00,89,2,Segment 2
16054,1,380,783.9,70,1,2011-07-17 13:08:00,2011-07-17 13:08:00,0,2,Segment 2
16055,1,22,134.8,8,1,2011-05-03 09:26:00,2011-05-03 09:26:00,0,0,Segment 0
16056,1,345,650.75,66,1,2011-10-25 15:19:00,2011-10-25 15:19:00,0,2,Segment 2
16057,10,833,2140.2200000000003,109,7,2011-02-28 10:35:00,2011-12-05 16:36:00,280,2,Segment 2
16059,6,641,1453.16,126,6,2010-12-07 10:36:00,2011-10-05 09:56:00,301,2,Segment 2
16061,1,-1,-29.95,1,1,2011-03-15 14:41:00,2011-03-15 14:41:00,0,0,Segment 0
16062,4,800,1153.62,50,4,2010-12-10 12:00:00,2011-11-30 12:15:00,355,2,Segment 2
16063,1,262,335.32,23,1,2011-03-24 14:55:00,2011-03-24 14:56:00,0,0,Segment 0
16065,1,228,367.14,71,1,2010-12-09 13:03:00,2010-12-09 13:03:00,0,2,Segment 2
16066,5,935,1521.04,77,5,2011-08-07 14:33:00,2011-11-23 11:54:00,107,2,Segment 2
16070,2,457,852.15,32,2,2011-11-07 16:36:00,2011-11-17 15:50:00,9,2,Segment 2
16071,1,180,326.24,21,1,2011-10-26 11:14:00,2011-10-26 11:14:00,0,0,Segment 0
16072,1,140,584.3199999999999,23,1,2011-02-24 14:32:00,2011-02-24 14:32:00,0,0,Segment 0
16073,2,37,94.35,1,2,2011-02-15 15:41:00,2011-02-21 12:33:00,5,0,Segment 0
16076,11,1363,2173.53,71,9,2011-05-15 12:31:00,2011-12-06 14:59:00,205,2,Segment 2
16078,1,16,79.2,1,1,2011-03-01 09:47:00,2011-03-01 09:47:00,0,0,Segment 0
16079,3,864,1352.0,18,3,2011-10-30 13:06:00,2011-11-23 12:48:00,23,0,Segment 0
16080,3,104,176.6,10,3,2011-03-10 14:44:00,2011-09-19 10:42:00,192,0,Segment 0
16081,5,1473,2799.42,175,5,2010-12-08 11:16:00,2011-10-14 13:06:00,310,2,Segment 2
16083,2,908,1317.62,31,2,2010-12-14 11:51:00,2011-08-31 10:47:00,259,0,Segment 0
16084,1,216,436.18,38,1,2011-02-13 16:05:00,2011-02-13 16:05:00,0,2,Segment 2
16085,5,636,981.51,123,5,2011-01-23 12:07:00,2011-11-16 13:24:00,297,2,Segment 2
16086,6,510,1119.31,24,6,2010-12-07 13:45:00,2011-10-11 13:09:00,307,0,Segment 0
16091,2,154,315.06,16,2,2011-05-25 09:18:00,2011-07-08 08:45:00,43,0,Segment 0
16092,5,602,779.36,37,5,2011-03-30 15:38:00,2011-09-02 11:46:00,155,2,Segment 2
16093,1,20,17.0,1,1,2011-08-25 11:09:00,2011-08-25 11:09:00,0,0,Segment 0
16094,6,633,1041.83,48,5,2011-01-06 17:36:00,2011-11-28 12:45:00,325,2,Segment 2
16096,1,155,320.62,12,1,2011-03-20 13:38:00,2011-03-20 13:38:00,0,0,Segment 0
16097,1,87,185.05,10,1,2011-04-13 13:47:00,2011-04-13 13:47:00,0,0,Segment 0
16098,7,613,2005.63,34,7,2010-12-01 09:45:00,2011-09-13 09:59:00,286,2,Segment 2
16099,3,434,731.9,29,3,2011-04-28 08:34:00,2011-10-20 13:13:00,175,0,Segment 0
16101,3,738,1245.96,76,3,2011-09-30 10:18:00,2011-11-30 16:54:00,61,2,Segment 2
16102,3,942,1842.14,41,3,2011-08-03 12:50:00,2011-10-28 13:19:00,86,2,Segment 2
16103,6,558,1429.64,30,6,2011-04-20 12:28:00,2011-12-02 14:16:00,226,0,Segment 0
16104,1,122,298.21,28,1,2011-10-09 10:23:00,2011-10-09 10:23:00,0,0,Segment 0
16105,1,330,336.96,13,1,2011-04-05 10:13:00,2011-04-05 10:13:00,0,0,Segment 0
16106,1,74,108.38,6,1,2011-10-05 10:37:00,2011-10-05 10:37:00,0,0,Segment 0
16107,7,1176,3204.1600000000003,16,7,2011-06-09 18:42:00,2011-11-22 09:40:00,165,0,Segment 0
16108,2,599,816.1,48,1,2011-09-16 11:48:00,2011-09-16 11:51:00,0,2,Segment 2
16109,2,612,611.88,18,2,2011-02-04 12:37:00,2011-05-05 09:17:00,89,0,Segment 0
16110,3,720,1320.95,283,3,2011-02-01 14:01:00,2011-10-25 14:35:00,266,2,Segment 2
16112,4,574,195.74,15,4,2011-01-05 11:47:00,2011-07-19 14:28:00,195,0,Segment 0
16113,1,176,161.38,30,1,2011-06-09 16:16:00,2011-06-09 16:16:00,0,0,Segment 0
16114,1,43,135.75000000000003,8,1,2011-06-22 10:13:00,2011-06-22 10:13:00,0,0,Segment 0
16115,8,994,1660.88,169,8,2011-02-20 12:14:00,2011-11-30 11:32:00,282,2,Segment 2
16116,2,246,592.88,34,2,2011-05-12 12:01:00,2011-05-18 09:23:00,5,2,Segment 2
16117,1,130,232.21,30,1,2011-06-03 11:42:00,2011-06-03 11:42:00,0,0,Segment 0
16119,2,240,423.36,14,2,2011-09-28 10:15:00,2011-12-01 15:11:00,64,0,Segment 0
16120,5,866,1294.14,26,1,2011-10-11 14:10:00,2011-10-11 14:22:00,0,0,Segment 0
16121,2,576,854.66,170,2,2011-05-08 11:52:00,2011-10-13 12:59:00,158,2,Segment 2
16122,4,1128,684.4200000000001,26,4,2010-12-08 11:41:00,2011-09-27 15:34:00,293,0,Segment 0
16123,1,170,307.78,16,1,2011-10-19 09:18:00,2011-10-19 09:18:00,0,0,Segment 0
16124,2,41,187.15,11,2,2011-01-26 14:45:00,2011-01-27 16:05:00,1,0,Segment 0
16125,1,124,289.35,13,1,2010-12-07 15:48:00,2010-12-07 15:48:00,0,0,Segment 0
16126,4,2125,6287.77,57,4,2011-02-16 11:18:00,2011-11-10 16:03:00,267,2,Segment 2
16127,1,323,656.25,40,1,2011-10-31 13:58:00,2011-10-31 13:58:00,0,2,Segment 2
16128,5,988,1880.22,76,5,2011-03-02 12:21:00,2011-11-22 11:14:00,264,2,Segment 2
16131,6,1802,3506.54,55,4,2011-04-14 08:32:00,2011-10-19 11:53:00,188,2,Segment 2
16133,46,8738,14305.66,221,41,2011-01-25 15:55:00,2011-12-06 11:24:00,314,2,Segment 2
16134,3,357,603.69,34,3,2010-12-15 14:00:00,2011-11-18 10:05:00,337,2,Segment 2
16135,1,209,517.55,21,1,2011-03-22 12:30:00,2011-03-22 12:30:00,0,0,Segment 0
16136,3,440,709.38,35,3,2011-03-07 09:52:00,2011-10-11 09:10:00,217,2,Segment 2
16138,1,-1,-7.95,1,1,2010-12-06 15:10:00,2010-12-06 15:10:00,0,0,Segment 0
16139,3,330,635.41,25,3,2011-05-17 10:23:00,2011-11-21 08:37:00,187,0,Segment 0
16140,4,727,703.77,33,3,2010-12-03 14:40:00,2011-10-18 10:59:00,318,2,Segment 2
16141,1,238,620.4,30,1,2011-09-12 13:11:00,2011-09-12 13:11:00,0,0,Segment 0
16142,1,422,535.34,37,1,2011-04-04 10:16:00,2011-04-04 10:16:00,0,2,Segment 2
16143,7,917,2419.84,75,7,2010-12-05 15:18:00,2011-12-06 14:13:00,365,2,Segment 2
16144,1,16,175.2,1,1,2011-04-07 10:09:00,2011-04-07 10:09:00,0,0,Segment 0
16145,18,3072,3741.98,134,18,2010-12-15 09:09:00,2011-12-01 10:33:00,351,2,Segment 2
16146,3,427,734.13,26,3,2011-04-21 15:25:00,2011-07-05 14:20:00,74,0,Segment 0
16147,1,246,375.0,22,1,2011-07-29 09:57:00,2011-07-29 09:57:00,0,0,Segment 0
16148,1,72,76.32000000000001,1,1,2011-02-16 14:01:00,2011-02-16 14:01:00,0,0,Segment 0
16149,2,308,280.52,18,2,2011-07-20 14:54:00,2011-12-05 11:29:00,137,0,Segment 0
16150,10,1004,1906.07,91,10,2010-12-02 18:27:00,2011-11-01 09:29:00,333,2,Segment 2
16152,1,642,1829.04,29,1,2011-03-16 09:47:00,2011-03-16 09:47:00,0,0,Segment 0
16153,5,1073,1824.23,78,5,2010-12-20 09:22:00,2011-10-21 10:50:00,305,2,Segment 2
16156,13,1235,2994.62,109,13,2011-02-02 12:02:00,2011-12-01 12:42:00,302,2,Segment 2
16157,4,344,644.24,12,4,2011-09-28 11:48:00,2011-11-24 11:41:00,56,0,Segment 0
16159,1,236,348.2,14,1,2011-03-03 12:27:00,2011-03-03 12:27:00,0,0,Segment 0
16160,4,1153,1009.45,20,4,2011-09-15 10:53:00,2011-10-06 18:30:00,21,0,Segment 0
16161,26,2490,5311.08,293,20,2010-12-06 09:40:00,2011-12-08 12:10:00,367,2,Segment 2
16162,1,4,37.4,2,1,2011-04-01 15:03:00,2011-04-01 15:03:00,0,0,Segment 0
16163,3,92,441.6,5,3,2010-12-09 16:28:00,2011-04-28 19:43:00,140,0,Segment 0
16164,4,432,802.53,27,4,2011-10-28 09:12:00,2011-11-22 15:04:00,25,0,Segment 0
16168,28,1888,3770.6,57,26,2010-12-05 11:38:00,2011-11-29 12:45:00,359,2,Segment 2
16169,4,1325,1822.97,71,4,2011-09-25 11:33:00,2011-12-01 15:28:00,67,2,Segment 2
16170,7,1766,1880.42,106,7,2011-04-05 13:42:00,2011-10-20 08:21:00,197,2,Segment 2
16171,1,24,73.2,3,1,2011-10-11 14:51:00,2011-10-11 14:51:00,0,0,Segment 0
16172,5,787,1140.21,52,4,2011-04-12 12:02:00,2011-09-05 13:22:00,146,2,Segment 2
16173,7,571,1406.57,70,6,2011-09-02 15:23:00,2011-11-24 10:53:00,82,2,Segment 2
16174,3,651,1009.55,19,3,2011-07-11 09:23:00,2011-08-05 13:26:00,25,0,Segment 0
16175,4,533,1037.59,45,4,2011-04-13 14:38:00,2011-09-06 14:32:00,145,2,Segment 2
16177,1,95,331.95,15,1,2011-10-20 12:57:00,2011-10-20 12:57:00,0,0,Segment 0
16178,1,94,197.9,8,1,2011-07-24 16:05:00,2011-07-24 16:05:00,0,0,Segment 0
16179,1,99,215.83,11,1,2011-10-10 09:41:00,2011-10-10 09:41:00,0,0,Segment 0
16180,10,5853,10217.48,92,9,2011-04-01 10:23:00,2011-08-31 16:28:00,152,2,Segment 2
16181,1,152,305.54,11,1,2011-09-27 13:38:00,2011-09-27 13:38:00,0,0,Segment 0
16182,4,3791,6617.65,17,4,2011-02-18 10:11:00,2011-09-28 13:23:00,222,0,Segment 0
16183,1,113,338.71000000000004,15,1,2011-10-03 14:59:00,2011-10-03 14:59:00,0,0,Segment 0
16184,7,560,1155.54,26,7,2011-05-12 13:33:00,2011-10-06 17:43:00,147,0,Segment 0
16185,2,260,529.41,31,2,2011-04-21 11:59:00,2011-11-23 09:41:00,215,0,Segment 0
16186,13,3008,3991.94,87,11,2010-12-02 14:40:00,2011-11-17 12:43:00,349,2,Segment 2
16187,17,5004,6841.24,160,13,2011-02-28 13:34:00,2011-11-08 09:50:00,252,2,Segment 2
16188,4,782,981.86,65,4,2011-04-11 09:44:00,2011-10-26 12:19:00,198,2,Segment 2
16189,2,134,215.48,9,2,2011-09-15 15:21:00,2011-11-24 11:47:00,69,0,Segment 0
16190,1,88,215.08,6,1,2011-10-30 15:59:00,2011-10-30 15:59:00,0,0,Segment 0
16191,25,3203,4913.32,67,19,2010-12-14 12:38:00,2011-12-07 11:26:00,357,2,Segment 2
16193,1,219,314.45,19,1,2011-04-17 11:45:00,2011-04-17 11:45:00,0,0,Segment 0
16198,1,129,400.681,15,1,2011-09-25 14:58:00,2011-09-25 14:58:00,0,0,Segment 0
16200,2,516,1068.87,149,2,2011-06-28 15:47:00,2011-12-05 14:40:00,159,2,Segment 2
16201,5,1267,1821.52,74,5,2011-08-22 10:47:00,2011-12-06 16:02:00,106,2,Segment 2
16202,1,191,365.27,18,1,2010-12-14 10:43:00,2010-12-14 10:43:00,0,0,Segment 0
16203,5,261,589.15,27,5,2010-12-02 15:39:00,2011-10-12 12:31:00,313,0,Segment 0
16204,1,218,384.18,45,1,2011-11-16 13:40:00,2011-11-16 13:40:00,0,2,Segment 2
16205,4,516,757.63,73,4,2011-06-13 11:33:00,2011-11-09 09:32:00,148,2,Segment 2
16206,4,272,537.0600000000001,52,4,2011-01-16 11:07:00,2011-10-16 10:41:00,272,2,Segment 2
16207,1,140,394.38,19,1,2011-11-14 13:51:00,2011-11-14 13:51:00,0,0,Segment 0
16208,2,333,664.26,61,2,2011-02-23 13:37:00,2011-10-26 11:36:00,244,2,Segment 2
16209,5,1179,2262.62,37,5,2011-04-07 12:23:00,2011-09-12 11:58:00,157,2,Segment 2
16210,18,7559,21086.3,74,17,2010-12-01 12:27:00,2011-12-08 12:36:00,372,2,Segment 2
16211,2,153,542.77,23,2,2011-09-12 12:11:00,2011-09-19 16:23:00,7,0,Segment 0
16212,3,241,681.19,40,3,2011-03-01 12:51:00,2011-11-20 13:00:00,264,2,Segment 2
16213,1,48,159.0,6,1,2011-09-22 10:03:00,2011-09-22 10:03:00,0,0,Segment 0
16214,3,420,1062.75,36,3,2011-03-15 13:23:00,2011-06-22 11:30:00,98,2,Segment 2
16215,1,104,242.35,14,1,2011-09-20 10:18:00,2011-09-20 10:18:00,0,0,Segment 0
16216,1,254,914.93,37,1,2011-03-17 15:34:00,2011-03-17 15:34:00,0,2,Segment 2
16217,4,76,259.39000000000004,14,4,2011-03-02 15:28:00,2011-04-18 13:31:00,46,0,Segment 0
16218,8,2077,3054.87,56,7,2010-12-01 11:29:00,2011-11-10 09:59:00,343,2,Segment 2
16221,3,714,860.86,90,3,2010-12-07 13:13:00,2011-11-03 11:43:00,330,2,Segment 2
16222,1,325,773.5500000000001,120,1,2011-01-25 13:38:00,2011-01-25 13:38:00,0,2,Segment 2
16224,4,1116,1295.3,90,4,2011-04-04 12:00:00,2011-10-13 17:51:00,192,2,Segment 2
16225,5,493,1096.32,109,4,2011-03-07 12:17:00,2011-10-26 08:30:00,232,2,Segment 2
16226,3,192,255.12,6,3,2011-04-18 12:58:00,2011-05-20 14:41:00,32,0,Segment 0
16227,2,88,308.32000000000005,6,2,2011-04-28 13:33:00,2011-05-04 16:27:00,6,0,Segment 0
16229,2,318,1010.6,46,2,2011-05-11 10:18:00,2011-09-13 17:16:00,125,2,Segment 2
16230,2,365,542.03,32,2,2011-05-03 15:12:00,2011-06-03 10:06:00,30,0,Segment 0
16232,5,547,983.23,24,4,2011-05-08 14:05:00,2011-11-07 11:12:00,182,0,Segment 0
16233,5,165,422.13,22,5,2010-12-08 12:51:00,2011-09-29 17:27:00,295,0,Segment 0
16235,6,328,858.41,42,6,2011-01-11 15:42:00,2011-10-30 10:56:00,291,2,Segment 2
16236,1,184,432.2,20,1,2011-09-22 14:10:00,2011-09-22 14:10:00,0,0,Segment 0
16239,3,218,372.9,18,3,2011-06-03 09:30:00,2011-10-14 08:29:00,132,0,Segment 0
16240,5,1634,3693.81,127,5,2011-09-23 13:44:00,2011-12-01 14:02:00,69,2,Segment 2
16241,13,1443,2590.31,347,12,2010-12-05 11:04:00,2011-11-30 11:08:00,360,2,Segment 2
16242,8,1968,3574.91,184,7,2011-03-07 17:04:00,2011-12-01 15:12:00,268,2,Segment 2
16243,2,110,409.1,49,2,2011-10-16 12:09:00,2011-11-06 12:32:00,21,2,Segment 2
16244,2,855,1522.75,88,2,2010-12-02 11:41:00,2011-05-12 10:18:00,160,2,Segment 2
16245,5,1008,1352.36,80,5,2011-03-28 09:30:00,2011-11-16 10:14:00,233,2,Segment 2
16247,1,182,114.56,16,1,2011-06-22 14:23:00,2011-06-22 14:23:00,0,0,Segment 0
16248,1,78,152.94,7,1,2011-10-09 11:32:00,2011-10-09 11:32:00,0,0,Segment 0
16249,5,950,1800.07,67,5,2011-04-14 13:50:00,2011-10-18 10:07:00,186,2,Segment 2
16250,2,208,389.44,22,2,2010-12-01 09:59:00,2011-03-23 15:07:00,112,0,Segment 0
16252,1,-158,-295.09,21,1,2010-12-08 16:15:00,2010-12-08 16:15:00,0,0,Segment 0
16253,3,3137,3665.62,115,3,2011-03-29 13:33:00,2011-11-08 11:23:00,223,2,Segment 2
16255,10,1760,2609.3,146,10,2010-12-09 14:25:00,2011-11-23 12:40:00,348,2,Segment 2
16256,2,577,732.63,13,2,2011-03-18 12:18:00,2011-03-27 12:14:00,8,0,Segment 0
16257,1,2,46.95,2,1,2011-06-16 10:11:00,2011-06-16 10:11:00,0,0,Segment 0
16258,5,2994,5203.51,111,5,2011-05-04 14:33:00,2011-10-25 13:30:00,173,2,Segment 2
16260,1,311,1035.45,18,1,2011-10-20 09:40:00,2011-10-20 09:40:00,0,0,Segment 0
16261,4,301,728.54,98,4,2011-04-07 19:05:00,2011-11-22 17:23:00,228,2,Segment 2
16262,1,-5,-31.65,3,1,2010-12-14 11:55:00,2010-12-14 11:55:00,0,0,Segment 0
16265,11,2627,5423.15,164,10,2010-12-10 10:21:00,2011-11-30 16:41:00,355,2,Segment 2
16266,7,398,861.89,44,6,2011-05-17 14:50:00,2011-09-27 12:08:00,132,2,Segment 2
16268,2,533,667.65,45,1,2011-09-29 18:30:00,2011-09-29 18:30:00,0,2,Segment 2
16270,1,688,1141.24,54,1,2010-12-21 14:26:00,2010-12-21 14:26:00,0,2,Segment 2
16271,6,1023,1398.69,90,5,2010-12-16 16:36:00,2011-12-07 12:45:00,355,2,Segment 2
16272,1,224,411.7,25,1,2011-08-15 10:53:00,2011-08-15 10:54:00,0,0,Segment 0
16274,1,153,351.75,64,1,2010-12-01 15:35:00,2010-12-01 15:35:00,0,2,Segment 2
16275,1,336,559.87,33,1,2011-05-27 12:41:00,2011-05-27 12:41:00,0,2,Segment 2
16276,1,420,810.6000000000001,6,1,2011-06-16 09:34:00,2011-06-16 09:34:00,0,0,Segment 0
16278,3,109,537.83,23,3,2011-08-31 17:12:00,2011-11-16 16:09:00,76,0,Segment 0
16279,4,1044,1489.88,104,4,2011-01-10 09:56:00,2011-11-18 15:00:00,312,2,Segment 2
16281,1,934,2062.06,17,1,2011-09-28 14:57:00,2011-09-28 14:57:00,0,0,Segment 0
16282,1,114,168.3,11,1,2011-01-04 11:42:00,2011-01-04 11:42:00,0,0,Segment 0
16283,7,1222,1531.51,117,5,2011-05-15 13:37:00,2011-12-04 12:08:00,202,2,Segment 2
16284,2,535,812.68,87,2,2011-10-20 13:54:00,2011-11-08 16:12:00,19,2,Segment 2
16287,1,298,142.5,8,1,2011-06-23 09:08:00,2011-06-23 09:08:00,0,0,Segment 0
16292,2,188,280.9,17,2,2011-08-10 12:24:00,2011-08-14 14:30:00,4,0,Segment 0
16293,12,978,2236.74,102,8,2010-12-07 15:02:00,2011-12-01 09:13:00,358,2,Segment 2
16295,4,841,1328.55,70,4,2011-10-06 10:45:00,2011-11-30 08:17:00,54,2,Segment 2
16297,4,180,275.4,21,4,2011-03-16 08:29:00,2011-05-11 11:15:00,56,0,Segment 0
16298,3,198,598.2,22,3,2011-06-06 10:06:00,2011-11-17 11:59:00,164,0,Segment 0
16302,2,134,212.82,11,2,2011-08-05 09:44:00,2011-08-24 09:25:00,18,0,Segment 0
16303,4,2621,5305.83,119,4,2011-01-10 14:16:00,2011-11-14 10:49:00,307,2,Segment 2
16305,1,256,361.22,22,1,2011-07-24 12:18:00,2011-07-24 12:18:00,0,0,Segment 0
16306,9,471,602.27,36,6,2010-12-07 15:18:00,2011-05-10 12:12:00,153,2,Segment 2
16308,4,8000,2560.0,1,4,2011-03-23 14:46:00,2011-11-02 11:24:00,223,0,Segment 0
16309,3,465,686.67,39,3,2011-04-13 11:46:00,2011-09-09 12:26:00,149,2,Segment 2
16311,2,394,616.26,35,2,2011-10-21 13:13:00,2011-11-22 08:54:00,31,2,Segment 2
16313,2,165,274.15000000000003,16,2,2011-10-21 09:04:00,2011-12-06 13:02:00,46,0,Segment 0
16315,1,75,226.37,14,1,2011-01-13 11:57:00,2011-01-13 11:57:00,0,0,Segment 0
16316,12,1466,2755.56,121,10,2010-12-16 14:26:00,2011-10-06 13:48:00,293,2,Segment 2
16317,3,890,1341.65,64,3,2011-02-15 14:30:00,2011-08-12 12:46:00,177,2,Segment 2
16318,1,199,328.15,19,1,2011-11-04 13:05:00,2011-11-04 13:05:00,0,0,Segment 0
16319,1,72,404.4,3,1,2011-05-06 11:27:00,2011-05-06 11:27:00,0,0,Segment 0
16320,2,732,1038.46,56,2,2011-05-10 15:31:00,2011-06-20 15:25:00,40,2,Segment 2
16321,7,78,230.7,7,3,2011-01-20 12:11:00,2011-09-28 14:55:00,251,0,Segment 0
16322,2,231,326.75,28,2,2011-11-03 14:33:00,2011-12-08 15:41:00,35,0,Segment 0
16323,1,50,207.50000000000003,1,1,2011-05-27 14:48:00,2011-05-27 14:48:00,0,0,Segment 0
16324,3,270,408.59,100,2,2011-06-15 14:26:00,2011-08-03 12:58:00,48,2,Segment 2
16325,5,164,510.54,14,5,2011-04-08 09:20:00,2011-10-26 16:29:00,201,0,Segment 0
16326,15,662,3014.2200000000003,158,13,2011-01-09 12:01:00,2011-12-04 10:11:00,328,2,Segment 2
16327,6,2560,3820.27,142,6,2010-12-05 12:43:00,2011-11-25 13:23:00,355,2,Segment 2
16330,4,145,242.21,39,3,2011-08-19 17:08:00,2011-11-22 12:24:00,94,2,Segment 2
16332,8,789,1572.8,125,7,2011-02-07 14:16:00,2011-11-11 14:22:00,277,2,Segment 2
16333,22,32184,26626.8,9,13,2011-02-03 10:50:00,2011-12-02 12:19:00,302,3,Segment 3
16337,1,87,151.05,10,1,2011-11-03 10:03:00,2011-11-03 10:03:00,0,0,Segment 0
16338,1,94,214.8,11,1,2011-07-05 13:56:00,2011-07-05 13:56:00,0,0,Segment 0
16339,1,21,94.05,17,1,2011-02-28 13:41:00,2011-02-28 13:41:00,0,0,Segment 0
16340,1,486,534.31,124,1,2011-08-24 14:53:00,2011-08-24 14:53:00,0,2,Segment 2
16341,6,1388,1959.38,60,5,2011-05-22 13:20:00,2011-11-15 09:12:00,176,2,Segment 2
16342,4,157,322.41,10,4,2011-06-13 10:10:00,2011-09-25 14:36:00,104,0,Segment 0
16343,2,175,328.58,29,1,2011-11-23 17:43:00,2011-11-23 17:45:00,0,0,Segment 0
16344,1,18,101.1,1,1,2011-07-04 15:50:00,2011-07-04 15:50:00,0,0,Segment 0
16345,1,288,565.46,35,1,2011-10-26 16:03:00,2011-10-26 16:03:00,0,2,Segment 2
16347,2,341,847.45,61,2,2011-11-03 13:01:00,2011-11-28 13:14:00,25,2,Segment 2
16348,7,805,1415.65,157,6,2011-04-13 15:49:00,2011-11-07 15:44:00,207,2,Segment 2
16349,1,9,53.5,9,1,2011-02-22 12:40:00,2011-02-22 12:40:00,0,0,Segment 0
16350,5,542,1100.47,41,5,2010-12-09 14:43:00,2011-11-18 15:53:00,344,2,Segment 2
16351,1,90,153.9,8,1,2011-01-11 10:26:00,2011-01-11 10:26:00,0,0,Segment 0
16352,2,300,494.44,28,2,2011-11-02 08:44:00,2011-11-22 10:32:00,20,0,Segment 0
16353,23,2006,6675.71,51,20,2010-12-05 12:09:00,2011-12-06 12:23:00,366,2,Segment 2
16354,2,150,395.8,38,2,2011-09-27 16:28:00,2011-10-07 14:28:00,9,2,Segment 2
16356,4,92,210.32,20,3,2011-03-07 12:31:00,2011-05-26 11:51:00,79,0,Segment 0
16357,3,246,658.88,31,3,2011-05-10 10:35:00,2011-11-06 16:04:00,180,0,Segment 0
16358,5,1301,2024.95,82,5,2011-06-08 15:05:00,2011-12-08 15:09:00,183,2,Segment 2
16359,12,1154,1460.37,39,11,2011-01-12 10:49:00,2011-12-02 17:04:00,324,2,Segment 2
16360,8,2094,3349.57,365,6,2011-09-12 13:50:00,2011-12-05 12:16:00,83,2,Segment 2
16361,4,418,891.21,87,4,2011-09-29 13:13:00,2011-11-30 12:32:00,61,2,Segment 2
16362,9,314,627.29,58,5,2011-09-09 14:47:00,2011-11-07 13:01:00,58,2,Segment 2
16363,1,52,109.36,5,1,2011-10-17 14:14:00,2011-10-17 14:14:00,0,0,Segment 0
16364,2,279,705.79,48,2,2011-07-25 14:35:00,2011-11-28 11:27:00,125,2,Segment 2
16365,9,504,1540.42,45,8,2010-12-07 17:19:00,2011-11-22 11:24:00,349,2,Segment 2
16366,1,256,327.3,18,1,2011-11-21 08:19:00,2011-11-21 08:19:00,0,0,Segment 0
16367,2,643,800.67,123,2,2010-12-12 12:01:00,2011-11-02 13:13:00,325,2,Segment 2
16368,2,251,479.91,58,2,2011-11-11 15:08:00,2011-12-07 13:12:00,25,2,Segment 2
16369,3,1030,1545.41,91,3,2011-05-27 09:39:00,2011-11-21 16:25:00,178,2,Segment 2
16370,4,640,1301.91,143,4,2011-04-28 16:40:00,2011-09-18 15:55:00,142,2,Segment 2
16372,2,158,355.73,86,1,2011-11-06 12:50:00,2011-11-06 13:08:00,0,2,Segment 2
16374,2,237,466.73,101,2,2011-03-22 13:46:00,2011-10-04 15:21:00,196,2,Segment 2
16376,3,686,965.47,104,2,2011-11-22 16:47:00,2011-12-01 11:38:00,8,2,Segment 2
16377,1,1500,676.2,5,1,2011-03-17 15:41:00,2011-03-17 15:41:00,0,0,Segment 0
16378,3,267,362.95,22,3,2011-02-02 12:42:00,2011-04-06 15:07:00,63,0,Segment 0
16379,5,1408,2131.9,87,5,2011-09-22 09:33:00,2011-12-05 15:38:00,74,2,Segment 2
16380,1,1428,1743.15,28,1,2011-10-09 15:40:00,2011-10-09 15:40:00,0,0,Segment 0
16383,2,467,643.76,80,2,2011-03-16 13:00:00,2011-09-26 12:45:00,193,2,Segment 2
16384,2,260,584.5,33,2,2011-03-21 10:13:00,2011-09-11 11:19:00,174,2,Segment 2
16385,3,258,554.86,52,3,2010-12-08 12:56:00,2011-10-10 13:12:00,306,2,Segment 2
16386,2,205,302.57,76,2,2011-03-31 12:19:00,2011-11-11 12:28:00,225,2,Segment 2
16387,1,44,94.36,4,1,2011-01-21 11:34:00,2011-01-21 11:34:00,0,0,Segment 0
16389,5,1230,1362.27,33,5,2011-03-01 15:47:00,2011-10-17 14:41:00,229,2,Segment 2
16392,1,201,217.89,41,1,2011-03-15 12:11:00,2011-03-15 12:11:00,0,2,Segment 2
16393,20,1526,2935.8,121,13,2010-12-05 13:10:00,2011-12-07 12:51:00,366,2,Segment 2
16394,9,2317,1412.06,61,9,2011-02-23 10:58:00,2011-10-20 19:16:00,239,2,Segment 2
16395,5,1472,1482.06,150,5,2011-01-13 12:10:00,2011-10-10 12:50:00,270,2,Segment 2
16398,4,745,1631.15,75,4,2011-03-31 09:38:00,2011-07-18 10:14:00,109,2,Segment 2
16399,2,263,408.02,68,2,2011-04-18 13:46:00,2011-11-20 16:12:00,216,2,Segment 2
16400,1,172,303.93,28,1,2011-09-06 12:27:00,2011-09-06 12:27:00,0,0,Segment 0
16401,20,3858,4061.24,68,17,2011-01-16 10:56:00,2011-12-08 18:15:00,326,2,Segment 2
16402,2,146,293.45,55,2,2010-12-05 13:42:00,2011-03-20 12:25:00,104,2,Segment 2
16403,2,103,161.04999999999998,10,2,2011-01-31 13:39:00,2011-02-10 16:40:00,10,0,Segment 0
16404,1,157,443.05,23,1,2011-09-30 14:55:00,2011-09-30 14:55:00,0,0,Segment 0
16405,2,187,167.25,3,2,2011-02-02 17:08:00,2011-02-10 15:24:00,7,0,Segment 0
16406,1,117,154.35,55,1,2011-11-21 11:57:00,2011-11-21 11:57:00,0,2,Segment 2
16407,10,1093,2079.68,99,9,2011-01-31 14:02:00,2011-11-27 11:05:00,299,2,Segment 2
16409,5,1304,2022.98,145,5,2011-01-26 14:51:00,2011-11-03 16:45:00,281,2,Segment 2
16411,2,131,211.7,41,2,2010-12-05 13:26:00,2011-11-20 13:23:00,349,2,Segment 2
16412,1,63,135.99,25,1,2011-10-17 12:35:00,2011-10-17 12:35:00,0,0,Segment 0
16413,1,148,262.2,30,1,2011-10-14 12:08:00,2011-10-14 12:08:00,0,0,Segment 0
16414,2,27,126.25,5,2,2011-03-04 13:27:00,2011-11-18 09:42:00,258,0,Segment 0
16415,1,178,200.27,45,1,2011-10-26 13:35:00,2011-10-26 13:35:00,0,2,Segment 2
16416,4,655,1026.99,60,4,2011-10-14 13:35:00,2011-11-13 12:50:00,29,2,Segment 2
16418,3,280,631.12,76,3,2011-04-27 16:54:00,2011-10-26 12:39:00,181,2,Segment 2
16419,7,427,945.96,36,6,2011-02-01 12:25:00,2011-08-19 12:33:00,199,2,Segment 2
16422,75,32592,33805.69,72,67,2010-12-05 15:35:00,2011-11-22 14:00:00,351,3,Segment 3
16423,1,230,346.12,18,1,2011-11-15 09:21:00,2011-11-15 09:21:00,0,0,Segment 0
16424,2,82,82.56,6,2,2011-01-06 13:56:00,2011-06-01 13:40:00,145,0,Segment 0
16425,1,199,302.7,21,1,2011-02-10 14:30:00,2011-02-10 14:30:00,0,0,Segment 0
16426,10,1215,1863.76,211,7,2011-03-08 15:45:00,2011-12-07 14:01:00,273,2,Segment 2
16427,2,156,241.06,8,2,2011-02-28 15:18:00,2011-03-21 17:10:00,21,0,Segment 0
16428,1,-1,-2.95,1,1,2011-09-19 16:31:00,2011-09-19 16:31:00,0,0,Segment 0
16429,1,9,284.55,2,1,2011-08-25 13:54:00,2011-08-25 13:54:00,0,0,Segment 0
16430,1,103,300.85,6,1,2011-10-13 14:47:00,2011-10-13 14:47:00,0,0,Segment 0
16431,3,442,623.28,51,2,2011-02-15 14:02:00,2011-05-10 14:09:00,84,2,Segment 2
16432,1,276,287.4,8,1,2011-10-06 13:59:00,2011-10-06 13:59:00,0,0,Segment 0
16433,1,106,184.26,17,1,2011-11-11 14:09:00,2011-11-11 14:09:00,0,0,Segment 0
16434,7,760,1511.8,88,7,2011-02-13 12:17:00,2011-11-10 14:28:00,270,2,Segment 2
16438,5,463,798.35,74,5,2011-09-18 13:31:00,2011-12-04 10:51:00,76,2,Segment 2
16440,5,2018,3640.67,186,5,2011-05-09 12:25:00,2011-12-02 12:02:00,206,2,Segment 2
16441,2,173,381.2,22,2,2011-02-21 17:35:00,2011-10-03 17:48:00,224,0,Segment 0
16442,3,443,609.3,161,3,2010-12-14 10:46:00,2011-12-08 11:43:00,359,2,Segment 2
16444,5,405,638.77,70,4,2011-03-20 12:11:00,2011-10-24 13:50:00,218,2,Segment 2
16445,1,111,230.51,62,1,2011-11-06 12:32:00,2011-11-06 12:32:00,0,2,Segment 2
16446,3,2,2.8999999999941792,3,2,2011-05-18 09:52:00,2011-12-09 09:27:00,204,0,Segment 0
16447,1,221,255.91,34,1,2011-07-27 12:45:00,2011-07-27 12:45:00,0,2,Segment 2
16448,1,76,182.99,19,1,2011-05-25 16:28:00,2011-05-25 16:28:00,0,0,Segment 0
16449,3,359,674.69,40,3,2011-03-04 12:15:00,2011-06-02 11:07:00,89,2,Segment 2
16450,1,200,311.92,11,1,2011-07-13 11:47:00,2011-07-13 11:47:00,0,0,Segment 0
16451,1,120,266.97,14,1,2011-09-13 09:17:00,2011-09-13 09:17:00,0,0,Segment 0
16454,3,2,-8.15,2,3,2011-04-13 10:36:00,2011-10-26 11:40:00,196,0,Segment 0
16455,7,988,1841.18,69,6,2010-12-03 16:44:00,2011-10-07 12:17:00,307,2,Segment 2
16456,5,1147,2158.18,80,5,2010-12-01 14:11:00,2011-09-01 13:50:00,273,2,Segment 2
16457,1,140,208.36,9,1,2011-05-05 13:19:00,2011-05-05 13:19:00,0,0,Segment 0
16458,18,2154,3482.74,52,18,2010-12-14 11:51:00,2011-12-07 09:34:00,357,2,Segment 2
16460,3,876,811.23,128,3,2011-09-19 10:15:00,2011-11-11 13:46:00,53,2,Segment 2
16461,1,48,142.92,31,1,2011-06-15 12:07:00,2011-06-15 12:07:00,0,0,Segment 0
16462,4,12,102.0,1,4,2011-03-01 08:58:00,2011-10-06 18:16:00,219,0,Segment 0
16463,7,1135,1383.7,74,6,2011-05-19 14:45:00,2011-11-18 14:01:00,182,2,Segment 2
16464,3,952,1298.66,152,3,2011-07-20 13:53:00,2011-11-20 12:11:00,122,2,Segment 2
16466,7,785,1595.96,103,7,2011-02-20 11:39:00,2011-11-06 11:35:00,258,2,Segment 2
16468,1,31,74.9,2,1,2011-09-26 14:13:00,2011-09-26 14:13:00,0,0,Segment 0
16469,4,260,625.42,148,3,2011-04-07 13:11:00,2011-11-16 12:25:00,222,2,Segment 2
16470,5,521,747.82,120,4,2010-12-16 11:10:00,2011-10-19 12:11:00,307,2,Segment 2
16471,1,141,223.95,13,1,2011-03-10 09:41:00,2011-03-10 09:41:00,0,0,Segment 0
16473,4,195,314.86,18,4,2011-01-07 10:55:00,2011-06-28 09:10:00,171,0,Segment 0
16474,11,884,1750.62,237,7,2011-07-17 14:51:00,2011-12-02 13:02:00,137,2,Segment 2
16475,4,319,544.3,23,4,2011-03-11 09:39:00,2011-09-12 14:37:00,185,0,Segment 0
16477,7,1415,2494.46,111,7,2010-12-03 12:48:00,2011-10-07 09:44:00,307,2,Segment 2
16478,3,224,331.0,15,3,2011-10-05 12:02:00,2011-11-14 15:51:00,40,0,Segment 0
16479,2,102,300.83,35,1,2011-11-29 13:04:00,2011-11-29 13:40:00,0,2,Segment 2
16480,1,455,769.29,51,1,2011-09-25 11:40:00,2011-09-25 11:40:00,0,2,Segment 2
16482,1,346,220.62,18,1,2011-11-24 12:33:00,2011-11-24 12:33:00,0,0,Segment 0
16483,1,44,139.35,19,1,2011-05-31 13:08:00,2011-05-31 13:08:00,0,0,Segment 0
16484,3,194,379.4,25,3,2011-06-02 10:39:00,2011-06-19 12:06:00,17,0,Segment 0
16485,1,235,363.65,41,1,2011-09-23 15:50:00,2011-09-23 15:50:00,0,2,Segment 2
16488,4,724,492.2,28,4,2011-07-14 11:46:00,2011-11-06 13:42:00,115,0,Segment 0
16491,1,478,731.5,39,1,2011-10-24 10:18:00,2011-10-24 10:18:00,0,2,Segment 2
16493,6,1113,1329.66,40,6,2011-01-14 08:16:00,2011-09-28 11:13:00,257,2,Segment 2
16494,1,675,826.53,47,1,2011-02-16 12:49:00,2011-02-16 12:49:00,0,2,Segment 2
16495,3,328,648.26,78,2,2011-03-08 16:38:00,2011-12-06 13:20:00,272,2,Segment 2
16496,4,1091,1562.22,92,4,2011-01-27 09:42:00,2011-12-01 10:31:00,308,2,Segment 2
16497,6,1396,2965.69,128,5,2011-01-10 13:20:00,2011-10-21 10:55:00,283,2,Segment 2
16498,3,42,86.12,15,2,2011-06-30 19:52:00,2011-07-01 15:07:00,0,0,Segment 0
16499,5,122,319.1,20,3,2010-12-09 14:48:00,2010-12-14 15:20:00,5,0,Segment 0
16500,6,123,400.86,8,5,2011-01-13 10:28:00,2011-12-05 12:04:00,326,0,Segment 0
16503,5,567,1421.43,71,5,2010-12-14 13:50:00,2011-08-25 11:46:00,253,2,Segment 2
16504,1,510,465.88,76,1,2011-11-14 15:18:00,2011-11-14 15:18:00,0,2,Segment 2
16505,1,576,777.6,4,1,2011-11-08 12:14:00,2011-11-08 12:14:00,0,0,Segment 0
16506,2,42,90.3,3,2,2011-10-30 15:50:00,2011-11-20 12:17:00,20,0,Segment 0
16509,1,64,363.7,13,1,2011-02-16 09:25:00,2011-02-16 09:25:00,0,0,Segment 0
16510,1,92,248.1,13,1,2010-12-02 13:39:00,2010-12-02 13:39:00,0,0,Segment 0
16511,3,405,918.33,135,3,2011-03-18 11:24:00,2011-11-18 10:41:00,244,2,Segment 2
16513,4,407,874.59,33,4,2011-10-27 14:56:00,2011-12-05 10:18:00,38,2,Segment 2
16515,5,826,1624.14,89,5,2011-02-01 13:09:00,2011-10-18 13:10:00,259,2,Segment 2
16516,1,58,101.7,6,1,2011-11-09 14:59:00,2011-11-09 14:59:00,0,0,Segment 0
16517,1,96,162.7,17,1,2011-03-07 13:50:00,2011-03-07 13:50:00,0,0,Segment 0
16518,3,325,480.92,36,3,2011-02-28 16:36:00,2011-10-09 15:04:00,222,2,Segment 2
16519,2,54,215.08,13,2,2010-12-09 14:08:00,2011-11-14 15:41:00,340,0,Segment 0
16520,4,557,1036.62,129,3,2010-12-09 13:08:00,2011-06-06 13:24:00,179,2,Segment 2
16523,28,4233,9295.67,151,24,2011-01-28 12:06:00,2011-12-08 09:06:00,313,2,Segment 2
16525,29,6493,11895.57,75,28,2010-12-08 11:31:00,2011-12-07 15:07:00,364,2,Segment 2
16526,1,106,290.36,15,1,2011-06-21 12:02:00,2011-06-21 12:02:00,0,0,Segment 0
16527,1,106,228.06,14,1,2011-09-19 16:21:00,2011-09-19 16:21:00,0,0,Segment 0
16528,1,171,244.41,17,1,2011-12-06 12:45:00,2011-12-06 12:45:00,0,0,Segment 0
16529,1,198,455.25,30,1,2011-06-02 17:23:00,2011-06-02 17:23:00,0,0,Segment 0
16531,7,915,1244.59,68,7,2010-12-14 13:19:00,2011-11-17 16:29:00,338,2,Segment 2
16532,3,2016,6748.8,2,3,2011-01-05 12:37:00,2011-11-22 11:08:00,320,0,Segment 0
16533,5,513,1014.19,112,4,2011-10-02 15:07:00,2011-11-20 13:08:00,48,2,Segment 2
16535,1,356,593.75,31,1,2011-12-04 15:18:00,2011-12-04 15:18:00,0,0,Segment 0
16536,2,249,538.17,49,2,2011-08-21 15:54:00,2011-08-24 13:20:00,2,2,Segment 2
16539,4,477,1388.81,36,4,2010-12-01 15:40:00,2011-12-07 08:41:00,370,2,Segment 2
16542,1,46,119.62,5,1,2011-10-17 10:47:00,2011-10-17 10:47:00,0,0,Segment 0
16545,1,78,339.3,3,1,2011-06-28 10:37:00,2011-06-28 10:37:00,0,0,Segment 0
16546,3,-303,-95.93,31,2,2010-12-02 12:07:00,2011-02-22 11:20:00,81,0,Segment 0
16549,10,2294,4034.9,445,8,2011-01-09 14:03:00,2011-11-29 15:06:00,324,2,Segment 2
16550,9,1526,2266.25,163,6,2010-12-06 13:17:00,2011-08-23 11:12:00,259,2,Segment 2
16551,3,970,922.12,26,3,2011-01-07 10:24:00,2011-09-05 09:38:00,240,0,Segment 0
16552,2,219,379.73,17,2,2010-12-01 12:36:00,2011-04-11 10:04:00,130,0,Segment 0
16553,14,4595,5664.57,63,8,2010-12-08 13:07:00,2011-06-29 15:42:00,203,2,Segment 2
16554,7,311,641.55,52,6,2011-01-12 12:40:00,2011-12-06 14:52:00,328,2,Segment 2
16555,2,175,285.89,15,2,2011-08-22 12:32:00,2011-11-04 14:31:00,74,0,Segment 0
16556,7,1890,3313.79,144,7,2010-12-14 13:32:00,2011-10-04 11:36:00,293,2,Segment 2
16557,2,111,281.85,11,2,2011-07-25 13:28:00,2011-11-15 14:04:00,113,0,Segment 0
16558,24,5346,8257.04,264,23,2010-12-08 12:01:00,2011-12-09 10:20:00,365,2,Segment 2
16560,3,498,816.51,53,3,2010-12-16 14:36:00,2011-11-18 17:05:00,337,2,Segment 2
16561,2,244,511.12,29,2,2011-10-11 09:53:00,2011-12-04 11:50:00,54,0,Segment 0
16563,1,486,1077.74,19,1,2011-10-17 11:51:00,2011-10-17 11:51:00,0,0,Segment 0
16565,1,46,173.7,3,1,2010-12-10 15:21:00,2010-12-10 15:21:00,0,0,Segment 0
16566,6,361,614.01,14,6,2011-02-20 10:29:00,2011-11-24 16:34:00,277,0,Segment 0
16567,2,996,865.6,34,2,2011-01-07 09:31:00,2011-05-29 13:57:00,142,2,Segment 2
16569,1,93,124.2,5,1,2011-12-06 15:32:00,2011-12-06 15:32:00,0,0,Segment 0
16570,15,2050,3622.95,70,14,2010-12-14 10:53:00,2011-12-01 08:56:00,351,2,Segment 2
16571,5,1176,1285.22,73,5,2011-03-03 09:41:00,2011-12-06 14:07:00,278,2,Segment 2
16572,4,530,999.7,40,4,2011-03-09 12:04:00,2011-08-04 16:34:00,148,2,Segment 2
16573,4,354,648.41,40,4,2011-02-22 15:14:00,2011-09-27 11:17:00,216,2,Segment 2
16574,1,416,451.44,28,1,2011-09-29 13:39:00,2011-09-29 13:39:00,0,0,Segment 0
16579,1,-12,-30.6,1,1,2010-12-09 15:00:00,2010-12-09 15:00:00,0,0,Segment 0
16581,2,122,70.44,9,2,2011-06-10 10:05:00,2011-07-07 15:50:00,27,0,Segment 0
16582,1,164,313.62,6,1,2011-08-18 17:02:00,2011-08-18 17:02:00,0,0,Segment 0
16583,1,111,233.45,14,1,2010-12-01 12:03:00,2010-12-01 12:03:00,0,0,Segment 0
16584,3,635,908.03,25,3,2011-03-30 13:14:00,2011-09-20 13:45:00,174,0,Segment 0
16586,1,95,463.95,8,1,2011-04-05 09:32:00,2011-04-05 09:32:00,0,0,Segment 0
16587,1,71,225.15,13,1,2011-04-21 15:51:00,2011-04-21 15:51:00,0,0,Segment 0
16589,3,368,459.24,31,3,2011-07-01 13:31:00,2011-09-29 14:50:00,90,0,Segment 0
16591,1,41,213.5,10,1,2011-10-02 10:43:00,2011-10-02 10:43:00,0,0,Segment 0
16592,19,2914,4073.28,142,12,2011-02-25 10:19:00,2011-12-05 13:49:00,283,2,Segment 2
16593,3,116,330.03,24,3,2011-01-16 12:11:00,2011-10-20 12:41:00,277,0,Segment 0
16594,1,64,181.09,53,1,2011-09-25 14:08:00,2011-09-25 14:08:00,0,2,Segment 2
16595,1,335,360.16,83,1,2011-10-09 13:15:00,2011-10-09 13:15:00,0,2,Segment 2
16596,2,97,250.15,12,2,2010-12-08 16:18:00,2011-11-24 10:02:00,350,0,Segment 0
16597,1,184,90.04,7,1,2011-12-05 15:44:00,2011-12-05 15:44:00,0,0,Segment 0
16598,2,70,140.7,10,2,2011-02-27 11:42:00,2011-03-07 13:42:00,8,0,Segment 0
16600,6,1145,813.52,50,6,2011-01-05 12:13:00,2011-12-05 16:00:00,334,2,Segment 2
16601,1,133,242.7,29,1,2011-10-30 11:09:00,2011-10-30 11:09:00,0,0,Segment 0
16602,2,317,494.73,29,2,2011-11-03 15:54:00,2011-11-08 16:18:00,5,0,Segment 0
16603,2,480,482.47,34,2,2011-09-09 13:02:00,2011-09-26 10:06:00,16,2,Segment 2
16607,16,2822,3038.67,140,15,2010-12-16 08:41:00,2011-11-22 10:24:00,341,2,Segment 2
16609,9,2410,5450.96,155,9,2011-04-01 10:11:00,2011-11-24 13:32:00,237,2,Segment 2
16610,1,66,75.66,6,1,2011-05-04 13:13:00,2011-05-04 13:13:00,0,0,Segment 0
16611,2,46,120.99,10,2,2011-04-20 16:41:00,2011-06-06 15:46:00,46,0,Segment 0
16612,4,506,1187.66,48,4,2011-02-01 10:38:00,2011-11-07 07:38:00,278,2,Segment 2
16613,1,293,618.59,30,1,2011-09-30 15:52:00,2011-09-30 15:52:00,0,0,Segment 0
16614,1,223,506.19,26,1,2011-06-10 11:36:00,2011-06-10 11:36:00,0,0,Segment 0
16616,2,370,500.42,31,2,2011-07-05 13:38:00,2011-11-24 16:31:00,142,0,Segment 0
16617,1,91,151.85,5,1,2011-04-18 10:35:00,2011-04-18 10:35:00,0,0,Segment 0
16618,6,1362,2630.64,79,5,2011-01-21 11:55:00,2011-11-08 13:52:00,291,2,Segment 2
16619,2,129,204.41,14,2,2011-03-21 08:18:00,2011-03-31 12:20:00,10,0,Segment 0
16620,2,88,178.96,9,2,2011-03-24 10:37:00,2011-12-06 12:19:00,257,0,Segment 0
16621,4,302,813.48,22,4,2011-03-07 11:32:00,2011-10-19 11:38:00,226,0,Segment 0
16623,1,39,129.45,5,1,2011-04-08 10:09:00,2011-04-08 10:09:00,0,0,Segment 0
16624,2,488,810.5699999999999,44,2,2011-05-26 14:20:00,2011-09-20 12:39:00,116,2,Segment 2
16625,1,164,333.08,23,1,2011-03-10 12:50:00,2011-03-10 12:50:00,0,0,Segment 0
16626,20,2670,4379.65,86,19,2011-03-18 12:27:00,2011-12-09 11:56:00,265,2,Segment 2
16627,1,162,322.8,20,1,2011-09-21 14:38:00,2011-09-21 14:38:00,0,0,Segment 0
16628,6,1202,2183.04,79,6,2011-04-19 08:55:00,2011-11-10 12:45:00,205,2,Segment 2
16629,2,489,408.63,58,2,2011-09-04 16:12:00,2011-09-27 10:34:00,22,2,Segment 2
16633,7,1137,2878.15,115,6,2011-04-19 14:36:00,2011-11-22 13:41:00,216,2,Segment 2
16634,2,82,217.9,9,2,2010-12-02 17:41:00,2011-05-01 12:09:00,149,0,Segment 0
16637,5,891,1124.59,66,5,2011-04-28 10:20:00,2011-11-07 13:17:00,193,2,Segment 2
16638,11,1254,1676.47,92,11,2010-12-06 10:19:00,2011-11-17 11:09:00,346,2,Segment 2
16639,4,503,1169.38,48,4,2011-04-18 09:31:00,2011-11-14 13:47:00,210,2,Segment 2
16641,1,256,231.1,12,1,2011-08-26 12:49:00,2011-08-26 12:49:00,0,0,Segment 0
16642,3,478,679.83,32,3,2011-05-16 12:35:00,2011-12-05 11:31:00,202,2,Segment 2
16643,1,269,487.51,27,1,2011-04-08 08:24:00,2011-04-08 08:24:00,0,0,Segment 0
16644,2,826,833.78,62,2,2011-05-11 12:53:00,2011-06-15 12:39:00,34,2,Segment 2
16647,2,146,214.06,12,2,2011-05-19 09:31:00,2011-06-23 11:47:00,35,0,Segment 0
16648,2,269,270.86,19,2,2011-10-28 08:58:00,2011-11-01 09:52:00,4,0,Segment 0
16650,1,372,518.42,24,1,2011-09-29 09:51:00,2011-09-29 09:51:00,0,0,Segment 0
16652,11,3267,6654.26,75,7,2011-03-11 13:13:00,2011-10-17 11:43:00,219,2,Segment 2
16653,3,723,1166.92,67,3,2011-09-29 13:38:00,2011-11-23 14:51:00,55,2,Segment 2
16654,5,280,594.97,29,5,2010-12-06 15:09:00,2011-07-21 15:23:00,227,0,Segment 0
16655,6,2363,3789.52,208,6,2011-01-12 10:16:00,2011-11-22 11:25:00,314,2,Segment 2
16656,21,8873,8568.24,14,21,2010-12-10 11:23:00,2011-11-17 14:43:00,342,0,Segment 0
16657,4,1130,874.43,158,4,2011-03-30 12:02:00,2011-11-30 11:48:00,244,2,Segment 2
16658,1,40,123.24,8,1,2010-12-06 13:47:00,2010-12-06 13:47:00,0,0,Segment 0
16659,1,72,39.12,2,1,2011-06-03 15:03:00,2011-06-03 15:03:00,0,0,Segment 0
16660,5,451,810.4499999999999,16,3,2011-01-24 12:44:00,2011-11-23 14:53:00,303,0,Segment 0
16665,1,59,135.39999999999998,9,1,2010-12-12 14:03:00,2010-12-12 14:03:00,0,0,Segment 0
16666,1,233,118.98,32,1,2011-11-20 14:01:00,2011-11-20 14:01:00,0,0,Segment 0
16667,2,236,567.1800000000001,52,2,2011-02-28 12:57:00,2011-10-02 15:26:00,216,2,Segment 2
16668,6,318,306.72,9,6,2011-02-28 12:46:00,2011-11-24 17:43:00,269,0,Segment 0
16669,4,876,1344.88,141,2,2011-09-22 14:13:00,2011-11-16 12:26:00,54,2,Segment 2
16670,17,2524,4022.46,179,16,2010-12-16 10:30:00,2011-11-23 09:34:00,341,2,Segment 2
16671,3,875,1692.27,3,3,2011-06-28 11:20:00,2011-11-11 13:40:00,136,0,Segment 0
16672,23,2812,8093.59,23,20,2011-03-18 10:15:00,2011-12-07 16:29:00,264,0,Segment 0
16674,2,181,304.24,89,2,2011-09-02 13:59:00,2011-10-16 11:31:00,43,2,Segment 2
16676,5,631,1558.72,75,5,2011-01-06 13:00:00,2011-11-06 12:01:00,303,2,Segment 2
16678,17,2368,3013.83,93,15,2011-03-02 09:24:00,2011-12-07 12:17:00,280,2,Segment 2
16679,1,29,129.75,3,1,2010-12-08 13:51:00,2010-12-08 13:51:00,0,0,Segment 0
16680,1,94,183.7,10,1,2011-10-27 17:35:00,2011-10-27 17:35:00,0,0,Segment 0
16681,6,1407,1770.34,18,6,2011-03-31 13:46:00,2011-09-28 11:11:00,180,0,Segment 0
16682,5,1040,1028.0,15,5,2011-06-05 11:02:00,2011-12-05 12:13:00,183,0,Segment 0
16684,31,49390,65892.08,120,18,2010-12-16 17:34:00,2011-12-05 14:06:00,353,3,Segment 3
16685,2,396,324.24,60,1,2011-10-09 13:44:00,2011-10-09 13:58:00,0,2,Segment 2
16686,9,1972,2940.53,406,7,2010-12-19 14:41:00,2011-10-23 13:49:00,307,2,Segment 2
16688,4,804,1260.86,52,4,2011-10-10 12:23:00,2011-12-08 15:24:00,59,2,Segment 2
16689,3,168,303.26,13,2,2011-09-18 13:29:00,2011-09-25 11:39:00,6,0,Segment 0
16690,3,137,208.63,10,3,2011-05-22 10:53:00,2011-10-27 10:58:00,158,0,Segment 0
16692,2,152,1276.0,2,2,2011-02-23 15:41:00,2011-03-28 14:46:00,32,0,Segment 0
16693,2,203,477.86,58,2,2011-03-13 11:06:00,2011-10-02 11:10:00,203,2,Segment 2
16696,4,146,657.9000000000001,7,4,2011-04-05 15:20:00,2011-07-27 14:23:00,112,0,Segment 0
16697,1,27,112.75,20,1,2011-04-12 17:12:00,2011-04-12 17:12:00,0,0,Segment 0
16698,2,840,1998.0,4,2,2011-03-31 13:33:00,2011-04-27 10:52:00,26,0,Segment 0
16700,17,4019,5040.0,159,17,2010-12-08 16:34:00,2011-12-01 11:00:00,357,2,Segment 2
16701,18,6211,5150.27,99,17,2010-12-13 11:51:00,2011-12-01 11:10:00,352,2,Segment 2
16705,29,5458,13946.13,135,21,2010-12-16 10:51:00,2011-12-09 12:08:00,358,2,Segment 2
16706,3,249,531.35,108,3,2011-08-17 15:53:00,2011-11-02 13:50:00,76,2,Segment 2
16708,1,285,656.63,27,1,2011-10-25 12:20:00,2011-10-25 12:20:00,0,0,Segment 0
16709,5,851,3029.87,64,4,2011-03-03 10:55:00,2011-09-16 10:56:00,197,2,Segment 2
16710,10,1823,2467.99,268,9,2010-12-06 13:13:00,2011-11-20 14:50:00,349,2,Segment 2
16711,5,833,1651.03,18,5,2010-12-17 12:43:00,2011-12-06 16:32:00,354,0,Segment 0
16712,11,1730,3611.31,259,9,2011-03-08 15:07:00,2011-11-30 13:48:00,266,2,Segment 2
16713,21,4259,6827.88,339,17,2010-12-08 12:03:00,2011-11-21 12:36:00,348,2,Segment 2
16714,4,587,879.0600000000001,77,2,2011-01-26 13:40:00,2011-05-05 11:09:00,98,2,Segment 2
16715,1,642,301.72,19,1,2011-09-22 18:15:00,2011-09-22 18:15:00,0,0,Segment 0
16716,3,44,319.8000000000001,1,3,2011-02-01 15:35:00,2011-03-18 10:03:00,44,0,Segment 0
16717,9,1562,3263.06,178,9,2010-12-08 16:48:00,2011-11-30 17:42:00,357,2,Segment 2
16718,1,407,606.0500000000001,41,1,2010-12-05 13:03:00,2010-12-05 13:03:00,0,2,Segment 2
16719,8,1173,1753.72,108,7,2010-12-06 12:06:00,2011-11-25 09:27:00,353,2,Segment 2
16720,1,180,152.95,25,1,2011-11-13 16:22:00,2011-11-13 16:22:00,0,0,Segment 0
16721,1,172,292.47,37,1,2011-03-22 16:08:00,2011-03-22 16:08:00,0,2,Segment 2
16722,16,4989,4711.21,96,15,2010-12-06 12:59:00,2011-11-22 13:28:00,351,2,Segment 2
16723,2,398,576.4,37,2,2011-08-24 11:31:00,2011-09-09 13:01:00,16,2,Segment 2
16725,8,287,752.32,110,6,2010-12-03 16:02:00,2011-02-10 16:52:00,69,2,Segment 2
16726,5,945,1358.74,121,4,2010-12-13 13:28:00,2011-11-13 14:53:00,335,2,Segment 2
16727,1,167,256.32,41,1,2010-12-10 13:48:00,2010-12-10 13:48:00,0,2,Segment 2
16728,4,671,1048.28,218,4,2011-03-20 13:28:00,2011-10-24 14:36:00,218,2,Segment 2
16729,26,5708,7041.69,235,21,2011-04-12 14:22:00,2011-11-03 19:11:00,205,2,Segment 2
16730,4,898,702.79,75,4,2011-01-24 14:01:00,2011-10-18 14:11:00,267,2,Segment 2
16732,1,317,603.75,28,1,2011-11-08 09:54:00,2011-11-08 09:54:00,0,0,Segment 0
16734,3,345,646.76,44,2,2011-08-17 15:00:00,2011-10-18 13:44:00,61,2,Segment 2
16735,7,1513,2216.06,88,6,2011-01-09 12:53:00,2011-09-22 11:49:00,255,2,Segment 2
16737,1,288,417.6,1,1,2011-10-17 13:03:00,2011-10-17 13:03:00,0,0,Segment 0
16738,1,3,3.75,1,1,2011-02-15 09:46:00,2011-02-15 09:46:00,0,0,Segment 0
16739,2,169,312.55,13,2,2011-06-16 09:17:00,2011-06-20 17:15:00,4,0,Segment 0
16742,2,-189,0.0,4,1,2011-10-24 11:58:00,2011-10-24 12:02:00,0,0,Segment 0
16743,8,1998,2166.88,89,7,2010-12-16 12:15:00,2011-11-10 13:13:00,329,2,Segment 2
16744,7,798,1291.91,198,7,2011-06-19 15:13:00,2011-11-28 13:06:00,161,2,Segment 2
16745,18,6711,7157.1,148,17,2011-02-01 11:31:00,2011-09-14 11:58:00,225,2,Segment 2
16746,19,4657,6676.76,234,17,2010-12-16 11:43:00,2011-12-05 12:33:00,354,2,Segment 2
16747,4,577,826.96,34,4,2011-10-03 10:18:00,2011-11-14 13:37:00,42,2,Segment 2
16748,5,880,1515.9,42,5,2011-01-09 13:50:00,2011-11-22 10:17:00,316,2,Segment 2
16750,5,214,623.93,74,5,2011-04-21 16:53:00,2011-10-26 12:48:00,187,2,Segment 2
16751,1,1031,1764.72,24,1,2011-11-09 10:48:00,2011-11-09 10:48:00,0,0,Segment 0
16752,1,54,207.5,9,1,2010-12-02 12:18:00,2010-12-02 12:18:00,0,0,Segment 0
16753,1,189,223.92,34,1,2011-10-12 13:14:00,2011-10-12 13:14:00,0,2,Segment 2
16754,1,4280,2002.4,2,1,2010-12-02 17:38:00,2010-12-02 17:38:00,0,0,Segment 0
16755,5,1052,1463.23,134,3,2011-01-28 10:47:00,2011-08-17 13:21:00,201,2,Segment 2
16756,1,106,239.4,13,1,2011-05-09 09:33:00,2011-05-09 09:33:00,0,0,Segment 0
16757,1,81,106.83,7,1,2011-01-25 11:59:00,2011-01-25 11:59:00,0,0,Segment 0
16758,1,203,369.34,22,1,2011-10-05 14:47:00,2011-10-05 14:47:00,0,0,Segment 0
16759,4,608,772.84,40,3,2011-11-09 09:06:00,2011-12-02 12:42:00,23,2,Segment 2
16761,1,341,316.62,13,1,2011-09-04 11:15:00,2011-09-04 11:15:00,0,0,Segment 0
16762,3,480,1207.24,51,3,2011-07-18 12:52:00,2011-11-20 11:43:00,124,2,Segment 2
16763,2,318,594.9,23,2,2011-05-25 11:52:00,2011-06-07 14:24:00,13,0,Segment 0
16764,18,1241,2749.9500000000003,209,13,2011-07-19 17:17:00,2011-12-06 11:41:00,139,2,Segment 2
16765,1,4,34.0,1,1,2011-02-18 15:41:00,2011-02-18 15:41:00,0,0,Segment 0
16766,2,536,1145.6,17,1,2011-03-11 13:34:00,2011-03-11 15:22:00,0,0,Segment 0
16767,11,4423,5575.56,148,8,2011-01-27 13:38:00,2011-11-09 09:42:00,285,2,Segment 2
16768,5,191,458.04,47,3,2011-03-13 10:25:00,2011-10-23 10:38:00,224,2,Segment 2
16769,1,80,361.54,33,1,2011-03-24 13:41:00,2011-03-24 13:41:00,0,2,Segment 2
16770,6,444,731.9,116,5,2010-12-02 15:49:00,2011-10-13 12:21:00,314,2,Segment 2
16771,5,1487,2242.61,200,5,2011-01-05 13:57:00,2011-11-06 13:28:00,304,2,Segment 2
16773,1,171,171.59,23,1,2011-10-13 14:37:00,2011-10-13 14:37:00,0,0,Segment 0
16774,5,318,654.92,36,5,2011-06-14 12:45:00,2011-10-03 12:41:00,110,2,Segment 2
16775,11,439,1691.51,84,11,2010-12-07 15:15:00,2011-11-29 15:22:00,357,2,Segment 2
16776,1,254,371.54,61,1,2011-10-10 13:04:00,2011-10-10 13:04:00,0,2,Segment 2
16777,2,62,222.62,45,2,2011-03-27 14:34:00,2011-09-20 13:41:00,176,2,Segment 2
16778,2,194,245.94,16,2,2011-03-10 15:21:00,2011-09-26 13:48:00,199,0,Segment 0
16779,28,5212,10436.05,161,24,2010-12-08 09:56:00,2011-12-07 14:54:00,364,2,Segment 2
16780,2,270,422.24,51,2,2011-03-25 17:34:00,2011-08-31 16:09:00,158,2,Segment 2
16781,2,111,294.65,17,2,2010-12-02 14:26:00,2010-12-09 15:18:00,7,0,Segment 0
16782,19,696,2230.3,103,19,2010-12-06 16:10:00,2011-11-29 13:20:00,357,2,Segment 2
16784,1,24,107.6,3,1,2011-11-20 12:20:00,2011-11-20 12:20:00,0,0,Segment 0
16788,2,304,594.39,138,2,2011-03-30 13:05:00,2011-08-08 14:53:00,131,2,Segment 2
16789,1,32,80.8,5,1,2011-12-01 15:12:00,2011-12-01 15:12:00,0,0,Segment 0
16790,8,892,1520.12,88,8,2011-11-02 11:23:00,2011-12-06 11:53:00,34,2,Segment 2
16791,8,753,1690.28,218,6,2011-01-11 15:42:00,2011-11-10 19:12:00,303,2,Segment 2
16792,2,44,110.38,11,1,2011-03-02 14:39:00,2011-03-02 14:41:00,0,0,Segment 0
16793,1,146,243.84,16,1,2011-10-13 15:08:00,2011-10-13 15:08:00,0,0,Segment 0
16794,12,919,1175.3,142,9,2011-06-12 14:15:00,2011-12-08 17:54:00,179,2,Segment 2
16795,1,239,414.88,64,1,2010-12-09 14:08:00,2010-12-09 14:08:00,0,2,Segment 2
16796,1,186,305.62,18,1,2011-09-11 14:01:00,2011-09-11 14:01:00,0,0,Segment 0
16800,1,524,1162.65,148,1,2011-11-28 14:06:00,2011-11-28 14:06:00,0,2,Segment 2
16801,5,307,842.33,72,5,2011-03-11 13:56:00,2011-06-29 15:33:00,110,2,Segment 2
16803,1,245,332.3,24,1,2011-10-05 14:28:00,2011-10-05 14:28:00,0,0,Segment 0
16804,3,246,536.99,59,2,2011-03-14 15:48:00,2011-11-16 16:43:00,247,2,Segment 2
16805,2,539,460.59,94,2,2010-12-14 13:35:00,2011-06-19 11:23:00,186,2,Segment 2
16806,4,356,762.16,68,4,2011-04-14 19:59:00,2011-08-28 15:27:00,135,2,Segment 2
16807,3,778,1121.59,57,3,2011-03-14 09:46:00,2011-07-20 12:00:00,128,2,Segment 2
16808,2,196,288.42,21,2,2011-03-10 19:05:00,2011-09-01 19:34:00,175,0,Segment 0
16809,6,651,912.74,79,5,2011-03-22 13:13:00,2011-11-16 15:45:00,239,2,Segment 2
16810,2,112,275.64,16,2,2010-12-14 11:24:00,2011-05-31 15:32:00,168,0,Segment 0
16811,2,477,547.07,26,2,2011-11-22 17:19:00,2011-12-05 11:39:00,12,0,Segment 0
16812,1,81,479.35,15,1,2010-12-14 12:35:00,2010-12-14 12:35:00,0,0,Segment 0
16813,10,1501,1652.18,248,10,2011-05-19 13:28:00,2011-12-01 14:03:00,196,2,Segment 2
16814,22,2696,6408.2,122,21,2010-12-05 11:45:00,2011-11-25 13:27:00,355,2,Segment 2
16816,4,274,417.06,28,4,2010-12-16 17:01:00,2011-08-28 14:16:00,254,0,Segment 0
16817,13,762,1446.95,76,12,2010-12-06 14:19:00,2011-12-07 11:03:00,365,2,Segment 2
16818,13,2163,3317.97,172,13,2011-05-18 11:42:00,2011-11-29 10:41:00,194,2,Segment 2
16820,1,307,497.61,26,1,2011-09-05 12:06:00,2011-09-05 12:06:00,0,0,Segment 0
16823,1,136,358.38,34,1,2011-04-26 15:00:00,2011-04-26 15:00:00,0,2,Segment 2
16824,2,236,460.64,23,2,2011-06-28 13:36:00,2011-11-24 12:38:00,148,0,Segment 0
16825,2,566,775.1800000000001,27,2,2011-06-07 09:44:00,2011-11-01 11:51:00,147,0,Segment 0
16826,1,158,341.7,22,1,2011-10-19 14:05:00,2011-10-19 14:05:00,0,0,Segment 0
16828,2,59,128.5,8,2,2011-08-19 13:24:00,2011-09-07 15:10:00,19,0,Segment 0
16829,1,99,197.22,11,1,2011-07-06 10:48:00,2011-07-06 10:48:00,0,0,Segment 0
16830,1,264,325.91,23,1,2011-11-01 11:35:00,2011-11-01 11:35:00,0,0,Segment 0
16832,3,33,199.15,11,3,2011-05-06 14:12:00,2011-06-08 15:36:00,33,0,Segment 0
16833,4,440,1106.53,46,3,2011-01-09 13:02:00,2011-12-08 14:39:00,333,2,Segment 2
16834,1,358,413.46,24,1,2011-04-26 09:37:00,2011-04-26 09:37:00,0,0,Segment 0
16835,2,61,180.85,10,2,2010-12-01 17:15:00,2011-08-03 13:50:00,244,0,Segment 0
16836,2,165,251.87,11,2,2011-08-15 12:38:00,2011-10-31 10:05:00,76,0,Segment 0
16837,12,1562,3167.73,123,10,2011-04-08 08:48:00,2011-11-08 14:27:00,214,2,Segment 2
16838,3,184,582.9,24,3,2011-02-24 15:01:00,2011-05-26 13:13:00,90,0,Segment 0
16839,39,8470,15357.78,117,37,2010-12-05 11:15:00,2011-12-01 09:03:00,360,2,Segment 2
16841,7,2234,1774.62,101,7,2011-02-25 12:40:00,2011-11-03 11:51:00,250,2,Segment 2
16842,4,692,1260.44,45,4,2011-02-10 14:51:00,2011-10-06 17:38:00,238,2,Segment 2
16843,17,10154,10183.82,226,13,2011-01-16 16:10:00,2011-10-28 09:06:00,284,2,Segment 2
16846,1,135,214.32,11,1,2011-10-20 13:55:00,2011-10-20 13:55:00,0,0,Segment 0
16847,1,78,193.44,12,1,2011-10-27 13:29:00,2011-10-27 13:29:00,0,0,Segment 0
16848,1,182,281.42,14,1,2011-10-18 08:42:00,2011-10-18 08:42:00,0,0,Segment 0
16849,1,33,124.57,8,1,2011-06-06 09:16:00,2011-06-06 09:16:00,0,0,Segment 0
16850,1,249,332.41,19,1,2011-01-10 11:09:00,2011-01-10 11:09:00,0,0,Segment 0
16851,3,271,342.45,17,3,2011-10-19 09:48:00,2011-12-05 13:32:00,47,0,Segment 0
16852,2,56,144.91000000000005,9,2,2011-06-16 15:49:00,2011-11-29 13:22:00,165,0,Segment 0
16855,2,164,328.4,19,2,2011-10-27 16:31:00,2011-11-16 12:03:00,19,0,Segment 0
16856,1,12,35.400000000000006,2,1,2011-11-25 08:59:00,2011-11-25 08:59:00,0,0,Segment 0
16858,2,83,345.89000000000004,9,2,2010-12-06 09:52:00,2010-12-08 14:52:00,2,0,Segment 0
16859,5,656,473.14,50,5,2011-03-23 13:39:00,2011-08-25 14:12:00,155,2,Segment 2
16861,3,133,151.65,8,3,2010-12-06 15:09:00,2011-10-11 09:05:00,308,0,Segment 0
16863,4,392,481.35,25,4,2010-12-08 08:58:00,2011-11-10 15:23:00,337,0,Segment 0
16866,3,60,207.74,10,3,2011-07-01 12:34:00,2011-07-22 10:06:00,20,0,Segment 0
16869,5,579,797.3199999999999,113,5,2011-06-17 13:01:00,2011-11-17 12:02:00,152,2,Segment 2
16871,7,1250,2761.49,131,6,2011-03-14 10:31:00,2011-11-17 19:27:00,248,2,Segment 2
16872,3,600,680.02,5,3,2011-06-08 14:32:00,2011-09-23 16:05:00,107,0,Segment 0
16873,10,3825,7066.31,179,10,2010-12-10 15:45:00,2011-12-05 12:05:00,359,2,Segment 2
16875,9,1044,2023.47,94,8,2011-01-04 10:37:00,2011-10-06 19:20:00,275,2,Segment 2
16877,6,458,846.62,111,6,2011-05-15 16:13:00,2011-11-27 13:47:00,195,2,Segment 2
16878,2,0,0.0,3,2,2011-09-16 17:39:00,2011-11-15 08:52:00,59,0,Segment 0
16880,7,746,1491.43,121,6,2011-06-03 16:45:00,2011-11-09 11:33:00,158,2,Segment 2
16881,1,600,432.0,1,1,2011-10-04 10:33:00,2011-10-04 10:33:00,0,0,Segment 0
16882,3,424,705.12,39,3,2011-01-26 17:43:00,2011-10-04 10:42:00,250,2,Segment 2
16883,2,103,272.48,33,2,2010-12-03 10:33:00,2011-06-05 12:51:00,184,2,Segment 2
16884,2,320,429.84,26,1,2011-11-02 10:16:00,2011-11-02 11:52:00,0,0,Segment 0
16885,3,178,450.41,82,3,2010-12-17 17:23:00,2011-11-24 13:40:00,341,2,Segment 2
16887,1,156,192.33,35,1,2011-11-04 14:07:00,2011-11-04 14:07:00,0,2,Segment 2
16889,3,925,1578.67,112,3,2011-01-07 10:47:00,2011-05-29 11:05:00,142,2,Segment 2
16891,5,265,742.43,166,5,2010-12-03 11:35:00,2011-12-08 11:15:00,369,2,Segment 2
16892,7,232,489.49,88,5,2011-01-20 13:19:00,2011-12-08 13:18:00,321,2,Segment 2
16893,1,62,145.93,44,1,2010-12-08 12:06:00,2010-12-08 12:06:00,0,2,Segment 2
16895,1,91,202.27,57,1,2011-10-06 12:15:00,2011-10-06 12:15:00,0,2,Segment 2
16897,3,58,213.03,37,2,2011-01-30 11:52:00,2011-02-13 15:45:00,14,2,Segment 2
16898,4,379,436.68,151,4,2010-12-06 12:23:00,2011-11-13 15:44:00,342,2,Segment 2
16899,6,520,1271.06,80,6,2010-12-14 13:11:00,2011-12-02 12:03:00,352,2,Segment 2
16900,5,723,187.6900000000001,79,5,2011-10-07 13:17:00,2011-11-28 10:50:00,51,2,Segment 2
16902,1,629,1706.88,43,1,2011-08-15 14:17:00,2011-08-15 14:17:00,0,2,Segment 2
16903,1,247,363.2,50,1,2011-11-10 15:32:00,2011-11-10 15:32:00,0,2,Segment 2
16904,16,1984,3653.75,387,15,2010-12-07 13:29:00,2011-12-05 13:10:00,362,2,Segment 2
16905,8,1380,3020.65,117,6,2010-12-03 10:43:00,2011-12-04 14:01:00,366,2,Segment 2
16906,4,263,559.59,74,4,2011-04-05 12:30:00,2011-09-19 11:49:00,166,2,Segment 2
16907,5,286,928.76,89,5,2010-12-09 16:52:00,2011-11-10 18:04:00,336,2,Segment 2
16909,2,434,364.14,18,2,2011-09-28 16:45:00,2011-10-06 18:06:00,8,0,Segment 0
16910,8,884,1508.96,318,8,2011-09-09 14:14:00,2011-12-05 12:51:00,86,2,Segment 2
16912,14,1010,2508.87,89,9,2011-01-20 15:42:00,2011-11-16 15:51:00,300,2,Segment 2
16913,1,82,113.44,8,1,2011-02-22 12:56:00,2011-02-22 12:56:00,0,0,Segment 0
16914,1,112,183.76,25,1,2011-11-03 15:27:00,2011-11-03 15:27:00,0,0,Segment 0
16915,6,132,621.6800000000001,46,6,2011-03-01 09:52:00,2011-11-30 16:39:00,274,2,Segment 2
16916,2,431,562.41,129,2,2010-12-02 13:14:00,2011-11-16 12:08:00,348,2,Segment 2
16917,1,232,391.52,9,1,2011-03-08 11:55:00,2011-03-08 11:55:00,0,0,Segment 0
16918,7,708,1043.34,97,5,2011-01-26 17:37:00,2011-10-21 12:50:00,267,2,Segment 2
16919,11,1403,2592.25,141,11,2010-12-06 12:52:00,2011-07-06 13:35:00,212,2,Segment 2
16921,1,154,154.18,50,1,2011-10-09 16:22:00,2011-10-09 16:22:00,0,2,Segment 2
16923,26,3110,6488.3,316,19,2010-12-12 11:06:00,2011-11-27 13:00:00,350,2,Segment 2
16924,4,454,722.64,69,3,2011-09-16 12:54:00,2011-11-18 12:53:00,62,2,Segment 2
16926,1,35,230.25,14,1,2010-12-03 13:42:00,2010-12-03 13:42:00,0,0,Segment 0
16927,3,993,543.05,5,3,2010-12-13 11:57:00,2011-08-16 11:10:00,245,0,Segment 0
16928,19,2072,2748.6,72,18,2010-12-01 15:21:00,2011-09-20 15:10:00,292,2,Segment 2
16929,7,929,1295.39,51,7,2011-07-07 12:39:00,2011-12-06 08:37:00,151,2,Segment 2
16930,3,339,378.89,47,2,2011-10-02 14:25:00,2011-11-13 16:13:00,42,2,Segment 2
16931,21,3134,4554.87,448,20,2010-12-05 11:40:00,2011-12-04 13:15:00,364,2,Segment 2
16932,1,82,150.23000000000002,44,1,2011-10-17 14:12:00,2011-10-17 14:12:00,0,2,Segment 2
16933,5,281,530.08,44,3,2011-04-14 12:28:00,2011-12-08 12:54:00,238,2,Segment 2
16934,2,397,931.03,59,1,2011-10-16 12:25:00,2011-10-16 12:40:00,0,2,Segment 2
16936,1,171,261.9,56,1,2011-11-14 11:04:00,2011-11-14 11:04:00,0,2,Segment 2
16938,5,1018,1878.43,212,4,2011-02-04 09:34:00,2011-12-01 10:20:00,300,2,Segment 2
16940,3,2169,3049.88,226,3,2011-02-23 12:27:00,2011-10-18 13:15:00,237,2,Segment 2
16942,10,801,1878.51,159,8,2011-04-26 11:59:00,2011-11-27 12:40:00,215,2,Segment 2
16943,3,145,816.73,23,3,2011-01-25 14:00:00,2011-05-12 11:57:00,106,0,Segment 0
16945,19,2725,4345.5,137,13,2010-12-16 17:49:00,2011-11-18 11:39:00,336,2,Segment 2
16947,1,312,406.48,21,1,2011-04-18 09:38:00,2011-04-18 09:38:00,0,0,Segment 0
16948,3,1614,435.02,15,3,2011-01-18 10:58:00,2011-07-24 12:46:00,187,0,Segment 0
16949,7,790,1161.27,57,7,2011-01-27 12:11:00,2011-12-06 11:07:00,312,2,Segment 2
16950,3,644,1178.56,39,3,2010-12-07 15:20:00,2011-10-14 09:06:00,310,2,Segment 2
16951,4,1306,1262.75,73,4,2011-02-08 14:58:00,2011-08-08 13:25:00,180,2,Segment 2
16952,2,92,167.61,16,1,2011-08-22 12:58:00,2011-08-22 13:03:00,0,0,Segment 0
16953,1,10,20.8,1,1,2011-11-09 15:54:00,2011-11-09 15:54:00,0,0,Segment 0
16954,9,1054,2085.08,40,8,2010-12-15 10:41:00,2011-12-09 09:46:00,358,2,Segment 2
16955,5,246,493.67,18,5,2010-12-01 13:31:00,2011-06-08 10:36:00,188,0,Segment 0
16956,2,112,292.34,16,2,2011-11-22 08:56:00,2011-11-30 14:28:00,8,0,Segment 0
16957,2,172,416.64,15,2,2011-03-03 09:25:00,2011-04-14 13:56:00,42,0,Segment 0
16959,1,49,117.35,7,1,2011-09-13 15:03:00,2011-09-13 15:03:00,0,0,Segment 0
16960,3,304,507.05,92,3,2011-04-01 11:54:00,2011-11-01 11:35:00,213,2,Segment 2
16961,1,125,234.17,14,1,2011-08-15 13:46:00,2011-08-15 13:46:00,0,0,Segment 0
16963,1,35,110.55,7,1,2011-06-05 13:48:00,2011-06-05 13:48:00,0,0,Segment 0
16965,1,291,201.19,26,1,2011-04-27 12:08:00,2011-04-27 12:08:00,0,0,Segment 0
16966,10,1978,2148.47,9,10,2011-04-13 14:17:00,2011-12-01 13:40:00,231,0,Segment 0
16967,1,333,319.02,21,1,2011-06-03 14:24:00,2011-06-03 14:24:00,0,0,Segment 0
16968,2,326,439.43,31,2,2011-08-24 10:51:00,2011-12-05 15:02:00,103,0,Segment 0
16969,3,816,650.41,42,3,2011-06-01 12:10:00,2011-10-31 13:12:00,152,2,Segment 2
16971,2,71,232.21,41,2,2011-11-01 15:06:00,2011-12-07 09:15:00,35,2,Segment 2
16976,1,88,251.52,2,1,2011-03-17 16:33:00,2011-03-17 16:33:00,0,0,Segment 0
16978,1,166,344.33,39,1,2011-09-23 12:50:00,2011-09-23 12:50:00,0,2,Segment 2
16979,8,860,1809.05,64,8,2011-02-15 09:20:00,2011-12-06 12:21:00,294,2,Segment 2
16980,2,739,1028.46,71,2,2011-02-21 12:58:00,2011-03-29 16:36:00,36,2,Segment 2
16982,1,182,384.06,22,1,2011-10-10 12:28:00,2011-10-10 12:28:00,0,0,Segment 0
16983,8,1322,1894.82,112,8,2010-12-05 12:34:00,2011-11-27 12:10:00,356,2,Segment 2
16984,5,2365,4370.59,354,4,2011-08-01 17:37:00,2011-09-22 18:21:00,52,2,Segment 2
16985,11,1830,5461.62,62,8,2010-12-16 10:38:00,2011-11-22 13:33:00,341,2,Segment 2
16986,2,1040,1873.2,3,2,2011-11-09 15:52:00,2011-11-10 11:55:00,0,0,Segment 0
16987,7,401,1616.8,74,6,2011-05-18 15:55:00,2011-12-06 17:26:00,202,2,Segment 2
16988,1,43,126.12,7,1,2011-12-04 16:02:00,2011-12-04 16:02:00,0,0,Segment 0
16989,6,1233,1133.25,7,6,2011-07-12 09:11:00,2011-12-02 16:39:00,143,0,Segment 0
16990,1,100,179.0,1,1,2011-05-05 08:30:00,2011-05-05 08:30:00,0,0,Segment 0
16992,6,857,1601.86,85,6,2011-02-02 16:31:00,2011-11-29 11:50:00,299,2,Segment 2
16995,1,-1,-1.25,1,1,2010-12-02 17:09:00,2010-12-02 17:09:00,0,0,Segment 0
16996,9,534,1427.46,14,7,2010-12-16 09:48:00,2011-11-09 16:43:00,328,0,Segment 0
16997,3,360,702.0,7,3,2011-01-18 11:51:00,2011-02-24 17:28:00,37,0,Segment 0
16998,6,73,287.02000000000004,2,4,2011-02-08 15:42:00,2011-07-13 09:49:00,154,0,Segment 0
16999,2,294,484.82,21,2,2011-09-26 15:43:00,2011-11-16 13:53:00,50,0,Segment 0
17001,11,2164,3989.57,75,11,2010-12-16 09:35:00,2011-12-09 09:38:00,358,2,Segment 2
17002,4,678,1487.78,41,4,2011-02-22 11:46:00,2011-09-27 16:48:00,217,2,Segment 2
17004,2,771,1312.14,38,2,2011-09-08 12:16:00,2011-10-24 14:25:00,46,2,Segment 2
17006,4,272,781.78,37,4,2011-09-25 12:15:00,2011-12-05 12:09:00,70,2,Segment 2
17007,7,587,877.4300000000001,50,6,2010-12-17 13:57:00,2011-10-20 10:47:00,306,2,Segment 2
17010,2,116,185.46,11,2,2011-11-21 14:49:00,2011-11-23 11:04:00,1,0,Segment 0
17011,1,186,270.9,15,1,2011-11-09 13:30:00,2011-11-09 13:30:00,0,0,Segment 0
17014,4,238,562.6800000000001,63,3,2011-10-04 11:36:00,2011-12-01 14:09:00,58,2,Segment 2
17015,3,1978,1838.61,182,3,2011-06-07 13:19:00,2011-11-11 10:45:00,156,2,Segment 2
17017,27,6613,8574.11,88,21,2010-12-02 10:17:00,2011-12-07 09:32:00,369,2,Segment 2
17018,2,176,920.1,15,2,2011-01-18 08:46:00,2011-10-30 11:42:00,285,0,Segment 0
17019,4,820,1258.08,166,4,2010-12-06 12:55:00,2011-11-28 13:06:00,357,2,Segment 2
17022,1,108,71.0,7,1,2011-11-08 17:09:00,2011-11-08 17:09:00,0,0,Segment 0
17024,3,69,95.85,2,3,2011-07-05 09:31:00,2011-10-25 13:47:00,112,0,Segment 0
17025,3,235,357.77,8,2,2010-12-01 15:45:00,2011-10-10 09:06:00,312,0,Segment 0
17026,2,97,154.82999999999998,4,2,2010-12-05 12:47:00,2011-06-07 14:28:00,184,0,Segment 0
17027,7,410,835.86,110,5,2011-01-26 14:19:00,2011-09-22 12:24:00,238,2,Segment 2
17029,2,400,716.0,1,2,2011-04-17 10:57:00,2011-08-21 11:06:00,126,0,Segment 0
17030,1,146,146.87,11,1,2011-10-07 08:49:00,2011-10-07 08:49:00,0,0,Segment 0
17031,2,235,380.35,19,2,2011-07-08 09:38:00,2011-11-28 10:23:00,143,0,Segment 0
17033,3,750,1030.14,24,3,2010-12-15 13:21:00,2011-09-14 14:34:00,273,0,Segment 0
17034,4,406,734.5699999999999,28,4,2011-02-25 10:10:00,2011-11-23 15:14:00,271,0,Segment 0
17035,3,201,388.33,27,3,2011-02-01 12:27:00,2011-04-08 11:23:00,65,0,Segment 0
17037,2,652,1253.22,75,2,2011-09-13 12:49:00,2011-09-22 17:20:00,9,2,Segment 2
17038,1,28,112.4,22,1,2011-11-09 13:50:00,2011-11-09 13:50:00,0,0,Segment 0
17040,1,181,449.73,15,1,2011-07-25 10:19:00,2011-07-25 10:19:00,0,0,Segment 0
17041,4,923,1055.69,59,3,2010-12-14 11:43:00,2011-11-13 11:21:00,333,2,Segment 2
17042,5,990,1036.58,74,5,2011-04-06 14:53:00,2011-12-07 12:26:00,244,2,Segment 2
17043,4,998,1735.18,100,4,2011-03-18 14:53:00,2011-11-07 15:33:00,234,2,Segment 2
17044,3,487,897.4300000000001,8,3,2010-12-15 16:34:00,2011-12-01 08:54:00,350,0,Segment 0
17045,3,106,339.44,20,3,2011-04-06 12:08:00,2011-08-18 17:09:00,134,0,Segment 0
17046,1,510,642.02,22,1,2011-07-05 14:24:00,2011-07-05 14:24:00,0,0,Segment 0
17047,3,533,1100.9,59,2,2011-05-18 16:50:00,2011-09-15 13:27:00,119,2,Segment 2
17048,6,474,864.32,41,6,2011-01-12 16:51:00,2011-08-16 14:51:00,215,2,Segment 2
17049,11,2666,5589.83,201,10,2011-03-09 08:33:00,2011-12-07 10:48:00,273,2,Segment 2
17050,6,1595,3185.64,169,6,2011-02-13 12:41:00,2011-09-04 13:48:00,203,2,Segment 2
17051,1,179,240.89,40,1,2011-05-29 14:13:00,2011-05-29 14:13:00,0,2,Segment 2
17052,1,251,399.09,72,1,2011-11-11 14:50:00,2011-11-11 14:50:00,0,2,Segment 2
17053,2,121,496.38,13,2,2011-08-01 10:23:00,2011-08-03 10:55:00,2,0,Segment 0
17054,6,802,1353.83,64,6,2011-04-08 13:14:00,2011-11-11 12:56:00,216,2,Segment 2
17058,3,592,1179.89,51,3,2011-04-14 09:18:00,2011-09-19 10:13:00,158,2,Segment 2
17059,5,1850,3080.39,292,5,2010-12-05 12:35:00,2011-11-10 12:27:00,339,2,Segment 2
17060,1,216,234.24,5,1,2011-03-18 13:27:00,2011-03-18 13:27:00,0,0,Segment 0
17061,12,1484,5116.13,57,9,2011-04-21 13:29:00,2011-09-27 11:24:00,158,2,Segment 2
17062,5,416,529.4300000000001,53,4,2010-12-05 11:59:00,2011-01-30 11:01:00,55,2,Segment 2
17063,11,763,1421.59,66,8,2011-02-23 13:44:00,2011-12-01 08:46:00,280,2,Segment 2
17064,3,316,855.45,53,3,2011-01-16 16:10:00,2011-10-12 10:18:00,268,2,Segment 2
17065,1,-1,-112.35,1,1,2011-07-19 14:45:00,2011-07-19 14:45:00,0,0,Segment 0
17068,22,2154,4531.34,116,21,2010-12-06 13:58:00,2011-11-27 13:14:00,355,2,Segment 2
17069,13,1482,2655.2200000000003,111,10,2010-12-01 16:49:00,2011-11-11 17:13:00,345,2,Segment 2
17070,1,131,304.24,62,1,2011-08-17 17:01:00,2011-08-17 17:01:00,0,2,Segment 2
17071,14,1182,2385.48,102,13,2011-02-03 08:18:00,2011-12-01 09:06:00,301,2,Segment 2
17073,4,759,1446.09,142,4,2011-08-22 14:37:00,2011-11-22 11:47:00,91,2,Segment 2
17075,5,289,813.77,62,4,2011-01-26 13:20:00,2011-11-22 11:58:00,299,2,Segment 2
17076,3,295,841.0799999999999,17,3,2010-12-10 10:08:00,2011-11-03 17:53:00,328,0,Segment 0
17078,2,788,378.2,28,1,2011-11-03 18:49:00,2011-11-03 19:17:00,0,0,Segment 0
17079,1,24,118.8,2,1,2011-09-22 15:34:00,2011-09-22 15:34:00,0,0,Segment 0
17080,3,164,285.5,8,3,2011-03-15 12:05:00,2011-11-17 12:59:00,247,0,Segment 0
17081,2,77,288.91,55,2,2011-10-24 13:08:00,2011-11-14 12:56:00,20,2,Segment 2
17082,2,1049,2003.85,75,2,2011-01-25 14:36:00,2011-11-06 15:17:00,285,2,Segment 2
17083,3,772,1405.78,24,3,2011-02-09 11:38:00,2011-08-22 15:43:00,194,0,Segment 0
17084,2,1702,2747.99,146,1,2011-11-04 14:49:00,2011-11-04 14:54:00,0,2,Segment 2
17085,6,783,1550.8,116,5,2010-12-12 12:24:00,2011-08-08 14:15:00,239,2,Segment 2
17086,6,1859,2050.08,76,6,2011-10-07 11:22:00,2011-12-02 13:54:00,56,2,Segment 2
17088,4,868,1991.01,96,4,2011-03-31 09:48:00,2011-11-11 14:23:00,225,2,Segment 2
17090,8,902,1972.55,45,8,2010-12-20 13:52:00,2011-12-05 13:44:00,349,2,Segment 2
17091,10,1743,3802.81,119,8,2010-12-07 09:55:00,2011-12-07 10:43:00,365,2,Segment 2
17092,4,1130,1774.03,99,4,2011-03-07 14:51:00,2011-10-20 19:51:00,227,2,Segment 2
17094,2,148,270.20000000000005,14,2,2011-01-21 13:09:00,2011-01-25 17:24:00,4,0,Segment 0
17095,6,613,1088.2,70,5,2011-01-09 11:05:00,2011-11-17 16:40:00,312,2,Segment 2
17096,7,332,992.68,46,7,2011-03-23 12:05:00,2011-11-30 15:05:00,252,2,Segment 2
17097,9,457,937.92,153,7,2010-12-09 14:55:00,2011-12-07 17:05:00,363,2,Segment 2
17100,2,800,971.74,65,1,2011-11-21 16:36:00,2011-11-21 16:36:00,0,2,Segment 2
17101,4,815,1621.73,28,4,2011-06-14 14:49:00,2011-11-29 13:57:00,167,0,Segment 0
17102,1,2,25.5,1,1,2011-03-23 10:08:00,2011-03-23 10:08:00,0,0,Segment 0
17105,2,693,665.78,80,2,2011-02-06 14:46:00,2011-07-03 15:53:00,147,2,Segment 2
17107,7,4526,10362.48,269,6,2011-03-06 15:17:00,2011-11-07 08:41:00,245,2,Segment 2
17109,8,572,865.9300000000001,107,6,2011-04-21 15:46:00,2011-11-10 16:59:00,203,2,Segment 2
17110,1,50,163.29999999999998,12,1,2011-06-27 12:58:00,2011-06-27 12:58:00,0,0,Segment 0
17111,1,282,231.61,29,1,2011-10-23 15:59:00,2011-10-23 15:59:00,0,0,Segment 0
17114,10,206,739.72,85,9,2011-01-09 11:39:00,2011-12-04 12:17:00,329,2,Segment 2
17115,5,368,806.9000000000001,33,5,2011-04-20 14:46:00,2011-12-01 14:30:00,224,2,Segment 2
17117,1,68,116.2,9,1,2011-02-24 13:54:00,2011-02-24 13:54:00,0,0,Segment 0
17118,1,154,157.02,10,1,2011-01-26 12:19:00,2011-01-26 12:19:00,0,0,Segment 0
17119,3,327,593.61,35,3,2011-10-11 11:03:00,2011-12-06 14:40:00,56,2,Segment 2
17120,1,120,307.46,18,1,2011-04-20 15:21:00,2011-04-20 15:21:00,0,0,Segment 0
17122,1,80,138.32,7,1,2011-08-12 14:33:00,2011-08-12 14:33:00,0,0,Segment 0
17123,1,246,345.29999999999995,9,1,2011-07-01 10:47:00,2011-07-01 10:47:00,0,0,Segment 0
17124,1,129,294.24,31,1,2011-06-07 14:02:00,2011-06-07 14:02:00,0,0,Segment 0
17125,1,281,230.5,34,1,2011-10-20 14:41:00,2011-10-20 14:41:00,0,2,Segment 2
17126,7,778,976.55,189,3,2010-12-12 11:19:00,2011-07-10 13:52:00,210,2,Segment 2
17128,1,76,157.09,14,1,2011-01-09 12:02:00,2011-01-09 12:02:00,0,0,Segment 0
17131,5,983,2463.17,78,4,2011-09-25 12:42:00,2011-12-04 12:52:00,70,2,Segment 2
17133,7,2730,4892.240000000001,13,6,2011-03-18 13:47:00,2011-11-24 12:27:00,250,0,Segment 0
17134,2,98,413.2,21,2,2011-03-20 11:56:00,2011-08-25 09:53:00,157,0,Segment 0
17135,7,1224,1139.73,34,5,2010-12-03 09:31:00,2011-11-23 16:48:00,355,2,Segment 2
17138,1,126,380.5,24,1,2011-03-09 11:54:00,2011-03-09 11:54:00,0,0,Segment 0
17139,15,5157,10567.87,309,12,2011-02-24 09:32:00,2011-11-24 10:12:00,273,2,Segment 2
17140,1,296,454.12,16,1,2011-04-06 13:33:00,2011-04-06 13:33:00,0,0,Segment 0
17142,1,81,579.0,15,1,2011-04-14 18:22:00,2011-04-14 18:22:00,0,0,Segment 0
17144,2,483,984.57,42,2,2011-09-16 12:50:00,2011-12-08 17:57:00,83,2,Segment 2
17146,3,212,749.78,33,3,2010-12-16 12:20:00,2011-08-26 12:44:00,253,2,Segment 2
17147,6,878,1679.64,70,5,2011-02-01 09:36:00,2011-11-17 12:32:00,289,2,Segment 2
17148,1,82,124.88,9,1,2011-10-19 09:59:00,2011-10-19 09:59:00,0,0,Segment 0
17152,4,477,1503.5,9,2,2011-03-21 16:20:00,2011-05-29 12:19:00,68,0,Segment 0
17153,1,104,213.78,14,1,2011-11-15 13:42:00,2011-11-15 13:42:00,0,0,Segment 0
17154,1,490,329.34,23,1,2011-09-25 13:42:00,2011-09-25 13:42:00,0,0,Segment 0
17155,2,242,251.7,19,2,2011-06-15 10:22:00,2011-11-22 12:38:00,160,0,Segment 0
17157,3,169,306.55,11,3,2011-06-16 15:08:00,2011-12-02 09:10:00,168,0,Segment 0
17158,3,778,1266.97,53,3,2010-12-14 13:03:00,2011-11-07 15:15:00,328,2,Segment 2
17159,4,1110,1534.73,96,4,2011-06-21 09:49:00,2011-11-18 10:52:00,150,2,Segment 2
17160,6,2856,3518.03,111,6,2011-04-12 12:00:00,2011-11-08 14:05:00,210,2,Segment 2
17162,11,1000,1707.21,81,7,2011-02-07 12:27:00,2011-11-11 11:34:00,276,2,Segment 2
17163,2,66,293.1,3,2,2011-09-22 15:54:00,2011-11-18 08:57:00,56,0,Segment 0
17164,8,1500,2466.4,92,6,2011-03-11 14:26:00,2011-11-07 09:14:00,240,2,Segment 2
17165,1,100,158.68,10,1,2011-02-28 16:39:00,2011-02-28 16:39:00,0,0,Segment 0
17166,3,75,189.49,11,3,2011-05-20 08:18:00,2011-11-01 09:46:00,165,0,Segment 0
17169,4,519,816.88,51,4,2011-06-09 13:16:00,2011-10-20 19:15:00,133,2,Segment 2
17171,1,185,224.91,16,1,2011-02-23 16:37:00,2011-02-23 16:37:00,0,0,Segment 0
17172,2,479,313.26,16,2,2011-09-22 09:36:00,2011-09-26 12:04:00,4,0,Segment 0
17173,9,1121,3755.65,36,8,2011-07-31 15:26:00,2011-12-04 14:40:00,125,2,Segment 2
17174,1,41,59.9,4,1,2011-05-06 11:47:00,2011-05-06 11:47:00,0,0,Segment 0
17175,5,865,1430.94,42,5,2011-02-16 14:56:00,2011-10-26 15:31:00,252,2,Segment 2
17176,1,170,306.13,15,1,2011-05-22 12:41:00,2011-05-22 12:41:00,0,0,Segment 0
17179,3,290,711.79,56,3,2010-12-13 14:24:00,2011-06-14 16:48:00,183,2,Segment 2
17180,6,667,768.32,91,3,2011-01-27 18:05:00,2011-10-14 15:46:00,259,2,Segment 2
17181,2,241,239.92,23,2,2010-12-01 12:38:00,2011-10-13 14:48:00,316,0,Segment 0
17183,8,1264,3286.9100000000003,42,8,2011-08-26 15:25:00,2011-12-02 10:07:00,97,2,Segment 2
17186,2,200,144.0,1,2,2011-10-10 12:52:00,2011-10-24 10:20:00,13,0,Segment 0
17187,1,144,203.95,10,1,2011-04-27 12:39:00,2011-04-27 12:39:00,0,0,Segment 0
17188,9,1301,2275.58,71,8,2010-12-12 12:56:00,2011-11-28 13:53:00,351,2,Segment 2
17189,2,226,383.75,52,2,2010-12-15 17:28:00,2011-08-25 19:39:00,253,2,Segment 2
17190,3,160,249.74,19,3,2011-05-16 15:29:00,2011-10-12 11:33:00,148,0,Segment 0
17191,7,1166,2093.68,163,5,2010-12-06 14:36:00,2011-11-11 16:58:00,340,2,Segment 2
17193,9,1238,1674.46,17,7,2011-06-16 10:04:00,2011-11-04 12:47:00,141,0,Segment 0
17194,2,119,262.62,26,2,2010-12-14 12:06:00,2011-03-11 12:05:00,86,0,Segment 0
17197,1,191,1013.01,29,1,2011-11-10 10:32:00,2011-11-10 10:32:00,0,0,Segment 0
17198,3,357,692.22,89,3,2010-12-03 14:54:00,2011-11-16 10:39:00,347,2,Segment 2
17201,1,231,289.78,38,1,2011-10-17 11:55:00,2011-10-17 11:55:00,0,2,Segment 2
17203,6,2846,3560.08,116,3,2011-10-10 14:37:00,2011-11-04 12:27:00,24,2,Segment 2
17204,9,589,1352.91,47,7,2010-12-20 12:01:00,2011-06-23 13:54:00,185,2,Segment 2
17205,1,884,384.08,13,1,2011-10-17 12:46:00,2011-10-17 12:46:00,0,0,Segment 0
17206,1,76,204.24,7,1,2011-10-17 13:25:00,2011-10-17 13:25:00,0,0,Segment 0
17211,9,1310,2299.67,150,8,2010-12-05 12:44:00,2011-11-13 12:03:00,342,2,Segment 2
17212,1,147,226.85,4,1,2011-03-31 19:42:00,2011-03-31 19:42:00,0,0,Segment 0
17213,11,1167,2741.08,85,10,2010-12-08 13:03:00,2011-10-30 14:53:00,326,2,Segment 2
17214,7,271,974.12,79,6,2010-12-15 15:14:00,2011-10-10 13:17:00,298,2,Segment 2
17217,1,24,113.5,9,1,2011-04-19 17:19:00,2011-04-19 17:19:00,0,0,Segment 0
17218,10,955,1951.97,146,10,2010-12-06 15:25:00,2011-12-05 13:52:00,363,2,Segment 2
17219,1,89,114.23,24,1,2011-11-08 11:25:00,2011-11-08 11:25:00,0,0,Segment 0
17220,14,1897,3187.55,303,10,2010-12-10 14:54:00,2011-11-15 13:47:00,339,2,Segment 2
17221,2,287,334.48,59,2,2011-11-03 17:39:00,2011-12-02 13:35:00,28,2,Segment 2
17222,1,122,328.65,27,1,2011-10-05 13:58:00,2011-10-05 13:58:00,0,0,Segment 0
17223,2,110,416.89,43,2,2010-12-06 14:08:00,2011-02-02 15:57:00,58,2,Segment 2
17226,1,406,393.49,21,1,2011-02-04 11:52:00,2011-02-04 11:52:00,0,0,Segment 0
17227,6,741,939.32,28,6,2010-12-06 11:16:00,2011-11-21 10:51:00,349,0,Segment 0
17228,8,1532,1906.09,140,8,2010-12-02 16:00:00,2011-11-24 10:24:00,356,2,Segment 2
17229,2,185,318.76,39,2,2011-07-20 12:38:00,2011-09-04 13:56:00,46,2,Segment 2
17230,11,1553,3466.67,51,6,2010-12-15 11:22:00,2011-03-20 16:12:00,95,2,Segment 2
17231,14,1718,3078.22,294,10,2010-12-13 13:09:00,2011-11-27 15:18:00,349,2,Segment 2
17232,2,202,417.77,30,2,2011-11-25 12:24:00,2011-12-07 12:21:00,11,0,Segment 0
17233,1,131,190.88,25,1,2011-11-04 14:06:00,2011-11-04 14:06:00,0,0,Segment 0
17234,1,55,149.89,14,1,2011-06-10 11:20:00,2011-06-10 11:20:00,0,0,Segment 0
17235,2,224,550.06,24,2,2010-12-02 13:38:00,2011-11-14 15:51:00,347,0,Segment 0
17236,6,474,916.13,88,6,2010-12-12 11:49:00,2011-11-27 12:00:00,350,2,Segment 2
17237,2,105,314.69,18,2,2011-11-17 12:55:00,2011-11-28 15:02:00,11,0,Segment 0
17238,17,1807,3719.1,297,15,2010-12-03 15:05:00,2011-12-07 11:35:00,368,2,Segment 2
17239,2,149,379.95,15,2,2010-12-22 13:20:00,2011-01-31 09:41:00,39,0,Segment 0
17242,2,611,1135.04,30,2,2011-06-12 13:04:00,2011-08-23 14:55:00,72,0,Segment 0
17243,30,3312,8491.75,180,26,2010-12-05 10:03:00,2011-12-08 13:26:00,368,2,Segment 2
17244,1,616,954.9,31,1,2011-10-17 15:19:00,2011-10-17 15:19:00,0,0,Segment 0
17245,1,75,171.45,9,1,2011-05-19 10:43:00,2011-05-19 10:43:00,0,0,Segment 0
17247,1,105,280.09000000000003,53,1,2011-11-24 15:21:00,2011-11-24 15:21:00,0,2,Segment 2
17248,1,213,318.65,68,1,2011-08-11 13:34:00,2011-08-11 13:34:00,0,2,Segment 2
17250,2,167,381.97,55,2,2011-03-23 16:45:00,2011-12-06 12:15:00,257,2,Segment 2
17251,1,108,269.83,37,1,2010-12-12 11:06:00,2010-12-12 11:06:00,0,2,Segment 2
17252,2,192,348.91,86,2,2011-06-06 16:41:00,2011-08-15 09:45:00,69,2,Segment 2
17253,1,43,178.26,18,1,2011-11-21 12:59:00,2011-11-21 12:59:00,0,0,Segment 0
17254,2,251,271.19,100,2,2011-11-24 14:09:00,2011-12-05 12:46:00,10,2,Segment 2
17255,2,227,291.48,69,2,2011-02-13 15:18:00,2011-10-30 12:18:00,258,2,Segment 2
17256,2,141,240.0,12,2,2011-01-31 14:53:00,2011-08-24 13:30:00,204,0,Segment 0
17259,2,388,581.23,104,2,2010-12-06 12:55:00,2011-07-14 15:01:00,220,2,Segment 2
17262,5,367,1253.36,9,4,2010-12-08 13:30:00,2011-10-18 12:56:00,313,0,Segment 0
17263,1,36,63.440000000000005,23,1,2011-05-15 14:32:00,2011-05-15 14:32:00,0,0,Segment 0
17265,2,389,550.01,106,2,2011-06-12 12:00:00,2011-07-24 10:49:00,41,2,Segment 2
17266,3,153,296.58,60,3,2011-07-15 11:57:00,2011-12-07 14:12:00,145,2,Segment 2
17267,2,158,317.2,37,1,2011-08-04 17:19:00,2011-08-04 17:22:00,0,2,Segment 2
17268,4,844,763.64,3,4,2011-04-08 13:20:00,2011-08-24 10:06:00,137,0,Segment 0
17272,5,1776,2144.53,70,5,2011-03-22 12:05:00,2011-10-28 16:37:00,220,2,Segment 2
17274,1,77,107.82,24,1,2011-11-04 13:16:00,2011-11-04 13:16:00,0,0,Segment 0
17277,2,430,1065.35,67,2,2011-01-21 12:37:00,2011-04-26 12:47:00,95,2,Segment 2
17278,1,179,246.04,15,1,2011-04-12 13:10:00,2011-04-12 13:10:00,0,0,Segment 0
17279,1,48,187.83,8,1,2011-10-13 11:58:00,2011-10-13 11:58:00,0,0,Segment 0
17282,3,1866,1685.46,79,3,2011-02-13 11:36:00,2011-08-01 14:29:00,169,2,Segment 2
17284,7,1360,1636.58,229,6,2011-01-07 14:31:00,2011-10-10 14:38:00,276,2,Segment 2
17286,1,117,151.37,44,1,2011-11-18 12:47:00,2011-11-18 12:47:00,0,2,Segment 2
17287,7,556,1049.06,88,7,2010-12-02 12:22:00,2011-11-13 13:27:00,346,2,Segment 2
17288,7,1201,1417.63,118,7,2010-12-16 13:33:00,2011-11-30 16:09:00,349,2,Segment 2
17289,4,512,922.77,86,3,2011-06-12 13:51:00,2011-11-08 12:01:00,148,2,Segment 2
17290,2,397,513.01,92,2,2011-11-23 15:53:00,2011-12-06 12:38:00,12,2,Segment 2
17291,1,72,550.8000000000001,1,1,2011-02-04 13:04:00,2011-02-04 13:04:00,0,0,Segment 0
17293,9,1135,1854.06,93,8,2010-12-13 14:55:00,2011-12-01 14:37:00,352,2,Segment 2
17295,3,293,547.0,53,2,2011-10-06 12:22:00,2011-11-11 10:49:00,35,2,Segment 2
17297,1,65,128.18,49,1,2011-11-22 14:43:00,2011-11-22 14:43:00,0,2,Segment 2
17298,2,387,498.42,30,2,2011-08-07 12:21:00,2011-08-30 16:43:00,23,0,Segment 0
17299,4,668,656.61,50,4,2011-06-19 16:04:00,2011-11-28 12:01:00,161,2,Segment 2
17301,1,137,163.24,59,1,2011-11-18 13:43:00,2011-11-18 13:43:00,0,2,Segment 2
17302,6,573,1119.93,68,6,2011-02-07 10:14:00,2011-11-25 09:36:00,290,2,Segment 2
17303,1,144,250.04,53,1,2010-12-13 13:32:00,2010-12-13 13:32:00,0,2,Segment 2
17306,21,11470,8600.73,13,17,2010-12-21 13:34:00,2011-11-29 12:14:00,342,0,Segment 0
17307,1,-144,-152.64,1,1,2010-12-09 15:24:00,2010-12-09 15:24:00,0,0,Segment 0
17309,1,41,82.75,11,1,2011-09-05 15:20:00,2011-09-05 15:20:00,0,0,Segment 0
17311,2,1005,1384.85,55,2,2011-01-27 10:56:00,2011-09-22 14:11:00,238,2,Segment 2
17312,3,372,644.3,11,3,2011-07-03 13:12:00,2011-07-24 11:52:00,20,0,Segment 0
17313,2,1382,2288.13,24,2,2011-11-08 15:45:00,2011-11-22 09:23:00,13,0,Segment 0
17314,11,1884,2514.76,120,11,2011-01-31 11:25:00,2011-11-15 09:41:00,287,2,Segment 2
17315,43,3831,6193.43,259,36,2010-12-17 12:19:00,2011-12-09 11:58:00,356,2,Segment 2
17317,5,1074,2524.02,8,3,2011-09-11 12:45:00,2011-10-24 17:26:00,43,0,Segment 0
17320,3,634,1200.62,57,3,2010-12-06 15:38:00,2011-08-31 13:31:00,267,2,Segment 2
17321,2,364,657.16,94,2,2011-10-03 11:34:00,2011-12-01 13:41:00,59,2,Segment 2
17323,9,754,894.44,125,7,2011-02-20 14:38:00,2011-11-24 17:29:00,277,2,Segment 2
17324,4,843,986.48,43,4,2010-12-08 12:45:00,2011-11-22 10:34:00,348,2,Segment 2
17325,1,60,96.8,6,1,2011-03-04 13:09:00,2011-03-04 13:09:00,0,0,Segment 0
17329,2,142,523.11,29,2,2011-01-28 15:29:00,2011-11-25 14:24:00,300,0,Segment 0
17330,2,120,363.9,5,2,2011-10-03 11:26:00,2011-11-17 08:56:00,44,0,Segment 0
17331,1,16,175.2,1,1,2011-08-08 11:55:00,2011-08-08 11:55:00,0,0,Segment 0
17333,1,375,494.25,28,1,2011-09-15 10:11:00,2011-09-15 10:11:00,0,0,Segment 0
17334,3,314,306.6,11,3,2011-02-04 09:03:00,2011-02-11 16:34:00,7,0,Segment 0
17337,7,1218,1897.51,421,4,2011-02-02 17:06:00,2011-07-11 14:56:00,158,2,Segment 2
17338,10,3054,6461.79,390,8,2010-12-13 12:57:00,2011-11-22 14:23:00,344,2,Segment 2
17339,2,152,243.36,9,2,2010-12-09 14:44:00,2011-09-06 13:29:00,270,0,Segment 0
17340,16,5902,11891.18,231,12,2010-12-08 15:56:00,2011-11-30 17:12:00,357,2,Segment 2
17341,3,443,682.29,147,2,2010-12-08 12:46:00,2011-07-06 12:33:00,209,2,Segment 2
17343,1,56,193.64,17,1,2010-12-19 15:07:00,2010-12-19 15:07:00,0,0,Segment 0
17344,1,65,157.62,31,1,2011-10-24 12:56:00,2011-10-24 12:56:00,0,0,Segment 0
17345,4,341,519.6899999999999,70,3,2011-05-27 12:26:00,2011-11-24 15:03:00,181,2,Segment 2
17346,16,1599,2557.9,299,14,2010-12-01 14:34:00,2011-12-06 12:18:00,369,2,Segment 2
17347,1,216,228.96,1,1,2011-09-14 13:12:00,2011-09-14 13:12:00,0,0,Segment 0
17348,5,1398,1156.6,180,5,2011-02-15 10:49:00,2011-11-25 11:25:00,283,2,Segment 2
17349,1,102,98.25,8,1,2011-06-13 14:29:00,2011-06-13 14:29:00,0,0,Segment 0
17350,5,734,1251.44,66,3,2011-10-19 16:05:00,2011-12-01 15:47:00,42,2,Segment 2
17351,3,113,587.15,22,3,2011-03-11 16:05:00,2011-11-03 18:45:00,237,0,Segment 0
17353,2,1200,1740.0,5,2,2011-07-08 16:17:00,2011-08-02 17:19:00,25,0,Segment 0
17354,1,1006,1393.06,15,1,2011-10-20 10:34:00,2011-10-20 10:34:00,0,0,Segment 0
17356,1,166,178.22,19,1,2011-02-01 11:07:00,2011-02-01 11:07:00,0,0,Segment 0
17357,2,152,384.39,41,1,2011-11-15 16:29:00,2011-11-15 16:30:00,0,2,Segment 2
17358,2,190,360.81,55,2,2010-12-19 14:16:00,2011-02-09 16:57:00,52,2,Segment 2
17359,1,161,127.86,13,1,2011-11-28 14:37:00,2011-11-28 14:37:00,0,0,Segment 0
17360,3,328,568.24,113,2,2011-06-08 17:09:00,2011-11-22 13:11:00,166,2,Segment 2
17361,3,157,488.2,26,3,2011-02-21 09:55:00,2011-10-21 15:43:00,242,0,Segment 0
17362,2,191,312.23,30,2,2011-02-03 10:26:00,2011-04-14 14:43:00,70,0,Segment 0
17364,12,2671,4437.23,288,11,2011-01-12 16:57:00,2011-12-09 09:00:00,330,2,Segment 2
17365,8,4749,4767.36,278,7,2011-01-11 12:11:00,2011-11-27 12:13:00,320,2,Segment 2
17367,1,149,167.55,33,1,2011-04-15 14:21:00,2011-04-15 14:21:00,0,2,Segment 2
17368,9,666,1315.72,93,9,2011-01-06 11:57:00,2011-11-16 15:26:00,314,2,Segment 2
17370,4,540,446.18,31,4,2011-06-23 11:50:00,2011-09-28 10:14:00,96,0,Segment 0
17371,3,151,418.4,83,2,2010-12-13 15:20:00,2011-11-22 13:30:00,343,2,Segment 2
17372,8,747,1337.18,215,8,2010-12-12 12:00:00,2011-10-30 11:37:00,321,2,Segment 2
17373,4,408,646.92,47,4,2011-01-31 11:46:00,2011-10-30 15:28:00,272,2,Segment 2
17374,2,85,495.77,24,2,2011-03-03 12:53:00,2011-05-05 09:05:00,62,0,Segment 0
17375,4,361,372.5,65,4,2010-12-13 15:16:00,2011-06-02 17:30:00,171,2,Segment 2
17376,2,86,203.2,23,2,2011-02-01 14:12:00,2011-09-30 12:36:00,240,0,Segment 0
17377,21,2037,3883.32,191,21,2010-12-01 12:35:00,2011-11-16 11:17:00,349,2,Segment 2
17379,1,623,389.72,71,1,2011-11-28 13:56:00,2011-11-28 13:56:00,0,2,Segment 2
17381,30,25646,20272.43,40,21,2010-12-02 12:58:00,2011-12-01 11:59:00,363,3,Segment 3
17382,1,25,65.4,2,1,2011-10-05 13:05:00,2011-10-05 13:05:00,0,0,Segment 0
17383,1,148,193.39,49,1,2011-12-05 17:36:00,2011-12-05 17:36:00,0,2,Segment 2
17384,2,88,336.4,12,2,2011-05-04 16:07:00,2011-11-20 15:48:00,199,0,Segment 0
17385,1,197,256.11,42,1,2011-11-25 11:02:00,2011-11-25 11:02:00,0,2,Segment 2
17386,6,1902,2686.42,23,4,2011-06-27 12:11:00,2011-12-02 11:28:00,157,0,Segment 0
17387,2,522,746.81,71,2,2011-11-06 11:25:00,2011-11-20 11:00:00,13,2,Segment 2
17388,4,1068,1259.56,13,4,2011-02-25 12:28:00,2011-09-23 10:31:00,209,0,Segment 0
17389,43,7430,31300.08,48,38,2011-01-04 17:12:00,2011-12-09 09:38:00,338,2,Segment 2
17391,2,480,508.8,2,2,2011-06-28 12:21:00,2011-06-29 09:58:00,0,0,Segment 0
17392,2,277,417.27,53,2,2010-12-16 19:04:00,2011-02-06 12:48:00,51,2,Segment 2
17394,1,241,203.87,4,1,2011-05-04 13:22:00,2011-05-04 13:22:00,0,0,Segment 0
17396,8,2005,7330.8,24,4,2010-12-03 09:45:00,2011-10-31 14:12:00,332,0,Segment 0
17397,2,250,681.41,88,1,2011-11-17 13:58:00,2011-11-17 14:08:00,0,2,Segment 2
17398,3,310,653.38,30,3,2011-03-29 13:04:00,2011-08-17 09:48:00,140,0,Segment 0
17400,5,1088,2097.84,175,5,2010-12-21 17:16:00,2011-08-05 15:38:00,226,2,Segment 2
17402,13,701,2633.85,33,12,2010-12-05 13:53:00,2011-12-05 10:15:00,364,2,Segment 2
17403,1,111,263.92,32,1,2011-11-03 15:18:00,2011-11-03 15:18:00,0,0,Segment 0
17404,18,32324,30300.82,111,15,2010-12-14 13:27:00,2011-12-05 16:26:00,356,3,Segment 3
17405,5,705,967.22,77,5,2011-07-12 14:17:00,2011-12-08 17:12:00,149,2,Segment 2
17406,5,777,1912.72,99,3,2010-12-08 10:35:00,2011-01-13 12:52:00,36,2,Segment 2
17408,1,3,32.65,2,1,2011-06-29 12:53:00,2011-06-29 12:53:00,0,0,Segment 0
17409,2,105,771.85,13,2,2011-04-05 16:42:00,2011-06-08 10:36:00,63,0,Segment 0
17410,5,616,1214.72,57,5,2011-05-08 15:21:00,2011-11-23 15:46:00,199,2,Segment 2
17411,4,298,748.94,41,4,2010-12-09 11:42:00,2011-11-27 14:25:00,353,2,Segment 2
17412,7,738,1258.06,48,7,2010-12-02 16:29:00,2011-12-07 11:36:00,369,2,Segment 2
17414,2,2100,778.0,5,2,2011-06-08 11:43:00,2011-10-27 12:13:00,141,0,Segment 0
17415,1,114,507.84,14,1,2011-09-21 12:50:00,2011-09-21 12:50:00,0,0,Segment 0
17416,9,4266,6838.34,186,9,2011-03-03 13:45:00,2011-11-10 12:47:00,251,2,Segment 2
17418,2,289,463.46,29,2,2011-01-20 11:39:00,2011-10-28 13:00:00,281,0,Segment 0
17419,14,1872,4200.97,155,13,2010-12-07 15:03:00,2011-11-28 13:47:00,355,2,Segment 2
17420,3,265,598.83,28,3,2010-12-01 09:56:00,2011-10-20 14:52:00,323,0,Segment 0
17422,10,2195,1853.13,93,10,2011-02-16 14:44:00,2011-11-23 13:27:00,279,2,Segment 2
17423,4,421,663.63,26,4,2011-05-06 09:14:00,2011-10-25 16:49:00,172,0,Segment 0
17425,2,407,759.17,42,2,2011-10-10 11:37:00,2011-11-20 15:30:00,41,2,Segment 2
17426,7,3082,5022.26,179,5,2011-03-02 16:34:00,2011-12-05 16:12:00,277,2,Segment 2
17427,1,34,100.8,2,1,2011-09-29 11:29:00,2011-09-29 11:29:00,0,0,Segment 0
17428,33,9435,17078.45,255,26,2010-12-06 09:37:00,2011-12-09 09:45:00,368,2,Segment 2
17429,4,616,512.12,36,4,2011-05-05 09:53:00,2011-08-11 10:13:00,98,2,Segment 2
17430,2,190,265.76,14,2,2010-12-09 13:05:00,2011-11-07 09:24:00,332,0,Segment 0
17431,1,292,403.3,41,1,2011-01-30 14:36:00,2011-01-30 14:36:00,0,2,Segment 2
17432,2,207,365.76,44,2,2011-11-02 17:30:00,2011-11-21 17:33:00,19,2,Segment 2
17433,1,185,303.16,53,1,2011-09-12 14:24:00,2011-09-12 14:24:00,0,2,Segment 2
17434,9,1685,2333.42,100,9,2011-09-15 13:54:00,2011-12-07 13:16:00,82,2,Segment 2
17436,2,90,216.3,7,2,2011-04-27 11:33:00,2011-12-08 12:30:00,225,0,Segment 0
17438,2,100,378.3,17,2,2011-03-31 10:26:00,2011-04-06 17:16:00,6,0,Segment 0
17440,5,232,177.1,3,4,2011-04-06 12:05:00,2011-07-15 10:36:00,99,0,Segment 0
17442,10,1490,2210.26,97,10,2010-12-09 15:13:00,2011-11-10 14:54:00,335,2,Segment 2
17443,1,504,534.24,1,1,2011-05-04 10:47:00,2011-05-04 10:47:00,0,0,Segment 0
17444,3,2119,2940.04,132,3,2011-06-20 09:04:00,2011-07-15 12:05:00,25,2,Segment 2
17446,2,198,120.9,6,2,2011-02-02 14:40:00,2011-06-16 10:42:00,133,0,Segment 0
17447,2,443,541.53,33,2,2011-09-29 10:10:00,2011-10-30 14:18:00,31,2,Segment 2
17448,1,-1,-4287.63,1,1,2011-07-18 12:26:00,2011-07-18 12:26:00,0,0,Segment 0
17449,8,1114,2503.21,178,7,2010-12-15 10:57:00,2011-12-07 16:56:00,357,2,Segment 2
17450,55,69009,187322.17,127,33,2010-12-07 09:23:00,2011-12-01 13:29:00,359,1,Segment 1
17451,10,1178,1648.95,83,7,2011-08-26 11:54:00,2011-12-08 15:02:00,104,2,Segment 2
17453,2,219,486.72,19,2,2011-10-06 17:02:00,2011-11-22 09:42:00,46,0,Segment 0
17454,4,243,517.53,57,4,2010-12-15 10:54:00,2011-05-31 13:58:00,167,2,Segment 2
17455,1,66,131.7,8,1,2011-05-20 12:31:00,2011-05-20 12:31:00,0,0,Segment 0
17456,1,222,249.86,17,1,2010-12-09 15:23:00,2010-12-09 15:23:00,0,0,Segment 0
17457,5,826,1737.7,14,5,2011-01-04 14:33:00,2011-08-05 12:48:00,212,0,Segment 0
17458,1,170,316.5,52,1,2011-11-24 13:01:00,2011-11-24 13:01:00,0,2,Segment 2
17459,2,537,657.3,88,2,2011-10-10 17:00:00,2011-10-27 13:25:00,16,2,Segment 2
17460,8,176,452.63,18,8,2010-12-01 16:24:00,2011-09-22 10:58:00,294,0,Segment 0
17461,3,770,735.82,104,2,2011-11-10 12:01:00,2011-11-17 10:21:00,6,2,Segment 2
17462,3,224,662.94,25,3,2011-02-28 17:01:00,2011-10-19 13:36:00,232,0,Segment 0
17463,6,1081,1860.81,162,6,2011-01-30 15:48:00,2011-11-23 13:40:00,296,2,Segment 2
17464,1,220,289.96000000000004,9,1,2011-07-04 13:19:00,2011-07-04 13:19:00,0,0,Segment 0
17466,2,306,763.28,41,2,2011-09-22 09:16:00,2011-11-29 13:15:00,68,2,Segment 2
17468,2,116,137.0,5,2,2011-11-25 12:52:00,2011-11-29 15:33:00,4,0,Segment 0
17469,6,778,1843.06,61,6,2011-05-19 08:55:00,2011-11-23 13:15:00,188,2,Segment 2
17470,5,1675,1125.07,67,5,2010-12-07 09:57:00,2011-10-26 12:42:00,323,2,Segment 2
17472,3,455,697.54,142,3,2011-02-13 14:40:00,2011-06-01 14:57:00,108,2,Segment 2
17475,1,178,194.37,14,1,2011-09-21 14:55:00,2011-09-21 14:55:00,0,0,Segment 0
17480,2,336,506.51,29,2,2011-09-23 11:39:00,2011-09-27 10:21:00,3,0,Segment 0
17481,5,1060,1249.34,69,5,2011-09-07 09:57:00,2011-12-06 12:28:00,90,2,Segment 2
17483,3,191,414.04,18,3,2011-06-09 19:40:00,2011-10-05 13:10:00,117,0,Segment 0
17486,1,191,396.87,24,1,2011-03-23 14:00:00,2011-03-23 14:00:00,0,0,Segment 0
17489,2,428,376.64,28,2,2011-05-11 11:34:00,2011-10-12 08:56:00,153,0,Segment 0
17490,11,1021,1926.88,64,8,2011-06-16 09:15:00,2011-12-09 09:08:00,175,2,Segment 2
17491,11,2012,3541.92,72,11,2010-12-07 12:18:00,2011-12-08 16:18:00,366,2,Segment 2
17492,1,155,374.57,12,1,2011-04-05 15:21:00,2011-04-05 15:21:00,0,0,Segment 0
17495,2,229,497.56,21,2,2011-11-01 12:06:00,2011-12-02 12:08:00,31,0,Segment 0
17496,1,79,271.05,10,1,2010-12-16 08:39:00,2010-12-16 08:39:00,0,0,Segment 0
17498,1,394,272.22,17,1,2011-09-25 12:25:00,2011-09-25 12:25:00,0,0,Segment 0
17499,1,711,622.88,40,1,2011-02-23 09:14:00,2011-02-23 09:14:00,0,2,Segment 2
17500,3,17,1138.0,3,3,2011-11-10 09:08:00,2011-11-22 14:25:00,12,0,Segment 0
17501,2,160,288.6,18,1,2011-05-03 09:46:00,2011-05-03 09:47:00,0,0,Segment 0
17502,4,376,689.1,25,4,2011-11-10 16:39:00,2011-11-30 13:13:00,19,0,Segment 0
17503,2,486,558.96,36,2,2011-11-01 11:12:00,2011-12-07 09:18:00,35,2,Segment 2
17504,10,1456,2745.28,112,7,2011-01-21 11:09:00,2011-05-17 12:59:00,116,2,Segment 2
17505,2,556,1145.84,48,2,2011-05-18 09:01:00,2011-07-01 12:50:00,44,2,Segment 2
17506,2,136,294.29,14,2,2011-09-25 11:39:00,2011-09-30 12:54:00,5,0,Segment 0
17507,2,359,605.58,79,2,2011-02-03 18:08:00,2011-03-23 11:48:00,47,2,Segment 2
17508,1,289,387.31,22,1,2011-03-04 08:10:00,2011-03-04 08:10:00,0,0,Segment 0
17509,11,3508,6069.24,75,3,2011-10-07 13:14:00,2011-10-13 12:16:00,5,2,Segment 2
17510,1,214,308.48,20,1,2011-11-15 10:00:00,2011-11-15 10:00:00,0,0,Segment 0
17511,46,63012,88125.38,467,33,2010-12-01 10:19:00,2011-12-07 10:12:00,370,3,Segment 3
17512,11,2752,2920.04,61,11,2011-02-11 12:22:00,2011-11-11 12:11:00,272,2,Segment 2
17513,1,254,513.2,6,1,2011-09-28 16:42:00,2011-09-28 16:42:00,0,0,Segment 0
17514,1,135,208.65,40,1,2011-08-03 15:45:00,2011-08-03 15:45:00,0,2,Segment 2
17515,4,243,639.02,49,4,2011-01-25 14:33:00,2011-11-08 14:04:00,286,2,Segment 2
17516,5,414,764.88,113,4,2011-02-27 12:41:00,2011-11-24 16:51:00,270,2,Segment 2
17517,1,102,153.94,11,1,2011-02-04 11:48:00,2011-02-04 11:48:00,0,0,Segment 0
17519,7,1233,1839.07,60,7,2010-12-06 15:18:00,2011-11-22 16:43:00,351,2,Segment 2
17520,1,365,546.81,30,1,2011-10-17 12:04:00,2011-10-17 12:04:00,0,0,Segment 0
17521,4,518,721.9599999999999,38,4,2011-05-24 15:14:00,2011-11-15 14:00:00,174,2,Segment 2
17522,5,1034,1070.71,59,5,2011-05-05 16:31:00,2011-12-08 12:31:00,216,2,Segment 2
17523,4,872,652.74,25,3,2011-11-20 13:40:00,2011-11-28 13:20:00,7,0,Segment 0
17524,1,90,145.0,6,1,2010-12-13 14:32:00,2010-12-13 14:32:00,0,0,Segment 0
17525,1,82,422.7000000000001,9,1,2010-12-15 12:05:00,2010-12-15 12:05:00,0,0,Segment 0
17526,8,257,706.7,17,7,2010-12-09 12:20:00,2011-12-08 18:56:00,364,0,Segment 0
17527,6,463,888.86,45,6,2011-05-05 13:43:00,2011-10-17 12:32:00,164,2,Segment 2
17528,11,2130,3540.1,183,10,2011-09-29 13:04:00,2011-12-08 13:27:00,70,2,Segment 2
17530,10,1514,2367.12,306,9,2010-12-09 20:01:00,2011-12-08 18:42:00,363,2,Segment 2
17531,2,135,293.45,15,2,2011-06-02 19:17:00,2011-08-11 10:19:00,69,0,Segment 0
17534,1,103,223.36,9,1,2011-10-17 12:47:00,2011-10-17 12:47:00,0,0,Segment 0
17535,1,136,164.4,13,1,2011-03-04 15:20:00,2011-03-04 15:20:00,0,0,Segment 0
17536,1,6,76.5,3,1,2011-06-15 13:23:00,2011-06-15 13:23:00,0,0,Segment 0
17537,2,699,887.67,74,2,2011-02-09 13:37:00,2011-11-10 10:56:00,273,2,Segment 2
17538,1,134,98.42,9,1,2011-11-14 12:12:00,2011-11-14 12:12:00,0,0,Segment 0
17540,3,193,570.4,20,3,2011-01-27 14:35:00,2011-12-01 09:00:00,307,0,Segment 0
17542,1,134,170.75,24,1,2011-03-15 11:45:00,2011-03-15 11:45:00,0,0,Segment 0
17545,3,337,642.32,122,1,2011-10-27 13:48:00,2011-10-27 14:04:00,0,2,Segment 2
17547,1,-4,-11.8,2,1,2010-12-02 14:29:00,2010-12-02 14:29:00,0,0,Segment 0
17548,3,-132,-141.48,12,3,2010-12-01 10:24:00,2011-05-06 10:00:00,155,0,Segment 0
17549,2,210,148.86,5,2,2011-10-19 10:05:00,2011-11-16 09:59:00,27,0,Segment 0
17550,3,86,267.16,42,2,2011-04-10 15:19:00,2011-05-26 14:09:00,45,2,Segment 2
17551,1,142,290.34,39,1,2010-12-15 14:12:00,2010-12-15 14:12:00,0,2,Segment 2
17552,6,708,909.96,45,4,2010-12-02 18:45:00,2011-10-28 12:14:00,329,2,Segment 2
17553,1,1048,1487.6,2,1,2011-08-02 10:00:00,2011-08-02 10:00:00,0,0,Segment 0
17554,5,1763,1952.45,58,5,2011-07-14 20:01:00,2011-12-08 14:15:00,146,2,Segment 2
17555,2,348,480.31,101,2,2011-01-09 12:31:00,2011-11-20 12:22:00,314,2,Segment 2
17556,1,101,157.9,6,1,2011-05-18 10:48:00,2011-05-18 10:48:00,0,0,Segment 0
17557,3,306,541.46,27,3,2011-09-19 14:23:00,2011-11-25 12:57:00,66,0,Segment 0
17560,5,651,854.95,22,5,2011-02-02 11:14:00,2011-09-06 09:18:00,215,0,Segment 0
17561,1,144,165.12,44,1,2011-11-20 12:53:00,2011-11-20 12:53:00,0,2,Segment 2
17562,8,813,1107.38,48,8,2011-06-19 13:06:00,2011-11-25 14:21:00,159,2,Segment 2
17564,3,146,454.01,38,3,2011-09-20 14:00:00,2011-11-15 13:27:00,55,2,Segment 2
17566,2,497,869.77,113,2,2011-11-14 13:42:00,2011-12-01 19:54:00,17,2,Segment 2
17567,10,2428,4012.56,110,10,2010-12-02 15:18:00,2011-12-02 15:48:00,365,2,Segment 2
17569,1,159,344.14,29,1,2011-01-11 14:15:00,2011-01-11 14:15:00,0,0,Segment 0
17571,4,876,1425.67,247,4,2011-02-14 15:15:00,2011-10-20 15:57:00,248,2,Segment 2
17572,4,95,226.75000000000003,7,4,2010-12-01 12:51:00,2011-09-29 17:53:00,302,0,Segment 0
17573,4,302,362.9,24,3,2011-09-07 10:36:00,2011-11-10 13:01:00,64,0,Segment 0
17574,1,77,185.65,8,1,2011-04-11 09:47:00,2011-04-11 09:47:00,0,0,Segment 0
17576,22,1927,3399.93,245,18,2010-12-09 16:57:00,2011-12-01 18:12:00,357,2,Segment 2
17578,2,90,124.74,5,2,2011-05-05 18:38:00,2011-06-02 11:42:00,27,0,Segment 0
17579,4,256,440.2,46,4,2011-06-13 14:12:00,2011-12-05 12:28:00,174,2,Segment 2
17580,3,88,215.72,43,3,2010-12-16 15:27:00,2011-04-01 12:41:00,105,2,Segment 2
17581,31,5849,10716.31,231,16,2010-12-02 14:47:00,2011-12-09 12:21:00,371,2,Segment 2
17582,1,123,175.27,28,1,2011-04-17 13:18:00,2011-04-17 13:18:00,0,0,Segment 0
17584,3,446,1227.3,30,3,2011-08-04 14:12:00,2011-12-02 17:12:00,120,0,Segment 0
17585,4,1650,1116.68,176,4,2011-01-05 15:09:00,2011-08-22 13:30:00,228,2,Segment 2
17588,3,676,1240.2,19,3,2011-04-21 10:31:00,2011-08-31 13:37:00,132,0,Segment 0
17589,4,1631,2404.17,172,4,2011-04-13 13:47:00,2011-10-10 16:58:00,180,2,Segment 2
17590,3,822,1468.02,162,3,2011-10-30 14:05:00,2011-12-07 12:55:00,37,2,Segment 2
17591,8,999,2192.7200000000003,81,8,2010-12-07 15:39:00,2011-09-27 13:42:00,293,2,Segment 2
17593,6,3083,3908.08,190,6,2010-12-22 10:29:00,2011-12-06 10:30:00,349,2,Segment 2
17594,2,550,993.18,42,2,2011-03-30 10:32:00,2011-09-15 16:34:00,169,2,Segment 2
17595,2,228,386.69,68,2,2011-11-02 16:19:00,2011-11-27 16:08:00,24,2,Segment 2
17596,7,4376,2806.69,168,7,2010-12-06 12:34:00,2011-11-16 14:11:00,345,2,Segment 2
17597,1,1176,2044.37,55,1,2011-05-10 11:54:00,2011-05-10 11:54:00,0,2,Segment 2
17600,1,144,161.67000000000002,13,1,2011-11-22 09:43:00,2011-11-22 09:43:00,0,0,Segment 0
17601,1,103,116.01,9,1,2011-04-14 18:02:00,2011-04-14 18:02:00,0,0,Segment 0
17602,8,4100,5002.22,335,8,2011-01-19 16:18:00,2011-12-07 13:53:00,321,2,Segment 2
17603,5,-31,-1165.3,12,4,2011-03-17 14:39:00,2011-10-20 19:19:00,217,0,Segment 0
17604,2,169,309.36,57,2,2011-01-31 15:09:00,2011-05-06 13:43:00,94,2,Segment 2
17608,2,229,191.99,54,1,2011-11-06 13:00:00,2011-11-06 13:06:00,0,2,Segment 2
17609,6,717,1097.48,199,4,2011-01-16 16:23:00,2011-10-30 12:28:00,286,2,Segment 2
17611,19,2542,3924.77,440,17,2010-12-13 13:52:00,2011-12-06 09:46:00,357,2,Segment 2
17612,10,1787,1992.76,117,10,2011-02-15 10:40:00,2011-10-17 14:59:00,244,2,Segment 2
17613,17,2464,4494.77,211,11,2011-02-07 11:20:00,2011-11-17 10:51:00,282,2,Segment 2
17614,1,235,386.32,97,1,2011-10-13 16:01:00,2011-10-13 16:01:00,0,2,Segment 2
17615,3,140,329.6,13,3,2011-05-01 15:33:00,2011-08-01 14:06:00,91,0,Segment 0
17616,3,224,571.1999999999999,1,3,2010-12-07 10:04:00,2011-06-19 10:11:00,194,0,Segment 0
17618,3,319,930.28,56,3,2010-12-12 16:05:00,2011-12-04 11:50:00,356,2,Segment 2
17619,1,124,214.37,71,1,2011-01-31 14:18:00,2011-01-31 14:18:00,0,2,Segment 2
17620,1,60,81.44,4,1,2011-10-11 12:08:00,2011-10-11 12:08:00,0,0,Segment 0
17621,4,510,1336.1,25,4,2010-12-20 13:31:00,2011-11-18 17:11:00,333,0,Segment 0
17623,1,265,527.0500000000001,33,1,2011-11-07 11:32:00,2011-11-07 11:32:00,0,2,Segment 2
17624,2,554,843.48,49,2,2011-05-05 17:59:00,2011-11-25 10:52:00,203,2,Segment 2
17625,4,1180,2020.4,223,4,2011-03-27 12:21:00,2011-11-21 13:36:00,239,2,Segment 2
17628,1,79,75.75,5,1,2011-09-19 15:21:00,2011-09-19 15:21:00,0,0,Segment 0
17629,9,1621,1784.12,106,9,2010-12-15 09:58:00,2011-12-04 10:56:00,354,2,Segment 2
17630,2,158,503.6,24,2,2011-04-21 14:03:00,2011-06-23 11:58:00,62,0,Segment 0
17631,3,334,528.33,39,3,2011-04-21 13:22:00,2011-12-08 09:47:00,230,2,Segment 2
17633,6,630,1242.34,60,6,2010-12-15 16:42:00,2011-11-08 13:25:00,327,2,Segment 2
17634,9,838,2358.59,209,9,2011-01-06 12:45:00,2011-11-03 13:09:00,301,2,Segment 2
17636,2,176,265.93,20,2,2011-11-20 14:40:00,2011-12-01 08:29:00,10,0,Segment 0
17637,2,280,547.0600000000001,35,2,2011-08-16 13:25:00,2011-11-08 12:51:00,83,2,Segment 2
17639,1,49,108.5,7,1,2011-03-08 15:22:00,2011-03-08 15:22:00,0,0,Segment 0
17640,1,250,621.66,5,1,2011-09-14 09:13:00,2011-09-14 09:13:00,0,0,Segment 0
17642,2,474,712.29,34,2,2011-06-16 12:55:00,2011-08-12 09:11:00,56,2,Segment 2
17643,1,71,101.55,8,1,2010-12-01 14:38:00,2010-12-01 14:38:00,0,0,Segment 0
17644,17,1741,2768.98,103,14,2011-01-21 17:18:00,2011-12-08 13:43:00,320,2,Segment 2
17646,4,320,995.66,46,4,2010-12-09 14:28:00,2011-05-04 13:17:00,145,2,Segment 2
17647,1,30,133.06,7,1,2011-10-05 15:38:00,2011-10-05 15:38:00,0,0,Segment 0
17648,5,486,1789.55,81,4,2011-04-04 10:29:00,2011-10-10 09:41:00,188,2,Segment 2
17649,2,398,861.74,52,2,2011-07-24 15:53:00,2011-07-28 10:50:00,3,2,Segment 2
17650,1,150,166.08,8,1,2011-11-18 14:52:00,2011-11-18 14:52:00,0,0,Segment 0
17651,14,3100,3886.67,149,12,2011-06-15 15:57:00,2011-11-28 10:29:00,165,2,Segment 2
17652,18,2479,4737.13,118,18,2011-03-03 14:05:00,2011-11-14 12:55:00,255,2,Segment 2
17653,5,1401,1175.88,44,5,2011-08-11 15:24:00,2011-11-10 14:26:00,90,2,Segment 2
17654,1,41,117.55,22,1,2011-03-07 13:17:00,2011-03-07 13:17:00,0,0,Segment 0
17655,8,956,2571.74,66,8,2010-12-08 16:45:00,2011-11-29 11:34:00,355,2,Segment 2
17656,5,1399,1674.69,67,5,2011-08-03 10:45:00,2011-09-27 13:04:00,55,2,Segment 2
17658,3,522,485.88,17,3,2011-05-12 15:23:00,2011-11-29 11:47:00,200,0,Segment 0
17659,14,1486,2954.75,127,14,2010-12-02 16:46:00,2011-12-06 09:29:00,368,2,Segment 2
17660,1,121,178.75,37,1,2011-07-21 13:37:00,2011-07-21 13:37:00,0,2,Segment 2
17663,9,793,1788.27,63,9,2011-02-25 14:11:00,2011-11-14 08:56:00,261,2,Segment 2
17664,2,604,604.64,41,2,2011-05-11 14:17:00,2011-11-21 11:29:00,193,2,Segment 2
17666,2,596,728.16,14,2,2011-10-05 11:06:00,2011-12-06 09:06:00,61,0,Segment 0
17667,5,1037,2055.51,85,4,2011-02-14 09:24:00,2011-10-04 14:32:00,232,2,Segment 2
17668,2,93,347.75,14,2,2011-11-01 14:45:00,2011-12-08 13:25:00,36,0,Segment 0
17669,7,1916,3406.7200000000003,45,7,2011-04-04 10:11:00,2011-10-28 08:53:00,206,2,Segment 2
17670,1,110,205.7,11,1,2011-04-26 09:12:00,2011-04-26 09:12:00,0,0,Segment 0
17671,6,659,1284.08,40,6,2010-12-09 14:27:00,2011-11-24 12:21:00,349,2,Segment 2
17672,4,1672,3106.62,105,4,2011-02-03 13:29:00,2011-10-27 10:56:00,265,2,Segment 2
17673,7,1460,1588.07,118,6,2011-01-23 15:16:00,2011-12-08 13:06:00,318,2,Segment 2
17674,2,672,551.04,19,2,2010-12-06 10:20:00,2011-09-26 13:35:00,294,0,Segment 0
17675,41,8278,20098.1,240,38,2010-12-07 13:22:00,2011-12-08 18:03:00,366,2,Segment 2
17676,7,921,1366.77,50,7,2010-12-08 13:49:00,2011-12-05 15:16:00,362,2,Segment 2
17677,43,9722,16201.37,179,29,2010-12-06 08:42:00,2011-12-08 09:56:00,367,2,Segment 2
17678,1,207,298.11,16,1,2011-03-21 11:52:00,2011-03-21 11:52:00,0,0,Segment 0
17679,2,729,1992.11,29,2,2011-09-15 10:35:00,2011-10-18 07:43:00,32,0,Segment 0
17680,1,96,184.4,11,1,2011-11-16 12:42:00,2011-11-16 12:42:00,0,0,Segment 0
17682,7,1365,2459.33,48,7,2010-12-06 13:35:00,2011-11-29 15:59:00,358,2,Segment 2
17684,1,145,239.41,15,1,2011-10-27 11:10:00,2011-10-27 11:10:00,0,0,Segment 0
17685,7,1907,3155.83,88,7,2010-12-02 14:42:00,2011-11-23 11:36:00,355,2,Segment 2
17686,7,2478,5739.46,205,5,2011-02-10 10:18:00,2011-12-02 15:39:00,295,2,Segment 2
17690,16,1763,4717.3,186,14,2010-12-01 16:15:00,2011-11-09 15:17:00,342,2,Segment 2
17691,2,134,290.40000000000003,18,2,2010-12-06 11:10:00,2010-12-16 17:20:00,10,0,Segment 0
17692,5,666,733.4399999999999,34,5,2010-12-15 13:37:00,2011-08-04 14:01:00,232,2,Segment 2
17693,3,229,187.02,16,2,2011-07-25 15:48:00,2011-07-26 17:12:00,1,0,Segment 0
17694,1,184,283.12,15,1,2011-07-21 12:00:00,2011-07-21 12:00:00,0,0,Segment 0
17695,2,779,765.34,30,2,2011-06-21 12:35:00,2011-07-31 10:40:00,39,0,Segment 0
17696,14,1730,2201.05,79,13,2010-12-10 09:51:00,2011-11-01 13:43:00,326,2,Segment 2
17697,1,93,338.95,19,1,2011-04-17 15:40:00,2011-04-17 15:40:00,0,0,Segment 0
17698,1,93,154.95,8,1,2011-03-24 11:34:00,2011-03-24 11:34:00,0,0,Segment 0
17700,6,1261,2508.89,118,6,2010-12-09 15:33:00,2011-11-23 11:51:00,348,2,Segment 2
17701,1,109,417.95,24,1,2011-04-01 12:25:00,2011-04-01 12:25:00,0,0,Segment 0
17702,6,1320,1719.72,62,6,2010-12-09 13:40:00,2011-11-09 16:03:00,335,2,Segment 2
17703,3,590,798.74,47,3,2011-07-24 13:30:00,2011-11-04 15:51:00,103,2,Segment 2
17704,2,343,885.19,27,2,2011-04-14 09:28:00,2011-06-24 09:40:00,71,0,Segment 0
17705,10,957,1781.12,63,10,2011-02-11 10:57:00,2011-12-06 13:45:00,298,2,Segment 2
17706,22,3833,10097.37,270,16,2010-12-08 11:02:00,2011-12-05 13:34:00,362,2,Segment 2
17707,2,144,152.4,3,2,2011-01-07 13:30:00,2011-06-07 15:03:00,151,0,Segment 0
17708,2,90,263.33,28,2,2011-01-19 10:09:00,2011-06-05 10:12:00,137,0,Segment 0
17709,1,17,137.45,7,1,2011-06-23 11:55:00,2011-06-23 11:55:00,0,0,Segment 0
17711,2,246,385.1,22,2,2011-02-23 11:32:00,2011-11-29 11:40:00,279,0,Segment 0
17712,1,215,522.91,29,1,2011-10-26 12:28:00,2011-10-26 12:28:00,0,0,Segment 0
17714,1,92,153.0,10,1,2011-01-23 10:32:00,2011-01-23 10:32:00,0,0,Segment 0
17715,1,384,326.4,1,1,2011-05-23 12:32:00,2011-05-23 12:32:00,0,0,Segment 0
17716,12,3004,5505.79,172,10,2011-03-17 10:38:00,2011-11-17 12:00:00,245,2,Segment 2
17718,1,83,139.35,6,1,2011-04-21 13:39:00,2011-04-21 13:39:00,0,0,Segment 0
17719,18,2455,5367.8,111,18,2011-03-29 11:29:00,2011-11-02 10:36:00,217,2,Segment 2
17720,4,576,1195.94,39,4,2010-12-07 10:43:00,2011-11-13 15:04:00,341,2,Segment 2
17722,6,1572,2380.64,112,6,2010-12-08 12:41:00,2011-09-04 15:22:00,270,2,Segment 2
17723,6,792,3276.4000000000005,4,6,2011-05-09 14:44:00,2011-08-04 18:37:00,87,0,Segment 0
17724,4,289,995.65,38,4,2011-07-24 13:26:00,2011-10-13 10:53:00,80,2,Segment 2
17725,14,2141,3371.13,115,13,2011-03-17 19:47:00,2011-11-23 16:34:00,250,2,Segment 2
17727,2,639,1042.55,66,2,2011-11-24 17:06:00,2011-11-30 15:21:00,5,2,Segment 2
17728,5,1464,2515.68,154,5,2011-09-14 11:39:00,2011-12-06 08:52:00,82,2,Segment 2
17730,15,3567,5288.83,127,15,2011-01-17 14:49:00,2011-12-06 15:43:00,323,2,Segment 2
17731,5,392,878.2,54,4,2011-06-09 14:18:00,2011-09-21 15:02:00,104,2,Segment 2
17732,1,93,303.97,18,1,2010-12-02 09:29:00,2010-12-02 09:29:00,0,0,Segment 0
17733,2,463,692.19,33,2,2011-03-23 09:54:00,2011-11-01 08:16:00,222,2,Segment 2
17734,3,422,700.63,40,3,2011-04-20 10:04:00,2011-10-17 12:33:00,180,2,Segment 2
17735,19,8439,13110.02,319,18,2010-12-07 10:32:00,2011-12-07 16:47:00,365,2,Segment 2
17736,4,237,337.49,24,4,2011-08-18 14:33:00,2011-11-30 15:36:00,104,0,Segment 0
17737,2,108,168.24,8,2,2011-10-12 14:42:00,2011-11-30 15:16:00,49,0,Segment 0
17738,5,1027,1863.35,89,4,2011-03-02 16:26:00,2011-11-20 15:05:00,262,2,Segment 2
17739,8,856,2786.05,29,8,2010-12-14 14:26:00,2011-11-28 09:12:00,348,0,Segment 0
17742,2,89,355.11,13,2,2011-01-11 10:04:00,2011-08-18 15:28:00,219,0,Segment 0
17744,7,3376,2291.08,111,7,2010-12-16 14:17:00,2011-12-06 12:11:00,354,2,Segment 2
17746,2,26,98.8,6,2,2011-04-13 14:31:00,2011-04-19 11:26:00,5,0,Segment 0
17747,2,11,64.65,1,2,2011-08-19 08:13:00,2011-08-31 13:29:00,12,0,Segment 0
17749,2,320,674.52,33,2,2011-03-28 13:39:00,2011-06-14 15:45:00,78,2,Segment 2
17750,9,3747,1710.45,101,9,2011-06-28 15:44:00,2011-12-04 14:09:00,158,2,Segment 2
17752,1,192,80.64,1,1,2010-12-15 16:19:00,2010-12-15 16:19:00,0,0,Segment 0
17754,6,1767,1632.31,82,5,2011-03-24 13:54:00,2011-12-09 11:20:00,259,2,Segment 2
17757,31,3314,5573.59,275,30,2010-12-02 17:17:00,2011-12-08 15:31:00,370,2,Segment 2
17758,8,2054,3408.2000000000003,310,6,2011-04-03 15:22:00,2011-11-20 14:45:00,230,2,Segment 2
17759,3,697,819.96,82,2,2011-06-23 13:35:00,2011-11-22 16:02:00,152,2,Segment 2
17760,2,239,287.59,25,2,2010-12-01 15:08:00,2011-11-18 10:56:00,351,0,Segment 0
17761,1,398,712.78,19,1,2011-11-07 10:23:00,2011-11-07 10:23:00,0,0,Segment 0
17763,1,12,15.0,1,1,2011-03-21 14:25:00,2011-03-21 14:25:00,0,0,Segment 0
17764,2,351,772.55,71,2,2011-05-12 16:11:00,2011-10-20 11:03:00,160,2,Segment 2
17765,3,143,367.63,51,3,2011-03-28 11:58:00,2011-07-04 12:41:00,98,2,Segment 2
17767,1,128,271.2,21,1,2011-11-24 14:42:00,2011-11-24 14:42:00,0,0,Segment 0
17768,3,1122,2081.9,77,3,2011-06-26 13:46:00,2011-12-01 13:22:00,157,2,Segment 2
17769,12,1845,3920.08,200,10,2011-01-23 11:15:00,2011-11-27 11:18:00,308,2,Segment 2
17770,5,365,1143.27,33,4,2011-03-02 13:35:00,2011-05-25 12:34:00,83,2,Segment 2
17771,2,287,245.81,51,2,2011-01-20 14:13:00,2011-10-14 11:43:00,266,2,Segment 2
17772,2,55,173.45,50,1,2011-11-29 10:57:00,2011-11-29 11:05:00,0,2,Segment 2
17774,5,507,1203.78,124,4,2011-02-07 13:13:00,2011-09-04 12:49:00,208,2,Segment 2
17775,1,72,56.4,3,1,2011-03-30 10:50:00,2011-03-30 10:50:00,0,0,Segment 0
17777,3,501,647.56,141,3,2011-08-31 14:35:00,2011-11-15 12:02:00,75,2,Segment 2
17779,5,393,633.92,73,3,2011-07-19 12:19:00,2011-11-18 14:15:00,122,2,Segment 2
17781,2,34,188.02,12,2,2011-03-31 19:54:00,2011-07-03 16:00:00,93,0,Segment 0
17783,2,354,283.47,67,2,2011-04-06 10:07:00,2011-09-28 16:07:00,175,2,Segment 2
17785,1,67,131.94,13,1,2011-10-17 13:43:00,2011-10-17 13:43:00,0,0,Segment 0
17786,2,195,266.85,57,2,2011-01-26 14:35:00,2011-09-15 12:51:00,231,2,Segment 2
17787,4,896,1817.54,94,4,2010-12-03 13:43:00,2011-07-10 11:24:00,218,2,Segment 2
17788,2,211,1117.9,3,2,2011-08-02 10:38:00,2011-09-27 10:09:00,55,0,Segment 0
17789,1,74,225.9,14,1,2011-03-03 13:14:00,2011-03-03 13:14:00,0,0,Segment 0
17790,14,835,1964.3,121,12,2010-12-10 10:47:00,2011-11-13 11:30:00,338,2,Segment 2
17791,1,46,106.1,10,1,2011-11-10 12:09:00,2011-11-10 12:09:00,0,0,Segment 0
17793,1,226,300.34,49,1,2011-11-14 14:24:00,2011-11-14 14:24:00,0,2,Segment 2
17795,2,305,342.83,43,2,2011-03-20 12:02:00,2011-06-13 12:36:00,85,2,Segment 2
17796,4,176,690.0,63,4,2010-12-05 12:23:00,2011-10-30 15:38:00,329,2,Segment 2
17797,3,498,780.43,102,2,2011-06-10 11:29:00,2011-11-17 13:21:00,160,2,Segment 2
17799,11,1750,3009.32,280,9,2010-12-13 13:10:00,2011-11-17 15:16:00,339,2,Segment 2
17800,9,732,1187.21,51,9,2011-01-09 13:50:00,2011-11-02 12:57:00,296,2,Segment 2
17802,4,743,1251.84,105,3,2010-12-02 13:44:00,2011-09-18 14:56:00,290,2,Segment 2
17805,1,478,512.31,10,1,2011-09-27 11:49:00,2011-09-27 11:49:00,0,0,Segment 0
17806,1,727,546.04,43,1,2011-11-28 14:12:00,2011-11-28 14:12:00,0,2,Segment 2
17809,15,2015,4627.62,47,12,2010-12-01 09:41:00,2011-11-23 13:00:00,357,2,Segment 2
17811,51,4097,7601.8,359,40,2011-01-10 10:58:00,2011-12-05 13:46:00,329,2,Segment 2
17812,4,329,699.81,113,4,2010-12-06 15:27:00,2011-11-27 11:47:00,355,2,Segment 2
17813,7,739,1641.79,297,5,2011-09-29 15:57:00,2011-11-25 16:13:00,57,2,Segment 2
17816,4,30,36.56,16,4,2010-12-09 14:10:00,2011-11-03 11:34:00,328,0,Segment 0
17817,3,67,387.68,32,2,2011-03-07 17:30:00,2011-12-05 14:39:00,272,0,Segment 0
17819,8,1027,3661.07,36,7,2010-12-03 14:26:00,2011-09-29 10:52:00,299,2,Segment 2
17820,2,-5,-24.05,5,2,2010-12-15 17:04:00,2011-06-01 15:14:00,167,0,Segment 0
17824,1,408,298.4,13,1,2011-10-19 14:14:00,2011-10-19 14:14:00,0,0,Segment 0
17827,5,1240,1987.33,190,3,2010-12-10 10:18:00,2011-12-04 15:00:00,359,2,Segment 2
17828,9,641,1599.97,54,8,2011-06-08 08:31:00,2011-12-01 09:34:00,176,2,Segment 2
17829,1,496,889.24,30,1,2011-02-14 12:46:00,2011-02-14 12:46:00,0,0,Segment 0
17830,3,92,398.7,18,3,2011-02-24 10:15:00,2011-12-08 12:28:00,287,0,Segment 0
17831,1,12,35.400000000000006,2,1,2011-11-06 15:09:00,2011-11-06 15:09:00,0,0,Segment 0
17832,1,208,155.37,61,1,2011-10-21 11:43:00,2011-10-21 11:43:00,0,2,Segment 2
17835,3,344,342.24,45,3,2011-11-16 16:30:00,2011-12-07 11:48:00,20,2,Segment 2
17836,1,88,110.21,23,1,2011-10-23 16:13:00,2011-10-23 16:13:00,0,0,Segment 0
17837,10,507,1508.38,110,8,2011-06-29 16:44:00,2011-10-28 16:15:00,120,2,Segment 2
17838,6,1397,2267.4,96,5,2010-12-02 15:55:00,2011-11-13 11:38:00,345,2,Segment 2
17839,1,257,318.15,50,1,2011-10-28 17:27:00,2011-10-28 17:27:00,0,2,Segment 2
17841,169,22628,39869.05,1331,113,2010-12-01 14:30:00,2011-12-08 12:07:00,371,3,Segment 3
17843,1,113,205.48,36,1,2011-02-09 15:33:00,2011-02-09 15:33:00,0,2,Segment 2
17844,1,52,51.56,5,1,2011-08-25 11:27:00,2011-08-25 11:27:00,0,0,Segment 0
17846,1,1,2033.1,1,1,2011-09-15 15:20:00,2011-09-15 15:20:00,0,0,Segment 0
17848,9,398,901.2,41,9,2010-12-16 18:38:00,2011-09-19 16:49:00,276,2,Segment 2
17849,4,114,605.8000000000001,14,4,2011-01-10 11:59:00,2011-05-05 13:46:00,115,0,Segment 0
17850,35,1696,5303.4800000000005,24,3,2010-12-01 08:26:00,2011-02-10 14:38:00,71,0,Segment 0
17852,2,53,114.34,21,1,2011-11-28 12:31:00,2011-11-28 12:36:00,0,0,Segment 0
17854,2,84,311.26,15,2,2011-04-26 16:53:00,2011-06-07 16:21:00,41,0,Segment 0
17855,1,197,208.97,17,1,2010-12-02 09:44:00,2010-12-02 09:44:00,0,0,Segment 0
17856,6,826,1393.79,12,4,2011-03-03 11:40:00,2011-12-08 09:40:00,279,0,Segment 0
17857,25,19086,26763.34,19,21,2010-12-09 11:35:00,2011-12-06 13:41:00,362,3,Segment 3
17858,12,2694,5140.66,101,12,2010-12-05 13:08:00,2011-12-04 11:56:00,363,2,Segment 2
17859,1,102,141.92000000000002,23,1,2011-02-08 10:32:00,2011-02-08 10:32:00,0,0,Segment 0
17860,1,93,226.45,49,1,2010-12-06 12:41:00,2010-12-06 12:41:00,0,2,Segment 2
17861,9,1965,2056.28,172,8,2011-01-24 11:34:00,2011-12-06 16:21:00,316,2,Segment 2
17862,1,100,330.9,11,1,2011-01-20 12:23:00,2011-01-20 12:23:00,0,0,Segment 0
17863,6,2638,3160.0,110,6,2010-12-05 13:21:00,2011-10-11 13:45:00,310,2,Segment 2
17864,3,706,554.85,70,3,2011-03-09 11:44:00,2011-11-27 11:15:00,262,2,Segment 2
17865,27,5698,10158.54,191,22,2010-12-10 14:53:00,2011-11-09 12:08:00,333,2,Segment 2
17866,2,173,325.7,9,1,2011-07-20 11:07:00,2011-07-20 11:09:00,0,0,Segment 0
17867,8,219,583.52,62,5,2011-02-24 12:25:00,2011-11-09 14:15:00,258,2,Segment 2
17869,5,111,428.18,37,4,2010-12-06 17:16:00,2011-08-24 16:16:00,260,2,Segment 2
17870,13,1350,1860.94,214,9,2010-12-08 08:12:00,2011-12-07 15:07:00,364,2,Segment 2
17871,1,182,155.9,10,1,2011-05-19 11:32:00,2011-05-19 11:32:00,0,0,Segment 0
17873,6,987,1754.16,24,5,2010-12-01 14:54:00,2011-09-20 16:41:00,293,0,Segment 0
17874,7,209,658.26,37,3,2011-03-29 11:25:00,2011-06-07 12:54:00,70,2,Segment 2
17877,1,98,237.61,12,1,2011-06-22 13:00:00,2011-06-22 13:00:00,0,0,Segment 0
17878,1,401,379.45,26,1,2011-10-27 11:24:00,2011-10-27 11:24:00,0,0,Segment 0
17879,1,45,178.51999999999998,6,1,2011-06-19 12:36:00,2011-06-19 12:36:00,0,0,Segment 0
17880,1,314,458.92,26,1,2010-12-10 10:21:00,2010-12-10 10:21:00,0,0,Segment 0
17881,1,32,133.35000000000002,8,1,2011-02-08 17:16:00,2011-02-08 17:16:00,0,0,Segment 0
17883,4,374,664.34,133,4,2011-04-07 19:16:00,2011-12-06 17:49:00,242,2,Segment 2
17884,4,817,695.0699999999999,107,4,2010-12-03 12:11:00,2011-12-06 11:33:00,367,2,Segment 2
17885,1,110,156.34,50,1,2011-11-27 14:40:00,2011-11-27 14:40:00,0,2,Segment 2
17886,3,469,869.28,93,3,2011-04-04 12:34:00,2011-11-08 10:09:00,217,2,Segment 2
17887,1,30,111.35,10,1,2011-08-02 17:29:00,2011-08-02 17:29:00,0,0,Segment 0
17888,10,424,515.73,60,9,2010-12-17 13:56:00,2011-11-21 10:18:00,338,2,Segment 2
17889,2,77,201.37,20,2,2011-01-21 17:14:00,2011-05-11 16:26:00,109,0,Segment 0
17890,2,402,586.89,88,2,2010-12-13 15:12:00,2011-01-21 11:19:00,38,2,Segment 2
17891,1,393,203.86,34,1,2011-06-30 20:08:00,2011-06-30 20:08:00,0,2,Segment 2
17892,3,109,244.1,27,3,2011-07-07 12:56:00,2011-10-14 16:49:00,99,0,Segment 0
17893,1,149,107.21,15,1,2011-04-28 13:50:00,2011-04-28 13:50:00,0,0,Segment 0
17894,8,404,1118.96,127,8,2010-12-08 14:50:00,2011-09-29 09:23:00,294,2,Segment 2
17895,1,127,95.45,15,1,2011-10-26 17:00:00,2011-10-26 17:00:00,0,0,Segment 0
17896,1,288,256.32,2,1,2011-11-16 13:59:00,2011-11-16 13:59:00,0,0,Segment 0
17897,4,216,516.3100000000001,100,3,2010-12-01 12:31:00,2011-06-20 11:23:00,200,2,Segment 2
17898,2,190,152.06,27,2,2011-05-16 17:13:00,2011-09-15 14:56:00,121,0,Segment 0
17899,1,170,154.55,29,1,2011-07-03 14:58:00,2011-07-03 14:58:00,0,0,Segment 0
17900,4,1,15.0,4,2,2011-06-02 14:28:00,2011-06-28 12:09:00,25,0,Segment 0
17901,1,24,110.38,19,1,2011-11-10 17:29:00,2011-11-10 17:29:00,0,0,Segment 0
17904,2,58,168.32,33,1,2011-11-18 12:57:00,2011-11-18 13:57:00,0,2,Segment 2
17905,4,406,798.99,33,4,2010-12-01 13:21:00,2011-09-29 17:33:00,302,2,Segment 2
17906,1,26,72.9,12,1,2011-04-06 17:25:00,2011-04-06 17:25:00,0,0,Segment 0
17908,1,169,232.03,51,1,2010-12-01 11:45:00,2010-12-01 11:45:00,0,2,Segment 2
17911,1,223,366.23,39,1,2011-11-30 14:52:00,2011-11-30 14:52:00,0,2,Segment 2
17912,6,182,294.66,35,4,2010-12-10 11:11:00,2011-02-02 14:25:00,54,2,Segment 2
17913,2,288,408.65,55,2,2010-12-19 11:35:00,2011-10-12 10:45:00,296,2,Segment 2
17914,1,457,329.36,72,1,2011-12-06 11:58:00,2011-12-06 11:58:00,0,2,Segment 2
17917,3,184,335.03,77,3,2010-12-12 12:08:00,2011-10-25 13:20:00,317,2,Segment 2
17919,1,756,1304.04,23,1,2011-09-12 13:41:00,2011-09-12 13:41:00,0,0,Segment 0
17920,17,2473,4119.5,407,17,2010-12-01 11:49:00,2011-12-05 14:29:00,369,2,Segment 2
17921,4,425,820.23,114,4,2011-03-18 13:19:00,2011-10-06 18:56:00,202,2,Segment 2
17923,1,50,207.50000000000003,1,1,2011-03-02 15:15:00,2011-03-02 15:15:00,0,0,Segment 0
17924,13,1141,2894.33,27,10,2010-12-01 10:51:00,2011-12-08 19:28:00,372,0,Segment 0
17925,1,72,244.08,1,1,2010-12-02 10:10:00,2010-12-02 10:10:00,0,0,Segment 0
17926,2,306,397.29,17,2,2011-05-20 09:24:00,2011-07-29 14:39:00,70,0,Segment 0
17928,2,140,212.54,23,2,2011-04-07 18:03:00,2011-10-25 13:52:00,200,0,Segment 0
17929,5,107,834.5,4,5,2011-02-04 11:40:00,2011-11-28 16:01:00,297,0,Segment 0
17930,5,1594,1740.48,26,5,2011-04-14 15:46:00,2011-11-04 10:23:00,203,0,Segment 0
17931,2,249,408.36,63,2,2011-03-29 12:31:00,2011-07-28 18:33:00,121,2,Segment 2
17932,3,789,1331.57,84,3,2011-05-12 13:58:00,2011-11-10 19:49:00,182,2,Segment 2
17934,2,478,704.25,21,2,2011-10-12 10:50:00,2011-10-19 11:16:00,7,0,Segment 0
17935,2,82,145.79,28,2,2011-07-21 11:23:00,2011-07-24 13:18:00,3,0,Segment 0
17936,1,257,380.13,68,1,2011-12-04 13:32:00,2011-12-04 13:32:00,0,2,Segment 2
17937,7,1754,4301.22,19,7,2010-12-12 14:43:00,2011-12-01 11:45:00,353,0,Segment 0
17939,1,40,99.14,12,1,2011-07-03 12:27:00,2011-07-03 12:27:00,0,0,Segment 0
17940,14,9319,1897.18,8,12,2011-02-10 09:29:00,2011-10-21 13:27:00,253,0,Segment 0
17941,1,252,304.56,2,1,2011-08-01 08:30:00,2011-08-01 08:30:00,0,0,Segment 0
17942,1,38,77.50000000000001,2,1,2011-12-02 10:45:00,2011-12-02 10:45:00,0,0,Segment 0
17946,2,75,149.57999999999998,18,2,2011-03-25 14:34:00,2011-04-20 17:00:00,26,0,Segment 0
17947,1,168,176.68,9,1,2011-11-02 13:05:00,2011-11-02 13:05:00,0,0,Segment 0
17948,1,144,358.56000000000006,1,1,2011-07-15 12:58:00,2011-07-15 12:58:00,0,0,Segment 0
17949,52,27571,52750.84,29,31,2010-12-03 13:12:00,2011-12-08 18:46:00,370,3,Segment 3
17950,4,342,472.12,63,2,2010-12-09 15:16:00,2011-09-28 15:18:00,293,2,Segment 2
17951,4,610,990.84,18,4,2010-12-01 12:40:00,2011-10-31 12:30:00,333,0,Segment 0
17954,16,2216,2276.78,327,12,2010-12-03 14:18:00,2011-12-04 14:15:00,365,2,Segment 2
17955,4,273,557.3,14,3,2011-05-04 12:29:00,2011-05-25 12:00:00,20,0,Segment 0
17956,1,1,12.75,1,1,2011-04-04 13:47:00,2011-04-04 13:47:00,0,0,Segment 0
17957,1,287,111.68,31,1,2011-10-04 14:58:00,2011-10-04 14:58:00,0,0,Segment 0
17958,1,84,508.4599999999999,7,1,2011-08-15 12:19:00,2011-08-15 12:19:00,0,0,Segment 0
17960,1,41,73.78,26,1,2011-06-21 14:15:00,2011-06-21 14:15:00,0,0,Segment 0
17961,39,560,1296.44,211,35,2010-12-02 19:18:00,2011-11-18 16:55:00,350,2,Segment 2
17962,1,127,102.41,33,1,2011-07-20 14:16:00,2011-07-20 14:16:00,0,2,Segment 2
17964,2,294,463.21,84,2,2010-12-02 13:32:00,2011-11-08 10:44:00,340,2,Segment 2
17965,14,1532,2599.19,274,13,2010-12-05 15:54:00,2011-11-02 09:31:00,331,2,Segment 2
17966,5,2571,1098.43,53,4,2011-03-23 17:25:00,2011-11-02 10:26:00,223,2,Segment 2
17967,1,73,112.27,41,1,2010-12-03 11:19:00,2010-12-03 11:19:00,0,2,Segment 2
17968,1,151,265.1,74,1,2010-12-01 12:23:00,2010-12-01 12:23:00,0,2,Segment 2
17969,2,152,228.2,14,2,2010-12-13 15:34:00,2011-06-26 13:00:00,194,0,Segment 0
17970,1,513,562.79,27,1,2011-05-12 20:03:00,2011-05-12 20:03:00,0,0,Segment 0
17972,1,36,135.19,30,1,2011-04-12 12:16:00,2011-04-12 12:16:00,0,0,Segment 0
17973,1,176,337.04,15,1,2011-10-19 10:34:00,2011-10-19 10:34:00,0,0,Segment 0
17974,3,500,703.99,143,3,2011-05-04 11:50:00,2011-11-15 11:37:00,194,2,Segment 2
17975,14,1549,4388.06,189,13,2010-12-08 11:38:00,2011-11-24 13:27:00,351,2,Segment 2
17976,1,93,321.79,56,1,2010-12-02 13:49:00,2010-12-02 13:49:00,0,2,Segment 2
17977,1,342,288.14,19,1,2011-11-10 13:28:00,2011-11-10 13:28:00,0,0,Segment 0
17978,1,499,300.92,12,1,2010-12-09 14:05:00,2010-12-09 14:05:00,0,0,Segment 0
17979,5,381,712.51,116,3,2011-03-25 11:34:00,2011-11-04 12:05:00,224,2,Segment 2
17980,3,682,811.45,23,3,2010-12-15 15:50:00,2011-06-27 12:01:00,193,0,Segment 0
17984,1,98,152.68,48,1,2011-07-17 15:59:00,2011-07-17 15:59:00,0,2,Segment 2
17985,1,171,631.35,20,1,2011-11-17 14:24:00,2011-11-17 14:24:00,0,0,Segment 0
17986,1,10,20.8,1,1,2011-10-14 14:22:00,2011-10-14 14:22:00,0,0,Segment 0
17987,1,261,198.57,13,1,2011-06-07 14:22:00,2011-06-07 14:22:00,0,0,Segment 0
17988,8,42,191.17,37,5,2011-01-17 11:59:00,2011-11-28 11:00:00,314,2,Segment 2
17990,3,414,630.84,27,3,2010-12-13 12:10:00,2011-04-17 11:44:00,124,0,Segment 0
17991,2,25,93.35,4,2,2011-04-27 16:39:00,2011-04-28 15:58:00,0,0,Segment 0
17994,6,471,626.09,63,4,2011-02-22 11:02:00,2011-08-10 11:43:00,169,2,Segment 2
17995,1,133,76.1,2,1,2011-03-03 12:30:00,2011-03-03 12:30:00,0,0,Segment 0
17997,12,2053,1503.09,134,8,2011-06-28 17:28:00,2011-09-26 16:13:00,89,2,Segment 2
17999,2,219,380.39,87,2,2010-12-08 15:17:00,2011-11-02 15:56:00,329,2,Segment 2
18001,2,362,415.13,56,2,2011-09-14 11:21:00,2011-11-27 16:02:00,74,2,Segment 2
18004,1,75,157.92,32,1,2010-12-12 13:47:00,2010-12-12 13:47:00,0,0,Segment 0
18005,2,86,226.47,52,2,2011-10-23 14:40:00,2011-12-06 11:51:00,43,2,Segment 2
18006,1,220,444.68,21,1,2011-11-16 16:52:00,2011-11-16 16:52:00,0,0,Segment 0
18008,9,1581,2116.19,24,8,2011-01-25 12:26:00,2011-09-30 15:17:00,248,0,Segment 0
18009,2,123,242.29,31,1,2011-04-18 13:36:00,2011-04-18 13:52:00,0,0,Segment 0
18010,1,60,174.8,14,1,2011-03-28 12:27:00,2011-03-28 12:27:00,0,0,Segment 0
18011,1,71,102.79,28,1,2010-12-01 17:35:00,2010-12-01 17:35:00,0,0,Segment 0
18013,2,285,187.29,31,1,2011-07-07 14:08:00,2011-07-07 14:11:00,0,0,Segment 0
18014,1,66,162.22,29,1,2011-11-11 15:28:00,2011-11-11 15:28:00,0,0,Segment 0
18015,1,157,120.03,46,1,2011-12-05 14:49:00,2011-12-05 14:49:00,0,2,Segment 2
18016,5,1027,1477.66,90,5,2010-12-10 17:14:00,2011-11-07 13:25:00,331,2,Segment 2
18017,3,300,523.0,1,3,2011-02-02 13:57:00,2011-09-19 16:15:00,229,0,Segment 0
18018,2,55,122.14,29,2,2011-05-24 13:22:00,2011-08-23 17:37:00,91,0,Segment 0
18019,1,7,38.45,5,1,2011-10-19 12:10:00,2011-10-19 12:10:00,0,0,Segment 0
18022,1,703,612.72,141,1,2011-11-04 12:45:00,2011-11-04 12:45:00,0,2,Segment 2
18024,3,148,236.78,21,1,2011-07-10 12:28:00,2011-07-10 12:40:00,0,0,Segment 0
18027,1,78,115.31,21,1,2011-09-02 10:38:00,2011-09-02 10:38:00,0,0,Segment 0
18030,3,66,220.7,8,2,2011-10-28 13:55:00,2011-12-05 16:37:00,38,0,Segment 0
18032,1,42,73.5,5,1,2011-01-09 15:32:00,2011-01-09 15:32:00,0,0,Segment 0
18033,1,252,93.82,32,1,2011-10-05 17:28:00,2011-10-05 17:28:00,0,0,Segment 0
18034,2,559,418.68,99,1,2011-11-18 12:08:00,2011-11-18 12:22:00,0,2,Segment 2
18035,3,584,713.89,44,2,2011-10-27 17:48:00,2011-11-04 12:39:00,7,2,Segment 2
18036,3,232,403.12,77,3,2011-04-08 11:26:00,2011-11-07 14:40:00,213,2,Segment 2
18037,6,20,70.02,19,6,2010-12-12 16:20:00,2011-07-08 13:39:00,207,0,Segment 0
18040,2,148,357.20000000000005,18,2,2011-04-08 08:27:00,2011-11-20 14:20:00,226,0,Segment 0
18041,22,3749,4075.12,285,20,2010-12-02 11:21:00,2011-11-28 11:39:00,361,2,Segment 2
18042,1,33,165.04999999999998,7,1,2011-10-17 11:49:00,2011-10-17 11:49:00,0,0,Segment 0
18043,3,265,529.29,106,3,2010-12-08 12:35:00,2011-11-15 12:48:00,342,2,Segment 2
18044,11,1032,2085.65,88,11,2010-12-14 12:25:00,2011-12-05 14:26:00,356,2,Segment 2
18045,1,138,178.34,43,1,2011-10-25 13:07:00,2011-10-25 13:07:00,0,2,Segment 2
18048,2,127,172.29000000000002,6,1,2011-05-20 14:54:00,2011-05-20 14:58:00,0,0,Segment 0
18050,1,40,74.4,5,1,2010-12-15 14:25:00,2010-12-15 14:25:00,0,0,Segment 0
18053,2,301,297.07,20,2,2011-09-30 09:05:00,2011-10-04 17:31:00,4,0,Segment 0
18055,11,2447,6729.29,223,11,2010-12-05 10:52:00,2011-12-02 14:25:00,362,2,Segment 2
18056,1,211,363.65,19,1,2011-02-24 14:27:00,2011-02-24 14:27:00,0,0,Segment 0
18058,1,88,170.16,3,1,2011-11-30 08:38:00,2011-11-30 08:38:00,0,0,Segment 0
18059,4,258,296.71,17,4,2011-10-03 09:30:00,2011-11-30 17:02:00,58,0,Segment 0
18061,10,955,2119.41,18,10,2010-12-08 13:03:00,2011-11-18 11:20:00,344,0,Segment 0
18062,3,396,720.52,23,3,2011-01-06 10:03:00,2011-06-19 14:47:00,164,0,Segment 0
18064,2,384,814.0,7,2,2011-04-18 15:08:00,2011-07-29 16:39:00,102,0,Segment 0
18065,15,1024,2380.08,110,7,2010-12-10 12:44:00,2011-12-04 10:30:00,358,2,Segment 2
18066,1,108,318.0,10,1,2011-09-25 15:30:00,2011-09-25 15:30:00,0,0,Segment 0
18067,1,189,396.33,36,1,2011-10-30 15:58:00,2011-10-30 15:58:00,0,2,Segment 2
18068,1,6,101.7,1,1,2011-02-23 14:50:00,2011-02-23 14:50:00,0,0,Segment 0
18069,7,1293,1994.39,334,5,2011-01-16 14:48:00,2011-11-13 16:05:00,301,2,Segment 2
18071,2,260,453.0,23,2,2010-12-09 10:33:00,2011-03-27 11:59:00,108,0,Segment 0
18072,2,46,-5.329070518200751e-15,20,2,2011-06-07 10:44:00,2011-07-07 17:22:00,30,0,Segment 0
18073,13,3092,3846.74,23,10,2011-05-26 19:38:00,2011-08-17 14:02:00,82,0,Segment 0
18074,1,190,489.6,13,1,2010-12-01 09:53:00,2010-12-01 09:53:00,0,0,Segment 0
18075,14,1437,2538.7200000000003,97,14,2010-12-14 10:48:00,2011-11-16 15:21:00,337,2,Segment 2
18077,11,1839,2584.41,101,11,2010-12-08 10:21:00,2011-12-01 13:32:00,358,2,Segment 2
18078,2,145,336.13,27,2,2011-03-25 15:08:00,2011-05-06 14:32:00,41,0,Segment 0
18079,4,7347,3613.15,99,3,2011-04-15 12:14:00,2011-10-25 15:27:00,193,2,Segment 2
18080,2,642,1231.5,2,2,2011-04-11 10:10:00,2011-11-21 08:02:00,223,0,Segment 0
18081,3,195,343.45,14,3,2011-07-29 11:56:00,2011-11-03 16:30:00,97,0,Segment 0
18082,1,608,680.84,62,1,2011-11-14 12:45:00,2011-11-14 12:45:00,0,2,Segment 2
18084,2,311,87.52999999999999,2,2,2011-02-11 16:30:00,2011-11-23 13:57:00,284,0,Segment 0
18085,2,265,689.95,25,2,2010-12-01 12:08:00,2011-01-13 15:17:00,43,0,Segment 0
18086,1,106,101.34,7,1,2011-03-10 13:34:00,2011-03-10 13:34:00,0,0,Segment 0
18087,4,3571,3770.12,7,4,2011-02-11 11:24:00,2011-09-02 15:12:00,203,0,Segment 0
18088,1,107,166.03,35,1,2011-10-09 13:41:00,2011-10-09 13:41:00,0,2,Segment 2
18092,12,4250,9065.76,28,11,2010-12-09 10:00:00,2011-12-07 13:14:00,363,2,Segment 2
18093,5,1381,2083.42,31,5,2011-02-10 12:15:00,2011-09-07 15:43:00,209,2,Segment 2
18094,7,2518,3017.3,39,5,2011-02-21 08:50:00,2011-09-19 09:28:00,210,2,Segment 2
18095,2,419,580.0500000000001,20,2,2011-01-11 12:37:00,2011-01-31 12:50:00,20,0,Segment 0
18096,3,788,849.06,157,3,2011-10-07 11:55:00,2011-11-28 12:44:00,52,2,Segment 2
18097,7,1661,2657.45,66,6,2010-12-20 14:49:00,2011-12-02 11:16:00,346,2,Segment 2
18099,1,149,168.31,19,1,2011-08-04 15:52:00,2011-08-04 15:52:00,0,0,Segment 0
18101,2,87,222.4,37,2,2011-07-19 13:05:00,2011-11-28 13:37:00,132,2,Segment 2
18102,62,64122,256438.49,151,27,2010-12-07 16:42:00,2011-12-09 11:50:00,366,1,Segment 1
18104,1,362,754.64,38,1,2011-11-02 14:07:00,2011-11-02 14:07:00,0,2,Segment 2
18105,1,46,113.48000000000002,18,1,2011-11-02 12:04:00,2011-11-02 12:04:00,0,0,Segment 0
18106,1,126,421.9,33,1,2011-01-14 12:23:00,2011-01-14 12:23:00,0,2,Segment 2
18108,2,82,264.65,17,2,2011-03-30 13:56:00,2011-04-05 08:25:00,5,0,Segment 0
18109,31,4212,7877.27,120,26,2010-12-05 10:58:00,2011-12-08 11:36:00,368,2,Segment 2
18110,2,65,168.55,33,1,2011-11-20 12:34:00,2011-11-20 12:59:00,0,2,Segment 2
18112,2,255,352.69,26,2,2011-06-26 13:56:00,2011-11-27 14:43:00,154,0,Segment 0
18113,1,72,76.32000000000001,1,1,2010-12-06 12:31:00,2010-12-06 12:31:00,0,0,Segment 0
18114,1,55,220.1,28,1,2011-02-22 13:20:00,2011-02-22 13:20:00,0,0,Segment 0
18116,8,837,1403.11,230,8,2010-12-10 12:14:00,2011-10-03 11:00:00,296,2,Segment 2
18117,1,605,315.65,68,1,2011-11-14 12:47:00,2011-11-14 12:47:00,0,2,Segment 2
18118,31,2860,5567.03,424,27,2010-12-05 12:13:00,2011-11-29 11:32:00,358,2,Segment 2
18119,1,124,180.7,29,1,2010-12-07 11:59:00,2010-12-07 11:59:00,0,0,Segment 0
18120,1,31,111.15,17,1,2011-05-09 13:45:00,2011-05-09 13:45:00,0,0,Segment 0
18121,2,438,653.3,28,2,2011-07-08 12:14:00,2011-07-13 12:53:00,5,0,Segment 0
18122,6,1225,1793.06,239,6,2011-07-12 11:37:00,2011-12-01 13:08:00,142,2,Segment 2
18123,2,582,574.4399999999999,31,2,2011-11-08 13:31:00,2011-11-15 14:23:00,7,0,Segment 0
18125,5,799,1130.1,164,4,2011-01-27 15:02:00,2011-11-10 12:29:00,286,2,Segment 2
18126,1,135,200.92,52,1,2011-10-10 12:19:00,2011-10-10 12:19:00,0,2,Segment 2
18127,3,187,347.08,41,2,2011-07-29 10:06:00,2011-11-20 14:05:00,114,2,Segment 2
18129,1,48,112.55,13,1,2011-04-10 14:16:00,2011-04-10 14:16:00,0,0,Segment 0
18130,4,817,1045.74,58,4,2011-10-13 15:58:00,2011-12-01 08:41:00,48,2,Segment 2
18133,2,0,715.4999999999999,2,2,2011-05-11 14:14:00,2011-05-12 15:19:00,1,0,Segment 0
18135,5,349,681.9100000000001,11,5,2011-06-02 14:04:00,2011-11-10 19:32:00,161,0,Segment 0
18136,4,373,761.83,34,4,2011-01-24 12:08:00,2011-10-07 15:40:00,256,2,Segment 2
18138,1,38,152.65,8,1,2011-02-17 14:51:00,2011-02-17 14:51:00,0,0,Segment 0
18139,8,5461,8393.22,36,2,2011-11-21 14:06:00,2011-11-22 16:18:00,1,2,Segment 2
18141,1,-12,-35.400000000000006,1,1,2010-12-14 11:09:00,2010-12-14 11:09:00,0,0,Segment 0
18142,4,1273,1014.9,9,4,2011-05-08 12:31:00,2011-07-11 13:34:00,64,0,Segment 0
18143,2,570,1000.16,59,2,2011-07-21 10:44:00,2011-08-15 12:07:00,25,2,Segment 2
18144,12,1343,2888.75,27,11,2010-12-01 13:45:00,2011-12-02 12:46:00,365,0,Segment 0
18145,4,2625,2861.55,174,4,2011-01-31 12:10:00,2011-11-27 11:22:00,299,2,Segment 2
18146,2,153,160.35000000000002,10,2,2011-05-03 16:35:00,2011-07-22 12:08:00,79,0,Segment 0
18147,2,203,179.33999999999995,7,2,2011-08-23 12:22:00,2011-10-25 11:46:00,62,0,Segment 0
18149,3,310,612.0799999999999,11,3,2011-03-11 12:44:00,2011-10-20 12:04:00,222,0,Segment 0
18150,3,332,566.58,29,3,2011-05-22 10:47:00,2011-11-07 16:49:00,169,0,Segment 0
18151,2,355,653.35,38,2,2011-02-23 08:29:00,2011-07-28 11:35:00,155,2,Segment 2
18154,2,255,399.19,15,2,2011-10-27 10:40:00,2011-12-06 16:41:00,40,0,Segment 0
18155,4,258,347.82,19,4,2011-02-21 10:36:00,2011-09-25 13:32:00,216,0,Segment 0
18156,2,283,675.64,100,2,2010-12-05 12:29:00,2011-11-27 12:24:00,356,2,Segment 2
18158,3,353,451.75,24,3,2011-09-12 09:03:00,2011-11-30 16:19:00,79,0,Segment 0
18159,1,139,530.15,23,1,2011-02-11 14:26:00,2011-02-11 14:26:00,0,0,Segment 0
18160,2,294,638.0600000000001,37,2,2011-05-23 13:41:00,2011-10-13 15:50:00,143,2,Segment 2
18161,6,810,1612.79,49,6,2011-01-24 11:56:00,2011-11-29 15:38:00,309,2,Segment 2
18164,2,183,394.7,24,2,2011-11-02 12:56:00,2011-11-08 17:49:00,6,0,Segment 0
18165,1,254,302.46000000000004,10,1,2011-06-15 13:23:00,2011-06-15 13:23:00,0,0,Segment 0
18167,6,359,1355.51,25,6,2011-08-26 11:40:00,2011-12-06 09:49:00,101,0,Segment 0
18168,9,583,1123.74,101,6,2010-12-02 17:14:00,2011-06-16 19:21:00,196,2,Segment 2
18169,1,61,202.65,9,1,2011-10-10 12:18:00,2011-10-10 12:18:00,0,0,Segment 0
18170,3,409,980.31,29,3,2011-05-06 15:13:00,2011-11-06 14:35:00,183,0,Segment 0
18171,7,477,1208.51,43,7,2011-01-10 09:55:00,2011-10-12 09:13:00,274,2,Segment 2
18172,25,3170,7490.17,101,18,2011-02-18 16:52:00,2011-11-25 11:12:00,279,2,Segment 2
18173,4,1220,2106.84,23,4,2011-03-10 11:56:00,2011-09-14 11:26:00,187,0,Segment 0
18174,1,50,104.0,1,1,2011-12-02 16:56:00,2011-12-02 16:56:00,0,0,Segment 0
18176,2,279,448.65,30,2,2010-12-16 15:45:00,2010-12-21 12:33:00,4,0,Segment 0
18177,7,704,1313.62,53,6,2011-03-29 08:46:00,2011-11-08 14:44:00,224,2,Segment 2
18178,6,979,1573.41,80,6,2010-12-10 12:42:00,2011-08-18 06:34:00,250,2,Segment 2
18179,6,1360,1793.17,86,6,2011-01-07 14:22:00,2011-11-30 16:23:00,327,2,Segment 2
18180,6,1721,1843.75,108,6,2011-07-20 08:59:00,2011-12-05 08:39:00,137,2,Segment 2
18181,1,133,366.85,40,1,2011-11-15 15:08:00,2011-11-15 15:08:00,0,2,Segment 2
18183,6,362,600.52,36,6,2011-03-10 10:08:00,2011-05-05 17:47:00,56,2,Segment 2
18184,1,60,49.8,1,1,2011-11-24 15:28:00,2011-11-24 15:28:00,0,0,Segment 0
18185,1,183,304.25,17,1,2011-04-04 13:42:00,2011-04-04 13:42:00,0,0,Segment 0
18188,4,1167,1998.49,63,4,2011-02-22 14:43:00,2011-11-24 16:46:00,275,2,Segment 2
18189,3,564,1084.34,65,3,2011-03-17 09:49:00,2011-09-23 12:40:00,190,2,Segment 2
18190,3,139,274.51,14,3,2011-01-13 10:35:00,2011-05-31 14:48:00,138,0,Segment 0
18191,1,140,207.8,7,1,2011-03-23 12:08:00,2011-03-23 12:08:00,0,0,Segment 0
18192,1,339,957.97,45,1,2011-09-29 09:53:00,2011-09-29 09:53:00,0,2,Segment 2
18193,3,120,212.96,17,3,2010-12-08 14:20:00,2011-07-12 10:56:00,215,0,Segment 0
18194,2,448,896.0,7,2,2011-09-18 13:29:00,2011-10-06 19:54:00,18,0,Segment 0
18196,2,431,686.63,131,2,2011-02-22 16:13:00,2011-09-05 16:22:00,195,2,Segment 2
18198,21,3839,5083.06,81,21,2011-01-07 13:39:00,2011-12-05 14:49:00,332,2,Segment 2
18200,1,104,150.35,29,1,2011-08-25 18:45:00,2011-08-25 18:45:00,0,0,Segment 0
18202,3,581,1396.99,55,2,2011-02-01 13:36:00,2011-05-24 12:12:00,111,2,Segment 2
18203,1,43,160.42000000000002,19,1,2011-07-05 13:07:00,2011-07-05 13:07:00,0,0,Segment 0
18204,4,1188,1960.95,159,4,2011-05-31 15:26:00,2011-09-29 16:44:00,121,2,Segment 2
18205,2,192,517.36,30,2,2011-09-26 12:02:00,2011-11-03 13:22:00,38,0,Segment 0
18209,1,58,139.10000000000002,8,1,2011-11-11 12:07:00,2011-11-11 12:07:00,0,0,Segment 0
18210,6,1398,2621.38,109,6,2011-03-17 16:58:00,2011-12-08 11:02:00,265,2,Segment 2
18211,5,359,600.07,37,5,2011-03-06 12:09:00,2011-11-14 08:10:00,252,2,Segment 2
18212,1,92,216.07,30,1,2011-01-17 16:14:00,2011-01-17 16:14:00,0,0,Segment 0
18213,1,232,232.48,15,1,2011-04-17 10:21:00,2011-04-17 10:21:00,0,0,Segment 0
18215,1,118,299.34000000000003,13,1,2011-09-11 16:05:00,2011-09-11 16:05:00,0,0,Segment 0
18216,1,200,481.75,26,1,2011-11-08 16:55:00,2011-11-08 16:55:00,0,0,Segment 0
18217,2,491,621.75,27,2,2011-09-30 10:44:00,2011-11-10 13:18:00,41,0,Segment 0
18218,4,498,606.22,17,4,2011-03-03 12:24:00,2011-05-17 14:16:00,75,0,Segment 0
18219,11,883,2019.77,58,10,2010-12-06 10:05:00,2011-12-07 11:43:00,366,2,Segment 2
18220,2,282,297.78000000000003,2,2,2011-04-27 09:03:00,2011-05-04 11:23:00,7,0,Segment 0
18221,6,789,1033.31,59,6,2011-05-12 14:13:00,2011-11-17 14:40:00,189,2,Segment 2
18222,1,335,443.0,19,1,2011-09-08 10:45:00,2011-09-08 10:45:00,0,0,Segment 0
18223,27,2890,6315.2300000000005,119,22,2010-12-16 16:42:00,2011-12-08 11:51:00,356,2,Segment 2
18224,1,69,158.95000000000002,10,1,2011-03-21 10:30:00,2011-03-21 10:30:00,0,0,Segment 0
18225,17,3204,5356.86,151,17,2010-12-03 10:11:00,2011-12-06 13:27:00,368,2,Segment 2
18226,14,3459,5192.1,141,14,2011-01-06 09:00:00,2011-11-01 09:57:00,299,2,Segment 2
18227,1,21,93.75,5,1,2011-05-06 12:23:00,2011-05-06 12:23:00,0,0,Segment 0
18228,3,236,769.2,23,3,2011-09-21 10:48:00,2011-10-20 19:21:00,29,0,Segment 0
18229,20,2488,7276.900000000001,66,20,2010-12-01 16:25:00,2011-11-28 09:48:00,361,2,Segment 2
18230,10,1298,2716.6000000000004,32,10,2010-12-09 14:47:00,2011-11-30 13:22:00,355,2,Segment 2
18231,6,806,2054.67,106,6,2011-02-24 09:08:00,2011-05-31 14:18:00,96,2,Segment 2
18232,5,299,582.47,31,5,2011-05-26 16:30:00,2011-09-19 11:49:00,115,0,Segment 0
18233,1,4,440.0,1,1,2011-01-18 08:44:00,2011-01-18 08:44:00,0,0,Segment 0
18235,3,1578,1796.48,100,3,2011-05-06 13:35:00,2011-09-29 08:27:00,145,2,Segment 2
18236,6,403,882.24,42,6,2011-04-13 09:52:00,2011-11-10 08:06:00,210,2,Segment 2
18237,5,622,987.1,40,5,2011-07-28 13:05:00,2011-12-07 12:49:00,131,2,Segment 2
18239,5,795,1561.61,80,5,2010-12-02 17:48:00,2011-05-05 12:38:00,153,2,Segment 2
18240,1,126,422.58,6,1,2011-10-24 13:06:00,2011-10-24 13:06:00,0,0,Segment 0
18241,18,1047,2058.09,60,18,2011-05-06 09:22:00,2011-11-30 12:10:00,208,2,Segment 2
18242,4,1017,2232.49,72,3,2011-05-10 11:20:00,2011-09-28 13:43:00,141,2,Segment 2
18245,8,1781,2507.56,155,6,2010-12-19 14:58:00,2011-12-02 14:48:00,347,2,Segment 2
18246,2,166,596.1,3,2,2011-04-20 13:55:00,2011-11-16 11:49:00,209,0,Segment 0
18248,4,501,783.02,39,4,2011-06-06 13:18:00,2011-08-18 06:14:00,72,2,Segment 2
18249,1,128,95.34,8,1,2011-11-22 15:07:00,2011-11-22 15:07:00,0,0,Segment 0
18250,2,198,342.92,21,2,2011-02-02 13:16:00,2011-02-11 13:59:00,9,0,Segment 0
18251,1,7824,4314.72,16,1,2011-09-13 15:03:00,2011-09-13 15:03:00,0,0,Segment 0
18252,2,234,518.27,90,2,2011-06-21 11:47:00,2011-10-20 12:43:00,121,2,Segment 2
18255,1,74,103.3,6,1,2011-09-11 13:16:00,2011-09-11 13:16:00,0,0,Segment 0
18256,1,-70,-50.1,4,1,2010-12-20 08:27:00,2010-12-20 08:27:00,0,0,Segment 0
18257,12,1010,2265.38,98,10,2011-02-16 15:13:00,2011-10-31 14:48:00,256,2,Segment 2
18259,3,714,2338.6000000000004,27,3,2010-12-08 13:38:00,2011-11-15 12:34:00,341,0,Segment 0
18260,8,1466,2580.15,86,8,2010-12-16 18:23:00,2011-06-20 12:37:00,185,2,Segment 2
18261,2,146,324.24,19,2,2011-09-05 09:34:00,2011-10-27 15:36:00,52,0,Segment 0
18262,1,182,149.48,13,1,2011-07-22 16:04:00,2011-07-22 16:04:00,0,0,Segment 0
18263,4,1467,1211.08,59,4,2011-04-01 11:48:00,2011-11-16 16:19:00,229,2,Segment 2
18265,2,311,801.51,44,2,2011-07-04 15:26:00,2011-09-28 14:10:00,85,2,Segment 2
18268,2,0,0.0,1,1,2011-07-28 11:16:00,2011-07-28 19:13:00,0,0,Segment 0
18269,2,70,138.9,7,2,2010-12-08 13:53:00,2010-12-16 15:39:00,8,0,Segment 0
18270,3,97,238.95,12,3,2011-03-18 12:41:00,2011-11-01 13:57:00,228,0,Segment 0
18272,7,2044,3064.78,99,7,2011-04-07 09:35:00,2011-12-07 12:43:00,244,2,Segment 2
18273,3,80,204.0,1,3,2011-03-27 11:22:00,2011-12-07 13:16:00,255,0,Segment 0
18274,2,0,1.7763568394002505e-15,11,2,2011-11-09 17:03:00,2011-11-22 10:18:00,12,0,Segment 0
18276,3,184,323.36,14,2,2011-10-27 10:54:00,2011-11-18 17:01:00,22,0,Segment 0
18277,2,67,97.63,9,2,2011-01-25 12:34:00,2011-10-12 15:22:00,260,0,Segment 0
18278,1,66,173.9,9,1,2011-09-27 11:58:00,2011-09-27 11:58:00,0,0,Segment 0
18280,1,45,180.6,10,1,2011-03-07 09:52:00,2011-03-07 09:52:00,0,0,Segment 0
18281,1,54,80.82,7,1,2011-06-12 10:53:00,2011-06-12 10:53:00,0,0,Segment 0
18282,3,98,176.6,12,3,2011-08-05 13:35:00,2011-12-02 11:43:00,118,0,Segment 0
18283,16,1357,2045.53,263,14,2011-01-06 14:14:00,2011-12-06 12:02:00,333,2,Segment 2
18287,3,1586,1837.28,59,3,2011-05-22 10:39:00,2011-10-28 09:29:00,158,2,Segment 2
