InvoiceNo,OrderRevenue,Units,ProductLines,CustomerID,InvoiceDate
536365,139.12,40,7,17850,2010-12-01 08:26:00
536366,22.200000000000003,12,2,17850,2010-12-01 08:28:00
536367,278.73,83,12,13047,2010-12-01 08:34:00
536368,70.05000000000001,15,4,13047,2010-12-01 08:34:00
536369,17.85,3,1,13047,2010-12-01 08:35:00
536370,855.86,449,20,12583,2010-12-01 08:45:00
536371,204.0,80,1,13748,2010-12-01 09:00:00
536372,22.200000000000003,12,2,17850,2010-12-01 09:01:00
536373,259.86,88,16,17850,2010-12-01 09:02:00
536374,350.4,32,1,15100,2010-12-01 09:09:00
536375,259.86,88,16,17850,2010-12-01 09:32:00
536376,328.8,112,2,15291,2010-12-01 09:32:00
536377,22.200000000000003,12,2,17850,2010-12-01 09:34:00
536378,444.98,454,19,14688,2010-12-01 09:37:00
536380,34.8,24,1,17809,2010-12-01 09:41:00
536381,449.98,198,34,15311,2010-12-01 09:41:00
536382,430.6,134,12,16098,2010-12-01 09:45:00
536384,489.6,190,13,18074,2010-12-01 09:53:00
536385,130.85,53,7,17420,2010-12-01 09:56:00
536386,508.20000000000005,236,3,16029,2010-12-01 09:57:00
536387,3193.92,1440,5,16029,2010-12-01 09:58:00
536388,226.14,108,14,16250,2010-12-01 09:59:00
536389,358.25,107,14,12431,2010-12-01 10:03:00
536390,1825.74,1568,24,17511,2010-12-01 10:19:00
536392,318.14,103,10,13705,2010-12-01 10:29:00
536393,79.6,8,1,13747,2010-12-01 10:37:00
536394,1024.68,544,11,13408,2010-12-01 10:39:00
536395,507.88,260,14,13767,2010-12-01 10:47:00
536396,376.36,102,18,17850,2010-12-01 10:51:00
536397,279.0,60,2,17924,2010-12-01 10:51:00
536398,426.56,150,17,13448,2010-12-01 10:52:00
536399,22.200000000000003,12,2,17850,2010-12-01 10:52:00
536400,17.4,12,1,13448,2010-12-01 10:53:00
536401,354.23,124,64,15862,2010-12-01 11:21:00
536402,357.0,116,3,15513,2010-12-01 11:22:00
536403,192.60000000000002,97,2,12791,2010-12-01 11:27:00
536404,471.3,438,28,16218,2010-12-01 11:29:00
536405,326.4,128,1,14045,2010-12-01 11:32:00
536406,353.14,96,17,17850,2010-12-01 11:33:00
536407,22.200000000000003,12,2,17850,2010-12-01 11:34:00
536408,783.11,558,48,14307,2010-12-01 11:41:00
536409,232.03,169,51,17908,2010-12-01 11:45:00
536412,453.46,197,54,17920,2010-12-01 11:49:00
536415,390.79,228,59,12838,2010-12-01 11:57:00
536416,225.7,110,6,13255,2010-12-01 11:58:00
536420,233.45,111,14,16583,2010-12-01 12:03:00
536423,303.9,78,9,18085,2010-12-01 12:08:00
536425,362.45,137,17,13758,2010-12-01 12:08:00
536437,842.12,1004,6,13694,2010-12-01 12:12:00
536446,430.99,323,28,15983,2010-12-01 12:15:00
536460,295.54,158,14,14849,2010-12-01 12:22:00
536463,17.4,12,1,14849,2010-12-01 12:22:00
536464,265.1,151,74,17968,2010-12-01 12:23:00
536466,42.9,18,2,14849,2010-12-01 12:23:00
536477,2474.7400000000002,1070,14,16210,2010-12-01 12:27:00
536488,163.34,71,31,17897,2010-12-01 12:31:00
536500,223.9,102,15,17377,2010-12-01 12:35:00
536502,95.29,39,5,16552,2010-12-01 12:36:00
536508,155.52,216,2,17181,2010-12-01 12:38:00
536514,295.5,118,5,17951,2010-12-01 12:40:00
536520,313.49,197,69,14729,2010-12-01 12:43:00
536521,4.95,1,1,12748,2010-12-01 12:48:00
536522,188.56,84,46,15012,2010-12-01 12:49:00
536523,203.3,112,12,12868,2010-12-01 12:50:00
536524,70.80000000000001,24,4,17572,2010-12-01 12:51:00
536525,136.24,29,13,14078,2010-12-01 12:54:00
536526,301.24,94,9,14001,2010-12-01 12:58:00
536527,261.48,157,15,12662,2010-12-01 13:04:00
536528,274.93,113,44,15525,2010-12-01 13:17:00
536529,161.0,38,9,14237,2010-12-01 13:20:00
536530,200.5,71,22,17905,2010-12-01 13:21:00
536531,939.59,391,22,15485,2010-12-01 13:23:00
536532,1919.1399999999999,1852,73,12433,2010-12-01 13:24:00
536533,156.1,80,6,16955,2010-12-01 13:31:00
536534,115.65,51,5,15350,2010-12-01 13:33:00
536535,194.85000000000002,71,12,15605,2010-12-01 13:38:00
536536,165.04999999999998,95,3,18144,2010-12-01 13:45:00
536537,369.5,138,11,15922,2010-12-01 13:51:00
536538,255.0,146,31,14594,2010-12-01 13:54:00
536539,487.75,160,27,15165,2010-12-01 14:03:00
536540,540.38,231,20,14911,2010-12-01 14:05:00
536541,15.0,12,1,14911,2010-12-01 14:05:00
536542,787.4,392,16,16456,2010-12-01 14:11:00
536551,134.11,84,29,17346,2010-12-01 14:34:00
536556,101.55,71,8,17643,2010-12-01 14:38:00
536557,532.43,198,62,17841,2010-12-01 14:41:00
536559,204.95,117,7,17873,2010-12-01 14:54:00
536560,799.4,256,13,13093,2010-12-01 15:00:00
536561,322.40000000000003,140,15,12921,2010-12-01 15:06:00
536562,308.65000000000003,99,18,13468,2010-12-01 15:08:00
536563,172.54,165,9,17760,2010-12-01 15:08:00
536564,51.4,12,2,13468,2010-12-01 15:08:00
536566,116.25,93,6,16928,2010-12-01 15:21:00
536567,251.40000000000003,132,7,16048,2010-12-01 15:27:00
536568,5.04,12,1,16048,2010-12-01 15:28:00
536569,351.75,153,64,16274,2010-12-01 15:35:00
536570,304.34000000000003,86,5,14496,2010-12-01 15:35:00
536571,294.62,284,18,14696,2010-12-01 15:37:00
536572,442.34999999999997,301,21,16539,2010-12-01 15:40:00
536573,143.12,136,4,17025,2010-12-01 15:45:00
536574,17.85,3,1,17025,2010-12-01 15:46:00
536575,1552.98,858,8,13777,2010-12-01 16:01:00
536576,2558.42,1122,16,13777,2010-12-01 16:11:00
536577,497.0,388,4,13777,2010-12-01 16:13:00
536578,279.6,104,8,17690,2010-12-01 16:15:00
536579,315.96000000000004,276,2,13777,2010-12-01 16:16:00
536580,97.19999999999999,66,6,17690,2010-12-01 16:17:00
536581,330.0,200,1,13777,2010-12-01 16:19:00
536582,304.04,184,17,12947,2010-12-01 16:21:00
536583,198.0,120,1,13777,2010-12-01 16:21:00
536584,1132.8000000000002,384,1,13777,2010-12-01 16:22:00
536585,19.9,2,1,17460,2010-12-01 16:24:00
536586,344.2,44,7,18229,2010-12-01 16:25:00
536587,311.81,313,22,14142,2010-12-01 16:33:00
536588,277.05,103,11,17069,2010-12-01 16:49:00
536590,205.86,74,14,13065,2010-12-01 16:52:00
536591,198.32,93,40,14606,2010-12-01 16:57:00
536593,81.75,19,5,16835,2010-12-01 17:15:00
536594,79.5,34,5,15235,2010-12-01 17:22:00
536595,349.15,108,11,13576,2010-12-01 17:24:00
536597,102.78999999999999,71,28,18011,2010-12-01 17:35:00
536598,160.6,76,4,13090,2010-12-02 07:48:00
536599,306.4,80,6,15694,2010-12-02 07:49:00
536600,251.62,56,12,17850,2010-12-02 08:32:00
536601,22.200000000000003,12,2,17850,2010-12-02 08:33:00
536602,163.76,64,12,17850,2010-12-02 08:34:00
536603,22.200000000000003,12,2,17850,2010-12-02 08:40:00
536604,184.5,114,9,14741,2010-12-02 08:43:00
536605,272.65000000000003,107,15,13715,2010-12-02 08:52:00
536607,303.97,93,18,17732,2010-12-02 09:29:00
536608,38.1,30,3,12855,2010-12-02 09:37:00
536609,244.46,88,16,17850,2010-12-02 09:41:00
536610,22.200000000000003,12,2,17850,2010-12-02 09:42:00
536611,259.65000000000003,153,14,15752,2010-12-02 09:43:00
536612,206.76,82,15,17850,2010-12-02 09:44:00
536613,208.97,197,17,17855,2010-12-02 09:44:00
536614,22.200000000000003,12,2,17850,2010-12-02 09:44:00
536615,286.92,108,12,14047,2010-12-02 10:09:00
536616,244.08,72,1,17925,2010-12-02 10:10:00
536617,1095.12,644,11,13941,2010-12-02 10:17:00
536618,780.12,600,21,17017,2010-12-02 10:17:00
536619,97.19999999999999,48,2,17017,2010-12-02 10:18:00
536620,485.25,741,23,14135,2010-12-02 10:27:00
536621,350.06,298,10,13108,2010-12-02 10:35:00
536623,768.38,666,48,15601,2010-12-02 10:39:00
536624,610.64,228,22,13418,2010-12-02 10:45:00
536626,12.600000000000001,6,1,13418,2010-12-02 10:46:00
536627,306.2,64,14,15658,2010-12-02 10:53:00
536628,230.56,86,16,17850,2010-12-02 10:54:00
536629,22.200000000000003,12,2,17850,2010-12-02 10:55:00
536630,244.46,88,16,17850,2010-12-02 10:56:00
536631,22.200000000000003,12,2,17850,2010-12-02 10:58:00
536632,312.8,170,21,14388,2010-12-02 11:02:00
536633,204.15,105,18,14901,2010-12-02 11:20:00
536634,193.78,159,14,18041,2010-12-02 11:21:00
536635,572.38,246,20,15955,2010-12-02 11:22:00
536636,106.2,36,1,15070,2010-12-02 11:23:00
536637,219.66,157,55,18041,2010-12-02 11:35:00
536638,1056.63,619,63,16244,2010-12-02 11:41:00
536639,288.5,106,16,15111,2010-12-02 11:45:00
536641,4.25,1,1,12748,2010-12-02 11:46:00
536643,223.7,74,26,14390,2010-12-02 11:57:00
536663,299.40000000000003,156,6,16546,2010-12-02 12:07:00
536667,362.5,214,16,15260,2010-12-02 12:09:00
536670,58.0,40,1,15260,2010-12-02 12:09:00
536671,136.2,132,5,13305,2010-12-02 12:10:00
536672,127.2,40,4,14491,2010-12-02 12:10:00
536673,339.84,504,8,14060,2010-12-02 12:11:00
536674,127.08,122,21,15923,2010-12-02 12:16:00
536676,207.5,54,9,16752,2010-12-02 12:18:00
536681,113.92,46,13,17287,2010-12-02 12:22:00
536685,380.46,108,17,17850,2010-12-02 12:23:00
536688,22.200000000000003,12,2,17850,2010-12-02 12:24:00
536690,331.26,92,17,17850,2010-12-02 12:25:00
536693,22.200000000000003,12,2,17850,2010-12-02 12:26:00
536698,326.0,144,16,15363,2010-12-02 12:28:00
536707,199.65,41,13,12915,2010-12-02 12:33:00
536732,354.54,274,26,15544,2010-12-02 12:47:00
536733,329.65000000000003,255,14,15738,2010-12-02 12:50:00
536735,211.2,128,1,17381,2010-12-02 12:58:00
536736,824.88,1296,5,17381,2010-12-02 12:59:00
536738,98.18,42,7,15827,2010-12-02 13:06:00
536739,201.75,31,12,14180,2010-12-02 13:08:00
536740,92.75,67,7,15827,2010-12-02 13:08:00
536741,202.12,130,15,13117,2010-12-02 13:11:00
536742,196.43,102,48,16916,2010-12-02 13:14:00
536743,261.76,195,35,17964,2010-12-02 13:32:00
536744,379.75,137,10,14466,2010-12-02 13:36:00
536745,341.9,126,10,17235,2010-12-02 13:38:00
536746,248.1,92,13,16510,2010-12-02 13:39:00
536747,100.2,75,12,17802,2010-12-02 13:44:00
536748,116.0,26,5,15107,2010-12-02 13:45:00
536749,321.79,93,56,17976,2010-12-02 13:49:00
536750,434.8,118,19,17850,2010-12-02 14:04:00
536751,22.200000000000003,12,2,17850,2010-12-02 14:05:00
536752,390.66,104,19,17850,2010-12-02 14:06:00
536753,22.200000000000003,12,2,17850,2010-12-02 14:07:00
536754,210.24,142,50,14449,2010-12-02 14:09:00
536759,311.25,113,17,16781,2010-12-02 14:26:00
536761,98.9,36,7,13491,2010-12-02 14:30:00
536762,307.68,231,20,16186,2010-12-02 14:40:00
536763,452.52,331,12,17685,2010-12-02 14:42:00
536769,668.4,375,31,17581,2010-12-02 14:47:00
536771,118.38,66,7,17581,2010-12-02 14:49:00
536777,138.1,97,5,15732,2010-12-02 15:00:00
536778,193.23,125,14,13138,2010-12-02 15:03:00
536779,15.0,1,1,15823,2010-12-02 15:08:00
536781,50.400000000000006,24,1,17460,2010-12-02 15:14:00
536782,517.95,244,27,17567,2010-12-02 15:18:00
536783,4076.48,2909,38,15061,2010-12-02 15:19:00
536784,2170.9,1330,25,15061,2010-12-02 15:20:00
536785,2730.96,1008,6,15061,2010-12-02 15:22:00
536786,324.0,144,2,15061,2010-12-02 15:23:00
536787,192.46,76,13,17850,2010-12-02 15:24:00
536788,75.0,60,1,15061,2010-12-02 15:25:00
536789,22.200000000000003,12,2,17850,2010-12-02 15:25:00
536790,532.01,141,17,17850,2010-12-02 15:26:00
536791,44.400000000000006,24,2,17850,2010-12-02 15:27:00
536792,30.0,24,1,15061,2010-12-02 15:28:00
536793,170.7,70,11,16203,2010-12-02 15:39:00
536794,322.8,96,4,13767,2010-12-02 15:40:00
536795,333.72,180,7,15640,2010-12-02 15:40:00
536796,349.04,159,96,15574,2010-12-02 15:46:00
536797,130.8,56,6,16770,2010-12-02 15:49:00
536798,684.46,454,29,17838,2010-12-02 15:55:00
536799,183.3,122,18,17228,2010-12-02 16:00:00
536800,236.97,190,19,14829,2010-12-02 16:12:00
536802,197.3,50,8,17412,2010-12-02 16:29:00
536803,22.5,6,1,14911,2010-12-02 16:33:00
536804,1714.25,531,25,14031,2010-12-02 16:34:00
536805,406.56,384,20,14775,2010-12-02 16:38:00
536806,45.12,84,5,12971,2010-12-02 16:42:00
536808,247.8,64,12,17659,2010-12-02 16:46:00
536809,1003.2,1824,1,15299,2010-12-02 16:48:00
536810,303.96,204,1,15299,2010-12-02 16:50:00
536811,527.85,69,1,15299,2010-12-02 16:51:00
536813,189.8,230,17,15646,2010-12-02 16:59:00
536819,308.28000000000003,190,17,13402,2010-12-02 17:12:00
536821,143.45000000000002,80,23,17757,2010-12-02 17:17:00
536823,50.550000000000004,13,3,13011,2010-12-02 17:22:00
536824,408.0,160,1,13798,2010-12-02 17:24:00
536830,2002.4,4280,2,16754,2010-12-02 17:38:00
536831,569.4,260,4,16029,2010-12-02 17:40:00
536832,164.8,64,8,16634,2010-12-02 17:41:00
536833,438.1,208,29,18239,2010-12-02 17:48:00
536834,35.400000000000006,12,1,14576,2010-12-02 17:51:00
536835,295.0,1,1,13145,2010-12-02 18:06:00
536836,263.3,133,26,18168,2010-12-02 18:08:00
536837,308.68,174,27,14395,2010-12-02 18:15:00
536838,37.2,96,3,14865,2010-12-02 18:23:00
536839,623.73,879,16,15093,2010-12-02 18:25:00
536840,155.35,148,11,12738,2010-12-02 18:27:00
536841,393.42,174,22,16150,2010-12-02 18:27:00
536842,263.62,130,11,17552,2010-12-02 18:45:00
536843,34.9,14,2,17552,2010-12-02 18:46:00
536844,189.3,38,3,14236,2010-12-02 18:49:00
536845,127.55,45,28,17961,2010-12-02 19:18:00
536846,402.0,126,68,14573,2010-12-02 19:59:00
536847,215.57999999999998,222,9,17135,2010-12-03 09:31:00
536848,534.0,280,3,13408,2010-12-03 09:39:00
536849,397.5,106,3,17396,2010-12-03 09:45:00
536851,1368.4,360,15,12967,2010-12-03 09:49:00
536852,89.14,107,7,12686,2010-12-03 09:51:00
536856,754.87,343,39,13370,2010-12-03 10:26:00
536857,128.03,54,17,16883,2010-12-03 10:33:00
536858,303.4,110,6,13520,2010-12-03 10:36:00
536859,294.25,186,24,12841,2010-12-03 10:43:00
536860,254.39999999999998,108,10,16905,2010-12-03 10:43:00
536861,303.5,79,10,12427,2010-12-03 10:44:00
536863,112.27,73,41,17967,2010-12-03 11:19:00
536874,217.26,86,63,16891,2010-12-03 11:35:00
536884,39.75,5,3,14589,2010-12-03 11:42:00
536890,322.2,1548,3,14156,2010-12-03 11:48:00
536938,1680.88,464,14,14680,2010-12-03 12:05:00
536943,187.51,170,28,17884,2010-12-03 12:11:00
536944,620.0,400,5,12557,2010-12-03 12:20:00
536945,294.01,152,62,14083,2010-12-03 12:24:00
536946,841.94,363,29,13013,2010-12-03 12:28:00
536947,686.4,439,38,13013,2010-12-03 12:29:00
536954,425.0,100,1,17809,2010-12-03 12:41:00
536956,304.95000000000005,93,15,14210,2010-12-03 12:43:00
536957,791.7,234,13,17809,2010-12-03 12:43:00
536960,225.65,125,14,16477,2010-12-03 12:48:00
536967,76.5,31,2,12600,2010-12-03 12:57:00
536968,534.0,168,2,16013,2010-12-03 13:09:00
536969,528.0,192,1,16013,2010-12-03 13:10:00
536970,1314.0,120,1,17949,2010-12-03 13:12:00
536971,248.16,140,8,12779,2010-12-03 13:40:00
536972,230.25,35,14,16926,2010-12-03 13:42:00
536973,736.28,356,30,17787,2010-12-03 13:43:00
536974,336.24,132,16,12682,2010-12-03 13:59:00
536975,1705.65,827,71,14911,2010-12-03 14:04:00
536976,149.8,76,19,14723,2010-12-03 14:18:00
536977,108.78,60,14,17954,2010-12-03 14:18:00
536980,591.47,239,12,17819,2010-12-03 14:26:00
536981,97.39,38,22,14723,2010-12-03 14:26:00
536983,175.53,60,9,12712,2010-12-03 14:30:00
536984,339.54,136,29,17841,2010-12-03 14:35:00
536985,334.3,42,11,15373,2010-12-03 14:40:00
536986,124.14,104,7,16140,2010-12-03 14:40:00
536987,272.01,124,52,17198,2010-12-03 14:54:00
536988,254.39000000000001,100,38,17238,2010-12-03 15:05:00
536989,115.7,26,22,17238,2010-12-03 15:10:00
536990,131.8,65,7,12793,2010-12-03 15:14:00
536992,91.8,36,1,15769,2010-12-03 15:16:00
536993,110.35000000000001,39,34,14396,2010-12-03 15:19:00
536994,98.5,18,3,14898,2010-12-03 15:25:00
537022,427.8,164,24,12725,2010-12-03 15:45:00
537023,122.15,64,25,16725,2010-12-03 16:02:00
537026,346.1,528,12,12395,2010-12-03 16:35:00
537030,246.3,142,13,16455,2010-12-03 16:44:00
537031,135.0,108,6,16455,2010-12-03 16:45:00
537034,2355.1800000000003,1338,73,13081,2010-12-03 17:20:00
537035,11.6,8,1,13081,2010-12-03 17:21:00
537036,135.32999999999998,75,31,15545,2010-12-03 17:28:00
537037,256.90000000000003,92,11,17243,2010-12-05 10:03:00
537038,535.75,125,7,15465,2010-12-05 10:12:00
537040,734.3999999999999,192,2,13089,2010-12-05 10:27:00
537041,155.64000000000001,52,26,16033,2010-12-05 10:36:00
537042,230.66,80,48,13838,2010-12-05 10:45:00
537044,431.45,93,19,18055,2010-12-05 10:52:00
537045,118.88,43,30,15038,2010-12-05 10:54:00
537046,277.45,55,14,18109,2010-12-05 10:58:00
537047,326.6,181,41,13069,2010-12-05 11:02:00
537048,5.9,2,2,13069,2010-12-05 11:03:00
537049,277.65000000000003,97,14,16241,2010-12-05 11:04:00
537050,555.84,437,51,14800,2010-12-05 11:10:00
537051,317.29,121,31,15708,2010-12-05 11:12:00
537052,552.24,232,5,16839,2010-12-05 11:15:00
537053,275.8,124,3,16168,2010-12-05 11:38:00
537054,152.05,82,40,16931,2010-12-05 11:40:00
537055,273.29,107,15,16814,2010-12-05 11:45:00
537057,274.67,129,49,15351,2010-12-05 11:49:00
537058,351.43,197,12,13269,2010-12-05 11:51:00
537059,125.43,58,20,14813,2010-12-05 11:54:00
537065,1526.92,611,63,12567,2010-12-05 11:57:00
537067,27.45,8,6,14813,2010-12-05 11:57:00
537077,179.64000000000001,163,26,17062,2010-12-05 11:59:00
537081,1145.06,442,25,15332,2010-12-05 12:00:00
537086,438.0,168,8,15332,2010-12-05 12:01:00
537090,15.0,12,1,15332,2010-12-05 12:02:00
537111,177.89,83,22,14810,2010-12-05 12:08:00
537117,204.0,48,1,16353,2010-12-05 12:09:00
537126,472.11,211,116,18118,2010-12-05 12:13:00
537127,408.0,160,2,13831,2010-12-05 12:13:00
537128,211.74,135,23,12841,2010-12-05 12:15:00
537129,301.12,232,17,13506,2010-12-05 12:15:00
537130,114.65,28,19,17796,2010-12-05 12:23:00
537131,529.4,429,35,15716,2010-12-05 12:26:00
537133,186.88,68,50,18156,2010-12-05 12:29:00
537134,163.49,107,9,16983,2010-12-05 12:34:00
537135,722.36,471,115,17059,2010-12-05 12:35:00
537136,267.46000000000004,147,34,12748,2010-12-05 12:42:00
537137,535.6,392,66,16327,2010-12-05 12:43:00
537138,273.3,204,33,17211,2010-12-05 12:44:00
537139,33.15,25,3,17026,2010-12-05 12:47:00
537140,65.57,51,33,12748,2010-12-05 12:53:00
537141,517.65,165,37,15570,2010-12-05 12:57:00
537142,41.45,16,15,12748,2010-12-05 12:57:00
537144,329.03000000000003,202,95,15880,2010-12-05 13:00:00
537153,606.0500000000001,407,41,16718,2010-12-05 13:03:00
537154,953.05,327,54,15808,2010-12-05 13:05:00
537155,73.72,63,30,12748,2010-12-05 13:05:00
537156,236.25,75,17,17858,2010-12-05 13:08:00
537158,184.8,86,10,16393,2010-12-05 13:10:00
537159,292.95,60,28,14527,2010-12-05 13:17:00
537160,283.15,128,26,14161,2010-12-05 13:18:00
537163,384.71999999999997,276,21,17863,2010-12-05 13:21:00
537176,128.55,69,19,16411,2010-12-05 13:26:00
537179,806.28,284,13,13767,2010-12-05 13:29:00
537192,205.65,102,53,16402,2010-12-05 13:42:00
537193,429.40000000000003,226,32,15023,2010-12-05 13:49:00
537194,271.2,80,1,17402,2010-12-05 13:53:00
537195,635.64,298,32,15311,2010-12-05 13:55:00
537196,382.57,149,74,15426,2010-12-05 13:55:00
537197,286.5,79,16,12647,2010-12-05 14:02:00
537198,85.5,11,2,12647,2010-12-05 14:03:00
537199,151.44,111,32,15894,2010-12-05 14:06:00
537200,111.65,46,28,15867,2010-12-05 14:17:00
537201,1631.3,972,70,12472,2010-12-05 14:19:00
537202,257.0,106,43,14506,2010-12-05 14:25:00
537204,198.43,293,32,15555,2010-12-05 14:45:00
537205,165.86,116,11,13034,2010-12-05 14:52:00
537206,85.55000000000001,25,4,15235,2010-12-05 15:02:00
537207,188.77,40,23,17402,2010-12-05 15:06:00
537208,272.07,141,57,15889,2010-12-05 15:12:00
537209,192.68,83,41,14606,2010-12-05 15:12:00
537210,207.74,100,15,15953,2010-12-05 15:15:00
537211,355.75,145,16,16143,2010-12-05 15:18:00
537212,473.39,299,30,12720,2010-12-05 15:21:00
537213,8.65,7,6,12748,2010-12-05 15:26:00
537214,1668.2,2048,13,16422,2010-12-05 15:35:00
537215,358.55999999999995,108,7,12747,2010-12-05 15:38:00
537216,569.5,240,18,15502,2010-12-05 15:40:00
537217,167.2,16,4,15502,2010-12-05 15:40:00
537218,320.08,196,16,12763,2010-12-05 15:46:00
537219,423.52,252,67,14081,2010-12-05 15:47:00
537221,37.35,14,7,17965,2010-12-05 15:54:00
537222,129.23,56,25,14404,2010-12-05 16:00:00
537223,164.70000000000002,46,9,13579,2010-12-05 16:10:00
537224,1369.06,674,122,13174,2010-12-05 16:24:00
537225,491.38,310,60,12748,2010-12-05 16:41:00
537226,113.48,86,9,15987,2010-12-06 08:34:00
537227,922.4000000000001,700,20,17677,2010-12-06 08:42:00
537228,25.200000000000003,12,1,17677,2010-12-06 08:43:00
537229,17.4,12,1,17677,2010-12-06 08:44:00
537231,308.8,112,18,13652,2010-12-06 09:21:00
537233,353.0,148,9,17428,2010-12-06 09:37:00
537235,2567.6400000000003,1464,5,17381,2010-12-06 09:45:00
537236,375.69000000000005,91,9,16858,2010-12-06 09:52:00
537238,164.2,88,15,16161,2010-12-06 10:03:00
537239,210.19,67,13,18219,2010-12-06 10:05:00
537241,364.92,172,15,14293,2010-12-06 10:18:00
537242,412.22,282,29,14748,2010-12-06 10:19:00
537243,50.400000000000006,24,2,16638,2010-12-06 10:19:00
537244,300.66,349,11,17674,2010-12-06 10:20:00
537245,58.2,48,3,14748,2010-12-06 10:24:00
537246,129.4,53,7,12808,2010-12-06 10:27:00
537247,223.68,192,3,13094,2010-12-06 10:34:00
537248,56.25,39,4,15899,2010-12-06 10:36:00
537249,33.0,20,1,16955,2010-12-06 10:38:00
537250,196.44,89,14,12708,2010-12-06 10:43:00
537254,377.64,207,55,15898,2010-12-06 11:01:00
537255,303.5,163,20,14443,2010-12-06 11:03:00
537256,2263.8,796,11,16210,2010-12-06 11:06:00
537257,142.5,58,9,17691,2010-12-06 11:10:00
537258,142.25,92,10,17227,2010-12-06 11:16:00
537262,585.41,256,54,15039,2010-12-06 11:26:00
537265,214.07999999999998,175,38,15919,2010-12-06 11:26:00
537298,153.5,54,9,13497,2010-12-06 11:37:00
537301,102.66,72,14,15860,2010-12-06 11:38:00
537312,311.24,254,9,14189,2010-12-06 11:42:00
537313,123.15,21,5,15304,2010-12-06 11:42:00
537332,322.8,120,12,14344,2010-12-06 11:58:00
537334,430.73,146,44,16719,2010-12-06 12:06:00
537335,98.7,32,23,15048,2010-12-06 12:15:00
537346,673.37,503,34,15301,2010-12-06 12:21:00
537350,419.06,350,12,14708,2010-12-06 12:23:00
537351,112.08,94,29,16898,2010-12-06 12:23:00
537354,133.07,85,38,12748,2010-12-06 12:23:00
537359,184.10000000000002,72,10,14825,2010-12-06 12:30:00
537360,76.32000000000001,72,1,18113,2010-12-06 12:31:00
537362,390.97,529,56,17596,2010-12-06 12:34:00
537365,449.95000000000005,201,21,15078,2010-12-06 12:38:00
537366,308.05,106,12,14085,2010-12-06 12:39:00
537367,25.200000000000003,12,1,15078,2010-12-06 12:39:00
537368,377.5,135,15,14911,2010-12-06 12:40:00
537369,226.45000000000002,93,49,17860,2010-12-06 12:41:00
537370,379.7,168,51,13155,2010-12-06 12:44:00
537371,185.97,119,14,15028,2010-12-06 12:47:00
537372,198.35,73,22,16919,2010-12-06 12:52:00
537374,367.95,256,74,17259,2010-12-06 12:55:00
537375,358.82,223,48,17019,2010-12-06 12:55:00
537376,480.68,278,16,16722,2010-12-06 12:59:00
537377,270.52,116,14,15882,2010-12-06 13:01:00
537378,784.15,476,20,14911,2010-12-06 13:06:00
537380,100.80000000000001,48,2,15882,2010-12-06 13:12:00
537381,511.56,372,24,14667,2010-12-06 13:13:00
537382,370.42,192,53,16710,2010-12-06 13:13:00
537384,122.7,56,5,15984,2010-12-06 13:21:00
537385,125.10000000000001,37,13,14487,2010-12-06 13:22:00
537386,20.85,3,1,14911,2010-12-06 13:32:00
537387,222.18,84,14,13468,2010-12-06 13:34:00
537388,391.5,210,18,17682,2010-12-06 13:35:00
537389,149.0,60,19,17757,2010-12-06 13:41:00
537390,123.24,40,8,16658,2010-12-06 13:47:00
537391,554.66,257,48,16550,2010-12-06 13:53:00
537392,166.15,80,24,17068,2010-12-06 13:58:00
537393,2415.04,972,34,13089,2010-12-06 13:59:00
537394,81.17999999999999,54,5,13089,2010-12-06 14:00:00
537395,143.12,75,49,15356,2010-12-06 14:05:00
537396,292.84000000000003,64,29,17223,2010-12-06 14:08:00
537397,244.20000000000002,164,10,16817,2010-12-06 14:19:00
537399,402.36,174,50,13030,2010-12-06 14:31:00
537400,422.81,261,49,17191,2010-12-06 14:36:00
537403,30.45,21,11,17191,2010-12-06 14:43:00
537404,56.85,38,11,17191,2010-12-06 14:46:00
537405,406.69,132,45,17841,2010-12-06 14:51:00
537407,192.7,34,6,15502,2010-12-06 14:55:00
537409,406.16,247,16,15194,2010-12-06 15:00:00
537410,151.20000000000002,72,1,14409,2010-12-06 15:03:00
537412,177.60000000000002,96,1,14409,2010-12-06 15:06:00
537415,227.4,63,9,16654,2010-12-06 15:09:00
537418,135.01,65,33,17884,2010-12-06 15:13:00
537419,510.95,209,14,13495,2010-12-06 15:14:00
537420,335.3,184,18,17519,2010-12-06 15:18:00
537421,287.54,129,48,17218,2010-12-06 15:25:00
537422,193.29999999999998,127,27,17812,2010-12-06 15:27:00
537423,166.0,104,6,14215,2010-12-06 15:34:00
537424,92.55000000000001,57,3,15602,2010-12-06 15:35:00
537428,450.92,210,22,17320,2010-12-06 15:38:00
537429,82.12,119,20,12748,2010-12-06 15:54:00
537433,417.62,146,4,12913,2010-12-06 16:36:00
537435,221.5,82,14,17920,2010-12-06 16:58:00
537440,214.32,67,16,17869,2010-12-06 17:16:00
537441,536.0500000000001,255,40,13564,2010-12-06 17:26:00
537446,569.03,201,28,18055,2010-12-07 09:13:00
537447,151.3,54,7,13963,2010-12-07 09:21:00
537448,39.599999999999994,6,1,17450,2010-12-07 09:23:00
537456,1989.2399999999998,780,2,17450,2010-12-07 09:43:00
537457,1644.94,914,19,17511,2010-12-07 09:51:00
537458,293.45000000000005,101,13,17091,2010-12-07 09:55:00
537459,178.4,112,11,17470,2010-12-07 09:57:00
537460,326.4,128,1,17616,2010-12-07 10:04:00
537461,510.0,120,1,15649,2010-12-07 10:06:00
537462,172.65,89,12,17228,2010-12-07 10:06:00
537463,1033.52,585,41,12681,2010-12-07 10:08:00
537464,618.07,234,28,14907,2010-12-07 10:14:00
537465,454.6,218,22,17735,2010-12-07 10:32:00
537467,118.25,51,18,16059,2010-12-07 10:36:00
537468,415.46000000000004,167,20,12567,2010-12-07 10:36:00
537469,102.0,24,1,17720,2010-12-07 10:43:00
537470,111.25,21,5,15018,2010-12-07 10:47:00
537471,17.85,3,1,14344,2010-12-07 10:51:00
537472,111.54,126,6,12971,2010-12-07 11:11:00
537476,957.5,550,3,15838,2010-12-07 11:26:00
537484,1830.02,680,28,14733,2010-12-07 11:30:00
537489,511.79999999999995,396,21,17017,2010-12-07 11:33:00
537509,532.8000000000001,288,2,13756,2010-12-07 11:41:00
537523,159.55,61,9,14176,2010-12-07 11:45:00
537538,311.65,131,12,15353,2010-12-07 11:49:00
537567,180.7,124,29,18119,2010-12-07 11:59:00
537592,327.40000000000003,268,5,17491,2010-12-07 12:18:00
537593,571.0,300,13,14282,2010-12-07 12:21:00
537594,596.8,155,17,12647,2010-12-07 12:28:00
537595,109.82000000000001,43,23,13569,2010-12-07 12:29:00
537598,319.0,80,14,14135,2010-12-07 12:37:00
537599,19.9,2,1,17954,2010-12-07 12:37:00
537601,108.78,62,9,17287,2010-12-07 12:43:00
537603,373.49,213,15,14673,2010-12-07 12:49:00
537604,1381.92,516,45,13488,2010-12-07 13:01:00
537605,166.74,52,12,16221,2010-12-07 13:13:00
537606,631.65,279,30,15002,2010-12-07 13:16:00
537607,156.19,74,16,15965,2010-12-07 13:18:00
537608,444.42,235,46,15024,2010-12-07 13:20:00
537609,617.12,236,12,17675,2010-12-07 13:22:00
537612,322.3,122,10,13769,2010-12-07 13:28:00
537614,322.8,137,30,16904,2010-12-07 13:29:00
537615,139.0,20,5,15898,2010-12-07 13:30:00
537616,15.9,2,1,16904,2010-12-07 13:30:00
537617,177.26,76,8,16086,2010-12-07 13:45:00
537618,2022.16,956,16,15061,2010-12-07 13:50:00
537619,230.39999999999998,136,7,13786,2010-12-07 13:53:00
537620,97.8,54,6,13880,2010-12-07 14:00:00
537622,165.94,114,23,13173,2010-12-07 14:30:00
537623,383.93,199,44,15858,2010-12-07 14:31:00
537624,295.11,146,53,12748,2010-12-07 14:41:00
537625,87.5,36,6,15180,2010-12-07 14:57:00
537626,711.79,319,31,12347,2010-12-07 14:57:00
537627,713.88,476,12,14739,2010-12-07 14:58:00
537628,378.75,189,16,16293,2010-12-07 15:02:00
537629,356.87,191,18,17419,2010-12-07 15:03:00
537631,17.4,12,1,17419,2010-12-07 15:04:00
537634,231.9,62,18,16775,2010-12-07 15:15:00
537635,68.1,30,2,16306,2010-12-07 15:18:00
537636,172.0,32,3,16950,2010-12-07 15:20:00
537646,384.3,124,67,17591,2010-12-07 15:39:00
537648,402.61,271,22,12839,2010-12-07 15:48:00
537649,112.6,36,7,13807,2010-12-07 15:48:00
537650,289.35,124,13,16125,2010-12-07 15:48:00
537653,247.33,80,34,17897,2010-12-07 15:54:00
537655,111.15,57,8,15081,2010-12-07 16:20:00
537657,9639.12,2790,5,18102,2010-12-07 16:42:00
537658,395.76,120,3,18102,2010-12-07 16:43:00
537659,15885.49,3689,9,18102,2010-12-07 16:43:00
537664,46.8,24,1,15024,2010-12-07 17:05:00
537665,139.86,101,6,16365,2010-12-07 17:19:00
537667,326.4,128,1,17870,2010-12-08 08:12:00
537668,48.800000000000004,20,2,14821,2010-12-08 08:43:00
537669,164.25,105,9,16863,2010-12-08 08:58:00
537670,514.39,151,10,13078,2010-12-08 09:07:00
537671,328.45,145,15,13267,2010-12-08 09:20:00
537672,328.01,182,18,13050,2010-12-08 09:30:00
537673,522.7,139,7,12709,2010-12-08 09:49:00
537674,319.18,250,19,15628,2010-12-08 09:51:00
537676,258.9,214,8,12386,2010-12-08 09:53:00
537678,356.91,133,9,16779,2010-12-08 09:56:00
537680,253.24,173,13,13599,2010-12-08 10:11:00
537681,304.2,175,7,13329,2010-12-08 10:11:00
537682,99.6,72,4,13599,2010-12-08 10:13:00
537683,365.4,240,20,12921,2010-12-08 10:14:00
537685,204.87,171,19,18077,2010-12-08 10:21:00
537686,225.0,148,3,14744,2010-12-08 10:21:00
537688,702.1,270,19,17406,2010-12-08 10:35:00
537689,301.52,288,17,15750,2010-12-08 10:36:00
537690,329.36,220,15,13983,2010-12-08 10:38:00
537691,310.57,163,20,13842,2010-12-08 10:39:00
537692,671.21,434,49,14796,2010-12-08 10:40:00
537693,173.55,121,11,12441,2010-12-08 10:45:00
537694,158.25,63,14,14901,2010-12-08 10:46:00
537698,468.68,452,4,13199,2010-12-08 10:51:00
537700,309.0,68,3,18229,2010-12-08 10:51:00
537707,303.86,176,14,14032,2010-12-08 10:53:00
537738,287.08,144,17,17706,2010-12-08 11:02:00
537743,151.95,65,9,17706,2010-12-08 11:02:00
537751,38.8,16,2,17706,2010-12-08 11:04:00
537754,157.6,53,21,16081,2010-12-08 11:16:00
537755,411.44,198,9,16525,2010-12-08 11:31:00
537757,314.1,86,8,17975,2010-12-08 11:38:00
537758,105.72,118,10,16122,2010-12-08 11:41:00
537759,203.64000000000001,108,12,13126,2010-12-08 11:42:00
537760,307.82000000000005,106,4,15973,2010-12-08 11:42:00
537761,19.799999999999997,12,1,13126,2010-12-08 11:43:00
537762,569.4,275,27,16558,2010-12-08 12:01:00
537764,145.93,62,44,16893,2010-12-08 12:06:00
537765,215.88,81,38,14606,2010-12-08 12:08:00
537766,651.6,288,4,17677,2010-12-08 12:08:00
537767,350.4,32,1,15100,2010-12-08 12:09:00
537768,39.0,20,2,15750,2010-12-08 12:11:00
537769,198.09,90,45,15021,2010-12-08 12:17:00
537770,295.66,176,15,15529,2010-12-08 12:24:00
537771,450.92,204,9,15498,2010-12-08 12:29:00
537772,287.91,157,59,18043,2010-12-08 12:35:00
537773,363.02,138,59,16016,2010-12-08 12:36:00
537774,281.0,196,4,14060,2010-12-08 12:40:00
537775,910.14,525,45,17722,2010-12-08 12:41:00
537780,127.05000000000001,51,6,17324,2010-12-08 12:45:00
537781,416.61,246,127,17341,2010-12-08 12:46:00
537789,623.4200000000001,214,14,14051,2010-12-08 12:49:00
537791,147.39999999999998,12,2,16233,2010-12-08 12:51:00
537792,147.20000000000002,67,19,16385,2010-12-08 12:56:00
537793,2746.75,1655,27,15032,2010-12-08 12:57:00
537794,414.43,189,60,16713,2010-12-08 13:01:00
537795,312.90000000000003,92,15,17213,2010-12-08 13:03:00
537796,405.16,248,6,18061,2010-12-08 13:03:00
537799,142.95,55,11,15916,2010-12-08 13:07:00
537800,69.78999999999999,75,10,12748,2010-12-08 13:08:00
537801,403.25,43,5,15221,2010-12-08 13:08:00
537802,692.94,190,30,13455,2010-12-08 13:11:00
537803,89.5,10,2,15916,2010-12-08 13:14:00
537804,130.64,116,11,12748,2010-12-08 13:17:00
537806,372.96999999999997,105,10,13113,2010-12-08 13:21:00
537808,251.09,145,17,15311,2010-12-08 13:23:00
537809,118.3,26,7,14217,2010-12-08 13:28:00
537810,23.85,3,1,15032,2010-12-08 13:30:00
537811,268.86,74,2,17262,2010-12-08 13:30:00
537813,376.30000000000007,116,7,18259,2010-12-08 13:38:00
537815,300.7,158,15,17676,2010-12-08 13:49:00
537816,129.75,29,3,16679,2010-12-08 13:51:00
537817,168.6,76,7,18269,2010-12-08 13:53:00
537818,1149.29,424,53,12766,2010-12-08 13:53:00
537819,397.6,286,17,15298,2010-12-08 13:55:00
537822,566.95,365,30,13523,2010-12-08 14:22:00
537825,222.5,118,28,15005,2010-12-08 14:36:00
537826,272.34000000000003,104,21,15581,2010-12-08 14:38:00
537827,63.0,30,1,15332,2010-12-08 14:43:00
537828,478.89,331,30,15680,2010-12-08 14:43:00
537829,525.8,260,19,15498,2010-12-08 14:46:00
537830,197.8,67,15,13649,2010-12-08 14:46:00
537831,106.77000000000001,39,11,17894,2010-12-08 14:50:00
537833,590.0,200,1,13270,2010-12-08 14:53:00
537836,103.67999999999999,144,1,14866,2010-12-08 14:58:00
537837,313.72,303,14,13077,2010-12-08 14:59:00
537840,305.45,103,15,13531,2010-12-08 15:03:00
537841,320.0,1000,1,13848,2010-12-08 15:10:00
537842,158.26,74,15,13140,2010-12-08 15:12:00
537843,171.15,59,9,15713,2010-12-08 15:16:00
537844,190.34,94,37,17999,2010-12-08 15:17:00
537845,71.4,12,4,17690,2010-12-08 15:23:00
537846,201.60000000000002,130,5,15347,2010-12-08 15:25:00
537847,180.4,64,6,14766,2010-12-08 15:33:00
537848,180.0,144,1,13777,2010-12-08 15:35:00
537849,75.0,60,1,13777,2010-12-08 15:35:00
537850,318.84,316,25,16722,2010-12-08 15:38:00
537851,356.4,264,7,13758,2010-12-08 15:39:00
537852,2671.27,1665,86,17340,2010-12-08 15:56:00
537854,154.8,120,5,13984,2010-12-08 15:58:00
537855,263.25,95,31,15996,2010-12-08 15:59:00
537859,670.55,96,26,14030,2010-12-08 16:11:00
537861,120.65,47,6,16596,2010-12-08 16:18:00
537862,111.53,71,7,12971,2010-12-08 16:21:00
537863,5.95,1,1,14030,2010-12-08 16:29:00
537864,336.94,238,14,16700,2010-12-08 16:34:00
537865,237.95,125,22,16011,2010-12-08 16:34:00
537866,676.1,274,9,17655,2010-12-08 16:45:00
537867,307.25,75,15,16717,2010-12-08 16:48:00
537868,1867.98,1730,74,12433,2010-12-08 16:49:00
537871,167.09,123,24,12748,2010-12-08 17:20:00
537879,213.3,56,8,14243,2010-12-09 08:34:00
537880,365.8,172,16,12963,2010-12-09 09:14:00
537881,956.5,238,12,15513,2010-12-09 09:23:00
537882,141.95,45,4,15079,2010-12-09 09:25:00
537883,63.0,60,5,14437,2010-12-09 09:27:00
537884,525.93,111,6,15694,2010-12-09 09:30:00
537885,258.75,69,16,12942,2010-12-09 09:34:00
537886,209.3,110,10,15660,2010-12-09 09:49:00
537887,1485.72,532,10,18092,2010-12-09 10:00:00
537888,524.35,440,35,15358,2010-12-09 10:04:00
537889,670.48,260,27,13319,2010-12-09 10:04:00
537890,100.19999999999999,36,6,15358,2010-12-09 10:04:00
537891,88.8,36,5,13319,2010-12-09 10:05:00
537892,159.38,85,10,12481,2010-12-09 10:13:00
537894,464.61,227,14,12621,2010-12-09 10:16:00
537895,429.24,92,5,14299,2010-12-09 10:30:00
537896,258.95,157,14,18071,2010-12-09 10:33:00
537897,213.88,107,13,12683,2010-12-09 10:37:00
537898,364.4,87,20,17377,2010-12-09 10:42:00
537899,3794.3999999999996,1488,1,12755,2010-12-09 10:44:00
537900,382.66,231,24,15983,2010-12-09 10:45:00
537901,309.4,68,3,13854,2010-12-09 10:48:00
537915,254.03,118,13,12797,2010-12-09 10:55:00
537955,364.2,85,46,16782,2010-12-09 11:28:00
537963,308.28000000000003,149,14,13369,2010-12-09 11:30:00
537967,57.6,9,3,12494,2010-12-09 11:31:00
537981,1335.2,2154,4,17857,2010-12-09 11:35:00
537995,295.1,84,11,12712,2010-12-09 11:39:00
538000,101.9,17,2,12748,2010-12-09 11:44:00
538002,363.53,80,17,14932,2010-12-09 11:48:00
538003,1281.5,454,20,12429,2010-12-09 12:05:00
538005,832.8,120,3,13090,2010-12-09 12:12:00
538006,163.2,64,2,14987,2010-12-09 12:13:00
538007,174.4,92,11,14355,2010-12-09 12:16:00
538008,849.2,557,41,12683,2010-12-09 12:17:00
538009,945.55,287,32,14911,2010-12-09 12:17:00
538010,226.79999999999998,40,5,17526,2010-12-09 12:20:00
538011,257.22,184,32,14896,2010-12-09 12:24:00
538012,224.38,48,29,14527,2010-12-09 12:32:00
538013,109.75,83,12,17062,2010-12-09 12:37:00
538014,656.7,150,13,14440,2010-12-09 12:49:00
538015,224.07,131,21,13240,2010-12-09 12:49:00
538032,174.4,58,10,14479,2010-12-09 12:59:00
538035,367.14,228,71,16065,2010-12-09 13:03:00
538037,112.6,60,5,17430,2010-12-09 13:05:00
538040,325.76,217,60,16520,2010-12-09 13:08:00
538048,181.0,52,2,15945,2010-12-09 13:14:00
538049,18.4,8,5,12748,2010-12-09 13:21:00
538050,15.9,2,1,12748,2010-12-09 13:22:00
538051,201.45,152,26,18041,2010-12-09 13:24:00
538053,1571.32,675,30,15856,2010-12-09 13:34:00
538056,249.65,118,24,17198,2010-12-09 13:34:00
538057,316.82,210,11,13102,2010-12-09 13:38:00
538063,1914.2400000000002,96,1,18102,2010-12-09 13:44:00
538064,111.75,78,24,15271,2010-12-09 13:47:00
538065,428.6,208,23,13982,2010-12-09 13:57:00
538067,165.65,66,26,15288,2010-12-09 13:59:00
538068,300.91999999999996,499,12,17978,2010-12-09 14:05:00
538069,414.88,239,64,16795,2010-12-09 14:08:00
538070,103.7,24,5,16519,2010-12-09 14:08:00
538073,16.21,16,10,17816,2010-12-09 14:10:00
538076,272.36,141,14,15311,2010-12-09 14:15:00
538077,686.15,394,46,14667,2010-12-09 14:19:00
538078,374.25,173,26,16255,2010-12-09 14:25:00
538079,394.18,190,17,17671,2010-12-09 14:27:00
538080,251.0,110,9,17646,2010-12-09 14:28:00
538086,378.53000000000003,203,38,12872,2010-12-09 14:44:00
538087,60.0,16,4,17339,2010-12-09 14:44:00
538093,739.05,344,33,12682,2010-12-09 14:49:00
538094,186.03,85,11,13117,2010-12-09 14:50:00
538095,174.72,67,40,17097,2010-12-09 14:55:00
538097,315.0,196,15,15192,2010-12-09 14:56:00
538101,230.10000000000002,78,1,15380,2010-12-09 15:01:00
538104,190.35,129,26,17950,2010-12-09 15:16:00
538106,72.82000000000001,57,13,17950,2010-12-09 15:20:00
538107,155.0,80,9,12826,2010-12-09 15:21:00
538108,249.86,222,17,17456,2010-12-09 15:23:00
538113,289.85,95,16,15811,2010-12-09 15:29:00
538116,685.0,240,18,13327,2010-12-09 15:32:00
538117,60.0,36,3,13327,2010-12-09 15:33:00
538120,144.5,150,2,17017,2010-12-09 15:35:00
538125,30.0,16,2,18225,2010-12-09 15:46:00
538126,218.4,78,11,17838,2010-12-09 15:50:00
538145,383.07,117,23,15211,2010-12-09 16:08:00
538146,402.32,168,21,15596,2010-12-09 16:10:00
538147,15.0,1,1,13090,2010-12-09 16:11:00
538151,441.6,92,5,16163,2010-12-09 16:28:00
538155,179.92000000000002,67,33,16907,2010-12-09 16:52:00
538156,620.35,202,37,15555,2010-12-09 16:53:00
538157,119.65,57,12,17576,2010-12-09 16:57:00
538163,257.95,116,45,17841,2010-12-09 17:27:00
538165,185.82,154,3,14031,2010-12-09 17:34:00
538166,113.2,43,16,17965,2010-12-09 18:09:00
538167,298.95,125,25,14713,2010-12-09 18:58:00
538168,310.45,162,29,14702,2010-12-09 19:23:00
538169,93.45,33,13,13230,2010-12-09 19:28:00
538170,317.59000000000003,133,25,13969,2010-12-09 19:32:00
538171,300.64,194,65,17530,2010-12-09 20:01:00
538172,370.80000000000007,212,11,15805,2010-12-10 09:33:00
538174,1947.01,1063,46,12471,2010-12-10 09:35:00
538175,378.0,21,1,12471,2010-12-10 09:48:00
538176,402.0,152,4,17675,2010-12-10 09:48:00
538178,157.9,82,6,17696,2010-12-10 09:51:00
538179,17.700000000000003,6,1,17696,2010-12-10 09:52:00
538180,369.09999999999997,178,10,13418,2010-12-10 09:53:00
538181,151.5,58,7,17076,2010-12-10 10:08:00
538182,114.24000000000001,38,9,17827,2010-12-10 10:18:00
538183,651.83,279,32,16265,2010-12-10 10:21:00
538184,458.92,314,26,17880,2010-12-10 10:21:00
538185,188.98,90,6,16265,2010-12-10 10:22:00
538186,201.75,77,11,13000,2010-12-10 10:26:00
538187,218.10000000000002,68,10,16499,2010-12-10 10:27:00
538190,127.9,56,10,17790,2010-12-10 10:47:00
538191,5375.28,1559,16,15061,2010-12-10 10:49:00
538192,135.0,20,1,15061,2010-12-10 10:50:00
538193,67.5,10,1,15061,2010-12-10 10:51:00
538194,0.95,1,1,17790,2010-12-10 10:52:00
538195,337.5,50,2,15061,2010-12-10 10:52:00
538196,1071.9,418,16,12731,2010-12-10 10:56:00
538197,124.1,55,20,14419,2010-12-10 10:56:00
538198,919.8,659,87,17827,2010-12-10 11:01:00
538199,182.25,110,28,14082,2010-12-10 11:02:00
538200,94.3,56,14,17912,2010-12-10 11:11:00
538201,190.7,73,37,15723,2010-12-10 11:12:00
538202,254.57,139,18,14667,2010-12-10 11:19:00
538203,186.60000000000002,116,8,13767,2010-12-10 11:21:00
538204,428.76,396,4,16656,2010-12-10 11:23:00
538205,327.65999999999997,270,60,12748,2010-12-10 11:24:00
538206,236.92,44,15,17827,2010-12-10 11:31:00
538207,270.22,259,54,12748,2010-12-10 11:33:00
538208,111.8,34,26,14037,2010-12-10 11:39:00
538209,185.06,104,41,12748,2010-12-10 11:42:00
538210,523.86,302,32,14256,2010-12-10 11:44:00
538211,239.70000000000002,60,8,17690,2010-12-10 11:47:00
538216,254.4,40,5,14543,2010-12-10 11:51:00
538240,247.56,124,7,16062,2010-12-10 12:00:00
538248,139.68,73,36,18116,2010-12-10 12:14:00
538250,132.65,59,33,18118,2010-12-10 12:20:00
538252,219.1,60,8,16019,2010-12-10 12:29:00
538255,1156.05,379,51,14911,2010-12-10 12:33:00
538260,300.65000000000003,105,16,18178,2010-12-10 12:42:00
538263,228.12,132,14,18065,2010-12-10 12:44:00
538268,116.89999999999999,52,7,18065,2010-12-10 12:45:00
538279,686.16,472,7,14952,2010-12-10 12:48:00
538280,612.1,418,11,12748,2010-12-10 12:50:00
538283,10.29,7,4,12748,2010-12-10 12:56:00
538288,1.9,2,1,12748,2010-12-10 12:58:00
538296,309.40000000000003,178,18,13148,2010-12-10 13:06:00
538306,202.5,30,1,12989,2010-12-10 13:24:00
538307,207.36,79,38,14667,2010-12-10 13:27:00
538308,363.24,268,16,14107,2010-12-10 13:29:00
538309,114.45000000000002,55,3,15881,2010-12-10 13:32:00
538310,25.799999999999997,20,2,15529,2010-12-10 13:44:00
538311,311.95,131,14,12785,2010-12-10 13:48:00
538312,256.32,167,41,16727,2010-12-10 13:48:00
538313,1076.3200000000002,290,23,15514,2010-12-10 13:50:00
538327,401.92,226,22,15514,2010-12-10 13:58:00
538342,39.949999999999996,47,1,15514,2010-12-10 14:04:00
538343,385.58000000000004,170,16,13448,2010-12-10 14:29:00
538345,106.4,56,7,13787,2010-12-10 14:45:00
538346,756.45,387,36,17865,2010-12-10 14:53:00
538347,317.5,83,31,17220,2010-12-10 14:54:00
538352,173.7,46,3,16565,2010-12-10 15:21:00
538353,3762.66,2420,37,13798,2010-12-10 15:31:00
538354,2157.64,1040,68,16873,2010-12-10 15:45:00
538355,9.9,2,1,17912,2010-12-10 15:49:00
538356,966.62,712,21,14062,2010-12-10 15:56:00
538361,158.0,59,26,17757,2010-12-10 16:36:00
538363,156.65,65,19,18016,2010-12-10 17:14:00
538364,102.35000000000001,44,18,14448,2010-12-10 17:26:00
538365,326.7,100,18,17243,2010-12-12 10:11:00
538366,275.3,44,7,18109,2010-12-12 10:47:00
538367,664.01,635,42,14800,2010-12-12 10:48:00
538368,141.04,70,66,15503,2010-12-12 10:57:00
538369,269.83,108,37,17251,2010-12-12 11:06:00
538370,550.5,218,47,16923,2010-12-12 11:06:00
538371,333.54,193,34,15570,2010-12-12 11:07:00
538374,189.92,112,50,14159,2010-12-12 11:17:00
538378,346.90000000000003,131,34,14577,2010-12-12 11:26:00
538379,201.95,79,50,17126,2010-12-12 11:26:00
538382,214.24,84,37,17218,2010-12-12 11:37:00
538397,3590.59,2409,48,12753,2010-12-12 11:44:00
538403,324.22,196,22,17211,2010-12-12 11:46:00
538409,126.28,67,9,17236,2010-12-12 11:49:00
538417,106.75,51,10,16393,2010-12-12 11:54:00
538418,168.46,127,44,17372,2010-12-12 12:00:00
538419,167.09,87,33,16367,2010-12-12 12:01:00
538420,293.76000000000005,1728,1,12875,2010-12-12 12:03:00
538421,107.16,55,28,17917,2010-12-12 12:08:00
538437,110.1,46,24,16010,2010-12-12 12:18:00
538449,448.74,227,53,17085,2010-12-12 12:24:00
538453,330.92,195,26,16779,2010-12-12 12:26:00
538470,11.6,2,2,15224,2010-12-12 12:34:00
538473,177.66,66,14,13668,2010-12-12 12:35:00
538488,210.13,119,28,13715,2010-12-12 12:41:00
538497,168.36,70,44,14684,2010-12-12 12:44:00
538499,388.65,35,2,17819,2010-12-12 12:46:00
538501,11.9,2,1,13715,2010-12-12 12:51:00
538503,513.64,174,6,17188,2010-12-12 12:56:00
538504,160.65,97,16,16011,2010-12-12 13:01:00
538507,767.37,559,54,15547,2010-12-12 13:26:00
538508,863.39,466,118,15998,2010-12-12 13:32:00
538509,121.05,67,22,14413,2010-12-12 13:37:00
538510,157.92,75,32,18004,2010-12-12 13:47:00
538511,214.74,118,16,13959,2010-12-12 13:56:00
538512,135.39999999999998,59,9,16665,2010-12-12 14:03:00
538513,179.1,86,23,15454,2010-12-12 14:21:00
538514,786.35,303,47,15044,2010-12-12 14:27:00
538515,1393.56,564,13,17937,2010-12-12 14:43:00
538516,204.0,48,1,14608,2010-12-12 14:49:00
538517,278.98,149,41,17618,2010-12-12 16:05:00
538518,1038.6,506,126,14505,2010-12-12 16:14:00
538519,31.3,6,6,18037,2010-12-12 16:20:00
538521,339.40000000000003,56,17,14180,2010-12-13 09:02:00
538522,539.2,552,6,16210,2010-12-13 09:09:00
538523,384.55,270,24,13198,2010-12-13 09:29:00
538525,881.01,300,20,12540,2010-12-13 09:39:00
538526,1206.72,864,4,13225,2010-12-13 09:49:00
538527,418.92,336,7,15361,2010-12-13 09:52:00
538528,103.5,56,6,15689,2010-12-13 09:57:00
538529,777.5600000000001,220,23,14290,2010-12-13 10:24:00
538532,318.85,117,13,13209,2010-12-13 10:31:00
538533,357.61,238,36,14796,2010-12-13 10:31:00
538534,40.8,48,1,15881,2010-12-13 10:36:00
538535,127.0,61,7,17790,2010-12-13 10:39:00
538537,347.71,105,8,12747,2010-12-13 10:41:00
538541,540.95,227,15,17428,2010-12-13 10:46:00
538557,27.8,4,2,17790,2010-12-13 10:52:00
538558,309.71999999999997,562,34,13069,2010-12-13 10:58:00
538565,1.9,2,1,13069,2010-12-13 11:11:00
538567,302.1,265,17,13999,2010-12-13 11:23:00
538576,166.22,70,13,14498,2010-12-13 11:29:00
538591,310.8,296,10,14741,2010-12-13 11:44:00
538592,230.1,92,15,15854,2010-12-13 11:47:00
538593,476.76,366,11,16701,2010-12-13 11:51:00
538594,218.1,490,2,16927,2010-12-13 11:57:00
538596,168.0,72,7,17990,2010-12-13 12:10:00
538597,171.04,196,26,15555,2010-12-13 12:26:00
538625,1101.77,836,53,14544,2010-12-13 12:50:00
538626,767.6,336,55,17338,2010-12-13 12:57:00
538629,223.48,133,30,17799,2010-12-13 13:10:00
538630,1167.41,640,54,14565,2010-12-13 13:25:00
538631,689.04,440,9,13408,2010-12-13 13:27:00
538633,129.57,57,20,16726,2010-12-13 13:28:00
538634,466.49,237,38,14085,2010-12-13 13:28:00
538635,250.04,144,53,17303,2010-12-13 13:32:00
538636,676.54,272,41,14639,2010-12-13 13:50:00
538637,244.19,129,44,17611,2010-12-13 13:52:00
538638,232.01,116,50,17231,2010-12-13 14:16:00
538639,243.0,98,20,17179,2010-12-13 14:24:00
538640,145.0,90,6,17524,2010-12-13 14:32:00
538641,1485.78,772,37,15640,2010-12-13 14:36:00
538644,12.45,2,2,12476,2010-12-13 14:39:00
538645,310.74,230,16,13269,2010-12-13 14:52:00
538646,346.14,208,14,17293,2010-12-13 14:55:00
538648,760.32,240,5,17937,2010-12-13 14:56:00
538651,280.94,78,23,15311,2010-12-13 15:07:00
538652,463.01,330,61,17890,2010-12-13 15:12:00
538653,1247.64,504,18,13089,2010-12-13 15:12:00
538654,91.9,26,5,13089,2010-12-13 15:13:00
538655,109.71000000000001,69,21,17375,2010-12-13 15:16:00
538656,92.14,39,7,17371,2010-12-13 15:20:00
538657,201.4,63,16,15867,2010-12-13 15:26:00
538658,125.2,131,7,17969,2010-12-13 15:34:00
538659,585.53,255,34,14625,2010-12-13 15:36:00
538660,1228.4,419,41,15808,2010-12-13 15:37:00
538661,309.05,119,11,15194,2010-12-13 15:42:00
538662,1822.88,980,46,15159,2010-12-13 15:44:00
538663,38.1,8,2,15159,2010-12-13 15:45:00
538664,1695.1200000000001,844,33,14733,2010-12-13 15:46:00
538665,177.35,73,10,17576,2010-12-13 15:56:00
538667,1.9,2,1,12748,2010-12-13 16:01:00
538668,110.7,46,2,13211,2010-12-13 16:17:00
538669,0.95,1,1,12748,2010-12-13 16:18:00
538671,365.55,113,5,15777,2010-12-13 16:38:00
538679,150.68,52,11,16455,2010-12-13 17:03:00
538683,462.3,312,19,14525,2010-12-13 17:40:00
538685,15.0,1,1,15694,2010-12-14 09:39:00
538687,650.1,210,5,13324,2010-12-14 09:50:00
538688,148.36,100,7,14829,2010-12-14 09:50:00
538689,300.92,146,16,13050,2010-12-14 09:52:00
538697,102.0,40,3,13948,2010-12-14 10:18:00
538706,312.4,392,13,14667,2010-12-14 10:34:00
538707,167.01,76,42,17894,2010-12-14 10:38:00
538708,365.27,191,18,16202,2010-12-14 10:43:00
538709,147.06,61,44,16442,2010-12-14 10:46:00
538710,198.95000000000002,117,12,18075,2010-12-14 10:48:00
538714,275.45,137,26,14524,2010-12-14 11:01:00
538715,325.22,118,18,14907,2010-12-14 11:03:00
538716,17.4,12,1,14907,2010-12-14 11:04:00
538719,60.0,48,1,15602,2010-12-14 11:10:00
538721,11.8,4,1,17526,2010-12-14 11:11:00
538722,307.39,104,20,17975,2010-12-14 11:12:00
538744,195.8,110,54,15356,2010-12-14 11:26:00
538753,134.64999999999998,38,6,14901,2010-12-14 11:29:00
538783,976.7,490,30,14961,2010-12-14 11:38:00
538785,206.0,76,8,14961,2010-12-14 11:39:00
538795,293.85,109,10,13267,2010-12-14 11:42:00
538796,304.5,190,17,17041,2010-12-14 11:43:00
538797,10.5,25,1,17685,2010-12-14 11:44:00
538799,706.25,225,59,15039,2010-12-14 11:48:00
538800,193.9,86,10,16458,2010-12-14 11:51:00
538801,337.98,384,17,16083,2010-12-14 11:51:00
538807,252.62,118,26,17194,2010-12-14 12:06:00
538808,632.52,751,43,14057,2010-12-14 12:11:00
538809,306.52,208,11,15514,2010-12-14 12:17:00
538810,120.95,33,21,14871,2010-12-14 12:18:00
538811,710.0,388,32,13178,2010-12-14 12:22:00
538812,74.25,53,6,18044,2010-12-14 12:25:00
538814,324.72,140,25,15983,2010-12-14 12:30:00
538815,179.87,75,11,18219,2010-12-14 12:30:00
538816,479.35,81,15,16812,2010-12-14 12:35:00
538817,301.2,360,4,16191,2010-12-14 12:38:00
538826,1587.07,916,82,12370,2010-12-14 12:58:00
538827,2594.7599999999998,2552,89,14298,2010-12-14 12:59:00
538828,231.84,300,4,14298,2010-12-14 13:00:00
538829,326.4,384,1,16191,2010-12-14 13:00:00
538830,146.46,78,5,14298,2010-12-14 13:01:00
538831,337.59999999999997,224,4,18144,2010-12-14 13:02:00
538832,413.79,251,25,17158,2010-12-14 13:03:00
538836,234.85999999999999,111,21,12748,2010-12-14 13:09:00
538839,292.89,107,42,14606,2010-12-14 13:10:00
538841,170.55,75,16,16899,2010-12-14 13:11:00
538843,152.1,45,17,16033,2010-12-14 13:18:00
538844,1194.52,470,17,14680,2010-12-14 13:19:00
538845,92.82,74,6,16531,2010-12-14 13:19:00
538846,11.0,4,2,14606,2010-12-14 13:22:00
538848,1188.0,240,1,17404,2010-12-14 13:28:00
538849,852.68,458,80,14415,2010-12-14 13:31:00
538850,147.35,59,9,16499,2010-12-14 13:31:00
538851,310.85,187,16,16556,2010-12-14 13:32:00
538852,198.07,107,29,17372,2010-12-14 13:33:00
538853,214.77,270,55,16805,2010-12-14 13:35:00
538854,357.1,152,12,13102,2010-12-14 13:44:00
538855,488.09,219,30,16503,2010-12-14 13:50:00
538856,293.4,220,5,14057,2010-12-14 13:51:00
538857,150.75,62,10,15311,2010-12-14 13:58:00
538858,951.24,640,11,16553,2010-12-14 13:58:00
538859,658.2,428,6,16553,2010-12-14 13:59:00
538860,115.35,52,12,17757,2010-12-14 14:02:00
538862,149.5,52,17,16710,2010-12-14 14:11:00
538863,341.65999999999997,138,43,16919,2010-12-14 14:15:00
538864,360.06,90,5,17739,2010-12-14 14:26:00
538865,91.15,33,5,13238,2010-12-14 14:37:00
538866,647.99,318,66,17841,2010-12-14 14:40:00
538868,824.02,814,27,17017,2010-12-14 14:42:00
538869,61.05,43,3,15107,2010-12-14 14:50:00
538870,85.75,125,5,12829,2010-12-14 14:54:00
538871,476.70000000000005,186,6,14051,2010-12-14 15:02:00
538872,304.90000000000003,90,11,13097,2010-12-14 15:13:00
538875,307.8,106,9,13756,2010-12-14 15:18:00
538878,267.0,104,8,13767,2010-12-14 15:43:00
538879,338.98,402,19,15392,2010-12-14 15:50:00
538886,411.4,234,28,13846,2010-12-14 16:07:00
538888,125.56,114,14,17912,2010-12-14 16:23:00
538890,362.79,377,53,12867,2010-12-14 16:39:00
538892,17.4,12,1,16422,2010-12-14 16:53:00
538894,202.45,87,25,16161,2010-12-14 17:22:00
538895,247.38,370,15,14401,2010-12-15 09:07:00
538896,302.78,270,17,16145,2010-12-15 09:09:00
538899,123.1,58,5,16817,2010-12-15 09:49:00
538900,366.77,135,19,13078,2010-12-15 09:51:00
538901,238.65,115,11,17629,2010-12-15 09:58:00
538902,306.18,262,12,14150,2010-12-15 10:04:00
538903,501.01,229,26,13496,2010-12-15 10:17:00
538905,303.15000000000003,183,15,13611,2010-12-15 10:31:00
538907,202.79999999999998,24,5,15373,2010-12-15 10:40:00
538908,346.79999999999995,194,12,16954,2010-12-15 10:41:00
538909,97.5,18,5,13491,2010-12-15 10:48:00
538910,165.85,59,9,17454,2010-12-15 10:54:00
538917,684.26,264,73,17449,2010-12-15 10:57:00
538935,186.64000000000001,71,12,18168,2010-12-15 11:08:00
538942,101.23,49,12,17346,2010-12-15 11:14:00
538943,253.2,168,4,14060,2010-12-15 11:15:00
538944,201.20000000000002,82,10,13295,2010-12-15 11:21:00
538945,1761.26,894,22,17230,2010-12-15 11:22:00
538951,201.84,60,42,16782,2010-12-15 11:26:00
538967,354.48,168,8,13495,2010-12-15 11:32:00
538968,303.57,248,20,15384,2010-12-15 11:34:00
538991,3240.4,3944,45,17511,2010-12-15 11:53:00
538992,428.82000000000005,135,28,15950,2010-12-15 11:56:00
538993,101.2,56,6,15512,2010-12-15 12:01:00
538994,422.70000000000005,82,9,17525,2010-12-15 12:05:00
538995,1185.8600000000001,506,30,13458,2010-12-15 12:05:00
538996,332.1,38,5,15465,2010-12-15 12:06:00
538998,2605.88,1101,15,15061,2010-12-15 12:08:00
538999,1181.0,184,20,16003,2010-12-15 12:09:00
539000,185.45,31,7,13092,2010-12-15 12:27:00
539001,102.0,24,1,16353,2010-12-15 12:29:00
539002,269.31,51,29,14527,2010-12-15 12:30:00
539004,336.98,142,9,13426,2010-12-15 12:43:00
539005,20.4,24,1,16638,2010-12-15 12:47:00
539006,102.28,34,4,15101,2010-12-15 12:54:00
539007,105.88,34,17,17894,2010-12-15 13:00:00
539008,307.8,124,8,17033,2010-12-15 13:21:00
539009,498.16,153,35,13221,2010-12-15 13:24:00
539010,247.91,148,45,15005,2010-12-15 13:24:00
539011,67.24000000000001,132,4,14201,2010-12-15 13:25:00
539012,1305.6,1536,8,17858,2010-12-15 13:26:00
539014,343.26,384,25,17692,2010-12-15 13:37:00
539015,440.2,160,16,15822,2010-12-15 13:38:00
539016,571.48,198,15,13418,2010-12-15 13:49:00
539017,15.8,4,1,13418,2010-12-15 13:50:00
539018,283.53000000000003,158,16,16134,2010-12-15 14:00:00
539019,290.34,142,39,17551,2010-12-15 14:12:00
539030,755.3000000000001,390,18,13089,2010-12-15 14:25:00
539032,74.4,40,5,18050,2010-12-15 14:25:00
539033,228.6,36,1,16365,2010-12-15 14:26:00
539034,209.65,83,21,16161,2010-12-15 14:29:00
539036,300.87,423,17,14913,2010-12-15 14:35:00
539038,308.37,357,20,15641,2010-12-15 14:45:00
539039,1256.32,930,61,13124,2010-12-15 15:00:00
539040,171.05,43,14,17214,2010-12-15 15:14:00
539041,231.22,410,25,15456,2010-12-15 15:34:00
539042,209.08,164,11,15062,2010-12-15 15:37:00
539043,392.34000000000003,250,17,12928,2010-12-15 15:45:00
539044,1516.95,535,65,15727,2010-12-15 15:47:00
539046,295.2,235,15,17980,2010-12-15 15:50:00
539047,219.6,168,8,15290,2010-12-15 16:03:00
539048,80.64,192,1,17752,2010-12-15 16:19:00
539049,1048.64,364,23,15615,2010-12-15 16:21:00
539050,195.89,134,67,12577,2010-12-15 16:21:00
539051,14.850000000000001,3,1,15615,2010-12-15 16:24:00
539052,17.700000000000003,6,1,15615,2010-12-15 16:26:00
539053,196.85,68,44,16725,2010-12-15 16:32:00
539056,1.45,1,1,16725,2010-12-15 16:38:00
539064,58.7,8,6,17912,2010-12-15 16:50:00
539075,226.57000000000002,102,36,17189,2010-12-15 17:28:00
539076,391.0,96,5,16525,2010-12-16 08:03:00
539077,314.54999999999995,177,3,13089,2010-12-16 08:05:00
539078,379.68,330,9,13408,2010-12-16 08:10:00
539079,271.05,79,10,17496,2010-12-16 08:39:00
539080,404.82,113,7,16607,2010-12-16 08:41:00
539082,205.8,78,12,13317,2010-12-16 09:22:00
539083,32.25,15,2,13317,2010-12-16 09:23:00
539084,190.35,93,11,13890,2010-12-16 09:31:00
539085,164.64,120,3,12748,2010-12-16 09:35:00
539086,397.96,260,12,17001,2010-12-16 09:35:00
539087,1168.2,566,12,13093,2010-12-16 09:44:00
539088,1827.91,737,24,13093,2010-12-16 09:45:00
539089,186.0,86,12,15246,2010-12-16 09:46:00
539091,163.8,50,5,13756,2010-12-16 09:52:00
539092,351.84000000000003,172,5,15482,2010-12-16 10:08:00
539093,196.60000000000002,68,2,15482,2010-12-16 10:10:00
539094,157.35000000000002,57,7,13021,2010-12-16 10:12:00
539095,300.46,160,15,16037,2010-12-16 10:18:00
539096,313.2,216,1,13089,2010-12-16 10:19:00
539098,395.16,274,19,14841,2010-12-16 10:28:00
539099,403.61,256,29,16670,2010-12-16 10:30:00
539101,6930.0,4800,11,16029,2010-12-16 10:35:00
539102,1431.6,984,4,16029,2010-12-16 10:37:00
539103,933.3199999999999,367,18,16985,2010-12-16 10:38:00
539105,212.33,69,8,14825,2010-12-16 10:43:00
539106,920.52,632,12,16705,2010-12-16 10:51:00
539107,211.2,96,3,16705,2010-12-16 10:52:00
539108,204.0,48,1,16013,2010-12-16 11:03:00
539109,1491.0,800,2,16013,2010-12-16 11:07:00
539111,217.2,146,8,14414,2010-12-16 11:11:00
539112,328.77,119,19,13468,2010-12-16 11:15:00
539113,4.949999999999999,3,1,12494,2010-12-16 11:24:00
539118,270.19,315,22,15563,2010-12-16 11:27:00
539142,164.6,107,8,14849,2010-12-16 11:35:00
539143,46.45,11,3,14849,2010-12-16 11:35:00
539144,889.32,100,3,12980,2010-12-16 11:36:00
539160,311.64,236,11,16746,2010-12-16 11:43:00
539181,131.96,72,30,12748,2010-12-16 11:51:00
539185,216.34,99,39,16470,2010-12-16 11:53:00
539196,750.64,252,35,18055,2010-12-16 12:09:00
539201,322.01,135,13,14878,2010-12-16 12:11:00
539211,430.28000000000003,338,30,16743,2010-12-16 12:15:00
539212,298.25,91,16,17146,2010-12-16 12:20:00
539213,150.06,170,14,12877,2010-12-16 12:23:00
539214,141.3,78,13,17062,2010-12-16 12:31:00
539215,210.75,126,37,15574,2010-12-16 12:42:00
539216,16.15,3,2,12748,2010-12-16 12:42:00
539217,587.66,242,24,15394,2010-12-16 12:46:00
539218,3.75,1,1,15574,2010-12-16 12:48:00
539219,114.0,102,4,17951,2010-12-16 12:55:00
539222,305.7,130,16,14621,2010-12-16 13:00:00
539225,1491.46,768,61,15379,2010-12-16 13:02:00
539226,147.75,103,6,14309,2010-12-16 13:05:00
539240,843.78,902,44,15194,2010-12-16 13:15:00
539243,172.2,46,28,18116,2010-12-16 13:21:00
539246,104.48,37,19,14606,2010-12-16 13:33:00
539247,228.5,126,16,15311,2010-12-16 13:33:00
539248,133.56,156,7,17288,2010-12-16 13:33:00
539249,314.1,108,15,14709,2010-12-16 13:43:00
539250,1085.46,1078,54,15157,2010-12-16 13:44:00
539252,377.52,544,19,17744,2010-12-16 14:17:00
539254,243.11999999999998,216,7,13199,2010-12-16 14:25:00
539255,308.21999999999997,230,20,16316,2010-12-16 14:26:00
539256,468.07,269,28,15601,2010-12-16 14:27:00
539257,1722.9,532,6,16210,2010-12-16 14:29:00
539259,301.44,236,19,13050,2010-12-16 14:32:00
539261,424.49,395,31,15620,2010-12-16 14:34:00
539262,351.3,438,25,15789,2010-12-16 14:35:00
539263,332.18,169,20,16560,2010-12-16 14:36:00
539264,310.48,150,12,15224,2010-12-16 15:02:00
539266,131.3,38,7,17068,2010-12-16 15:07:00
539267,253.5,130,9,13534,2010-12-16 15:23:00
539268,29.700000000000003,6,2,13534,2010-12-16 15:24:00
539269,46.85,11,3,17580,2010-12-16 15:27:00
539272,97.24000000000001,32,4,15759,2010-12-16 15:29:00
539275,403.79999999999995,156,6,13408,2010-12-16 15:34:00
539280,76.55,17,4,14373,2010-12-16 15:40:00
539281,476.35,283,30,18176,2010-12-16 15:45:00
539282,131.4,64,6,16770,2010-12-16 15:45:00
539283,250.65,95,13,14092,2010-12-16 15:47:00
539285,105.54,61,8,15366,2010-12-16 15:59:00
539286,252.2,68,5,14735,2010-12-16 16:05:00
539288,5.5,10,1,17857,2010-12-16 16:28:00
539290,133.22,128,16,16271,2010-12-16 16:36:00
539292,304.9,54,9,16539,2010-12-16 16:42:00
539293,501.69,195,21,18223,2010-12-16 16:42:00
539294,353.8,91,48,15532,2010-12-16 16:45:00
539295,348.8,168,10,13767,2010-12-16 16:54:00
539296,75.78,48,5,16816,2010-12-16 17:01:00
539297,147.9,76,10,17691,2010-12-16 17:20:00
539298,136.25,29,9,14180,2010-12-16 17:29:00
539299,218.85,31,11,14180,2010-12-16 17:30:00
539303,436.86,202,8,16684,2010-12-16 17:34:00
539304,302.40000000000003,144,1,16684,2010-12-16 17:36:00
539305,320.15,225,20,14334,2010-12-16 17:37:00
539306,112.15,21,5,17659,2010-12-16 17:38:00
539307,2054.92,2856,40,13694,2010-12-16 17:43:00
539308,250.46,160,13,17412,2010-12-16 17:48:00
539309,279.85,157,19,16945,2010-12-16 17:49:00
539310,15.0,4,1,14344,2010-12-16 17:51:00
539311,357.94,386,15,14643,2010-12-16 17:53:00
539312,556.5,78,3,15197,2010-12-16 18:01:00
539313,312.98,134,11,14220,2010-12-16 18:18:00
539314,540.45,180,18,13874,2010-12-16 18:20:00
539315,230.70000000000002,58,11,18260,2010-12-16 18:23:00
539316,97.3,22,5,17848,2010-12-16 18:38:00
539317,271.77,178,41,17392,2010-12-16 19:04:00
539318,892.8,1254,13,12348,2010-12-16 19:09:00
539319,292.5,78,4,12967,2010-12-16 19:10:00
539320,707.0600000000001,358,18,14911,2010-12-16 19:16:00
539321,208.46,85,40,14723,2010-12-16 19:19:00
539322,126.9,77,19,14713,2010-12-16 19:22:00
539324,119.77,85,45,14985,2010-12-16 19:51:00
539325,357.01,255,23,13004,2010-12-17 08:20:00
539326,408.16999999999996,69,14,14560,2010-12-17 09:22:00
539327,198.3,43,5,12600,2010-12-17 09:24:00
539328,300.04,212,8,13854,2010-12-17 09:37:00
539330,277.2,51,8,12370,2010-12-17 09:38:00
539331,216.0,300,1,16013,2010-12-17 09:39:00
539332,144.0,200,1,12931,2010-12-17 09:45:00
539333,311.19,197,20,13627,2010-12-17 09:52:00
539334,25.95,10,10,12748,2010-12-17 10:12:00
539335,320.1,46,4,15291,2010-12-17 10:32:00
539336,115.9,58,4,17790,2010-12-17 10:34:00
539338,2646.2999999999997,3714,25,17404,2010-12-17 10:54:00
539351,168.0,100,10,12551,2010-12-17 11:23:00
539353,463.5,193,22,12782,2010-12-17 11:30:00
539374,347.01,189,22,14769,2010-12-17 11:40:00
539379,177.15,65,12,15780,2010-12-17 11:43:00
539391,291.34,60,11,12417,2010-12-17 11:51:00
539395,1484.25,444,27,12471,2010-12-17 11:52:00
539398,29.700000000000003,6,1,12471,2010-12-17 11:53:00
539400,53.400000000000006,24,3,12971,2010-12-17 12:00:00
539401,792.99,133,7,12709,2010-12-17 12:02:00
539403,224.8,83,11,12647,2010-12-17 12:21:00
539404,108.92,60,27,17315,2010-12-17 12:24:00
539405,919.04,328,18,12621,2010-12-17 12:38:00
539406,214.20000000000002,36,1,16711,2010-12-17 12:43:00
539407,170.28,333,6,12726,2010-12-17 12:56:00
539408,183.74,224,15,12720,2010-12-17 12:56:00
539410,102.0,24,1,16353,2010-12-17 13:17:00
539411,258.7,114,11,14243,2010-12-17 13:29:00
539414,212.61,100,40,16931,2010-12-17 13:45:00
539415,316.58,258,9,15204,2010-12-17 13:49:00
539416,29.43,52,3,17888,2010-12-17 13:56:00
539417,72.0,32,4,17007,2010-12-17 13:57:00
539418,135.12,72,8,17007,2010-12-17 13:58:00
539419,348.2,136,9,12431,2010-12-17 14:10:00
539420,158.16,84,4,15160,2010-12-17 14:15:00
539421,753.74,374,39,14016,2010-12-17 14:21:00
539422,190.55,83,11,13033,2010-12-17 14:23:00
539423,148.95,33,7,15811,2010-12-17 14:24:00
539435,180.0,65,5,12691,2010-12-17 14:46:00
539439,323.62,156,21,13869,2010-12-17 15:14:00
539440,250.0,2,1,16607,2010-12-17 15:15:00
539442,311.15000000000003,127,15,16558,2010-12-17 15:39:00
539443,668.88,304,6,14031,2010-12-17 15:52:00
539444,1241.43,551,35,14146,2010-12-17 15:52:00
539445,323.38,54,6,17865,2010-12-17 15:57:00
539446,858.0,397,30,12705,2010-12-17 15:58:00
539447,333.82,225,19,12395,2010-12-17 16:00:00
539450,196.75,78,27,15570,2010-12-17 16:53:00
539452,741.22,266,9,15856,2010-12-17 17:06:00
539454,196.78,66,9,17377,2010-12-17 17:12:00
539455,121.02,87,27,12748,2010-12-17 17:17:00
539456,177.95,35,27,16885,2010-12-17 17:23:00
539459,334.84000000000003,167,14,12839,2010-12-17 17:33:00
539460,33.0,20,1,12931,2010-12-17 18:07:00
539461,244.55,89,13,17243,2010-12-19 10:21:00
539462,315.56,213,15,14032,2010-12-19 11:19:00
539463,191.46,135,17,18077,2010-12-19 11:19:00
539464,218.05,100,31,17913,2010-12-19 11:35:00
539465,2062.44,876,12,16684,2010-12-19 11:38:00
539466,469.87,337,24,12668,2010-12-19 12:46:00
539468,663.8000000000001,176,26,15044,2010-12-19 13:31:00
539469,283.52,152,34,17841,2010-12-19 13:59:00
539470,246.38,96,29,14472,2010-12-19 14:03:00
539471,241.66000000000003,145,40,17358,2010-12-19 14:16:00
539472,29.52,18,14,15581,2010-12-19 14:23:00
539473,411.1,155,18,14911,2010-12-19 14:24:00
539474,12.8,8,7,15581,2010-12-19 14:27:00
539475,351.13,313,79,16686,2010-12-19 14:41:00
539477,365.73,297,27,18245,2010-12-19 14:58:00
539478,193.64,56,17,17343,2010-12-19 15:07:00
539483,99.5,24,9,17218,2010-12-19 15:31:00
539484,892.24,484,55,15640,2010-12-19 15:44:00
539487,215.01,75,10,16153,2010-12-20 09:22:00
539488,1001.52,604,43,12377,2010-12-20 09:37:00
539489,311.7,126,2,16684,2010-12-20 09:41:00
539490,306.15000000000003,129,15,17069,2010-12-20 10:00:00
539491,70.96000000000001,46,16,14646,2010-12-20 10:09:00
539496,269.5,185,16,13050,2010-12-20 10:38:00
539497,286.95,145,14,12944,2010-12-20 10:41:00
539498,290.51,189,19,15279,2010-12-20 10:48:00
539501,287.45,136,30,17085,2010-12-20 11:08:00
539502,383.52,411,40,14099,2010-12-20 11:14:00
539551,286.6,129,15,12721,2010-12-20 11:38:00
539561,339.72,336,8,16422,2010-12-20 11:41:00
539564,756.12,196,6,18092,2010-12-20 11:45:00
539567,101.76,96,1,13104,2010-12-20 11:58:00
539570,327.6,144,14,15078,2010-12-20 12:05:00
539571,15.9,2,1,15078,2010-12-20 12:06:00
539572,433.5,102,2,14113,2010-12-20 12:14:00
539578,1440.0,3600,6,13027,2010-12-20 12:45:00
539579,344.11,111,43,16713,2010-12-20 12:51:00
539580,289.74,177,16,15312,2010-12-20 12:51:00
539581,455.6,82,11,16143,2010-12-20 12:51:00
539586,962.24,1362,27,14298,2010-12-20 13:08:00
539587,754.16,684,20,14298,2010-12-20 13:10:00
539588,138.85,24,19,14527,2010-12-20 13:11:00
539590,832.0799999999999,360,17,14733,2010-12-20 13:21:00
539591,237.60000000000002,48,1,14062,2010-12-20 13:24:00
539592,14.850000000000001,3,1,13319,2010-12-20 13:27:00
539593,776.95,325,32,13319,2010-12-20 13:31:00
539594,239.4,92,4,17621,2010-12-20 13:31:00
539597,61.199999999999996,24,2,17090,2010-12-20 13:52:00
539604,102.0,24,1,16353,2010-12-20 14:06:00
539607,1084.59,604,47,12681,2010-12-20 14:10:00
539609,221.4,62,17,15527,2010-12-20 14:15:00
539610,109.88,33,26,14606,2010-12-20 14:33:00
539628,182.52,256,7,18097,2010-12-20 14:49:00
539629,239.9,82,6,14062,2010-12-20 14:51:00
539630,751.0,244,12,17230,2010-12-20 14:59:00
539633,73.80000000000001,36,3,17230,2010-12-20 15:09:00
539634,144.5,150,2,17230,2010-12-20 15:12:00
539635,728.0400000000001,192,12,14051,2010-12-20 15:14:00
539636,631.96,234,12,12481,2010-12-20 15:15:00
539637,112.68,50,19,14083,2010-12-20 15:22:00
539639,37.67,15,10,14083,2010-12-20 15:26:00
539641,134.14,45,8,15311,2010-12-20 15:30:00
539642,242.92000000000002,142,43,15867,2010-12-20 15:35:00
539645,0.95,1,1,17230,2010-12-20 16:03:00
539646,28.5,30,1,17230,2010-12-20 16:04:00
539647,214.26,107,53,15460,2010-12-20 16:08:00
539653,637.98,380,38,13564,2010-12-20 16:50:00
539654,1689.12,789,50,17340,2010-12-20 17:05:00
539658,302.95,125,16,17213,2010-12-21 09:34:00
539659,820.4,448,38,15034,2010-12-21 09:47:00
539660,9.2,8,4,15581,2010-12-21 09:48:00
539662,117.60000000000001,24,4,14135,2010-12-21 10:18:00
539663,396.84999999999997,79,42,17961,2010-12-21 10:26:00
539664,25.200000000000003,12,1,14135,2010-12-21 10:30:00
539666,479.4,236,4,16029,2010-12-21 10:41:00
539675,114.60000000000001,28,2,12971,2010-12-21 10:51:00
539676,237.93,188,16,12423,2010-12-21 10:54:00
539688,150.0,1,1,12678,2010-12-21 11:00:00
539716,148.0,52,5,17990,2010-12-21 12:57:00
539717,65.4,20,3,15208,2010-12-21 13:03:00
539720,97.84,40,3,16996,2010-12-21 13:22:00
539721,324.0,1296,1,17306,2010-12-21 13:34:00
539722,762.3000000000001,344,28,14911,2010-12-21 13:45:00
539723,434.0,150,8,14737,2010-12-21 13:49:00
539724,382.5,30,1,13029,2010-12-21 13:53:00
539725,182.19,101,20,17211,2010-12-21 13:58:00
539727,71.28,25,4,12678,2010-12-21 14:26:00
539728,1141.24,688,54,16270,2010-12-21 14:26:00
539730,193.15,85,11,13487,2010-12-21 14:54:00
539731,8520.92,6668,54,14646,2010-12-21 15:05:00
539732,29.700000000000003,6,1,16996,2010-12-21 15:09:00
539752,383.7,131,16,12515,2010-12-21 15:43:00
539754,69.29,20,16,12748,2010-12-21 16:06:00
539755,45.35,7,6,17961,2010-12-21 16:08:00
539760,424.17,250,37,17400,2010-12-21 17:16:00
539761,662.9,374,26,17593,2010-12-22 10:29:00
539762,500.0,400,1,13953,2010-12-22 10:29:00
539764,433.5,540,10,14533,2010-12-22 11:07:00
539766,351.08,150,28,14092,2010-12-22 11:11:00
539826,615.6,167,31,15044,2010-12-22 12:39:00
539828,23.8,4,1,15044,2010-12-22 12:44:00
539829,110.39999999999999,88,4,12734,2010-12-22 12:47:00
539831,108.63,36,16,14606,2010-12-22 13:17:00
539835,318.75,193,19,16477,2010-12-22 13:39:00
539836,135.34,72,21,17894,2010-12-22 13:46:00
539837,222.6,28,14,14532,2010-12-22 13:48:00
539840,600.72,754,37,12383,2010-12-22 14:28:00
539858,610.8,168,3,18092,2010-12-22 16:19:00
539859,192.4,100,5,17905,2010-12-22 16:23:00
539864,134.55,39,1,15562,2010-12-23 09:55:00
539865,344.88,120,3,15587,2010-12-23 09:59:00
539867,172.25,93,7,13922,2010-12-23 10:38:00
539920,390.95,153,32,14085,2010-12-23 11:06:00
539921,20.3,5,5,12748,2010-12-23 11:09:00
539933,529.59,333,34,15235,2010-12-23 11:24:00
539946,128.7,63,9,13817,2010-12-23 11:46:00
539953,12.35,5,4,12748,2010-12-23 12:03:00
539954,121.62,66,3,13777,2010-12-23 12:04:00
539957,1262.85,872,65,12585,2010-12-23 12:58:00
539978,354.64,496,13,13165,2010-12-23 14:06:00
539981,300.42,238,21,13304,2010-12-23 14:35:00
539982,256.61,65,20,15311,2010-12-23 14:40:00
539984,289.85,108,15,14911,2010-12-23 14:58:00
539985,968.77,387,14,15856,2010-12-23 15:16:00
539987,6.95,1,1,12748,2010-12-23 15:32:00
539988,349.49,176,88,18116,2010-12-23 16:06:00
539993,307.3,171,17,13313,2011-01-04 10:00:00
540001,474.66,270,9,18097,2011-01-04 10:22:00
540002,310.28,188,4,16656,2011-01-04 10:23:00
540003,368.8,140,22,16875,2011-01-04 10:37:00
540004,76.32000000000001,72,1,13094,2011-01-04 10:37:00
540005,189.60999999999999,137,14,17315,2011-01-04 10:38:00
540013,299.6,183,34,16255,2011-01-04 11:30:00
540014,338.83,154,57,14606,2011-01-04 11:34:00
540015,510.89,286,28,13319,2011-01-04 11:40:00
540016,168.3,114,11,16282,2011-01-04 11:42:00
540017,215.41,265,13,13963,2011-01-04 11:48:00
540019,413.68,352,29,12957,2011-01-04 12:18:00
540020,109.3,34,3,14462,2011-01-04 12:45:00
540021,514.02,229,70,17841,2011-01-04 12:51:00
540022,388.72,270,10,17188,2011-01-04 12:57:00
540023,791.61,327,45,15039,2011-01-04 12:58:00
540024,23.8,4,1,15039,2011-01-04 13:03:00
540025,323.04,504,11,17428,2011-01-04 13:22:00
540027,363.66,238,22,14210,2011-01-04 13:30:00
540028,284.6,36,13,14180,2011-01-04 13:38:00
540029,90.0,24,1,16029,2011-01-04 13:47:00
540031,431.88000000000005,135,30,17975,2011-01-04 13:50:00
540032,299.92,88,8,13397,2011-01-04 13:50:00
540033,871.48,526,49,13680,2011-01-04 14:12:00
540040,547.56,293,13,12483,2011-01-04 14:20:00
540043,168.44,48,15,15164,2011-01-04 14:21:00
540059,385.8,264,4,17457,2011-01-04 14:33:00
540060,203.1,58,10,14732,2011-01-04 14:40:00
540073,644.13,199,22,16814,2011-01-04 14:47:00
540093,106.35000000000001,25,14,16725,2011-01-04 15:24:00
540094,312.95,169,18,14221,2011-01-04 15:33:00
540095,201.94,131,23,14553,2011-01-04 15:40:00
540096,476.48,624,16,13253,2011-01-04 15:43:00
540098,158.73,70,56,16241,2011-01-04 15:50:00
540099,733.92,322,41,15808,2011-01-04 16:41:00
540113,323.87,265,18,13126,2011-01-05 09:11:00
540114,243.4,320,9,15498,2011-01-05 09:44:00
540115,112.65,75,8,15235,2011-01-05 09:51:00
540120,969.36,408,22,17675,2011-01-05 10:08:00
540121,366.06,238,17,16145,2011-01-05 10:35:00
540122,1179.6,1720,23,13694,2011-01-05 10:39:00
540126,1209.1,886,8,13798,2011-01-05 10:45:00
540130,393.9,138,2,13798,2011-01-05 10:46:00
540146,261.5,138,24,15002,2011-01-05 10:51:00
540148,364.8,510,22,14189,2011-01-05 10:58:00
540149,481.7,344,24,12921,2011-01-05 11:00:00
540153,331.6,132,7,15841,2011-01-05 11:25:00
540157,1145.33,591,51,15311,2011-01-05 11:41:00
540159,72.0,192,2,16112,2011-01-05 11:47:00
540160,2574.48,1032,3,15769,2011-01-05 11:50:00
540161,152.45,148,16,16719,2011-01-05 11:52:00
540162,95.65,33,6,13089,2011-01-05 11:52:00
540163,958.93,1068,54,13089,2011-01-05 11:52:00
540166,660.0,400,3,13629,2011-01-05 12:09:00
540167,125.86,182,9,16600,2011-01-05 12:13:00
540168,445.22,239,51,13715,2011-01-05 12:15:00
540169,229.75,33,24,14527,2011-01-05 12:20:00
540170,170.4,56,5,13767,2011-01-05 12:21:00
540172,138.98000000000002,54,17,18109,2011-01-05 12:29:00
540173,116.0,80,1,15661,2011-01-05 12:32:00
540174,102.0,24,1,16353,2011-01-05 12:35:00
540175,1910.4,480,1,16532,2011-01-05 12:37:00
540176,3862.14,1914,34,17511,2011-01-05 12:40:00
540178,556.07,362,34,12681,2011-01-05 12:42:00
540179,481.14,137,54,16033,2011-01-05 12:54:00
540180,107.89,56,11,15984,2011-01-05 13:05:00
540181,199.44,216,2,13199,2011-01-05 13:09:00
540182,229.56,224,6,14739,2011-01-05 13:29:00
540183,1220.4,628,21,15093,2011-01-05 13:37:00
540184,119.3,18,6,15266,2011-01-05 13:40:00
540185,344.81,305,29,14653,2011-01-05 13:40:00
540187,653.86,717,41,15358,2011-01-05 13:53:00
540188,296.66,303,34,16771,2011-01-05 13:57:00
540239,835.11,373,40,12682,2011-01-05 14:48:00
540240,417.81,571,28,17585,2011-01-05 15:09:00
540242,511.95,275,29,15046,2011-01-05 15:30:00
540245,379.44,1032,7,13082,2011-01-05 15:42:00
540247,1044.65,348,155,15464,2011-01-05 15:56:00
540248,583.45,184,43,15034,2011-01-05 15:57:00
540249,305.74,400,15,15298,2011-01-05 16:00:00
540251,12.75,1,1,12748,2011-01-05 16:06:00
540253,1263.72,444,8,13225,2011-01-05 16:28:00
540257,238.55,75,13,12748,2011-01-05 17:33:00
540258,682.8,212,3,14045,2011-01-06 08:52:00
540259,417.3,366,21,18226,2011-01-06 09:00:00
540260,771.29,344,41,13097,2011-01-06 09:40:00
540261,730.88,536,13,13089,2011-01-06 09:57:00
540262,242.54999999999998,147,1,14045,2011-01-06 10:01:00
540263,169.8,184,5,18062,2011-01-06 10:03:00
540264,432.0,600,1,17949,2011-01-06 10:20:00
540265,253.1,86,16,15271,2011-01-06 10:46:00
540267,7011.38,4662,46,12415,2011-01-06 11:12:00
540268,1489.18,944,53,13458,2011-01-06 11:25:00
540269,186.0,40,8,14135,2011-01-06 11:39:00
540273,563.15,711,17,17368,2011-01-06 11:57:00
540274,211.8,92,5,14618,2011-01-06 11:59:00
540275,1520.1100000000001,669,21,13680,2011-01-06 12:11:00
540276,1520.11,669,21,14680,2011-01-06 12:16:00
540277,3120.2200000000003,1798,31,14258,2011-01-06 12:18:00
540278,433.04,224,104,15719,2011-01-06 12:31:00
540279,35.400000000000006,12,1,13368,2011-01-06 12:32:00
540280,143.0,140,2,12386,2011-01-06 12:37:00
540288,785.65,165,74,17634,2011-01-06 12:45:00
540316,464.82,204,29,16676,2011-01-06 13:00:00
540345,621.9,130,9,14299,2011-01-06 13:19:00
540348,224.11,93,28,12841,2011-01-06 13:56:00
540349,660.15,569,42,15379,2011-01-06 14:07:00
540350,108.45,61,57,18283,2011-01-06 14:14:00
540351,319.77,263,22,12735,2011-01-06 14:26:00
540353,499.89,282,69,13764,2011-01-06 14:53:00
540354,623.6800000000001,288,16,13576,2011-01-06 14:58:00
540357,1374.46,1171,42,13093,2011-01-06 15:14:00
540358,369.14,262,9,13599,2011-01-06 15:25:00
540359,377.7,366,25,18041,2011-01-06 15:29:00
540361,304.2,274,6,13408,2011-01-06 15:41:00
540362,162.70000000000002,113,31,13656,2011-01-06 15:42:00
540363,185.1,618,3,12971,2011-01-06 15:54:00
540364,317.06,95,45,14505,2011-01-06 16:03:00
540365,479.25,180,24,12413,2011-01-06 16:12:00
540370,76.32000000000001,72,1,13094,2011-01-06 16:25:00
540371,309.55,71,15,14312,2011-01-06 16:35:00
540372,3527.64,2602,169,13081,2011-01-06 16:41:00
540373,290.95,105,32,13280,2011-01-06 17:10:00
540374,303.36,208,13,15845,2011-01-06 17:19:00
540383,406.77000000000004,203,6,16422,2011-01-06 17:47:00
540387,175.15,149,13,16306,2011-01-06 17:58:00
540395,237.65,55,20,14702,2011-01-06 18:24:00
540396,969.24,404,10,14031,2011-01-06 18:33:00
540397,236.02,95,37,13187,2011-01-06 18:57:00
540399,9.3,2,1,14047,2011-01-07 09:23:00
540401,797.5999999999999,112,2,16013,2011-01-07 09:31:00
540402,557.5600000000001,476,26,16567,2011-01-07 09:31:00
540404,301.66,235,16,12947,2011-01-07 09:40:00
540405,582.0,968,5,14828,2011-01-07 09:50:00
540406,495.0,300,3,13798,2011-01-07 09:53:00
540407,427.47,329,11,16839,2011-01-07 09:55:00
540408,637.5,250,1,16013,2011-01-07 09:55:00
540409,504.25,190,17,16019,2011-01-07 10:00:00
540410,387.40000000000003,95,13,12530,2011-01-07 10:04:00
540411,311.07,281,11,16551,2011-01-07 10:24:00
540412,303.0,88,18,13842,2011-01-07 10:27:00
540413,331.55,208,20,15194,2011-01-07 10:29:00
540414,603.09,413,24,12481,2011-01-07 10:32:00
540415,523.05,365,47,16889,2011-01-07 10:47:00
540416,149.41,79,8,16473,2011-01-07 10:55:00
540420,207.25,251,6,12829,2011-01-07 11:13:00
540452,325.44,96,1,13750,2011-01-07 11:49:00
540453,302.45,341,23,13426,2011-01-07 11:54:00
540454,368.52,168,8,16191,2011-01-07 11:57:00
540455,730.16,491,22,12583,2011-01-07 12:07:00
540456,188.0,80,11,13534,2011-01-07 12:14:00
540457,102.5,22,4,14217,2011-01-07 12:26:00
540458,2169.39,1783,149,12501,2011-01-07 12:28:00
540459,479.1,186,10,16191,2011-01-07 12:35:00
540460,104.76,202,13,15607,2011-01-07 12:44:00
540461,122.10000000000001,102,8,15139,2011-01-07 12:44:00
540462,434.95000000000005,195,16,16779,2011-01-07 12:45:00
540463,334.93,105,15,12489,2011-01-07 13:13:00
540464,1429.9,1070,52,14298,2011-01-07 13:17:00
540465,83.7,78,3,17707,2011-01-07 13:30:00
540466,306.0,72,1,15649,2011-01-07 13:34:00
540467,300.54,222,19,18198,2011-01-07 13:39:00
540469,1138.67,630,98,12484,2011-01-07 14:04:00
540471,688.45,367,39,15601,2011-01-07 14:21:00
540472,335.8,223,18,18179,2011-01-07 14:22:00
540473,716.11,571,130,17284,2011-01-07 14:31:00
540475,141.48000000000002,70,9,15311,2011-01-07 14:43:00
540477,304.24,404,17,13233,2011-01-07 14:49:00
540478,2970.0,1800,8,15769,2011-01-07 14:53:00
540479,135.9,90,10,14889,2011-01-07 15:19:00
540480,816.25,367,42,12480,2011-01-07 15:27:00
540481,165.88,94,8,16955,2011-01-07 15:42:00
540482,285.28000000000003,147,34,14672,2011-01-07 15:48:00
540489,559.85,199,39,13593,2011-01-07 16:32:00
540493,300.74,118,15,14867,2011-01-07 16:34:00
540496,328.54,187,20,15485,2011-01-07 17:18:00
540498,268.8,68,10,17243,2011-01-09 10:06:00
540499,348.2,88,22,16923,2011-01-09 10:21:00
540500,390.29999999999995,72,5,15465,2011-01-09 10:26:00
540501,753.26,942,37,13162,2011-01-09 10:43:00
540502,625.04,400,20,13183,2011-01-09 10:50:00
540504,208.56,67,23,13668,2011-01-09 11:02:00
540505,313.15,143,16,17095,2011-01-09 11:05:00
540506,274.35,71,33,17796,2011-01-09 11:12:00
540507,1933.2,552,6,12939,2011-01-09 11:20:00
540508,146.55,64,16,14810,2011-01-09 11:20:00
540509,533.79,402,50,14800,2011-01-09 11:27:00
540510,104.25,15,3,15611,2011-01-09 11:32:00
540511,299.89,176,29,14472,2011-01-09 11:34:00
540512,140.59,81,28,17114,2011-01-09 11:39:00
540513,422.4,152,9,13758,2011-01-09 11:41:00
540514,406.27,177,41,15708,2011-01-09 11:43:00
540515,182.78,72,28,15059,2011-01-09 11:54:00
540516,265.75,65,28,16326,2011-01-09 12:01:00
540517,157.09,76,14,17128,2011-01-09 12:02:00
540518,97.5,58,7,14761,2011-01-09 12:03:00
540519,413.68,230,17,12793,2011-01-09 12:12:00
540520,195.45,156,48,17555,2011-01-09 12:31:00
540521,114.0,78,9,12651,2011-01-09 12:46:00
540522,301.28,258,16,13102,2011-01-09 12:50:00
540523,340.94,250,34,13069,2011-01-09 12:51:00
540524,607.21,344,33,16735,2011-01-09 12:53:00
540525,309.48,160,18,16833,2011-01-09 13:02:00
540526,229.48,154,38,14606,2011-01-09 13:41:00
540528,136.05,98,11,17800,2011-01-09 13:50:00
540529,479.0,260,15,16748,2011-01-09 13:50:00
540530,488.46000000000004,238,27,14755,2011-01-09 14:02:00
540531,119.49000000000001,56,33,16549,2011-01-09 14:03:00
540532,221.7,37,20,14702,2011-01-09 14:11:00
540533,141.05,67,25,15005,2011-01-09 14:12:00
540534,25.2,24,2,12971,2011-01-09 14:17:00
540536,145.5,93,25,17757,2011-01-09 14:21:00
540537,110.17999999999999,78,13,13565,2011-01-09 14:28:00
540538,279.02,99,30,17841,2011-01-09 14:36:00
540539,557.07,429,26,18260,2011-01-09 14:42:00
540540,169.35,47,22,17218,2011-01-09 15:10:00
540541,320.21999999999997,181,22,15799,2011-01-09 15:13:00
540542,78.2,50,5,15107,2011-01-09 15:18:00
540543,380.68,171,35,14395,2011-01-09 15:23:00
540544,73.5,42,5,18032,2011-01-09 15:32:00
540545,359.19,254,43,13451,2011-01-09 15:35:00
540546,686.48,411,35,12766,2011-01-09 15:56:00
540547,258.0,85,13,14911,2011-01-09 16:07:00
540548,179.1,34,9,14794,2011-01-09 16:11:00
540550,1715.85,643,93,12539,2011-01-10 09:11:00
540552,376.7,196,22,16350,2011-01-10 09:44:00
540553,344.94,243,5,12500,2011-01-10 09:48:00
540554,240.45000000000002,81,15,18171,2011-01-10 09:55:00
540557,81.6,96,1,12415,2011-01-10 09:58:00
540561,326.78,260,23,13004,2011-01-10 10:32:00
540562,337.39,392,16,12524,2011-01-10 10:35:00
540563,175.2,16,1,15100,2011-01-10 10:35:00
540565,102.0,40,1,16422,2011-01-10 10:44:00
540566,185.97,83,44,17811,2011-01-10 10:58:00
540567,332.41,249,19,16850,2011-01-10 11:09:00
540568,646.54,246,42,15039,2011-01-10 11:22:00
540595,326.82,645,29,14321,2011-01-10 11:35:00
540604,311.71,386,29,15326,2011-01-10 11:38:00
540630,217.75,19,8,17849,2011-01-10 11:59:00
540635,456.97,195,20,14229,2011-01-10 12:03:00
540636,212.0,200,1,17381,2011-01-10 12:04:00
540639,566.84,468,21,13107,2011-01-10 12:28:00
540640,167.6,37,21,14527,2011-01-10 12:36:00
540641,279.3,94,15,16497,2011-01-10 13:20:00
540642,1238.06,635,50,12681,2011-01-10 13:22:00
540644,827.1800000000001,418,35,16303,2011-01-10 14:16:00
540645,402.66,522,13,14060,2011-01-10 14:20:00
540647,1232.32,508,86,17406,2011-01-10 14:57:00
540648,969.87,793,15,15061,2011-01-10 14:58:00
540649,404.12,317,8,15061,2011-01-10 14:59:00
540653,250.0,2,1,17406,2011-01-10 15:07:00
540662,500.48,136,10,13767,2011-01-10 15:16:00
540664,263.0,87,14,15044,2011-01-10 15:18:00
540671,322.53000000000003,163,7,17739,2011-01-10 15:35:00
540672,780.42,518,50,15281,2011-01-10 15:51:00
540680,434.03999999999996,365,33,15311,2011-01-10 16:24:00
540682,64.14,150,8,16112,2011-01-10 16:29:00
540687,237.19,177,27,15867,2011-01-10 17:18:00
540688,234.0,173,4,12736,2011-01-11 07:57:00
540689,12797.52,4510,4,17450,2011-01-11 08:43:00
540690,241.26,198,12,13473,2011-01-11 08:45:00
540691,1508.6599999999999,686,44,17450,2011-01-11 08:50:00
540692,352.51,235,23,14320,2011-01-11 09:12:00
540697,369.0,188,21,16670,2011-01-11 09:20:00
540698,4314.0199999999995,858,23,17450,2011-01-11 09:24:00
540700,462.5,238,19,12393,2011-01-11 09:47:00
540701,602.44,348,9,15640,2011-01-11 09:48:00
540702,140.49,81,10,13491,2011-01-11 09:58:00
540703,511.46000000000004,1098,15,14135,2011-01-11 09:58:00
540704,302.57,71,13,17742,2011-01-11 10:04:00
540732,144.12,328,9,16122,2011-01-11 10:19:00
540750,153.9,90,8,16351,2011-01-11 10:26:00
540753,69.7,12,4,14217,2011-01-11 10:31:00
540768,670.8000000000001,624,10,17428,2011-01-11 10:38:00
540769,144.26,87,9,12601,2011-01-11 10:38:00
540770,145.75,49,7,13468,2011-01-11 10:40:00
540777,110.95,21,3,13144,2011-01-11 11:15:00
540779,252.42000000000002,144,17,15346,2011-01-11 11:18:00
540782,184.2,80,8,15370,2011-01-11 11:32:00
540785,3417.1200000000003,1008,4,12557,2011-01-11 11:39:00
540789,871.1999999999999,578,2,12643,2011-01-11 11:48:00
540794,153.6,128,9,16034,2011-01-11 11:54:00
540795,355.8,92,13,13078,2011-01-11 12:00:00
540797,8.5,1,1,15107,2011-01-11 12:05:00
540798,727.36,706,73,17365,2011-01-11 12:11:00
540799,15.299999999999999,6,2,17365,2011-01-11 12:12:00
540800,302.36,364,6,13798,2011-01-11 12:20:00
540801,1147.1799999999998,475,31,12540,2011-01-11 12:25:00
540802,418.48,208,5,15189,2011-01-11 12:29:00
540803,421.95,199,53,14669,2011-01-11 12:30:00
540809,374.75,225,16,18095,2011-01-11 12:37:00
540813,415.55,288,54,14669,2011-01-11 12:41:00
540815,15160.900000000001,7044,3,15749,2011-01-11 12:55:00
540816,353.21,252,42,15518,2011-01-11 12:55:00
540817,347.95,97,16,14209,2011-01-11 12:56:00
540818,7837.5,1970,2,15749,2011-01-11 12:57:00
540819,23.85,3,1,15518,2011-01-11 13:06:00
540822,24.95,5,2,16042,2011-01-11 13:25:00
540823,288.5,182,7,15569,2011-01-11 13:26:00
540824,252.54,122,13,12728,2011-01-11 13:31:00
540825,62.13,19,3,13672,2011-01-11 13:54:00
540826,447.28,362,31,13102,2011-01-11 14:00:00
540827,344.14,159,29,17569,2011-01-11 14:15:00
540829,113.63999999999999,156,4,13784,2011-01-11 14:38:00
540834,1578.31,624,36,14733,2011-01-11 14:50:00
540835,154.9,115,11,12724,2011-01-11 15:00:00
540838,425.1,308,27,13862,2011-01-11 15:13:00
540839,246.98,126,48,16791,2011-01-11 15:42:00
540840,108.67,45,7,16235,2011-01-11 15:42:00
540842,60.0,48,1,15602,2011-01-11 16:16:00
540844,71.5,38,4,12971,2011-01-11 16:24:00
540849,492.65000000000003,197,29,14270,2011-01-12 09:33:00
540851,102.95,43,7,12523,2011-01-12 09:43:00
540855,445.6,194,7,16353,2011-01-12 10:14:00
540856,812.25,373,39,16655,2011-01-12 10:16:00
540857,314.0,140,7,16779,2011-01-12 10:20:00
540858,92.4,44,4,16359,2011-01-12 10:49:00
540859,438.67,181,52,17965,2011-01-12 10:58:00
540862,202.34999999999997,143,9,15953,2011-01-12 11:18:00
540866,575.18,555,11,17324,2011-01-12 11:21:00
540900,250.65,97,11,12712,2011-01-12 11:46:00
540906,366.12,332,9,16701,2011-01-12 11:51:00
540907,1358.29,766,71,13488,2011-01-12 11:52:00
540908,721.9200000000001,64,2,12980,2011-01-12 11:53:00
540915,311.67,131,16,13267,2011-01-12 12:00:00
540939,2.46,2,2,15061,2011-01-12 12:10:00
540940,214.18,33,12,18109,2011-01-12 12:12:00
540943,220.33,107,34,17841,2011-01-12 12:31:00
540945,0.85,1,1,16554,2011-01-12 12:41:00
540946,547.5,144,16,12359,2011-01-12 12:43:00
540947,747.06,490,11,15939,2011-01-12 12:43:00
540951,676.5999999999999,132,11,13113,2011-01-12 13:10:00
540953,208.05,146,79,14587,2011-01-12 13:16:00
540954,174.15,47,26,14606,2011-01-12 13:19:00
540955,137.95,82,13,14715,2011-01-12 13:27:00
540957,342.46,193,34,15311,2011-01-12 13:30:00
540968,770.75,316,66,17338,2011-01-12 13:40:00
540970,197.65,6,3,14185,2011-01-12 13:52:00
540971,651.16,590,31,12383,2011-01-12 14:10:00
540972,392.7,134,7,12437,2011-01-12 14:13:00
540974,112.08,64,2,12971,2011-01-12 14:43:00
540975,289.7,91,24,14040,2011-01-12 14:57:00
540976,919.98,505,48,12652,2011-01-12 15:00:00
540979,554.75,273,30,15727,2011-01-12 15:06:00
540980,255.25,121,26,14514,2011-01-12 15:22:00
540981,287.46000000000004,168,22,12868,2011-01-12 15:25:00
540983,1289.5,290,5,15171,2011-01-12 15:36:00
540984,148.35,39,16,14167,2011-01-12 15:44:00
540985,105.54,24,3,17389,2011-01-12 15:48:00
540986,408.29,113,22,15291,2011-01-12 16:14:00
540990,258.41,143,15,17048,2011-01-12 16:51:00
540991,307.05,73,6,16525,2011-01-12 16:52:00
540992,419.83,296,44,17364,2011-01-12 16:57:00
540993,201.19,91,13,13284,2011-01-13 09:23:00
540994,704.59,560,47,13089,2011-01-13 09:29:00
540996,104.0,34,6,17068,2011-01-13 09:40:00
540997,130.85,155,8,17368,2011-01-13 09:55:00
540998,289.5,194,9,15290,2011-01-13 10:04:00
540999,1431.28,1128,18,13694,2011-01-13 10:08:00
541001,165.0,1,1,16500,2011-01-13 10:28:00
541002,188.69,135,14,12951,2011-01-13 10:33:00
541003,301.11,155,15,15835,2011-01-13 10:35:00
541004,171.46,102,9,18190,2011-01-13 10:35:00
541005,200.25,94,29,16161,2011-01-13 10:39:00
541006,323.15000000000003,120,18,13993,2011-01-13 10:43:00
541008,72.26,68,5,17848,2011-01-13 10:48:00
541010,195.13,89,11,14114,2011-01-13 11:05:00
541011,155.17,85,9,15447,2011-01-13 11:26:00
541012,271.09,244,41,17019,2011-01-13 11:48:00
541013,397.79,109,10,15694,2011-01-13 11:54:00
541014,222.97,104,27,14085,2011-01-13 11:54:00
541015,226.37,75,14,16315,2011-01-13 11:57:00
541018,302.31,98,37,14978,2011-01-13 12:03:00
541021,898.5,429,19,13093,2011-01-13 12:03:00
541038,301.14,246,41,16395,2011-01-13 12:10:00
541043,250.0,2,1,15510,2011-01-13 12:10:00
541086,353.7,118,21,16503,2011-01-13 12:32:00
541087,205.75,25,9,13614,2011-01-13 12:37:00
541088,692.82,505,19,15513,2011-01-13 12:41:00
541091,342.15,159,15,16814,2011-01-13 12:53:00
541093,753.4499999999999,100,7,12471,2011-01-13 13:21:00
541094,332.17,292,35,13246,2011-01-13 13:36:00
541103,596.0600000000001,286,37,14215,2011-01-13 14:24:00
541105,660.0,400,2,16029,2011-01-13 14:34:00
541106,259.20000000000005,384,2,18092,2011-01-13 14:50:00
541107,328.92,294,15,17744,2011-01-13 14:55:00
541108,76.32000000000001,72,1,13199,2011-01-13 15:01:00
541109,14.95,1,1,15107,2011-01-13 15:10:00
541110,342.61,201,33,15916,2011-01-13 15:11:00
541111,353.5,176,22,15687,2011-01-13 15:13:00
541112,386.05,187,20,18085,2011-01-13 15:17:00
541113,174.14999999999998,27,12,16775,2011-01-13 15:18:00
541114,175.2,16,1,14299,2011-01-13 15:19:00
541115,1608.66,748,70,12578,2011-01-13 15:34:00
541119,127.80000000000001,76,6,16493,2011-01-14 08:16:00
541120,864.22,548,43,12490,2011-01-14 09:13:00
541121,225.89999999999998,78,10,12672,2011-01-14 09:20:00
541122,284.62,166,19,12708,2011-01-14 09:23:00
541123,534.57,281,35,13385,2011-01-14 09:52:00
541124,131.39999999999998,12,1,17389,2011-01-14 09:54:00
541125,47.5,11,2,12474,2011-01-14 10:06:00
541126,281.88,312,20,15626,2011-01-14 10:10:00
541134,643.6,368,25,15615,2011-01-14 10:20:00
541135,179.10000000000002,78,7,16233,2011-01-14 10:31:00
541136,359.9,98,7,18229,2011-01-14 10:39:00
541137,332.64,156,4,13777,2011-01-14 10:39:00
541138,700.31,446,38,12553,2011-01-14 10:42:00
541139,313.2,262,22,15213,2011-01-14 11:05:00
541149,177.00000000000003,60,3,12393,2011-01-14 11:36:00
541172,345.84999999999997,103,8,13854,2011-01-14 11:47:00
541181,100.2,36,3,12877,2011-01-14 11:50:00
541202,448.95,230,22,17581,2011-01-14 12:09:00
541203,302.76,44,3,13090,2011-01-14 12:21:00
541204,322.58,146,16,14175,2011-01-14 12:22:00
541205,421.9,126,33,18106,2011-01-14 12:23:00
541206,10389.06,8210,79,14646,2011-01-14 12:24:00
541207,361.5,210,16,17685,2011-01-14 12:27:00
541208,272.64,296,11,15159,2011-01-14 12:29:00
541213,556.55,353,61,15033,2011-01-14 13:28:00
541214,487.70000000000005,198,30,15570,2011-01-14 13:41:00
541215,1547.58,740,76,14329,2011-01-14 13:42:00
541216,416.54,507,27,15311,2011-01-14 13:52:00
541217,111.9,24,3,17402,2011-01-14 13:59:00
541218,142.82,178,9,16638,2011-01-14 14:02:00
541220,16774.72,6198,41,14156,2011-01-14 14:11:00
541223,254.54,177,65,17954,2011-01-14 14:39:00
541224,201.9,71,11,12474,2011-01-14 14:45:00
541225,234.62,146,19,14099,2011-01-14 14:47:00
541226,214.20000000000002,36,5,15854,2011-01-14 15:04:00
541227,349.2,80,6,16839,2011-01-14 15:29:00
541228,45.0,36,2,15290,2011-01-14 16:29:00
541236,3.35,1,1,17961,2011-01-14 17:16:00
541238,380.4,116,34,16746,2011-01-16 10:42:00
541239,487.9,492,14,16401,2011-01-16 10:56:00
541240,161.3,83,24,16206,2011-01-16 11:07:00
541241,191.94,108,36,13782,2011-01-16 11:08:00
541242,58.190000000000005,17,2,12924,2011-01-16 11:49:00
541243,69.6,48,1,16593,2011-01-16 12:11:00
541244,236.84,70,33,15535,2011-01-16 12:35:00
541246,22.200000000000003,12,1,15535,2011-01-16 12:41:00
541247,810.0,648,1,12989,2011-01-16 12:44:00
541248,6.869999999999999,6,6,12748,2011-01-16 13:04:00
541249,109.28,179,17,13700,2011-01-16 13:18:00
541250,30.240000000000002,72,6,13700,2011-01-16 13:19:00
541251,218.64999999999998,83,9,15046,2011-01-16 13:25:00
541252,203.3,60,8,13064,2011-01-16 13:41:00
541253,276.53999999999996,107,35,17841,2011-01-16 13:51:00
541255,4.25,1,1,17841,2011-01-16 13:54:00
541256,477.61,347,39,13048,2011-01-16 14:36:00
541258,334.2,123,34,13634,2011-01-16 15:30:00
541259,261.85,91,16,14404,2011-01-16 15:38:00
541260,141.25,73,28,16059,2011-01-16 15:44:00
541262,287.11,158,72,18069,2011-01-16 15:50:00
541263,759.0600000000001,534,19,16843,2011-01-16 16:10:00
541264,143.95,72,21,17064,2011-01-16 16:10:00
541265,423.6,221,89,17609,2011-01-16 16:23:00
541266,880.26,365,34,15673,2011-01-16 16:25:00
541267,613.22,288,25,12779,2011-01-17 10:37:00
541268,221.44,116,28,12872,2011-01-17 10:52:00
541269,1096.0,412,53,12626,2011-01-17 11:01:00
541270,155.95,27,16,14976,2011-01-17 11:09:00
541271,431.3,204,19,12388,2011-01-17 11:12:00
541272,110.45,31,5,13527,2011-01-17 11:17:00
541273,189.5,94,11,13155,2011-01-17 11:21:00
541274,493.45,249,31,15696,2011-01-17 11:24:00
541275,121.20000000000002,48,4,14176,2011-01-17 11:28:00
541276,165.0,100,1,15316,2011-01-17 11:34:00
541277,220.9,171,23,12673,2011-01-17 11:46:00
541278,167.4,52,5,14135,2011-01-17 11:53:00
541279,635.8,356,32,18223,2011-01-17 11:55:00
541280,1199.33,679,61,15296,2011-01-17 11:57:00
541281,64.99000000000001,14,13,17988,2011-01-17 11:59:00
541282,882.75,304,49,17690,2011-01-17 12:31:00
541283,170.46,146,11,12820,2011-01-17 12:34:00
541285,805.45,447,31,13001,2011-01-17 12:45:00
541286,475.2,304,27,13982,2011-01-17 13:08:00
541287,751.5999999999999,664,3,14101,2011-01-17 13:09:00
541288,264.65,135,7,14525,2011-01-17 13:21:00
541289,208.32,76,39,14606,2011-01-17 13:23:00
541290,103.56,132,5,17288,2011-01-17 13:25:00
541291,280.61,205,24,14667,2011-01-17 13:25:00
541292,375.15,133,21,15596,2011-01-17 13:30:00
541293,394.57,145,35,15311,2011-01-17 13:39:00
541294,157.2,96,6,14898,2011-01-17 13:59:00
541302,304.02,166,19,13769,2011-01-17 14:18:00
541316,111.35,43,6,13209,2011-01-17 14:27:00
541357,146.85,111,8,14238,2011-01-17 14:40:00
541362,311.48,262,17,17730,2011-01-17 14:49:00
541370,287.1,156,17,18179,2011-01-17 14:51:00
541371,322.78,177,32,13983,2011-01-17 14:51:00
541391,7.800000000000001,12,1,13983,2011-01-17 15:05:00
541400,412.85,43,2,13929,2011-01-17 15:11:00
541405,732.14,268,21,12683,2011-01-17 15:17:00
541406,416.08,209,60,14657,2011-01-17 15:19:00
541407,152.64000000000001,144,1,13199,2011-01-17 15:31:00
541408,316.5,186,12,15738,2011-01-17 15:42:00
541409,347.03999999999996,340,4,13246,2011-01-17 15:50:00
541410,1207.13,617,51,13089,2011-01-17 16:06:00
541411,9.75,5,1,17961,2011-01-17 16:07:00
541413,201.16,129,27,13859,2011-01-17 16:14:00
541414,216.07,92,30,18212,2011-01-17 16:14:00
541417,262.96,102,42,16033,2011-01-17 16:23:00
541420,5.9,2,1,16670,2011-01-17 17:08:00
541425,79.2,144,1,15513,2011-01-18 08:43:00
541426,440.0,4,1,18233,2011-01-18 08:44:00
541427,405.0,60,6,17018,2011-01-18 08:46:00
541428,138.35,53,8,14242,2011-01-18 08:53:00
541429,302.22,278,19,14688,2011-01-18 09:44:00
541430,2271.62,1216,36,12356,2011-01-18 09:50:00
541431,77183.6,74215,1,12346,2011-01-18 10:01:00
541432,158.95,49,4,12748,2011-01-18 10:15:00
541434,465.58,287,10,14911,2011-01-18 10:22:00
541435,155.93,133,12,13898,2011-01-18 10:28:00
541436,315.0,76,5,15291,2011-01-18 10:41:00
541439,69.6,96,5,16948,2011-01-18 10:58:00
541473,305.52,240,8,17491,2011-01-18 11:30:00
541474,390.0,200,4,16997,2011-01-18 11:51:00
541479,707.88,1108,7,16422,2011-01-18 11:54:00
541480,132.52,113,10,12527,2011-01-18 12:05:00
541481,293.63,147,16,14696,2011-01-18 12:09:00
541483,107.45,17,7,15395,2011-01-18 12:40:00
541484,193.09,117,12,16814,2011-01-18 12:46:00
541485,289.55,241,97,18118,2011-01-18 13:05:00
541486,129.51,99,16,18109,2011-01-18 13:15:00
541488,780.5,518,13,15061,2011-01-18 13:34:00
541489,554.95,347,63,15023,2011-01-18 13:38:00
541490,129.95,61,4,13984,2011-01-18 13:40:00
541491,681.05,294,29,12510,2011-01-18 14:04:00
541500,145.23,191,14,18041,2011-01-18 15:25:00
541504,233.05,73,26,14415,2011-01-18 15:37:00
541505,15.0,1,1,15939,2011-01-18 15:58:00
541509,141.66,106,39,13263,2011-01-18 16:31:00
541510,203.55,56,24,14428,2011-01-18 16:39:00
541511,125.07,53,18,17576,2011-01-18 16:45:00
541513,15.0,12,1,17576,2011-01-18 16:52:00
541517,63.0,37,3,12665,2011-01-19 08:34:00
541518,2919.5099999999998,2334,101,12451,2011-01-19 09:05:00
541520,238.5,113,13,12422,2011-01-19 09:13:00
541521,169.74,117,7,15298,2011-01-19 09:45:00
541522,330.2,102,18,17419,2011-01-19 09:54:00
541523,106.85,32,25,17708,2011-01-19 10:09:00
541524,594.7,240,37,17091,2011-01-19 10:49:00
541525,76.32000000000001,72,1,14090,2011-01-19 10:51:00
541530,523.98,403,35,14769,2011-01-19 10:56:00
541552,739.29,756,38,15039,2011-01-19 11:15:00
541564,192.26,133,45,16904,2011-01-19 11:38:00
541565,172.15,45,19,14527,2011-01-19 11:48:00
541566,833.44,808,30,17722,2011-01-19 11:50:00
541567,752.75,386,31,12681,2011-01-19 11:51:00
541568,305.6,66,10,15606,2011-01-19 12:07:00
541569,685.12,319,25,13520,2011-01-19 12:14:00
541570,7722.04,6072,33,14646,2011-01-19 12:34:00
541571,149.83,122,22,12841,2011-01-19 12:38:00
541574,212.72,266,16,12826,2011-01-19 12:52:00
541575,577.02,541,33,15311,2011-01-19 13:21:00
541576,112.92,48,23,17097,2011-01-19 13:32:00
541585,275.5,38,14,14180,2011-01-19 14:22:00
541587,202.93,54,14,17841,2011-01-19 14:39:00
541588,487.45000000000005,310,31,14307,2011-01-19 14:43:00
541590,410.18,234,27,13310,2011-01-19 14:50:00
541591,309.94,308,17,15831,2011-01-19 14:52:00
541593,321.4,235,46,17611,2011-01-19 15:20:00
541594,295.05,243,15,14916,2011-01-19 15:30:00
541595,101.06,50,19,14606,2011-01-19 16:08:00
541596,767.0500000000001,799,101,17602,2011-01-19 16:18:00
541597,456.27000000000004,323,6,14031,2011-01-19 16:19:00
541602,150.98,84,28,17231,2011-01-19 17:17:00
541604,331.03,179,50,14572,2011-01-19 17:23:00
541605,114.6,60,4,13502,2011-01-20 09:03:00
541606,114.68,56,4,14784,2011-01-20 09:25:00
541608,305.28000000000003,288,2,14646,2011-01-20 09:54:00
541609,74.9,32,5,15938,2011-01-20 10:11:00
541610,429.15,165,3,16029,2011-01-20 10:18:00
541611,528.48,144,2,16029,2011-01-20 10:18:00
541615,149.42000000000002,132,19,16395,2011-01-20 10:43:00
541631,1516.68,708,72,12637,2011-01-20 10:47:00
541648,337.7,166,30,17811,2011-01-20 11:15:00
541649,167.39000000000001,139,12,17418,2011-01-20 11:39:00
541655,262.55,56,31,14779,2011-01-20 12:04:00
541657,87.75,21,4,16321,2011-01-20 12:11:00
541658,249.43,210,58,15529,2011-01-20 12:16:00
541659,178.95000000000002,73,10,15262,2011-01-20 12:16:00
541660,482.26,249,42,17787,2011-01-20 12:20:00
541664,330.9,100,11,17862,2011-01-20 12:23:00
541669,331.76,172,19,17315,2011-01-20 12:29:00
541670,2756.84,1332,21,14911,2011-01-20 12:34:00
541671,398.6,112,15,14735,2011-01-20 13:01:00
541672,135.0,36,5,14735,2011-01-20 13:02:00
541673,120.6,60,3,14735,2011-01-20 13:02:00
541675,225.6,94,11,12402,2011-01-20 13:49:00
541676,530.48,351,33,15379,2011-01-20 14:01:00
541677,303.03999999999996,88,5,12747,2011-01-20 14:01:00
541678,115.8,110,22,17771,2011-01-20 14:13:00
541679,55.5,18,3,15422,2011-01-20 14:17:00
541680,1652.27,1059,16,14062,2011-01-20 14:18:00
541681,229.46999999999997,175,14,13008,2011-01-20 14:24:00
541682,278.6,180,17,14770,2011-01-20 15:00:00
541683,330.48,376,31,14085,2011-01-20 15:01:00
541684,1761.18,1126,106,15498,2011-01-20 15:22:00
541686,377.3,117,13,16912,2011-01-20 15:42:00
541690,42.2,20,3,15422,2011-01-20 16:17:00
541698,222.24,146,35,14713,2011-01-20 19:16:00
541699,301.96,484,16,17744,2011-01-21 09:03:00
541700,135.75,145,11,15174,2011-01-21 09:06:00
541703,341.0,145,12,12594,2011-01-21 09:52:00
541706,304.02,334,5,18061,2011-01-21 10:35:00
541708,19.5,10,1,18223,2011-01-21 11:08:00
541709,441.15,233,27,17504,2011-01-21 11:09:00
541711,8060.3,5730,106,14646,2011-01-21 11:18:00
541712,123.88,72,29,17890,2011-01-21 11:19:00
541732,94.36,44,4,16387,2011-01-21 11:34:00
541756,661.58,164,5,12664,2011-01-21 11:42:00
541782,8.5,10,1,13102,2011-01-21 11:50:00
541783,728.16,396,35,16618,2011-01-21 11:55:00
541784,717.02,362,52,17277,2011-01-21 12:37:00
541785,85.6,14,4,14779,2011-01-21 12:40:00
541788,307.6,160,15,13999,2011-01-21 13:05:00
541789,7544.91,1927,93,14088,2011-01-21 13:07:00
541791,101.25,81,5,16928,2011-01-21 13:07:00
541792,302.0,152,14,17094,2011-01-21 13:09:00
541793,345.24,212,19,13969,2011-01-21 13:13:00
541794,138.55,56,26,17238,2011-01-21 13:21:00
541795,259.6,131,26,14692,2011-01-21 13:47:00
541796,318.5,205,19,14092,2011-01-21 13:55:00
541797,17.2,6,6,12970,2011-01-21 14:04:00
541798,387.87,197,16,15311,2011-01-21 14:17:00
541799,6.6,2,2,12970,2011-01-21 14:21:00
541800,169.75,53,10,15235,2011-01-21 14:38:00
541801,91.8,150,9,15235,2011-01-21 14:39:00
541808,10.0,1,1,16210,2011-01-21 14:51:00
541812,357.12,152,3,16839,2011-01-21 15:25:00
541813,424.32,226,21,18239,2011-01-21 15:36:00
541814,748.94,430,6,17306,2011-01-21 15:41:00
541815,8.25,3,2,18037,2011-01-21 15:45:00
541816,614.38,365,73,17799,2011-01-21 15:56:00
541832,99.35,42,11,17889,2011-01-21 17:14:00
541835,161.8,56,9,17243,2011-01-23 10:15:00
541836,394.04999999999995,45,4,15465,2011-01-23 10:29:00
541837,153.0,92,10,17714,2011-01-23 10:32:00
541838,807.05,313,31,12916,2011-01-23 10:43:00
541839,370.41,198,32,17769,2011-01-23 11:15:00
541840,2.95,1,1,15059,2011-01-23 11:48:00
541841,161.03,81,11,14450,2011-01-23 11:53:00
541842,181.35,95,28,16085,2011-01-23 12:07:00
541843,1035.2,560,55,13659,2011-01-23 12:08:00
541844,215.16000000000003,128,48,16931,2011-01-23 12:19:00
541845,158.8,65,39,15167,2011-01-23 12:41:00
541846,323.09000000000003,191,17,13050,2011-01-23 12:43:00
541847,437.71,182,51,15443,2011-01-23 13:25:00
541848,487.58,365,101,17611,2011-01-23 13:31:00
541849,145.94,75,44,13230,2011-01-23 13:33:00
541850,244.3,99,39,14224,2011-01-23 13:58:00
541851,105.34,52,17,17841,2011-01-23 14:20:00
541853,224.75,53,8,17858,2011-01-23 14:29:00
541854,105.3,66,44,18283,2011-01-23 14:58:00
541855,456.98,272,89,13742,2011-01-23 14:59:00
541856,402.41999999999996,453,44,17673,2011-01-23 15:16:00
541857,514.5,126,12,12727,2011-01-23 15:17:00
541858,195.26,154,14,16983,2011-01-23 15:34:00
541859,265.18,177,28,14606,2011-01-23 15:34:00
541860,115.67999999999999,54,6,13963,2011-01-23 15:45:00
541862,265.85,73,22,14068,2011-01-23 16:02:00
541864,2375.42,1174,19,13798,2011-01-23 16:17:00
541865,165.0,100,1,13068,2011-01-24 08:20:00
541866,417.31,223,26,16477,2011-01-24 09:25:00
541867,163.5,109,5,14744,2011-01-24 09:28:00
541872,293.74,219,49,14796,2011-01-24 09:52:00
541873,155.0,36,8,14368,2011-01-24 09:52:00
541874,970.6,528,10,15497,2011-01-24 10:01:00
541875,301.28,272,19,16558,2011-01-24 10:01:00
541876,117.4,38,6,12951,2011-01-24 10:05:00
541877,486.11,247,20,12559,2011-01-24 10:12:00
541880,408.3,546,13,13819,2011-01-24 10:38:00
541881,66.93,45,4,14501,2011-01-24 10:43:00
541883,904.66,558,20,13408,2011-01-24 10:56:00
541884,200.10000000000002,114,6,14782,2011-01-24 11:12:00
541886,461.91,171,26,15039,2011-01-24 11:21:00
541903,91.80000000000001,12,1,15039,2011-01-24 11:31:00
541916,241.85999999999999,102,8,17861,2011-01-24 11:34:00
541919,352.42,318,22,14334,2011-01-24 11:35:00
541932,2661.24,526,32,14439,2011-01-24 11:39:00
541946,309.43,151,18,17591,2011-01-24 11:50:00
541947,301.53,208,15,18161,2011-01-24 11:56:00
541948,206.98,128,17,15820,2011-01-24 12:00:00
541949,288.99,177,18,18136,2011-01-24 12:08:00
541950,523.34,182,19,15498,2011-01-24 12:13:00
541960,282.59999999999997,132,4,16660,2011-01-24 12:44:00
541962,162.05,47,9,12693,2011-01-24 12:58:00
541963,172.85,33,11,17799,2011-01-24 13:06:00
541965,1716.62,909,53,12625,2011-01-24 13:27:00
541966,304.1,142,8,13854,2011-01-24 13:35:00
541968,387.27000000000004,139,15,13396,2011-01-24 13:37:00
541970,1285.62,1244,44,15179,2011-01-24 13:48:00
541972,431.63,325,27,12935,2011-01-24 13:58:00
541973,187.01999999999998,445,14,16730,2011-01-24 14:01:00
541974,163.04,78,25,14541,2011-01-24 14:16:00
541976,127.70000000000002,38,5,16168,2011-01-24 14:39:00
541977,379.7,170,18,15078,2011-01-24 14:44:00
541978,91.80000000000001,12,4,13551,2011-01-24 14:46:00
541979,282.44,47,15,14911,2011-01-24 14:54:00
541980,157.45,104,11,12421,2011-01-24 15:09:00
541981,190.2,84,9,12691,2011-01-24 15:32:00
541983,15.0,1,1,15797,2011-01-24 15:47:00
541984,111.78,102,8,13117,2011-01-24 15:48:00
541985,207.73000000000002,79,27,15052,2011-01-24 15:52:00
541986,374.93,189,20,17001,2011-01-24 15:59:00
541987,480.91,257,66,14130,2011-01-24 16:05:00
541988,585.0,440,5,15222,2011-01-25 08:03:00
541989,417.69,189,23,13615,2011-01-25 08:21:00
541990,214.4,64,11,13901,2011-01-25 09:01:00
541991,323.44,108,16,12417,2011-01-25 09:11:00
541992,431.76,296,3,16029,2011-01-25 09:31:00
541995,256.40999999999997,135,19,13158,2011-01-25 09:58:00
541996,333.08000000000004,188,17,18075,2011-01-25 10:20:00
541997,315.13,243,27,18077,2011-01-25 10:38:00
541998,227.44,601,6,12348,2011-01-25 10:42:00
542000,620.14,424,39,14257,2011-01-25 10:49:00
542001,723.6,1056,25,14298,2011-01-25 10:56:00
542002,621.6,450,18,14298,2011-01-25 10:57:00
542003,1368.38,602,25,15311,2011-01-25 11:07:00
542004,88.80000000000001,72,4,12971,2011-01-25 11:08:00
542005,337.3,253,11,14409,2011-01-25 11:18:00
542006,581.66,296,28,15218,2011-01-25 11:20:00
542025,303.8,76,6,14543,2011-01-25 11:41:00
542026,169.65,69,9,15110,2011-01-25 11:41:00
542057,161.9,60,32,15967,2011-01-25 11:57:00
542058,461.64,740,23,15601,2011-01-25 11:59:00
542059,106.83000000000001,81,7,16757,2011-01-25 11:59:00
542065,90.9,14,11,14527,2011-01-25 12:03:00
542079,157.4,52,3,18144,2011-01-25 12:15:00
542080,1012.01,608,53,13815,2011-01-25 12:16:00
542081,15.149999999999999,10,2,15213,2011-01-25 12:21:00
542083,130.81,355,9,18008,2011-01-25 12:26:00
542084,1081.3,470,21,14680,2011-01-25 12:31:00
542085,355.12,153,26,14534,2011-01-25 12:33:00
542087,459.84000000000003,316,23,14849,2011-01-25 12:35:00
542090,241.89,159,21,15518,2011-01-25 12:39:00
542093,500.09999999999997,196,16,17677,2011-01-25 12:46:00
542096,199.32999999999998,141,24,17236,2011-01-25 12:52:00
542098,146.1,86,8,16531,2011-01-25 13:04:00
542099,99.5,10,1,13703,2011-01-25 13:10:00
542100,257.9,159,40,15339,2011-01-25 13:15:00
542102,2053.07,1091,56,12744,2011-01-25 13:26:00
542103,800.19,575,52,13198,2011-01-25 13:26:00
542105,389.90000000000003,162,34,12854,2011-01-25 13:35:00
542106,1086.9,290,10,12709,2011-01-25 13:37:00
542107,773.5500000000001,325,120,16222,2011-01-25 13:38:00
542108,133.5,42,6,17460,2011-01-25 13:43:00
542110,274.74,136,16,14189,2011-01-25 13:46:00
542111,224.48000000000002,170,16,14341,2011-01-25 13:55:00
542112,622.33,355,71,13168,2011-01-25 13:55:00
542113,111.15,33,7,14341,2011-01-25 13:55:00
542114,451.03,97,21,16943,2011-01-25 14:00:00
542121,231.48,93,31,17515,2011-01-25 14:33:00
542122,636.94,316,24,17082,2011-01-25 14:36:00
542123,339.59999999999997,104,9,14299,2011-01-25 14:44:00
542124,302.58,102,8,14248,2011-01-25 14:45:00
542125,233.08,110,12,16497,2011-01-25 14:47:00
542126,564.39,461,5,13001,2011-01-25 14:53:00
542128,287.93,223,16,12609,2011-01-25 15:13:00
542129,120.94999999999999,73,7,13002,2011-01-25 15:18:00
542130,146.1,66,10,13468,2011-01-25 15:36:00
542131,323.71,327,11,16133,2011-01-25 15:55:00
542132,36.0,2,1,12691,2011-01-25 15:59:00
542133,153.78,78,7,13049,2011-01-25 16:33:00
542134,300.0,40,3,15189,2011-01-25 16:36:00
542141,326.4,128,2,14548,2011-01-26 08:38:00
542142,174.6,60,4,12971,2011-01-26 09:04:00
542143,561.3,158,6,15061,2011-01-26 09:23:00
542145,419.40000000000003,12,1,13089,2011-01-26 09:26:00
542146,160.05,37,6,13405,2011-01-26 09:27:00
542147,683.9300000000001,237,30,12782,2011-01-26 10:02:00
542148,252.10000000000002,225,11,14060,2011-01-26 10:10:00
542149,108.55000000000001,120,10,17811,2011-01-26 10:17:00
542151,187.85,71,12,13491,2011-01-26 10:30:00
542152,182.45,121,11,13534,2011-01-26 10:33:00
542153,164.7,66,8,13534,2011-01-26 10:33:00
542154,102.0,24,1,15777,2011-01-26 10:49:00
542155,285.59999999999997,112,1,15777,2011-01-26 10:51:00
542174,307.85,155,17,16043,2011-01-26 11:14:00
542192,1028.08,764,108,14049,2011-01-26 11:27:00
542207,396.71999999999997,1248,3,16422,2011-01-26 11:34:00
542208,944.34,1326,10,16422,2011-01-26 11:35:00
542212,244.8,64,2,15812,2011-01-26 12:12:00
542213,109.05,61,8,13837,2011-01-26 12:15:00
542214,157.02,154,10,17118,2011-01-26 12:19:00
542215,825.36,485,42,12472,2011-01-26 12:27:00
542216,802.56,690,52,14911,2011-01-26 12:29:00
542217,166.3,120,18,14606,2011-01-26 12:35:00
542219,594.04,314,35,17735,2011-01-26 12:36:00
542220,211.35,33,3,15373,2011-01-26 12:38:00
542221,379.28000000000003,90,36,14978,2011-01-26 12:40:00
542222,237.60000000000002,48,1,14616,2011-01-26 12:42:00
542223,100.85000000000001,47,6,14233,2011-01-26 12:43:00
542224,82.65,105,13,17888,2011-01-26 12:45:00
542226,188.86,76,18,17075,2011-01-26 13:20:00
542227,328.4,150,21,14243,2011-01-26 13:33:00
542228,372.29,163,19,13113,2011-01-26 13:37:00
542229,350.4,207,22,12474,2011-01-26 13:38:00
542230,227.39999999999998,54,7,17389,2011-01-26 13:38:00
542231,1104.11,587,75,16714,2011-01-26 13:40:00
542233,648.8,211,12,13098,2011-01-26 13:46:00
542234,9.95,1,1,16714,2011-01-26 13:46:00
542235,193.79999999999998,156,4,15661,2011-01-26 13:56:00
542236,187.6,99,37,17027,2011-01-26 14:19:00
542237,475.39,315,29,12347,2011-01-26 14:30:00
542238,452.84999999999997,228,26,12591,2011-01-26 14:35:00
542239,103.35,52,24,17786,2011-01-26 14:35:00
542240,249.0,48,11,16124,2011-01-26 14:45:00
542241,271.56,135,48,16409,2011-01-26 14:51:00
542242,156.0,82,8,13754,2011-01-26 14:58:00
542243,181.65,72,17,17841,2011-01-26 15:00:00
542246,318.23,173,16,15227,2011-01-26 15:31:00
542247,305.55,115,15,12997,2011-01-26 15:49:00
542254,511.69,133,10,14733,2011-01-26 16:41:00
542258,162.4,58,20,17372,2011-01-26 17:08:00
542265,142.71,53,23,15867,2011-01-26 17:27:00
542266,275.78,173,31,16918,2011-01-26 17:37:00
542267,9.9,2,1,16882,2011-01-26 17:43:00
542268,490.88,420,36,15358,2011-01-27 08:30:00
542269,675.58,259,30,14442,2011-01-27 09:33:00
542272,736.7,450,41,16496,2011-01-27 09:42:00
542274,339.6,129,21,16782,2011-01-27 10:02:00
542275,702.4,480,34,13089,2011-01-27 10:18:00
542276,1693.88,386,45,12764,2011-01-27 10:19:00
542277,529.01,191,18,14440,2011-01-27 10:30:00
542278,564.05,155,21,14911,2011-01-27 10:43:00
542284,556.46,410,24,17311,2011-01-27 10:56:00
542303,1715.85,643,93,12539,2011-01-27 11:05:00
542320,203.25,71,5,14040,2011-01-27 11:15:00
542345,149.49,93,39,15910,2011-01-27 11:55:00
542347,329.38,267,24,12826,2011-01-27 12:06:00
542349,328.74,109,11,15513,2011-01-27 12:10:00
542350,74.42,46,5,16949,2011-01-27 12:11:00
542351,152.25,39,4,14560,2011-01-27 12:13:00
542353,508.36,463,38,16700,2011-01-27 12:19:00
542354,407.95,135,21,14709,2011-01-27 12:19:00
542355,337.5,50,5,14970,2011-01-27 12:23:00
542360,384.65,139,55,14701,2011-01-27 12:40:00
542369,369.29999999999995,235,16,12645,2011-01-27 13:08:00
542370,318.59999999999997,296,26,13004,2011-01-27 13:23:00
542371,220.59,127,12,12468,2011-01-27 13:29:00
542372,408.78000000000003,94,9,13078,2011-01-27 13:37:00
542373,1866.02,1223,50,16767,2011-01-27 13:38:00
542374,264.26,126,16,15696,2011-01-27 13:40:00
542375,178.1,48,6,12626,2011-01-27 13:42:00
542377,157.4,92,9,13506,2011-01-27 13:53:00
542381,321.1,106,18,17213,2011-01-27 14:07:00
542382,204.77,83,11,14738,2011-01-27 14:10:00
542384,177.35000000000002,95,12,15827,2011-01-27 14:31:00
542386,268.8,64,8,17540,2011-01-27 14:35:00
542388,159.60000000000002,48,9,14239,2011-01-27 14:45:00
542389,182.45000000000002,119,12,12868,2011-01-27 14:46:00
542390,317.15,116,17,16814,2011-01-27 14:48:00
542393,545.22,388,75,18125,2011-01-27 15:02:00
542397,1308.48,680,17,13328,2011-01-27 15:22:00
542398,665.0,253,68,13174,2011-01-27 15:36:00
542399,930.3000000000001,394,57,15549,2011-01-27 15:38:00
542401,307.91,225,37,14541,2011-01-27 15:51:00
542405,31.799999999999997,4,2,13534,2011-01-27 16:11:00
542406,133.45,51,18,17757,2011-01-27 16:13:00
542407,283.74,210,19,15601,2011-01-27 16:17:00
542408,392.01,343,41,13280,2011-01-27 16:29:00
542409,303.55,125,15,15311,2011-01-27 16:30:00
542411,242.42000000000002,110,6,15864,2011-01-27 16:43:00
542412,116.4,26,17,16725,2011-01-27 16:49:00
542419,96.95,65,21,14662,2011-01-27 17:41:00
542420,245.44,170,53,17180,2011-01-27 18:05:00
542422,153.15,51,18,14702,2011-01-27 19:33:00
542423,1131.0,614,22,15057,2011-01-28 09:09:00
542425,218.45,61,11,12574,2011-01-28 09:20:00
542428,2938.7599999999998,2804,21,17404,2011-01-28 10:00:00
542429,335.82,198,13,13330,2011-01-28 10:08:00
542430,313.70000000000005,74,8,13552,2011-01-28 10:10:00
542431,427.40000000000003,138,20,12853,2011-01-28 10:28:00
542432,166.8,24,3,13538,2011-01-28 10:40:00
542433,401.58000000000004,408,19,12726,2011-01-28 10:45:00
542434,316.06,193,16,16755,2011-01-28 10:47:00
542470,318.0,152,16,14133,2011-01-28 11:27:00
542503,622.62,465,35,16327,2011-01-28 11:58:00
542506,743.9,164,26,16523,2011-01-28 12:06:00
542511,358.9,117,9,15527,2011-01-28 12:07:00
542517,1521.1,462,8,13694,2011-01-28 12:11:00
542519,564.5,224,21,15159,2011-01-28 12:19:00
542520,238.67,167,32,15547,2011-01-28 12:21:00
542521,150.88,63,16,17965,2011-01-28 12:28:00
542526,593.17,323,49,14659,2011-01-28 12:43:00
542527,522.08,266,20,17188,2011-01-28 12:48:00
542528,215.51999999999998,178,15,13141,2011-01-28 13:04:00
542530,208.61,85,12,15365,2011-01-28 13:08:00
542533,100.8,16,2,16019,2011-01-28 13:18:00
542534,583.41,231,32,13707,2011-01-28 13:27:00
542535,459.8,105,21,12735,2011-01-28 13:37:00
542538,367.29,235,23,15079,2011-01-28 13:54:00
542542,384.68,110,20,12431,2011-01-28 14:37:00
542543,309.05,123,16,13141,2011-01-28 14:42:00
542549,19.8,4,1,15696,2011-01-28 14:45:00
542568,160.05,67,8,14215,2011-01-28 14:53:00
542578,454.3,295,30,13709,2011-01-28 14:57:00
542583,483.90000000000003,154,8,14051,2011-01-28 15:09:00
542584,162.2,53,20,18016,2011-01-28 15:21:00
542585,243.36,67,16,17329,2011-01-28 15:29:00
542586,626.6,340,34,12377,2011-01-28 15:45:00
542587,304.74,98,5,14401,2011-01-28 15:53:00
542590,159.85,83,10,17920,2011-01-28 16:18:00
542591,119.85000000000001,3,1,13089,2011-01-28 16:42:00
542595,421.1,174,38,14040,2011-01-30 10:19:00
542596,182.8,24,9,14532,2011-01-30 10:27:00
542597,159.43,21,12,16326,2011-01-30 10:33:00
542598,109.25,29,19,14805,2011-01-30 10:43:00
542599,102.64,94,18,17062,2011-01-30 11:01:00
542600,310.61,139,30,16923,2011-01-30 11:11:00
542601,213.03,58,30,16897,2011-01-30 11:52:00
542602,195.35,55,25,15579,2011-01-30 12:09:00
542603,340.24,202,14,16985,2011-01-30 12:09:00
542605,225.1,59,24,17796,2011-01-30 12:42:00
542606,163.8,76,5,14595,2011-01-30 13:36:00
542607,392.8,138,53,13148,2011-01-30 13:48:00
542608,265.55,182,51,16770,2011-01-30 13:51:00
542609,112.75,29,8,13161,2011-01-30 14:03:00
542610,351.56,240,32,13148,2011-01-30 14:05:00
542611,559.61,551,46,15415,2011-01-30 14:13:00
542612,165.9,82,25,17841,2011-01-30 14:19:00
542613,403.3,292,41,17431,2011-01-30 14:36:00
542614,197.25000000000003,63,7,15708,2011-01-30 14:37:00
542615,14.95,1,1,13148,2011-01-30 15:22:00
542616,249.67000000000002,143,15,16816,2011-01-30 15:40:00
542617,691.46,410,87,17463,2011-01-30 15:48:00
542618,152.07,64,39,14502,2011-01-30 15:52:00
542619,562.39,257,48,13869,2011-01-30 15:54:00
542620,343.55,204,19,13089,2011-01-31 08:56:00
542621,493.53000000000003,281,31,12528,2011-01-31 09:05:00
542623,382.5,150,15,17239,2011-01-31 09:41:00
542626,279.3,182,19,12720,2011-01-31 09:51:00
542627,568.82,454,40,14426,2011-01-31 09:51:00
542628,132.35,9,3,14426,2011-01-31 09:55:00
542629,3174.4300000000003,1617,46,12731,2011-01-31 09:57:00
542630,60.48,144,1,13784,2011-01-31 10:08:00
542631,123.95,50,11,12841,2011-01-31 10:09:00
542632,460.5,390,5,13324,2011-01-31 10:13:00
542634,494.64,232,28,15448,2011-01-31 10:42:00
542636,56.099999999999994,42,2,18239,2011-01-31 10:44:00
542641,203.8,36,5,17314,2011-01-31 11:25:00
542646,320.0,142,37,17220,2011-01-31 11:42:00
542647,439.18,320,28,18245,2011-01-31 11:46:00
542648,549.58,131,21,12476,2011-01-31 11:46:00
542649,145.25,89,17,17373,2011-01-31 11:46:00
542659,305.07,215,10,15738,2011-01-31 12:09:00
542662,609.01,567,42,18145,2011-01-31 12:10:00
542667,453.7,252,32,17068,2011-01-31 12:16:00
542673,101.8,22,14,14527,2011-01-31 12:18:00
542678,205.60000000000002,122,16,14688,2011-01-31 12:21:00
542690,378.0,900,1,14298,2011-01-31 12:33:00
542691,631.36,472,10,13408,2011-01-31 12:34:00
542692,131.7,37,15,14467,2011-01-31 12:35:00
542694,318.0,600,1,12908,2011-01-31 12:37:00
542707,205.3,194,5,18095,2011-01-31 12:50:00
542708,662.38,218,11,17621,2011-01-31 13:07:00
542709,378.32,264,19,15144,2011-01-31 13:17:00
542710,558.36,684,22,14776,2011-01-31 13:17:00
542711,93.60000000000001,35,23,17894,2011-01-31 13:19:00
542712,327.98,230,5,14744,2011-01-31 13:27:00
542713,1009.8,475,50,12668,2011-01-31 13:27:00
542715,177.5,114,10,16403,2011-01-31 13:39:00
542716,263.24,108,20,16407,2011-01-31 14:02:00
542717,121.17,71,41,17580,2011-01-31 14:07:00
542718,192.2,108,7,15602,2011-01-31 14:13:00
542719,214.37,124,71,17619,2011-01-31 14:18:00
542720,134.48,117,9,12778,2011-01-31 14:35:00
542722,261.59999999999997,144,3,13089,2011-01-31 14:38:00
542723,127.89999999999999,68,9,17256,2011-01-31 14:53:00
542724,265.05,151,13,16779,2011-01-31 14:59:00
542725,14.750000000000002,5,2,16191,2011-01-31 15:05:00
542727,136.24,54,27,17604,2011-01-31 15:09:00
542728,304.44,236,7,14006,2011-01-31 15:11:00
542729,315.57,260,16,15194,2011-01-31 15:17:00
542731,219.52,324,19,13600,2011-01-31 15:27:00
542733,120.52,28,26,15058,2011-01-31 15:35:00
542735,417.54,205,18,12681,2011-01-31 15:36:00
542736,0.55,1,1,14744,2011-01-31 15:37:00
542737,171.29999999999998,97,34,15058,2011-01-31 15:52:00
542739,212.99999999999997,30,3,17389,2011-01-31 15:57:00
542741,176.66,250,22,17375,2011-01-31 16:02:00
542743,14.750000000000002,5,2,16191,2011-01-31 16:26:00
542745,339.29,154,23,15881,2011-01-31 16:47:00
542746,1.9,2,1,15881,2011-01-31 16:48:00
542759,4.95,1,1,15881,2011-01-31 16:59:00
542776,312.9,306,14,15240,2011-02-01 08:23:00
542777,797.77,463,45,14911,2011-02-01 08:31:00
542778,234.47,73,14,14496,2011-02-01 09:01:00
542779,409.5,250,18,17147,2011-02-01 09:36:00
542780,698.6,270,22,17675,2011-02-01 09:38:00
542782,314.15000000000003,61,11,12712,2011-02-01 10:00:00
542785,1025.34,706,13,13881,2011-02-01 10:14:00
542786,362.40000000000003,256,21,17314,2011-02-01 10:15:00
542788,450.06,342,15,16570,2011-02-01 10:37:00
542789,4446.88,2945,58,17511,2011-02-01 10:38:00
542790,280.05,135,18,16612,2011-02-01 10:38:00
542791,439.3,164,39,15039,2011-02-01 10:47:00
542795,336.91,105,14,18055,2011-02-01 10:59:00
542796,178.22,166,19,17356,2011-02-01 11:07:00
542797,268.02,307,28,17884,2011-02-01 11:08:00
542800,3.67,2,2,14606,2011-02-01 11:16:00
542806,846.69,260,39,12836,2011-02-01 11:19:00
542812,325.75,293,21,14850,2011-02-01 11:21:00
542835,184.5,202,12,13939,2011-02-01 11:30:00
542836,239.29999999999998,172,44,16745,2011-02-01 11:31:00
542858,123.42999999999999,175,18,17228,2011-02-01 11:40:00
542859,70.02,114,3,13606,2011-02-01 11:42:00
542862,159.95,76,47,14606,2011-02-01 11:51:00
542863,316.26000000000005,162,18,13494,2011-02-01 11:58:00
542864,969.74,690,20,13802,2011-02-01 12:03:00
542865,117.85,37,8,12929,2011-02-01 12:08:00
542868,252.66,98,17,16419,2011-02-01 12:25:00
542869,259.51,143,18,17035,2011-02-01 12:27:00
542870,211.94,224,20,15203,2011-02-01 12:29:00
542872,354.24000000000007,240,5,15939,2011-02-01 12:42:00
542881,150.2,58,30,14587,2011-02-01 12:54:00
542886,319.86,198,29,16515,2011-02-01 13:09:00
542887,364.6,197,14,12373,2011-02-01 13:10:00
542888,379.1,132,23,15687,2011-02-01 13:15:00
542889,241.2,136,2,16422,2011-02-01 13:20:00
542890,1003.23,778,78,15311,2011-02-01 13:25:00
542891,2489.11,1184,43,16705,2011-02-01 13:26:00
542892,155.51999999999998,432,1,13784,2011-02-01 13:28:00
542893,485.73,197,23,18202,2011-02-01 13:36:00
542894,214.45,113,12,12775,2011-02-01 13:45:00
542895,289.24,136,56,14549,2011-02-01 13:47:00
542896,270.0,40,4,15981,2011-02-01 13:50:00
542897,303.0,60,5,15854,2011-02-01 13:55:00
542898,404.0,206,111,16110,2011-02-01 14:01:00
542899,105.85,35,13,17376,2011-02-01 14:12:00
542900,134.1,16,8,14180,2011-02-01 14:24:00
542901,88.3,12,6,14217,2011-02-01 14:29:00
542902,231.0,180,10,16011,2011-02-01 14:43:00
542903,40.8,48,1,15107,2011-02-01 14:46:00
542904,510.84999999999997,200,19,12682,2011-02-01 14:58:00
542905,288.98,193,12,12540,2011-02-01 15:11:00
542907,313.85,75,4,13854,2011-02-01 15:15:00
542908,271.55,70,20,13110,2011-02-01 15:24:00
542909,734.4000000000001,96,1,16716,2011-02-01 15:35:00
542911,509.5,250,12,12676,2011-02-01 15:41:00
542914,272.4,142,29,16161,2011-02-01 16:03:00
542915,35.8,4,1,15940,2011-02-01 16:18:00
542919,762.0,370,4,15971,2011-02-01 16:47:00
542920,765.0,450,5,13629,2011-02-02 07:51:00
542921,277.5,150,2,15838,2011-02-02 07:58:00
542922,490.89,161,19,12682,2011-02-02 09:06:00
542923,394.40000000000003,150,26,14665,2011-02-02 09:08:00
542925,113.64,88,4,14457,2011-02-02 09:39:00
542926,75.60000000000001,36,1,12559,2011-02-02 09:49:00
542927,303.56,180,8,18198,2011-02-02 10:06:00
542928,505.98,426,27,17863,2011-02-02 10:22:00
542929,289.3,105,33,17811,2011-02-02 10:34:00
542930,530.1,266,9,14233,2011-02-02 10:41:00
542931,184.95,125,12,15589,2011-02-02 10:46:00
542932,1341.96,712,46,13089,2011-02-02 10:54:00
542933,1063.0,196,14,14411,2011-02-02 10:56:00
542934,991.98,395,27,13093,2011-02-02 11:01:00
542944,162.1,142,4,17560,2011-02-02 11:14:00
542989,154.41,71,8,15226,2011-02-02 11:41:00
542990,141.3,44,9,13468,2011-02-02 11:43:00
542992,30.0,24,1,14460,2011-02-02 11:55:00
542993,303.84000000000003,136,18,16156,2011-02-02 12:02:00
542994,675.0,198,16,17230,2011-02-02 12:03:00
542995,158.57999999999998,38,9,13728,2011-02-02 12:09:00
542996,227.71,95,9,15046,2011-02-02 12:10:00
543001,314.63,161,20,14127,2011-02-02 12:26:00
543002,117.09,97,8,13491,2011-02-02 12:36:00
543003,126.82,78,8,14312,2011-02-02 12:38:00
543005,144.2,116,10,16378,2011-02-02 12:42:00
543006,325.41,86,29,17975,2011-02-02 12:53:00
543007,160.85,105,10,13894,2011-02-02 12:54:00
543008,442.88,292,11,13824,2011-02-02 13:07:00
543009,128.68,122,10,18041,2011-02-02 13:11:00
543010,349.27,199,21,18250,2011-02-02 13:16:00
543011,375.40000000000003,188,9,15270,2011-02-02 13:25:00
543012,7.2,2,2,17961,2011-02-02 13:28:00
543015,398.0,223,12,14188,2011-02-02 13:46:00
543016,165.0,100,1,18017,2011-02-02 13:57:00
543017,15.0,1,1,13199,2011-02-02 14:17:00
543019,21.6,4,2,17912,2011-02-02 14:25:00
543020,203.58,85,34,15005,2011-02-02 14:29:00
543021,295.06,174,16,15421,2011-02-02 14:36:00
543022,650.76,394,70,16771,2011-02-02 14:37:00
543023,307.3,174,9,15270,2011-02-02 14:38:00
543024,345.02,188,12,13777,2011-02-02 14:39:00
543025,68.10000000000001,102,5,17446,2011-02-02 14:40:00
543027,153.76,145,7,12414,2011-02-02 14:51:00
543028,304.9,184,19,14443,2011-02-02 15:09:00
543029,349.89,111,4,13576,2011-02-02 15:13:00
543030,150.5,207,10,12437,2011-02-02 15:22:00
543031,75.68,76,6,14798,2011-02-02 15:26:00
543032,97.5,50,3,12990,2011-02-02 15:39:00
543033,206.79000000000002,66,29,17841,2011-02-02 15:48:00
543036,124.05,46,18,17223,2011-02-02 15:57:00
543037,334.4,197,17,12350,2011-02-02 16:01:00
543038,110.45000000000002,43,5,14735,2011-02-02 16:15:00
543040,989.38,688,230,17337,2011-02-02 17:06:00
543041,6.85,3,3,16405,2011-02-02 17:08:00
543043,44.35,13,3,17848,2011-02-02 17:15:00
543044,308.55,150,17,17071,2011-02-03 08:18:00
543045,207.22,86,10,14309,2011-02-03 09:04:00
543046,121.45,29,7,13873,2011-02-03 09:37:00
543047,1866.3000000000002,586,4,16210,2011-02-03 09:42:00
543048,427.94000000000005,105,8,12600,2011-02-03 09:58:00
543053,150.0,76,12,17362,2011-02-03 10:26:00
543054,313.76,212,16,13394,2011-02-03 10:39:00
543055,617.25,171,31,12502,2011-02-03 10:41:00
543056,947.4,180,16,12471,2011-02-03 10:47:00
543057,989.52,3012,2,16333,2011-02-03 10:50:00
543094,331.24,283,28,16030,2011-02-03 11:28:00
543095,170.7,59,11,16814,2011-02-03 11:30:00
543096,170.44,73,54,14044,2011-02-03 11:39:00
543098,255.76,152,10,13102,2011-02-03 11:49:00
543099,6549.12,5880,34,16684,2011-02-03 12:00:00
543106,270.20000000000005,59,10,15658,2011-02-03 12:12:00
543107,558.32,331,33,13800,2011-02-03 12:27:00
543108,241.72,122,26,14085,2011-02-03 12:37:00
543111,426.01,201,70,15719,2011-02-03 12:44:00
543113,458.9,211,26,13047,2011-02-03 13:06:00
543114,788.06,270,40,14156,2011-02-03 13:26:00
543115,120.75,72,19,14606,2011-02-03 13:27:00
543116,1177.8400000000001,643,41,17672,2011-02-03 13:29:00
543117,213.89999999999998,21,6,12464,2011-02-03 13:30:00
543118,293.96,122,17,13842,2011-02-03 13:31:00
543120,231.4,90,20,13668,2011-02-03 13:53:00
543121,336.70000000000005,184,19,12662,2011-02-03 13:58:00
543122,307.0,224,11,13819,2011-02-03 14:01:00
543123,333.3,182,19,18178,2011-02-03 14:08:00
543124,610.16,369,29,15311,2011-02-03 14:15:00
543125,132.5,22,13,17214,2011-02-03 14:41:00
543126,118.0,30,10,13581,2011-02-03 14:41:00
543127,130.8,72,4,16748,2011-02-03 14:51:00
543128,64.0,28,3,12971,2011-02-03 14:54:00
543129,195.9,122,11,14540,2011-02-03 15:02:00
543130,78.0,40,4,16997,2011-02-03 15:17:00
543131,164.1,134,11,13539,2011-02-03 15:23:00
543132,172.3,122,14,15235,2011-02-03 15:27:00
543133,71.9,18,4,15235,2011-02-03 15:27:00
543134,15.0,1,1,15885,2011-02-03 15:28:00
543161,475.37,235,29,14497,2011-02-03 17:01:00
543162,340.56,222,44,17507,2011-02-03 18:08:00
543163,118.80000000000001,24,1,16353,2011-02-03 18:45:00
543164,168.45,157,26,13208,2011-02-03 19:32:00
543165,131.35,45,21,13230,2011-02-03 19:58:00
543166,655.55,229,32,13488,2011-02-04 08:27:00
543167,331.26,150,4,17457,2011-02-04 08:56:00
543168,693.48,1306,5,13694,2011-02-04 08:58:00
543169,376.32,224,3,13694,2011-02-04 08:59:00
543170,296.52,290,10,17334,2011-02-04 09:03:00
543173,456.05,217,23,13871,2011-02-04 09:30:00
543174,267.6,120,14,16938,2011-02-04 09:34:00
543177,323.5,70,7,14466,2011-02-04 09:56:00
543178,229.6,75,13,14911,2011-02-04 10:31:00
543179,45.57,37,37,12754,2011-02-04 10:31:00
543180,625.3299999999999,203,22,12410,2011-02-04 10:38:00
543181,68.0,8,4,12410,2011-02-04 10:39:00
543183,46.7,8,3,14560,2011-02-04 11:13:00
543184,303.58000000000004,134,7,16525,2011-02-04 11:14:00
543186,196.20000000000002,36,2,17929,2011-02-04 11:40:00
543187,334.05,141,18,14778,2011-02-04 11:43:00
543188,1236.73,617,63,12567,2011-02-04 11:45:00
543189,153.94,102,11,17517,2011-02-04 11:48:00
543190,393.49,406,21,17226,2011-02-04 11:52:00
543191,206.63,136,39,13137,2011-02-04 11:54:00
543192,1987.62,2910,7,17381,2011-02-04 11:55:00
543193,947.65,177,41,13725,2011-02-04 12:18:00
543196,390.71,467,34,13309,2011-02-04 12:29:00
543197,310.73,157,14,12842,2011-02-04 12:36:00
543198,314.99999999999994,84,3,16109,2011-02-04 12:37:00
543199,195.06,118,9,13102,2011-02-04 12:40:00
543202,550.8000000000001,72,1,17291,2011-02-04 13:04:00
543214,337.2,98,9,12779,2011-02-04 13:19:00
543232,755.05,185,14,13113,2011-02-04 13:28:00
543235,318.92,151,44,14462,2011-02-04 13:30:00
543240,15.8,4,2,14462,2011-02-04 13:47:00
543242,381.32,208,23,15090,2011-02-04 14:03:00
543243,353.09999999999997,118,3,15199,2011-02-04 14:04:00
543245,121.22999999999999,46,22,16725,2011-02-04 14:08:00
543246,103.25,80,16,17315,2011-02-04 14:14:00
543247,585.0,324,4,16029,2011-02-04 14:23:00
543248,791.52,432,4,16029,2011-02-04 14:25:00
543249,182.15,87,9,13963,2011-02-04 14:43:00
543250,335.53,283,25,13911,2011-02-04 14:46:00
543251,516.95,217,30,14194,2011-02-04 14:51:00
543252,361.70000000000005,126,12,17685,2011-02-04 14:58:00
543253,310.0,5,2,14842,2011-02-04 15:32:00
543255,303.33,115,13,13050,2011-02-04 15:43:00
543256,123.21,95,11,17293,2011-02-04 15:54:00
543264,255.03,186,24,13069,2011-02-04 16:34:00
543272,136.65,61,16,14810,2011-02-06 11:11:00
543273,449.09,246,44,16456,2011-02-06 11:29:00
543274,145.5,99,13,17392,2011-02-06 12:48:00
543275,142.4,37,24,13584,2011-02-06 12:49:00
543276,974.62,430,12,16525,2011-02-06 13:57:00
543277,735.9,237,55,15808,2011-02-06 14:33:00
543278,203.82,406,11,16745,2011-02-06 14:43:00
543279,319.4,359,38,17105,2011-02-06 14:46:00
543280,131.9,82,9,14438,2011-02-06 14:56:00
543281,92.32000000000001,45,28,14606,2011-02-06 15:34:00
543282,108.07,34,19,12956,2011-02-06 16:08:00
543283,83.35,29,5,15781,2011-02-07 09:15:00
543284,137.65,71,8,14410,2011-02-07 09:36:00
543285,393.33000000000004,125,25,14600,2011-02-07 09:48:00
543286,972.72,444,18,14952,2011-02-07 09:50:00
543287,620.37,319,6,16422,2011-02-07 10:03:00
543288,182.85,99,11,17302,2011-02-07 10:14:00
543291,143.92000000000002,16,7,14180,2011-02-07 10:50:00
543292,295.45,166,26,14534,2011-02-07 11:15:00
543293,586.8,332,41,17613,2011-02-07 11:20:00
543294,127.35000000000001,15,7,17849,2011-02-07 11:39:00
543300,1637.19,829,124,13334,2011-02-07 11:42:00
543306,336.78000000000003,219,98,16686,2011-02-07 11:56:00
543309,240.84,102,53,18118,2011-02-07 12:05:00
543325,110.7,66,7,17692,2011-02-07 12:22:00
543332,205.1,110,11,13955,2011-02-07 12:24:00
543342,424.41,294,29,17162,2011-02-07 12:27:00
543348,290.0,2,1,13983,2011-02-07 12:46:00
543349,219.98999999999998,89,26,17774,2011-02-07 13:13:00
543350,155.05,29,11,13809,2011-02-07 13:15:00
543351,165.0,132,11,15407,2011-02-07 13:18:00
543352,29.65,7,4,15577,2011-02-07 13:32:00
543354,818.86,522,39,13458,2011-02-07 13:50:00
543355,208.76,115,38,16033,2011-02-07 13:50:00
543357,124.05000000000001,37,6,12388,2011-02-07 13:59:00
543359,122.3,40,10,16332,2011-02-07 14:16:00
543367,438.82,269,22,18225,2011-02-07 14:33:00
543369,219.36,92,29,16255,2011-02-07 14:49:00
543370,1838.9099999999999,465,80,12359,2011-02-07 14:51:00
543371,409.93,288,83,14048,2011-02-07 14:53:00
543372,67.95,21,2,16321,2011-02-07 15:01:00
543373,181.44,104,10,16945,2011-02-07 15:04:00
543374,319.35,163,17,16945,2011-02-07 15:05:00
543376,67.95,21,2,16321,2011-02-07 15:10:00
543377,220.98000000000002,192,15,13725,2011-02-07 15:14:00
543378,4379.76,1008,2,18102,2011-02-07 15:34:00
543379,6155.719999999999,1420,4,18102,2011-02-07 15:37:00
543380,143.1,90,7,14293,2011-02-07 15:47:00
543382,307.23,225,39,14030,2011-02-07 16:21:00
543387,1306.28,1126,14,14646,2011-02-08 09:41:00
543389,150.26000000000002,57,19,17841,2011-02-08 09:56:00
543391,306.55,131,16,14475,2011-02-08 10:12:00
543392,602.72,416,9,16839,2011-02-08 10:15:00
543393,163.7,86,10,13534,2011-02-08 10:17:00
543394,1495.2,528,5,15797,2011-02-08 10:17:00
543395,15.9,2,1,13534,2011-02-08 10:17:00
543396,313.66,242,3,15189,2011-02-08 10:28:00
543397,141.92000000000002,102,23,17859,2011-02-08 10:32:00
543398,199.8,128,10,16458,2011-02-08 10:47:00
543400,213.15,148,15,14688,2011-02-08 11:27:00
543411,266.85,199,19,12576,2011-02-08 11:31:00
543413,244.79999999999998,96,3,13098,2011-02-08 11:32:00
543428,449.98,224,40,17787,2011-02-08 11:36:00
543446,146.2,40,8,15827,2011-02-08 12:01:00
543447,802.65,440,48,16265,2011-02-08 12:01:00
543449,336.0,160,7,16553,2011-02-08 12:12:00
543452,303.00000000000006,80,9,16037,2011-02-08 12:14:00
543454,140.55,24,15,14527,2011-02-08 12:20:00
543455,326.4,384,2,17858,2011-02-08 12:38:00
543456,79.2,144,1,15753,2011-02-08 12:41:00
543457,603.4399999999999,340,9,17428,2011-02-08 12:47:00
543458,152.87,79,32,14587,2011-02-08 13:28:00
543459,201.86,216,14,12599,2011-02-08 13:28:00
543462,313.90000000000003,130,13,17655,2011-02-08 13:39:00
543463,694.27,518,33,15311,2011-02-08 14:06:00
543464,364.32,308,10,16779,2011-02-08 14:15:00
543466,459.36,228,20,16713,2011-02-08 14:34:00
543468,262.85,87,28,14562,2011-02-08 14:45:00
543470,1053.79,1066,70,16951,2011-02-08 14:58:00
543474,495.83,191,51,14415,2011-02-08 15:09:00
543476,303.24,205,17,13050,2011-02-08 15:24:00
543477,15.0,12,1,17315,2011-02-08 15:30:00
543478,849.04,392,7,13798,2011-02-08 15:38:00
543479,90.0,24,1,16998,2011-02-08 15:42:00
543480,52.35,11,3,13133,2011-02-08 15:48:00
543481,103.1,68,19,14606,2011-02-08 16:25:00
543482,133.35000000000002,32,8,17881,2011-02-08 17:16:00
543483,78.62,36,5,18075,2011-02-09 09:10:00
543484,455.02,301,27,12721,2011-02-09 10:11:00
543485,118.95000000000002,27,8,15843,2011-02-09 10:19:00
543486,510.07,185,27,13319,2011-02-09 10:24:00
543487,197.0,84,11,13319,2011-02-09 10:25:00
543492,168.9,160,13,12720,2011-02-09 10:41:00
543507,371.6,172,24,15039,2011-02-09 10:49:00
543518,5735.24,2962,48,12753,2011-02-09 11:21:00
543519,691.36,372,20,17083,2011-02-09 11:38:00
543520,29.700000000000003,6,1,15827,2011-02-09 11:43:00
543523,38.1,30,3,12971,2011-02-09 12:07:00
543527,314.1,116,11,15970,2011-02-09 12:08:00
543529,178.15,35,9,18109,2011-02-09 12:16:00
543534,309.06,266,13,13590,2011-02-09 13:25:00
543535,620.75,369,60,17537,2011-02-09 13:37:00
543537,84.3,11,5,12401,2011-02-09 13:50:00
543538,401.5,158,25,16143,2011-02-09 13:57:00
543539,148.4,61,11,17757,2011-02-09 14:18:00
543540,141.36,92,8,17412,2011-02-09 14:44:00
543541,762.11,287,40,12462,2011-02-09 14:44:00
543542,231.91,256,14,16607,2011-02-09 15:25:00
543543,205.48,113,36,17843,2011-02-09 15:33:00
543547,119.15,45,17,17358,2011-02-09 16:57:00
543548,330.79,189,20,13706,2011-02-10 09:21:00
543549,1045.44,4752,5,17940,2011-02-10 09:29:00
543550,113.10000000000001,51,6,12601,2011-02-10 09:43:00
543553,209.25,295,14,16359,2011-02-10 10:08:00
543554,493.5,168,12,14733,2011-02-10 10:17:00
543555,1592.61,616,68,17686,2011-02-10 10:18:00
543565,470.36,130,17,14431,2011-02-10 10:40:00
543586,198.8,112,13,15809,2011-02-10 11:16:00
543587,238.85,177,16,12561,2011-02-10 11:39:00
543588,1127.52,780,5,17381,2011-02-10 11:40:00
543589,191.0,200,2,17381,2011-02-10 11:41:00
543590,216.57999999999998,144,19,17377,2011-02-10 11:44:00
543591,310.5,64,5,13854,2011-02-10 11:46:00
543592,263.8,106,14,17243,2011-02-10 11:57:00
543593,597.3,186,7,14465,2011-02-10 12:13:00
543594,852.9200000000001,496,19,18093,2011-02-10 12:15:00
543595,320.52,217,3,16027,2011-02-10 12:19:00
543596,168.35,59,9,14898,2011-02-10 12:21:00
543597,801.6,274,34,12857,2011-02-10 12:32:00
543598,464.82,212,18,18230,2011-02-10 13:06:00
543600,184.45,93,25,18168,2011-02-10 13:19:00
543601,62.6,14,4,14560,2011-02-10 13:27:00
543602,116.85,34,14,15570,2011-02-10 13:34:00
543604,264.03,147,18,16558,2011-02-10 13:54:00
543610,302.7,199,21,16425,2011-02-10 14:30:00
543612,384.6,68,2,16711,2011-02-10 14:46:00
543618,160.15,53,8,13468,2011-02-10 14:49:00
543619,520.5699999999999,370,30,16842,2011-02-10 14:51:00
543622,10.5,25,1,17334,2011-02-10 14:59:00
543623,160.4,184,2,16405,2011-02-10 15:24:00
543625,321.56,454,13,12583,2011-02-10 15:38:00
543626,343.92,124,19,15796,2011-02-10 15:40:00
543630,120.03,70,9,15046,2011-02-10 16:01:00
543631,498.1,340,78,14081,2011-02-10 16:17:00
543639,93.84,58,17,16725,2011-02-10 16:52:00
543641,186.34,90,14,14555,2011-02-10 17:19:00
543642,85.86,50,19,16161,2011-02-10 17:40:00
543645,107.65,46,18,17609,2011-02-10 17:54:00
543646,116.8,54,11,17790,2011-02-10 19:44:00
543647,106.8,66,17,12841,2011-02-10 19:49:00
543648,259.05,179,17,15114,2011-02-11 08:45:00
543649,610.2,84,2,17809,2011-02-11 09:11:00
543650,790.8,56,2,12980,2011-02-11 09:17:00
543651,335.3,272,19,16306,2011-02-11 10:06:00
543652,479.48,405,34,15544,2011-02-11 10:15:00
543653,352.46,187,63,14796,2011-02-11 10:26:00
543657,333.2,106,10,15133,2011-02-11 10:38:00
543658,425.05,339,12,13819,2011-02-11 10:38:00
543664,136.3,88,10,17705,2011-02-11 10:57:00
543668,133.0,24,16,18118,2011-02-11 11:17:00
543669,2256.0,2400,1,16029,2011-02-11 11:22:00
543670,468.0,144,2,16013,2011-02-11 11:23:00
543672,306.0,72,1,16013,2011-02-11 11:25:00
543673,554.4,80,2,16013,2011-02-11 11:28:00
543674,1252.2,316,3,16013,2011-02-11 11:28:00
543675,382.5,150,1,16013,2011-02-11 11:31:00
543688,330.8,50,2,15270,2011-02-11 11:36:00
543691,223.20000000000002,48,1,17924,2011-02-11 11:38:00
543693,128.8,64,2,12897,2011-02-11 11:40:00
543730,112.5,90,4,16928,2011-02-11 11:57:00
543731,594.4,419,14,17677,2011-02-11 11:57:00
543733,231.51,262,14,12395,2011-02-11 12:16:00
543734,494.51,373,23,17512,2011-02-11 12:22:00
543735,514.56,228,10,16191,2011-02-11 12:32:00
543736,610.5500000000001,264,30,15044,2011-02-11 12:36:00
543737,2355.9500000000003,639,52,12477,2011-02-11 12:45:00
543738,76.32000000000001,72,1,13094,2011-02-11 12:48:00
543739,137.89999999999998,96,12,15550,2011-02-11 12:49:00
543740,350.82,278,23,15311,2011-02-11 13:36:00
543746,324.25,85,11,17675,2011-02-11 13:50:00
543747,124.26,38,3,13672,2011-02-11 13:53:00
543748,313.8,112,7,12913,2011-02-11 13:54:00
543754,530.15,139,23,18159,2011-02-11 14:26:00
543759,377.48,252,12,12921,2011-02-11 15:12:00
543770,340.65,302,24,13875,2011-02-11 15:39:00
543774,1078.9,730,20,15856,2011-02-11 15:56:00
543777,252.29,130,42,15406,2011-02-11 16:19:00
543788,2.42,2,2,15061,2011-02-11 17:06:00
543797,278.65,56,9,15465,2011-02-13 10:24:00
543798,178.75,86,14,15058,2011-02-13 11:13:00
543799,119.76,40,5,17236,2011-02-13 11:22:00
543800,723.9,606,78,17282,2011-02-13 11:36:00
543801,210.7,52,9,17811,2011-02-13 11:52:00
543802,522.15,154,64,13742,2011-02-13 12:03:00
543803,299.72,183,57,17126,2011-02-13 12:05:00
543804,393.5,205,25,16434,2011-02-13 12:17:00
543805,130.15,68,18,17050,2011-02-13 12:41:00
543806,233.96,114,31,17085,2011-02-13 12:48:00
543807,121.25,61,12,14692,2011-02-13 13:15:00
543808,132.25,77,29,17454,2011-02-13 13:22:00
543809,230.81,91,18,17095,2011-02-13 13:52:00
543810,140.35,53,23,13171,2011-02-13 14:16:00
543812,248.71,145,59,17472,2011-02-13 14:40:00
543813,76.75,15,7,16897,2011-02-13 15:02:00
543814,964.2,376,24,15640,2011-02-13 15:17:00
543815,108.26,73,36,17255,2011-02-13 15:18:00
543816,95.47999999999999,52,21,17841,2011-02-13 15:26:00
543820,436.18,216,38,16084,2011-02-13 16:05:00
543821,928.05,483,53,17667,2011-02-14 09:24:00
543822,446.16,219,13,12507,2011-02-14 09:24:00
543823,540.0,192,4,17937,2011-02-14 09:27:00
543824,309.5,160,12,14631,2011-02-14 09:31:00
543825,421.8,68,7,16098,2011-02-14 09:33:00
543828,2024.57,939,76,14156,2011-02-14 09:45:00
543829,3376.08,1536,15,12939,2011-02-14 09:47:00
543831,3257.4,1948,10,15769,2011-02-14 09:57:00
543832,416.11,267,24,13381,2011-02-14 10:10:00
543833,160.2,47,8,12476,2011-02-14 10:24:00
543836,321.05,269,15,15236,2011-02-14 10:52:00
543839,103.7,30,3,17811,2011-02-14 11:08:00
543842,1119.3600000000001,1056,1,16333,2011-02-14 11:22:00
543852,1165.96,724,9,14258,2011-02-14 11:57:00
543900,642.29,412,30,12621,2011-02-14 12:11:00
543901,115.0,28,6,17659,2011-02-14 12:13:00
543907,102.62,59,18,17346,2011-02-14 12:16:00
543908,405.30000000000007,114,3,16422,2011-02-14 12:28:00
543910,317.12,222,23,13475,2011-02-14 12:36:00
543911,889.24,496,30,17829,2011-02-14 12:46:00
543912,379.74,178,5,16701,2011-02-14 12:53:00
543913,151.68,61,17,17591,2011-02-14 13:11:00
543914,109.5,46,9,14715,2011-02-14 13:19:00
543915,298.05,375,21,13717,2011-02-14 13:21:00
543919,197.82,190,11,13157,2011-02-14 14:03:00
543921,223.74,122,15,13911,2011-02-14 14:13:00
543923,187.50000000000003,66,8,14644,2011-02-14 14:14:00
543924,101.45,27,21,16904,2011-02-14 14:14:00
543934,102.89999999999999,64,8,12993,2011-02-14 14:29:00
543935,901.6,136,7,12989,2011-02-14 14:39:00
543973,282.7,177,42,17571,2011-02-14 15:15:00
543975,316.89,127,42,17231,2011-02-14 15:23:00
543976,1380.4,664,4,13089,2011-02-14 15:26:00
543977,710.31,305,25,15615,2011-02-14 15:35:00
543978,424.15999999999997,475,60,12867,2011-02-14 15:37:00
543979,169.44,57,39,14606,2011-02-14 15:43:00
543981,367.76,263,26,15358,2011-02-15 08:18:00
543982,281.8,111,12,15358,2011-02-15 08:21:00
543983,347.15,93,11,16979,2011-02-15 09:20:00
543984,549.04,432,29,15601,2011-02-15 09:35:00
543986,3.75,3,1,16738,2011-02-15 09:46:00
543987,383.59999999999997,147,9,14849,2011-02-15 09:49:00
543988,17.700000000000003,6,1,14849,2011-02-15 09:50:00
543989,14022.92,8384,69,12415,2011-02-15 09:52:00
543990,397.04,236,24,15122,2011-02-15 09:59:00
543991,615.0,1700,3,13848,2011-02-15 10:17:00
543993,305.46,178,18,17612,2011-02-15 10:40:00
543994,1696.4,1280,4,12931,2011-02-15 10:41:00
543995,793.5,442,12,13408,2011-02-15 10:45:00
543996,458.53,181,26,15811,2011-02-15 10:46:00
543997,160.15,199,36,17348,2011-02-15 10:49:00
543998,264.6,228,4,18093,2011-02-15 10:52:00
544035,821.1,190,21,13893,2011-02-15 11:30:00
544036,188.7,18,2,17315,2011-02-15 11:30:00
544037,920.33,531,51,14961,2011-02-15 11:31:00
544039,211.0,31,3,14744,2011-02-15 11:33:00
544040,254.17000000000002,92,49,14701,2011-02-15 11:40:00
544041,375.56,180,17,17730,2011-02-15 11:50:00
544042,91.2,29,15,14527,2011-02-15 11:52:00
544043,12.75,1,1,14527,2011-02-15 11:58:00
544044,181.8,44,14,14659,2011-02-15 12:05:00
544045,1023.84,336,8,13941,2011-02-15 12:12:00
544051,433.0,266,27,16700,2011-02-15 12:40:00
544055,301.6,168,11,14035,2011-02-15 12:48:00
544056,287.74,202,19,13004,2011-02-15 12:48:00
544058,230.15,76,16,14176,2011-02-15 12:56:00
544059,120.16,52,18,14534,2011-02-15 13:00:00
544060,156.0,61,15,13623,2011-02-15 13:08:00
544061,66.0,24,2,14176,2011-02-15 13:12:00
544062,784.74,430,27,15311,2011-02-15 13:19:00
544064,127.95,22,19,17114,2011-02-15 13:50:00
544065,262.44,104,17,14346,2011-02-15 13:52:00
544066,181.5,90,5,12971,2011-02-15 13:53:00
544067,269.59,143,20,16431,2011-02-15 14:02:00
544068,65.01,52,20,16431,2011-02-15 14:08:00
544069,255.6,98,11,12616,2011-02-15 14:17:00
544070,570.02,242,28,15370,2011-02-15 14:19:00
544071,570.76,382,30,16317,2011-02-15 14:30:00
544073,1784.71,935,10,14935,2011-02-15 14:44:00
544074,841.26,458,109,14156,2011-02-15 14:49:00
544075,3506.2400000000002,1932,23,14156,2011-02-15 14:50:00
544076,75.0,60,2,16407,2011-02-15 15:00:00
544077,235.44,173,30,14825,2011-02-15 15:04:00
544078,122.39999999999999,48,1,16073,2011-02-15 15:41:00
544079,165.0,100,1,14477,2011-02-15 15:44:00
544081,855.9999999999999,264,13,17819,2011-02-15 15:49:00
544083,303.57,125,10,15606,2011-02-15 15:51:00
544084,89.2,40,5,14760,2011-02-15 16:27:00
544087,344.69,200,69,17530,2011-02-15 17:02:00
544090,210.2,112,11,13880,2011-02-16 08:15:00
544091,175.5,122,10,14897,2011-02-16 08:37:00
544092,77.5,62,6,17512,2011-02-16 09:03:00
544093,363.36,144,7,13750,2011-02-16 09:08:00
544094,377.32,250,26,15810,2011-02-16 09:11:00
544095,363.7,64,13,16509,2011-02-16 09:25:00
544096,142.4,54,7,14386,2011-02-16 09:45:00
544097,1683.9,1522,41,12455,2011-02-16 09:56:00
544098,1129.3500000000001,396,32,16019,2011-02-16 10:04:00
544100,254.44,108,19,15002,2011-02-16 10:25:00
544101,142.85,109,10,16378,2011-02-16 10:32:00
544102,255.66,86,14,14665,2011-02-16 10:32:00
544103,20.38,15,11,17961,2011-02-16 10:33:00
544104,81.6,32,1,14665,2011-02-16 10:34:00
544105,424.85,210,24,17567,2011-02-16 10:38:00
544106,662.86,359,43,14530,2011-02-16 10:47:00
544107,173.05,91,12,15670,2011-02-16 10:50:00
544108,779.1,286,16,12653,2011-02-16 10:53:00
544109,112.45,90,10,12841,2011-02-16 10:56:00
544110,184.18,57,29,15059,2011-02-16 11:03:00
544111,891.35,275,22,16126,2011-02-16 11:18:00
544112,369.18,156,28,15039,2011-02-16 11:37:00
544115,919.66,777,48,12727,2011-02-16 11:45:00
544125,285.24,268,3,13199,2011-02-16 11:53:00
544129,434.6,135,6,13199,2011-02-16 11:54:00
544143,87.8,20,2,15759,2011-02-16 11:58:00
544147,10.82,12,3,16306,2011-02-16 11:59:00
544150,119.15,15,7,14180,2011-02-16 11:59:00
544151,189.37,74,13,15024,2011-02-16 12:02:00
544152,144.0,2400,1,14609,2011-02-16 12:10:00
544153,251.29,114,40,15356,2011-02-16 12:11:00
544154,390.0,600,1,13414,2011-02-16 12:13:00
544155,306.0,40,1,12823,2011-02-16 12:15:00
544156,296.5,98,15,12352,2011-02-16 12:33:00
544157,399.22,224,20,12372,2011-02-16 12:46:00
544158,132.60000000000002,64,6,14944,2011-02-16 12:47:00
544159,621.69,284,22,14944,2011-02-16 12:48:00
544160,826.53,675,47,16494,2011-02-16 12:49:00
544161,398.79,233,22,16875,2011-02-16 12:59:00
544162,178.66,138,22,14959,2011-02-16 13:00:00
544163,37.5,18,2,16875,2011-02-16 13:02:00
544164,601.94,762,6,17306,2011-02-16 13:02:00
544165,308.78000000000003,102,16,14210,2011-02-16 13:11:00
544166,337.5,50,4,14051,2011-02-16 13:14:00
544167,506.02,134,27,14755,2011-02-16 13:14:00
544168,314.4,144,2,13798,2011-02-16 13:16:00
544169,348.57000000000005,129,13,13078,2011-02-16 13:44:00
544170,76.32000000000001,72,1,16148,2011-02-16 14:01:00
544176,94.31,45,6,18219,2011-02-16 14:18:00
544177,1820.67,930,86,13001,2011-02-16 14:27:00
544178,388.05,105,6,14543,2011-02-16 14:40:00
544179,321.25,219,17,17422,2011-02-16 14:44:00
544180,233.42000000000002,280,8,14309,2011-02-16 14:48:00
544181,519.08,332,27,17175,2011-02-16 14:56:00
544182,328.40000000000003,112,15,18257,2011-02-16 15:13:00
544183,786.8399999999999,524,3,17857,2011-02-16 15:43:00
544185,149.46,141,1,16684,2011-02-16 15:51:00
544187,257.85,211,15,14107,2011-02-16 16:31:00
544189,133.0,36,8,15867,2011-02-16 16:40:00
544190,193.01,239,15,13089,2011-02-16 16:56:00
544191,772.8000000000001,367,30,13089,2011-02-16 16:57:00
544192,17.700000000000003,6,1,13089,2011-02-16 16:58:00
544193,640.1,279,37,12431,2011-02-17 08:23:00
544194,597.58,346,12,16839,2011-02-17 08:40:00
544195,152.7,146,6,13305,2011-02-17 08:58:00
544196,202.9,102,5,13327,2011-02-17 09:47:00
544197,105.5,26,3,12971,2011-02-17 09:52:00
544198,84.0,36,3,12971,2011-02-17 09:53:00
544199,244.68,144,6,13777,2011-02-17 10:04:00
544200,250.0,116,16,12494,2011-02-17 10:08:00
544203,479.1,229,27,12362,2011-02-17 10:30:00
544209,235.79,61,12,16235,2011-02-17 10:51:00
544210,281.12,87,14,14911,2011-02-17 11:01:00
544211,331.2,166,18,13018,2011-02-17 11:05:00
544271,304.65999999999997,190,14,17083,2011-02-17 11:46:00
544277,114.05000000000001,135,7,13718,2011-02-17 11:58:00
544278,1019.42,910,65,15382,2011-02-17 12:01:00
544280,228.26999999999998,173,15,14754,2011-02-17 12:21:00
544281,373.98,303,5,12500,2011-02-17 12:23:00
544282,655.28,318,19,17865,2011-02-17 12:24:00
544283,1131.46,887,16,13668,2011-02-17 12:27:00
544286,1257.8700000000001,363,73,13151,2011-02-17 12:29:00
544292,296.15,316,27,16745,2011-02-17 12:33:00
544293,325.54,758,60,17954,2011-02-17 12:42:00
544294,570.88,368,36,15601,2011-02-17 12:42:00
544295,1097.58,1206,58,14298,2011-02-17 12:43:00
544296,55.44,196,2,14298,2011-02-17 12:47:00
544297,46.199999999999996,20,2,14298,2011-02-17 12:48:00
544298,790.86,646,21,14298,2011-02-17 12:51:00
544299,414.0,326,25,13178,2011-02-17 12:55:00
544301,147.33,76,24,14606,2011-02-17 12:59:00
544302,166.6,77,11,12654,2011-02-17 13:16:00
544303,161.95,57,41,18116,2011-02-17 13:28:00
544304,175.75,113,42,18125,2011-02-17 13:47:00
544305,205.5,48,13,15044,2011-02-17 13:54:00
544306,278.1,172,13,13085,2011-02-17 13:57:00
544307,161.28,384,16,15903,2011-02-17 14:04:00
544308,347.1,130,4,16525,2011-02-17 14:11:00
544309,928.58,557,29,15785,2011-02-17 14:17:00
544311,175.04,91,49,17841,2011-02-17 14:19:00
544312,8.25,3,2,17841,2011-02-17 14:26:00
544313,200.59,212,17,14099,2011-02-17 14:36:00
544314,277.81,175,14,13767,2011-02-17 14:42:00
544315,23.95,19,14,12748,2011-02-17 14:42:00
544316,640.14,362,43,16556,2011-02-17 14:49:00
544317,152.65,38,8,18138,2011-02-17 14:51:00
544319,110.98,128,17,14379,2011-02-17 15:03:00
544320,57.599999999999994,480,1,17381,2011-02-17 15:40:00
544322,145.2,156,5,14211,2011-02-17 15:50:00
544328,100.5,34,4,14371,2011-02-17 16:35:00
544329,53.400000000000006,60,3,17288,2011-02-17 16:43:00
544330,147.20000000000002,122,22,17576,2011-02-17 16:59:00
544331,15.0,1,1,12455,2011-02-17 17:05:00
544332,333.0,238,14,17419,2011-02-17 17:34:00
544334,118.80000000000001,24,1,16353,2011-02-17 19:16:00
544335,101.25,31,13,14702,2011-02-17 19:21:00
544336,139.78,106,25,13230,2011-02-17 19:36:00
544337,401.57,282,27,13425,2011-02-18 08:34:00
544338,311.55,149,17,12852,2011-02-18 08:47:00
544339,904.85,751,32,15228,2011-02-18 09:04:00
544340,152.4,108,5,12527,2011-02-18 09:41:00
544341,377.27000000000004,165,19,13012,2011-02-18 09:43:00
544349,398.22,146,14,16713,2011-02-18 10:03:00
544350,96.9,12,2,17389,2011-02-18 10:07:00
544351,825.0,500,4,16182,2011-02-18 10:11:00
544352,298.73,149,15,15290,2011-02-18 10:16:00
544353,359.8,60,5,18229,2011-02-18 10:32:00
544354,77.28,64,6,13489,2011-02-18 10:42:00
544355,968.3,753,53,12714,2011-02-18 10:53:00
544356,201.12,223,17,13904,2011-02-18 11:18:00
544368,617.48,490,57,14057,2011-02-18 11:27:00
544390,162.7,61,10,14911,2011-02-18 11:36:00
544391,314.68,198,19,15755,2011-02-18 11:53:00
544392,2807.31,1223,22,14680,2011-02-18 11:54:00
544393,214.04999999999998,151,32,16393,2011-02-18 11:56:00
544394,307.4,72,16,13932,2011-02-18 12:02:00
544395,301.85,103,7,13397,2011-02-18 12:13:00
544398,518.2,321,24,15311,2011-02-18 12:27:00
544399,256.0,111,13,12594,2011-02-18 12:28:00
544400,1092.43,1090,12,14101,2011-02-18 12:31:00
544404,177.9,122,5,16401,2011-02-18 12:56:00
544405,179.6,50,11,16814,2011-02-18 13:10:00
544406,397.29,282,49,16726,2011-02-18 13:26:00
544407,15.0,1,1,14606,2011-02-18 13:26:00
544408,58.9,105,8,16726,2011-02-18 13:29:00
544409,799.38,328,35,16265,2011-02-18 13:32:00
544411,341.7,186,16,13799,2011-02-18 14:18:00
544412,245.91,193,17,16531,2011-02-18 14:21:00
544421,212.56,140,12,13951,2011-02-18 15:21:00
544423,6.3,15,1,12553,2011-02-18 15:23:00
544426,34.0,4,1,16765,2011-02-18 15:41:00
544430,5.1,2,1,16306,2011-02-18 15:45:00
544439,358.8,398,3,13798,2011-02-20 10:16:00
544440,645.56,80,4,15465,2011-02-20 10:28:00
544441,94.89999999999999,14,2,16566,2011-02-20 10:29:00
544443,136.0,16,1,13725,2011-02-20 10:43:00
544444,383.95,351,23,13246,2011-02-20 10:51:00
544445,553.3,197,54,16746,2011-02-20 10:56:00
544446,42.0,100,1,12891,2011-02-20 11:28:00
544447,109.12,62,14,16466,2011-02-20 11:39:00
544448,111.88,58,17,14878,2011-02-20 12:01:00
544449,138.83,77,24,16115,2011-02-20 12:14:00
544450,1242.95,491,96,17811,2011-02-20 12:23:00
544452,177.68,110,13,14162,2011-02-20 12:32:00
544453,149.55,51,18,17214,2011-02-20 13:06:00
544454,173.91,95,20,13301,2011-02-20 13:13:00
544455,587.01,287,46,13097,2011-02-20 13:18:00
544456,542.15,216,11,14803,2011-02-20 13:21:00
544457,333.6,160,12,14667,2011-02-20 13:46:00
544459,752.14,490,33,17838,2011-02-20 13:52:00
544460,302.37,218,67,16931,2011-02-20 14:01:00
544461,817.3199999999999,899,44,13744,2011-02-20 14:08:00
544462,530.79,257,62,17050,2011-02-20 14:21:00
544463,505.82,126,75,12988,2011-02-20 14:31:00
544464,141.69,119,31,17323,2011-02-20 14:38:00
544465,199.3,144,23,13168,2011-02-20 15:06:00
544466,113.85,97,24,14606,2011-02-20 15:43:00
544467,293.33,105,70,14502,2011-02-20 15:51:00
544470,603.42,256,33,12707,2011-02-21 08:38:00
544471,504.72,264,16,18094,2011-02-21 08:50:00
544472,355.40000000000003,117,14,15129,2011-02-21 09:09:00
544473,305.15999999999997,108,6,14229,2011-02-21 09:45:00
544474,192.31,194,15,12423,2011-02-21 09:52:00
544475,45.0,12,1,17361,2011-02-21 09:55:00
544476,328.88,240,68,14796,2011-02-21 09:58:00
544477,567.8399999999999,336,5,16029,2011-02-21 10:07:00
544478,399.6,216,1,16333,2011-02-21 10:11:00
544479,11956.1,8174,76,14646,2011-02-21 10:28:00
544480,6323.38,4034,43,14646,2011-02-21 10:32:00
544481,113.93,91,8,18155,2011-02-21 10:36:00
544482,659.28,616,7,16656,2011-02-21 10:41:00
544483,525.3399999999999,271,12,12524,2011-02-21 10:53:00
544484,1159.47,545,38,15321,2011-02-21 11:10:00
544485,146.8,76,20,17757,2011-02-21 11:35:00
544495,973.6500000000001,454,43,12766,2011-02-21 11:42:00
544556,185.39999999999998,120,12,13477,2011-02-21 12:29:00
544565,306.0,126,17,18055,2011-02-21 12:53:00
544568,773.66,548,48,15065,2011-02-21 12:54:00
544569,681.86,369,67,16980,2011-02-21 12:58:00
544571,834.22,914,63,15146,2011-02-21 13:07:00
544572,558.59,239,29,14639,2011-02-21 13:21:00
544573,892.95,520,22,12621,2011-02-21 13:40:00
544574,320.69,173,21,12365,2011-02-21 13:51:00
544578,320.69,1,1,12365,2011-02-21 14:04:00
544582,250.23999999999998,140,8,13410,2011-02-21 14:38:00
544585,143.4,78,8,12523,2011-02-21 14:58:00
544586,1100.25,477,110,17338,2011-02-21 15:04:00
544591,560.47,429,33,13044,2011-02-21 15:20:00
544592,171.04999999999998,26,10,16775,2011-02-21 15:30:00
544596,211.0,110,12,16441,2011-02-21 17:35:00
544597,253.63,102,58,16014,2011-02-21 17:42:00
544600,108.15,17,2,18061,2011-02-22 08:24:00
544601,528.27,376,32,16638,2011-02-22 09:00:00
544602,437.9,198,11,13767,2011-02-22 09:01:00
544603,634.2,96,4,17526,2011-02-22 09:10:00
544604,364.32000000000005,144,2,13576,2011-02-22 09:11:00
544605,79.2,144,1,17512,2011-02-22 09:13:00
544606,165.0,100,1,14520,2011-02-22 09:15:00
544607,253.75,169,15,13862,2011-02-22 10:00:00
544610,330.3,136,15,16912,2011-02-22 10:09:00
544611,30.240000000000002,72,3,16912,2011-02-22 10:09:00
544612,3202.9199999999996,3906,1,18087,2011-02-22 10:43:00
544633,131.8,116,5,17315,2011-02-22 10:59:00
544634,305.3,188,43,17994,2011-02-22 11:02:00
544636,35.400000000000006,12,1,18257,2011-02-22 11:05:00
544637,487.75,393,19,16546,2011-02-22 11:20:00
544638,325.42,252,12,14688,2011-02-22 11:33:00
544642,139.8,50,13,17811,2011-02-22 11:41:00
544643,395.1,186,15,13038,2011-02-22 11:43:00
544644,513.06,266,17,17002,2011-02-22 11:46:00
544645,1240.4,560,28,16843,2011-02-22 11:58:00
544646,373.74,105,28,17075,2011-02-22 12:06:00
544647,402.65999999999997,474,16,14060,2011-02-22 12:13:00
544648,324.05,112,10,15722,2011-02-22 12:24:00
544650,53.5,9,9,16349,2011-02-22 12:40:00
544651,1972.7,1740,23,13694,2011-02-22 12:51:00
544652,479.76,360,5,13694,2011-02-22 12:53:00
544654,113.44,82,8,16913,2011-02-22 12:56:00
544656,440.83,302,28,17442,2011-02-22 13:02:00
544657,2346.34,964,118,14895,2011-02-22 13:08:00
544658,425.92,128,11,13113,2011-02-22 13:18:00
544659,220.1,55,28,18114,2011-02-22 13:20:00
544660,590.03,299,36,15078,2011-02-22 13:47:00
544661,574.02,248,31,15303,2011-02-22 13:59:00
544662,65.09,21,21,12845,2011-02-22 14:10:00
544663,426.6,164,16,18188,2011-02-22 14:43:00
544664,664.45,438,43,16045,2011-02-22 14:55:00
544666,229.83,66,29,16907,2011-02-22 15:00:00
544667,3336.7599999999998,2874,34,17511,2011-02-22 15:09:00
544668,292.63,111,16,16573,2011-02-22 15:14:00
544670,181.13,64,27,16161,2011-02-22 15:22:00
544672,3211.7,2940,44,14646,2011-02-22 15:45:00
544673,825.04,495,64,13421,2011-02-22 15:46:00
544675,116.09,97,11,16011,2011-02-22 15:59:00
544676,141.48,116,40,17841,2011-02-22 16:03:00
544677,450.78,241,78,18196,2011-02-22 16:13:00
544678,252.87,295,44,13077,2011-02-22 16:15:00
544680,9.6,8,4,13077,2011-02-22 16:19:00
544685,666.89,594,52,13285,2011-02-22 17:13:00
544686,7.8,4,4,12748,2011-02-22 17:20:00
544687,212.52,134,20,13184,2011-02-22 17:25:00
544688,312.55,111,17,18151,2011-02-23 08:29:00
544689,432.90000000000003,54,2,12980,2011-02-23 08:46:00
544690,1480.2,668,15,14156,2011-02-23 08:48:00
544691,723.63,417,41,13804,2011-02-23 09:09:00
544692,622.88,711,40,17499,2011-02-23 09:14:00
544693,94.0,20,6,15397,2011-02-23 09:25:00
544694,411.02,202,24,17706,2011-02-23 09:30:00
544695,341.2,216,19,14276,2011-02-23 09:38:00
544697,185.0,76,8,13453,2011-02-23 09:44:00
544698,259.2,360,1,17949,2011-02-23 09:53:00
544699,172.79999999999998,240,1,17949,2011-02-23 09:54:00
544700,241.68,187,17,18041,2011-02-23 10:10:00
544701,618.89,262,19,17428,2011-02-23 10:27:00
544702,284.97,198,12,17135,2011-02-23 10:27:00
544717,649.02,394,31,18172,2011-02-23 10:44:00
544724,182.75,65,7,15605,2011-02-23 10:46:00
544749,151.55,37,16,15373,2011-02-23 10:57:00
544754,312.40999999999997,365,26,16394,2011-02-23 10:58:00
544769,417.96,252,5,16422,2011-02-23 11:11:00
544774,220.53000000000003,107,13,17711,2011-02-23 11:32:00
544777,726.83,553,24,15311,2011-02-23 12:00:00
544778,450.81,143,66,14978,2011-02-23 12:03:00
544779,123.30000000000001,42,7,13865,2011-02-23 12:04:00
544788,354.56,553,36,13089,2011-02-23 12:18:00
544789,499.70000000000005,98,20,13993,2011-02-23 12:25:00
544790,757.68,549,82,16940,2011-02-23 12:27:00
544791,322.24,148,19,14289,2011-02-23 12:33:00
544792,1329.36,346,28,18172,2011-02-23 12:37:00
544793,218.88,1152,1,13694,2011-02-23 12:41:00
544794,385.46000000000004,84,4,13854,2011-02-23 12:50:00
544795,432.29,526,58,15858,2011-02-23 13:21:00
544796,497.59,243,40,16208,2011-02-23 13:37:00
544797,158.4,288,1,13489,2011-02-23 13:43:00
544798,187.65,73,11,17063,2011-02-23 13:44:00
544799,131.72,112,9,17063,2011-02-23 13:45:00
544800,299.95,97,17,15687,2011-02-23 13:45:00
544801,310.08,193,18,16145,2011-02-23 13:48:00
544802,376.74,276,18,13149,2011-02-23 13:57:00
544803,114.07,59,31,14606,2011-02-23 14:29:00
544804,346.28,176,9,17504,2011-02-23 14:40:00
544805,101.69999999999999,6,1,18068,2011-02-23 14:50:00
544806,317.73,169,16,15932,2011-02-23 14:50:00
544807,229.5,30,1,12823,2011-02-23 15:03:00
544808,171.85,60,23,14562,2011-02-23 15:11:00
544809,8.5,1,1,16692,2011-02-23 15:41:00
544810,635.41,203,18,17675,2011-02-23 15:53:00
544811,388.3,201,14,12471,2011-02-23 15:53:00
544813,104.95,43,11,15984,2011-02-23 16:23:00
544815,224.91,185,16,17171,2011-02-23 16:37:00
544816,485.03999999999996,192,6,13090,2011-02-23 16:41:00
544817,344.0,266,17,12437,2011-02-23 16:44:00
544818,95.75999999999999,96,4,12437,2011-02-23 16:45:00
544819,69.59,34,11,12748,2011-02-23 17:15:00
544821,109.0,64,2,12971,2011-02-24 09:05:00
544822,291.0,180,10,18231,2011-02-24 09:08:00
544823,900.02,382,29,14004,2011-02-24 09:28:00
544824,2639.38,894,131,17139,2011-02-24 09:32:00
544825,305.7,78,9,15606,2011-02-24 09:32:00
544826,18.75,7,7,14513,2011-02-24 09:36:00
544833,769.24,388,32,15974,2011-02-24 10:10:00
544835,188.5,48,11,17830,2011-02-24 10:15:00
544836,310.71000000000004,175,15,17613,2011-02-24 10:25:00
544837,161.41,141,36,15910,2011-02-24 10:29:00
544838,145.92,80,9,12565,2011-02-24 10:34:00
544839,596.79,355,32,14841,2011-02-24 10:50:00
544846,169.32999999999998,133,19,16719,2011-02-24 11:11:00
544847,101.19,33,5,16086,2011-02-24 11:15:00
544885,339.4,100,20,14243,2011-02-24 11:38:00
544886,205.16,141,12,12582,2011-02-24 11:42:00
544887,504.56,339,67,17364,2011-02-24 11:54:00
544888,308.95,117,19,14231,2011-02-24 11:55:00
544892,77.95,16,9,14527,2011-02-24 12:00:00
544893,596.24,566,34,17865,2011-02-24 12:01:00
544894,553.76,362,36,15805,2011-02-24 12:09:00
544895,214.71,121,14,14189,2011-02-24 12:22:00
544896,25.5,2,1,17867,2011-02-24 12:25:00
544898,129.2,66,8,14880,2011-02-24 12:27:00
544899,190.93,97,14,13118,2011-02-24 12:32:00
544900,295.15,125,18,15121,2011-02-24 12:41:00
544903,405.03000000000003,139,23,18065,2011-02-24 13:43:00
544904,311.25,107,19,13018,2011-02-24 13:46:00
544905,116.19999999999999,68,9,17117,2011-02-24 13:54:00
544906,528.32,308,15,17017,2011-02-24 14:13:00
544907,462.95,165,23,12945,2011-02-24 14:15:00
544908,363.65,211,19,18056,2011-02-24 14:27:00
544909,1991.26,1814,38,14298,2011-02-24 14:32:00
544910,584.3199999999999,140,23,16072,2011-02-24 14:32:00
544911,392.12,93,14,16838,2011-02-24 15:01:00
544912,303.22,302,9,18198,2011-02-24 15:12:00
544913,127.86,86,26,15543,2011-02-24 15:26:00
544914,314.36,229,15,16722,2011-02-24 15:39:00
544915,179.04,90,5,13777,2011-02-24 15:41:00
544916,132.17000000000002,89,19,17377,2011-02-24 15:42:00
544917,296.25,152,9,13751,2011-02-24 15:56:00
544918,836.24,561,49,13081,2011-02-24 16:30:00
544919,147.3,98,10,13725,2011-02-24 16:31:00
544920,736.95,221,24,13081,2011-02-24 16:31:00
544921,400.8,208,11,17090,2011-02-24 16:35:00
544922,180.68,348,9,15847,2011-02-24 16:46:00
544923,79.2,16,1,12877,2011-02-24 17:14:00
544924,246.32,150,17,13851,2011-02-24 17:18:00
544925,234.0,120,4,16997,2011-02-24 17:28:00
544926,105.2,32,6,13468,2011-02-24 17:50:00
544929,310.92,100,3,15189,2011-02-24 18:14:00
544930,189.56,141,50,17472,2011-02-24 18:26:00
544931,1340.32,560,52,13501,2011-02-24 18:59:00
544932,307.2,144,11,16133,2011-02-25 08:14:00
544933,1012.82,589,34,12633,2011-02-25 08:44:00
544934,389.5,141,20,13345,2011-02-25 09:01:00
544935,544.03,384,34,13870,2011-02-25 09:09:00
544936,1295.3999999999999,204,1,15769,2011-02-25 09:37:00
544937,351.56,212,20,12839,2011-02-25 10:09:00
544939,141.79999999999998,98,6,17034,2011-02-25 10:10:00
544940,455.28000000000003,334,29,16592,2011-02-25 10:19:00
544941,169.94,120,11,12841,2011-02-25 10:25:00
544942,365.1,304,24,15544,2011-02-25 10:29:00
544943,929.22,358,27,15845,2011-02-25 10:39:00
544944,292.40000000000003,96,16,14541,2011-02-25 10:46:00
544945,847.38,508,48,17735,2011-02-25 10:53:00
544968,676.9200000000001,350,21,13458,2011-02-25 11:30:00
544969,299.8,109,18,15712,2011-02-25 11:32:00
544970,812.7,336,52,13362,2011-02-25 11:33:00
544996,287.58000000000004,124,13,12474,2011-02-25 11:53:00
544998,297.64,138,35,14470,2011-02-25 11:56:00
544999,381.6,360,1,17388,2011-02-25 12:28:00
545000,234.15,85,12,15281,2011-02-25 12:37:00
545001,317.38,230,22,16841,2011-02-25 12:40:00
545002,278.28000000000003,220,5,13001,2011-02-25 12:43:00
545004,741.26,512,35,13753,2011-02-25 12:48:00
545011,43.650000000000006,13,7,13666,2011-02-25 13:05:00
545012,20.4,24,1,13666,2011-02-25 13:08:00
545013,467.52,283,17,13093,2011-02-25 13:09:00
545014,502.85,211,27,18223,2011-02-25 13:15:00
545015,176.05,51,10,13742,2011-02-25 13:40:00
545016,68.4,67,5,16473,2011-02-25 13:51:00
545017,189.9,91,10,12361,2011-02-25 13:51:00
545018,302.86,234,12,14481,2011-02-25 13:53:00
545019,759.08,813,29,15093,2011-02-25 13:56:00
545020,74.60000000000001,28,4,13792,2011-02-25 14:03:00
545021,371.39,179,19,17663,2011-02-25 14:11:00
545022,522.75,229,30,12921,2011-02-25 14:24:00
545023,678.15,552,41,12921,2011-02-25 14:25:00
545026,247.8,204,4,15939,2011-02-25 14:51:00
545028,264.7,109,11,13973,2011-02-25 15:21:00
545029,69.0,20,2,14541,2011-02-25 15:27:00
545030,532.72,396,5,13798,2011-02-25 15:32:00
545031,401.37,171,23,15990,2011-02-25 15:35:00
545032,476.8,100,7,14051,2011-02-25 15:37:00
545034,179.35,66,4,13493,2011-02-25 16:42:00
545035,430.26,202,18,15078,2011-02-25 17:03:00
545036,168.6,39,28,14573,2011-02-25 17:25:00
545037,386.90000000000003,66,21,14532,2011-02-27 10:02:00
545038,65.13,38,29,13684,2011-02-27 10:13:00
545039,344.05,145,19,17243,2011-02-27 10:22:00
545041,524.95,209,16,14952,2011-02-27 10:30:00
545042,845.1,190,8,13261,2011-02-27 10:41:00
545043,197.15,78,20,16407,2011-02-27 11:05:00
545044,333.92,204,14,15738,2011-02-27 11:31:00
545045,592.55,248,55,15708,2011-02-27 11:40:00
545046,145.04999999999998,73,10,16598,2011-02-27 11:42:00
545047,182.8,40,2,14147,2011-02-27 11:42:00
545048,180.65,87,24,14810,2011-02-27 11:48:00
545049,109.85,101,6,15046,2011-02-27 11:53:00
545050,375.16999999999996,174,22,15951,2011-02-27 11:57:00
545051,110.6,71,5,12599,2011-02-27 11:58:00
545052,333.48,260,16,13971,2011-02-27 12:27:00
545053,318.03,209,60,17516,2011-02-27 12:41:00
545054,397.92,288,61,14472,2011-02-27 12:41:00
545055,6.6,4,1,17516,2011-02-27 12:45:00
545056,486.65000000000003,505,22,16745,2011-02-27 12:48:00
545057,299.14,140,13,13630,2011-02-27 12:49:00
545058,317.87,169,12,13767,2011-02-27 13:03:00
545059,269.18,186,36,14157,2011-02-27 13:04:00
545060,392.84000000000003,268,60,15547,2011-02-27 13:47:00
545061,14.95,1,1,15547,2011-02-27 13:52:00
545062,267.2,99,64,12748,2011-02-27 14:07:00
545063,134.72,47,36,14606,2011-02-27 14:26:00
545064,154.5,65,11,13636,2011-02-27 14:29:00
545065,412.55,217,10,12431,2011-02-27 14:43:00
545066,234.12,103,38,13610,2011-02-27 14:44:00
545067,258.4,64,28,17894,2011-02-27 14:49:00
545069,240.60000000000002,188,7,14745,2011-02-27 15:25:00
545070,240.0,168,8,16493,2011-02-27 15:42:00
545071,210.09,118,31,15996,2011-02-27 15:59:00
545072,549.26,346,15,12781,2011-02-28 08:43:00
545073,626.65,268,38,14036,2011-02-28 09:26:00
545074,306.70000000000005,278,12,17655,2011-02-28 09:28:00
545075,319.9,168,20,14211,2011-02-28 09:33:00
545076,147.9,147,9,15235,2011-02-28 09:43:00
545077,10.08,24,1,14616,2011-02-28 10:07:00
545079,100.94999999999999,58,29,18283,2011-02-28 10:30:00
545080,301.91,301,24,13004,2011-02-28 10:33:00
545081,683.98,217,40,16057,2011-02-28 10:35:00
545082,421.6,228,26,16992,2011-02-28 10:37:00
545083,103.65,31,5,15724,2011-02-28 10:40:00
545084,441.92,270,19,12458,2011-02-28 10:55:00
545085,891.83,424,64,15039,2011-02-28 11:19:00
545086,353.43,214,13,12678,2011-02-28 11:43:00
545087,513.45,467,8,16422,2011-02-28 11:46:00
545103,11.9,2,1,15039,2011-02-28 11:57:00
545105,720.86,316,26,12598,2011-02-28 11:58:00
545140,149.95,15,3,12464,2011-02-28 12:08:00
545148,308.44,204,15,13675,2011-02-28 12:14:00
545149,251.9,101,13,15062,2011-02-28 12:19:00
545150,736.7,385,46,14227,2011-02-28 12:27:00
545151,50.76,84,3,16668,2011-02-28 12:46:00
545152,306.84,208,14,15227,2011-02-28 12:47:00
545153,200.4,77,20,16667,2011-02-28 12:57:00
545154,425.5,206,27,12921,2011-02-28 13:09:00
545155,122.0,20,11,14527,2011-02-28 13:25:00
545156,209.32,260,12,13509,2011-02-28 13:27:00
545157,205.38,150,12,14239,2011-02-28 13:27:00
545158,584.35,52,5,15874,2011-02-28 13:28:00
545159,13.05,17,4,12748,2011-02-28 13:31:00
545161,195.0,124,9,16187,2011-02-28 13:34:00
545162,480.90000000000003,247,22,16187,2011-02-28 13:35:00
545163,216.04999999999998,139,13,16607,2011-02-28 13:39:00
545164,173.7,98,11,16458,2011-02-28 13:40:00
545165,94.05,21,17,16339,2011-02-28 13:41:00
545166,232.43,85,38,17027,2011-02-28 14:03:00
545170,170.04999999999998,34,7,14078,2011-02-28 14:15:00
545180,200.72,73,12,12728,2011-02-28 14:42:00
545181,176.5,55,7,12509,2011-02-28 14:45:00
545182,154.99,460,14,14046,2011-02-28 14:48:00
545183,314.90000000000003,100,18,15570,2011-02-28 14:59:00
545184,249.57,133,14,13292,2011-02-28 15:00:00
545185,79.2,144,1,16027,2011-02-28 15:04:00
545186,229.9,114,47,17841,2011-02-28 15:05:00
545187,109.8,84,4,16427,2011-02-28 15:18:00
545188,582.37,366,115,14056,2011-02-28 15:19:00
545190,242.95,89,15,15656,2011-02-28 15:32:00
545191,240.25,104,14,12811,2011-02-28 15:39:00
545213,190.7,124,11,16518,2011-02-28 16:36:00
545214,158.68,100,10,17165,2011-02-28 16:39:00
545218,463.40999999999997,155,14,17462,2011-02-28 17:01:00
545220,235.35,73,15,14620,2011-03-01 08:30:00
545221,521.1,260,30,14740,2011-03-01 08:35:00
545222,200.10000000000002,94,9,13880,2011-03-01 08:49:00
545223,34.0,4,1,16462,2011-03-01 08:58:00
545224,182.7,86,11,17068,2011-03-01 09:03:00
545225,161.8,136,3,12971,2011-03-01 09:22:00
545226,1943.4,852,95,12428,2011-03-01 09:33:00
545227,2474.62,1273,98,12428,2011-03-01 09:35:00
545228,79.2,16,1,16078,2011-03-01 09:47:00
545229,54.300000000000004,18,3,16915,2011-03-01 09:52:00
545231,307.62,255,12,15194,2011-03-01 10:08:00
545232,897.8,555,61,15676,2011-03-01 10:19:00
545233,72.12,100,10,18044,2011-03-01 10:25:00
545234,256.85,109,12,18075,2011-03-01 10:26:00
545235,352.2,247,17,12683,2011-03-01 10:31:00
545237,133.25,121,6,15709,2011-03-01 10:38:00
545238,395.33,434,28,15241,2011-03-01 11:02:00
545276,110.75,65,7,12933,2011-03-01 11:30:00
545279,122.5,53,7,17811,2011-03-01 11:36:00
545287,117.0,60,1,15971,2011-03-01 11:42:00
545288,1390.06,1003,33,15311,2011-03-01 11:48:00
545289,470.88,242,30,14732,2011-03-01 11:55:00
545290,209.05,113,17,14688,2011-03-01 12:01:00
545294,313.58,298,33,17965,2011-03-01 12:07:00
545295,762.5,384,14,12709,2011-03-01 12:09:00
545300,323.16,116,19,15092,2011-03-01 12:24:00
545301,794.06,333,42,12679,2011-03-01 12:26:00
545302,297.16,107,38,14506,2011-03-01 12:46:00
545303,204.5,175,16,15319,2011-03-01 12:48:00
545304,498.15000000000003,151,30,16212,2011-03-01 12:51:00
545305,317.15,46,7,15257,2011-03-01 12:58:00
545306,13.2,6,2,17027,2011-03-01 13:04:00
545308,133.11,40,29,14656,2011-03-01 13:19:00
545309,138.15,49,7,13884,2011-03-01 13:40:00
545310,17.67,21,5,15456,2011-03-01 13:45:00
545311,155.0,108,9,15660,2011-03-01 13:45:00
545312,185.7,202,28,15456,2011-03-01 13:51:00
545313,242.03,135,10,15953,2011-03-01 13:55:00
545314,559.12,171,26,12866,2011-03-01 14:11:00
545318,556.32,504,11,14676,2011-03-01 14:26:00
545319,412.32,152,4,16839,2011-03-01 14:42:00
545320,2541.15,669,6,14156,2011-03-01 14:47:00
545321,310.78,146,12,12747,2011-03-01 14:53:00
545322,580.57,349,15,13599,2011-03-01 14:56:00
545323,144.35,26,5,12352,2011-03-01 14:57:00
545324,268.6,68,27,13110,2011-03-01 14:58:00
545325,329.34000000000003,322,4,16525,2011-03-01 15:01:00
545326,34.75,5,2,14560,2011-03-01 15:12:00
545327,417.2,216,39,13166,2011-03-01 15:16:00
545328,119.65,59,6,16389,2011-03-01 15:47:00
545331,2.5,2,1,17961,2011-03-01 15:49:00
545332,840.3,3,1,12352,2011-03-01 15:52:00
545334,270.4,256,44,15750,2011-03-01 16:34:00
545336,551.2,2,1,12428,2011-03-01 16:53:00
545337,227.6,120,30,15984,2011-03-01 17:28:00
545338,338.34,156,50,17449,2011-03-01 17:32:00
545339,463.0,228,19,14292,2011-03-02 08:26:00
545340,1375.24,786,69,15416,2011-03-02 08:41:00
545341,1642.5,150,1,17949,2011-03-02 09:03:00
545342,194.55,109,10,13497,2011-03-02 09:04:00
545343,162.3,62,10,15733,2011-03-02 09:05:00
545344,312.18,182,18,16678,2011-03-02 09:24:00
545345,382.1,41,16,14180,2011-03-02 09:33:00
545346,312.38,110,18,12834,2011-03-02 09:49:00
545347,76.32000000000001,72,1,13094,2011-03-02 10:20:00
545348,134.97,87,4,12913,2011-03-02 10:49:00
545349,172.6,146,34,18118,2011-03-02 11:07:00
545377,122.07,62,37,14606,2011-03-02 11:32:00
545398,1463.47,958,46,13722,2011-03-02 11:43:00
545399,828.84,459,39,14934,2011-03-02 11:48:00
545400,501.99,281,23,17048,2011-03-02 12:03:00
545408,848.05,335,35,15067,2011-03-02 12:10:00
545410,615.33,371,40,16670,2011-03-02 12:18:00
545411,388.3,174,20,16128,2011-03-02 12:21:00
545412,597.8100000000001,203,7,15061,2011-03-02 12:24:00
545413,255.0,750,3,15061,2011-03-02 12:24:00
545414,838.8000000000001,24,1,12980,2011-03-02 12:43:00
545415,453.79,309,31,15641,2011-03-02 13:03:00
545416,603.17,231,21,17770,2011-03-02 13:35:00
545417,576.0,222,29,15622,2011-03-02 13:42:00
545418,85.0,10,1,14473,2011-03-02 13:56:00
545419,374.64,220,28,15104,2011-03-02 14:16:00
545423,337.1,176,23,15643,2011-03-02 14:34:00
545425,100.43,43,10,16792,2011-03-02 14:39:00
545426,276.66,82,6,15189,2011-03-02 14:41:00
545427,9.95,1,1,16792,2011-03-02 14:41:00
545428,430.5,148,22,14239,2011-03-02 14:43:00
545429,150.83,67,24,15031,2011-03-02 14:46:00
545430,306.7,82,8,15636,2011-03-02 14:50:00
545431,374.0,128,4,12873,2011-03-02 14:58:00
545433,207.50000000000003,50,1,17923,2011-03-02 15:15:00
545435,183.0,60,11,16217,2011-03-02 15:28:00
545441,108.32000000000001,62,14,14657,2011-03-02 16:17:00
545445,779.92,292,41,17738,2011-03-02 16:26:00
545447,1193.88,546,66,17426,2011-03-02 16:34:00
545448,15.299999999999999,6,1,12753,2011-03-02 16:35:00
545459,136.12,150,15,17576,2011-03-02 17:21:00
545460,275.53,133,71,13230,2011-03-02 17:32:00
545461,401.45,219,22,14388,2011-03-03 08:24:00
545462,535.38,348,29,17567,2011-03-03 08:24:00
545463,96.75,57,3,13784,2011-03-03 08:36:00
545465,114.84,64,4,16957,2011-03-03 09:25:00
545466,1396.0,200,1,18102,2011-03-03 09:26:00
545467,105.45,15,4,15304,2011-03-03 09:39:00
545468,436.68,378,29,16571,2011-03-03 09:41:00
545469,345.85,85,18,17646,2011-03-03 10:09:00
545470,137.1,97,9,14483,2011-03-03 10:26:00
545471,306.94,470,15,15087,2011-03-03 10:34:00
545474,1120.53,363,31,16709,2011-03-03 10:55:00
545475,16726.84,10272,82,12415,2011-03-03 10:59:00
545477,134.5,28,16,14573,2011-03-03 11:07:00
545503,183.65,78,29,15719,2011-03-03 11:34:00
545505,482.81,347,5,17856,2011-03-03 11:40:00
545512,124.68,42,5,17389,2011-03-03 12:00:00
545514,222.65,257,19,15053,2011-03-03 12:06:00
545515,534.76,317,28,12727,2011-03-03 12:06:00
545517,38.4,25,2,12727,2011-03-03 12:20:00
545518,289.21999999999997,310,15,18218,2011-03-03 12:24:00
545519,348.2,236,14,16159,2011-03-03 12:27:00
545521,76.1,133,2,17995,2011-03-03 12:30:00
545522,303.03,149,17,15596,2011-03-03 12:35:00
545523,194.6,69,39,14524,2011-03-03 12:41:00
545524,191.95,29,12,17374,2011-03-03 12:53:00
545526,225.9,74,14,17789,2011-03-03 13:14:00
545530,2114.71,1345,98,17416,2011-03-03 13:45:00
545533,475.44,343,23,12524,2011-03-03 14:04:00
545534,222.3,98,13,17652,2011-03-03 14:05:00
545535,73.92,96,2,13199,2011-03-03 14:09:00
545536,410.0,126,19,12417,2011-03-03 14:12:00
545543,727.6,164,29,13476,2011-03-03 14:43:00
545544,294.33,459,20,14057,2011-03-03 14:56:00
545545,187.11,87,48,17841,2011-03-03 15:02:00
545550,148.49,203,7,18041,2011-03-03 15:11:00
545555,137.62,57,20,17757,2011-03-03 15:17:00
545557,249.84,193,5,12500,2011-03-03 15:30:00
545558,485.78000000000003,302,11,17873,2011-03-03 15:31:00
545559,287.22,137,51,15005,2011-03-03 15:31:00
545570,166.04,53,4,12817,2011-03-03 16:28:00
545571,602.61,319,36,17700,2011-03-03 16:34:00
545573,124.10000000000001,94,8,15393,2011-03-03 16:58:00
545574,122.7,80,18,13959,2011-03-03 18:16:00
545575,515.38,146,11,13014,2011-03-03 18:28:00
545576,99.75,13,3,15611,2011-03-03 18:46:00
545577,161.5,47,14,14702,2011-03-03 19:18:00
545578,137.49,95,8,13715,2011-03-03 19:21:00
545579,387.31,289,22,17508,2011-03-04 08:10:00
545580,378.21000000000004,211,20,13931,2011-03-04 08:43:00
545582,3547.34,1976,23,13694,2011-03-04 09:05:00
545583,317.25,125,16,12553,2011-03-04 09:08:00
545585,312.4,288,17,12541,2011-03-04 09:32:00
545587,281.49,221,58,14796,2011-03-04 09:46:00
545588,222.99,131,15,13382,2011-03-04 10:03:00
545589,333.2,178,15,17001,2011-03-04 10:21:00
545590,316.11,275,23,15220,2011-03-04 10:24:00
545591,356.9,235,22,17581,2011-03-04 10:28:00
545592,369.95,125,18,17581,2011-03-04 10:30:00
545593,102.4,16,3,17581,2011-03-04 10:31:00
545595,167.91,85,20,14570,2011-03-04 10:39:00
545596,265.0,136,15,14447,2011-03-04 10:49:00
545597,50.15,10,9,14570,2011-03-04 10:58:00
545601,152.00000000000003,52,9,15827,2011-03-04 11:49:00
545602,109.16,87,13,17315,2011-03-04 11:49:00
545603,38.1,14,2,15827,2011-03-04 11:49:00
545630,332.4,108,8,14466,2011-03-04 12:06:00
545634,308.18,264,19,14911,2011-03-04 12:12:00
545635,240.68,224,16,13557,2011-03-04 12:14:00
545636,416.69,237,23,16449,2011-03-04 12:15:00
545637,292.03,261,20,15514,2011-03-04 12:16:00
545638,235.91,85,9,13113,2011-03-04 12:26:00
545644,1920.48,3528,5,16333,2011-03-04 12:37:00
545645,17.549999999999997,3,3,12755,2011-03-04 12:42:00
545646,38.0,14,6,14779,2011-03-04 12:42:00
545647,159.4,109,6,12547,2011-03-04 12:46:00
545648,96.8,60,6,17325,2011-03-04 13:09:00
545649,119.31,51,37,14995,2011-03-04 13:14:00
545652,50.8,16,3,16414,2011-03-04 13:27:00
545653,935.54,579,35,15311,2011-03-04 13:39:00
545654,345.68,256,17,15681,2011-03-04 13:46:00
545655,96.24,66,43,14670,2011-03-04 13:58:00
545656,99.0,12,6,14057,2011-03-04 13:58:00
545657,877.31,593,56,14911,2011-03-04 14:02:00
545658,296.62,260,75,14670,2011-03-04 14:13:00
545659,45.0,36,3,15675,2011-03-04 14:21:00
545660,310.77,159,36,17191,2011-03-04 14:28:00
545661,829.85,739,52,15358,2011-03-04 14:41:00
545662,208.2,92,11,15358,2011-03-04 14:42:00
545663,162.07999999999998,203,13,13491,2011-03-04 14:52:00
545664,463.63,84,18,12584,2011-03-04 15:15:00
545665,164.4,136,13,17535,2011-03-04 15:20:00
545668,532.13,301,10,14031,2011-03-04 17:02:00
545669,177.60000000000002,64,8,17243,2011-03-06 10:05:00
545670,292.75,65,5,15465,2011-03-06 10:07:00
545675,15.0,12,1,18223,2011-03-06 10:26:00
545676,246.76000000000002,152,6,15034,2011-03-06 10:26:00
545680,346.1,190,5,15400,2011-03-06 11:27:00
545681,655.03,289,55,16923,2011-03-06 11:28:00
545682,253.79,111,39,14701,2011-03-06 11:39:00
545683,529.88,232,56,14903,2011-03-06 11:50:00
545684,279.8,76,7,15606,2011-03-06 11:52:00
545685,122.87,70,41,14499,2011-03-06 11:55:00
545686,137.9,56,8,18211,2011-03-06 12:09:00
545687,506.35,344,71,17769,2011-03-06 12:20:00
545688,630.22,211,60,16033,2011-03-06 12:42:00
545690,427.03000000000003,185,107,13263,2011-03-06 12:46:00
545691,263.04,140,25,14161,2011-03-06 12:52:00
545692,510.7,188,15,17428,2011-03-06 12:58:00
545693,796.86,746,12,16422,2011-03-06 14:09:00
545694,120.0,96,1,16422,2011-03-06 14:10:00
545695,826.37,340,85,17050,2011-03-06 14:15:00
545696,222.05,111,19,15696,2011-03-06 14:21:00
545697,147.23,110,32,14504,2011-03-06 14:38:00
545698,225.14,19,15,15572,2011-03-06 14:44:00
545699,220.77,196,25,15572,2011-03-06 14:50:00
545700,166.45,150,15,17811,2011-03-06 14:57:00
545701,1695.21,826,63,17107,2011-03-06 15:17:00
545702,136.76999999999998,47,19,14247,2011-03-06 15:21:00
545704,215.55,23,6,16638,2011-03-07 08:30:00
545705,217.2,74,14,15554,2011-03-07 09:00:00
545706,219.3,91,9,12712,2011-03-07 09:10:00
545707,673.9,506,4,13881,2011-03-07 09:35:00
545708,142.28,76,8,14915,2011-03-07 09:39:00
545709,282.65999999999997,191,18,12708,2011-03-07 09:49:00
545710,90.6,72,7,13117,2011-03-07 09:52:00
545711,159.3,66,8,16136,2011-03-07 09:52:00
545712,180.60000000000002,45,10,18280,2011-03-07 09:52:00
545718,315.6,76,20,12614,2011-03-07 10:22:00
545719,1656.15,599,68,13344,2011-03-07 10:28:00
545721,590.5,251,41,15039,2011-03-07 10:52:00
545722,475.20000000000005,96,1,16013,2011-03-07 11:06:00
545725,162.85,47,5,16621,2011-03-07 11:32:00
545738,75.6,72,2,17571,2011-03-07 11:44:00
545748,1588.68,1476,14,17381,2011-03-07 11:52:00
545752,431.28,888,3,17381,2011-03-07 11:54:00
545759,806.05,204,23,16316,2011-03-07 11:56:00
545764,294.17,130,15,13408,2011-03-07 12:00:00
545790,17.0,2,1,16316,2011-03-07 12:12:00
545797,326.91,176,57,16225,2011-03-07 12:17:00
545812,638.65,313,37,14214,2011-03-07 12:26:00
545815,328.8,160,11,14012,2011-03-07 12:26:00
545819,102.0,44,15,16356,2011-03-07 12:31:00
545820,40.2,14,2,13884,2011-03-07 12:46:00
545821,591.02,338,27,13001,2011-03-07 12:50:00
545822,17.9,2,1,13884,2011-03-07 12:53:00
545826,318.24,301,16,17696,2011-03-07 13:03:00
545830,451.66,123,50,17634,2011-03-07 13:10:00
545835,117.55,41,22,17654,2011-03-07 13:17:00
545838,100.97,49,36,14606,2011-03-07 13:33:00
545842,557.0,238,30,15498,2011-03-07 13:37:00
545845,16.05,12,12,12754,2011-03-07 13:38:00
545851,108.97999999999999,58,20,15026,2011-03-07 13:45:00
545853,162.7,96,17,16517,2011-03-07 13:50:00
545854,580.79,374,34,14817,2011-03-07 13:51:00
545855,246.29999999999998,138,11,15290,2011-03-07 13:52:00
545856,89.70000000000002,24,4,16225,2011-03-07 13:54:00
545859,593.9200000000001,276,16,15498,2011-03-07 14:10:00
545865,2597.4,1548,8,15769,2011-03-07 14:17:00
545868,145.7,52,25,17841,2011-03-07 14:33:00
545869,196.45000000000002,143,13,17162,2011-03-07 14:45:00
545870,15.299999999999999,6,1,17162,2011-03-07 14:45:00
545871,134.9,109,10,17092,2011-03-07 14:51:00
545872,379.25,282,89,15752,2011-03-07 14:51:00
545873,110.2,22,6,13092,2011-03-07 14:54:00
545874,79.4,70,8,12841,2011-03-07 15:02:00
545883,147.95000000000002,45,9,15974,2011-03-07 15:40:00
545888,416.22,322,5,13798,2011-03-07 16:14:00
545889,45.0,1,1,15291,2011-03-07 16:14:00
545890,92.80000000000001,24,5,16782,2011-03-07 16:39:00
545894,211.36,95,23,16242,2011-03-07 17:04:00
545896,61.589999999999996,118,5,15869,2011-03-07 17:19:00
545898,88.05,57,8,15869,2011-03-07 17:23:00
545899,74.7,25,11,17817,2011-03-07 17:30:00
545900,195.0,1,1,17817,2011-03-07 17:42:00
545901,1022.77,404,149,15834,2011-03-07 17:52:00
545902,250.0,2,2,15834,2011-03-07 17:55:00
545904,126.65,43,7,13468,2011-03-08 08:52:00
545905,197.0,196,14,15234,2011-03-08 08:53:00
545906,1120.93,623,59,15764,2011-03-08 09:23:00
545907,300.36,274,16,15806,2011-03-08 09:24:00
545908,461.25,251,20,14709,2011-03-08 09:26:00
545909,639.64,522,41,15819,2011-03-08 09:45:00
545910,237.36,444,19,14586,2011-03-08 10:04:00
545911,181.44,864,2,17940,2011-03-08 10:12:00
545912,325.1,50,6,15944,2011-03-08 10:33:00
545913,431.58000000000004,220,14,16779,2011-03-08 10:39:00
545914,3678.03,1605,51,13340,2011-03-08 11:39:00
545915,329.08,168,16,17419,2011-03-08 11:44:00
545916,278.13,77,13,12528,2011-03-08 11:46:00
545918,391.52,232,9,16917,2011-03-08 11:55:00
545928,357.18,134,19,14407,2011-03-08 11:59:00
545933,496.0,349,28,13908,2011-03-08 12:04:00
545937,1570.19,1109,56,12758,2011-03-08 12:05:00
545945,122.61,72,24,16710,2011-03-08 12:07:00
545978,671.16,446,111,13975,2011-03-08 12:19:00
545979,111.0,116,25,12748,2011-03-08 12:30:00
545980,250.87,138,49,14730,2011-03-08 12:49:00
545987,105.53999999999999,18,3,17389,2011-03-08 12:51:00
545988,301.4,169,19,12662,2011-03-08 12:52:00
545989,301.4,32,3,14560,2011-03-08 12:57:00
545991,896.7099999999999,565,29,15311,2011-03-08 13:12:00
545992,123.35,23,3,16927,2011-03-08 13:21:00
545993,421.09,199,6,13777,2011-03-08 13:23:00
545994,305.1,191,18,12623,2011-03-08 13:50:00
545995,759.44,414,67,15023,2011-03-08 13:54:00
545996,983.16,480,82,14367,2011-03-08 14:12:00
545998,987.7,458,50,13373,2011-03-08 14:35:00
545999,1195.95,699,58,13089,2011-03-08 14:44:00
546000,72.0,32,4,13089,2011-03-08 14:47:00
546001,329.36,52,4,13854,2011-03-08 15:03:00
546003,366.57,153,50,16712,2011-03-08 15:07:00
546005,794.41,379,53,14426,2011-03-08 15:17:00
546006,108.5,49,7,17639,2011-03-08 15:22:00
546009,328.37,157,11,16426,2011-03-08 15:45:00
546011,367.20000000000005,936,2,17306,2011-03-08 16:31:00
546013,238.01,165,32,16495,2011-03-08 16:38:00
546014,8.5,1,1,16495,2011-03-08 16:39:00
546015,534.4200000000001,434,29,14336,2011-03-08 16:48:00
546017,339.36,222,28,14507,2011-03-08 17:23:00
546019,39.49,50,11,14507,2011-03-08 17:25:00
546027,444.8,277,27,12759,2011-03-09 08:09:00
546028,924.5400000000001,314,40,17049,2011-03-09 08:33:00
546029,17.700000000000003,6,1,15206,2011-03-09 08:59:00
546030,118.5,90,8,14013,2011-03-09 08:59:00
546031,201.5,90,9,13267,2011-03-09 09:11:00
546032,85.15,45,6,13267,2011-03-09 09:11:00
546033,15.9,2,1,13267,2011-03-09 09:12:00
546034,309.64,291,20,14032,2011-03-09 09:44:00
546035,229.8,76,5,12924,2011-03-09 09:50:00
546036,240.10000000000002,78,9,14645,2011-03-09 09:52:00
546037,247.4,52,9,14825,2011-03-09 10:00:00
546038,588.6700000000001,165,12,15071,2011-03-09 10:19:00
546062,148.63,215,20,16221,2011-03-09 10:51:00
546067,2099.7,780,4,17450,2011-03-09 10:58:00
546079,188.25,87,27,14534,2011-03-09 11:05:00
546082,221.4,612,2,12971,2011-03-09 11:25:00
546083,38.98,50,3,12971,2011-03-09 11:27:00
546084,617.1,384,40,14112,2011-03-09 11:28:00
546087,84.36,156,5,13026,2011-03-09 11:35:00
546088,298.0,21,7,12881,2011-03-09 11:44:00
546089,200.85,347,29,17864,2011-03-09 11:44:00
546090,660.34,306,7,16525,2011-03-09 11:48:00
546091,1576.3600000000001,944,81,14936,2011-03-09 11:53:00
546092,380.5,126,24,17138,2011-03-09 11:54:00
546096,1711.06,1566,55,15502,2011-03-09 11:59:00
546100,342.58,202,21,16572,2011-03-09 12:04:00
546101,188.64,48,5,14803,2011-03-09 12:12:00
546102,17.700000000000003,6,1,16316,2011-03-09 12:12:00
546103,304.5,124,5,13093,2011-03-09 12:14:00
546104,98.7,15,11,14527,2011-03-09 12:19:00
546105,260.03,222,42,14662,2011-03-09 12:21:00
546107,227.32,133,45,17238,2011-03-09 12:33:00
546108,381.21,334,59,15529,2011-03-09 12:35:00
546110,261.6,32,7,17770,2011-03-09 12:38:00
546111,120.44,53,23,14165,2011-03-09 12:39:00
546112,330.0,200,1,15769,2011-03-09 12:44:00
546113,146.18,157,22,14344,2011-03-09 13:18:00
546115,371.84000000000003,188,21,15379,2011-03-09 13:50:00
546116,764.58,412,36,15367,2011-03-09 13:53:00
546117,704.33,353,71,16771,2011-03-09 13:56:00
546118,846.45,212,26,13078,2011-03-09 14:14:00
546119,308.98,201,19,16945,2011-03-09 14:22:00
546120,79.92,104,6,16945,2011-03-09 14:23:00
546121,155.45,107,25,14085,2011-03-09 14:30:00
546122,91.54,35,15,15581,2011-03-09 14:32:00
546123,264.27,107,7,16419,2011-03-09 14:49:00
546127,411.18,158,10,17730,2011-03-09 14:57:00
546132,358.5,54,3,15057,2011-03-09 15:17:00
546133,984.88,516,52,14291,2011-03-09 15:20:00
546134,439.28,314,4,13493,2011-03-09 15:35:00
546135,210.9,90,10,12388,2011-03-09 15:47:00
546153,337.5,50,5,13538,2011-03-10 07:42:00
546154,500.0,400,1,13953,2011-03-10 07:43:00
546155,394.63,307,26,15632,2011-03-10 08:29:00
546156,232.6,78,11,14297,2011-03-10 08:31:00
546157,74.56,50,5,13502,2011-03-10 08:40:00
546158,298.5,122,15,13899,2011-03-10 09:30:00
546159,223.95000000000002,141,13,16471,2011-03-10 09:41:00
546160,3277.24,1844,32,15838,2011-03-10 09:49:00
546161,122.39999999999999,144,1,17404,2011-03-10 09:52:00
546163,146.23000000000002,57,12,17377,2011-03-10 10:03:00
546164,547.35,165,7,15939,2011-03-10 10:04:00
546165,312.8,120,19,18183,2011-03-10 10:08:00
546166,270.4,208,3,16553,2011-03-10 10:10:00
546169,660.0,400,2,14603,2011-03-10 10:27:00
546171,130.56,90,5,16359,2011-03-10 10:31:00
546172,585.32,264,30,14156,2011-03-10 10:32:00
546182,366.53,249,25,14334,2011-03-10 10:53:00
546189,300.53999999999996,191,16,13102,2011-03-10 10:56:00
546190,199.2,80,9,13102,2011-03-10 10:57:00
546212,3500.5,2826,27,14156,2011-03-10 11:33:00
546213,1614.6,108,3,14156,2011-03-10 11:37:00
546215,124.94999999999999,87,29,14713,2011-03-10 11:52:00
546216,853.48,664,14,18173,2011-03-10 11:56:00
546218,144.9,58,14,14667,2011-03-10 12:11:00
546220,541.1,584,28,16745,2011-03-10 12:16:00
546223,462.28000000000003,288,21,14854,2011-03-10 12:22:00
546230,397.55,145,22,13871,2011-03-10 12:26:00
546235,115.57000000000001,46,20,14976,2011-03-10 12:42:00
546236,938.39,1005,48,12370,2011-03-10 12:48:00
546237,333.08,164,23,16625,2011-03-10 12:50:00
546239,185.15,167,12,14064,2011-03-10 12:59:00
546242,360.78000000000003,306,27,16743,2011-03-10 13:07:00
546243,310.47,175,19,15308,2011-03-10 13:08:00
546246,789.9,322,30,14841,2011-03-10 13:28:00
546247,101.34,106,7,18086,2011-03-10 13:34:00
546248,214.5,112,13,16477,2011-03-10 13:46:00
546249,99.95,47,24,14606,2011-03-10 13:58:00
546250,282.93,183,18,14350,2011-03-10 14:14:00
546251,576.1,872,17,16553,2011-03-10 14:37:00
546252,1104.13,701,62,14930,2011-03-10 14:42:00
546253,130.26,66,5,16080,2011-03-10 14:44:00
546254,268.58,62,10,14727,2011-03-10 14:45:00
546255,245.51999999999998,180,16,13468,2011-03-10 14:56:00
546261,137.84,70,46,17841,2011-03-10 15:01:00
546263,461.6,218,3,14156,2011-03-10 15:01:00
546275,209.94,246,16,13126,2011-03-10 15:06:00
546279,4.25,1,1,17841,2011-03-10 15:08:00
546301,93.18,66,5,16778,2011-03-10 15:21:00
546304,117.11,63,20,14077,2011-03-10 15:52:00
546305,232.43,156,34,14056,2011-03-10 16:16:00
546310,330.6,52,5,15291,2011-03-10 16:26:00
546314,166.5,116,19,16808,2011-03-10 19:05:00
546315,365.18,160,22,16558,2011-03-11 08:31:00
546316,182.7,54,7,17076,2011-03-11 08:59:00
546317,314.96,484,25,14913,2011-03-11 09:07:00
546318,254.99999999999997,100,1,16013,2011-03-11 09:20:00
546319,345.59999999999997,480,1,17949,2011-03-11 09:23:00
546321,310.0,192,20,16475,2011-03-11 09:39:00
546322,191.39999999999998,12,4,14114,2011-03-11 09:42:00
546324,307.44,162,13,13265,2011-03-11 09:54:00
546326,583.3,508,5,13798,2011-03-11 10:15:00
546328,1687.17,1,1,14911,2011-03-11 10:19:00
546329,1687.17,1,1,14911,2011-03-11 10:22:00
546330,141.45,79,9,16817,2011-03-11 10:30:00
546331,57.45,21,4,13133,2011-03-11 10:31:00
546365,987.42,618,60,12520,2011-03-11 11:35:00
546366,106.11,75,19,12748,2011-03-11 11:37:00
546367,1726.6000000000001,504,30,15513,2011-03-11 11:38:00
546369,67.5,10,1,15513,2011-03-11 11:41:00
546372,349.2,88,7,13098,2011-03-11 11:47:00
546373,712.8499999999999,325,20,12583,2011-03-11 12:00:00
546374,10.0,1,1,17194,2011-03-11 12:05:00
546376,311.07,115,19,13842,2011-03-11 12:11:00
546377,121.17000000000002,63,3,15049,2011-03-11 12:13:00
546378,578.02,380,38,14329,2011-03-11 12:17:00
546380,13.0,6,4,12748,2011-03-11 12:26:00
546381,19.740000000000002,9,9,12748,2011-03-11 12:29:00
546382,227.77999999999997,102,9,18149,2011-03-11 12:44:00
546383,312.93,332,24,13654,2011-03-11 12:54:00
546384,826.0699999999999,627,22,15311,2011-03-11 13:03:00
546385,1588.16,744,22,16652,2011-03-11 13:13:00
546386,157.65,91,10,14312,2011-03-11 13:31:00
546387,572.8,268,17,16766,2011-03-11 13:34:00
546389,751.9,186,45,16801,2011-03-11 13:56:00
546390,14.399999999999999,120,1,14083,2011-03-11 14:03:00
546391,103.65,69,7,17800,2011-03-11 14:06:00
546392,201.57,93,42,14587,2011-03-11 14:15:00
546394,627.13,427,39,17164,2011-03-11 14:26:00
546396,108.21000000000001,80,16,13226,2011-03-11 14:35:00
546397,153.75,51,6,12971,2011-03-11 14:37:00
546398,516.42,254,13,13043,2011-03-11 14:52:00
546399,231.3,94,9,14352,2011-03-11 14:58:00
546401,21.9,12,3,17994,2011-03-11 15:14:00
546402,156.6,84,5,13305,2011-03-11 15:22:00
546403,572.8,268,17,16766,2011-03-11 15:22:00
546404,127.2,120,1,13509,2011-03-11 15:42:00
546405,198.6,28,3,17351,2011-03-11 16:05:00
546411,1919.04,736,5,12939,2011-03-11 16:43:00
546412,70.28999999999999,13,5,12748,2011-03-11 16:50:00
546413,3.0999999999999996,2,2,17961,2011-03-11 16:54:00
546414,183.25,47,23,16768,2011-03-13 10:25:00
546415,488.06000000000006,186,18,17975,2011-03-13 10:27:00
546417,629.25,536,42,14800,2011-03-13 10:48:00
546418,109.58,58,16,17315,2011-03-13 10:57:00
546419,153.41,50,21,16693,2011-03-13 11:06:00
546420,129.46,62,21,14810,2011-03-13 11:18:00
546421,301.04,333,37,13700,2011-03-13 11:21:00
546422,281.21000000000004,121,33,15547,2011-03-13 11:38:00
546423,220.47,124,63,14502,2011-03-13 12:39:00
546424,118.02,56,21,13956,2011-03-13 12:51:00
546425,263.59000000000003,187,18,16983,2011-03-13 13:36:00
546426,285.33,301,49,13708,2011-03-13 13:46:00
546427,103.89,54,29,14606,2011-03-13 14:29:00
546428,343.29,185,18,12681,2011-03-13 14:55:00
546429,365.37,367,89,17611,2011-03-13 15:25:00
546430,142.0,66,21,15918,2011-03-13 15:55:00
546431,414.3,338,17,16954,2011-03-14 08:05:00
546432,227.0,36,11,14180,2011-03-14 08:21:00
546433,117.92999999999999,152,8,12778,2011-03-14 08:37:00
546434,357.07,91,15,12383,2011-03-14 08:41:00
546435,356.19,213,21,15671,2011-03-14 09:37:00
546436,126.7,44,5,14962,2011-03-14 09:42:00
546437,371.23,311,22,16807,2011-03-14 09:46:00
546438,3840.88,2224,38,15125,2011-03-14 09:59:00
546440,535.02,256,32,16871,2011-03-14 10:31:00
546441,446.8,80,7,15159,2011-03-14 10:36:00
546442,207.3,54,5,15159,2011-03-14 10:38:00
546443,349.8,480,7,12901,2011-03-14 10:41:00
546462,208.79999999999998,144,1,12845,2011-03-14 10:55:00
546464,734.44,260,4,13225,2011-03-14 10:57:00
546465,360.24,180,32,14395,2011-03-14 10:57:00
546466,368.03000000000003,149,72,18118,2011-03-14 11:04:00
546479,479.40000000000003,187,21,12682,2011-03-14 11:38:00
546480,295.0,1,1,13452,2011-03-14 11:38:00
546486,377.88,172,28,15039,2011-03-14 11:41:00
546498,514.91,152,78,15493,2011-03-14 11:44:00
546502,154.92000000000002,72,55,16005,2011-03-14 11:46:00
546508,184.5,90,4,15971,2011-03-14 12:11:00
546509,522.6,207,31,14911,2011-03-14 12:15:00
546510,175.72,96,9,16353,2011-03-14 12:17:00
546520,706.6,498,41,14911,2011-03-14 12:28:00
546521,679.5,130,3,16013,2011-03-14 12:34:00
546522,373.84000000000003,175,19,13319,2011-03-14 12:41:00
546523,52.199999999999996,36,3,13319,2011-03-14 12:42:00
546524,110.84,45,11,17811,2011-03-14 12:51:00
546525,619.6,312,16,14733,2011-03-14 12:58:00
546526,285.0,120,5,15061,2011-03-14 12:59:00
546527,149.4,40,2,15061,2011-03-14 13:00:00
546528,2329.15,1705,38,15311,2011-03-14 13:04:00
546530,4400.28,5156,27,17404,2011-03-14 13:25:00
546531,391.8,208,12,15738,2011-03-14 13:35:00
546532,140.0,80,2,14060,2011-03-14 13:36:00
546533,140.54,88,10,15388,2011-03-14 13:53:00
546534,571.06,326,33,16150,2011-03-14 13:56:00
546537,181.44,86,33,15005,2011-03-14 14:32:00
546538,582.35,359,34,16327,2011-03-14 14:51:00
546540,512.28,404,8,15061,2011-03-14 15:05:00
546541,596.05,231,30,14911,2011-03-14 15:11:00
546542,305.99,232,81,13263,2011-03-14 15:13:00
546543,174.85999999999999,110,50,17841,2011-03-14 15:40:00
546544,454.08,232,16,16570,2011-03-14 15:41:00
546545,118.05,34,19,16804,2011-03-14 15:48:00
546549,258.41,132,43,17799,2011-03-14 16:46:00
546550,6.35,1,1,17799,2011-03-14 16:54:00
546552,271.5,192,17,13082,2011-03-15 08:18:00
546553,158.23000000000002,121,9,13499,2011-03-15 08:52:00
546554,251.56,188,15,16037,2011-03-15 09:13:00
546555,696.85,271,22,17675,2011-03-15 09:22:00
546556,309.02,122,11,16156,2011-03-15 09:32:00
546560,62.5,50,1,12931,2011-03-15 10:26:00
546561,533.9,353,34,18260,2011-03-15 10:34:00
546562,317.56,133,19,16293,2011-03-15 10:45:00
546563,343.62,222,22,15047,2011-03-15 10:49:00
546569,1477.56,511,45,14016,2011-03-15 10:53:00
546580,870.59,328,24,14911,2011-03-15 11:09:00
546622,107.25,91,25,17954,2011-03-15 11:30:00
546624,422.53999999999996,250,23,14193,2011-03-15 11:38:00
546625,170.75,134,24,17542,2011-03-15 11:45:00
546631,300.0,48,2,15181,2011-03-15 12:03:00
546632,76.32000000000001,72,1,17080,2011-03-15 12:05:00
546633,163.2,128,2,16168,2011-03-15 12:06:00
546634,78.03999999999999,23,12,14527,2011-03-15 12:10:00
546635,217.89,201,41,16392,2011-03-15 12:11:00
546636,137.9,56,22,14534,2011-03-15 12:19:00
546637,292.3,34,3,13854,2011-03-15 12:37:00
546638,410.7,258,26,15106,2011-03-15 12:52:00
546639,309.34,238,19,13971,2011-03-15 12:54:00
546640,238.20000000000002,100,13,14092,2011-03-15 12:56:00
546642,317.78,162,9,12779,2011-03-15 13:13:00
546643,542.97,286,30,16214,2011-03-15 13:23:00
546644,339.34,268,15,15932,2011-03-15 13:28:00
546646,138.28,138,21,13716,2011-03-15 13:49:00
546657,5.1,6,1,17816,2011-03-15 14:20:00
546658,501.25,331,33,15150,2011-03-15 14:21:00
546659,242.40000000000003,108,9,16996,2011-03-15 14:25:00
546660,1041.45,335,27,14156,2011-03-15 14:32:00
546662,95.0,32,6,16782,2011-03-15 14:36:00
546665,215.49,77,14,15867,2011-03-15 15:06:00
546667,236.1,90,14,14735,2011-03-15 15:31:00
546668,218.1,86,9,14735,2011-03-15 15:33:00
546669,965.9,698,23,14226,2011-03-15 15:36:00
546670,607.13,428,107,13451,2011-03-15 15:37:00
546677,363.4,180,3,18144,2011-03-15 16:29:00
546678,565.54,317,29,12681,2011-03-15 16:39:00
546679,283.73,252,50,13121,2011-03-15 16:47:00
546681,301.9,206,20,16297,2011-03-16 08:29:00
546682,352.6,166,22,12994,2011-03-16 08:31:00
546683,248.27,147,18,12868,2011-03-16 09:38:00
546684,1829.04,642,29,16152,2011-03-16 09:47:00
546685,369.9,124,21,15687,2011-03-16 09:52:00
546686,300.19,117,16,14636,2011-03-16 09:52:00
546687,422.43,285,22,16040,2011-03-16 09:58:00
546688,175.3,46,7,16497,2011-03-16 10:17:00
546689,680.4,230,13,16985,2011-03-16 10:24:00
546690,148.5,18,3,16985,2011-03-16 10:25:00
546691,306.64,192,3,15793,2011-03-16 10:45:00
546724,6.7,4,4,12845,2011-03-16 11:02:00
546728,290.0,2,1,13983,2011-03-16 11:09:00
546729,233.75,99,12,18231,2011-03-16 11:36:00
546731,912.8100000000001,435,26,13089,2011-03-16 11:39:00
546732,139.35000000000002,104,19,14606,2011-03-16 11:41:00
546733,705.6000000000001,336,3,16029,2011-03-16 11:47:00
546734,705.6000000000001,336,3,16029,2011-03-16 11:49:00
546736,414.71999999999997,576,1,16013,2011-03-16 11:52:00
546737,439.03,285,29,13358,2011-03-16 11:52:00
546738,853.08,1208,11,16422,2011-03-16 11:57:00
546739,3018.34,2374,42,17511,2011-03-16 12:12:00
546741,99.0,20,1,13261,2011-03-16 12:22:00
546742,668.8499999999999,489,33,12849,2011-03-16 12:26:00
546748,370.48,144,16,15182,2011-03-16 12:42:00
546749,328.6,44,3,14543,2011-03-16 12:43:00
546750,15.0,12,1,14543,2011-03-16 12:44:00
546751,311.66,167,26,13668,2011-03-16 12:45:00
546752,142.5,30,5,13299,2011-03-16 12:55:00
546753,309.46,298,48,16383,2011-03-16 13:00:00
546754,384.0,960,3,13027,2011-03-16 13:13:00
546755,702.8,175,31,12502,2011-03-16 13:29:00
546757,282.29999999999995,162,7,15381,2011-03-16 13:44:00
546759,300.7,50,11,12712,2011-03-16 13:58:00
546760,516.15,230,30,12597,2011-03-16 14:00:00
546761,432.20000000000005,84,7,17858,2011-03-16 14:02:00
546762,28.18,22,9,17961,2011-03-16 14:12:00
546764,300.98,164,17,15671,2011-03-16 14:31:00
546765,147.70999999999998,98,8,12437,2011-03-16 14:37:00
546766,52.8,24,3,12971,2011-03-16 14:49:00
546767,77.16,84,5,12971,2011-03-16 14:51:00
546768,584.76,100,6,15694,2011-03-16 14:54:00
546769,859.01,523,44,17504,2011-03-16 14:57:00
546770,115.09,62,8,12523,2011-03-16 15:17:00
546771,200.7,59,26,17515,2011-03-16 15:19:00
546772,152.76,156,3,15030,2011-03-16 15:34:00
546774,560.74,303,92,14505,2011-03-16 15:45:00
546775,152.64000000000001,144,1,17306,2011-03-16 15:58:00
546776,138.88,56,8,17460,2011-03-16 16:08:00
546778,625.85,251,45,14572,2011-03-16 16:38:00
546780,3978.9900000000002,879,19,12435,2011-03-17 07:40:00
546781,473.82,404,23,12955,2011-03-17 09:03:00
546782,232.4,72,12,15291,2011-03-17 09:13:00
546784,633.1,352,40,18189,2011-03-17 09:49:00
546785,302.52,100,5,15189,2011-03-17 09:56:00
546786,239.0,160,12,16523,2011-03-17 09:57:00
546787,398.97999999999996,206,12,14035,2011-03-17 10:01:00
546788,209.85,95,4,13946,2011-03-17 10:02:00
546789,10065.0,6100,9,15769,2011-03-17 10:17:00
546790,136.57,90,14,14713,2011-03-17 10:26:00
546791,665.46,435,42,17716,2011-03-17 10:38:00
546827,622.5,150,1,15301,2011-03-17 10:52:00
546828,71.4,12,1,13185,2011-03-17 11:56:00
546829,62.85,31,4,14840,2011-03-17 12:00:00
546830,449.87,345,14,16839,2011-03-17 12:10:00
546831,606.84,388,8,13199,2011-03-17 12:15:00
546832,333.74,297,5,13216,2011-03-17 12:18:00
546837,372.12,134,19,13650,2011-03-17 12:37:00
546843,592.18,368,26,12472,2011-03-17 12:40:00
546846,126.78999999999999,94,39,13533,2011-03-17 12:47:00
546847,437.40000000000003,164,2,12989,2011-03-17 12:51:00
546848,18.15,11,3,13533,2011-03-17 12:53:00
546849,88.60000000000001,33,23,13623,2011-03-17 13:13:00
546850,648.53,911,95,13268,2011-03-17 13:20:00
546851,771.02,395,35,12480,2011-03-17 13:23:00
546852,111.96,36,2,13104,2011-03-17 13:27:00
546853,73.5,35,1,12845,2011-03-17 13:34:00
546855,218.83,127,30,18168,2011-03-17 13:58:00
546856,372.64,416,30,15433,2011-03-17 14:12:00
546857,217.43,192,16,12937,2011-03-17 14:19:00
546860,316.82,286,6,18198,2011-03-17 14:47:00
546861,381.78,417,25,14911,2011-03-17 15:03:00
546862,914.9300000000001,254,37,16216,2011-03-17 15:34:00
546863,676.2,1500,5,16377,2011-03-17 15:41:00
546866,223.54000000000002,112,30,14462,2011-03-17 15:47:00
546869,120.33,63,7,12352,2011-03-17 16:00:00
546871,300.0,150,22,16746,2011-03-17 16:10:00
546872,16.0,4,2,14462,2011-03-17 16:11:00
546873,326.04,252,11,17591,2011-03-17 16:23:00
546874,251.51999999999998,88,2,16976,2011-03-17 16:33:00
546875,1017.68,440,51,12514,2011-03-17 16:38:00
546877,142.4,62,5,18210,2011-03-17 16:58:00
546878,80.0,20,1,13631,2011-03-17 17:13:00
546882,401.31,175,21,14422,2011-03-17 17:26:00
546883,223.0,120,16,13707,2011-03-17 18:03:00
546890,320.42,214,21,13394,2011-03-17 18:18:00
546898,8.8,4,4,17961,2011-03-17 18:27:00
546899,946.2,720,21,14298,2011-03-17 18:27:00
546900,25.200000000000003,12,1,14298,2011-03-17 18:28:00
546902,33.2,8,1,14298,2011-03-17 18:30:00
546908,299.0,88,11,15648,2011-03-17 18:59:00
546909,220.6,207,21,14056,2011-03-17 19:01:00
546910,145.55,69,28,13969,2011-03-17 19:46:00
546911,337.71000000000004,173,18,17725,2011-03-17 19:47:00
546912,467.95,315,64,15861,2011-03-17 20:12:00
546913,248.29,240,49,15861,2011-03-17 20:18:00
546914,177.15,69,7,13072,2011-03-18 08:12:00
546915,359.73,197,19,15695,2011-03-18 08:31:00
546916,50.25000000000001,15,3,15695,2011-03-18 08:32:00
546917,743.71,265,44,14911,2011-03-18 09:17:00
546918,309.4,52,4,15854,2011-03-18 09:19:00
546919,241.44000000000003,169,3,12500,2011-03-18 09:55:00
546920,845.3199999999999,296,18,12471,2011-03-18 09:55:00
546921,33.0,12,2,12471,2011-03-18 09:57:00
546922,904.26,388,32,14110,2011-03-18 09:59:00
546923,166.8,24,1,16716,2011-03-18 10:03:00
546924,183.6,128,8,14059,2011-03-18 10:06:00
546925,464.7,225,5,12647,2011-03-18 10:09:00
546926,108.5,150,2,17857,2011-03-18 10:11:00
546927,1175.44,472,21,16672,2011-03-18 10:15:00
546928,326.5,196,14,17685,2011-03-18 10:16:00
546929,555.3,126,6,13090,2011-03-18 10:34:00
546944,567.44,98,22,14701,2011-03-18 11:13:00
546950,330.35,118,54,16511,2011-03-18 11:24:00
546951,343.49,277,49,17673,2011-03-18 11:30:00
546963,302.6,203,16,16779,2011-03-18 11:39:00
546979,752.4300000000001,581,13,16256,2011-03-18 12:18:00
546980,462.2,128,23,13591,2011-03-18 12:18:00
546981,152.55,45,7,14066,2011-03-18 12:21:00
546982,110.95,143,48,15483,2011-03-18 12:26:00
546983,795.75,359,47,16626,2011-03-18 12:27:00
546984,252.81,150,64,15019,2011-03-18 12:35:00
546985,111.95,41,5,18270,2011-03-18 12:41:00
546986,780.35,535,46,14194,2011-03-18 12:55:00
546988,282.12,118,18,14194,2011-03-18 12:57:00
546990,530.4,256,27,14315,2011-03-18 12:59:00
546991,167.43,224,22,12748,2011-03-18 13:08:00
546992,4666.4400000000005,3004,16,16684,2011-03-18 13:18:00
546993,278.07,137,43,17921,2011-03-18 13:19:00
546994,152.64000000000001,144,1,16684,2011-03-18 13:20:00
546995,141.41,94,21,14041,2011-03-18 13:25:00
546996,234.24,216,5,17060,2011-03-18 13:27:00
546998,177.84,52,24,16023,2011-03-18 13:32:00
546999,683.4200000000001,266,6,17133,2011-03-18 13:47:00
547000,323.3,279,21,14282,2011-03-18 13:51:00
547001,357.12,312,3,16656,2011-03-18 13:52:00
547002,315.18,212,19,12878,2011-03-18 14:02:00
547003,118.75,25,6,14155,2011-03-18 14:13:00
547004,321.75,117,17,17419,2011-03-18 14:14:00
547005,806.47,550,48,12474,2011-03-18 14:20:00
547017,113.35,24,7,13468,2011-03-18 14:51:00
547018,174.6,162,12,17043,2011-03-18 14:53:00
547019,115.78,71,22,17841,2011-03-18 14:54:00
547020,368.36,287,16,17017,2011-03-18 15:42:00
547021,197.72,76,14,13046,2011-03-18 15:43:00
547022,22.240000000000002,16,5,17961,2011-03-18 15:44:00
547023,833.1,1014,8,16422,2011-03-18 15:54:00
547026,344.90000000000003,96,20,14633,2011-03-18 17:07:00
547028,422.3,135,22,13593,2011-03-20 10:13:00
547029,405.0,42,7,15465,2011-03-20 10:17:00
547030,371.8,168,25,12948,2011-03-20 10:17:00
547032,662.62,246,3,13798,2011-03-20 10:24:00
547033,168.7,76,7,15898,2011-03-20 10:28:00
547034,361.4,52,8,18229,2011-03-20 10:30:00
547035,282.28000000000003,208,18,13911,2011-03-20 10:33:00
547036,380.4,264,11,17017,2011-03-20 10:35:00
547037,1224.6,3620,4,14101,2011-03-20 10:37:00
547038,211.5,66,5,15703,2011-03-20 10:51:00
547039,96.6,10,2,14560,2011-03-20 10:51:00
547040,62.7,42,2,15938,2011-03-20 10:53:00
547041,300.0,195,5,13777,2011-03-20 10:56:00
547044,225.4,200,20,14071,2011-03-20 11:33:00
547045,585.12,200,2,17856,2011-03-20 11:37:00
547046,146.87,137,10,13725,2011-03-20 11:43:00
547047,982.08,184,6,14258,2011-03-20 11:46:00
547048,197.8,73,11,14911,2011-03-20 11:52:00
547049,318.7,76,19,17134,2011-03-20 11:56:00
547050,155.69,155,15,17795,2011-03-20 12:02:00
547051,138.68,66,10,12902,2011-03-20 12:06:00
547052,171.75,64,21,18225,2011-03-20 12:07:00
547053,499.84000000000003,244,11,13001,2011-03-20 12:08:00
547055,119.08,73,24,16444,2011-03-20 12:14:00
547056,87.8,44,3,16402,2011-03-20 12:25:00
547057,130.05,63,6,14217,2011-03-20 12:28:00
547058,693.1800000000001,568,47,14232,2011-03-20 12:44:00
547059,172.9,34,8,14693,2011-03-20 12:50:00
547060,135.44,116,21,17954,2011-03-20 12:57:00
547061,226.3,215,15,12407,2011-03-20 13:21:00
547062,224.49,160,65,16728,2011-03-20 13:28:00
547063,2309.15,1610,271,14769,2011-03-20 13:33:00
547064,320.62,155,12,16096,2011-03-20 13:38:00
547065,185.85,83,11,17068,2011-03-20 13:38:00
547066,562.63,429,30,12921,2011-03-20 13:41:00
547067,501.24,324,10,12921,2011-03-20 13:43:00
547068,393.0,190,20,13985,2011-03-20 13:48:00
547069,238.24,256,57,16710,2011-03-20 13:52:00
547070,200.53,129,46,16115,2011-03-20 13:58:00
547071,239.85,89,11,12693,2011-03-20 13:59:00
547072,76.72,30,6,13592,2011-03-20 14:01:00
547073,345.82000000000005,168,30,17211,2011-03-20 14:23:00
547074,176.34,118,11,13102,2011-03-20 14:35:00
547075,986.75,371,31,15288,2011-03-20 14:35:00
547076,446.15,283,17,15140,2011-03-20 14:37:00
547077,93.4,52,4,12843,2011-03-20 14:38:00
547078,350.8,188,9,14408,2011-03-20 14:41:00
547079,267.18,106,34,15408,2011-03-20 15:02:00
547080,113.5,58,5,15445,2011-03-20 15:06:00
547081,222.9,126,14,14205,2011-03-20 15:07:00
547083,237.0,134,36,15452,2011-03-20 15:21:00
547084,94.65,39,4,17690,2011-03-20 15:24:00
547085,124.08000000000001,25,3,12600,2011-03-20 15:41:00
547086,409.2,63,10,12428,2011-03-20 15:46:00
547087,316.02,423,15,12726,2011-03-20 15:58:00
547088,304.9,130,18,14223,2011-03-20 16:02:00
547090,203.4,98,12,17230,2011-03-20 16:12:00
547092,226.21,133,14,16619,2011-03-21 08:18:00
547093,300.52,341,21,14762,2011-03-21 08:20:00
547094,922.1,390,31,13934,2011-03-21 08:39:00
547095,332.6,358,24,13018,2011-03-21 09:03:00
547096,198.8,64,11,15669,2011-03-21 09:13:00
547097,259.35,99,16,13021,2011-03-21 09:33:00
547098,409.1,200,24,16384,2011-03-21 10:13:00
547099,158.95000000000002,69,10,18224,2011-03-21 10:30:00
547100,536.78,382,26,15615,2011-03-21 10:31:00
547101,585.0,324,4,16029,2011-03-21 10:34:00
547102,1005.1,631,67,14245,2011-03-21 10:41:00
547103,527.85,299,16,15218,2011-03-21 10:54:00
547105,305.52,108,5,13854,2011-03-21 11:20:00
547106,614.85,259,40,15039,2011-03-21 11:24:00
547107,174.16000000000003,115,8,17315,2011-03-21 11:34:00
547108,227.92000000000002,106,21,14659,2011-03-21 11:36:00
547109,347.35,139,20,12423,2011-03-21 11:46:00
547114,164.34,124,21,14688,2011-03-21 11:49:00
547122,298.11,207,16,17678,2011-03-21 11:52:00
547134,153.83,43,14,15996,2011-03-21 11:57:00
547154,600.0,480,1,15299,2011-03-21 12:06:00
547165,15.600000000000001,24,1,13593,2011-03-21 12:10:00
547171,151.45000000000002,45,7,17849,2011-03-21 12:13:00
547192,95.8,68,6,15855,2011-03-21 12:32:00
547194,196.64000000000001,83,38,12637,2011-03-21 12:42:00
547195,788.9100000000001,389,32,17204,2011-03-21 12:42:00
547196,4.63,5,4,12637,2011-03-21 12:44:00
547197,108.42,30,7,17811,2011-03-21 12:45:00
547199,131.5,69,35,14606,2011-03-21 12:53:00
547200,188.73,127,11,16036,2011-03-21 13:01:00
547201,489.12,116,6,13113,2011-03-21 13:35:00
547202,248.20000000000002,124,29,17841,2011-03-21 13:38:00
547203,265.63,117,17,17146,2011-03-21 13:51:00
547204,90.8,60,6,13491,2011-03-21 13:58:00
547205,313.55,85,16,16558,2011-03-21 14:00:00
547206,151.9,74,31,16791,2011-03-21 14:18:00
547207,15.0,12,1,17763,2011-03-21 14:25:00
547209,2340.05,1593,82,13081,2011-03-21 14:44:00
547220,154.4,88,5,13410,2011-03-21 15:02:00
547221,200.29,125,11,13262,2011-03-21 15:06:00
547222,175.1,20,10,18008,2011-03-21 15:07:00
547223,491.19,556,75,12867,2011-03-21 15:10:00
547226,110.65,33,9,14167,2011-03-21 15:33:00
547227,147.6,210,4,12748,2011-03-21 15:40:00
547233,315.90000000000003,206,8,17152,2011-03-21 16:20:00
547240,103.72,82,42,17585,2011-03-21 16:32:00
547243,245.62,159,54,17231,2011-03-21 16:59:00
547244,131.26,72,5,16427,2011-03-21 17:10:00
547245,114.56,96,8,14632,2011-03-22 08:49:00
547246,596.4,276,10,16191,2011-03-22 08:54:00
547247,440.28999999999996,310,24,18225,2011-03-22 09:01:00
547251,398.22,332,20,17865,2011-03-22 09:43:00
547252,357.58000000000004,154,16,13900,2011-03-22 10:13:00
547253,687.15,311,67,13869,2011-03-22 10:44:00
547273,420.25,145,28,14530,2011-03-22 11:05:00
547324,317.8,108,8,13014,2011-03-22 11:27:00
547327,523.98,201,31,12681,2011-03-22 11:28:00
547334,346.7,70,12,15044,2011-03-22 11:43:00
547340,362.0,100,5,14875,2011-03-22 11:53:00
547349,313.77,259,19,15132,2011-03-22 12:02:00
547350,657.68,664,41,17272,2011-03-22 12:05:00
547357,493.11,441,33,17613,2011-03-22 12:15:00
547358,912.03,635,151,15998,2011-03-22 12:25:00
547359,326.8,225,68,15719,2011-03-22 12:27:00
547360,517.55,209,21,16135,2011-03-22 12:30:00
547361,365.36,168,18,15298,2011-03-22 12:31:00
547362,3221.88,4686,39,13694,2011-03-22 12:33:00
547365,235.71,170,12,12775,2011-03-22 12:36:00
547366,215.05,135,9,12831,2011-03-22 13:02:00
547367,200.16,79,44,15437,2011-03-22 13:11:00
547370,200.51999999999998,90,29,14711,2011-03-22 13:32:00
547371,314.6,124,4,14377,2011-03-22 13:38:00
547372,154.2,51,26,16374,2011-03-22 13:46:00
547373,450.5,350,4,13798,2011-03-22 13:52:00
547374,274.18,136,77,16110,2011-03-22 13:54:00
547375,512.13,320,34,13196,2011-03-22 14:24:00
547377,401.35,273,22,13050,2011-03-22 14:43:00
547378,905.1,162,10,14051,2011-03-22 14:56:00
547379,498.32,490,29,12720,2011-03-22 15:13:00
547380,214.28,166,46,16809,2011-03-22 15:20:00
547381,201.39,223,24,18041,2011-03-22 15:25:00
547382,237.07,132,56,15457,2011-03-22 15:31:00
547383,803.66,485,45,12613,2011-03-22 15:42:00
547384,18.0,1,1,12613,2011-03-22 15:46:00
547387,1085.99,335,44,12539,2011-03-22 16:00:00
547389,292.47,172,37,16721,2011-03-22 16:08:00
547390,160.33,64,8,12352,2011-03-22 16:08:00
547391,70.80000000000001,24,1,14735,2011-03-22 16:32:00
547401,198.02,112,27,17576,2011-03-22 17:00:00
547405,114.0,76,8,17705,2011-03-23 08:22:00
547406,170.94,150,5,16948,2011-03-23 08:26:00
547407,21.25,2,2,15658,2011-03-23 08:54:00
547412,288.05,364,20,12399,2011-03-23 09:42:00
547413,589.4,404,32,13475,2011-03-23 09:43:00
547414,216.95000000000002,87,12,17733,2011-03-23 09:54:00
547415,25.5,2,1,17102,2011-03-23 10:08:00
547416,382.6,104,10,15410,2011-03-23 10:15:00
547417,329.56,327,21,13239,2011-03-23 10:25:00
547418,369.09000000000003,173,29,13148,2011-03-23 10:25:00
547419,1649.58,1135,15,15061,2011-03-23 10:27:00
547420,345.92,248,23,15449,2011-03-23 10:43:00
547428,327.25,119,13,14870,2011-03-23 10:51:00
547444,247.60000000000002,125,16,12811,2011-03-23 10:55:00
547485,366.02,191,67,17019,2011-03-23 11:16:00
547486,330.24,192,7,13576,2011-03-23 11:18:00
547488,270.15,110,42,13821,2011-03-23 11:30:00
547489,99.15,17,5,17830,2011-03-23 11:44:00
547490,265.02,137,43,17507,2011-03-23 11:48:00
547491,133.49,115,9,17096,2011-03-23 12:05:00
547492,178.5,137,10,12604,2011-03-23 12:06:00
547493,1542.08,929,14,12818,2011-03-23 12:06:00
547494,207.79999999999998,140,7,18191,2011-03-23 12:08:00
547496,261.68,152,15,18075,2011-03-23 12:13:00
547497,776.23,277,64,14461,2011-03-23 12:15:00
547498,188.7,110,74,15021,2011-03-23 12:24:00
547500,524.8199999999999,414,18,13408,2011-03-23 12:39:00
547501,59.400000000000006,12,1,13408,2011-03-23 12:41:00
547503,77.3,20,3,13132,2011-03-23 12:44:00
547504,877.88,721,35,12683,2011-03-23 13:33:00
547507,259.84,376,18,16859,2011-03-23 13:39:00
547508,378.0,242,8,12683,2011-03-23 13:39:00
547509,310.8,104,8,15606,2011-03-23 13:42:00
547510,1251.48,826,49,15245,2011-03-23 13:42:00
547511,285.58,126,16,17411,2011-03-23 13:44:00
547512,584.5,150,2,17262,2011-03-23 13:46:00
547513,313.45,295,16,17519,2011-03-23 13:59:00
547514,396.87,191,24,17486,2011-03-23 14:00:00
547515,330.52,144,14,13267,2011-03-23 14:02:00
547516,385.79999999999995,44,2,15189,2011-03-23 14:04:00
547517,326.5,321,10,12395,2011-03-23 14:33:00
547518,1320.0,800,6,13694,2011-03-23 14:39:00
547519,320.0,1000,1,16308,2011-03-23 14:46:00
547520,456.9,133,21,12564,2011-03-23 14:55:00
547521,197.05,39,11,16713,2011-03-23 15:00:00
547535,163.3,100,10,16250,2011-03-23 15:07:00
547537,249.5,170,16,13534,2011-03-23 15:16:00
547538,264.8,144,16,13534,2011-03-23 15:17:00
547539,193.6,28,7,16943,2011-03-23 15:19:00
547541,495.0,300,3,14607,2011-03-23 15:22:00
547546,291.84000000000003,240,2,13249,2011-03-23 15:26:00
547548,202.22,163,55,15644,2011-03-23 15:37:00
547549,283.03,129,16,14794,2011-03-23 15:40:00
547550,335.72,144,6,16839,2011-03-23 15:41:00
547553,36.4,21,12,15644,2011-03-23 16:00:00
547554,79.6,8,1,17858,2011-03-23 16:22:00
547555,307.92,270,18,14075,2011-03-23 16:35:00
547556,162.65,70,23,17250,2011-03-23 16:45:00
547558,147.0,350,6,17966,2011-03-23 17:25:00
547561,358.90000000000003,164,16,14129,2011-03-24 08:44:00
547562,851.4000000000001,400,9,16525,2011-03-24 08:47:00
547563,227.32,238,16,15651,2011-03-24 08:56:00
547564,441.81,315,11,17512,2011-03-24 09:21:00
547565,333.0,212,12,13035,2011-03-24 09:21:00
547566,27.0,1,1,12811,2011-03-24 09:42:00
547567,442.47,253,26,17644,2011-03-24 09:44:00
547568,775.85,301,42,13341,2011-03-24 09:50:00
547569,556.9399999999999,361,20,17491,2011-03-24 09:50:00
547570,137.35,85,8,13636,2011-03-24 09:50:00
547571,432.3,182,19,16265,2011-03-24 09:52:00
547572,251.21,143,15,13512,2011-03-24 10:03:00
547573,157.16,100,8,12948,2011-03-24 10:04:00
547576,95.75999999999999,48,5,16620,2011-03-24 10:37:00
547577,513.84,288,9,13183,2011-03-24 10:37:00
547578,485.89,303,29,13089,2011-03-24 10:38:00
547579,120.0,96,2,13089,2011-03-24 10:40:00
547580,713.9499999999999,259,31,13488,2011-03-24 10:48:00
547583,562.3199999999999,444,12,12901,2011-03-24 11:07:00
547623,543.22,430,31,15641,2011-03-24 11:29:00
547639,154.95,93,8,17698,2011-03-24 11:34:00
547644,418.18,140,15,14267,2011-03-24 11:38:00
547645,197.9,107,7,12676,2011-03-24 11:40:00
547647,232.9,190,14,15144,2011-03-24 11:43:00
547648,37.5,18,2,15144,2011-03-24 11:44:00
547649,368.92,192,56,18118,2011-03-24 12:02:00
547650,446.3,215,65,17059,2011-03-24 12:08:00
547651,381.52,193,80,16904,2011-03-24 12:11:00
547652,236.07,172,30,14606,2011-03-24 12:15:00
547653,510.8,584,20,16745,2011-03-24 12:21:00
547654,73.77,27,21,14527,2011-03-24 12:32:00
547655,418.18,140,15,14267,2011-03-24 12:52:00
547656,217.56,149,73,13263,2011-03-24 12:53:00
547657,401.3,186,17,13871,2011-03-24 12:58:00
547658,357.53,228,73,13736,2011-03-24 13:04:00
547659,286.25,77,16,12434,2011-03-24 13:05:00
547662,150.34,66,19,14085,2011-03-24 13:12:00
547663,602.63,255,68,16022,2011-03-24 13:16:00
547664,269.3,386,45,13069,2011-03-24 13:16:00
547665,445.2,112,21,14256,2011-03-24 13:17:00
547666,850.3100000000001,576,30,14235,2011-03-24 13:23:00
547667,483.3,440,30,16700,2011-03-24 13:25:00
547668,131.41,95,9,14071,2011-03-24 13:28:00
547669,163.46,126,27,12748,2011-03-24 13:37:00
547670,361.54,80,33,16769,2011-03-24 13:41:00
547671,62.379999999999995,41,3,14560,2011-03-24 13:45:00
547672,264.24,348,26,17754,2011-03-24 13:54:00
547674,187.2,88,11,15835,2011-03-24 13:59:00
547684,762.89,330,32,12408,2011-03-24 14:46:00
547685,74.7,26,4,12408,2011-03-24 14:47:00
547686,310.40000000000003,210,18,15513,2011-03-24 14:49:00
547687,356.3,222,19,15078,2011-03-24 14:52:00
547688,137.4,52,2,12971,2011-03-24 14:54:00
547689,154.85,53,24,17757,2011-03-24 14:55:00
547690,335.32,262,23,16063,2011-03-24 14:55:00
547691,364.84000000000003,228,12,16767,2011-03-24 15:02:00
547694,40.5,30,3,15178,2011-03-24 15:12:00
547695,176.38,122,10,18239,2011-03-24 15:15:00
547697,409.57,183,18,14348,2011-03-24 16:23:00
547698,51.0,4,1,15304,2011-03-24 16:30:00
547702,415.45,114,16,14911,2011-03-24 16:45:00
547703,1140.76,512,34,12540,2011-03-24 17:10:00
547705,204.59,160,25,14056,2011-03-24 18:20:00
547706,2278.8,1108,3,12901,2011-03-24 18:25:00
547707,585.0,300,1,18008,2011-03-24 18:28:00
547708,11343.199999999999,4168,13,17450,2011-03-24 18:34:00
547709,266.98,60,25,18109,2011-03-24 18:43:00
547712,349.23,73,27,16905,2011-03-24 19:31:00
547713,157.7,106,11,16458,2011-03-25 08:41:00
547714,427.0,252,10,15815,2011-03-25 08:43:00
547715,246.54,128,17,12520,2011-03-25 08:50:00
547716,344.41,134,13,16833,2011-03-25 08:52:00
547717,17.4,12,1,16833,2011-03-25 08:53:00
547718,57.599999999999994,24,1,17450,2011-03-25 09:39:00
547719,307.5,146,8,14404,2011-03-25 10:05:00
547720,420.6,84,19,14209,2011-03-25 10:08:00
547721,256.78,230,19,13000,2011-03-25 10:14:00
547722,357.90999999999997,264,23,12553,2011-03-25 10:19:00
547724,102.69999999999999,34,7,13468,2011-03-25 10:42:00
547726,465.84000000000003,216,3,16029,2011-03-25 10:49:00
547727,878.16,552,4,16029,2011-03-25 10:50:00
547728,146.88,96,2,16029,2011-03-25 10:51:00
547729,366.18,344,62,15529,2011-03-25 10:52:00
547730,349.51,220,51,14796,2011-03-25 11:01:00
547762,83.14,46,5,13695,2011-03-25 11:31:00
547772,221.77,77,52,17979,2011-03-25 11:34:00
547785,878.02,323,74,13097,2011-03-25 11:41:00
547786,173.26,104,46,14587,2011-03-25 11:44:00
547787,409.5,210,5,13139,2011-03-25 11:57:00
547789,750.37,533,43,14911,2011-03-25 12:04:00
547790,628.15,346,34,12545,2011-03-25 12:04:00
547792,9.9,2,1,17979,2011-03-25 12:07:00
547793,654.75,158,28,14758,2011-03-25 12:10:00
547794,207.21,220,27,14085,2011-03-25 12:13:00
547795,170.95,39,18,14536,2011-03-25 12:21:00
547796,1407.86,731,13,14646,2011-03-25 12:34:00
547799,708.66,502,21,17139,2011-03-25 12:48:00
547800,134.56,36,22,14504,2011-03-25 12:55:00
547801,554.18,418,28,14107,2011-03-25 12:57:00
547803,227.70000000000002,175,17,13662,2011-03-25 13:23:00
547804,6.8,8,1,16817,2011-03-25 13:30:00
547805,474.05,194,21,13327,2011-03-25 13:35:00
547809,171.1,162,31,12748,2011-03-25 13:54:00
547811,194.92000000000002,215,17,17368,2011-03-25 14:01:00
547812,5513.32,1336,4,18102,2011-03-25 14:06:00
547814,295.0,1,1,13452,2011-03-25 14:19:00
547815,490.78000000000003,227,13,13520,2011-03-25 14:19:00
547816,25.25,9,9,12748,2011-03-25 14:30:00
547817,17.549999999999997,9,3,17946,2011-03-25 14:34:00
547818,76.2,33,11,12748,2011-03-25 14:39:00
547819,94.19,42,13,12748,2011-03-25 14:45:00
547820,141.72,156,6,13743,2011-03-25 14:46:00
547821,960.0,484,5,12621,2011-03-25 14:50:00
547822,1444.8,522,49,12668,2011-03-25 14:53:00
547825,155.65,104,9,12778,2011-03-25 15:01:00
547826,197.94,100,21,18078,2011-03-25 15:08:00
547828,354.65999999999997,242,9,16618,2011-03-25 15:18:00
547829,410.53,241,20,16081,2011-03-25 15:24:00
547832,3962.06,2379,22,17511,2011-03-25 16:25:00
547833,161.89,99,15,16780,2011-03-25 17:34:00
547834,633.6,252,7,17937,2011-03-27 10:16:00
547835,485.45,51,5,15465,2011-03-27 10:18:00
547837,266.55,119,14,17243,2011-03-27 10:26:00
547839,649.78,280,20,12916,2011-03-27 10:54:00
547840,324.70000000000005,206,7,15133,2011-03-27 10:56:00
547841,520.13,298,38,16923,2011-03-27 11:02:00
547842,343.03000000000003,168,12,13875,2011-03-27 11:14:00
547843,51.0,20,1,18273,2011-03-27 11:22:00
547844,388.9,38,4,15045,2011-03-27 11:44:00
547845,121.95,57,4,16434,2011-03-27 11:51:00
547846,194.05,103,11,18071,2011-03-27 11:59:00
547850,311.57,216,61,14472,2011-03-27 12:06:00
547860,542.03,373,89,17625,2011-03-27 12:21:00
547861,353.3,232,10,16701,2011-03-27 12:36:00
547862,190.5,121,21,12841,2011-03-27 12:54:00
547863,164.05,61,8,12728,2011-03-27 13:07:00
547864,115.26,101,16,15716,2011-03-27 13:10:00
547866,197.89,181,14,14878,2011-03-27 13:21:00
547867,609.4,321,85,13357,2011-03-27 13:56:00
547870,173.77,75,20,13668,2011-03-27 14:18:00
547871,277.43,158,49,16931,2011-03-27 14:28:00
547872,173.52,48,35,16777,2011-03-27 14:34:00
547873,218.34,74,23,13240,2011-03-27 15:33:00
547874,193.0,110,17,14476,2011-03-27 15:39:00
547875,612.38,350,13,13408,2011-03-27 15:40:00
547876,254.0,38,11,16638,2011-03-27 15:41:00
547877,165.82999999999998,41,20,14573,2011-03-27 15:46:00
547878,131.3,170,3,15939,2011-03-27 16:01:00
547879,83.16000000000001,60,5,12877,2011-03-27 16:03:00
547880,251.56,106,34,15426,2011-03-27 16:05:00
547881,192.34,67,31,13110,2011-03-27 16:08:00
547882,539.0,745,39,14911,2011-03-28 07:53:00
547883,307.76,184,17,14755,2011-03-28 08:40:00
547884,665.28,471,43,13481,2011-03-28 09:07:00
547885,220.8,88,7,17314,2011-03-28 09:16:00
547886,329.44,178,20,13652,2011-03-28 09:21:00
547887,453.98,258,30,16245,2011-03-28 09:30:00
547888,588.0,315,28,13368,2011-03-28 09:59:00
547890,223.9,100,6,17227,2011-03-28 10:03:00
547891,302.21999999999997,401,19,13266,2011-03-28 10:14:00
547892,1136.3,848,69,12669,2011-03-28 10:15:00
547893,191.25,23,5,13552,2011-03-28 10:25:00
547894,277.8,160,9,13552,2011-03-28 10:26:00
547895,113.14,42,24,18118,2011-03-28 10:52:00
547896,246.61,119,58,17841,2011-03-28 11:34:00
547897,400.53999999999996,217,25,12792,2011-03-28 11:36:00
547898,374.7,108,14,16523,2011-03-28 11:49:00
547900,148.8,72,8,13649,2011-03-28 11:51:00
547902,121.25,44,19,17765,2011-03-28 11:58:00
547903,407.09,245,36,15039,2011-03-28 11:59:00
547906,210.27,125,64,14410,2011-03-28 12:13:00
547907,88.2,38,5,15083,2011-03-28 12:18:00
547909,179.73,117,34,15033,2011-03-28 12:22:00
547910,455.28000000000003,395,116,14159,2011-03-28 12:23:00
547911,137.6,36,9,14127,2011-03-28 12:25:00
547912,174.8,60,14,18010,2011-03-28 12:27:00
547914,297.5,163,13,12594,2011-03-28 12:35:00
547918,1001.82,478,60,15249,2011-03-28 12:49:00
547919,135.09,96,28,13760,2011-03-28 12:52:00
547920,116.41,87,24,14730,2011-03-28 12:52:00
547921,628.66,466,39,14766,2011-03-28 13:28:00
547922,183.9,54,10,15624,2011-03-28 13:32:00
547923,82.55000000000001,23,4,14344,2011-03-28 13:35:00
547924,369.01,257,22,17749,2011-03-28 13:39:00
547925,602.86,425,28,12481,2011-03-28 13:57:00
547926,229.48,268,10,12481,2011-03-28 13:59:00
547931,28.0,1,1,12594,2011-03-28 14:01:00
547934,257.2,157,17,12474,2011-03-28 14:07:00
547935,240.35,44,8,15874,2011-03-28 14:19:00
547936,56.05,23,12,15874,2011-03-28 14:23:00
547937,239.95999999999998,130,39,15068,2011-03-28 14:27:00
547938,433.9,244,23,13901,2011-03-28 14:33:00
547939,127.5,10,1,15611,2011-03-28 14:42:00
547940,430.23,163,22,16814,2011-03-28 14:43:00
547941,1267.5,151,2,16692,2011-03-28 14:46:00
547942,106.5,30,3,14538,2011-03-28 14:57:00
547944,106.95,49,3,12971,2011-03-28 14:59:00
547945,206.13,139,14,14851,2011-03-28 14:59:00
547946,116.4,36,3,12971,2011-03-28 14:59:00
547947,2188.5,1310,22,15032,2011-03-28 15:03:00
547949,198.89999999999998,54,3,14021,2011-03-28 15:10:00
547960,184.57,95,45,15644,2011-03-28 15:27:00
547962,330.51,251,24,12957,2011-03-28 15:38:00
547963,250.42000000000002,158,15,13037,2011-03-28 15:42:00
547965,63.42,58,4,15809,2011-03-28 15:47:00
547969,245.66,139,37,17238,2011-03-28 16:27:00
547970,4.95,1,1,17238,2011-03-28 16:28:00
547971,119.55,75,32,17917,2011-03-28 16:37:00
547972,817.5,550,5,12557,2011-03-28 16:41:00
547985,413.7,196,19,16455,2011-03-29 08:43:00
547986,169.05,79,10,18177,2011-03-29 08:46:00
547987,444.52,436,29,17428,2011-03-29 09:11:00
547990,263.58,94,16,15589,2011-03-29 09:53:00
547991,30.0,24,1,15589,2011-03-29 09:54:00
548003,289.25,140,18,18044,2011-03-29 10:39:00
548005,305.54,269,22,14128,2011-03-29 10:49:00
548006,428.05,235,22,18226,2011-03-29 10:50:00
548007,300.75,133,17,13769,2011-03-29 10:51:00
548010,2527.94,1070,15,14646,2011-03-29 11:04:00
548011,15719.56,11116,89,14646,2011-03-29 11:14:00
548012,317.56,118,13,17377,2011-03-29 11:15:00
548013,65.16000000000001,48,4,17874,2011-03-29 11:25:00
548014,579.83,437,39,17719,2011-03-29 11:29:00
548016,35.04,36,2,16871,2011-03-29 11:39:00
548017,357.25,203,21,16871,2011-03-29 11:42:00
548033,356.84000000000003,108,13,14441,2011-03-29 12:01:00
548038,317.9,140,18,15696,2011-03-29 12:03:00
548144,328.2,164,2,13798,2011-03-29 12:29:00
548148,297.2,164,49,17931,2011-03-29 12:31:00
548150,142.28,144,19,17315,2011-03-29 12:55:00
548151,277.07,121,17,13803,2011-03-29 12:57:00
548152,305.68,182,19,17398,2011-03-29 13:04:00
548153,304.4,368,13,15129,2011-03-29 13:05:00
548154,465.7,173,21,17675,2011-03-29 13:06:00
548156,108.2,38,20,14871,2011-03-29 13:22:00
548157,1518.0,920,14,14298,2011-03-29 13:27:00
548158,341.93,92,28,15906,2011-03-29 13:28:00
548159,69.4,16,4,15906,2011-03-29 13:32:00
548160,1700.4,1340,53,16253,2011-03-29 13:33:00
548169,2106.46,1250,29,14680,2011-03-29 13:48:00
548170,280.85,111,9,15290,2011-03-29 13:53:00
548171,963.01,1215,14,16422,2011-03-29 13:58:00
548172,328.15,253,13,15738,2011-03-29 14:13:00
548176,283.71,242,54,13439,2011-03-29 14:20:00
548177,272.76,52,4,12888,2011-03-29 14:31:00
548178,504.61,321,27,14367,2011-03-29 14:35:00
548185,371.83000000000004,173,22,15628,2011-03-29 14:58:00
548186,539.3,254,8,13777,2011-03-29 15:02:00
548188,243.81,174,52,13263,2011-03-29 15:12:00
548189,141.41,163,11,16607,2011-03-29 15:15:00
548190,258.18,42,3,17511,2011-03-29 15:18:00
548192,247.45000000000002,137,23,17364,2011-03-29 15:22:00
548196,118.55,63,8,16011,2011-03-29 15:44:00
548197,113.30000000000001,48,8,13588,2011-03-29 15:53:00
548198,351.01,133,50,16712,2011-03-29 16:05:00
548199,287.04,222,20,16945,2011-03-29 16:12:00
548202,346.6,370,9,16980,2011-03-29 16:36:00
548208,314.1,224,18,14189,2011-03-29 17:12:00
548210,338.40999999999997,132,40,14606,2011-03-29 17:23:00
548211,1807.04,1208,16,14646,2011-03-30 09:06:00
548212,940.1700000000001,445,41,12456,2011-03-30 09:12:00
548213,475.69,433,33,15521,2011-03-30 09:15:00
548214,266.2,204,17,13720,2011-03-30 09:17:00
548215,355.12,198,19,15674,2011-03-30 09:19:00
548216,91.8,36,1,12971,2011-03-30 09:27:00
548217,81.6,32,1,17616,2011-03-30 09:31:00
548218,301.48,214,16,13999,2011-03-30 09:36:00
548222,396.59999999999997,308,3,17306,2011-03-30 10:16:00
548223,152.64000000000001,144,1,17306,2011-03-30 10:18:00
548234,315.0,220,14,17594,2011-03-30 10:32:00
548242,216.3,126,8,16218,2011-03-30 10:34:00
548245,459.0,60,1,12823,2011-03-30 10:36:00
548255,383.07,115,17,13078,2011-03-30 10:46:00
548256,56.4,72,3,17775,2011-03-30 10:50:00
548257,2161.32,1104,28,13802,2011-03-30 10:54:00
548258,662.3,260,30,14146,2011-03-30 11:04:00
548259,244.13,236,28,14099,2011-03-30 11:12:00
548260,176.21,48,21,15373,2011-03-30 11:18:00
548267,180.38000000000002,58,3,16954,2011-03-30 11:32:00
548276,481.2,416,18,17863,2011-03-30 11:39:00
548289,631.06,426,43,13988,2011-03-30 11:48:00
548293,1012.6,628,10,13798,2011-03-30 11:51:00
548308,415.8,201,60,17220,2011-03-30 12:00:00
548309,215.43,394,65,16657,2011-03-30 12:02:00
548311,183.0,92,12,13728,2011-03-30 12:05:00
548312,381.5,143,47,16059,2011-03-30 12:12:00
548313,458.47,210,48,15353,2011-03-30 12:15:00
548314,127.78999999999999,77,9,16949,2011-03-30 12:24:00
548315,303.32,60,7,16019,2011-03-30 12:34:00
548316,238.79999999999998,24,1,17929,2011-03-30 12:35:00
548317,270.26,250,18,18179,2011-03-30 12:43:00
548318,453.05,121,6,13113,2011-03-30 12:45:00
548319,245.2,38,15,14180,2011-03-30 12:48:00
548320,418.70000000000005,174,7,12709,2011-03-30 12:54:00
548323,193.5,386,9,15424,2011-03-30 13:00:00
548324,1622.48,2048,11,13316,2011-03-30 13:01:00
548325,313.5,386,15,13509,2011-03-30 13:01:00
548326,189.84,168,8,15424,2011-03-30 13:02:00
548327,294.47,181,61,16788,2011-03-30 13:05:00
548329,611.94,488,14,16584,2011-03-30 13:14:00
548330,136.99,65,22,14810,2011-03-30 13:26:00
548331,427.15000000000003,193,20,13047,2011-03-30 13:28:00
548332,331.80000000000007,84,3,15364,2011-03-30 13:39:00
548333,132.70000000000002,38,4,15189,2011-03-30 13:44:00
548334,271.0,84,17,18108,2011-03-30 13:56:00
548335,132.09,87,8,14272,2011-03-30 13:57:00
548336,435.0,612,4,13082,2011-03-30 14:06:00
548337,284.67,233,16,18198,2011-03-30 14:06:00
548338,174.31,171,12,16558,2011-03-30 14:08:00
548340,306.39,311,22,13426,2011-03-30 14:23:00
548349,519.96,388,3,15812,2011-03-30 14:39:00
548351,850.82,502,24,13001,2011-03-30 14:51:00
548353,760.18,592,20,15980,2011-03-30 15:05:00
548354,600.0,376,13,15981,2011-03-30 15:06:00
548358,836.79,465,54,15832,2011-03-30 15:29:00
548359,493.92,696,3,14828,2011-03-30 15:31:00
548361,310.87,211,20,16092,2011-03-30 15:38:00
548363,558.4,346,10,12428,2011-03-30 15:48:00
548367,1337.78,861,23,17677,2011-03-30 15:51:00
548368,70.92,40,4,17677,2011-03-30 15:52:00
548370,229.33,123,26,15528,2011-03-30 16:14:00
548371,353.7,378,9,17757,2011-03-30 16:28:00
548372,116.45,31,3,14572,2011-03-30 16:34:00
548388,441.37,453,52,13268,2011-03-30 16:52:00
548400,626.9,283,54,17400,2011-03-30 17:33:00
548401,141.85,59,8,14479,2011-03-31 09:07:00
548403,16.95,1,1,14794,2011-03-31 09:36:00
548404,1169.95,503,63,16398,2011-03-31 09:38:00
548405,1015.83,355,55,17088,2011-03-31 09:48:00
548406,872.56,500,11,15061,2011-03-31 09:57:00
548407,306.59999999999997,376,17,16401,2011-03-31 10:07:00
548408,388.45000000000005,103,17,17438,2011-03-31 10:26:00
548409,1937.06,946,33,12731,2011-03-31 10:27:00
548410,413.4,132,4,12731,2011-03-31 10:29:00
548412,111.0,49,3,12601,2011-03-31 10:38:00
548447,205.75,147,4,17315,2011-03-31 10:53:00
548448,225.49,275,12,18041,2011-03-31 11:07:00
548449,168.4,45,9,14911,2011-03-31 11:08:00
548450,516.2900000000001,379,26,15856,2011-03-31 11:20:00
548451,541.05,782,63,17365,2011-03-31 11:25:00
548452,307.53,123,15,13060,2011-03-31 11:37:00
548455,152.16,136,10,14790,2011-03-31 11:49:00
548457,102.4,24,5,13468,2011-03-31 11:52:00
548458,300.6,48,9,15632,2011-03-31 11:53:00
548459,125.65,51,7,14890,2011-03-31 11:57:00
548461,142.51,55,23,14527,2011-03-31 12:08:00
548466,61.10000000000001,26,4,16386,2011-03-31 12:19:00
548468,118.25,31,13,14818,2011-03-31 12:28:00
548470,415.52000000000004,174,16,12782,2011-03-31 12:36:00
548484,145.27,77,27,13571,2011-03-31 12:43:00
548486,278.65,167,16,12909,2011-03-31 12:51:00
548489,205.98,44,5,12619,2011-03-31 13:10:00
548490,624.8,431,27,12909,2011-03-31 13:13:00
548491,375.34999999999997,906,8,14064,2011-03-31 13:14:00
548492,208.05,112,36,17841,2011-03-31 13:14:00
548493,840.38,314,10,16839,2011-03-31 13:14:00
548494,1182.0,520,4,16698,2011-03-31 13:33:00
548496,3243.13,2271,35,12678,2011-03-31 13:40:00
548497,1622.41,725,57,13089,2011-03-31 13:43:00
548498,301.6,246,12,16681,2011-03-31 13:46:00
548499,133.47,60,16,17075,2011-03-31 13:47:00
548500,204.78,148,22,17071,2011-03-31 13:49:00
548501,106.81,53,3,15894,2011-03-31 13:50:00
548506,3.9,2,2,18037,2011-03-31 14:42:00
548507,31.770000000000003,10,3,13573,2011-03-31 14:47:00
548509,296.2,64,5,14543,2011-03-31 15:00:00
548510,216.12,255,34,17861,2011-03-31 15:02:00
548511,276.94,86,27,14056,2011-03-31 15:43:00
548512,136.6,40,14,14410,2011-03-31 15:54:00
548520,320.17,431,19,13126,2011-03-31 16:40:00
548521,652.52,626,41,17735,2011-03-31 16:41:00
548529,490.99,217,24,18223,2011-03-31 16:56:00
548530,11.8,4,2,17400,2011-03-31 17:06:00
548531,1170.0,216,5,14031,2011-03-31 17:12:00
548533,980.41,457,46,13883,2011-03-31 17:17:00
548534,269.62,184,15,18172,2011-03-31 17:28:00
548541,58.49,34,12,14957,2011-03-31 17:59:00
548542,198.2,100,8,13918,2011-03-31 18:05:00
548544,293.45,240,13,14525,2011-03-31 18:49:00
548545,423.55,127,19,13118,2011-03-31 19:12:00
548546,111.6,186,9,16600,2011-03-31 19:20:00
548547,226.85,147,4,17212,2011-03-31 19:42:00
548548,102.0,8,2,17781,2011-03-31 19:54:00
548549,120.9,102,3,16365,2011-03-31 19:55:00
548550,244.79,109,12,18161,2011-04-01 08:22:00
548551,364.8,160,18,14886,2011-04-01 08:56:00
548552,239.75,71,10,17613,2011-04-01 09:06:00
548553,138.75,88,9,12523,2011-04-01 09:19:00
548554,888.1999999999999,1420,19,13694,2011-04-01 09:19:00
548555,316.90000000000003,108,15,13758,2011-04-01 09:21:00
548556,237.89999999999998,122,2,13694,2011-04-01 09:25:00
548557,180.09,73,12,15018,2011-04-01 09:56:00
548558,257.23,209,19,13626,2011-04-01 10:05:00
548559,206.7,34,5,16214,2011-04-01 10:08:00
548560,297.12,200,8,13468,2011-04-01 10:10:00
548561,557.53,255,35,16609,2011-04-01 10:11:00
548563,125.63,47,17,18118,2011-04-01 10:21:00
548565,413.88,228,13,16180,2011-04-01 10:23:00
548566,127.30000000000001,110,6,17288,2011-04-01 10:27:00
548567,270.1,87,26,17965,2011-04-01 10:34:00
548568,252.61,26,10,14543,2011-04-01 10:43:00
548606,252.0,240,3,12731,2011-04-01 11:10:00
548608,151.5,62,9,13462,2011-04-01 11:20:00
548610,292.85,101,35,15860,2011-04-01 11:28:00
548611,386.22,210,16,18230,2011-04-01 11:31:00
548612,640.8100000000001,390,114,13137,2011-04-01 11:34:00
548613,35.28,84,1,13694,2011-04-01 11:46:00
548614,183.04,106,36,14419,2011-04-01 11:47:00
548616,307.59999999999997,328,15,18263,2011-04-01 11:48:00
548617,337.51,333,18,16592,2011-04-01 11:50:00
548618,216.75,124,12,15197,2011-04-01 11:50:00
548619,9.959999999999999,12,1,16592,2011-04-01 11:51:00
548621,201.53,95,45,16960,2011-04-01 11:54:00
548622,249.60000000000002,153,16,13636,2011-04-01 12:09:00
548623,85.0,100,1,13841,2011-04-01 12:10:00
548627,1445.6000000000001,3080,5,16333,2011-04-01 12:19:00
548629,355.20000000000005,192,1,16333,2011-04-01 12:21:00
548630,355.20000000000005,192,1,16333,2011-04-01 12:22:00
548631,117.4,77,13,13184,2011-04-01 12:24:00
548632,417.95,109,24,17701,2011-04-01 12:25:00
548633,915.84,864,1,16333,2011-04-01 12:25:00
548634,87.10000000000001,34,5,12877,2011-04-01 12:26:00
548635,538.72,1432,2,16333,2011-04-01 12:27:00
548636,266.85,215,21,15601,2011-04-01 12:29:00
548640,47.7,6,1,17580,2011-04-01 12:41:00
548641,577.2,312,1,16333,2011-04-01 12:56:00
548642,145.24,120,15,17287,2011-04-01 13:00:00
548643,72.0,100,1,14680,2011-04-01 13:01:00
548644,396.0,288,2,15291,2011-04-01 13:02:00
548645,313.38,114,2,17457,2011-04-01 13:04:00
548648,1534.3,909,75,12949,2011-04-01 13:20:00
548649,210.0,100,1,18179,2011-04-01 13:21:00
548650,490.4,368,24,14852,2011-04-01 13:22:00
548651,444.75,65,7,14970,2011-04-01 13:33:00
548652,135.0,108,5,16928,2011-04-01 13:34:00
548654,348.68,115,10,12569,2011-04-01 13:47:00
548655,312.58,130,20,15605,2011-04-01 13:47:00
548656,16.7,6,6,12748,2011-04-01 14:05:00
548657,8.8,2,2,12748,2011-04-01 14:07:00
548658,102.0,40,1,15179,2011-04-01 14:19:00
548659,362.24,425,29,13418,2011-04-01 14:19:00
548660,505.2,96,6,13169,2011-04-01 14:24:00
548661,350.0,1,1,12415,2011-04-01 14:28:00
548664,1407.19,713,67,14911,2011-04-01 14:45:00
548665,193.08,100,7,14854,2011-04-01 14:53:00
548666,1260.15,671,79,13124,2011-04-01 14:58:00
548668,37.4,4,2,16162,2011-04-01 15:03:00
548669,136.8,72,2,15691,2011-04-01 15:13:00
548670,206.98,117,54,15356,2011-04-01 15:37:00
548673,291.44,128,11,13767,2011-04-01 16:18:00
548686,785.5,553,24,15856,2011-04-01 16:49:00
548687,828.4,736,5,14195,2011-04-01 16:50:00
548696,142.5,48,7,17243,2011-04-03 10:10:00
548697,713.8,184,6,15482,2011-04-03 10:49:00
548698,259.6,86,29,18109,2011-04-03 10:55:00
548700,146.99,19,10,13623,2011-04-03 11:11:00
548701,266.36,219,35,17629,2011-04-03 11:36:00
548702,244.5,151,27,17085,2011-04-03 11:36:00
548703,163.55,95,36,16010,2011-04-03 11:37:00
548704,937.7099999999999,1897,7,17381,2011-04-03 11:45:00
548705,189.12,444,3,17381,2011-04-03 11:47:00
548706,231.3,106,4,13408,2011-04-03 11:51:00
548707,127.84,30,17,13781,2011-04-03 12:08:00
548708,701.65,514,93,13269,2011-04-03 12:41:00
548709,280.56,364,12,17744,2011-04-03 12:46:00
548710,282.6,188,17,16678,2011-04-03 13:24:00
548711,197.69,110,88,18116,2011-04-03 14:24:00
548712,670.33,363,66,17050,2011-04-03 14:42:00
548714,459.5,259,150,17337,2011-04-03 15:07:00
548715,583.79,407,65,17758,2011-04-03 15:22:00
548716,273.14,162,16,14023,2011-04-03 15:50:00
548718,2183.82,1162,14,14156,2011-04-04 08:50:00
548725,134.0,1,1,12678,2011-04-04 09:08:00
548726,367.74,146,12,13767,2011-04-04 09:38:00
548728,903.01,835,67,13198,2011-04-04 09:55:00
548730,475.5,234,7,17669,2011-04-04 10:11:00
548732,535.34,422,37,16142,2011-04-04 10:16:00
548733,583.87,169,36,17648,2011-04-04 10:29:00
548734,183.4,35,8,13059,2011-04-04 10:40:00
548735,435.56,181,33,15039,2011-04-04 10:52:00
548736,432.48,408,1,13984,2011-04-04 11:01:00
548737,585.55,297,27,12682,2011-04-04 11:18:00
548739,404.54,105,52,15493,2011-04-04 11:28:00
548740,599.84,216,27,13319,2011-04-04 11:34:00
548741,167.47,79,14,16224,2011-04-04 12:00:00
548742,375.16,266,26,14688,2011-04-04 12:00:00
548743,500.35,181,18,14895,2011-04-04 12:05:00
548744,313.28999999999996,159,15,17725,2011-04-04 12:07:00
548745,624.29,350,27,12471,2011-04-04 12:10:00
548746,50.0,40,1,12471,2011-04-04 12:11:00
548747,300.85,115,12,15223,2011-04-04 12:17:00
548749,451.78,448,31,13004,2011-04-04 12:29:00
548757,357.5,144,18,17419,2011-04-04 12:31:00
548768,219.94,92,15,17886,2011-04-04 12:34:00
548780,483.65,317,32,13294,2011-04-04 12:37:00
548792,208.57,122,37,14711,2011-04-04 12:42:00
548796,403.78000000000003,340,53,15752,2011-04-04 12:42:00
548801,375.45,333,19,15289,2011-04-04 12:44:00
548806,357.7,168,8,13098,2011-04-04 12:52:00
548807,2298.0,1648,18,16422,2011-04-04 12:54:00
548808,375.0,123,40,17774,2011-04-04 12:55:00
548813,4037.77,4,1,12744,2011-04-04 13:03:00
548820,2053.07,1,1,12744,2011-04-04 13:04:00
548856,25.09,12,3,15311,2011-04-04 13:26:00
548858,264.3,77,15,14911,2011-04-04 13:29:00
548859,221.25,112,24,13668,2011-04-04 13:32:00
548860,406.4,254,65,13263,2011-04-04 13:38:00
548861,304.25,183,17,18185,2011-04-04 13:42:00
548862,12.75,1,1,17956,2011-04-04 13:47:00
548863,1713.74,1050,45,15311,2011-04-04 13:57:00
548864,123.59,45,39,15756,2011-04-04 14:00:00
548865,328.2,84,18,14747,2011-04-04 14:09:00
548867,223.46,188,40,14719,2011-04-04 14:17:00
548868,556.77,187,32,13015,2011-04-04 14:28:00
548869,130.2,20,16,17114,2011-04-04 14:31:00
548870,129.18,58,42,14606,2011-04-04 14:41:00
548871,91.47999999999999,76,6,14410,2011-04-04 14:42:00
548872,108.0,88,7,13015,2011-04-04 14:42:00
548873,214.2,92,3,12971,2011-04-04 15:10:00
548874,786.16,386,37,17716,2011-04-04 15:18:00
548892,124.15,27,7,18044,2011-04-04 15:35:00
548896,297.28000000000003,150,14,13767,2011-04-04 16:21:00
548898,158.87,61,21,17214,2011-04-04 16:28:00
548899,825.96,428,6,15838,2011-04-04 16:31:00
548900,174.45999999999998,141,13,17848,2011-04-04 16:36:00
548907,505.0,22,3,15521,2011-04-05 08:25:00
548909,705.8399999999999,432,25,12779,2011-04-05 08:43:00
548910,172.8,864,2,17940,2011-04-05 08:51:00
548911,155.19000000000003,55,9,12951,2011-04-05 09:09:00
548912,463.95,95,8,16586,2011-04-05 09:32:00
548913,1136.3,1,1,12669,2011-04-05 09:45:00
548916,422.34000000000003,377,26,14849,2011-04-05 10:07:00
548917,215.9,70,12,16817,2011-04-05 10:13:00
548918,336.96,330,13,16105,2011-04-05 10:13:00
548919,649.32,355,31,13013,2011-04-05 10:18:00
548920,493.45,441,31,13018,2011-04-05 10:19:00
548940,81.6,96,1,15061,2011-04-05 10:31:00
548942,105.0,84,3,15938,2011-04-05 10:40:00
548952,427.63,205,50,15572,2011-04-05 10:46:00
548955,367.0,269,5,12348,2011-04-05 10:47:00
548968,2118.74,1384,52,12744,2011-04-05 10:58:00
548969,1129.1999999999998,636,9,14646,2011-04-05 11:01:00
548970,1155.0,700,6,14646,2011-04-05 11:03:00
548971,184.84,90,25,16919,2011-04-05 11:29:00
548973,355.12,198,19,15674,2011-04-05 11:44:00
548974,335.07,145,16,15194,2011-04-05 11:47:00
548975,354.29,729,16,17596,2011-04-05 11:47:00
548978,784.45,393,46,15727,2011-04-05 12:08:00
548979,382.82,222,3,13798,2011-04-05 12:12:00
548981,594.0,120,2,15442,2011-04-05 12:24:00
548983,112.69,44,21,16906,2011-04-05 12:30:00
548984,561.29,357,96,14546,2011-04-05 12:37:00
548985,105.0,84,1,16422,2011-04-05 12:46:00
548987,852.87,460,92,14535,2011-04-05 12:50:00
548988,346.5,86,13,17618,2011-04-05 13:07:00
548990,316.02,202,16,16170,2011-04-05 13:42:00
548991,112.49,29,23,16915,2011-04-05 13:48:00
548992,838.0799999999999,250,32,13089,2011-04-05 13:52:00
548993,3599.38,1626,32,12753,2011-04-05 13:56:00
549007,304.13,489,20,17470,2011-04-05 14:38:00
549012,306.89,403,24,16394,2011-04-05 14:51:00
549014,226.06,220,66,17841,2011-04-05 15:00:00
549015,297.94,240,15,15244,2011-04-05 15:12:00
549016,35.400000000000006,12,2,16696,2011-04-05 15:20:00
549017,422.23,251,26,15145,2011-04-05 15:20:00
549018,374.57,155,12,17492,2011-04-05 15:21:00
549020,282.88,208,2,13525,2011-04-05 15:36:00
549021,173.24,93,12,13468,2011-04-05 16:13:00
549022,83.4,12,1,12901,2011-04-05 16:23:00
549026,260.55,41,5,17409,2011-04-05 16:42:00
549027,5424.0,1600,4,17857,2011-04-05 17:02:00
549044,345.35,165,21,16161,2011-04-06 09:11:00
549046,303.4,72,5,15291,2011-04-06 10:07:00
549047,112.41,53,30,17783,2011-04-06 10:07:00
549048,113.1,42,6,17811,2011-04-06 10:14:00
549052,365.79,185,19,17682,2011-04-06 10:19:00
549053,305.78,224,20,13863,2011-04-06 10:20:00
549054,312.19,109,12,17719,2011-04-06 10:21:00
549055,203.4,180,13,13515,2011-04-06 10:33:00
549056,123.1,42,12,15917,2011-04-06 10:40:00
549059,198.91000000000003,99,17,15529,2011-04-06 10:46:00
549099,225.52,113,60,16241,2011-04-06 11:07:00
549101,146.92000000000002,92,20,14606,2011-04-06 11:34:00
549102,303.95,433,11,13266,2011-04-06 11:34:00
549104,703.5400000000001,517,12,15311,2011-04-06 11:43:00
549105,117.6,144,2,17440,2011-04-06 12:05:00
549106,39.95,1,1,17045,2011-04-06 12:08:00
549107,7.0200000000000005,18,1,17440,2011-04-06 12:08:00
549115,1722.02,1120,35,13098,2011-04-06 12:41:00
549116,554.38,444,34,16670,2011-04-06 12:49:00
549117,136.92,192,11,13491,2011-04-06 12:56:00
549118,955.99,655,65,14911,2011-04-06 13:18:00
549119,319.42,138,10,14220,2011-04-06 13:23:00
549120,178.4,72,34,14587,2011-04-06 13:28:00
549121,454.12,296,16,17140,2011-04-06 13:33:00
549123,301.48,308,19,15201,2011-04-06 14:02:00
549124,480.9,150,8,16672,2011-04-06 14:03:00
549125,206.21,143,13,14964,2011-04-06 14:13:00
549126,305.63,219,39,16031,2011-04-06 14:23:00
549127,790.7,274,14,14403,2011-04-06 14:23:00
549128,305.26,167,46,16713,2011-04-06 14:25:00
549129,265.40999999999997,325,42,17042,2011-04-06 14:53:00
549130,273.85,128,35,14701,2011-04-06 15:02:00
549131,75.9,42,3,16378,2011-04-06 15:07:00
549148,187.7,141,23,14534,2011-04-06 15:31:00
549153,871.6,594,49,13771,2011-04-06 15:47:00
549154,311.6,88,19,17690,2011-04-06 16:47:00
549169,72.9,26,12,17906,2011-04-06 17:25:00
549182,150.24,140,11,15646,2011-04-07 09:12:00
549183,144.95000000000002,53,6,14239,2011-04-07 09:16:00
549185,639.82,512,33,18272,2011-04-07 09:35:00
549186,270.0,72,1,15838,2011-04-07 09:39:00
549187,175.2,16,1,16144,2011-04-07 10:09:00
549188,308.12,166,20,13731,2011-04-07 10:10:00
549189,229.3,98,13,15235,2011-04-07 10:11:00
549190,229.39999999999998,84,8,13748,2011-04-07 10:13:00
549192,348.85,239,13,14961,2011-04-07 10:20:00
549193,415.7,238,24,12580,2011-04-07 10:24:00
549196,356.23,271,22,14911,2011-04-07 10:33:00
549206,104.4,32,5,15281,2011-04-07 10:38:00
549222,636.25,483,24,12347,2011-04-07 10:43:00
549225,326.4,96,3,13777,2011-04-07 10:54:00
549233,482.78999999999996,445,14,14912,2011-04-07 11:06:00
549234,299.48,105,21,16515,2011-04-07 11:12:00
549235,548.09,312,49,15530,2011-04-07 11:16:00
549237,179.30999999999997,81,7,13950,2011-04-07 11:29:00
549238,388.77,205,31,14667,2011-04-07 11:30:00
549239,245.45999999999998,174,11,13102,2011-04-07 11:37:00
549240,118.89,82,31,15910,2011-04-07 11:37:00
549241,336.38,169,61,15719,2011-04-07 11:40:00
549242,227.18,119,11,14911,2011-04-07 11:41:00
549243,144.10000000000002,102,4,16043,2011-04-07 11:47:00
549245,144.86,94,34,15005,2011-04-07 11:59:00
549246,1072.2,820,10,15939,2011-04-07 12:02:00
549247,277.6,224,16,13752,2011-04-07 12:04:00
549248,54.519999999999996,140,3,13892,2011-04-07 12:04:00
549249,255.36,248,18,12423,2011-04-07 12:04:00
549250,303.04,318,83,14446,2011-04-07 12:10:00
549251,189.67,191,55,14449,2011-04-07 12:16:00
549255,305.95000000000005,245,10,16209,2011-04-07 12:23:00
549256,91.8,36,6,15754,2011-04-07 12:24:00
549257,186.46,85,56,14465,2011-04-07 12:29:00
549258,329.09999999999997,216,18,13102,2011-04-07 12:30:00
549259,228.84,352,10,13712,2011-04-07 12:33:00
549260,107.07000000000001,39,11,17790,2011-04-07 12:34:00
549261,580.58,284,57,14903,2011-04-07 12:35:00
549262,254.68,127,57,14465,2011-04-07 12:38:00
549263,244.5,108,14,15800,2011-04-07 12:39:00
549272,358.25000000000006,131,3,17133,2011-04-07 12:59:00
549273,312.0,112,3,13089,2011-04-07 13:05:00
549274,366.2,239,24,12721,2011-04-07 13:07:00
549275,158.54000000000002,62,14,15916,2011-04-07 13:09:00
549276,267.1,152,17,16745,2011-04-07 13:11:00
549277,97.7,44,22,16469,2011-04-07 13:11:00
549278,168.46,195,21,16255,2011-04-07 13:16:00
549279,170.6,67,40,16469,2011-04-07 13:16:00
549280,429.9,82,3,13854,2011-04-07 13:18:00
549281,571.3,330,27,17735,2011-04-07 13:19:00
549282,192.5,38,5,13718,2011-04-07 13:24:00
549283,321.65,135,18,13005,2011-04-07 13:32:00
549284,365.4,36,2,15694,2011-04-07 13:37:00
549285,102.12,97,8,14981,2011-04-07 13:45:00
549286,78.25999999999999,46,17,17928,2011-04-07 18:03:00
549287,40.41,15,6,14527,2011-04-07 18:05:00
549289,188.13,152,22,14395,2011-04-07 18:09:00
549291,252.52,137,50,16261,2011-04-07 19:05:00
549292,91.09,17,10,17869,2011-04-07 19:10:00
549293,119.35,48,19,17883,2011-04-07 19:16:00
549294,197.29999999999998,107,50,13230,2011-04-07 19:27:00
549296,394.44,152,20,14619,2011-04-08 07:37:00
549297,213.8,66,6,18061,2011-04-08 07:49:00
549298,314.6,192,19,13015,2011-04-08 08:20:00
549299,310.45,183,17,13995,2011-04-08 08:20:00
549300,768.83,391,41,13362,2011-04-08 08:21:00
549301,487.51,269,27,16643,2011-04-08 08:24:00
549302,449.64,216,24,14246,2011-04-08 08:25:00
549303,239.0,96,12,18040,2011-04-08 08:27:00
549304,301.53000000000003,139,14,16133,2011-04-08 08:39:00
549305,152.3,46,8,15189,2011-04-08 08:40:00
549306,148.74,98,8,16837,2011-04-08 08:48:00
549307,266.4,88,14,15119,2011-04-08 09:08:00
549308,136.36,76,7,13767,2011-04-08 09:13:00
549309,215.34,234,16,15114,2011-04-08 09:15:00
549310,190.82000000000002,62,5,16325,2011-04-08 09:20:00
549311,310.05,64,10,14924,2011-04-08 09:25:00
549312,112.8,24,5,14217,2011-04-08 09:26:00
549313,421.6,224,17,12393,2011-04-08 09:45:00
549316,1321.25,757,63,12705,2011-04-08 09:54:00
549317,484.95,131,28,15109,2011-04-08 09:58:00
549318,247.95,105,14,13911,2011-04-08 10:01:00
549319,129.45,39,5,16623,2011-04-08 10:09:00
549320,118.75,61,14,16010,2011-04-08 10:14:00
549321,373.27,237,23,14243,2011-04-08 10:19:00
549322,230.98000000000002,116,14,16558,2011-04-08 10:20:00
549323,320.28000000000003,310,23,12999,2011-04-08 10:26:00
549324,196.8,107,11,16045,2011-04-08 10:32:00
549325,609.74,262,31,12717,2011-04-08 10:32:00
549353,117.6,30,7,13962,2011-04-08 11:21:00
549360,174.02,86,10,17035,2011-04-08 11:23:00
549368,109.95,82,38,18036,2011-04-08 11:26:00
549372,194.7,69,17,14958,2011-04-08 11:28:00
549387,483.0,355,27,13178,2011-04-08 11:33:00
549412,718.6,1284,5,14258,2011-04-08 11:43:00
549417,79.80000000000001,12,1,14258,2011-04-08 11:44:00
549424,651.6,338,29,15367,2011-04-08 11:50:00
549425,337.67,248,44,14030,2011-04-08 11:54:00
549428,453.0,192,5,15815,2011-04-08 12:01:00
549429,313.5,158,13,17001,2011-04-08 12:06:00
549431,1163.75,895,43,15874,2011-04-08 12:17:00
549432,115.7,18,5,14264,2011-04-08 12:20:00
549433,149.89999999999998,26,4,16709,2011-04-08 12:28:00
549434,350.76,88,6,12647,2011-04-08 12:30:00
549435,481.46000000000004,370,21,12356,2011-04-08 12:33:00
549436,83.89,99,5,18041,2011-04-08 12:34:00
549439,603.27,233,24,13562,2011-04-08 12:42:00
549440,173.25,61,10,17162,2011-04-08 12:42:00
549441,9.9,2,1,17162,2011-04-08 12:43:00
549442,330.94,102,6,16996,2011-04-08 12:56:00
549443,104.9,68,7,15775,2011-04-08 12:56:00
549444,375.0,100,1,16013,2011-04-08 13:00:00
549445,270.0,40,1,17809,2011-04-08 13:01:00
549446,314.07,319,23,17054,2011-04-08 13:14:00
549447,138.24,192,1,17268,2011-04-08 13:20:00
549448,306.18,182,21,13078,2011-04-08 14:07:00
549449,304.33000000000004,111,13,14227,2011-04-08 14:12:00
549451,318.07,167,18,16556,2011-04-08 14:14:00
549467,194.75,125,9,13305,2011-04-08 14:26:00
549468,1867.86,1,1,17940,2011-04-08 14:27:00
549471,73.5,72,3,17389,2011-04-08 14:39:00
549520,817.44,720,28,13265,2011-04-08 15:19:00
549522,528.93,341,32,16873,2011-04-08 15:34:00
549523,32.65,7,3,12748,2011-04-08 15:35:00
549526,431.78,311,32,13630,2011-04-08 15:49:00
549538,32.32,23,8,17961,2011-04-08 17:25:00
549539,292.79999999999995,48,2,15465,2011-04-10 10:10:00
549541,138.24,192,1,17268,2011-04-10 10:16:00
549542,862.8199999999999,460,24,15311,2011-04-10 11:11:00
549543,196.25,101,57,18118,2011-04-10 11:14:00
549546,705.56,310,57,16889,2011-04-10 11:24:00
549547,423.4,145,14,16359,2011-04-10 11:33:00
549548,281.01,164,59,13548,2011-04-10 11:35:00
549550,157.6,29,26,15038,2011-04-10 11:45:00
549551,491.79,229,19,15955,2011-04-10 11:48:00
549552,110.97,24,12,13508,2011-04-10 11:58:00
549553,147.06,90,26,16931,2011-04-10 12:22:00
549554,480.34000000000003,220,15,16779,2011-04-10 12:36:00
549555,176.60999999999999,126,34,13606,2011-04-10 12:52:00
549556,212.12,122,47,17372,2011-04-10 12:53:00
549557,108.42,71,12,14450,2011-04-10 12:59:00
549558,167.55,73,37,15058,2011-04-10 13:21:00
549559,476.49,190,26,12447,2011-04-10 13:25:00
549560,91.74,52,22,15058,2011-04-10 13:26:00
549561,239.49,161,27,13570,2011-04-10 13:36:00
549562,117.43,196,14,13232,2011-04-10 13:48:00
549563,113.61999999999999,80,21,14030,2011-04-10 14:02:00
549564,112.55000000000001,48,13,18129,2011-04-10 14:16:00
549566,108.55,47,18,13610,2011-04-10 14:27:00
549567,259.24,92,40,13632,2011-04-10 15:07:00
549568,1456.42,1162,76,15665,2011-04-10 15:09:00
549569,280.66,287,43,15547,2011-04-10 15:15:00
549570,156.22,59,28,17550,2011-04-10 15:19:00
549571,560.67,324,34,15655,2011-04-10 15:25:00
549572,191.86,82,18,17757,2011-04-10 15:32:00
549573,260.92,117,42,14504,2011-04-10 16:01:00
549574,329.05,226,16,18226,2011-04-10 16:02:00
549575,172.3,76,31,13956,2011-04-10 16:04:00
549576,476.37,229,25,17069,2011-04-11 08:14:00
549577,2050.08,1998,141,14286,2011-04-11 08:16:00
549578,834.6800000000001,450,32,17340,2011-04-11 08:49:00
549579,225.61,127,13,15780,2011-04-11 09:18:00
549581,151.65,71,9,16188,2011-04-11 09:44:00
549583,514.9300000000001,402,35,15214,2011-04-11 09:46:00
549584,185.65,77,8,17574,2011-04-11 09:47:00
549585,158.4,32,1,14616,2011-04-11 09:54:00
549587,475.88,286,29,15737,2011-04-11 10:01:00
549588,373.72,237,21,12428,2011-04-11 10:04:00
549589,284.44000000000005,180,12,16552,2011-04-11 10:04:00
549590,423.0,400,7,13324,2011-04-11 10:09:00
549591,841.4999999999999,330,1,18080,2011-04-11 10:10:00
549592,310.26,146,20,14311,2011-04-11 10:14:00
549593,162.5,130,1,18008,2011-04-11 10:18:00
549594,470.4,192,4,16029,2011-04-11 10:25:00
549595,903.87,697,8,13324,2011-04-11 10:59:00
549596,309.52,168,14,14339,2011-04-11 11:06:00
549597,403.34000000000003,146,6,16133,2011-04-11 11:23:00
549614,293.24,218,21,12720,2011-04-11 11:38:00
549619,666.32,496,6,13798,2011-04-11 11:40:00
549628,274.08,664,9,13798,2011-04-11 11:43:00
549633,375.96000000000004,184,12,15671,2011-04-11 11:45:00
549646,390.54,288,28,12982,2011-04-11 11:51:00
549664,148.0,24,3,13113,2011-04-11 12:13:00
549665,134.8,52,5,14541,2011-04-11 12:17:00
549667,744.41,477,49,14911,2011-04-11 12:20:00
549669,2.55,3,1,13113,2011-04-11 12:21:00
549670,141.20000000000002,88,7,16168,2011-04-11 12:45:00
549678,435.0,128,6,16525,2011-04-11 12:57:00
549679,60.0,48,3,16407,2011-04-11 12:59:00
549680,337.08,246,21,12701,2011-04-11 13:02:00
549681,309.88,322,17,13881,2011-04-11 13:19:00
549682,269.95,156,15,12596,2011-04-11 13:22:00
549683,112.8,54,6,14273,2011-04-11 13:24:00
549687,299.1,282,16,12363,2011-04-11 13:29:00
549689,22.650000000000002,7,2,15971,2011-04-11 13:40:00
549690,379.5,215,83,17841,2011-04-11 13:41:00
549691,183.5,134,10,13549,2011-04-11 13:42:00
549693,284.35,135,17,14696,2011-04-11 13:43:00
549694,36.2,12,5,15414,2011-04-11 13:45:00
549696,153.0,12,1,13089,2011-04-11 13:55:00
549705,145.26,114,9,13668,2011-04-11 14:00:00
549711,485.31,201,24,13654,2011-04-11 14:07:00
549713,282.4,141,37,17611,2011-04-11 14:11:00
549715,165.71,145,10,13203,2011-04-11 14:40:00
549716,331.58000000000004,106,12,14628,2011-04-11 14:43:00
549717,15.0,1,1,14606,2011-04-11 14:56:00
549718,252.53,111,15,13846,2011-04-11 15:03:00
549719,183.85,103,8,14326,2011-04-11 15:04:00
549720,142.84,56,33,14606,2011-04-11 15:25:00
549721,254.12,113,12,14911,2011-04-11 15:35:00
549722,118.45,69,15,17236,2011-04-11 15:59:00
549728,111.75999999999999,87,15,17799,2011-04-11 16:15:00
549729,263.41,126,35,13634,2011-04-11 16:17:00
549730,217.14,159,33,15867,2011-04-11 16:35:00
549732,758.92,436,32,15615,2011-04-11 16:47:00
549733,309.51,216,43,17827,2011-04-11 16:56:00
549734,532.0,400,70,16409,2011-04-11 17:12:00
549735,659.3000000000001,202,14,13824,2011-04-12 08:42:00
549736,173.01,102,8,13599,2011-04-12 09:02:00
549737,158.8,80,7,13599,2011-04-12 09:03:00
549739,308.82,1,1,15935,2011-04-12 09:35:00
549740,520.8,356,12,15981,2011-04-12 09:49:00
549741,383.65,115,21,13655,2011-04-12 09:53:00
549742,720.22,502,23,12910,2011-04-12 10:01:00
549743,392.41,428,28,16186,2011-04-12 10:05:00
549744,316.2,204,8,15240,2011-04-12 10:30:00
549745,356.75,131,20,13577,2011-04-12 10:33:00
549746,2846.02,1918,30,15251,2011-04-12 10:38:00
549747,614.0,400,4,17428,2011-04-12 10:41:00
549748,497.82,146,5,17428,2011-04-12 10:42:00
549749,387.7,236,21,12928,2011-04-12 10:45:00
549750,113.25,19,12,18109,2011-04-12 10:48:00
549751,737.42,403,18,13089,2011-04-12 10:58:00
549752,50.0,40,4,13089,2011-04-12 11:01:00
549754,314.52,380,22,13700,2011-04-12 11:32:00
549755,394.56,344,9,16843,2011-04-12 11:34:00
549756,94.2,148,2,14111,2011-04-12 11:36:00
549771,421.74,283,54,14669,2011-04-12 11:43:00
549787,180.43,163,24,13268,2011-04-12 11:58:00
549789,611.91,569,48,17160,2011-04-12 12:00:00
549790,199.38,180,16,16172,2011-04-12 12:02:00
549813,135.19,36,30,17972,2011-04-12 12:16:00
549825,350.57,189,20,12463,2011-04-12 12:47:00
549826,440.5,114,24,15044,2011-04-12 12:53:00
549828,25.080000000000002,12,2,15044,2011-04-12 12:56:00
549829,341.0,198,20,16713,2011-04-12 12:56:00
549830,117.83,57,9,17811,2011-04-12 13:01:00
549831,874.5500000000001,582,40,14844,2011-04-12 13:10:00
549832,246.04,179,15,17278,2011-04-12 13:10:00
549833,1015.14,666,37,13458,2011-04-12 13:19:00
549834,302.4,96,4,16672,2011-04-12 13:20:00
549835,1444.66,990,20,17511,2011-04-12 13:24:00
549836,180.85,75,16,16814,2011-04-12 13:32:00
549837,1311.9,429,20,16705,2011-04-12 13:38:00
549838,96.0,48,4,16705,2011-04-12 13:39:00
549839,101.8,36,5,15212,2011-04-12 13:45:00
549841,3.3,2,1,15189,2011-04-12 13:52:00
549842,162.70000000000002,58,7,14738,2011-04-12 13:55:00
549843,300.12,284,14,13157,2011-04-12 14:04:00
549844,420.46999999999997,260,41,12854,2011-04-12 14:17:00
549845,504.27,390,31,16729,2011-04-12 14:22:00
549847,362.26,505,29,15358,2011-04-12 14:43:00
549850,44.550000000000004,9,1,16168,2011-04-12 14:58:00
549851,330.62,209,19,16062,2011-04-12 15:08:00
549852,147.3,40,9,14289,2011-04-12 15:08:00
549874,294.66,191,37,16919,2011-04-12 15:23:00
549880,311.16,180,7,15932,2011-04-12 15:30:00
549881,303.34,230,17,14032,2011-04-12 15:30:00
549885,461.25,119,11,17204,2011-04-12 15:32:00
549901,258.35,221,34,17180,2011-04-12 16:17:00
549902,357.65,211,13,14006,2011-04-12 16:17:00
549903,337.02,181,25,17576,2011-04-12 16:19:00
549904,49.01,125,7,17180,2011-04-12 16:20:00
549906,183.64,105,42,14998,2011-04-12 16:28:00
549907,313.8,44,8,13484,2011-04-12 16:30:00
549909,293.96,129,14,15777,2011-04-12 16:43:00
549910,112.75,27,20,16697,2011-04-12 17:12:00
549911,446.7,493,22,14060,2011-04-13 08:26:00
549914,293.0,97,9,14931,2011-04-13 09:32:00
549915,429.25,253,28,18231,2011-04-13 09:32:00
549916,272.54,318,15,13717,2011-04-13 09:39:00
549917,145.87,168,12,16607,2011-04-13 09:42:00
549918,267.96,184,13,17017,2011-04-13 09:48:00
549920,123.2,52,8,18236,2011-04-13 09:52:00
549923,193.62,72,12,13138,2011-04-13 09:59:00
549924,112.2,12,3,16837,2011-04-13 10:10:00
549925,1119.3600000000001,1056,1,16333,2011-04-13 10:12:00
549926,725.76,2232,2,16333,2011-04-13 10:14:00
549927,3694.36,3300,21,16684,2011-04-13 10:19:00
549928,324.0,200,2,16684,2011-04-13 10:20:00
549929,350.75,425,23,13740,2011-04-13 10:32:00
549932,124.8,70,8,13534,2011-04-13 10:40:00
549933,370.20000000000005,339,22,15230,2011-04-13 11:04:00
549934,110.1,50,6,15134,2011-04-13 11:05:00
549936,514.05,79,3,15465,2011-04-13 11:29:00
549937,328.55,125,7,15046,2011-04-13 11:40:00
549938,408.0,160,1,13199,2011-04-13 11:42:00
549939,334.2,304,21,16309,2011-04-13 11:46:00
549940,1357.63,1661,18,13694,2011-04-13 11:48:00
549941,81.6,96,1,13694,2011-04-13 11:53:00
549942,136.20000000000002,36,2,12971,2011-04-13 12:04:00
549943,113.01,63,42,13544,2011-04-13 12:09:00
549944,240.0,196,16,14262,2011-04-13 12:23:00
549946,189.83999999999997,24,3,17819,2011-04-13 12:44:00
549947,451.58,314,19,18260,2011-04-13 12:47:00
549949,205.28,148,35,13208,2011-04-13 12:57:00
549951,500.2,162,24,13134,2011-04-13 12:57:00
549953,1206.29,581,56,12766,2011-04-13 13:15:00
549954,172.09,134,19,13700,2011-04-13 13:25:00
549956,186.88,248,6,14898,2011-04-13 13:42:00
549957,151.55,97,10,13539,2011-04-13 13:45:00
549958,590.77,446,70,17589,2011-04-13 13:47:00
549959,185.04999999999998,87,10,16097,2011-04-13 13:47:00
549961,25.5,2,1,16652,2011-04-13 13:51:00
549964,903.67,537,54,13122,2011-04-13 14:12:00
549965,409.2,360,8,16966,2011-04-13 14:17:00
549966,375.74,406,30,16224,2011-04-13 14:17:00
549967,490.05000000000007,315,9,17873,2011-04-13 14:21:00
549969,381.0,260,4,13408,2011-04-13 14:24:00
549970,121.80000000000001,23,6,15026,2011-04-13 14:25:00
549971,33.0,20,1,13408,2011-04-13 14:25:00
549972,408.9,186,8,13408,2011-04-13 14:27:00
549974,110.25,29,6,17746,2011-04-13 14:31:00
549975,272.86,100,15,16175,2011-04-13 14:38:00
549976,106.4,66,8,15855,2011-04-13 14:39:00
549977,171.06,86,20,14810,2011-04-13 14:54:00
549978,243.69,81,11,14834,2011-04-13 15:00:00
549979,31.0,20,1,17511,2011-04-13 15:06:00
549980,317.26,156,12,14062,2011-04-13 15:36:00
549981,278.76,148,46,16348,2011-04-13 15:49:00
549982,505.57,323,27,17091,2011-04-13 15:52:00
549983,152.69,75,28,16348,2011-04-13 15:55:00
549984,623.5,366,28,15147,2011-04-13 15:57:00
549985,1103.73,553,46,15640,2011-04-13 15:58:00
549988,431.65000000000003,221,25,14367,2011-04-13 16:43:00
549989,349.25,91,31,13221,2011-04-13 16:58:00
549990,147.3,46,10,16678,2011-04-13 17:31:00
549991,348.4,92,8,18229,2011-04-14 08:13:00
549992,516.0,320,7,17669,2011-04-14 08:14:00
549993,349.44,336,11,14057,2011-04-14 08:26:00
549994,41.6,20,2,14057,2011-04-14 08:27:00
549995,1056.3600000000001,540,24,16131,2011-04-14 08:32:00
549996,375.35999999999996,44,2,15189,2011-04-14 08:45:00
549997,183.6,72,3,15189,2011-04-14 08:46:00
549998,498.16,244,11,17675,2011-04-14 08:49:00
549999,770.65,369,29,15813,2011-04-14 09:09:00
550000,582.72,351,35,17058,2011-04-14 09:18:00
550001,387.29,175,16,17704,2011-04-14 09:28:00
550002,68.0,41,2,12709,2011-04-14 09:30:00
550003,127.07000000000001,89,4,14428,2011-04-14 09:43:00
550004,279.18,102,9,12569,2011-04-14 09:56:00
550005,310.0,200,2,17677,2011-04-14 09:58:00
550006,239.84,97,53,17841,2011-04-14 10:10:00
550007,527.0,400,4,15125,2011-04-14 10:13:00
550008,294.04,90,16,15570,2011-04-14 10:17:00
550015,848.87,551,50,17735,2011-04-14 10:54:00
550016,899.19,522,38,15416,2011-04-14 10:54:00
550017,569.2,324,22,17865,2011-04-14 11:07:00
550025,146.0,56,3,17315,2011-04-14 11:19:00
550030,42.89999999999999,26,2,17315,2011-04-14 11:28:00
550031,642.0,350,4,13629,2011-04-14 11:32:00
550032,56.86,106,5,15139,2011-04-14 11:39:00
550033,193.96,116,35,15005,2011-04-14 11:45:00
550034,713.08,498,38,16187,2011-04-14 11:48:00
550035,787.84,332,52,15039,2011-04-14 11:48:00
550052,422.55,198,25,17068,2011-04-14 12:00:00
550054,171.1,84,5,14040,2011-04-14 12:00:00
550057,129.09,96,23,14606,2011-04-14 12:01:00
550071,437.56,304,21,16735,2011-04-14 12:12:00
550106,228.42,86,36,13772,2011-04-14 12:31:00
550120,278.5,102,10,17071,2011-04-14 12:35:00
550121,147.6,68,8,15271,2011-04-14 12:38:00
550122,1488.0,1176,4,12931,2011-04-14 12:39:00
550124,328.1,114,16,12853,2011-04-14 12:41:00
550125,444.63,215,23,13317,2011-04-14 12:42:00
550126,129.5,74,6,12853,2011-04-14 12:43:00
550129,636.45,317,18,13001,2011-04-14 13:17:00
550130,501.38,206,54,14390,2011-04-14 13:17:00
550131,108.03999999999999,114,11,15935,2011-04-14 13:27:00
550132,224.73,127,19,16933,2011-04-14 13:33:00
550134,814.83,441,22,16249,2011-04-14 13:50:00
550135,1220.4,360,2,15769,2011-04-14 13:52:00
550136,301.8,108,12,16957,2011-04-14 13:56:00
550137,2221.02,728,57,12477,2011-04-14 13:59:00
550138,160.67,120,26,12841,2011-04-14 14:02:00
550144,297.16,139,54,16520,2011-04-14 14:14:00
550145,669.2,287,31,12637,2011-04-14 14:15:00
550148,205.8,100,14,16882,2011-04-14 14:36:00
550149,330.34,214,21,13069,2011-04-14 14:37:00
550150,59.400000000000006,12,1,15230,2011-04-14 14:39:00
550151,140.25,11,1,13089,2011-04-14 14:41:00
550152,162.23000000000002,115,23,17362,2011-04-14 14:43:00
550154,103.25,35,3,13069,2011-04-14 14:45:00
550155,183.3,104,12,14198,2011-04-14 14:54:00
550156,501.12,600,4,17381,2011-04-14 15:02:00
550157,128.25,66,18,16393,2011-04-14 15:26:00
550158,896.6700000000001,869,23,13989,2011-04-14 15:39:00
550159,1420.98,662,14,14062,2011-04-14 15:46:00
550160,390.6,172,5,17930,2011-04-14 15:46:00
550161,419.74,114,19,14154,2011-04-14 15:58:00
550162,168.54000000000002,80,9,12569,2011-04-14 16:23:00
550163,925.88,351,33,14154,2011-04-14 16:26:00
550164,301.42,338,8,13590,2011-04-14 16:31:00
550167,328.15999999999997,276,20,14206,2011-04-14 16:38:00
550169,238.1,111,15,14482,2011-04-14 16:41:00
550173,186.5,82,9,15235,2011-04-14 16:58:00
550178,444.82,228,24,12662,2011-04-14 17:25:00
550179,195.68,116,13,15220,2011-04-14 17:29:00
550180,411.87,153,17,14163,2011-04-14 17:33:00
550182,331.28000000000003,248,6,18198,2011-04-14 17:44:00
550183,1266.23,800,74,14105,2011-04-14 17:58:00
550184,116.00999999999999,103,9,17601,2011-04-14 18:02:00
550185,579.0,81,15,17142,2011-04-14 18:22:00
550186,504.3,106,8,14051,2011-04-14 18:28:00
550187,258.75,29,6,13811,2011-04-14 18:40:00
550188,669.25,196,22,12457,2011-04-14 18:57:00
550189,233.12,59,23,13230,2011-04-14 19:15:00
550190,139.05,43,9,15135,2011-04-14 19:16:00
550191,227.5,106,17,16806,2011-04-14 19:59:00
550192,306.2,159,10,12582,2011-04-15 08:45:00
550193,2042.761,886,93,13952,2011-04-15 09:27:00
550194,300.25,265,8,15270,2011-04-15 09:43:00
550196,420.98,243,62,14796,2011-04-15 10:09:00
550197,39.6,8,4,15581,2011-04-15 10:14:00
550198,30.599999999999998,12,1,13120,2011-04-15 10:19:00
550199,397.5,242,18,16523,2011-04-15 10:20:00
550200,64.2,16,2,16523,2011-04-15 10:21:00
550201,1143.6,356,32,12769,2011-04-15 10:25:00
550202,760.1,166,19,13090,2011-04-15 10:27:00
550216,146.0,56,7,13516,2011-04-15 11:06:00
550218,354.84000000000003,190,7,14408,2011-04-15 11:15:00
550242,65.28,100,8,13117,2011-04-15 11:31:00
550250,224.14000000000001,86,12,18171,2011-04-15 11:36:00
550251,299.82,222,19,14323,2011-04-15 11:44:00
550255,190.98000000000002,66,9,13468,2011-04-15 11:47:00
550264,339.2,108,11,13426,2011-04-15 12:05:00
550265,81.4,32,4,17572,2011-04-15 12:10:00
550272,1612.83,3843,28,18079,2011-04-15 12:14:00
550274,344.40000000000003,190,23,15498,2011-04-15 12:23:00
550275,278.22,114,15,13993,2011-04-15 12:35:00
550276,277.56,68,3,12989,2011-04-15 12:48:00
550277,486.1,201,22,12639,2011-04-15 12:48:00
550279,721.55,321,40,14700,2011-04-15 13:16:00
550280,445.81,306,36,13048,2011-04-15 13:31:00
550281,219.0,101,2,12457,2011-04-15 13:48:00
550282,141.68,80,9,16686,2011-04-15 13:56:00
550283,639.48,440,19,18094,2011-04-15 14:05:00
550284,142.16,77,11,12383,2011-04-15 14:10:00
550285,327.2,148,18,15249,2011-04-15 14:14:00
550286,341.4,140,8,15027,2011-04-15 14:14:00
550287,138.79,73,9,14211,2011-04-15 14:15:00
550288,167.55,149,33,17367,2011-04-15 14:21:00
550289,291.63,193,18,13880,2011-04-15 14:32:00
550290,328.15000000000003,161,21,15246,2011-04-15 14:45:00
550291,165.9,46,9,13720,2011-04-15 15:17:00
550292,58.85,11,7,14527,2011-04-15 15:31:00
550296,172.72,109,17,13742,2011-04-15 15:54:00
550297,321.83,217,41,14056,2011-04-15 15:58:00
550298,223.42000000000002,155,34,17346,2011-04-15 16:11:00
550299,2945.5,732,23,17389,2011-04-15 16:46:00
550301,323.25,164,15,17243,2011-04-17 10:15:00
550302,446.74,151,25,14156,2011-04-17 10:17:00
550303,232.48000000000002,232,15,18213,2011-04-17 10:21:00
550304,311.38,219,17,14092,2011-04-17 10:27:00
550305,417.93,560,25,17920,2011-04-17 10:27:00
550307,308.64,80,4,13854,2011-04-17 10:56:00
550308,358.0,200,1,17029,2011-04-17 10:57:00
550309,83.4,12,1,13220,2011-04-17 10:59:00
550310,899.58,878,27,15985,2011-04-17 11:04:00
550311,102.44,50,28,16728,2011-04-17 11:04:00
550312,364.32,349,16,13089,2011-04-17 11:18:00
550313,545.57,377,27,12681,2011-04-17 11:21:00
550314,218.55,79,18,16905,2011-04-17 11:30:00
550315,314.84000000000003,290,17,17990,2011-04-17 11:44:00
550316,314.45,219,19,16193,2011-04-17 11:45:00
550317,346.4,194,25,15172,2011-04-17 11:56:00
550318,143.69,129,28,16085,2011-04-17 12:25:00
550319,133.61,55,14,14524,2011-04-17 12:37:00
550320,590.47,342,79,12748,2011-04-17 12:37:00
550321,121.63,63,34,16770,2011-04-17 12:49:00
550322,150.07,48,30,14524,2011-04-17 12:53:00
550323,856.63,734,31,13692,2011-04-17 12:57:00
550324,302.92,185,18,12997,2011-04-17 13:02:00
550325,302.85,127,18,15745,2011-04-17 13:04:00
550326,140.55,166,20,14532,2011-04-17 13:05:00
550327,539.81,335,28,12878,2011-04-17 13:07:00
550328,175.27,123,28,17582,2011-04-17 13:18:00
550329,303.49,175,20,13951,2011-04-17 13:20:00
550330,63.36,36,3,15827,2011-04-17 13:27:00
550331,281.46,238,82,15555,2011-04-17 13:43:00
550332,226.84,129,59,13474,2011-04-17 13:53:00
550333,456.20000000000005,164,22,15410,2011-04-17 14:05:00
550334,459.18,256,26,17320,2011-04-17 14:09:00
550335,118.85,15,12,15535,2011-04-17 14:36:00
550336,246.74,98,9,13089,2011-04-17 14:55:00
550337,2.1,1,1,18037,2011-04-17 15:29:00
550338,84.65,25,4,12413,2011-04-17 15:33:00
550339,338.95,93,19,17697,2011-04-17 15:40:00
550340,71.42,50,5,13695,2011-04-17 15:53:00
550341,365.36,210,19,13018,2011-04-17 15:53:00
550342,391.67,215,25,13018,2011-04-17 15:55:00
550343,174.6,70,5,12971,2011-04-17 15:56:00
550344,2949.12,6432,14,12754,2011-04-18 09:00:00
550345,51.0,4,1,15304,2011-04-18 09:06:00
550346,308.20000000000005,112,14,16639,2011-04-18 09:31:00
550347,282.94,206,17,14227,2011-04-18 09:33:00
550348,406.48,312,21,16947,2011-04-18 09:38:00
550350,837.97,358,46,15491,2011-04-18 10:04:00
550351,184.48,160,14,15491,2011-04-18 10:20:00
550352,223.17000000000002,124,26,16719,2011-04-18 10:21:00
550354,222.75,1,1,13811,2011-04-18 10:28:00
550357,151.85,91,5,16617,2011-04-18 10:35:00
550359,366.48,162,54,17841,2011-04-18 10:41:00
550360,394.83000000000004,84,36,14978,2011-04-18 10:55:00
550361,840.24,997,20,13082,2011-04-18 11:10:00
550362,635.0,146,12,13113,2011-04-18 11:13:00
550364,152.2,36,8,16713,2011-04-18 11:29:00
550377,34.0,4,1,13082,2011-04-18 11:45:00
550389,207.24,200,41,17284,2011-04-18 11:53:00
550408,501.84,316,33,16746,2011-04-18 11:59:00
550437,192.33,94,22,16923,2011-04-18 12:14:00
550438,712.24,240,42,15265,2011-04-18 12:16:00
550439,458.25,122,26,18231,2011-04-18 12:17:00
550440,269.66,204,12,12407,2011-04-18 12:25:00
550446,509.34000000000003,226,24,13871,2011-04-18 12:36:00
550447,390.03000000000003,136,50,16033,2011-04-18 12:36:00
550448,20.85,7,4,16746,2011-04-18 12:42:00
550449,304.04999999999995,109,3,15199,2011-04-18 12:45:00
550450,90.0,72,1,15615,2011-04-18 12:47:00
550452,169.47,70,7,14525,2011-04-18 12:56:00
550453,130.8,72,3,16226,2011-04-18 12:58:00
550457,1231.6000000000001,750,14,13798,2011-04-18 13:12:00
550459,185.74,125,46,18116,2011-04-18 13:17:00
550461,21535.9,9014,5,15749,2011-04-18 13:20:00
550462,198.0,138,17,16458,2011-04-18 13:22:00
550464,484.25,362,63,16550,2011-04-18 13:30:00
550465,121.25000000000001,31,4,16217,2011-04-18 13:31:00
550467,247.39,125,31,18009,2011-04-18 13:36:00
550468,405.16,238,27,16700,2011-04-18 13:43:00
550469,178.41,159,31,16399,2011-04-18 13:46:00
550473,192.68,104,32,14623,2011-04-18 13:54:00
550476,122.03999999999999,36,2,15769,2011-04-18 14:00:00
550477,682.2,362,85,17338,2011-04-18 14:01:00
550478,306.05,157,18,15755,2011-04-18 14:01:00
550479,695.3299999999999,513,36,15625,2011-04-18 14:01:00
550480,192.26,173,27,13069,2011-04-18 14:05:00
550481,164.75,33,9,17634,2011-04-18 14:08:00
550483,42.400000000000006,18,4,16033,2011-04-18 14:12:00
550487,200.32000000000002,122,11,18219,2011-04-18 14:21:00
550488,273.71,303,29,16729,2011-04-18 14:27:00
550490,298.3,78,16,17054,2011-04-18 14:32:00
550491,19.8,4,1,16033,2011-04-18 14:37:00
550492,187.75,37,11,14180,2011-04-18 14:44:00
550493,1025.76,819,38,15311,2011-04-18 14:50:00
550495,202.88,74,14,13769,2011-04-18 15:00:00
550497,408.0,160,2,18064,2011-04-18 15:08:00
550498,99.45,37,15,14692,2011-04-18 15:14:00
550503,311.42,154,18,15508,2011-04-18 15:31:00
550504,274.45,145,14,16654,2011-04-18 15:43:00
550512,386.9,289,104,18069,2011-04-18 16:31:00
550513,375.31,235,37,16928,2011-04-18 16:37:00
550514,320.58,192,13,14631,2011-04-18 16:49:00
550515,214.97,126,54,14502,2011-04-18 17:29:00
550516,89.55,9,1,14502,2011-04-18 17:32:00
550517,614.02,316,27,14352,2011-04-19 08:17:00
550518,360.65,162,21,16628,2011-04-19 08:55:00
550519,516.28,294,30,13141,2011-04-19 09:31:00
550520,309.56,232,22,16170,2011-04-19 09:43:00
550521,424.64,267,23,13647,2011-04-19 09:49:00
550522,429.57,478,34,12947,2011-04-19 10:04:00
550523,267.91,145,15,15594,2011-04-19 10:08:00
550524,385.2,264,4,16422,2011-04-19 10:08:00
550525,480.27,307,27,14672,2011-04-19 10:19:00
550526,347.49,155,20,14309,2011-04-19 10:40:00
550527,1411.67,628,51,12476,2011-04-19 10:48:00
550528,188.87,81,10,17663,2011-04-19 10:49:00
550531,35.400000000000006,12,1,13199,2011-04-19 10:59:00
550532,117.14,75,35,14606,2011-04-19 11:02:00
550535,155.6,72,9,14211,2011-04-19 11:19:00
550539,144.35,89,8,13479,2011-04-19 11:27:00
550560,142.2,70,8,14242,2011-04-19 11:46:00
550579,319.48,368,19,13266,2011-04-19 11:52:00
550606,255.04000000000002,208,8,12594,2011-04-19 12:08:00
550607,232.22,68,23,16919,2011-04-19 12:17:00
550608,970.2,462,1,12901,2011-04-19 12:19:00
550610,89.55,9,1,14502,2011-04-19 12:22:00
550612,155.3,35,21,14662,2011-04-19 12:26:00
550613,767.0,470,21,16180,2011-04-19 12:26:00
550615,293.92,305,23,16730,2011-04-19 12:41:00
550616,354.78000000000003,270,13,15140,2011-04-19 12:59:00
550617,376.0,191,21,13376,2011-04-19 13:03:00
550618,367.62,234,21,14156,2011-04-19 13:09:00
550619,150.3,70,7,15717,2011-04-19 13:21:00
550620,777.25,407,22,12585,2011-04-19 13:39:00
550621,167.21,101,44,13263,2011-04-19 13:41:00
550622,935.15,505,59,13735,2011-04-19 13:49:00
550623,132.9,78,6,13719,2011-04-19 13:56:00
550624,109.04,68,7,14201,2011-04-19 13:57:00
550625,425.67999999999995,468,7,12619,2011-04-19 14:02:00
550626,185.08,250,32,13184,2011-04-19 14:23:00
550627,447.52,177,26,16633,2011-04-19 14:36:00
550628,101.19,113,8,13101,2011-04-19 14:37:00
550629,169.35999999999999,48,9,13782,2011-04-19 14:48:00
550630,1507.67,2621,65,14298,2011-04-19 14:49:00
550631,409.40000000000003,226,23,15225,2011-04-19 14:51:00
550632,121.36,34,27,16907,2011-04-19 14:56:00
550633,300.09000000000003,186,45,17449,2011-04-19 14:57:00
550634,27.299999999999997,22,2,14298,2011-04-19 15:02:00
550635,423.36,156,6,18173,2011-04-19 15:20:00
550637,397.14,187,55,14415,2011-04-19 15:39:00
550639,314.51,369,29,14152,2011-04-19 15:46:00
550643,32.8,80,5,18116,2011-04-19 16:14:00
550644,383.95,137,22,12733,2011-04-19 16:19:00
550645,157.9,56,7,16098,2011-04-19 16:30:00
550649,25.5,6,1,13134,2011-04-19 16:37:00
550651,484.1,246,124,15436,2011-04-19 16:52:00
550655,113.5,24,9,17217,2011-04-19 17:19:00
550656,409.94,312,23,17652,2011-04-20 08:07:00
550657,302.56,296,4,18198,2011-04-20 08:24:00
550658,426.24,144,3,13576,2011-04-20 09:01:00
550659,347.17,296,19,17730,2011-04-20 09:02:00
550660,67.5,10,1,15179,2011-04-20 09:03:00
550661,541.2,200,18,12656,2011-04-20 09:20:00
550662,544.26,312,27,15078,2011-04-20 09:29:00
550663,36.0,20,2,15078,2011-04-20 09:30:00
550665,417.6,232,14,12530,2011-04-20 09:31:00
550666,469.19,503,23,17719,2011-04-20 09:35:00
550667,2016.0,5040,6,13027,2011-04-20 09:48:00
550669,102.0,8,1,16837,2011-04-20 10:04:00
550670,112.97999999999999,66,9,17734,2011-04-20 10:04:00
550671,179.0,100,1,12457,2011-04-20 10:10:00
550673,379.0,160,9,12971,2011-04-20 10:28:00
550674,244.8,64,2,12971,2011-04-20 10:29:00
550675,267.7,126,12,15260,2011-04-20 10:39:00
550701,308.55,141,9,14905,2011-04-20 10:48:00
550710,3108.64,1736,9,17450,2011-04-20 11:05:00
550711,1196.96,328,3,18102,2011-04-20 11:06:00
550712,850.7,370,40,15159,2011-04-20 11:06:00
550713,12.5,1,1,15159,2011-04-20 11:11:00
550714,478.2,320,19,15249,2011-04-20 11:12:00
550723,115.43,57,18,17454,2011-04-20 11:19:00
550750,351.45000000000005,141,19,13632,2011-04-20 11:45:00
550754,596.9999999999999,60,2,15465,2011-04-20 11:57:00
550755,103.3,58,5,17548,2011-04-20 12:01:00
550756,157.2,16,3,14148,2011-04-20 12:02:00
550764,103.15,25,12,14527,2011-04-20 12:26:00
550765,204.46,130,10,16103,2011-04-20 12:28:00
550766,234.25,109,14,17463,2011-04-20 12:30:00
550767,301.68,384,17,14776,2011-04-20 12:32:00
550768,712.6400000000001,235,25,15039,2011-04-20 12:44:00
550769,212.19,81,8,15984,2011-04-20 12:56:00
550772,74.7,30,2,17856,2011-04-20 13:13:00
550773,395.78999999999996,207,20,17567,2011-04-20 13:15:00
550774,586.9,432,29,14626,2011-04-20 13:18:00
550775,1052.56,515,53,15805,2011-04-20 13:18:00
550776,140.85,67,9,15805,2011-04-20 13:19:00
550777,307.16,371,24,16558,2011-04-20 13:35:00
550778,439.33,231,24,14868,2011-04-20 13:36:00
550779,1466.1399999999999,858,16,17511,2011-04-20 13:36:00
550781,460.94,218,19,13097,2011-04-20 13:43:00
550782,232.9,70,2,18246,2011-04-20 13:55:00
550783,454.24,277,23,13485,2011-04-20 13:58:00
550784,370.68,208,21,13269,2011-04-20 13:59:00
550785,267.03,293,27,15517,2011-04-20 14:02:00
550786,60.0,48,1,16672,2011-04-20 14:06:00
550796,128.41,76,19,17211,2011-04-20 14:38:00
550797,54.72,88,4,12901,2011-04-20 14:40:00
550798,290.4,120,6,15290,2011-04-20 14:41:00
550799,310.02,166,18,17115,2011-04-20 14:46:00
550801,212.5,30,3,17402,2011-04-20 15:04:00
550802,307.46,120,18,17120,2011-04-20 15:21:00
550803,224.5,120,20,18177,2011-04-20 15:25:00
550804,329.24,134,19,16676,2011-04-20 15:32:00
550805,548.4300000000001,453,22,13162,2011-04-20 15:38:00
550806,268.68,178,17,14334,2011-04-20 15:44:00
550811,119.1,78,5,16011,2011-04-20 16:04:00
550817,132.03,66,15,17946,2011-04-20 17:00:00
550818,141.49,66,13,15912,2011-04-20 17:10:00
550819,428.15999999999997,250,69,17530,2011-04-20 17:37:00
550820,341.58,101,18,13148,2011-04-21 08:43:00
550821,73.5,23,23,12506,2011-04-21 08:54:00
550822,1007.9,538,15,14001,2011-04-21 09:26:00
550823,2210.05,1270,26,16133,2011-04-21 09:36:00
550824,8.25,5,1,18177,2011-04-21 10:00:00
550826,284.76,210,14,17158,2011-04-21 10:12:00
550827,633.05,278,22,12670,2011-04-21 10:16:00
550828,110.7,36,12,17315,2011-04-21 10:19:00
550829,293.2,107,50,17841,2011-04-21 10:19:00
550830,174.15,66,10,13534,2011-04-21 10:29:00
550831,171.2,60,10,13534,2011-04-21 10:29:00
550832,397.20000000000005,56,10,17588,2011-04-21 10:31:00
550833,24.75,5,3,15860,2011-04-21 10:48:00
550834,162.02,87,25,14730,2011-04-21 10:51:00
550835,790.02,387,80,15034,2011-04-21 10:52:00
550836,572.25,119,35,14759,2011-04-21 10:55:00
550837,199.75,155,16,15034,2011-04-21 11:03:00
550838,121.11,60,24,14577,2011-04-21 11:31:00
550885,335.0,153,19,16185,2011-04-21 11:59:00
550890,526.5,187,30,14711,2011-04-21 12:00:00
550899,1009.69,489,54,13505,2011-04-21 12:07:00
550900,682.38,730,18,16553,2011-04-21 12:11:00
550901,257.89,115,18,13389,2011-04-21 12:12:00
550906,1368.16,2460,59,14298,2011-04-21 12:34:00
550907,306.5,150,2,13798,2011-04-21 12:35:00
550911,1079.4,530,58,12354,2011-04-21 13:11:00
550912,313.65,111,14,13267,2011-04-21 13:17:00
550913,302.55,92,21,17631,2011-04-21 13:22:00
550914,1701.5,522,28,17061,2011-04-21 13:29:00
550915,133.59,69,30,13263,2011-04-21 13:30:00
550916,139.35,83,6,17718,2011-04-21 13:39:00
550917,721.4399999999999,1848,4,17381,2011-04-21 13:40:00
550918,335.5,112,19,17630,2011-04-21 14:03:00
550919,19.5,10,1,14735,2011-04-21 14:06:00
550920,110.1,22,3,14735,2011-04-21 14:07:00
550921,597.8199999999999,310,35,14770,2011-04-21 14:21:00
550923,147.45,59,4,13748,2011-04-21 14:30:00
550924,642.0,153,4,12664,2011-04-21 14:33:00
550925,237.25,64,13,17061,2011-04-21 14:37:00
550934,415.00000000000006,100,1,16163,2011-04-21 15:15:00
550936,207.0,108,6,13495,2011-04-21 15:15:00
550937,100.80000000000001,48,1,13223,2011-04-21 15:16:00
550938,232.68,162,13,16019,2011-04-21 15:16:00
550939,385.69,211,19,16146,2011-04-21 15:25:00
550940,615.0,492,1,18008,2011-04-21 15:26:00
550941,400.64,227,46,17109,2011-04-21 15:46:00
550942,225.15,71,13,16587,2011-04-21 15:51:00
550944,63.949999999999996,21,6,17109,2011-04-21 15:51:00
550946,202.5,146,12,12708,2011-04-21 15:52:00
550949,8.97,19,4,17961,2011-04-21 16:01:00
550955,318.78000000000003,226,20,14189,2011-04-21 16:26:00
550956,245.31,110,39,17179,2011-04-21 16:37:00
550957,115.6,86,55,18283,2011-04-21 16:37:00
550958,252.23000000000002,137,15,15281,2011-04-21 16:37:00
550960,180.1,69,11,12622,2011-04-21 16:39:00
550964,504.9,377,16,15856,2011-04-21 16:48:00
550965,118.7,18,10,16750,2011-04-21 16:53:00
550967,47.39999999999999,36,3,12971,2011-04-21 16:58:00
550968,727.78,360,40,14961,2011-04-21 16:59:00
550971,184.64,116,11,13482,2011-04-21 17:03:00
550972,99.63,46,22,14031,2011-04-21 17:05:00
550973,875.79,394,16,14031,2011-04-21 17:06:00
550974,173.46,126,11,13862,2011-04-21 17:10:00
550978,305.43,261,18,13983,2011-04-21 17:31:00
550988,309.0,176,19,14231,2011-04-21 18:10:00
550989,251.79,157,27,13969,2011-04-21 18:22:00
550990,447.6,252,4,16553,2011-04-21 18:31:00
550991,153.84,72,3,14060,2011-04-21 18:59:00
550992,126.32,50,14,14512,2011-04-21 19:05:00
550993,476.8,280,32,15810,2011-04-21 19:51:00
550994,455.9,289,35,14562,2011-04-21 19:55:00
550995,451.6,326,17,16722,2011-04-26 08:33:00
550996,314.91999999999996,260,8,16681,2011-04-26 08:57:00
550997,488.01,351,32,17735,2011-04-26 09:04:00
550998,242.8,113,5,12414,2011-04-26 09:12:00
550999,205.7,110,11,17670,2011-04-26 09:12:00
551000,159.2,66,7,18172,2011-04-26 09:15:00
551001,564.5,190,6,13408,2011-04-26 09:31:00
551002,413.46,358,24,16834,2011-04-26 09:37:00
551003,339.93,218,23,16456,2011-04-26 09:44:00
551011,187.04999999999998,81,4,17090,2011-04-26 10:23:00
551013,191.4,34,11,15108,2011-04-26 10:54:00
551014,1932.24,1703,127,13209,2011-04-26 11:04:00
551016,765.85,253,28,17975,2011-04-26 11:09:00
551021,326.4,128,1,13798,2011-04-26 11:25:00
551028,308.73,99,19,13842,2011-04-26 11:30:00
551033,354.26,146,20,15039,2011-04-26 11:32:00
551035,632.74,173,24,15065,2011-04-26 11:34:00
551054,437.98,198,21,12429,2011-04-26 11:44:00
551055,480.36,292,10,15903,2011-04-26 11:51:00
551056,285.37,291,55,16442,2011-04-26 11:51:00
551057,275.34,134,35,16942,2011-04-26 11:59:00
551058,110.52,47,31,14606,2011-04-26 12:07:00
551059,352.23,209,23,13668,2011-04-26 12:08:00
551060,2.1,1,1,16356,2011-04-26 12:12:00
551062,884.4,832,6,18092,2011-04-26 12:16:00
551085,535.97,295,23,14854,2011-04-26 12:29:00
551088,395.75,173,23,14640,2011-04-26 12:31:00
551124,291.90000000000003,130,10,15738,2011-04-26 12:47:00
551125,348.33000000000004,68,17,17277,2011-04-26 12:47:00
551133,708.6,772,5,16656,2011-04-26 13:00:00
551134,604.73,459,44,16729,2011-04-26 13:02:00
551135,7.25,5,1,16729,2011-04-26 13:04:00
551136,501.22,258,32,15301,2011-04-26 13:05:00
551137,170.65,63,43,15581,2011-04-26 13:05:00
551138,38.160000000000004,36,1,17061,2011-04-26 13:06:00
551141,22.5,6,1,17061,2011-04-26 13:12:00
551142,426.4,221,55,17613,2011-04-26 13:22:00
551143,103.3,26,6,13092,2011-04-26 13:25:00
551144,76.32000000000001,72,1,13695,2011-04-26 13:36:00
551145,107.10000000000001,18,2,16168,2011-04-26 13:37:00
551146,59.0,20,1,13199,2011-04-26 13:45:00
551147,305.46000000000004,100,16,14210,2011-04-26 14:07:00
551148,1265.3999999999999,1044,12,15939,2011-04-26 14:12:00
551149,231.31,302,8,13184,2011-04-26 14:19:00
551150,159.1,30,7,18144,2011-04-26 14:37:00
551151,134.4,24,4,18144,2011-04-26 14:38:00
551152,362.61,257,78,13230,2011-04-26 14:47:00
551158,358.38,136,34,16823,2011-04-26 15:00:00
551159,147.6,72,9,16203,2011-04-26 15:02:00
551160,938.9200000000001,670,65,15237,2011-04-26 15:04:00
551161,319.27000000000004,251,18,18183,2011-04-26 15:26:00
551162,339.24,1336,6,12901,2011-04-26 15:45:00
551163,160.54000000000002,84,26,12573,2011-04-26 15:52:00
551164,20.4,7,5,17262,2011-04-26 15:56:00
551165,81.6,96,1,17262,2011-04-26 15:58:00
551166,918.0,408,1,17857,2011-04-26 16:01:00
551170,301.8,187,15,15145,2011-04-26 16:40:00
551171,276.8,155,60,13263,2011-04-26 16:45:00
551172,111.76,64,12,17854,2011-04-26 16:53:00
551181,600.8999999999999,186,5,13089,2011-04-27 08:17:00
551182,107.28,128,8,14282,2011-04-27 08:43:00
551183,169.5,114,7,17692,2011-04-27 08:59:00
551184,305.28000000000003,288,2,18220,2011-04-27 09:03:00
551185,330.0,40,6,16103,2011-04-27 09:21:00
551186,25.2,60,1,17857,2011-04-27 10:01:00
551187,362.9,163,5,14911,2011-04-27 10:02:00
551188,312.6,118,3,15898,2011-04-27 10:03:00
551189,870.0,500,4,16029,2011-04-27 10:04:00
551191,816.0,320,1,16698,2011-04-27 10:52:00
551192,414.12,368,30,16188,2011-04-27 10:54:00
551193,228.15,150,37,17954,2011-04-27 11:05:00
551194,114.84,77,18,14606,2011-04-27 11:12:00
551197,166.4,68,10,14078,2011-04-27 11:26:00
551198,347.68,560,8,13694,2011-04-27 11:26:00
551199,373.44,348,24,13018,2011-04-27 11:30:00
551200,13.500000000000002,6,4,17069,2011-04-27 11:32:00
551202,122.39999999999999,48,4,17436,2011-04-27 11:33:00
551211,443.25,91,6,13113,2011-04-27 11:40:00
551218,167.92,126,20,18077,2011-04-27 11:41:00
551234,476.4,184,3,17450,2011-04-27 11:47:00
551247,316.85,131,10,15640,2011-04-27 11:56:00
551250,261.24,188,60,17841,2011-04-27 12:00:00
551258,1209.8,468,34,12621,2011-04-27 12:02:00
551259,1642.5,150,1,17949,2011-04-27 12:04:00
551262,117.66,55,10,14527,2011-04-27 12:05:00
551268,201.19,291,26,16965,2011-04-27 12:08:00
551269,854.0699999999999,493,50,12840,2011-04-27 12:21:00
551270,511.68,418,60,15891,2011-04-27 12:35:00
551271,203.95,144,10,17187,2011-04-27 12:39:00
551272,29.880000000000003,12,1,17530,2011-04-27 12:49:00
551273,665.52,208,11,14051,2011-04-27 12:50:00
551274,414.24,280,17,14235,2011-04-27 12:57:00
551275,506.38,320,30,13285,2011-04-27 13:03:00
551276,211.76,86,32,16016,2011-04-27 13:06:00
551277,416.4,211,60,13637,2011-04-27 13:06:00
551278,323.0,109,12,12483,2011-04-27 13:13:00
551279,172.79999999999998,240,1,16013,2011-04-27 13:19:00
551280,89.1,18,7,16016,2011-04-27 13:31:00
551281,126.74000000000001,91,16,13571,2011-04-27 13:31:00
551282,223.33,116,31,16919,2011-04-27 13:44:00
551283,592.41,491,66,16755,2011-04-27 14:01:00
551284,253.94,163,44,15005,2011-04-27 14:05:00
551286,397.02,106,8,13767,2011-04-27 14:16:00
551287,15.4,20,3,17961,2011-04-27 14:17:00
551288,31.8,4,1,13767,2011-04-27 14:17:00
551289,720.92,482,20,18226,2011-04-27 14:18:00
551290,207.50000000000003,50,1,13854,2011-04-27 14:25:00
551291,1502.78,3103,47,14298,2011-04-27 14:26:00
551292,431.74,362,9,14298,2011-04-27 14:27:00
551293,428.64,618,28,14298,2011-04-27 14:28:00
551294,154.66,94,8,13468,2011-04-27 14:43:00
551299,15.0,4,1,17530,2011-04-27 14:48:00
551301,1007.4,386,31,17675,2011-04-27 14:49:00
551305,337.36,458,23,16145,2011-04-27 14:58:00
551314,1292.96,2936,5,16333,2011-04-27 15:07:00
551315,304.16,152,15,17725,2011-04-27 15:08:00
551332,450.45000000000005,165,13,13078,2011-04-27 16:23:00
551334,5.9,2,2,17991,2011-04-27 16:39:00
551337,145.91,87,18,16418,2011-04-27 16:54:00
551338,5.11,3,2,15581,2011-04-27 17:03:00
551341,459.45000000000005,223,6,15189,2011-04-28 07:52:00
551342,318.3,206,19,16099,2011-04-28 08:34:00
551343,200.20000000000002,46,7,16187,2011-04-28 08:57:00
551344,433.7,266,12,16187,2011-04-28 09:02:00
551345,692.36,432,9,14646,2011-04-28 09:03:00
551346,495.24,275,29,12362,2011-04-28 09:12:00
551347,354.34999999999997,101,10,15768,2011-04-28 09:20:00
551349,371.4,224,25,14740,2011-04-28 10:03:00
551350,438.0,96,8,16672,2011-04-28 10:15:00
551351,4390.56,4476,128,14298,2011-04-28 10:20:00
551352,303.62,140,16,16637,2011-04-28 10:20:00
551383,119.9,53,6,17460,2011-04-28 10:54:00
551384,454.90000000000003,98,8,15223,2011-04-28 11:31:00
551385,390.85,135,25,16814,2011-04-28 11:38:00
551387,226.85,79,10,14240,2011-04-28 11:40:00
551389,209.10000000000002,147,8,12437,2011-04-28 11:45:00
551390,259.45,150,14,15143,2011-04-28 12:03:00
551391,385.2,152,14,15514,2011-04-28 12:06:00
551392,160.95,63,10,13229,2011-04-28 12:07:00
551393,654.6,51,5,14973,2011-04-28 12:22:00
551395,112.32,88,10,14271,2011-04-28 12:47:00
551396,430.38,178,16,17720,2011-04-28 12:49:00
551397,232.65,123,14,15952,2011-04-28 12:55:00
551398,436.3,267,23,12417,2011-04-28 13:09:00
551399,371.29,123,30,17874,2011-04-28 13:17:00
551400,593.16,382,32,17160,2011-04-28 13:18:00
551401,6.0,4,2,17874,2011-04-28 13:23:00
551412,207.05,111,20,15508,2011-04-28 13:31:00
551413,314.22,90,6,16227,2011-04-28 13:33:00
551414,1537.2,867,85,15622,2011-04-28 13:35:00
551415,78.6,24,3,15622,2011-04-28 13:36:00
551416,23.8,4,1,17874,2011-04-28 13:39:00
551417,547.27,333,29,15632,2011-04-28 13:41:00
551418,107.21,149,15,17893,2011-04-28 13:50:00
551419,400.0,1,1,12748,2011-04-28 13:51:00
551420,385.5,154,17,17068,2011-04-28 14:00:00
551421,82.5,20,6,14077,2011-04-28 14:04:00
551424,16.95,1,1,12748,2011-04-28 14:34:00
551426,440.0,487,28,14022,2011-04-28 14:39:00
551427,142.52,36,6,14735,2011-04-28 14:56:00
551428,305.56,144,12,13499,2011-04-28 14:59:00
551436,221.22,63,34,16904,2011-04-28 15:13:00
551437,152.79999999999998,76,11,13725,2011-04-28 15:13:00
551438,453.2,588,11,13408,2011-04-28 15:23:00
551439,327.71999999999997,102,16,14758,2011-04-28 15:26:00
551440,171.98,85,59,15311,2011-04-28 15:29:00
551445,87.45,23,3,17991,2011-04-28 15:58:00
551462,331.18,228,20,15210,2011-04-28 16:11:00
551467,286.88,85,8,12600,2011-04-28 16:20:00
551469,15.27,6,6,18037,2011-04-28 16:23:00
551470,112.96000000000001,44,7,16782,2011-04-28 16:39:00
551471,272.17,167,61,16370,2011-04-28 16:40:00
551501,354.72,344,5,16422,2011-04-28 16:53:00
551507,340.72,276,22,18272,2011-04-28 18:11:00
551514,94.45,20,3,17874,2011-04-28 19:53:00
551515,320.88,104,7,15606,2011-05-01 10:51:00
551516,796.26,461,65,14800,2011-05-01 11:10:00
551517,204.24,136,48,16931,2011-05-01 11:14:00
551518,443.85,146,30,15708,2011-05-01 11:36:00
551519,383.45,139,17,14304,2011-05-01 11:50:00
551520,153.86,94,21,13301,2011-05-01 11:55:00
551523,53.1,18,1,16634,2011-05-01 12:09:00
551524,477.09,431,24,16401,2011-05-01 12:35:00
551525,439.85,274,21,14667,2011-05-01 12:37:00
551527,388.21000000000004,149,32,14395,2011-05-01 12:41:00
551528,116.09,47,8,12841,2011-05-01 12:54:00
551529,1094.33,647,33,12524,2011-05-01 13:18:00
551530,2.1,1,1,12748,2011-05-01 13:26:00
551531,642.37,371,57,15376,2011-05-01 13:45:00
551532,313.26,128,20,16554,2011-05-01 14:17:00
551533,164.86,77,38,15407,2011-05-01 14:58:00
551534,810.56,522,14,14655,2011-05-01 14:59:00
551535,153.75,69,5,17615,2011-05-01 15:33:00
551539,528.88,368,20,12598,2011-05-03 08:40:00
551542,306.5,156,17,14732,2011-05-03 09:05:00
551543,134.8,22,8,16055,2011-05-03 09:26:00
551544,692.84,354,21,12683,2011-05-03 09:33:00
551545,24.900000000000002,6,1,12683,2011-05-03 09:34:00
551546,316.12,172,15,18062,2011-05-03 09:34:00
551548,446.62,218,28,14149,2011-05-03 09:44:00
551549,248.25,151,15,17501,2011-05-03 09:46:00
551550,40.35,9,3,17501,2011-05-03 09:47:00
551552,36.0,2,1,12598,2011-05-03 10:09:00
551555,108.87,125,3,17315,2011-05-03 10:25:00
551556,150.32,113,10,14191,2011-05-03 10:30:00
551558,315.51,146,71,17841,2011-05-03 10:41:00
551559,612.16,422,6,16133,2011-05-03 10:42:00
551560,820.74,402,10,16133,2011-05-03 10:43:00
551561,306.82,128,17,17422,2011-05-03 10:49:00
551562,159.35999999999999,192,1,13026,2011-05-03 10:51:00
551563,1102.8600000000001,374,5,16210,2011-05-03 10:55:00
551564,534.65,226,33,16609,2011-05-03 10:56:00
551566,609.5,133,4,13113,2011-05-03 11:11:00
551576,21.599999999999998,60,1,17857,2011-05-03 11:19:00
551584,450.52,205,29,15620,2011-05-03 11:22:00
551595,204.00000000000003,600,1,12891,2011-05-03 11:33:00
551599,312.49,87,17,15696,2011-05-03 11:34:00
551603,467.70000000000005,237,24,16745,2011-05-03 11:34:00
551616,155.55,88,36,15048,2011-05-03 11:40:00
551617,489.59999999999997,192,1,16013,2011-05-03 11:41:00
551618,626.1,158,3,16013,2011-05-03 11:42:00
551623,214.15,99,11,12843,2011-05-03 11:44:00
551647,62.28,36,4,13089,2011-05-03 11:59:00
551649,202.48000000000002,122,4,12643,2011-05-03 12:02:00
551650,1110.72,616,54,13089,2011-05-03 12:02:00
551651,8.5,10,1,14800,2011-05-03 12:03:00
551652,338.24,194,5,12643,2011-05-03 12:03:00
551653,344.70000000000005,84,14,13282,2011-05-03 12:03:00
551654,195.1,18,2,16837,2011-05-03 12:04:00
551655,115.95,79,20,17757,2011-05-03 12:07:00
551656,619.2,297,37,14911,2011-05-03 12:10:00
551657,545.01,235,31,14911,2011-05-03 12:12:00
551658,481.64,307,29,16746,2011-05-03 12:13:00
551660,106.66,54,6,15271,2011-05-03 12:16:00
551661,63.910000000000004,11,4,15656,2011-05-03 12:17:00
551662,311.13,123,8,16210,2011-05-03 12:24:00
551665,374.0,230,22,17442,2011-05-03 12:35:00
551686,463.66,335,20,13668,2011-05-03 12:53:00
551687,309.35,468,13,14135,2011-05-03 13:22:00
551688,299.81,179,13,14107,2011-05-03 13:31:00
551693,303.61,255,22,15582,2011-05-03 13:36:00
551696,797.26,402,29,14110,2011-05-03 13:39:00
551697,8142.75,1,1,16029,2011-05-03 13:46:00
551698,1132.95,645,8,13694,2011-05-03 13:52:00
551702,494.84999999999997,135,15,13014,2011-05-03 14:16:00
551713,275.93,195,19,16230,2011-05-03 15:12:00
551714,169.13,79,15,16806,2011-05-03 15:15:00
551715,337.38,203,19,13102,2011-05-03 15:23:00
551717,257.86,129,56,13263,2011-05-03 15:59:00
551720,76.65,27,4,18146,2011-05-03 16:35:00
551721,288.75,95,32,14711,2011-05-03 16:49:00
551724,209.99,125,50,15976,2011-05-03 17:12:00
551725,565.0,260,4,13798,2011-05-04 08:15:00
551726,593.52,288,5,13798,2011-05-04 08:17:00
551727,688.35,345,41,14245,2011-05-04 08:40:00
551728,133.6,110,8,12720,2011-05-04 08:51:00
551729,20.8,10,1,12720,2011-05-04 08:52:00
551730,306.36,66,8,16539,2011-05-04 09:52:00
551731,424.42,311,28,14307,2011-05-04 09:57:00
551733,313.62,146,15,13012,2011-05-04 10:15:00
551734,465.99,409,33,18178,2011-05-04 10:15:00
551736,534.24,504,1,17443,2011-05-04 10:47:00
551739,139.84,68,42,18118,2011-05-04 10:58:00
551747,2805.2799999999997,4760,58,14298,2011-05-04 11:00:00
551774,109.38,50,29,14606,2011-05-04 11:12:00
551775,775.0,416,47,12886,2011-05-04 11:21:00
551776,243.69,219,37,13268,2011-05-04 11:23:00
551791,476.29,96,15,13220,2011-05-04 11:26:00
551809,3566.1400000000003,1498,28,17511,2011-05-04 11:32:00
551810,231.27,123,43,15719,2011-05-04 11:32:00
551811,756.73,249,33,15039,2011-05-04 11:37:00
551812,319.74,182,20,15527,2011-05-04 11:39:00
551813,224.78000000000003,70,13,18065,2011-05-04 11:43:00
551814,95.8,34,6,18065,2011-05-04 11:45:00
551815,77.1,34,4,18065,2011-05-04 11:46:00
551816,271.83,117,32,15906,2011-05-04 11:50:00
551817,164.07,85,18,17974,2011-05-04 11:50:00
551818,238.74,146,8,12569,2011-05-04 11:57:00
551819,364.18,374,6,14739,2011-05-04 11:58:00
551820,429.6,240,20,12645,2011-05-04 12:11:00
551821,270.02,101,27,16942,2011-05-04 12:20:00
551822,159.20000000000002,100,9,13524,2011-05-04 12:26:00
551823,261.95,46,11,17955,2011-05-04 12:29:00
551824,483.7,360,33,15128,2011-05-04 12:32:00
551825,22.9,4,2,16942,2011-05-04 12:32:00
551826,8.4,20,2,17955,2011-05-04 12:33:00
551832,9.36,24,1,15987,2011-05-04 13:11:00
551833,500.09,324,20,16779,2011-05-04 13:12:00
551834,75.66,66,6,16610,2011-05-04 13:13:00
551835,411.54,128,24,17646,2011-05-04 13:17:00
551836,203.86999999999998,241,4,17394,2011-05-04 13:22:00
551839,453.02,176,5,15311,2011-05-04 13:34:00
551840,1030.7,302,16,15144,2011-05-04 13:36:00
551842,223.22,186,13,16678,2011-05-04 13:52:00
551843,252.1,164,16,16094,2011-05-04 13:57:00
551844,114.04,40,11,14173,2011-05-04 14:03:00
551845,17.14,10,8,17961,2011-05-04 14:03:00
551846,419.0,176,19,13047,2011-05-04 14:11:00
551849,1032.46,372,35,16258,2011-05-04 14:33:00
551850,302.47,112,18,13731,2011-05-04 14:33:00
551851,997.5,200,2,17511,2011-05-04 14:43:00
551852,278.4,72,13,14948,2011-05-04 14:52:00
551854,302.88,80,4,13576,2011-05-04 14:55:00
551855,814.71,443,62,12836,2011-05-04 15:08:00
551856,312.71999999999997,264,6,15027,2011-05-04 15:25:00
551857,326.9,136,18,13037,2011-05-04 15:33:00
551858,128.01,98,16,18041,2011-05-04 15:33:00
551859,230.03,301,14,14336,2011-05-04 15:37:00
551860,110.64,32,16,15508,2011-05-04 15:41:00
551862,227.65,43,3,17384,2011-05-04 16:07:00
551868,1380.11,747,41,12540,2011-05-04 16:29:00
551869,413.15999999999997,525,29,16767,2011-05-04 16:36:00
551870,194.3,132,14,17811,2011-05-04 16:51:00
551872,206.6,124,10,12955,2011-05-04 17:19:00
551874,385.14,222,4,16422,2011-05-05 07:37:00
551875,484.12000000000006,196,2,17061,2011-05-05 08:16:00
551876,313.4,136,16,14867,2011-05-05 08:18:00
551877,179.0,100,1,16990,2011-05-05 08:30:00
551878,119.7,30,2,15129,2011-05-05 08:32:00
551879,311.29999999999995,78,3,13831,2011-05-05 08:33:00
551880,303.82,56,16,17374,2011-05-05 09:05:00
551881,346.08,556,6,13784,2011-05-05 09:11:00
551882,108.95,37,7,13873,2011-05-05 09:13:00
551883,306.72,272,7,13762,2011-05-05 09:15:00
551884,296.88,528,15,16109,2011-05-05 09:17:00
551885,378.24,447,25,16700,2011-05-05 09:18:00
551886,129.18,49,7,12569,2011-05-05 09:23:00
551887,236.0,100,11,12593,2011-05-05 09:29:00
551888,51.0,4,1,15304,2011-05-05 09:29:00
551889,306.72,248,11,18198,2011-05-05 09:34:00
551890,134.7,58,6,14340,2011-05-05 09:44:00
551891,186.86,256,17,17429,2011-05-05 09:53:00
551893,464.3,222,16,17675,2011-05-05 10:07:00
551894,64.95000000000002,39,3,12971,2011-05-05 10:20:00
551895,89.4,28,2,12877,2011-05-05 10:22:00
551896,170.96,122,9,13711,2011-05-05 10:29:00
551897,81.10000000000001,18,4,13711,2011-05-05 10:31:00
551902,99.6,168,2,17512,2011-05-05 10:49:00
551907,116.95,149,3,16027,2011-05-05 10:51:00
551944,110.38,51,16,14553,2011-05-05 11:08:00
551945,15.0,1,1,16714,2011-05-05 11:09:00
551946,307.0,44,3,18229,2011-05-05 11:18:00
551950,361.82,181,22,14911,2011-05-05 11:38:00
551951,633.0,1200,3,18094,2011-05-05 11:46:00
551952,494.7,194,2,15838,2011-05-05 11:47:00
551953,593.72,388,37,13448,2011-05-05 11:53:00
551954,425.4,177,16,14515,2011-05-05 12:13:00
551955,321.48,420,2,13199,2011-05-05 12:22:00
551956,277.97,110,44,15021,2011-05-05 12:22:00
551957,303.54,66,8,16949,2011-05-05 12:24:00
551958,263.24,200,22,13883,2011-05-05 12:37:00
551959,112.63000000000001,55,7,13883,2011-05-05 12:38:00
551960,466.71,197,26,18239,2011-05-05 12:38:00
551961,386.5,192,19,13883,2011-05-05 12:39:00
551962,123.75,15,5,17955,2011-05-05 12:40:00
551963,305.9,258,16,13266,2011-05-05 12:52:00
551966,364.47,222,60,15356,2011-05-05 13:14:00
551967,208.36,140,9,16457,2011-05-05 13:19:00
551976,809.4,232,5,15061,2011-05-05 13:29:00
551977,225.60000000000002,124,3,15061,2011-05-05 13:34:00
551978,292.11,57,7,17527,2011-05-05 13:43:00
551979,185.39999999999998,28,2,14199,2011-05-05 13:44:00
551980,109.25,35,4,17849,2011-05-05 13:46:00
551981,897.5999999999999,352,3,13694,2011-05-05 13:53:00
551982,1031.59,607,102,15023,2011-05-05 13:56:00
551983,562.29,335,34,17735,2011-05-05 14:32:00
551984,281.66,234,17,15841,2011-05-05 14:37:00
551985,149.97,72,11,12395,2011-05-05 14:38:00
551986,229.56,74,19,13888,2011-05-05 14:41:00
551987,250.47,152,43,15005,2011-05-05 14:55:00
551988,154.8,116,11,12576,2011-05-05 15:08:00
551989,265.2,120,3,14423,2011-05-05 15:12:00
551990,68.0,8,1,15759,2011-05-05 15:13:00
551991,89.39999999999999,74,10,14697,2011-05-05 15:29:00
551992,442.96,116,9,12747,2011-05-05 15:31:00
551993,99.21,107,12,14697,2011-05-05 15:39:00
551994,437.52000000000004,276,29,12868,2011-05-05 15:42:00
551996,352.26,192,17,16628,2011-05-05 15:44:00
551998,258.6,235,23,14099,2011-05-05 15:48:00
552004,147.44,120,10,17522,2011-05-05 16:31:00
552005,622.47,376,30,15491,2011-05-05 16:34:00
552007,310.78,188,16,13269,2011-05-05 16:56:00
552008,311.2,20,3,12476,2011-05-05 17:13:00
552010,292.42,196,43,14713,2011-05-05 17:26:00
552011,138.85,31,8,13867,2011-05-05 17:28:00
552013,2388.31,1771,94,12451,2011-05-05 17:34:00
552018,217.8,72,10,16817,2011-05-05 17:42:00
552023,400.3,312,25,17624,2011-05-05 17:59:00
552025,378.95,233,31,13969,2011-05-05 18:04:00
552026,108.0,432,1,17940,2011-05-05 18:06:00
552028,64.06,37,4,13969,2011-05-05 18:09:00
552032,67.95,13,5,14393,2011-05-05 18:16:00
552033,214.56,236,8,14776,2011-05-05 18:36:00
552034,143.45999999999998,138,5,17578,2011-05-05 18:38:00
552036,211.15,81,21,12748,2011-05-05 19:16:00
552037,240.6,156,8,13450,2011-05-05 19:48:00
552038,3869.18,1694,20,14156,2011-05-06 08:08:00
552039,4655.85,3253,176,13081,2011-05-06 08:10:00
552040,522.6,88,15,12502,2011-05-06 08:19:00
552041,105.9,55,6,14273,2011-05-06 08:25:00
552042,1208.31,545,44,13952,2011-05-06 09:00:00
552044,449.42,314,11,17423,2011-05-06 09:14:00
552045,365.83,241,24,18241,2011-05-06 09:22:00
552046,370.77,187,24,15235,2011-05-06 09:44:00
552048,519.0,100,2,17809,2011-05-06 10:00:00
552051,415.02,349,60,14796,2011-05-06 10:10:00
552053,186.9,96,12,16153,2011-05-06 10:16:00
552054,353.06,276,21,15062,2011-05-06 10:19:00
552055,327.96,240,15,16353,2011-05-06 10:32:00
552056,356.40000000000003,72,1,16353,2011-05-06 10:33:00
552057,251.75,208,13,17504,2011-05-06 10:34:00
552058,647.75,372,17,15218,2011-05-06 10:36:00
552059,140.57999999999998,282,11,17470,2011-05-06 10:37:00
552060,76.32000000000001,72,1,15668,2011-05-06 10:39:00
552061,1264.0800000000002,696,47,13001,2011-05-06 10:43:00
552062,95.56,122,10,13117,2011-05-06 10:45:00
552064,118.3,36,14,15874,2011-05-06 11:05:00
552065,190.54,88,20,16729,2011-05-06 11:20:00
552078,300.4,160,15,16748,2011-05-06 11:26:00
552080,404.40000000000003,72,3,16319,2011-05-06 11:27:00
552108,289.82,152,50,17841,2011-05-06 11:36:00
552121,261.36,167,16,15757,2011-05-06 11:40:00
552127,59.9,41,4,17174,2011-05-06 11:47:00
552134,550.12,272,16,14944,2011-05-06 11:50:00
552135,19.919999999999998,24,1,14944,2011-05-06 11:51:00
552139,162.24,86,19,14659,2011-05-06 11:55:00
552149,700.6,404,39,13365,2011-05-06 12:00:00
552166,371.96,308,24,13475,2011-05-06 12:21:00
552167,93.75,21,5,18227,2011-05-06 12:23:00
552168,226.9,142,11,13880,2011-05-06 12:28:00
552169,115.15,55,7,17800,2011-05-06 12:44:00
552170,216.3,122,13,16458,2011-05-06 12:53:00
552171,1128.6,228,4,14145,2011-05-06 13:01:00
552172,640.0,2000,1,16308,2011-05-06 13:03:00
552174,15.600000000000001,24,1,15144,2011-05-06 13:07:00
552176,127.38,94,25,17516,2011-05-06 13:25:00
552179,116.49000000000001,44,10,16919,2011-05-06 13:31:00
552180,430.46000000000004,332,29,18235,2011-05-06 13:35:00
552181,1484.4,820,9,17381,2011-05-06 13:36:00
552182,195.14999999999998,27,9,14180,2011-05-06 13:38:00
552183,173.12,115,36,17604,2011-05-06 13:43:00
552184,162.96,76,8,13741,2011-05-06 13:43:00
552185,464.01,292,25,12921,2011-05-06 13:52:00
552186,483.02000000000004,326,21,12921,2011-05-06 13:53:00
552188,381.08,182,21,12394,2011-05-06 14:01:00
552189,10.08,24,1,12748,2011-05-06 14:04:00
552191,58.9,20,6,16832,2011-05-06 14:12:00
552192,315.66,78,16,15258,2011-05-06 14:16:00
552193,243.51999999999998,240,16,15114,2011-05-06 14:22:00
552195,204.29999999999998,34,3,13089,2011-05-06 14:25:00
552196,138.19,45,8,18078,2011-05-06 14:32:00
552197,211.44,264,7,13743,2011-05-06 14:32:00
552198,90.12,60,17,15552,2011-05-06 14:47:00
552202,165.85,42,6,12414,2011-05-06 14:51:00
552211,246.07999999999998,224,9,12709,2011-05-06 15:01:00
552217,304.21,119,11,18170,2011-05-06 15:13:00
552231,628.85,312,44,17364,2011-05-06 15:47:00
552233,112.05000000000001,25,3,17068,2011-05-06 15:54:00
552235,313.3,197,13,15194,2011-05-06 16:17:00
552236,529.7,162,8,16525,2011-05-06 16:29:00
552238,185.31,129,3,14403,2011-05-06 16:48:00
552239,367.52,172,44,14056,2011-05-06 16:54:00
552240,199.85000000000002,43,6,13723,2011-05-06 17:04:00
552242,62.67999999999999,15,9,12748,2011-05-06 19:22:00
552243,84.07,18,17,12748,2011-05-06 19:37:00
552244,29.89,17,13,12748,2011-05-06 19:39:00
552245,108.87,14,13,12748,2011-05-06 19:42:00
552246,19.720000000000002,9,8,12748,2011-05-06 19:44:00
552247,21.39,14,11,12748,2011-05-06 19:48:00
552248,7.15,3,3,12748,2011-05-06 19:49:00
552249,35.97,18,11,12748,2011-05-06 19:53:00
552250,3.3,2,2,12748,2011-05-06 19:55:00
552251,19.19,13,7,12748,2011-05-06 20:00:00
552252,251.75,208,13,15227,2011-05-08 10:11:00
552253,187.98000000000002,74,6,14201,2011-05-08 10:20:00
552254,158.26,76,6,16168,2011-05-08 10:21:00
552255,187.16,240,14,14005,2011-05-08 10:33:00
552256,327.85,95,12,16621,2011-05-08 10:43:00
552257,386.72,204,27,16923,2011-05-08 11:08:00
552259,250.52,91,22,15796,2011-05-08 11:13:00
552260,480.46000000000004,156,13,17002,2011-05-08 11:21:00
552261,280.6,168,15,16807,2011-05-08 11:34:00
552262,862.53,446,49,14911,2011-05-08 11:37:00
552263,265.75,51,7,15561,2011-05-08 11:38:00
552264,243.72,204,22,14959,2011-05-08 11:38:00
552265,551.43,182,50,14161,2011-05-08 11:41:00
552266,282.85,117,11,13975,2011-05-08 11:41:00
552267,105.13,19,18,15038,2011-05-08 11:49:00
552268,426.84,290,17,14709,2011-05-08 11:49:00
552269,285.94,139,60,16121,2011-05-08 11:52:00
552270,105.55,49,13,16928,2011-05-08 11:56:00
552271,150.35,58,16,13069,2011-05-08 12:00:00
552272,1128.94,746,7,13694,2011-05-08 12:13:00
552273,348.3,198,16,13021,2011-05-08 12:26:00
552274,236.10000000000002,100,9,16523,2011-05-08 12:30:00
552275,59.8,4,1,16523,2011-05-08 12:31:00
552276,282.48,292,9,18142,2011-05-08 12:31:00
552277,312.28,151,57,13642,2011-05-08 12:34:00
552278,199.11,98,41,15059,2011-05-08 12:36:00
552279,312.4,670,8,15117,2011-05-08 12:38:00
552280,141.85999999999999,83,14,13561,2011-05-08 12:39:00
552281,938.85,407,45,15704,2011-05-08 12:42:00
552282,353.33,149,35,14040,2011-05-08 12:44:00
552283,109.80000000000001,36,5,13468,2011-05-08 12:48:00
552284,321.9,178,5,18149,2011-05-08 12:48:00
552285,325.08,200,120,14684,2011-05-08 12:58:00
552286,202.07,103,22,16393,2011-05-08 13:07:00
552287,107.0,65,7,17705,2011-05-08 13:19:00
552288,302.44,160,14,13313,2011-05-08 13:20:00
552289,5.55,5,2,17869,2011-05-08 13:24:00
552290,363.97,418,77,16007,2011-05-08 13:32:00
552291,406.1,183,23,15421,2011-05-08 14:00:00
552292,38.2,22,2,15421,2011-05-08 14:02:00
552293,173.12,110,11,16232,2011-05-08 14:05:00
552294,193.35000000000002,121,8,16232,2011-05-08 14:06:00
552295,247.76999999999998,130,39,14224,2011-05-08 14:08:00
552296,355.22,281,41,15518,2011-05-08 14:09:00
552297,134.65,19,7,15092,2011-05-08 14:10:00
552298,236.46,64,16,14507,2011-05-08 14:18:00
552299,114.05,17,8,15827,2011-05-08 14:44:00
552302,97.09,59,25,14606,2011-05-08 14:59:00
552303,247.77,150,15,14341,2011-05-08 15:15:00
552304,183.29999999999998,138,28,12748,2011-05-08 15:15:00
552305,119.75,65,7,14341,2011-05-08 15:16:00
552306,283.99,157,18,13911,2011-05-08 15:20:00
552307,93.3,19,15,12748,2011-05-08 15:20:00
552308,302.4,100,15,17410,2011-05-08 15:21:00
552309,328.45,157,21,13835,2011-05-08 15:22:00
552310,149.38,127,36,17323,2011-05-08 15:22:00
552311,318.15999999999997,163,13,15312,2011-05-08 15:22:00
552312,214.5,130,9,13427,2011-05-08 15:58:00
552313,760.52,248,29,13139,2011-05-08 16:03:00
552314,90.6,64,6,14353,2011-05-08 16:06:00
552315,1092.43,779,62,12700,2011-05-08 16:10:00
552316,334.71000000000004,229,21,15674,2011-05-08 16:11:00
552318,374.06,159,58,17231,2011-05-08 16:13:00
552319,59.050000000000004,31,4,13003,2011-05-09 08:23:00
552320,247.79999999999998,124,13,13985,2011-05-09 08:26:00
552321,368.26,194,18,17049,2011-05-09 09:15:00
552322,289.0,108,15,17049,2011-05-09 09:16:00
552323,239.4,106,13,16756,2011-05-09 09:33:00
552324,681.5,386,14,16672,2011-05-09 09:46:00
552325,331.5,164,17,12490,2011-05-09 09:47:00
552326,309.19,109,16,15596,2011-05-09 10:02:00
552327,137.95000000000002,93,6,17007,2011-05-09 10:03:00
552328,362.9,190,11,14188,2011-05-09 10:03:00
552329,315.3,114,15,13492,2011-05-09 10:06:00
552330,357.3,120,20,12948,2011-05-09 10:13:00
552332,335.11,209,24,13908,2011-05-09 10:24:00
552333,553.35,221,34,15039,2011-05-09 10:38:00
552336,399.15,147,17,15159,2011-05-09 11:26:00
552337,667.11,380,33,12621,2011-05-09 11:34:00
552340,417.0,60,1,17949,2011-05-09 12:04:00
552341,816.0,96,1,17949,2011-05-09 12:05:00
552342,738.0,120,2,17949,2011-05-09 12:07:00
552353,360.29,309,29,17612,2011-05-09 12:14:00
552357,227.62,86,13,18219,2011-05-09 12:16:00
552358,815.78,466,46,15673,2011-05-09 12:20:00
552364,404.2,424,30,13004,2011-05-09 12:25:00
552365,272.46,115,35,16440,2011-05-09 12:25:00
552371,101.17999999999999,110,13,17629,2011-05-09 12:28:00
552372,301.15000000000003,293,19,13394,2011-05-09 12:29:00
552376,101.10000000000001,18,12,16326,2011-05-09 12:30:00
552404,305.02,262,13,15932,2011-05-09 12:39:00
552410,118.49,31,18,14527,2011-05-09 12:40:00
552418,331.7,242,18,13971,2011-05-09 12:42:00
552441,160.65,83,6,16359,2011-05-09 12:58:00
552442,334.48,100,25,14667,2011-05-09 13:03:00
552444,172.18,63,25,17634,2011-05-09 13:10:00
552445,667.61,351,17,16839,2011-05-09 13:27:00
552446,351.83,285,37,16729,2011-05-09 13:28:00
552447,37.5,5,1,16729,2011-05-09 13:43:00
552448,111.15,31,17,18120,2011-05-09 13:45:00
552449,459.4,240,13,12355,2011-05-09 13:49:00
552450,967.52,650,8,13798,2011-05-09 13:51:00
552451,352.54,78,6,14543,2011-05-09 13:59:00
552452,148.08,108,15,13752,2011-05-09 14:02:00
552453,723.9,370,24,12840,2011-05-09 14:10:00
552454,652.8,256,2,18172,2011-05-09 14:22:00
552456,335.64,262,24,13999,2011-05-09 14:40:00
552457,376.3,217,25,16477,2011-05-09 14:40:00
552460,719.8000000000001,316,35,13178,2011-05-09 14:44:00
552461,331.80000000000007,84,4,17723,2011-05-09 14:44:00
552463,109.13000000000001,77,8,14699,2011-05-09 14:54:00
552464,223.4,333,10,12726,2011-05-09 15:12:00
552465,181.54,79,20,16242,2011-05-09 15:17:00
552466,443.65999999999997,421,21,13458,2011-05-09 15:21:00
552467,485.76,260,19,15249,2011-05-09 15:29:00
552468,360.18,347,28,13141,2011-05-09 15:33:00
552469,451.25,594,71,12867,2011-05-09 15:34:00
552472,251.6,108,16,16503,2011-05-09 15:48:00
552479,92.72,70,6,12821,2011-05-09 15:51:00
552491,300.29999999999995,66,6,17033,2011-05-09 16:01:00
552492,81.36,24,1,12888,2011-05-09 16:02:00
552521,71.82,48,5,16668,2011-05-09 16:35:00
552523,330.0,200,1,15797,2011-05-09 16:38:00
552526,147.15,89,17,17576,2011-05-09 16:42:00
552528,172.95,110,19,17218,2011-05-09 16:59:00
552529,38.3,26,2,14541,2011-05-09 17:24:00
552530,344.86,252,22,13055,2011-05-10 08:58:00
552531,298.43,89,10,13742,2011-05-10 09:35:00
552532,521.49,279,24,15615,2011-05-10 09:39:00
552533,456.55,217,13,13767,2011-05-10 09:41:00
552536,314.6,154,18,14209,2011-05-10 10:00:00
552537,111.03,146,11,17315,2011-05-10 10:11:00
552538,14.95,1,1,13692,2011-05-10 10:11:00
552542,319.12,232,18,16841,2011-05-10 10:20:00
552543,480.90000000000003,494,22,12399,2011-05-10 10:22:00
552544,319.81,320,24,13320,2011-05-10 10:29:00
552545,188.8,106,12,13320,2011-05-10 10:30:00
552547,1077.4,590,33,13098,2011-05-10 10:34:00
552548,137.9,22,7,16357,2011-05-10 10:35:00
552549,334.71,1,1,15674,2011-05-10 10:39:00
552550,1560.3400000000001,1006,17,13881,2011-05-10 10:43:00
552551,160.66,118,11,15433,2011-05-10 10:45:00
552554,319.51,152,30,12843,2011-05-10 11:04:00
552555,314.26,118,9,18242,2011-05-10 11:20:00
552557,404.70000000000005,90,6,16696,2011-05-10 11:31:00
552558,357.15000000000003,203,22,14766,2011-05-10 11:33:00
552559,313.93,178,16,15865,2011-05-10 11:44:00
552560,791.33,364,30,17581,2011-05-10 11:48:00
552561,44.550000000000004,9,1,17581,2011-05-10 11:49:00
552562,323.7,158,15,17581,2011-05-10 11:50:00
552563,2044.3700000000001,1176,55,17597,2011-05-10 11:54:00
552565,314.55,9,1,15381,2011-05-10 11:55:00
552566,716.0,400,2,13694,2011-05-10 11:56:00
552567,77.19999999999999,28,3,12971,2011-05-10 12:00:00
552571,340.05,199,20,14688,2011-05-10 12:08:00
552572,2944.7,1558,21,14680,2011-05-10 12:11:00
552573,37.8,22,3,16306,2011-05-10 12:12:00
552574,2764.29,2023,44,15311,2011-05-10 12:20:00
552575,165.44,184,11,14397,2011-05-10 12:25:00
552576,41.6,20,2,13242,2011-05-10 12:26:00
552577,62.400000000000006,30,3,13242,2011-05-10 12:28:00
552614,562.54,387,31,14849,2011-05-10 12:51:00
552624,647.76,222,65,14505,2011-05-10 12:53:00
552631,489.1,460,30,12684,2011-05-10 12:55:00
552638,522.96,180,28,17700,2011-05-10 13:00:00
552639,129.35,113,8,15134,2011-05-10 13:18:00
552640,186.91,126,56,17841,2011-05-10 13:19:00
552641,653.98,518,11,16525,2011-05-10 13:20:00
552642,426.6,188,16,14288,2011-05-10 13:22:00
552643,155.35,56,28,16791,2011-05-10 13:24:00
552644,370.79999999999995,56,5,15063,2011-05-10 13:25:00
552645,13.52,8,1,16791,2011-05-10 13:26:00
552646,111.28999999999999,33,9,14078,2011-05-10 13:26:00
552647,16.5,2,1,13012,2011-05-10 13:33:00
552648,195.0,1,1,17581,2011-05-10 13:40:00
552649,231.8,165,9,12592,2011-05-10 13:44:00
552651,288.68,247,25,16431,2011-05-10 14:09:00
552652,204.02,91,33,14591,2011-05-10 14:09:00
552654,120.58,60,47,15756,2011-05-10 14:20:00
552655,195.13,82,43,14587,2011-05-10 14:22:00
552656,565.25,148,16,12712,2011-05-10 14:46:00
552657,256.15999999999997,172,7,18041,2011-05-10 14:51:00
552658,221.15,80,23,14534,2011-05-10 14:57:00
552661,300.1,62,5,14051,2011-05-10 15:04:00
552664,332.1,166,7,14051,2011-05-10 15:05:00
552669,324.76,142,35,16710,2011-05-10 15:05:00
552690,304.44,74,16,16676,2011-05-10 15:10:00
552692,311.3,190,16,13990,2011-05-10 15:19:00
552693,21.599999999999998,36,2,12748,2011-05-10 15:22:00
552694,859.1,262,43,12749,2011-05-10 15:25:00
552695,852.68,654,47,16320,2011-05-10 15:31:00
552696,95.94,38,6,13592,2011-05-10 15:48:00
552697,54.6,20,2,13695,2011-05-10 15:49:00
552699,302.28000000000003,140,8,16210,2011-05-10 15:52:00
552703,249.19,126,42,14462,2011-05-10 16:00:00
552708,215.65,128,13,13487,2011-05-10 16:19:00
552710,1974.06,1015,42,13098,2011-05-11 07:35:00
552711,361.32,152,20,16143,2011-05-11 08:32:00
552712,237.04999999999998,71,13,17634,2011-05-11 08:34:00
552714,316.09,175,18,17164,2011-05-11 09:28:00
552715,305.26,146,17,12921,2011-05-11 09:35:00
552716,24.900000000000002,6,1,12921,2011-05-11 09:36:00
552717,8.5,2,1,12483,2011-05-11 09:42:00
552721,439.6,162,17,14691,2011-05-11 09:55:00
552723,358.2,92,12,16229,2011-05-11 10:18:00
552724,879.92,354,31,13418,2011-05-11 10:29:00
552725,72.0,40,4,13418,2011-05-11 10:30:00
552726,405.53000000000003,217,24,14920,2011-05-11 10:31:00
552727,572.24,292,33,14920,2011-05-11 10:32:00
552728,765.4,292,3,13089,2011-05-11 10:35:00
552729,39.599999999999994,24,2,13089,2011-05-11 10:36:00
552730,519.6,260,30,16837,2011-05-11 10:42:00
552731,515.7,368,19,12372,2011-05-11 10:43:00
552732,590.9499999999999,361,9,17428,2011-05-11 10:47:00
552734,1160.67,824,26,17428,2011-05-11 10:49:00
552735,360.03999999999996,310,8,17428,2011-05-11 10:49:00
552764,208.56,232,16,17489,2011-05-11 11:34:00
552769,166.66,88,51,16241,2011-05-11 11:47:00
552770,217.81,99,9,13404,2011-05-11 11:57:00
552779,194.63,77,9,13013,2011-05-11 12:13:00
552786,1024.8,432,7,16029,2011-05-11 12:14:00
552789,237.60000000000002,48,1,16029,2011-05-11 12:15:00
552802,166.94,110,25,16115,2011-05-11 12:23:00
552803,309.15999999999997,159,43,14573,2011-05-11 12:32:00
552804,396.77,159,20,15615,2011-05-11 12:32:00
552806,85.0,28,5,15729,2011-05-11 12:36:00
552811,1798.33,995,23,17677,2011-05-11 12:43:00
552813,314.47,107,19,15079,2011-05-11 12:44:00
552814,71.9,2,1,15079,2011-05-11 12:45:00
552815,16.95,1,1,17677,2011-05-11 12:46:00
552816,258.4,156,49,15521,2011-05-11 12:47:00
552817,574.46,276,30,13136,2011-05-11 12:47:00
552818,102.3,14,3,17770,2011-05-11 12:48:00
552819,1440.96,688,23,16652,2011-05-11 12:50:00
552820,722.41,751,54,16644,2011-05-11 12:53:00
552821,247.47,94,47,18118,2011-05-11 12:58:00
552822,428.69,290,38,15521,2011-05-11 12:59:00
552823,127.66,86,23,14731,2011-05-11 13:06:00
552824,508.63,312,61,14056,2011-05-11 13:16:00
552825,578.48,362,35,15296,2011-05-11 13:18:00
552826,1629.03,855,71,14277,2011-05-11 13:20:00
552827,288.7,178,3,18144,2011-05-11 13:20:00
552828,288.74,178,17,13662,2011-05-11 13:23:00
552829,465.85999999999996,200,33,12748,2011-05-11 13:42:00
552830,431.6,172,9,15187,2011-05-11 13:49:00
552831,348.15000000000003,222,18,13052,2011-05-11 14:12:00
552833,931.4999999999999,1350,1,18133,2011-05-11 14:14:00
552835,326.19,409,23,17664,2011-05-11 14:17:00
552837,140.04,72,5,12901,2011-05-11 14:24:00
552838,156.02,118,9,15732,2011-05-11 14:24:00
552839,777.84,279,50,14367,2011-05-11 14:25:00
552840,36.239999999999995,116,2,12901,2011-05-11 14:25:00
552842,56.65,32,6,17888,2011-05-11 14:29:00
552843,399.67,316,34,14649,2011-05-11 14:37:00
552844,375.0,204,17,12649,2011-05-11 14:37:00
552845,536.4,206,7,14646,2011-05-11 14:37:00
552846,288.0,73,2,14646,2011-05-11 14:38:00
552847,182.45,33,14,14649,2011-05-11 14:42:00
552848,61.95000000000001,21,3,14367,2011-05-11 14:49:00
552850,61.95000000000001,21,3,14367,2011-05-11 14:54:00
552851,1381.3,734,23,12731,2011-05-11 15:07:00
552852,414.5,214,58,16712,2011-05-11 15:08:00
552853,66.14,45,14,16712,2011-05-11 15:13:00
552854,300.71,279,19,14748,2011-05-11 15:16:00
552855,514.08,624,4,15815,2011-05-11 15:17:00
552859,123.52000000000001,258,10,13069,2011-05-11 16:10:00
552860,102.02,35,9,17889,2011-05-11 16:26:00
552861,27.310000000000002,8,4,12748,2011-05-11 16:28:00
552864,1031.07,441,53,13235,2011-05-11 17:13:00
552867,1105.0,292,25,15513,2011-05-12 08:36:00
552868,5.04,12,1,15513,2011-05-12 08:39:00
552869,367.75,302,27,15106,2011-05-12 08:41:00
552870,123.5,62,7,15513,2011-05-12 08:42:00
552871,228.87,85,12,12693,2011-05-12 08:52:00
552872,766.9,250,15,16985,2011-05-12 09:09:00
552873,46.0,14,3,16985,2011-05-12 09:11:00
552874,918.4,650,42,12621,2011-05-12 09:40:00
552875,186.52,104,6,12621,2011-05-12 09:41:00
552877,310.56,234,19,14883,2011-05-12 09:49:00
552878,967.2,703,33,12625,2011-05-12 09:54:00
552879,738.6,561,22,12976,2011-05-12 09:55:00
552880,340.34000000000003,330,29,18245,2011-05-12 09:59:00
552881,161.04,76,8,18245,2011-05-12 10:03:00
552882,1792.72,924,15,14646,2011-05-12 10:10:00
552883,14415.74,12266,92,14646,2011-05-12 10:13:00
552884,181.82,83,13,12395,2011-05-12 10:15:00
552885,270.0,72,1,14646,2011-05-12 10:15:00
552886,466.12,236,28,16244,2011-05-12 10:18:00
552887,40.8,16,2,13092,2011-05-12 10:22:00
552888,2613.36,1264,13,15061,2011-05-12 10:23:00
552890,328.15000000000003,97,5,14233,2011-05-12 10:45:00
552891,393.95,48,5,14681,2011-05-12 10:45:00
552893,455.18,194,15,14421,2011-05-12 10:49:00
552894,108.94,64,35,14606,2011-05-12 10:53:00
552904,1177.0,428,1,16013,2011-05-12 11:07:00
552905,656.3,370,35,15974,2011-05-12 11:10:00
552945,171.92,72,4,15953,2011-05-12 11:44:00
552946,296.53,106,12,12683,2011-05-12 11:50:00
552947,172.1,20,5,16943,2011-05-12 11:57:00
552948,311.86,118,14,18136,2011-05-12 11:59:00
552949,665.34,225,49,16033,2011-05-12 12:01:00
552950,612.78,248,34,16116,2011-05-12 12:01:00
552951,334.54,141,40,14988,2011-05-12 12:05:00
552952,157.54000000000002,121,10,13837,2011-05-12 12:10:00
552953,561.81,901,22,16745,2011-05-12 12:11:00
552954,281.65999999999997,222,8,14064,2011-05-12 12:30:00
552955,483.40000000000003,90,6,13113,2011-05-12 12:30:00
552956,475.16,184,23,12431,2011-05-12 12:34:00
552957,2557.88,2794,16,17404,2011-05-12 12:36:00
552958,463.2,152,15,15498,2011-05-12 12:49:00
552959,474.6,480,12,12748,2011-05-12 12:53:00
552960,352.7,226,5,18218,2011-05-12 12:53:00
552961,348.26,220,23,15489,2011-05-12 12:54:00
552962,719.15,371,8,14364,2011-05-12 12:56:00
552963,270.69,219,27,16743,2011-05-12 12:57:00
552964,305.21,127,16,16057,2011-05-12 13:05:00
552965,330.63,147,15,13477,2011-05-12 13:10:00
552966,70.35,33,4,16057,2011-05-12 13:10:00
552967,101.4,84,8,16006,2011-05-12 13:12:00
552968,148.22,26,9,16184,2011-05-12 13:33:00
552969,302.8,98,15,14021,2011-05-12 13:37:00
552970,381.6,360,1,17388,2011-05-12 13:41:00
552971,140.82,66,6,14738,2011-05-12 13:41:00
552972,224.54000000000002,85,10,16043,2011-05-12 13:43:00
552973,269.88,236,12,16186,2011-05-12 13:53:00
552974,77.24000000000001,30,4,16186,2011-05-12 13:54:00
552975,589.01,391,42,17932,2011-05-12 13:58:00
552977,234.47,123,15,18221,2011-05-12 14:13:00
552978,9341.26,4282,67,12590,2011-05-12 14:46:00
552980,523.0,1,1,12590,2011-05-12 14:52:00
552988,214.5,34,3,14853,2011-05-12 15:17:00
552990,366.5,210,21,17667,2011-05-12 15:17:00
553000,62.120000000000005,28,3,17667,2011-05-12 15:21:00
553001,317.59999999999997,216,9,17658,2011-05-12 15:23:00
553002,265.14,133,54,13263,2011-05-12 15:26:00
553003,7.800000000000001,12,6,13263,2011-05-12 15:32:00
553004,230.67000000000002,113,17,17764,2011-05-12 16:11:00
553005,415.47,185,59,14651,2011-05-12 16:29:00
553006,560.35,393,40,15544,2011-05-12 16:45:00
553007,635.66,710,15,14000,2011-05-12 16:50:00
553008,191.44,77,23,17315,2011-05-12 16:52:00
553009,373.2,275,41,13601,2011-05-12 16:52:00
553011,309.05,149,21,14390,2011-05-12 17:03:00
553012,392.54999999999995,121,11,17671,2011-05-12 18:13:00
553014,623.16,413,92,13451,2011-05-12 18:49:00
553015,54.95,17,16,12748,2011-05-12 18:55:00
553016,7.5,2,1,12748,2011-05-12 18:58:00
553017,602.83,311,74,12757,2011-05-12 19:01:00
553018,557.72,1,1,12757,2011-05-12 19:02:00
553021,600.36,162,9,18172,2011-05-12 19:22:00
553022,59.8,4,1,18172,2011-05-12 19:23:00
553034,562.79,513,27,17970,2011-05-12 20:03:00
553035,499.23,275,122,17337,2011-05-12 20:13:00
553036,340.88,344,11,15129,2011-05-13 08:09:00
553037,774.5999999999999,292,13,12471,2011-05-13 08:10:00
553038,106.6,32,5,12471,2011-05-13 08:11:00
553039,600.63,409,7,16422,2011-05-13 08:21:00
553040,231.4,84,5,15981,2011-05-13 08:58:00
553042,304.58,128,11,15845,2011-05-13 09:01:00
553043,750.0,600,1,13953,2011-05-13 09:21:00
553044,495.98,204,24,12682,2011-05-13 09:24:00
553045,1351.45,743,12,12770,2011-05-13 09:33:00
553046,314.0,154,16,13534,2011-05-13 09:37:00
553047,19.799999999999997,12,1,13534,2011-05-13 09:38:00
553048,612.08,348,36,14291,2011-05-13 10:02:00
553049,16.5,10,1,14291,2011-05-13 10:03:00
553050,344.15,161,19,15498,2011-05-13 10:09:00
553051,19.5,10,1,15498,2011-05-13 10:11:00
553052,1249.7,730,15,15251,2011-05-13 10:14:00
553053,304.8,69,12,12857,2011-05-13 10:20:00
553054,157.77,126,30,17886,2011-05-13 10:22:00
553055,341.52,132,9,16618,2011-05-13 10:35:00
553056,16.95,1,1,16618,2011-05-13 10:37:00
553057,386.55,197,20,16161,2011-05-13 10:41:00
553058,149.34,64,16,17790,2011-05-13 10:44:00
553059,101.76,96,1,16660,2011-05-13 10:44:00
553060,720.0,488,28,15826,2011-05-13 10:44:00
553061,260.6,100,38,17238,2011-05-13 11:12:00
553062,821.0,450,4,13629,2011-05-13 11:25:00
553063,311.3,170,22,13018,2011-05-13 11:38:00
553064,51.4,23,4,13018,2011-05-13 11:39:00
553067,1110.51,366,51,16871,2011-05-13 11:44:00
553074,413.37,425,80,15529,2011-05-13 11:45:00
553088,1147.15,678,39,16180,2011-05-13 11:53:00
553093,558.94,406,5,13798,2011-05-13 11:54:00
553095,417.4,236,5,16180,2011-05-13 11:54:00
553099,127.49999999999999,50,1,13798,2011-05-13 11:56:00
553102,892.62,114,3,12980,2011-05-13 11:58:00
553120,850.72,369,29,17139,2011-05-13 12:12:00
553125,507.14,212,26,17139,2011-05-13 12:13:00
553129,137.05,59,21,17765,2011-05-13 12:34:00
553130,222.77,77,12,17398,2011-05-13 12:41:00
553131,212.39999999999998,172,4,16401,2011-05-13 12:44:00
553134,568.6,264,34,15382,2011-05-13 12:50:00
553140,115.54,59,18,15373,2011-05-13 12:53:00
553141,223.07,146,46,15907,2011-05-13 13:01:00
553142,90.84,23,14,14527,2011-05-13 13:05:00
553143,89.25,33,6,12695,2011-05-13 13:15:00
553144,619.5,338,6,17669,2011-05-13 13:29:00
553145,309.6,102,7,14342,2011-05-13 13:50:00
553146,519.68,168,28,14873,2011-05-13 13:52:00
553149,726.1,377,17,14226,2011-05-13 14:16:00
553151,692.96,416,31,13089,2011-05-13 14:53:00
553152,375.45,169,19,13089,2011-05-13 14:55:00
553153,17.4,12,1,13089,2011-05-13 14:56:00
553154,384.0,160,4,17061,2011-05-13 14:57:00
553155,34.0,4,1,13089,2011-05-13 14:57:00
553156,240.73,174,60,17841,2011-05-13 14:58:00
553158,689.4200000000001,246,35,14194,2011-05-13 15:24:00
553159,383.06,207,23,14194,2011-05-13 15:25:00
553160,85.36,50,5,14194,2011-05-13 15:26:00
553161,415.28000000000003,268,23,12681,2011-05-13 15:48:00
553164,18.900000000000002,8,8,17961,2011-05-13 16:12:00
553165,147.58,36,15,13623,2011-05-13 16:12:00
553166,306.0,46,13,17655,2011-05-13 16:14:00
553168,308.3,112,8,15159,2011-05-13 16:24:00
553169,103.5,30,3,15159,2011-05-13 16:26:00
553170,223.44,396,3,14676,2011-05-13 16:57:00
553172,132.0,16,4,14031,2011-05-13 17:15:00
553173,243.75,64,13,17400,2011-05-13 17:34:00
553174,127.45,70,16,16206,2011-05-15 11:04:00
553176,112.8,76,13,14689,2011-05-15 11:22:00
553177,205.74,162,3,13094,2011-05-15 11:23:00
553178,120.27,91,24,17302,2011-05-15 11:29:00
553179,125.8,78,20,15440,2011-05-15 11:30:00
553180,212.4,102,19,16466,2011-05-15 11:35:00
553181,159.0,108,2,16168,2011-05-15 11:43:00
553182,2422.15,1024,103,17107,2011-05-15 12:21:00
553183,305.45000000000005,137,16,16076,2011-05-15 12:31:00
553184,305.76,122,58,13232,2011-05-15 12:33:00
553185,537.49,295,21,17504,2011-05-15 12:35:00
553186,388.20000000000005,228,8,13183,2011-05-15 12:46:00
553187,128.8,110,19,16809,2011-05-15 12:53:00
553188,209.18,100,10,15379,2011-05-15 12:55:00
553189,419.34,189,78,15033,2011-05-15 13:14:00
553190,194.79,94,38,15164,2011-05-15 13:14:00
553191,185.22,50,15,13118,2011-05-15 13:22:00
553192,1028.56,344,16,15333,2011-05-15 13:27:00
553193,136.9,56,9,15081,2011-05-15 13:31:00
553194,277.81,160,36,16283,2011-05-15 13:37:00
553195,151.4,141,10,12599,2011-05-15 13:45:00
553196,45.7,6,6,17114,2011-05-15 14:15:00
553197,63.440000000000005,36,23,17263,2011-05-15 14:32:00
553198,298.99,230,25,13752,2011-05-15 14:48:00
553199,442.34000000000003,244,58,17758,2011-05-15 15:13:00
553200,137.7,66,9,16034,2011-05-15 15:14:00
553201,25.75,13,4,17758,2011-05-15 15:31:00
553202,217.19,262,52,15854,2011-05-15 16:02:00
553203,603.78,139,18,14911,2011-05-15 16:10:00
553204,77.75,35,25,16877,2011-05-15 16:13:00
553205,533.26,234,11,15813,2011-05-16 08:13:00
553206,1543.0,526,32,14156,2011-05-16 08:16:00
553207,382.35,179,18,17001,2011-05-16 09:02:00
553208,586.74,222,17,12674,2011-05-16 09:10:00
553209,266.7,150,6,13777,2011-05-16 09:23:00
553210,1133.33,543,32,14016,2011-05-16 09:40:00
553211,439.75,383,27,15358,2011-05-16 09:40:00
553212,104.15999999999998,72,6,15358,2011-05-16 09:42:00
553213,636.64,416,6,13408,2011-05-16 09:49:00
553214,464.1,298,10,13408,2011-05-16 09:49:00
553215,205.88,34,4,13408,2011-05-16 09:50:00
553216,132.8,32,1,13408,2011-05-16 09:52:00
553217,306.0,36,1,13408,2011-05-16 09:52:00
553218,134.10000000000002,30,2,13408,2011-05-16 09:54:00
553219,318.06,118,11,13769,2011-05-16 09:57:00
553220,732.9200000000001,292,31,13319,2011-05-16 09:57:00
553221,327.0,179,14,16607,2011-05-16 09:58:00
553223,72.4,28,4,12993,2011-05-16 10:28:00
553224,208.2,225,34,17228,2011-05-16 10:40:00
553225,283.32,96,11,16912,2011-05-16 10:41:00
553226,124.7,52,6,16912,2011-05-16 10:43:00
553227,150.4,28,5,14211,2011-05-16 10:46:00
553228,448.34,334,30,16496,2011-05-16 10:48:00
553229,496.49,254,37,15039,2011-05-16 10:50:00
553235,345.42,311,22,13018,2011-05-16 11:13:00
553239,109.32000000000001,108,4,16226,2011-05-16 11:31:00
553315,1203.3200000000002,492,18,16705,2011-05-16 12:03:00
553316,139.88,59,7,12682,2011-05-16 12:04:00
553317,343.44,108,5,16705,2011-05-16 12:04:00
553319,33.0,20,1,16705,2011-05-16 12:05:00
553339,1820.64,768,15,15125,2011-05-16 12:19:00
553340,1122.2,572,18,15125,2011-05-16 12:20:00
553341,307.88,110,18,16293,2011-05-16 12:25:00
553342,125.55,81,8,16293,2011-05-16 12:26:00
553343,307.73,131,15,16642,2011-05-16 12:35:00
553344,298.8,72,4,14952,2011-05-16 12:45:00
553345,533.7,312,34,16729,2011-05-16 12:53:00
553346,306.45,147,15,17054,2011-05-16 12:57:00
553347,560.27,203,27,14755,2011-05-16 12:59:00
553348,754.8100000000001,711,35,14911,2011-05-16 13:20:00
553350,132.0,80,4,12871,2011-05-16 13:32:00
553351,311.7,176,55,18118,2011-05-16 13:35:00
553352,239.48,86,11,13089,2011-05-16 13:41:00
553356,716.32,501,45,14038,2011-05-16 14:05:00
553357,30.0,2,1,12684,2011-05-16 14:17:00
553363,373.4,150,17,13650,2011-05-16 14:19:00
553368,8895.66,1787,17,18102,2011-05-16 14:24:00
553369,474.85,109,26,15044,2011-05-16 14:30:00
553371,245.88,204,5,17288,2011-05-16 14:32:00
553374,463.38,299,30,14489,2011-05-16 14:51:00
553375,1184.22,494,39,14911,2011-05-16 14:52:00
553377,369.2,184,20,14888,2011-05-16 14:58:00
553379,368.76,180,3,14676,2011-05-16 15:28:00
553380,195.0,1,1,17190,2011-05-16 15:29:00
553381,207.66,100,13,13456,2011-05-16 15:34:00
553382,202.24,96,8,14217,2011-05-16 15:47:00
553383,403.26,240,13,18230,2011-05-16 15:48:00
553384,177.0,64,25,16899,2011-05-16 15:53:00
553385,423.3,375,70,16710,2011-05-16 15:53:00
553386,655.24,330,27,13381,2011-05-16 16:22:00
553388,120.82000000000001,115,26,15910,2011-05-16 16:36:00
553390,466.28000000000003,220,92,17841,2011-05-16 16:41:00
553392,608.16,252,11,16131,2011-05-16 16:44:00
553402,99.84,124,20,17898,2011-05-16 17:13:00
553403,159.49,41,6,18061,2011-05-17 08:18:00
553404,392.88,228,16,14952,2011-05-17 08:34:00
553405,581.6,312,25,14952,2011-05-17 08:37:00
553406,77.5,50,1,14952,2011-05-17 08:38:00
553408,357.98,154,10,13976,2011-05-17 09:13:00
553410,125.28,90,8,14320,2011-05-17 09:24:00
553411,793.62,479,45,12714,2011-05-17 09:28:00
553412,61.5,26,4,14344,2011-05-17 09:40:00
553415,297.38,168,18,12463,2011-05-17 10:02:00
553416,422.28000000000003,340,3,18198,2011-05-17 10:04:00
553417,631.49,278,32,13871,2011-05-17 10:08:00
553418,357.4,192,17,18257,2011-05-17 10:10:00
553419,162.95000000000002,47,6,16639,2011-05-17 10:10:00
553420,306.85,87,12,17519,2011-05-17 10:14:00
553421,139.79999999999998,84,6,16139,2011-05-17 10:23:00
553422,130.0,40,1,16923,2011-05-17 10:27:00
553423,186.17000000000002,89,29,17811,2011-05-17 10:28:00
553427,100.98,90,3,17522,2011-05-17 10:36:00
553461,680.14,462,46,16316,2011-05-17 10:57:00
553462,563.61,267,28,17147,2011-05-17 10:57:00
553463,927.45,471,44,13488,2011-05-17 11:02:00
553464,925.16,572,17,16218,2011-05-17 11:07:00
553465,116.0,80,1,16218,2011-05-17 11:09:00
553466,259.2,360,1,17949,2011-05-17 11:10:00
553467,159.0,150,1,17857,2011-05-17 11:11:00
553468,921.5999999999999,576,4,16029,2011-05-17 11:14:00
553469,905.76,372,5,16029,2011-05-17 11:15:00
553470,5410.0599999999995,1325,11,18102,2011-05-17 11:27:00
553471,2462.26,330,9,18102,2011-05-17 11:28:00
553472,793.47,617,16,15093,2011-05-17 11:28:00
553473,254.88,216,3,18102,2011-05-17 11:28:00
553474,276.48,144,1,18102,2011-05-17 11:29:00
553475,866.4,306,5,18102,2011-05-17 11:31:00
553476,551.03,209,23,14221,2011-05-17 11:41:00
553477,319.21000000000004,183,17,14239,2011-05-17 11:46:00
553484,298.6,162,4,14513,2011-05-17 12:21:00
553485,320.23,179,30,13208,2011-05-17 12:25:00
553487,562.88,341,34,13246,2011-05-17 12:38:00
553488,133.68,72,29,18043,2011-05-17 12:40:00
553489,467.43,314,29,15730,2011-05-17 12:43:00
553490,155.93,149,13,13309,2011-05-17 12:44:00
553491,127.5,66,8,15624,2011-05-17 12:44:00
553496,122.2,20,6,14410,2011-05-17 12:47:00
553497,75.8,14,3,14410,2011-05-17 12:49:00
553498,302.1,150,6,17504,2011-05-17 12:56:00
553499,210.35000000000002,65,5,17504,2011-05-17 12:57:00
553500,39.0,12,1,17504,2011-05-17 12:58:00
553501,9.9,2,1,17504,2011-05-17 12:59:00
553503,111.14,56,23,14606,2011-05-17 13:20:00
553504,407.47,161,25,13310,2011-05-17 13:26:00
553505,677.8,350,38,12949,2011-05-17 13:27:00
553506,38.6,20,2,12949,2011-05-17 13:29:00
553507,215.15,94,29,17220,2011-05-17 13:35:00
553509,194.38,175,27,17220,2011-05-17 13:44:00
553515,139.19,68,19,17515,2011-05-17 14:03:00
553520,100.08,39,16,17238,2011-05-17 14:32:00
553522,274.29,188,49,15005,2011-05-17 14:43:00
553524,247.29,75,31,15570,2011-05-17 14:46:00
553525,127.28999999999999,99,8,16266,2011-05-17 14:50:00
553526,131.0,32,15,16266,2011-05-17 14:54:00
553527,1069.47,509,53,15123,2011-05-17 14:57:00
553537,303.17,179,17,14032,2011-05-17 15:25:00
553538,140.31,117,25,15855,2011-05-17 15:26:00
553540,2649.52,2316,47,17511,2011-05-17 15:32:00
553546,11924.800000000001,8268,73,12415,2011-05-17 15:42:00
553547,760.28,530,38,12474,2011-05-17 15:48:00
553550,850.0,100,1,13631,2011-05-17 16:21:00
553551,100.0,20,1,13631,2011-05-17 16:23:00
553552,439.8,484,30,17702,2011-05-17 16:23:00
553553,417.71000000000004,170,17,16156,2011-05-17 16:32:00
553556,246.89,132,51,17530,2011-05-17 16:48:00
553559,293.0,1,1,14931,2011-05-17 17:12:00
553565,486.99,269,26,17505,2011-05-18 09:01:00
553566,389.01,106,16,12690,2011-05-18 09:09:00
553567,32.849999999999994,3,1,13592,2011-05-18 09:13:00
553570,399.21000000000004,141,21,13756,2011-05-18 09:23:00
553571,132.4,12,9,17287,2011-05-18 09:35:00
553572,591.65,255,29,18223,2011-05-18 09:37:00
553573,2.9,2,2,16446,2011-05-18 09:52:00
553574,1373.46,1710,15,16422,2011-05-18 09:59:00
553575,427.97,144,20,18260,2011-05-18 10:08:00
553576,636.1,382,14,14282,2011-05-18 10:29:00
553577,368.2,154,10,12437,2011-05-18 10:34:00
553578,356.16,136,10,13767,2011-05-18 10:39:00
553579,19.799999999999997,12,1,13767,2011-05-18 10:39:00
553585,306.90999999999997,311,25,15301,2011-05-18 10:41:00
553607,5176.12,4084,25,16684,2011-05-18 10:47:00
553612,157.9,101,6,17556,2011-05-18 10:48:00
553614,427.8,180,4,16684,2011-05-18 10:48:00
553625,822.5999999999999,348,4,16684,2011-05-18 10:50:00
553638,193.75,37,11,14180,2011-05-18 10:56:00
553650,123.36,96,6,14731,2011-05-18 11:02:00
553653,319.25,398,11,16701,2011-05-18 11:08:00
553654,205.74,162,3,13094,2011-05-18 11:08:00
553655,114.7,31,12,16775,2011-05-18 11:14:00
553657,135.98,81,39,14583,2011-05-18 11:28:00
553658,554.42,322,35,16818,2011-05-18 11:42:00
553660,177.43,141,11,14620,2011-05-18 11:58:00
553661,1384.25,534,32,13572,2011-05-18 11:59:00
553662,224.47,59,13,14758,2011-05-18 12:07:00
553663,159.65,96,17,14527,2011-05-18 12:13:00
553664,99.0,21,14,16906,2011-05-18 12:15:00
553666,112.32000000000001,74,2,12679,2011-05-18 12:18:00
553668,391.75,73,16,13993,2011-05-18 12:21:00
553670,645.5,282,16,14407,2011-05-18 12:28:00
553671,527.8,322,42,13659,2011-05-18 12:37:00
553672,397.51,159,25,15811,2011-05-18 12:44:00
553673,585.39,175,23,16814,2011-05-18 12:46:00
553674,115.60000000000001,37,2,12483,2011-05-18 12:50:00
553675,205.84,108,14,13719,2011-05-18 12:52:00
553676,647.26,566,9,16553,2011-05-18 12:57:00
553677,162.0,88,2,16553,2011-05-18 12:58:00
553678,380.91,223,24,14009,2011-05-18 13:00:00
553679,710.14,259,24,14565,2011-05-18 13:09:00
553680,198.87,77,12,13258,2011-05-18 13:11:00
553681,152.17,57,7,15410,2011-05-18 13:13:00
553682,732.4,412,5,14646,2011-05-18 13:20:00
553683,285.1,214,7,14060,2011-05-18 13:50:00
553684,550.52,248,10,16389,2011-05-18 13:55:00
553685,799.38,560,40,18097,2011-05-18 13:56:00
553686,1414.36,636,60,14911,2011-05-18 13:58:00
553689,370.26,102,7,17389,2011-05-18 14:07:00
553690,108.0,16,1,17389,2011-05-18 14:08:00
553691,870.92,438,34,15311,2011-05-18 14:08:00
553701,115.92,96,2,14463,2011-05-18 14:42:00
553702,167.64,102,40,13263,2011-05-18 14:50:00
553703,464.32,298,33,13192,2011-05-18 14:57:00
553706,302.64,174,5,13854,2011-05-18 15:23:00
553707,1026.27,469,30,16843,2011-05-18 15:26:00
553708,112.19999999999999,68,3,16843,2011-05-18 15:28:00
553709,454.34000000000003,167,15,13767,2011-05-18 15:29:00
553710,300.05,98,35,17338,2011-05-18 15:35:00
553711,538.1800000000001,128,14,13552,2011-05-18 15:39:00
553712,540.36,208,11,13552,2011-05-18 15:41:00
553713,325.4,220,2,13798,2011-05-18 15:47:00
553714,213.05,47,22,16987,2011-05-18 15:55:00
553720,236.0,72,10,13417,2011-05-18 16:26:00
553721,569.0899999999999,313,23,16570,2011-05-18 16:37:00
553722,59.099999999999994,26,4,12999,2011-05-18 16:37:00
553724,439.39,207,24,17047,2011-05-18 16:50:00
553725,310.04,145,19,17047,2011-05-18 16:51:00
553726,259.32,228,5,16681,2011-05-18 16:52:00
553727,178.35,71,7,13531,2011-05-18 16:56:00
553730,555.46,514,7,16525,2011-05-19 07:49:00
553731,722.46,419,36,12481,2011-05-19 08:26:00
553732,134.82,90,7,12481,2011-05-19 08:27:00
553733,92.10000000000001,50,5,14735,2011-05-19 08:29:00
553734,147.54,26,4,14735,2011-05-19 08:31:00
553735,36.0,20,2,14735,2011-05-19 08:32:00
553736,60.0,48,1,14735,2011-05-19 08:33:00
553737,479.65,147,15,15116,2011-05-19 08:50:00
553738,305.36,130,14,17469,2011-05-19 08:55:00
553739,1073.09,361,46,14895,2011-05-19 09:23:00
553740,127.75,65,9,16647,2011-05-19 09:31:00
553741,463.59999999999997,199,25,12520,2011-05-19 09:37:00
553742,310.5,414,6,16133,2011-05-19 09:38:00
553747,294.73,242,21,13627,2011-05-19 09:47:00
553749,253.8,100,5,13468,2011-05-19 09:59:00
553750,358.22,210,21,15660,2011-05-19 10:16:00
553751,396.86,280,21,15630,2011-05-19 10:16:00
553752,211.55,95,11,14896,2011-05-19 10:20:00
553753,259.20000000000005,112,5,12971,2011-05-19 10:22:00
553754,194.11999999999998,120,13,16175,2011-05-19 10:25:00
553755,367.2,144,1,17457,2011-05-19 10:32:00
553762,414.77,296,25,18145,2011-05-19 10:38:00
553765,171.45,75,9,17245,2011-05-19 10:43:00
553781,139.15,75,6,16008,2011-05-19 10:54:00
553828,862.89,399,30,17865,2011-05-19 11:24:00
553829,188.1,114,10,16455,2011-05-19 11:28:00
553830,155.9,182,10,17871,2011-05-19 11:32:00
553831,914.24,223,33,14442,2011-05-19 11:36:00
553832,384.58,425,27,12957,2011-05-19 11:38:00
553833,222.31,139,42,17346,2011-05-19 11:41:00
553834,696.0999999999999,162,16,15189,2011-05-19 11:47:00
553835,181.1,30,7,13529,2011-05-19 11:50:00
553836,566.18,458,19,17017,2011-05-19 12:08:00
553837,24.96,12,1,17017,2011-05-19 12:09:00
553838,561.66,434,33,12620,2011-05-19 12:10:00
553839,87.7,46,2,12897,2011-05-19 12:13:00
553842,400.88,470,20,12524,2011-05-19 12:24:00
553843,352.85,128,19,12553,2011-05-19 12:29:00
553844,437.94,422,13,13450,2011-05-19 12:36:00
553845,727.0,216,21,17675,2011-05-19 12:38:00
553846,299.45000000000005,155,9,15738,2011-05-19 12:40:00
553847,16.6,4,1,15738,2011-05-19 12:41:00
553848,284.76,156,11,17364,2011-05-19 12:50:00
553850,141.54000000000002,50,7,18075,2011-05-19 12:59:00
553852,448.83,361,29,15599,2011-05-19 13:05:00
553853,129.95000000000002,30,8,16782,2011-05-19 13:08:00
553855,310.5,78,6,15854,2011-05-19 13:16:00
553856,191.10999999999999,141,87,16813,2011-05-19 13:28:00
553859,595.7,210,53,14505,2011-05-19 13:35:00
553860,184.95,161,52,17841,2011-05-19 13:57:00
553861,314.03,135,15,13591,2011-05-19 13:58:00
553863,446.82,293,46,13418,2011-05-19 14:05:00
553864,136.78,235,23,15862,2011-05-19 14:08:00
553867,451.70000000000005,986,4,17306,2011-05-19 14:19:00
553868,189.60000000000002,48,1,16998,2011-05-19 14:24:00
553869,848.78,304,30,15394,2011-05-19 14:27:00
553870,267.55,221,11,17980,2011-05-19 14:29:00
553871,7.5,2,1,16998,2011-05-19 14:30:00
553872,343.08,164,20,13050,2011-05-19 14:35:00
553873,296.86,209,11,14859,2011-05-19 14:42:00
553874,16.5,2,1,15660,2011-05-19 14:44:00
553876,319.37,179,19,16463,2011-05-19 14:45:00
553878,347.26,142,8,14733,2011-05-19 14:56:00
553879,1223.24,558,54,15791,2011-05-19 15:15:00
553881,318.24,288,6,16966,2011-05-19 15:24:00
553882,249.3,78,3,16672,2011-05-19 15:30:00
553883,100.80000000000001,48,1,16672,2011-05-19 15:31:00
553884,202.26000000000002,47,5,12600,2011-05-19 15:36:00
553885,140.6,35,6,12601,2011-05-19 15:41:00
553886,340.5,130,13,15648,2011-05-19 15:53:00
553887,192.3,74,9,17068,2011-05-19 16:04:00
553888,300.79,351,19,15201,2011-05-19 16:09:00
553889,397.40000000000003,126,19,13405,2011-05-19 16:31:00
553891,682.4,400,12,16839,2011-05-19 16:47:00
553892,140.70000000000002,44,6,14825,2011-05-19 16:56:00
553893,323.95,137,13,17560,2011-05-19 17:13:00
553894,933.3,300,32,13658,2011-05-19 17:15:00
553895,116.5,70,7,15271,2011-05-19 17:18:00
553896,349.55,147,19,13887,2011-05-19 17:22:00
553897,267.46,113,16,14911,2011-05-19 17:23:00
553898,141.60000000000002,48,1,17389,2011-05-19 17:23:00
553899,662.21,235,23,14292,2011-05-19 17:25:00
553900,89.0,20,4,12353,2011-05-19 17:47:00
553901,936.34,284,30,14911,2011-05-19 17:48:00
553902,121.09,79,9,15809,2011-05-19 18:02:00
553907,125.43,66,7,14551,2011-05-19 18:21:00
553908,311.3,158,11,18177,2011-05-19 18:28:00
553909,163.60000000000002,45,9,12951,2011-05-19 19:00:00
553911,191.67,85,25,18168,2011-05-19 19:02:00
553912,533.57,261,22,15122,2011-05-19 19:32:00
553913,456.57,292,27,18109,2011-05-19 19:47:00
553915,587.21,283,26,18225,2011-05-19 19:51:00
553916,127.59,57,10,17166,2011-05-20 08:18:00
553917,118.55,41,6,17615,2011-05-20 08:30:00
553918,273.44,156,9,16146,2011-05-20 08:39:00
553919,1005.7,510,27,17416,2011-05-20 08:41:00
553920,381.45000000000005,115,13,15955,2011-05-20 08:57:00
553921,394.0,165,18,13376,2011-05-20 09:08:00
553922,211.73000000000002,134,11,17926,2011-05-20 09:24:00
553923,279.02,454,12,13266,2011-05-20 09:30:00
553925,373.72,140,15,15370,2011-05-20 09:38:00
553926,17.0,20,1,12955,2011-05-20 09:47:00
553927,784.92,1084,4,17381,2011-05-20 09:56:00
553928,392.4,472,2,12931,2011-05-20 10:02:00
553929,104.39999999999999,72,1,12931,2011-05-20 10:04:00
553930,392.4,218,11,13178,2011-05-20 10:22:00
553931,380.32,226,23,14911,2011-05-20 10:27:00
553932,124.8,52,8,15768,2011-05-20 10:29:00
553933,573.6600000000001,298,24,15078,2011-05-20 10:30:00
553934,38.2,22,2,15078,2011-05-20 10:31:00
553935,649.3,550,50,15856,2011-05-20 10:32:00
553936,71.4,32,4,15078,2011-05-20 10:32:00
553937,171.29,53,21,14056,2011-05-20 10:33:00
553938,115.6,38,6,14112,2011-05-20 10:35:00
553940,419.8,250,25,14112,2011-05-20 10:36:00
553941,370.45,177,21,14334,2011-05-20 10:37:00
553942,968.5,336,39,18055,2011-05-20 10:37:00
553946,691.54,333,42,15601,2011-05-20 10:48:00
553952,59.8,4,1,13391,2011-05-20 10:50:00
553978,1692.0,1000,6,16182,2011-05-20 11:03:00
553979,481.70000000000005,110,4,15694,2011-05-20 11:07:00
553996,346.4,392,20,15220,2011-05-20 11:33:00
553997,1118.3999999999999,473,14,12656,2011-05-20 11:34:00
554000,200.45999999999998,147,14,14794,2011-05-20 11:53:00
554003,504.0,256,5,13324,2011-05-20 12:17:00
554007,8.25,1,1,17961,2011-05-20 12:26:00
554008,131.7,66,8,17455,2011-05-20 12:31:00
554009,434.6,303,26,12935,2011-05-20 12:38:00
554013,814.95,519,26,13308,2011-05-20 13:13:00
554014,94.39999999999999,104,7,13856,2011-05-20 13:13:00
554015,400.0,225,27,17644,2011-05-20 13:14:00
554016,585.12,232,56,13243,2011-05-20 13:14:00
554018,79.3,34,5,17644,2011-05-20 13:15:00
554019,455.82000000000005,228,22,17591,2011-05-20 13:16:00
554026,648.72,376,6,13324,2011-05-20 13:34:00
554027,194.4,94,9,15260,2011-05-20 13:40:00
554028,809.9200000000001,240,23,15410,2011-05-20 13:43:00
554030,718.64,454,45,16497,2011-05-20 13:56:00
554031,144.38,85,8,16497,2011-05-20 13:58:00
554032,130.8,24,1,13824,2011-05-20 14:04:00
554033,477.86,338,20,16187,2011-05-20 14:06:00
554034,208.79999999999998,144,3,13324,2011-05-20 14:06:00
554035,63.9,26,4,16187,2011-05-20 14:07:00
554036,288.98,138,11,13767,2011-05-20 14:11:00
554037,766.3599999999999,316,3,12415,2011-05-20 14:13:00
554038,294.72,128,13,12775,2011-05-20 14:23:00
554039,770.5,705,29,15095,2011-05-20 14:27:00
554040,362.19,217,17,15290,2011-05-20 14:35:00
554041,15.0,12,1,16226,2011-05-20 14:41:00
554042,154.73,128,11,15237,2011-05-20 14:47:00
554043,77.75,8,5,16832,2011-05-20 14:47:00
554050,168.49,123,6,18048,2011-05-20 14:54:00
554051,118.80000000000001,24,1,16696,2011-05-20 14:56:00
554052,3.8,4,1,18048,2011-05-20 14:58:00
554053,143.6,140,5,14282,2011-05-20 15:08:00
554055,303.46000000000004,258,5,18198,2011-05-20 15:39:00
554057,578.5500000000001,291,4,17867,2011-05-20 15:52:00
554058,213.07,115,35,17757,2011-05-20 16:04:00
554059,458.94,356,26,14388,2011-05-20 16:25:00
554060,380.0,200,1,18008,2011-05-20 16:55:00
554061,17.0,20,1,18008,2011-05-20 16:56:00
554062,374.59999999999997,276,20,13654,2011-05-22 10:21:00
554063,300.0,48,1,13631,2011-05-22 10:27:00
554064,183.60000000000002,24,2,14195,2011-05-22 10:29:00
554065,765.28,488,27,18287,2011-05-22 10:39:00
554066,794.75,227,20,12916,2011-05-22 10:40:00
554067,227.57999999999998,140,14,18150,2011-05-22 10:47:00
554068,86.5,46,5,16690,2011-05-22 10:53:00
554069,508.11,215,30,15281,2011-05-22 10:57:00
554070,976.12,405,30,13555,2011-05-22 11:06:00
554071,1961.05,285,7,13113,2011-05-22 11:17:00
554072,613.93,463,25,13555,2011-05-22 11:24:00
554073,117.66,90,8,17007,2011-05-22 11:26:00
554074,184.55,81,13,13230,2011-05-22 11:28:00
554075,316.95,187,19,16038,2011-05-22 11:29:00
554076,369.76,210,26,16556,2011-05-22 11:30:00
554077,145.9,42,9,13972,2011-05-22 11:34:00
554078,40.56,24,1,12971,2011-05-22 11:38:00
554079,313.59000000000003,144,46,14546,2011-05-22 11:41:00
554080,230.60999999999999,184,48,16931,2011-05-22 11:42:00
554081,257.7,99,9,13227,2011-05-22 11:47:00
554082,219.96,151,20,14878,2011-05-22 11:49:00
554083,212.93,190,46,18125,2011-05-22 11:51:00
554084,624.92,188,21,12909,2011-05-22 11:52:00
554085,182.6,94,11,16945,2011-05-22 11:53:00
554086,134.5,74,9,16945,2011-05-22 11:54:00
554087,276.12,168,5,13946,2011-05-22 12:03:00
554088,488.43,265,17,16801,2011-05-22 12:12:00
554089,475.19,199,40,13527,2011-05-22 12:16:00
554090,117.93,72,13,17315,2011-05-22 12:22:00
554091,152.34,132,9,13657,2011-05-22 12:35:00
554092,306.13,170,15,17176,2011-05-22 12:41:00
554093,492.26,338,30,14837,2011-05-22 12:49:00
554094,240.08,112,35,15716,2011-05-22 12:49:00
554095,20.8,32,1,14682,2011-05-22 12:51:00
554096,903.01,631,53,14921,2011-05-22 12:51:00
554097,705.21,234,35,12567,2011-05-22 13:01:00
554098,2454.11,1562,249,14769,2011-05-22 13:01:00
554099,797.65,534,29,16341,2011-05-22 13:20:00
554101,223.7,120,11,13549,2011-05-22 13:29:00
554102,236.04000000000002,91,24,14647,2011-05-22 13:40:00
554103,379.40999999999997,373,76,15555,2011-05-22 13:51:00
554104,984.85,582,53,12705,2011-05-22 14:03:00
554105,211.81,110,35,14711,2011-05-22 14:04:00
554106,718.96,386,44,12710,2011-05-22 14:05:00
554107,205.7,46,5,16249,2011-05-22 14:09:00
554108,315.96,168,22,13668,2011-05-22 14:29:00
554109,205.5,64,10,12682,2011-05-22 14:33:00
554110,111.4,32,5,13468,2011-05-22 14:35:00
554111,114.60000000000001,42,6,15724,2011-05-22 14:40:00
554112,297.9,174,74,17611,2011-05-22 14:44:00
554113,403.23,215,24,16700,2011-05-22 14:53:00
554114,178.39,55,24,15292,2011-05-22 15:00:00
554115,92.7,34,3,15938,2011-05-22 15:03:00
554116,147.86,52,12,14514,2011-05-22 15:11:00
554117,893.37,832,46,13758,2011-05-22 15:12:00
554118,238.98,190,14,16592,2011-05-22 15:26:00
554119,53.8,16,2,16592,2011-05-22 15:27:00
554120,57.3,30,3,16592,2011-05-22 15:28:00
554121,142.65,71,9,17690,2011-05-22 15:31:00
554122,143.1,62,6,15705,2011-05-22 15:37:00
554123,171.82,76,10,16818,2011-05-22 15:44:00
554124,860.12,326,54,13339,2011-05-23 08:31:00
554125,399.15,159,23,13885,2011-05-23 08:52:00
554126,472.09,231,17,12431,2011-05-23 09:14:00
554129,306.34000000000003,326,16,14189,2011-05-23 09:39:00
554130,204.0,24,1,17949,2011-05-23 09:42:00
554131,725.02,343,31,13988,2011-05-23 09:43:00
554132,1083.58,434,45,12360,2011-05-23 09:43:00
554134,421.96,306,20,12583,2011-05-23 09:48:00
554135,92.92,44,5,12877,2011-05-23 09:58:00
554137,371.95,163,19,12708,2011-05-23 10:13:00
554138,35.400000000000006,12,1,14239,2011-05-23 10:21:00
554139,1007.75,401,52,14911,2011-05-23 10:34:00
554141,51.36,72,4,14189,2011-05-23 10:34:00
554142,471.6,136,12,15288,2011-05-23 10:38:00
554146,156.6,45,7,13479,2011-05-23 10:45:00
554147,333.82,161,22,12423,2011-05-23 10:48:00
554151,1989.73,1251,141,14049,2011-05-23 11:07:00
554155,1241.98,1,1,12757,2011-05-23 11:26:00
554156,366.0,184,3,13798,2011-05-23 11:28:00
554157,85.22,55,32,18283,2011-05-23 11:33:00
554158,465.43,427,40,15563,2011-05-23 11:44:00
554159,147.0,14,4,12464,2011-05-23 11:48:00
554160,317.19,178,79,17841,2011-05-23 11:49:00
554161,34.0,4,2,12464,2011-05-23 11:49:00
554162,397.78,454,12,16722,2011-05-23 11:52:00
554163,183.26,52,23,14573,2011-05-23 11:52:00
554164,398.05,229,5,14364,2011-05-23 11:58:00
554181,486.7,165,20,13078,2011-05-23 12:09:00
554202,182.26,107,26,13546,2011-05-23 12:14:00
554207,1.95,1,1,14573,2011-05-23 12:15:00
554261,256.98,89,40,16033,2011-05-23 12:32:00
554262,326.4,384,1,17715,2011-05-23 12:32:00
554263,7.800000000000001,12,1,12474,2011-05-23 12:32:00
554264,138.2,84,5,15602,2011-05-23 12:35:00
554268,638.24,369,27,15311,2011-05-23 12:59:00
554269,62.4,40,4,13223,2011-05-23 13:03:00
554270,439.52,260,26,15046,2011-05-23 13:05:00
554271,1733.8500000000001,1479,14,16422,2011-05-23 13:06:00
554272,2843.6,3863,6,12901,2011-05-23 13:08:00
554274,113.55,19,6,16266,2011-05-23 13:12:00
554275,686.47,406,91,14903,2011-05-23 13:17:00
554277,127.2,120,1,12901,2011-05-23 13:20:00
554278,374.15,155,51,13831,2011-05-23 13:25:00
554279,415.00000000000006,100,1,17723,2011-05-23 13:28:00
554280,529.5500000000001,281,29,14817,2011-05-23 13:35:00
554281,318.55,147,19,18160,2011-05-23 13:41:00
554282,1742.8,848,6,15769,2011-05-23 14:01:00
554283,1044.54,494,54,17686,2011-05-23 14:11:00
554284,12.64,16,1,17686,2011-05-23 14:14:00
554286,386.96,97,18,17686,2011-05-23 14:16:00
554289,306.96,199,12,15434,2011-05-23 14:18:00
554301,1241.98,1,1,12757,2011-05-23 14:46:00
554305,557.72,1,1,12757,2011-05-23 14:58:00
554306,578.6500000000001,133,11,15734,2011-05-23 14:59:00
554307,457.68,280,5,12989,2011-05-23 14:59:00
554309,241.20000000000002,144,2,12989,2011-05-23 15:00:00
554315,308.61,139,10,16086,2011-05-23 15:29:00
554322,109.8,180,4,17512,2011-05-23 15:33:00
554323,320.52,247,23,16729,2011-05-23 15:33:00
554324,146.8,31,4,12712,2011-05-23 15:38:00
554325,495.1,245,21,12621,2011-05-23 15:38:00
554326,339.59999999999997,125,29,13737,2011-05-23 16:32:00
554329,379.40000000000003,92,11,15796,2011-05-23 16:52:00
554337,259.9,94,12,17920,2011-05-23 17:25:00
554347,720.4,459,24,16523,2011-05-24 08:21:00
554348,1695.54,438,66,13523,2011-05-24 08:49:00
554349,278.78000000000003,196,17,14191,2011-05-24 08:49:00
554350,106.75,25,6,13523,2011-05-24 08:51:00
554351,176.1,118,6,15132,2011-05-24 08:53:00
554353,1541.16,636,15,14258,2011-05-24 09:10:00
554354,39.900000000000006,62,2,15987,2011-05-24 09:12:00
554355,249.55,128,15,16992,2011-05-24 09:20:00
554356,393.34,210,13,12670,2011-05-24 09:25:00
554357,353.34000000000003,906,1,15987,2011-05-24 09:26:00
554358,2825.3999999999996,828,2,17450,2011-05-24 09:32:00
554359,301.55,207,18,13590,2011-05-24 09:56:00
554362,150.35,43,15,17811,2011-05-24 10:17:00
554363,293.25,121,15,12647,2011-05-24 10:19:00
554364,264.0,124,2,16029,2011-05-24 10:21:00
554365,688.0600000000001,350,28,13089,2011-05-24 10:22:00
554366,9468.48,3084,4,17450,2011-05-24 10:24:00
554367,237.15,159,10,13089,2011-05-24 10:24:00
554368,257.39,117,13,13267,2011-05-24 10:33:00
554369,9.959999999999999,12,1,13267,2011-05-24 10:34:00
554370,62.099999999999994,30,3,13267,2011-05-24 10:35:00
554371,595.29,451,28,17659,2011-05-24 10:42:00
554372,301.14,142,19,13842,2011-05-24 10:50:00
554375,245.92,163,17,18044,2011-05-24 11:29:00
554376,491.71999999999997,273,77,15719,2011-05-24 11:31:00
554379,339.7,100,5,14047,2011-05-24 11:35:00
554380,580.36,104,12,16709,2011-05-24 11:45:00
554381,133.8,28,3,16709,2011-05-24 11:46:00
554382,609.28,510,60,17365,2011-05-24 11:55:00
554392,211.5,68,19,14534,2011-05-24 12:04:00
554415,747.24,298,36,18202,2011-05-24 12:10:00
554421,164.02,86,9,18202,2011-05-24 12:12:00
554424,138.87,35,14,14527,2011-05-24 12:14:00
554441,320.48,182,21,13213,2011-05-24 12:22:00
554465,300.8,170,18,13534,2011-05-24 12:36:00
554483,593.25,231,21,13771,2011-05-24 12:57:00
554484,302.88,156,4,13854,2011-05-24 13:02:00
554485,37.45,3,2,18018,2011-05-24 13:22:00
554487,146.5,68,29,16919,2011-05-24 13:27:00
554489,751.76,497,38,17272,2011-05-24 13:46:00
554490,236.94,104,14,17058,2011-05-24 13:50:00
554491,99.83,62,28,14606,2011-05-24 13:50:00
554492,131.43,46,11,13168,2011-05-24 13:56:00
554494,729.07,402,75,16327,2011-05-24 14:00:00
554495,3.75,1,1,17961,2011-05-24 14:18:00
554496,452.0,208,5,18173,2011-05-24 14:25:00
554497,537.5,392,36,15819,2011-05-24 14:38:00
554498,327.97,313,24,15314,2011-05-24 14:39:00
554502,124.68,26,6,14289,2011-05-24 14:47:00
554503,337.92,128,8,14163,2011-05-24 15:06:00
554504,304.4,130,17,17719,2011-05-24 15:13:00
554505,159.56,116,8,17521,2011-05-24 15:14:00
554506,15.18,26,2,14083,2011-05-24 15:22:00
554507,317.16,228,13,15513,2011-05-24 15:29:00
554508,94.80000000000001,24,2,13213,2011-05-24 15:33:00
554509,113.73,48,26,17375,2011-05-24 15:45:00
554510,336.6,36,5,17389,2011-05-24 15:51:00
554513,342.46,250,12,14057,2011-05-24 15:56:00
554515,135.93,30,5,15042,2011-05-24 16:25:00
554520,468.01,137,48,17841,2011-05-24 17:03:00
554524,17.4,12,1,14738,2011-05-24 17:18:00
554534,50.0,40,1,16923,2011-05-24 17:34:00
554542,499.08,260,19,15194,2011-05-25 08:32:00
554543,157.25,83,10,16091,2011-05-25 09:18:00
554545,219.78,207,13,13102,2011-05-25 09:35:00
554547,79.56,48,4,13102,2011-05-25 09:37:00
554549,328.34999999999997,145,14,12747,2011-05-25 09:57:00
554552,2044.8400000000001,1196,8,13694,2011-05-25 09:58:00
554554,262.54999999999995,187,3,13694,2011-05-25 10:02:00
554555,267.12,182,11,12437,2011-05-25 10:08:00
554556,829.63,597,27,13098,2011-05-25 10:11:00
554557,525.36,314,34,15804,2011-05-25 10:12:00
554560,424.0,116,21,13317,2011-05-25 10:35:00
554561,207.3,76,10,13317,2011-05-25 10:35:00
554570,152.35,35,10,13728,2011-05-25 10:53:00
554579,469.0,92,7,18229,2011-05-25 10:56:00
554597,326.52,348,9,15140,2011-05-25 11:01:00
554598,260.04,139,51,13263,2011-05-25 11:12:00
554603,219.76999999999998,39,23,14593,2011-05-25 11:14:00
554617,119.82,79,38,14593,2011-05-25 11:21:00
554628,659.35,299,52,15039,2011-05-25 11:26:00
554629,135.14000000000001,106,6,15882,2011-05-25 11:34:00
554630,296.32,447,39,13268,2011-05-25 11:34:00
554631,9.899999999999999,6,1,15882,2011-05-25 11:35:00
554632,66.0,72,3,14287,2011-05-25 11:41:00
554633,17.28,144,1,14287,2011-05-25 11:44:00
554635,117.75000000000001,37,7,13069,2011-05-25 11:45:00
554636,611.85,319,23,16763,2011-05-25 11:52:00
554637,206.46,110,12,14688,2011-05-25 11:58:00
554638,196.9,102,28,14810,2011-05-25 11:59:00
554639,163.2,192,1,17955,2011-05-25 12:00:00
554640,1126.6,396,8,14680,2011-05-25 12:06:00
554641,123.3,58,2,17770,2011-05-25 12:06:00
554642,1392.0,960,1,14646,2011-05-25 12:19:00
554643,792.62,277,11,16133,2011-05-25 12:28:00
554644,712.6899999999999,463,28,15311,2011-05-25 12:34:00
554645,52.9,30,5,17770,2011-05-25 12:34:00
554646,124.25,40,8,17790,2011-05-25 12:39:00
554647,179.0,100,1,14705,2011-05-25 12:39:00
554648,444.96000000000004,183,21,12562,2011-05-25 12:44:00
554649,79.19999999999999,48,1,16133,2011-05-25 12:46:00
554650,568.74,377,30,12681,2011-05-25 12:54:00
554651,752.2099999999999,261,27,12779,2011-05-25 12:55:00
554654,615.36,239,31,12815,2011-05-25 13:34:00
554655,367.28000000000003,192,6,12924,2011-05-25 13:35:00
554656,230.55,85,9,17663,2011-05-25 13:36:00
554658,306.88,286,23,12839,2011-05-25 14:18:00
554663,172.24,171,37,14985,2011-05-25 14:29:00
554664,76.8,40,3,14397,2011-05-25 14:40:00
554665,349.94,254,16,14336,2011-05-25 14:44:00
554666,371.3,180,14,13599,2011-05-25 14:54:00
554667,374.82000000000005,214,14,15727,2011-05-25 15:18:00
554668,317.59999999999997,174,13,18226,2011-05-25 15:19:00
554669,480.96,449,36,15203,2011-05-25 15:31:00
554670,77.52,26,5,18044,2011-05-25 15:47:00
554671,314.7,142,18,14009,2011-05-25 15:47:00
554672,387.1,188,20,14415,2011-05-25 15:54:00
554674,278.63,168,7,14522,2011-05-25 16:01:00
554682,311.5,170,46,14085,2011-05-25 16:08:00
554684,182.99,76,19,16448,2011-05-25 16:28:00
554695,213.22,107,24,16161,2011-05-25 17:12:00
554697,220.38,104,29,14584,2011-05-25 17:31:00
554698,301.35,199,11,16678,2011-05-26 08:38:00
554699,501.83000000000004,194,22,12613,2011-05-26 09:17:00
554700,139.03,79,6,12613,2011-05-26 09:18:00
554701,144.8,24,8,12974,2011-05-26 09:33:00
554702,385.81,257,25,15805,2011-05-26 09:45:00
554703,48.1,18,2,15281,2011-05-26 10:03:00
554704,418.95,115,21,15658,2011-05-26 10:09:00
554705,364.38,126,5,12910,2011-05-26 10:12:00
554706,57.900000000000006,26,2,12910,2011-05-26 10:13:00
554707,1090.76,476,6,14101,2011-05-26 10:15:00
554708,291.0,130,17,16449,2011-05-26 10:25:00
554709,1086.0,600,3,15769,2011-05-26 10:35:00
554710,537.0,300,1,15769,2011-05-26 10:37:00
554711,123.05,40,8,12654,2011-05-26 10:41:00
554712,546.88,218,22,16873,2011-05-26 10:43:00
554713,48.099999999999994,34,3,12654,2011-05-26 10:43:00
554718,137.77,35,8,12942,2011-05-26 11:16:00
554756,75.0,32,3,16837,2011-05-26 11:36:00
554762,320.5,148,17,16837,2011-05-26 11:37:00
554765,341.6,131,22,16837,2011-05-26 11:38:00
554770,482.44,305,26,14911,2011-05-26 11:40:00
554776,5.8,4,1,14911,2011-05-26 11:43:00
554787,107.67,48,15,16356,2011-05-26 11:51:00
554788,304.3,108,14,12987,2011-05-26 12:00:00
554789,426.96,528,6,16966,2011-05-26 12:07:00
554791,5.8,4,1,14911,2011-05-26 12:12:00
554792,48.4,25,2,12547,2011-05-26 12:38:00
554794,215.51999999999998,186,15,12720,2011-05-26 12:41:00
554795,316.8,108,17,14210,2011-05-26 12:46:00
554798,610.5999999999999,284,9,15189,2011-05-26 12:52:00
554808,329.01,154,57,17059,2011-05-26 13:01:00
554809,196.73000000000002,92,11,16838,2011-05-26 13:13:00
554810,271.85,5,4,14816,2011-05-26 13:16:00
554812,252.32999999999998,171,39,15005,2011-05-26 13:21:00
554813,103.21000000000001,38,21,15852,2011-05-26 13:26:00
554814,895.44,342,42,16609,2011-05-26 13:34:00
554815,589.78,254,4,13798,2011-05-26 13:46:00
554816,100.44,22,9,17550,2011-05-26 14:01:00
554817,302.8,68,16,15622,2011-05-26 14:08:00
554818,292.6,224,6,13199,2011-05-26 14:09:00
554819,10.5,5,5,17550,2011-05-26 14:09:00
554820,107.4,44,5,15622,2011-05-26 14:09:00
554821,67.88,52,3,13199,2011-05-26 14:09:00
554822,210.8,76,12,12937,2011-05-26 14:17:00
554823,426.43,196,21,16624,2011-05-26 14:20:00
554824,401.82,197,16,15785,2011-05-26 14:21:00
554825,309.41,163,16,16843,2011-05-26 14:45:00
554826,232.5,88,12,12493,2011-05-26 14:53:00
554827,8980.88,4664,50,14646,2011-05-26 15:19:00
554832,282.86,234,17,16092,2011-05-26 15:30:00
554834,327.59999999999997,168,2,17416,2011-05-26 15:35:00
554835,201.97,172,14,15241,2011-05-26 16:11:00
554836,783.67,238,30,13015,2011-05-26 16:25:00
554837,254.42000000000002,79,23,14584,2011-05-26 16:30:00
554838,107.85000000000001,57,8,18232,2011-05-26 16:30:00
554839,374.29,126,49,14056,2011-05-26 17:15:00
554840,398.0,426,13,12684,2011-05-26 17:16:00
554842,555.71,251,34,14740,2011-05-26 18:17:00
554843,330.42,590,16,13911,2011-05-26 19:13:00
554844,63.0,28,3,18073,2011-05-26 19:38:00
554845,5518.68,2140,8,17450,2011-05-26 19:49:00
554850,388.18,158,6,17739,2011-05-27 09:15:00
554853,366.56,294,7,16839,2011-05-27 09:32:00
554854,354.45,199,15,16369,2011-05-27 09:39:00
554855,179.8,286,13,15172,2011-05-27 09:48:00
554858,222.18,120,13,17042,2011-05-27 10:15:00
554859,1063.8400000000001,508,9,14828,2011-05-27 10:16:00
554860,548.39,229,28,15249,2011-05-27 10:20:00
554861,716.73,342,38,12633,2011-05-27 10:29:00
554865,134.04,52,8,14280,2011-05-27 10:37:00
554866,493.27,291,24,13488,2011-05-27 10:41:00
554868,3096.0,4300,1,13135,2011-05-27 10:52:00
554869,338.28000000000003,408,5,16525,2011-05-27 10:55:00
554906,670.61,369,39,14194,2011-05-27 11:41:00
554915,325.6,88,5,16133,2011-05-27 12:23:00
554916,82.79,46,11,17345,2011-05-27 12:26:00
554917,618.9,415,39,15104,2011-05-27 12:29:00
554918,42.59,15,10,17345,2011-05-27 12:29:00
554919,537.0,300,3,13225,2011-05-27 12:38:00
554920,559.87,336,33,16275,2011-05-27 12:41:00
554921,411.59999999999997,56,2,13854,2011-05-27 12:44:00
554922,316.1,110,8,14735,2011-05-27 12:47:00
554923,89.7,22,2,14735,2011-05-27 12:48:00
554924,12.850000000000001,4,2,12748,2011-05-27 12:54:00
554927,191.4,68,10,16726,2011-05-27 13:00:00
554929,366.87,313,27,13018,2011-05-27 13:16:00
554930,252.0,600,1,15939,2011-05-27 13:17:00
554932,76.5,6,1,12999,2011-05-27 13:24:00
554933,251.71,172,39,13232,2011-05-27 13:26:00
554934,65.9,18,3,12971,2011-05-27 13:29:00
554935,579.97,334,30,14338,2011-05-27 13:30:00
554936,100.19999999999999,84,3,12971,2011-05-27 13:30:00
554937,440.99,431,28,15402,2011-05-27 13:32:00
554938,726.43,651,34,12876,2011-05-27 13:34:00
554939,373.03999999999996,328,18,15311,2011-05-27 13:49:00
554940,403.09000000000003,157,21,12494,2011-05-27 13:49:00
554941,127.19,58,16,16016,2011-05-27 13:53:00
554942,150.07999999999998,105,40,17841,2011-05-27 14:01:00
554943,556.3,258,4,13798,2011-05-27 14:10:00
554944,178.08,168,2,18073,2011-05-27 14:12:00
554946,379.82,290,17,18242,2011-05-27 14:22:00
554947,100.48,97,3,12748,2011-05-27 14:29:00
554948,336.03000000000003,177,24,14447,2011-05-27 14:29:00
554949,327.66,130,15,14092,2011-05-27 14:44:00
554950,797.48,448,46,14227,2011-05-27 14:48:00
554951,207.50000000000003,50,1,16323,2011-05-27 14:48:00
554952,81.0,30,2,14227,2011-05-27 14:48:00
554953,17.4,12,1,14227,2011-05-27 14:49:00
554954,179.67000000000002,87,9,14227,2011-05-27 14:50:00
554955,120.7,56,6,17412,2011-05-27 14:55:00
554963,314.1,80,19,14625,2011-05-27 15:32:00
554964,251.05,207,38,15867,2011-05-27 15:57:00
554965,67.15,17,2,14560,2011-05-27 16:00:00
554966,146.4,48,4,16034,2011-05-27 16:17:00
554968,94.41,21,14,17961,2011-05-27 16:24:00
554969,178.74,42,10,14976,2011-05-27 16:30:00
554974,1100.55,337,26,14031,2011-05-27 17:14:00
554975,843.0600000000001,314,10,17819,2011-05-29 10:40:00
554976,320.35,193,22,15046,2011-05-29 10:57:00
554977,121.0,61,19,16444,2011-05-29 11:03:00
554978,350.06,250,30,16889,2011-05-29 11:05:00
554979,161.58,125,36,16931,2011-05-29 11:34:00
554980,45.55,13,6,17613,2011-05-29 11:59:00
554981,410.09000000000003,207,49,17613,2011-05-29 12:06:00
554982,1155.6,271,4,17152,2011-05-29 12:16:00
554984,218.0,40,2,17152,2011-05-29 12:19:00
554985,582.73,258,30,12426,2011-05-29 12:26:00
554986,360.0,204,52,14451,2011-05-29 12:35:00
554987,68.65,16,14,14823,2011-05-29 12:48:00
554988,119.71000000000001,145,6,15897,2011-05-29 13:32:00
554989,88.88,78,15,15897,2011-05-29 13:50:00
554990,308.03999999999996,520,9,16567,2011-05-29 13:57:00
554991,142.0,32,32,14823,2011-05-29 14:03:00
554992,366.04,399,67,16686,2011-05-29 14:08:00
554993,240.89000000000001,179,40,17051,2011-05-29 14:13:00
554994,144.06,71,44,14606,2011-05-29 14:18:00
554995,161.71,82,16,18109,2011-05-29 14:23:00
554996,194.4,92,16,16407,2011-05-29 14:28:00
554997,321.96000000000004,226,18,16746,2011-05-29 15:35:00
554998,207.15,93,12,15925,2011-05-29 15:35:00
554999,407.43,198,55,15547,2011-05-29 15:44:00
555000,263.13,113,16,18232,2011-05-31 08:03:00
555001,185.22000000000003,114,4,16566,2011-05-31 08:32:00
555002,350.12,180,17,17682,2011-05-31 08:50:00
555003,158.1,65,8,12787,2011-05-31 09:36:00
555004,105.35,53,7,13549,2011-05-31 09:37:00
555005,1093.44,1240,8,16656,2011-05-31 09:38:00
555007,208.79999999999998,144,2,13694,2011-05-31 09:52:00
555008,382.70000000000005,66,2,17061,2011-05-31 10:24:00
555009,607.74,294,22,17340,2011-05-31 10:32:00
555010,213.12,144,1,17450,2011-05-31 10:38:00
555011,75.0,20,4,16168,2011-05-31 10:43:00
555012,390.43,230,25,16814,2011-05-31 10:43:00
555015,613.54,471,41,16558,2011-05-31 10:45:00
555016,792.5,258,9,13113,2011-05-31 11:09:00
555017,213.05,27,9,16801,2011-05-31 11:14:00
555025,474.02,114,26,17648,2011-05-31 11:21:00
555028,49.5,6,3,17648,2011-05-31 11:22:00
555070,9.2,2,2,15863,2011-05-31 11:36:00
555073,129.32,71,20,16470,2011-05-31 11:39:00
555075,382.5,150,1,16013,2011-05-31 12:05:00
555076,374.87,275,26,13900,2011-05-31 12:11:00
555077,147.48,44,9,17975,2011-05-31 12:42:00
555091,165.86,90,28,12748,2011-05-31 12:50:00
555092,139.35,44,19,16483,2011-05-31 13:08:00
555093,74.96,32,4,12720,2011-05-31 13:15:00
555094,457.34,281,26,13398,2011-05-31 13:17:00
555095,1306.49,608,47,12540,2011-05-31 13:32:00
555096,458.84,203,18,12682,2011-05-31 13:32:00
555097,177.60000000000002,96,1,16333,2011-05-31 13:38:00
555098,310.8,168,1,16333,2011-05-31 13:39:00
555099,844.0,1720,3,16333,2011-05-31 13:39:00
555101,228.8,110,9,13070,2011-05-31 13:45:00
555102,84.72,48,3,14819,2011-05-31 13:50:00
555103,104.0,50,5,17454,2011-05-31 13:58:00
555104,816.0,96,1,17949,2011-05-31 14:02:00
555106,324.92,166,21,12790,2011-05-31 14:14:00
555107,587.45,267,23,12594,2011-05-31 14:14:00
555108,659.52,165,41,18231,2011-05-31 14:18:00
555109,322.85,175,41,16023,2011-05-31 14:19:00
555110,190.21,154,64,17841,2011-05-31 14:34:00
555111,201.26999999999998,123,11,16434,2011-05-31 14:37:00
555112,314.47,201,16,17725,2011-05-31 14:48:00
555113,113.0,38,6,18190,2011-05-31 14:48:00
555114,120.59,107,15,13571,2011-05-31 14:55:00
555116,317.3,173,29,16919,2011-05-31 15:16:00
555119,155.0,48,10,15163,2011-05-31 15:22:00
555124,540.98,387,84,18204,2011-05-31 15:26:00
555125,313.71000000000004,165,17,13481,2011-05-31 15:26:00
555127,368.1,294,21,15241,2011-05-31 15:30:00
555133,309.54,114,15,16810,2011-05-31 15:32:00
555147,906.4,364,42,13505,2011-05-31 15:41:00
555156,39.45,7,2,15643,2011-06-01 07:37:00
555157,287.45,63,8,15643,2011-06-01 07:38:00
555158,1378.48,628,76,14842,2011-06-01 08:38:00
555159,90.75,89,9,15124,2011-06-01 09:06:00
555160,1799.6,1038,13,14646,2011-06-01 09:18:00
555161,84.92,57,5,12423,2011-06-01 09:26:00
555162,661.6899999999999,532,34,12473,2011-06-01 10:15:00
555164,3623.2,1836,13,14646,2011-06-01 10:24:00
555194,588.36,524,7,16422,2011-06-01 11:13:00
555195,416.28000000000003,245,20,15240,2011-06-01 11:27:00
555198,113.35,65,9,15916,2011-06-01 11:52:00
555199,109.36999999999999,57,29,14606,2011-06-01 12:05:00
555200,262.61,177,13,17315,2011-06-01 12:05:00
555201,397.36,388,27,16969,2011-06-01 12:10:00
555202,110.55,66,33,16813,2011-06-01 12:11:00
555203,354.82,160,36,17191,2011-06-01 12:13:00
555207,421.73,253,24,16818,2011-06-01 12:19:00
555213,152.64000000000001,144,2,13094,2011-06-01 12:22:00
555232,165.1,118,3,14597,2011-06-01 12:33:00
555233,65.38,38,5,13917,2011-06-01 12:46:00
555234,340.25,194,14,14515,2011-06-01 12:54:00
555240,213.86,151,31,15039,2011-06-01 13:07:00
555241,302.45,95,7,14377,2011-06-01 13:32:00
555242,133.56,88,5,16424,2011-06-01 13:40:00
555243,153.3,78,7,13475,2011-06-01 13:52:00
555245,198.46,198,30,14800,2011-06-01 14:12:00
555247,325.8,128,10,14315,2011-06-01 14:42:00
555249,259.27,169,60,17472,2011-06-01 14:57:00
555251,346.98,343,11,13062,2011-06-01 15:12:00
555257,541.95,818,43,17596,2011-06-01 15:28:00
555259,90.6,44,2,13069,2011-06-01 15:31:00
555260,161.87,81,36,13263,2011-06-01 15:34:00
555263,422.99,441,25,15192,2011-06-01 15:47:00
555264,122.74000000000001,64,17,17757,2011-06-01 16:03:00
555266,100.6,12,3,15611,2011-06-01 16:12:00
555270,415.00000000000006,100,1,17723,2011-06-01 16:23:00
555279,127.62,66,27,16348,2011-06-01 17:42:00
555280,233.92,135,11,17162,2011-06-02 09:02:00
555281,47.75,6,3,17162,2011-06-02 09:03:00
555282,1225.26,653,42,12709,2011-06-02 09:04:00
555283,64.3,42,4,17162,2011-06-02 09:04:00
555284,3056.7200000000003,3280,105,14298,2011-06-02 09:37:00
555285,362.7,186,1,14298,2011-06-02 09:38:00
555286,51.0,36,2,14298,2011-06-02 09:40:00
555287,214.94,146,5,14298,2011-06-02 09:42:00
555289,345.7,188,14,15078,2011-06-02 10:00:00
555312,285.7,152,18,16484,2011-06-02 10:39:00
555340,1071.4,514,84,13334,2011-06-02 11:33:00
555343,192.23,87,18,15918,2011-06-02 11:42:00
555344,1541.98,845,30,15311,2011-06-02 11:45:00
555347,311.14,189,19,14389,2011-06-02 12:04:00
555348,235.23000000000002,73,20,15184,2011-06-02 12:06:00
555349,294.69,262,31,16729,2011-06-02 12:08:00
555350,811.36,388,49,17652,2011-06-02 12:08:00
555351,397.8,212,7,13408,2011-06-02 12:37:00
555352,2105.98,1110,11,15838,2011-06-02 12:46:00
555353,156.2,118,12,16928,2011-06-02 13:22:00
555356,352.8,96,4,16672,2011-06-02 13:29:00
555359,109.82000000000001,88,9,18135,2011-06-02 14:04:00
555363,119.93,49,22,14453,2011-06-02 14:15:00
555367,79.8,49,4,17900,2011-06-02 14:28:00
555368,1440.9,398,80,13437,2011-06-02 14:30:00
555381,32.4,24,2,17900,2011-06-02 14:38:00
555382,1437.12,728,5,17133,2011-06-02 14:46:00
555383,749.7,413,125,12517,2011-06-02 15:13:00
555385,7.5,2,1,15658,2011-06-02 15:22:00
555388,305.85,115,17,17719,2011-06-02 15:48:00
555389,233.75,33,3,14543,2011-06-02 16:26:00
555392,30.0,24,1,14221,2011-06-02 16:59:00
555393,759.85,446,39,14221,2011-06-02 17:00:00
555394,126.44,84,4,12971,2011-06-02 17:03:00
555395,94.68,72,4,12971,2011-06-02 17:04:00
555396,455.25,198,30,16529,2011-06-02 17:23:00
555399,123.74999999999999,70,23,15555,2011-06-02 17:41:00
555400,5913.9,1330,68,14088,2011-06-02 17:50:00
555401,1896.0300000000002,413,21,14088,2011-06-02 17:51:00
555403,121.55,54,5,12676,2011-06-02 18:06:00
555405,296.7,136,14,17531,2011-06-02 19:17:00
555406,385.19,259,50,17231,2011-06-02 19:50:00
555407,419.8,329,15,12775,2011-06-03 07:48:00
555408,390.09,136,22,13294,2011-06-03 08:54:00
555410,347.9,182,15,16239,2011-06-03 09:30:00
555412,61.3,42,2,13069,2011-06-03 09:46:00
555413,226.98,168,27,17994,2011-06-03 09:50:00
555414,266.1,170,16,16230,2011-06-03 10:06:00
555415,284.85,103,4,14500,2011-06-03 10:08:00
555416,376.15,264,23,14408,2011-06-03 10:15:00
555417,68.1,23,4,12601,2011-06-03 10:17:00
555418,1299.04,347,32,15498,2011-06-03 10:19:00
555419,17.0,2,1,15498,2011-06-03 10:20:00
555420,630.46,308,25,13458,2011-06-03 10:29:00
555422,25.0,4,1,12779,2011-06-03 10:37:00
555470,264.4,107,13,12455,2011-06-03 11:33:00
555471,232.21,130,30,16117,2011-06-03 11:42:00
555472,303.12,381,8,16701,2011-06-03 11:46:00
555473,819.55,527,35,14700,2011-06-03 11:59:00
555476,185.9,37,19,16593,2011-06-03 12:17:00
555477,1109.32,356,47,12359,2011-06-03 12:26:00
555478,1139.04,336,1,13777,2011-06-03 12:28:00
555479,229.26000000000002,102,4,15189,2011-06-03 12:35:00
555485,357.3,90,19,17722,2011-06-03 12:39:00
555486,387.46999999999997,251,21,13248,2011-06-03 13:05:00
555488,330.28000000000003,107,51,16942,2011-06-03 13:43:00
555489,259.2,360,1,17949,2011-06-03 13:48:00
555490,1314.0,120,1,17949,2011-06-03 13:50:00
555491,333.0,104,4,16525,2011-06-03 14:10:00
555492,319.02,333,21,16967,2011-06-03 14:24:00
555493,340.44,228,10,13695,2011-06-03 14:26:00
555494,204.85000000000002,79,12,15737,2011-06-03 14:33:00
555495,312.75,137,15,17068,2011-06-03 14:42:00
555496,349.1,193,8,15405,2011-06-03 14:44:00
555497,39.12,72,2,16659,2011-06-03 15:03:00
555498,107.65,23,5,13885,2011-06-03 15:07:00
555499,289.46,147,27,15812,2011-06-03 15:31:00
555500,114.68,49,23,15508,2011-06-03 15:32:00
555501,241.48,90,14,15508,2011-06-03 15:37:00
555504,15.0,4,1,15508,2011-06-03 15:43:00
555507,300.14,218,16,16186,2011-06-03 16:39:00
555508,269.88,168,27,16880,2011-06-03 16:45:00
555509,443.72,410,21,13435,2011-06-03 17:07:00
555511,156.48,58,9,17708,2011-06-05 10:12:00
555512,325.68,296,2,18198,2011-06-05 10:37:00
555513,892.62,114,3,12980,2011-06-05 10:38:00
555514,252.19,102,21,17071,2011-06-05 10:41:00
555515,838.23,231,46,17690,2011-06-05 10:47:00
555516,302.42,100,25,17706,2011-06-05 10:50:00
555517,324.9,128,14,13131,2011-06-05 10:54:00
555518,449.38,434,27,14891,2011-06-05 10:58:00
555519,525.5,514,11,16682,2011-06-05 11:02:00
555520,116.09,32,29,15038,2011-06-05 11:14:00
555521,389.61,147,5,13576,2011-06-05 11:21:00
555522,273.13,105,14,15796,2011-06-05 11:29:00
555523,508.95000000000005,239,26,12468,2011-06-05 11:36:00
555524,480.02,220,39,16923,2011-06-05 11:37:00
555525,332.9,136,12,14709,2011-06-05 11:40:00
555526,645.3,352,9,14364,2011-06-05 11:42:00
555527,399.35,73,4,14364,2011-06-05 11:44:00
555528,324.72,104,3,15694,2011-06-05 11:44:00
555530,61.199999999999996,24,1,16923,2011-06-05 11:46:00
555531,1939.52,1195,18,12678,2011-06-05 11:53:00
555533,435.25,183,20,15722,2011-06-05 12:12:00
555534,31.200000000000003,48,1,14682,2011-06-05 12:12:00
555535,166.3,112,10,16458,2011-06-05 12:16:00
555536,239.46,86,11,17675,2011-06-05 12:28:00
555537,194.34,95,39,15453,2011-06-05 12:37:00
555538,148.95999999999998,72,9,14512,2011-06-05 12:39:00
555539,201.45,117,25,14472,2011-06-05 12:44:00
555540,302.81,160,29,13668,2011-06-05 12:48:00
555541,144.45,49,20,16883,2011-06-05 12:51:00
555542,387.05,127,19,15108,2011-06-05 12:51:00
555543,627.04,324,13,13089,2011-06-05 12:59:00
555544,330.61,152,17,14621,2011-06-05 13:05:00
555545,873.85,581,50,17735,2011-06-05 13:08:00
555546,228.3,118,13,17735,2011-06-05 13:09:00
555547,709.91,351,32,12681,2011-06-05 13:13:00
555548,147.05,99,9,17811,2011-06-05 13:16:00
555549,262.25,139,27,13637,2011-06-05 13:24:00
555550,486.24,408,16,15245,2011-06-05 13:29:00
555551,298.79,185,16,14696,2011-06-05 13:32:00
555552,121.7,68,28,13610,2011-06-05 13:44:00
555553,493.68,290,31,12662,2011-06-05 13:45:00
555554,319.0,54,13,13742,2011-06-05 13:46:00
555555,110.55000000000001,35,7,16963,2011-06-05 13:48:00
555556,568.47,255,27,15704,2011-06-05 14:04:00
555557,59.5,10,3,13682,2011-06-05 14:06:00
555558,455.93,425,100,14159,2011-06-05 14:06:00
555559,300.2,206,20,13862,2011-06-05 14:18:00
555560,146.15,165,40,17346,2011-06-05 14:20:00
555561,35.400000000000006,12,1,16654,2011-06-05 14:38:00
555562,371.51,198,73,17841,2011-06-05 14:45:00
555564,287.82,269,47,15005,2011-06-05 15:01:00
555565,538.76,354,33,15298,2011-06-05 15:06:00
555566,216.63,91,25,14659,2011-06-05 15:19:00
555567,459.75,306,42,17050,2011-06-05 15:25:00
555568,620.65,372,55,17589,2011-06-05 15:25:00
555569,793.08,363,19,12727,2011-06-05 15:29:00
555570,756.1,429,43,15152,2011-06-05 15:36:00
555571,105.0,76,5,15462,2011-06-05 15:36:00
555572,858.9300000000001,390,48,12449,2011-06-05 15:37:00
555573,356.21,244,58,15349,2011-06-05 15:46:00
555574,437.19,134,23,12417,2011-06-05 15:46:00
555575,310.05,143,10,14466,2011-06-05 15:47:00
555576,140.4,72,2,13410,2011-06-05 15:52:00
555577,557.85,241,29,15301,2011-06-05 15:53:00
555578,114.06,66,4,15301,2011-06-05 15:54:00
555579,125.19,94,5,13983,2011-06-05 16:02:00
555580,10.5,25,1,13983,2011-06-05 16:05:00
555581,159.22,58,10,13865,2011-06-06 08:04:00
555582,260.57,145,16,14312,2011-06-06 09:01:00
555583,304.28000000000003,178,17,13534,2011-06-06 09:03:00
555584,181.3,118,6,16906,2011-06-06 09:04:00
555585,612.0,324,4,16029,2011-06-06 09:12:00
555586,310.79,241,14,14232,2011-06-06 09:12:00
555587,277.0,128,14,15687,2011-06-06 09:13:00
555588,124.57,33,8,16849,2011-06-06 09:16:00
555589,427.58,314,25,12802,2011-06-06 09:36:00
555590,75.0,60,3,17690,2011-06-06 09:39:00
555591,430.98,214,22,15073,2011-06-06 09:59:00
555592,176.16,132,11,14215,2011-06-06 10:04:00
555593,114.3,50,7,16298,2011-06-06 10:06:00
555594,312.94,122,17,13880,2011-06-06 10:09:00
555601,57.5,10,1,15852,2011-06-06 11:22:00
555602,320.83,145,17,16235,2011-06-06 11:26:00
555603,262.11,273,17,16209,2011-06-06 11:36:00
555604,428.85,197,24,16612,2011-06-06 11:37:00
555620,13.0,20,1,12748,2011-06-06 11:46:00
555626,270.8,92,13,16103,2011-06-06 11:55:00
555627,130.44,212,10,15805,2011-06-06 11:57:00
555628,387.88,148,16,15260,2011-06-06 11:59:00
555630,302.72,284,23,14732,2011-06-06 12:04:00
555631,191.60999999999999,85,40,18118,2011-06-06 12:06:00
555632,509.2,280,4,13798,2011-06-06 12:16:00
555633,144.97,73,17,14534,2011-06-06 12:22:00
555634,210.06,88,9,13319,2011-06-06 12:29:00
555635,272.0,140,15,13319,2011-06-06 12:29:00
555637,371.45,115,18,12535,2011-06-06 12:47:00
555638,816.8199999999999,623,61,15150,2011-06-06 12:51:00
555640,315.62,112,12,14475,2011-06-06 13:06:00
555642,496.46000000000004,242,28,18248,2011-06-06 13:18:00
555644,423.65000000000003,202,42,16520,2011-06-06 13:24:00
555645,164.01,87,18,18016,2011-06-06 13:31:00
555646,320.2,232,6,14135,2011-06-06 13:32:00
555647,586.52,220,28,12957,2011-06-06 13:43:00
555648,205.18,91,40,14623,2011-06-06 13:46:00
555649,394.14,446,31,15386,2011-06-06 13:47:00
555650,958.12,404,45,14156,2011-06-06 13:48:00
555651,218.92,51,15,17361,2011-06-06 14:02:00
555653,287.19,202,44,17673,2011-06-06 14:12:00
555654,181.3,66,10,18236,2011-06-06 14:13:00
555691,444.45,195,23,12843,2011-06-06 14:31:00
555695,143.5,66,5,16168,2011-06-06 14:32:00
555701,147.02,96,14,14498,2011-06-06 14:34:00
555702,46.839999999999996,28,3,14201,2011-06-06 14:35:00
555703,309.38,291,19,15379,2011-06-06 15:06:00
555704,507.70000000000005,357,22,14944,2011-06-06 15:06:00
555705,247.60999999999999,137,23,14713,2011-06-06 15:24:00
555719,512.8,295,27,12609,2011-06-06 15:31:00
555720,129.49,47,9,16611,2011-06-06 15:46:00
555721,45.0,3,1,15108,2011-06-06 16:01:00
555724,15.0,2,1,15737,2011-06-06 16:22:00
555725,17.0,2,1,15737,2011-06-06 16:23:00
555726,357.99,173,23,12540,2011-06-06 16:23:00
555728,337.01,190,85,17252,2011-06-06 16:41:00
555731,418.45,139,19,16655,2011-06-07 07:49:00
555732,103.25,19,5,14542,2011-06-07 08:19:00
555733,402.08,304,5,16839,2011-06-07 08:21:00
555734,343.75,157,13,17696,2011-06-07 08:21:00
555735,450.40000000000003,296,18,13327,2011-06-07 08:54:00
555736,586.01,538,30,17730,2011-06-07 09:13:00
555737,298.19,237,16,16153,2011-06-07 09:19:00
555738,318.7,358,11,16825,2011-06-07 09:44:00
555739,607.5500000000001,293,36,12380,2011-06-07 09:49:00
555740,387.42,360,21,18226,2011-06-07 09:51:00
555741,230.18,123,13,16817,2011-06-07 10:05:00
555742,388.0,197,10,16949,2011-06-07 10:34:00
555743,248.06,106,14,12868,2011-06-07 10:42:00
555744,247.44,288,18,18072,2011-06-07 10:44:00
555745,184.52,71,10,14462,2011-06-07 10:46:00
555746,104.35,43,25,14606,2011-06-07 10:55:00
555751,34.0,4,1,16462,2011-06-07 11:07:00
555759,166.8,24,1,13220,2011-06-07 11:10:00
555798,1121.1299999999999,875,11,16422,2011-06-07 11:32:00
555808,96.14,74,5,14867,2011-06-07 11:39:00
555810,585.84,346,33,17091,2011-06-07 11:39:00
555813,87.9,60,6,13643,2011-06-07 11:40:00
555815,916.74,568,49,13089,2011-06-07 11:47:00
555816,47.2,16,1,13089,2011-06-07 11:49:00
555817,14.850000000000001,3,1,17091,2011-06-07 11:51:00
555818,255.96000000000004,60,2,13784,2011-06-07 11:59:00
555819,430.98,214,22,15073,2011-06-07 12:00:00
555820,304.71999999999997,196,11,16133,2011-06-07 12:01:00
555829,392.4,202,14,13330,2011-06-07 12:18:00
555832,308.7,44,10,15969,2011-06-07 12:19:00
555834,85.0,250,1,12891,2011-06-07 12:31:00
555835,742.17,302,93,14525,2011-06-07 12:34:00
555836,531.36,469,20,13098,2011-06-07 12:36:00
555839,25.5,30,2,13283,2011-06-07 12:39:00
555840,70.2,36,1,15805,2011-06-07 12:46:00
555841,139.63,154,48,14583,2011-06-07 12:47:00
555842,122.76,22,6,17874,2011-06-07 12:54:00
555843,159.11,31,9,12584,2011-06-07 13:00:00
555844,160.15,70,34,14711,2011-06-07 13:10:00
555845,520.55,546,116,17015,2011-06-07 13:19:00
555846,149.15,21,8,14180,2011-06-07 13:21:00
555847,218.47,171,17,14880,2011-06-07 13:27:00
555848,424.24,182,21,16081,2011-06-07 13:31:00
555849,315.86,458,9,13266,2011-06-07 13:33:00
555850,387.42,320,47,16550,2011-06-07 13:35:00
555851,585.17,346,104,13050,2011-06-07 13:37:00
555852,189.28,78,11,17429,2011-06-07 13:38:00
555853,235.56,184,57,14375,2011-06-07 13:44:00
555854,157.31,64,26,12748,2011-06-07 13:47:00
555855,2516.19,1911,46,15311,2011-06-07 13:56:00
555856,294.24,129,31,17124,2011-06-07 14:02:00
555857,133.62,104,23,16393,2011-06-07 14:03:00
555858,254.31,192,13,14911,2011-06-07 14:12:00
555859,198.57,261,13,17987,2011-06-07 14:22:00
555861,166.4,80,4,12990,2011-06-07 14:27:00
555862,243.2,146,14,12757,2011-06-07 14:28:00
555863,121.67999999999999,72,1,17026,2011-06-07 14:28:00
555865,413.93,157,36,14530,2011-06-07 14:30:00
555866,306.68,316,16,16841,2011-06-07 14:38:00
555870,68.7,66,2,17707,2011-06-07 15:03:00
555871,263.16,224,3,18073,2011-06-07 15:04:00
555872,307.72,336,21,13395,2011-06-07 15:04:00
555875,7.25,3,3,12748,2011-06-07 15:17:00
555876,161.02,358,15,15799,2011-06-07 15:28:00
555884,147.62,70,4,17389,2011-06-07 15:44:00
555896,1008.61,618,54,15640,2011-06-07 16:04:00
555916,181.63,39,16,14958,2011-06-07 16:16:00
555917,199.5,20,3,17854,2011-06-07 16:21:00
555918,211.92000000000002,66,8,16098,2011-06-07 16:21:00
555920,10999.52,2274,12,18102,2011-06-07 16:35:00
555921,301.78,268,17,15449,2011-06-07 16:42:00
555928,99.45,20,5,12383,2011-06-08 08:02:00
555929,765.8199999999999,402,8,16525,2011-06-08 08:12:00
555930,341.07,283,24,14745,2011-06-08 08:26:00
555931,833.16,378,44,17828,2011-06-08 08:31:00
555932,165.36,58,10,14217,2011-06-08 08:46:00
555933,286.34000000000003,216,17,12567,2011-06-08 08:49:00
555934,557.7,456,7,15061,2011-06-08 08:51:00
555936,286.34000000000003,216,17,12567,2011-06-08 09:16:00
555937,669.36,467,30,12683,2011-06-08 09:39:00
555938,410.45,179,17,14257,2011-06-08 09:58:00
555939,57.78,30,3,17659,2011-06-08 09:58:00
555940,357.6,98,9,14191,2011-06-08 10:10:00
555941,356.03999999999996,445,17,12726,2011-06-08 10:10:00
555942,322.55,91,18,15743,2011-06-08 10:14:00
555943,612.68,245,16,13520,2011-06-08 10:15:00
555944,163.69,72,10,16955,2011-06-08 10:36:00
555945,511.3,64,8,17409,2011-06-08 10:36:00
555946,184.59,77,24,17238,2011-06-08 10:43:00
555947,2233.28,2090,57,14911,2011-06-08 10:45:00
555948,166.86,147,7,13752,2011-06-08 10:49:00
555949,596.13,395,26,16626,2011-06-08 10:50:00
555950,136.5,325,6,17966,2011-06-08 10:51:00
555979,885.5200000000001,679,33,15039,2011-06-08 11:18:00
556009,302.54,178,15,18221,2011-06-08 11:37:00
556010,598.0,1380,5,17414,2011-06-08 11:43:00
556016,452.4,232,5,18092,2011-06-08 11:54:00
556017,512.7,406,29,15382,2011-06-08 11:56:00
556018,26.400000000000002,48,2,15382,2011-06-08 11:57:00
556019,221.4,64,7,18092,2011-06-08 12:02:00
556020,114.71,82,20,13571,2011-06-08 12:03:00
556021,477.68,317,22,12921,2011-06-08 12:03:00
556022,79.19999999999999,40,4,12921,2011-06-08 12:04:00
556023,209.28,49,25,14527,2011-06-08 12:21:00
556024,151.95000000000002,55,9,12808,2011-06-08 12:21:00
556032,542.22,140,15,15159,2011-06-08 12:35:00
556034,313.20000000000005,96,2,16672,2011-06-08 12:36:00
556035,54.48,152,4,15159,2011-06-08 12:36:00
556036,52.8,8,3,15159,2011-06-08 12:37:00
556038,173.66,179,22,13184,2011-06-08 12:38:00
556039,501.5,314,12,13001,2011-06-08 12:40:00
556040,320.58000000000004,146,21,14622,2011-06-08 12:42:00
556041,336.84000000000003,205,56,17954,2011-06-08 12:44:00
556042,1016.57,402,65,14367,2011-06-08 12:44:00
556043,243.92999999999998,73,13,14078,2011-06-08 12:49:00
556044,165.55,51,9,15764,2011-06-08 12:50:00
556045,408.04,197,24,15764,2011-06-08 12:54:00
556047,276.24,90,4,12901,2011-06-08 12:57:00
556048,298.48,148,16,15609,2011-06-08 13:00:00
556049,382.70000000000005,66,2,16013,2011-06-08 13:00:00
556050,279.04,128,16,14367,2011-06-08 13:04:00
556051,180.04,49,16,13742,2011-06-08 13:09:00
556052,14.5,10,1,13742,2011-06-08 13:14:00
556053,112.7,46,2,15400,2011-06-08 13:15:00
556054,222.07,183,16,14561,2011-06-08 13:26:00
556055,358.0,200,2,14477,2011-06-08 13:33:00
556056,420.0,256,92,17841,2011-06-08 13:35:00
556058,524.5,244,29,13985,2011-06-08 13:54:00
556059,320.91999999999996,260,9,13630,2011-06-08 13:56:00
556060,1118.04,492,8,14911,2011-06-08 14:03:00
556062,379.5,114,4,15189,2011-06-08 14:06:00
556063,193.2,82,41,14587,2011-06-08 14:09:00
556064,300.63,171,6,13777,2011-06-08 14:20:00
556065,146.3,74,8,14829,2011-06-08 14:29:00
556066,388.36,382,3,16872,2011-06-08 14:32:00
556067,245.05,147,26,12748,2011-06-08 14:35:00
556068,5.76,48,1,12748,2011-06-08 14:39:00
556070,396.14000000000004,181,8,17873,2011-06-08 14:51:00
556071,481.36,497,29,15974,2011-06-08 14:52:00
556072,952.65,263,20,16126,2011-06-08 14:57:00
556073,462.15000000000003,221,22,16358,2011-06-08 15:05:00
556079,351.2,252,13,18229,2011-06-08 15:18:00
556084,135.0,52,5,17491,2011-06-08 15:23:00
556097,15.9,2,1,15809,2011-06-08 15:31:00
556098,62.5,5,1,16832,2011-06-08 15:36:00
556099,3.75,1,1,13162,2011-06-08 15:38:00
556100,300.14,222,14,15238,2011-06-08 16:00:00
556102,878.55,621,55,13115,2011-06-08 16:15:00
556103,235.32000000000002,161,26,16011,2011-06-08 16:18:00
556104,384.2,284,22,13875,2011-06-08 16:34:00
556105,307.9,259,17,13466,2011-06-08 16:39:00
556106,393.34000000000003,187,49,14056,2011-06-08 16:54:00
556107,320.9,164,53,17360,2011-06-08 17:09:00
556109,200.17000000000002,67,12,13741,2011-06-09 07:53:00
556110,124.60000000000001,160,3,13856,2011-06-09 08:45:00
556111,313.0,288,22,13004,2011-06-09 09:16:00
556112,325.78000000000003,244,20,13265,2011-06-09 09:28:00
556113,585.3199999999999,421,38,13510,2011-06-09 09:32:00
556114,142.14000000000001,79,6,12569,2011-06-09 09:36:00
556115,99.96,76,7,15241,2011-06-09 09:39:00
556116,136.7,154,11,15214,2011-06-09 09:44:00
556118,333.0,38,6,13811,2011-06-09 09:54:00
556119,42.96,24,1,12594,2011-06-09 10:05:00
556120,290.2,521,19,16722,2011-06-09 10:06:00
556121,132.18,68,19,15855,2011-06-09 10:09:00
556125,303.62,136,15,12947,2011-06-09 10:20:00
556126,338.0,245,22,14911,2011-06-09 10:23:00
556127,1621.25,793,48,12406,2011-06-09 10:23:00
556128,196.66,94,7,13038,2011-06-09 10:31:00
556129,438.0,294,10,14060,2011-06-09 10:46:00
556130,316.02000000000004,154,11,15738,2011-06-09 10:48:00
556139,307.76,116,12,14231,2011-06-09 11:05:00
556179,308.2,426,15,13756,2011-06-09 11:27:00
556181,410.87,120,13,15407,2011-06-09 11:32:00
556182,102.97999999999999,77,20,16892,2011-06-09 11:35:00
556183,360.04,162,21,13134,2011-06-09 11:37:00
556184,337.55,205,14,16592,2011-06-09 11:39:00
556185,30.6,36,2,16592,2011-06-09 11:40:00
556186,213.70000000000002,146,10,14241,2011-06-09 11:46:00
556187,299.78,98,15,15296,2011-06-09 11:49:00
556189,400.7,234,21,15615,2011-06-09 11:57:00
556190,72.52,28,4,15780,2011-06-09 12:01:00
556191,184.28,116,6,14501,2011-06-09 12:02:00
556192,82.2,64,4,15615,2011-06-09 12:02:00
556193,306.86,388,24,14132,2011-06-09 12:04:00
556194,319.95,188,11,12483,2011-06-09 12:20:00
556195,535.01,355,25,16745,2011-06-09 12:21:00
556196,62.040000000000006,16,3,18065,2011-06-09 12:27:00
556197,202.38,114,13,18065,2011-06-09 12:27:00
556198,294.2,167,37,14963,2011-06-09 12:30:00
556199,319.29,232,21,16170,2011-06-09 12:40:00
556201,382.52,196,18,12347,2011-06-09 13:01:00
556202,109.3,90,20,14606,2011-06-09 13:08:00
556203,130.08,145,5,12399,2011-06-09 13:09:00
556204,308.68,102,18,17169,2011-06-09 13:16:00
556205,203.98000000000002,94,13,15827,2011-06-09 13:37:00
556206,646.27,262,26,14911,2011-06-09 13:46:00
556207,128.76,110,19,17372,2011-06-09 13:50:00
556208,506.67999999999995,198,12,14040,2011-06-09 13:51:00
556214,301.32,455,20,14913,2011-06-09 14:14:00
556216,300.55,99,14,15252,2011-06-09 14:15:00
556218,352.91,97,17,17731,2011-06-09 14:18:00
556219,309.65999999999997,84,15,17731,2011-06-09 14:19:00
556222,539.12,539,43,17522,2011-06-09 14:23:00
556228,115.2,16,2,13538,2011-06-09 14:26:00
556229,304.48,178,20,12839,2011-06-09 14:43:00
556230,226.28,58,6,17402,2011-06-09 14:45:00
556234,26.36,11,10,17961,2011-06-09 15:27:00
556235,84.0,85,5,12778,2011-06-09 15:29:00
556236,45.2,16,3,16818,2011-06-09 15:34:00
556238,378.7,109,12,13397,2011-06-09 15:35:00
556239,158.85,67,9,15712,2011-06-09 15:48:00
556240,105.0,140,7,18041,2011-06-09 15:55:00
556241,912.66,445,48,12597,2011-06-09 16:04:00
556244,302.72,86,28,15867,2011-06-09 16:08:00
556245,535.13,198,63,17841,2011-06-09 16:10:00
556246,161.38,176,30,16113,2011-06-09 16:16:00
556247,270.55,138,15,15058,2011-06-09 16:16:00
556248,332.64,188,14,15681,2011-06-09 16:33:00
556249,24.900000000000002,6,1,15681,2011-06-09 16:34:00
556252,462.96000000000004,319,17,16779,2011-06-09 16:44:00
556253,185.8,30,9,17652,2011-06-09 16:55:00
556254,136.25,119,10,13213,2011-06-09 16:57:00
556255,16488.0,3600,12,18102,2011-06-09 17:27:00
556256,196.68,198,15,14309,2011-06-09 17:37:00
556257,294.86,196,30,17576,2011-06-09 17:47:00
556258,439.5,323,20,12694,2011-06-09 17:48:00
556259,591.09,464,36,12721,2011-06-09 17:53:00
556263,489.3,241,55,13969,2011-06-09 18:41:00
556264,532.9,94,10,16107,2011-06-09 18:42:00
556266,8.5,1,1,13900,2011-06-09 19:26:00
556267,3027.31,9811,31,13694,2011-06-09 19:33:00
556271,155.10000000000002,50,7,17483,2011-06-09 19:40:00
556279,215.39000000000001,59,18,14562,2011-06-09 19:55:00
556280,344.81,116,32,14584,2011-06-09 20:03:00
556282,178.22,212,13,15679,2011-06-10 08:24:00
556283,314.11,193,17,15628,2011-06-10 08:50:00
556284,302.8,94,14,17115,2011-06-10 08:54:00
556285,72.0,70,8,13686,2011-06-10 09:10:00
556288,273.66,297,18,13426,2011-06-10 09:23:00
556290,383.28000000000003,170,22,17088,2011-06-10 09:23:00
556296,309.34000000000003,350,22,15114,2011-06-10 09:44:00
556298,105.84,134,9,16581,2011-06-10 10:05:00
556302,1035.76,488,5,15267,2011-06-10 10:24:00
556303,313.45000000000005,115,20,17064,2011-06-10 10:26:00
556304,572.8,296,16,12840,2011-06-10 10:29:00
556305,480.0,164,3,12643,2011-06-10 10:38:00
556318,399.18,382,16,16767,2011-06-10 10:49:00
556323,599.4499999999999,115,6,17819,2011-06-10 10:59:00
556325,149.89000000000001,55,14,17234,2011-06-10 11:20:00
556329,157.76,44,12,14573,2011-06-10 11:28:00
556330,272.41,249,44,17797,2011-06-10 11:29:00
556341,506.19,223,26,16614,2011-06-10 11:36:00
556365,271.04,158,46,16370,2011-06-10 11:44:00
556386,74.16,36,3,16668,2011-06-10 11:49:00
556397,358.0,200,2,16029,2011-06-10 11:52:00
556408,124.14999999999999,97,31,13533,2011-06-10 11:54:00
556413,120.49000000000001,45,26,16005,2011-06-10 12:01:00
556415,6207.08,3142,64,12409,2011-06-10 12:19:00
556416,247.25,64,24,15527,2011-06-10 12:19:00
556417,19.8,4,1,14543,2011-06-10 12:24:00
556419,156.4,48,10,15411,2011-06-10 12:30:00
556425,197.37,161,28,14178,2011-06-10 12:51:00
556426,249.49,145,21,16729,2011-06-10 13:18:00
556432,299.67,139,10,16184,2011-06-10 13:59:00
556434,658.78,267,26,14895,2011-06-10 14:06:00
556435,151.2,74,8,14895,2011-06-10 14:08:00
556437,110.78999999999999,65,8,14077,2011-06-10 14:31:00
556439,147.75,25,4,18061,2011-06-10 14:46:00
556440,428.44,364,15,14401,2011-06-10 14:51:00
556441,360.07,162,35,14415,2011-06-10 15:07:00
556442,297.0,60,1,15098,2011-06-10 15:22:00
556443,627.4,92,9,12712,2011-06-10 15:28:00
556444,38970.0,60,1,15098,2011-06-10 15:28:00
556446,649.5,1,1,15098,2011-06-10 15:33:00
556447,314.16,144,9,15632,2011-06-10 15:37:00
556454,40.8,48,1,12947,2011-06-10 16:37:00
556455,734.44,580,18,15856,2011-06-10 16:46:00
556456,3.75,1,1,12748,2011-06-10 16:47:00
556460,379.2,296,24,14276,2011-06-12 09:56:00
556461,830.54,558,8,13798,2011-06-12 10:15:00
556462,213.8,89,17,14450,2011-06-12 10:46:00
556463,360.18,716,14,12583,2011-06-12 10:47:00
556464,80.82,54,7,18281,2011-06-12 10:53:00
556465,102.23,20,16,14984,2011-06-12 11:04:00
556466,189.05,31,6,15465,2011-06-12 11:07:00
556467,186.55,57,17,13232,2011-06-12 11:17:00
556468,111.03,33,9,14878,2011-06-12 11:26:00
556469,583.2,345,13,12516,2011-06-12 11:37:00
556470,301.42,148,18,15291,2011-06-12 11:41:00
556471,198.76999999999998,153,12,16466,2011-06-12 11:47:00
556472,255.8,124,15,16633,2011-06-12 11:48:00
556473,377.84000000000003,214,72,17265,2011-06-12 12:00:00
556474,363.7,163,81,16007,2011-06-12 12:01:00
556475,417.33,497,22,18109,2011-06-12 12:03:00
556476,302.62,182,13,17175,2011-06-12 12:08:00
556477,199.73,86,15,12841,2011-06-12 12:20:00
556478,226.48999999999998,455,19,13069,2011-06-12 12:34:00
556479,262.88,86,20,16983,2011-06-12 12:50:00
556480,131.10999999999999,113,13,13617,2011-06-12 12:55:00
556481,145.27,69,26,16115,2011-06-12 13:00:00
556482,709.44,411,29,17242,2011-06-12 13:04:00
556483,110.78,40,24,14823,2011-06-12 13:12:00
556484,2108.7000000000003,2183,195,16938,2011-06-12 13:17:00
556485,210.95,48,17,17211,2011-06-12 13:21:00
556486,375.04,688,32,17422,2011-06-12 13:22:00
556487,164.45,132,30,17289,2011-06-12 13:51:00
556488,161.9,44,15,16018,2011-06-12 13:52:00
556489,100.75,49,25,14704,2011-06-12 13:59:00
556490,302.24,96,16,13078,2011-06-12 14:08:00
556491,253.29,251,53,16794,2011-06-12 14:15:00
556492,587.52,376,8,15939,2011-06-12 14:48:00
556494,532.22,332,63,17802,2011-06-12 14:57:00
556495,304.31,179,56,18069,2011-06-12 15:14:00
556496,45.0,36,1,14397,2011-06-12 15:20:00
556497,175.09,97,11,15271,2011-06-12 15:31:00
556498,35.849999999999994,3,2,17961,2011-06-12 15:57:00
556500,102.72,32,6,13468,2011-06-13 07:58:00
556501,394.42,250,20,16700,2011-06-13 08:40:00
556502,491.71000000000004,224,32,13761,2011-06-13 08:43:00
556503,1101.86,715,76,13517,2011-06-13 08:44:00
556504,376.58,330,26,13936,2011-06-13 08:47:00
556505,462.9599999999999,696,2,17381,2011-06-13 09:43:00
556506,50.88,48,1,17381,2011-06-13 09:44:00
556507,1650.1,557,61,12567,2011-06-13 09:55:00
556508,136.95,47,7,16342,2011-06-13 10:10:00
556509,289.77,101,16,12708,2011-06-13 10:33:00
556510,821.32,427,42,14911,2011-06-13 10:36:00
556512,143.54,120,14,14688,2011-06-13 10:44:00
556517,1001.21,417,29,12481,2011-06-13 10:52:00
556519,3.3200000000000003,3,2,16794,2011-06-13 10:54:00
556520,108.13,38,19,14177,2011-06-13 11:10:00
556521,116.75999999999999,44,13,14573,2011-06-13 11:15:00
556523,9.75,15,1,16938,2011-06-13 11:24:00
556526,236.26000000000002,111,12,12732,2011-06-13 11:33:00
556527,112.35,64,27,16205,2011-06-13 11:33:00
556528,312.44,236,19,13269,2011-06-13 11:36:00
556529,513.26,236,24,12714,2011-06-13 11:41:00
556531,765.03,321,39,15491,2011-06-13 11:49:00
556533,249.94,206,10,15625,2011-06-13 12:05:00
556534,53.150000000000006,65,3,15036,2011-06-13 12:19:00
556536,187.14000000000001,150,29,17795,2011-06-13 12:36:00
556537,310.48,274,20,17725,2011-06-13 12:38:00
556538,426.18,330,21,15845,2011-06-13 12:42:00
556539,147.0,28,9,13589,2011-06-13 12:44:00
556540,146.20000000000002,76,4,13552,2011-06-13 12:51:00
556541,271.6,115,10,13552,2011-06-13 12:52:00
556542,264.66,210,37,14719,2011-06-13 12:52:00
556571,178.94,106,12,13018,2011-06-13 13:13:00
556572,149.2,112,4,15311,2011-06-13 13:25:00
556573,480.98,157,25,14667,2011-06-13 13:32:00
556574,1336.2,409,3,16209,2011-06-13 13:41:00
556575,212.0,94,39,17027,2011-06-13 13:44:00
556576,134.48,71,31,14606,2011-06-13 13:55:00
556577,164.41,91,11,17579,2011-06-13 14:12:00
556578,1266.66,791,68,12472,2011-06-13 14:13:00
556579,1109.53,520,70,15069,2011-06-13 14:16:00
556580,311.4,120,16,17719,2011-06-13 14:20:00
556596,98.25,102,8,17349,2011-06-13 14:29:00
556629,593.72,284,25,14841,2011-06-13 14:55:00
556630,315.05,135,15,13999,2011-06-13 14:59:00
556631,58.08,120,6,13080,2011-06-13 14:59:00
556632,114.15,17,10,16987,2011-06-13 15:09:00
556641,189.47,91,13,13663,2011-06-13 15:44:00
556642,133.91,83,20,17236,2011-06-13 15:47:00
556667,254.12,196,4,15838,2011-06-13 16:25:00
556670,786.36,388,7,15838,2011-06-13 16:29:00
556671,259.08,130,80,17841,2011-06-13 16:33:00
556672,293.0,150,23,13742,2011-06-13 17:08:00
556680,306.46000000000004,132,14,13971,2011-06-14 08:03:00
556681,121.52,108,7,12826,2011-06-14 09:41:00
556682,201.83999999999997,195,16,15358,2011-06-14 09:42:00
556683,212.04000000000002,112,12,15358,2011-06-14 09:43:00
556684,83.4,12,1,12901,2011-06-14 09:57:00
556685,597.07,381,40,14503,2011-06-14 10:00:00
556714,976.25,555,6,14680,2011-06-14 10:49:00
556718,2145.0,780,1,16013,2011-06-14 11:02:00
556719,188.44,328,9,17428,2011-06-14 11:21:00
556720,372.6,84,4,17428,2011-06-14 11:22:00
556721,690.3399999999999,397,23,15218,2011-06-14 11:23:00
556722,236.28,90,10,17428,2011-06-14 11:23:00
556723,3060.4,756,7,18102,2011-06-14 11:25:00
556724,246.49,89,14,16745,2011-06-14 11:26:00
556725,2496.0,200,1,18102,2011-06-14 11:28:00
556726,8915.52,2096,9,18102,2011-06-14 11:31:00
556727,555.8,234,24,17675,2011-06-14 11:33:00
556728,342.15000000000003,170,75,15719,2011-06-14 11:36:00
556731,103.72,52,24,18283,2011-06-14 11:41:00
556732,474.87,238,52,15039,2011-06-14 11:47:00
556733,321.16,269,50,16919,2011-06-14 11:53:00
556734,510.87,253,29,13476,2011-06-14 12:00:00
556740,147.42000000000002,182,34,17346,2011-06-14 12:06:00
556746,32.55,15,3,17644,2011-06-14 12:08:00
556751,1393.48,748,13,15251,2011-06-14 12:09:00
556767,454.68,329,13,18073,2011-06-14 12:17:00
556768,433.0,88,20,17243,2011-06-14 12:21:00
556776,205.69,112,52,14730,2011-06-14 12:24:00
556777,714.35,386,44,14426,2011-06-14 12:31:00
556778,393.78000000000003,125,37,16712,2011-06-14 12:41:00
556779,143.4,82,13,16774,2011-06-14 12:45:00
556780,275.14,107,26,14524,2011-06-14 12:46:00
556781,1172.6,666,54,13384,2011-06-14 12:47:00
556782,106.15,38,17,14871,2011-06-14 13:04:00
556783,451.26,198,9,13408,2011-06-14 13:15:00
556784,969.99,326,102,14461,2011-06-14 13:15:00
556785,102.0,24,1,13408,2011-06-14 13:17:00
556786,109.20000000000002,72,3,13408,2011-06-14 13:18:00
556788,414.1,133,11,15129,2011-06-14 13:40:00
556789,14.850000000000001,3,1,15129,2011-06-14 13:40:00
556790,256.77,102,16,15656,2011-06-14 13:48:00
556791,176.6,136,16,16928,2011-06-14 13:51:00
556792,150.37,195,15,17043,2011-06-14 13:52:00
556794,120.45,150,4,13720,2011-06-14 14:06:00
556795,123.13,119,6,15912,2011-06-14 14:29:00
556797,230.57999999999998,158,17,17101,2011-06-14 14:49:00
556804,554.62,318,10,15125,2011-06-14 15:14:00
556805,213.8,124,2,15125,2011-06-14 15:15:00
556806,122.04,36,1,15125,2011-06-14 15:16:00
556808,305.51,63,13,17749,2011-06-14 15:45:00
556809,223.48,82,21,17179,2011-06-14 16:48:00
556811,155.28,312,9,14997,2011-06-14 16:52:00
556814,153.24,34,9,14852,2011-06-15 08:34:00
556815,564.61,345,25,14852,2011-06-15 08:36:00
556816,501.64,359,13,12437,2011-06-15 09:01:00
556817,151.2,720,1,14609,2011-06-15 09:33:00
556819,420.94000000000005,174,12,12682,2011-06-15 10:21:00
556820,364.15000000000003,139,17,12682,2011-06-15 10:22:00
556822,143.3,154,9,17155,2011-06-15 10:22:00
556827,171.63,101,10,15134,2011-06-15 10:29:00
556828,184.19,196,32,17284,2011-06-15 10:39:00
556829,489.31,220,25,12809,2011-06-15 10:51:00
556830,44.95,15,3,15874,2011-06-15 11:01:00
556831,160.0,20,1,13631,2011-06-15 11:27:00
556842,40.0,10,1,13631,2011-06-15 11:29:00
556845,4415.4400000000005,3007,55,17511,2011-06-15 11:30:00
556876,173.82,121,78,16241,2011-06-15 11:56:00
556878,112.1,46,9,15574,2011-06-15 12:01:00
556879,142.92,48,31,16461,2011-06-15 12:07:00
556881,263.06,86,7,17389,2011-06-15 12:15:00
556882,326.38,144,33,14395,2011-06-15 12:21:00
556883,353.43,135,19,13343,2011-06-15 12:24:00
556885,17.700000000000003,6,1,18073,2011-06-15 12:32:00
556886,299.94,208,19,12624,2011-06-15 12:34:00
556887,119.28999999999999,101,16,14606,2011-06-15 12:36:00
556889,111.37,75,8,16644,2011-06-15 12:39:00
556890,1063.3500000000001,509,29,17581,2011-06-15 12:48:00
556891,139.64,88,9,17581,2011-06-15 12:48:00
556892,120.94,52,7,17581,2011-06-15 12:50:00
556903,144.26,45,15,14527,2011-06-15 12:55:00
556905,319.06,161,92,16904,2011-06-15 13:05:00
556906,306.1,166,18,12843,2011-06-15 13:07:00
556908,302.46000000000004,254,10,18165,2011-06-15 13:23:00
556909,76.5,6,3,17536,2011-06-15 13:23:00
556910,837.7,805,88,12748,2011-06-15 13:25:00
556912,288.21,244,49,15005,2011-06-15 13:26:00
556913,392.0,208,12,16523,2011-06-15 13:26:00
556914,276.79,177,25,12877,2011-06-15 13:34:00
556915,159.34,78,47,15036,2011-06-15 13:35:00
556916,201.69,150,70,16898,2011-06-15 13:35:00
556917,22775.93,15049,138,12415,2011-06-15 13:37:00
556918,650.88,192,1,12415,2011-06-15 13:37:00
556921,76.38,42,4,16038,2011-06-15 13:50:00
556922,14.25,5,5,12748,2011-06-15 13:56:00
556926,155.37,88,47,16324,2011-06-15 14:26:00
556927,3876.86,2642,27,14156,2011-06-15 14:47:00
556928,606.72,384,4,14156,2011-06-15 14:48:00
556929,53.91,25,2,15611,2011-06-15 15:12:00
556931,171.84,96,1,15864,2011-06-15 15:35:00
556935,360.9,283,24,17651,2011-06-15 15:57:00
556937,1175.32,626,48,17716,2011-06-15 16:05:00
556942,683.17,607,41,14222,2011-06-15 16:42:00
556953,1012.86,268,33,14911,2011-06-16 08:16:00
556954,455.3,320,31,15585,2011-06-16 08:38:00
556956,1084.24,632,6,13694,2011-06-16 09:04:00
556958,305.2,140,18,17490,2011-06-16 09:15:00
556959,323.0,172,13,16739,2011-06-16 09:17:00
556960,668.8,354,26,14844,2011-06-16 09:28:00
556961,810.6000000000001,420,6,16276,2011-06-16 09:34:00
556964,331.44,144,18,16145,2011-06-16 09:46:00
556965,252.0,192,6,15129,2011-06-16 09:49:00
556967,299.04,96,4,17193,2011-06-16 10:04:00
556968,1077.1200000000001,336,3,12980,2011-06-16 10:09:00
556969,46.95,2,2,16257,2011-06-16 10:11:00
556970,245.75,97,11,13082,2011-06-16 10:18:00
556971,39.599999999999994,24,2,13082,2011-06-16 10:19:00
556972,149.52,48,4,17193,2011-06-16 10:23:00
556977,52.800000000000004,96,4,17446,2011-06-16 10:42:00
556998,305.4,96,6,16672,2011-06-16 10:48:00
557002,180.0,48,1,16672,2011-06-16 10:49:00
557005,302.14,438,12,13700,2011-06-16 11:24:00
557006,214.2,233,12,14282,2011-06-16 11:29:00
557007,1137.99,424,61,12484,2011-06-16 11:30:00
557008,112.88000000000001,92,14,16729,2011-06-16 11:38:00
557009,300.11,509,29,14321,2011-06-16 11:38:00
557010,129.3,38,4,14289,2011-06-16 11:48:00
557011,359.08000000000004,156,16,16279,2011-06-16 11:50:00
557012,62.4,24,3,18241,2011-06-16 11:51:00
557013,542.74,137,26,15044,2011-06-16 12:05:00
557014,87.44,88,4,12971,2011-06-16 12:10:00
557015,331.0,130,8,14735,2011-06-16 12:11:00
557016,169.66,58,24,16942,2011-06-16 12:29:00
557017,181.56,204,3,13199,2011-06-16 12:29:00
557018,5.9,2,1,14285,2011-06-16 12:36:00
557019,254.52,91,56,15907,2011-06-16 12:45:00
557020,212.47,209,15,13246,2011-06-16 12:51:00
557021,395.3,284,26,17642,2011-06-16 12:55:00
557023,183.95000000000002,53,9,16225,2011-06-16 13:04:00
557026,460.11,513,30,16571,2011-06-16 13:14:00
557027,318.65000000000003,77,15,12816,2011-06-16 13:24:00
557032,141.29999999999998,90,10,16011,2011-06-16 13:46:00
557033,189.5,82,10,13826,2011-06-16 13:48:00
557034,421.08,336,23,13627,2011-06-16 13:50:00
557038,35.400000000000006,12,2,14037,2011-06-16 13:57:00
557039,297.15,181,12,16814,2011-06-16 13:57:00
557040,263.09,99,15,14243,2011-06-16 14:22:00
557041,88.55,33,5,13575,2011-06-16 14:24:00
557042,15.8,4,1,13004,2011-06-16 14:26:00
557055,633.55,459,11,12621,2011-06-16 14:45:00
557056,49.800000000000004,12,1,12621,2011-06-16 14:46:00
557057,1830.72,2014,68,16843,2011-06-16 14:46:00
557058,69.30000000000001,14,2,16843,2011-06-16 14:47:00
557063,160.35,95,20,17368,2011-06-16 15:01:00
557064,324.29,156,69,13263,2011-06-16 15:07:00
557065,161.46,102,8,17157,2011-06-16 15:08:00
557066,301.88,199,18,17463,2011-06-16 15:10:00
557067,1221.55,768,34,13098,2011-06-16 15:12:00
557068,13.440000000000001,48,3,13263,2011-06-16 15:17:00
557069,510.27,270,28,12562,2011-06-16 15:22:00
557070,376.77,153,20,14755,2011-06-16 15:28:00
557089,343.44,120,4,13576,2011-06-16 15:36:00
557092,432.0,600,1,12908,2011-06-16 15:39:00
557100,108.7,154,3,16027,2011-06-16 15:47:00
557103,113.06,51,7,16852,2011-06-16 15:49:00
557109,304.08000000000004,88,2,15694,2011-06-16 16:06:00
557110,102.0,12,1,17865,2011-06-16 16:26:00
557113,117.0,36,4,16266,2011-06-16 16:39:00
557114,158.4,144,7,13951,2011-06-16 16:43:00
557115,361.76,204,18,14107,2011-06-16 16:47:00
557116,305.75,45,9,15219,2011-06-16 16:57:00
557117,620.58,573,30,14849,2011-06-16 17:04:00
557118,364.16,254,24,14849,2011-06-16 17:05:00
557119,937.74,604,21,17416,2011-06-16 17:08:00
557120,235.94,126,14,15669,2011-06-16 17:12:00
557121,360.03999999999996,160,5,14062,2011-06-16 17:35:00
557122,305.18,264,19,16558,2011-06-16 17:37:00
557123,164.22,194,37,15555,2011-06-16 17:56:00
557124,230.57,139,8,16359,2011-06-16 18:19:00
557125,5405.48,3104,11,17450,2011-06-16 18:40:00
557126,115.15,83,10,18168,2011-06-16 19:21:00
557127,117.72999999999999,68,2,15014,2011-06-16 19:40:00
557128,80.5,18,7,14765,2011-06-16 19:49:00
557129,462.35,203,76,17841,2011-06-16 19:59:00
557130,144.3,270,8,14005,2011-06-17 08:09:00
557131,217.4,60,7,13456,2011-06-17 08:52:00
557132,368.38,348,15,13107,2011-06-17 08:57:00
557133,305.28000000000003,288,1,17306,2011-06-17 09:11:00
557134,511.79999999999995,236,4,17306,2011-06-17 09:12:00
557135,461.9,998,4,17306,2011-06-17 09:12:00
557136,626.13,356,33,14911,2011-06-17 09:23:00
557141,387.65999999999997,238,12,16779,2011-06-17 09:54:00
557143,832.02,192,19,13090,2011-06-17 10:12:00
557144,600.08,128,12,13113,2011-06-17 10:17:00
557145,802.13,459,28,17139,2011-06-17 10:43:00
557146,86.84,56,7,17139,2011-06-17 10:44:00
557147,654.18,378,29,12408,2011-06-17 10:51:00
557149,13.05,19,7,17961,2011-06-17 11:01:00
557150,174.27,46,13,15555,2011-06-17 11:02:00
557152,13.899999999999999,2,2,15296,2011-06-17 11:06:00
557153,474.54,214,43,13735,2011-06-17 11:07:00
557208,351.97,215,22,16172,2011-06-17 11:38:00
557210,265.05,130,33,18118,2011-06-17 11:49:00
557211,1025.3400000000001,186,21,15513,2011-06-17 11:49:00
557212,610.5600000000001,576,1,12901,2011-06-17 12:06:00
557213,213.09,116,48,15021,2011-06-17 12:16:00
557214,964.77,544,21,17677,2011-06-17 12:20:00
557215,68.22,90,5,17677,2011-06-17 12:22:00
557216,42.42,24,3,17677,2011-06-17 12:23:00
557217,1987.19,1259,98,17426,2011-06-17 12:30:00
557218,98.16,36,5,17426,2011-06-17 12:31:00
557219,323.28,406,17,14776,2011-06-17 12:39:00
557220,58.08,60,3,14776,2011-06-17 12:40:00
557221,233.53,170,36,16869,2011-06-17 13:01:00
557222,2060.0299999999997,836,81,14936,2011-06-17 13:14:00
557223,379.22,174,10,13647,2011-06-17 13:17:00
557225,411.48,229,10,15311,2011-06-17 13:37:00
557226,252.63000000000002,205,16,15805,2011-06-17 13:39:00
557227,23.0,4,1,15805,2011-06-17 13:40:00
557228,17.700000000000003,6,1,15805,2011-06-17 13:42:00
557230,135.0,204,8,15181,2011-06-17 13:57:00
557232,337.84000000000003,220,23,12463,2011-06-17 14:28:00
557233,405.76,269,63,15356,2011-06-17 14:44:00
557235,245.5,108,11,17204,2011-06-17 14:45:00
557237,68.9,30,3,17204,2011-06-17 14:46:00
557247,1359.58,514,22,12731,2011-06-17 15:09:00
557248,213.73,99,13,14491,2011-06-17 15:22:00
557250,67.78999999999999,25,17,12748,2011-06-17 15:59:00
557251,147.95,320,15,14085,2011-06-17 16:07:00
557252,11.9,2,1,17961,2011-06-17 16:23:00
557255,163.2,64,1,17616,2011-06-19 10:11:00
557256,274.56,344,5,17282,2011-06-19 10:20:00
557257,535.86,150,9,14051,2011-06-19 10:34:00
557258,126.9,58,7,12951,2011-06-19 10:35:00
557259,191.94,98,7,15909,2011-06-19 10:38:00
557260,345.5,202,22,17932,2011-06-19 10:39:00
557261,192.05,37,8,13005,2011-06-19 10:53:00
557262,174.53,88,23,16923,2011-06-19 10:55:00
557263,5683.0599999999995,4718,52,14646,2011-06-19 11:08:00
557264,177.34,246,13,13618,2011-06-19 11:09:00
557265,341.81,106,13,13097,2011-06-19 11:10:00
557266,120.25,69,7,14878,2011-06-19 11:14:00
557267,245.82,269,43,16805,2011-06-19 11:23:00
557268,655.79,303,58,13097,2011-06-19 11:26:00
557270,111.68,32,12,14162,2011-06-19 11:36:00
557271,621.27,299,45,17769,2011-06-19 11:41:00
557272,535.0,100,1,17368,2011-06-19 11:42:00
557273,137.9,278,10,16050,2011-06-19 11:44:00
557274,580.34,356,28,14004,2011-06-19 11:44:00
557275,318.02,414,29,15544,2011-06-19 11:45:00
557276,184.23,202,35,16931,2011-06-19 12:05:00
557277,118.60000000000001,48,7,16484,2011-06-19 12:06:00
557278,1152.52,616,51,13089,2011-06-19 12:08:00
557279,226.39,167,18,18077,2011-06-19 12:10:00
557280,373.5,549,15,16701,2011-06-19 12:19:00
557281,201.57,77,25,13632,2011-06-19 12:23:00
557283,142.06,125,39,16813,2011-06-19 12:26:00
557284,133.07,63,12,17377,2011-06-19 12:29:00
557285,602.8,574,8,15046,2011-06-19 12:31:00
557286,178.51999999999998,45,6,17879,2011-06-19 12:36:00
557287,340.58,485,14,18109,2011-06-19 12:47:00
557289,144.23,91,24,16880,2011-06-19 12:58:00
557290,6.95,16,2,16880,2011-06-19 13:01:00
557291,388.98,144,10,18230,2011-06-19 13:01:00
557292,300.1,366,21,17562,2011-06-19 13:06:00
557293,249.95000000000002,57,25,16326,2011-06-19 13:26:00
557294,778.0,400,4,13629,2011-06-19 13:28:00
557295,125.46000000000001,63,7,12724,2011-06-19 13:37:00
557296,114.5,84,29,15334,2011-06-19 13:51:00
557297,239.35,145,14,12421,2011-06-19 13:54:00
557298,200.5,146,8,17519,2011-06-19 13:55:00
557299,562.4,174,32,13047,2011-06-19 13:56:00
557301,328.55,67,17,15373,2011-06-19 14:08:00
557302,236.44,184,11,13102,2011-06-19 14:15:00
557303,101.88,64,6,12450,2011-06-19 14:36:00
557304,132.95,24,8,16326,2011-06-19 14:40:00
557305,187.05,66,41,13568,2011-06-19 14:42:00
557306,234.6,40,7,18062,2011-06-19 14:47:00
557307,139.77,87,8,14820,2011-06-19 14:56:00
557308,109.96,47,29,16744,2011-06-19 15:13:00
557309,414.49,462,20,16493,2011-06-19 15:15:00
557310,111.2,36,7,13240,2011-06-19 15:33:00
557311,692.78,355,84,15700,2011-06-19 15:36:00
557312,408.45,234,20,17001,2011-06-19 15:47:00
557313,88.50000000000001,30,3,13524,2011-06-19 15:56:00
557314,223.74,131,11,12541,2011-06-19 15:59:00
557315,125.01,38,25,15535,2011-06-19 16:02:00
557316,151.63,228,18,17299,2011-06-19 16:04:00
557317,134.1,24,12,12837,2011-06-19 16:07:00
557318,303.3,84,14,14911,2011-06-19 16:11:00
557319,880.85,571,49,15076,2011-06-20 08:23:00
557320,321.3,54,4,15854,2011-06-20 08:50:00
557321,132.0,48,1,15854,2011-06-20 08:50:00
557322,1171.46,1092,57,17444,2011-06-20 09:04:00
557325,325.26,186,7,15291,2011-06-20 09:44:00
557326,479.45000000000005,205,20,14194,2011-06-20 09:50:00
557327,81.84,20,4,14194,2011-06-20 09:50:00
557328,154.67000000000002,61,59,14646,2011-06-20 09:53:00
557329,107.6,104,5,17227,2011-06-20 10:13:00
557330,361.98,358,28,14291,2011-06-20 10:20:00
557331,32.28,18,2,14291,2011-06-20 10:21:00
557332,22.5,6,1,14291,2011-06-20 10:21:00
557333,662.1,158,2,17723,2011-06-20 10:25:00
557349,298.44,154,18,16717,2011-06-20 10:34:00
557350,587.54,393,34,16670,2011-06-20 10:41:00
557351,13.0,4,1,16670,2011-06-20 10:42:00
557389,323.03000000000003,162,24,15921,2011-06-20 11:03:00
557397,131.14,71,38,17897,2011-06-20 11:23:00
557406,242.65,132,19,15747,2011-06-20 11:30:00
557407,97.95,37,11,14701,2011-06-20 11:33:00
557409,561.0400000000001,226,16,15410,2011-06-20 11:34:00
557410,109.58,61,15,14701,2011-06-20 11:36:00
557414,241.74,256,17,15840,2011-06-20 11:42:00
557416,90.0,72,1,17809,2011-06-20 11:49:00
557426,170.04,76,20,15016,2011-06-20 12:06:00
557427,1125.4,393,29,12429,2011-06-20 12:14:00
557428,750.0,200,1,17857,2011-06-20 12:24:00
557429,181.44,504,1,17857,2011-06-20 12:26:00
557430,375.0,100,1,16013,2011-06-20 12:27:00
557431,427.13,177,23,18260,2011-06-20 12:37:00
557442,667.72,474,83,14808,2011-06-20 12:53:00
557464,37.2,24,1,15301,2011-06-20 13:06:00
557466,1965.74,1357,83,13815,2011-06-20 13:08:00
557468,529.67,396,95,16713,2011-06-20 13:14:00
557469,244.69,165,32,12904,2011-06-20 13:18:00
557470,589.44,256,5,13798,2011-06-20 13:21:00
557471,532.94,220,20,15825,2011-06-20 13:27:00
557472,2862.06,1090,62,12432,2011-06-20 13:27:00
557473,524.5,216,28,17428,2011-06-20 13:28:00
557474,454.6,336,13,12432,2011-06-20 13:29:00
557476,342.11,103,16,18223,2011-06-20 13:41:00
557477,33.75,9,1,18223,2011-06-20 13:44:00
557483,250.50000000000003,51,2,12643,2011-06-20 14:17:00
557484,539.81,384,82,14796,2011-06-20 14:36:00
557485,2876.0,1600,6,15769,2011-06-20 14:38:00
557488,18.88,9,9,15581,2011-06-20 14:48:00
557489,484.06,211,20,12490,2011-06-20 14:58:00
557490,243.84000000000003,96,2,13199,2011-06-20 15:06:00
557492,183.63,535,20,13717,2011-06-20 15:08:00
557498,107.04,52,2,12971,2011-06-20 15:22:00
557499,185.78,78,9,16320,2011-06-20 15:25:00
557503,488.54,296,15,16839,2011-06-20 15:47:00
557504,215.6,40,2,16839,2011-06-20 15:48:00
557509,500.0,400,1,15389,2011-06-20 16:18:00
557510,305.04,204,2,17588,2011-06-20 16:19:00
557513,3.9,2,1,15700,2011-06-20 16:53:00
557514,173.42000000000002,108,17,14667,2011-06-20 16:58:00
557517,179.0,100,1,15125,2011-06-20 17:09:00
557518,113.12,154,16,15280,2011-06-20 17:14:00
557523,100.92,120,4,12971,2011-06-21 08:27:00
557524,38.08,16,5,12748,2011-06-21 09:18:00
557525,637.72,353,39,12759,2011-06-21 09:26:00
557526,91.8,52,3,14397,2011-06-21 09:30:00
557527,712.3,402,9,13941,2011-06-21 09:44:00
557528,528.45,305,30,17159,2011-06-21 09:49:00
557529,385.78000000000003,154,5,15189,2011-06-21 09:58:00
557560,309.1,112,16,15329,2011-06-21 10:37:00
557568,108.94,190,8,17629,2011-06-21 10:40:00
557569,427.76,272,24,12474,2011-06-21 10:46:00
557570,329.84,269,69,15998,2011-06-21 10:48:00
557571,2221.84,2668,13,12830,2011-06-21 10:53:00
557572,870.3,429,8,15061,2011-06-21 10:55:00
557573,69.12,96,1,15061,2011-06-21 10:56:00
557577,112.09,108,29,14606,2011-06-21 11:02:00
557583,13.200000000000001,24,1,14776,2011-06-21 11:07:00
557595,475.86,160,41,15507,2011-06-21 11:19:00
557598,202.62,127,23,14667,2011-06-21 11:33:00
557601,69.89999999999999,18,3,18252,2011-06-21 11:47:00
557602,379.72,156,9,14110,2011-06-21 11:57:00
557603,290.36,106,15,16526,2011-06-21 12:02:00
557604,653.3000000000001,271,44,15039,2011-06-21 12:03:00
557605,147.39999999999998,49,3,14911,2011-06-21 12:06:00
557611,353.6,358,18,17695,2011-06-21 12:35:00
557612,246.54,493,9,14460,2011-06-21 12:40:00
557614,313.8,636,10,16394,2011-06-21 13:22:00
557615,648.6,310,24,15498,2011-06-21 13:24:00
557616,221.56,108,14,12930,2011-06-21 13:25:00
557617,327.45,39,8,14543,2011-06-21 13:37:00
557618,88.3,20,2,14960,2011-06-21 13:38:00
557619,195.9,104,30,17757,2011-06-21 13:58:00
557620,133.53,79,11,14408,2011-06-21 13:58:00
557621,1870.2,582,90,12444,2011-06-21 14:00:00
557622,73.78,41,26,17960,2011-06-21 14:15:00
557623,47.0,36,5,15498,2011-06-21 14:15:00
557625,469.72,336,27,15159,2011-06-21 14:23:00
557626,883.41,480,43,14175,2011-06-21 14:29:00
557627,257.3,351,12,12583,2011-06-21 14:30:00
557628,1966.66,1226,29,15311,2011-06-21 14:31:00
557630,591.73,290,31,13178,2011-06-21 14:53:00
557631,410.34000000000003,178,10,18229,2011-06-21 15:01:00
557632,260.66,116,14,17420,2011-06-21 15:07:00
557633,302.39,95,10,13750,2011-06-21 15:13:00
557634,190.53,108,10,15412,2011-06-21 15:24:00
557635,194.89000000000001,157,22,12748,2011-06-21 15:27:00
557636,349.18,205,73,17841,2011-06-21 15:41:00
557639,246.73999999999998,313,41,12933,2011-06-21 16:13:00
557662,7.7,4,3,13630,2011-06-21 17:51:00
557667,309.81,91,6,15606,2011-06-22 08:30:00
557668,30.0,24,1,17828,2011-06-22 09:02:00
557669,390.06,272,20,12674,2011-06-22 09:43:00
557670,1607.04,2256,6,12798,2011-06-22 10:11:00
557671,593.5799999999999,332,38,13849,2011-06-22 10:11:00
557672,135.75000000000003,43,8,16114,2011-06-22 10:13:00
557673,1581.85,883,13,16180,2011-06-22 10:15:00
557674,1754.97,1967,14,16422,2011-06-22 10:19:00
557676,600.03,314,28,15804,2011-06-22 10:28:00
557681,193.5,31,2,14463,2011-06-22 10:31:00
557734,462.38,386,14,12684,2011-06-22 11:20:00
557735,313.08000000000004,100,9,16214,2011-06-22 11:30:00
557736,55.8,74,4,13420,2011-06-22 11:35:00
557739,116.28000000000002,173,9,13780,2011-06-22 11:43:00
557742,526.16,309,19,14911,2011-06-22 11:46:00
557743,152.63,105,11,18155,2011-06-22 11:59:00
557744,406.33,386,25,15194,2011-06-22 12:09:00
557745,497.26,489,66,15750,2011-06-22 12:16:00
557746,163.91,75,41,15059,2011-06-22 12:24:00
557747,333.57,237,17,13611,2011-06-22 12:25:00
557748,86.65,32,14,14527,2011-06-22 12:32:00
557749,249.76,239,14,13477,2011-06-22 12:44:00
557750,300.06,426,18,16841,2011-06-22 12:50:00
557751,250.09,99,12,14092,2011-06-22 12:56:00
557752,29.700000000000003,6,1,14092,2011-06-22 12:57:00
557753,237.61,98,12,17877,2011-06-22 13:00:00
557754,700.0,1,1,12432,2011-06-22 13:12:00
557755,441.48,144,10,14733,2011-06-22 13:14:00
557757,100.67,64,13,14606,2011-06-22 13:28:00
557758,280.74,380,59,17585,2011-06-22 13:28:00
557759,493.03999999999996,281,28,14156,2011-06-22 13:52:00
557760,542.7,598,7,12901,2011-06-22 13:57:00
557761,183.56,305,17,14214,2011-06-22 13:59:00
557762,507.07,326,29,15810,2011-06-22 14:01:00
557763,453.72,300,21,17669,2011-06-22 14:10:00
557764,987.08,522,38,13089,2011-06-22 14:21:00
557765,114.56,182,16,16247,2011-06-22 14:23:00
557766,183.76,88,3,16566,2011-06-22 14:24:00
557767,17.4,12,1,13089,2011-06-22 14:24:00
557769,195.16,70,9,16626,2011-06-22 14:38:00
557770,335.87,429,16,14643,2011-06-22 14:41:00
557771,374.81,235,25,15601,2011-06-22 14:43:00
557772,222.0,156,11,16458,2011-06-22 14:47:00
557774,123.62,38,5,13695,2011-06-22 15:00:00
557775,332.16,144,2,16966,2011-06-22 15:06:00
557776,630.84,366,40,14422,2011-06-22 15:07:00
557781,52.5,42,1,17389,2011-06-22 15:30:00
557782,406.3,112,20,14640,2011-06-22 15:41:00
557783,4.94,4,3,12748,2011-06-22 15:43:00
557785,330.55,257,11,14364,2011-06-22 15:50:00
557786,141.14,62,17,15550,2011-06-22 16:01:00
557787,179.93,103,66,15041,2011-06-22 16:16:00
557788,33.16,7,4,14088,2011-06-22 16:32:00
557789,459.84,211,20,12379,2011-06-22 16:32:00
557790,403.81,191,21,14099,2011-06-22 16:33:00
557792,302.25,39,10,16987,2011-06-22 16:44:00
557793,231.23,153,30,14998,2011-06-22 17:30:00
557794,142.5,298,8,16287,2011-06-23 09:08:00
557795,1064.22,822,10,13881,2011-06-23 09:14:00
557796,202.4,48,2,13881,2011-06-23 09:15:00
557797,206.2,108,10,12919,2011-06-23 09:22:00
557798,910.98,812,47,16187,2011-06-23 09:38:00
557799,707.05,591,44,14854,2011-06-23 09:53:00
557800,7.95,1,1,12748,2011-06-23 09:56:00
557801,573.54,242,29,13319,2011-06-23 10:14:00
557802,330.11,197,22,15130,2011-06-23 10:15:00
557803,329.56,157,13,12704,2011-06-23 10:20:00
557804,311.52,220,11,18198,2011-06-23 10:24:00
557805,344.1,192,22,17651,2011-06-23 10:27:00
557846,443.82,530,43,17365,2011-06-23 10:44:00
557848,88.62,78,5,15220,2011-06-23 10:52:00
557849,308.35,145,15,17613,2011-06-23 10:52:00
557850,276.93,145,16,12720,2011-06-23 10:56:00
557852,338.84,348,21,15384,2011-06-23 10:57:00
557853,801.0,434,21,16258,2011-06-23 11:01:00
557854,307.47,297,43,13268,2011-06-23 11:38:00
557855,127.19,69,20,16806,2011-06-23 11:46:00
557856,86.31,81,5,16647,2011-06-23 11:47:00
557857,110.69999999999999,78,8,17370,2011-06-23 11:50:00
557858,311.23,288,81,14159,2011-06-23 11:51:00
557859,137.45,17,7,17709,2011-06-23 11:55:00
557860,168.1,46,7,17630,2011-06-23 11:58:00
557861,220.83,111,13,13437,2011-06-23 12:13:00
557864,173.85,211,12,15253,2011-06-23 12:19:00
557869,6.8999999999999995,4,3,17961,2011-06-23 12:21:00
557870,314.7,312,21,14404,2011-06-23 12:36:00
557871,300.78000000000003,130,13,13458,2011-06-23 12:41:00
557872,370.85,187,19,14911,2011-06-23 12:42:00
557873,14.850000000000001,3,1,17659,2011-06-23 12:51:00
557875,371.89,203,20,13300,2011-06-23 13:09:00
557877,130.8,38,8,15379,2011-06-23 13:13:00
557878,1110.68,687,103,16940,2011-06-23 13:13:00
557880,1.45,1,1,14911,2011-06-23 13:16:00
557881,302.16,360,12,14401,2011-06-23 13:22:00
557884,145.2,72,16,17759,2011-06-23 13:35:00
557885,440.94,294,26,12465,2011-06-23 13:37:00
557886,565.21,231,75,17799,2011-06-23 13:39:00
557887,21.95,5,2,17759,2011-06-23 13:41:00
557888,157.94,80,47,14656,2011-06-23 13:51:00
557889,514.5,358,28,12412,2011-06-23 13:51:00
557891,720.03,437,40,17652,2011-06-23 14:05:00
557892,419.19,197,63,14534,2011-06-23 14:11:00
557893,348.59999999999997,268,11,15228,2011-06-23 14:12:00
557894,291.38,171,12,14818,2011-06-23 14:13:00
557896,114.88,43,20,17611,2011-06-23 14:22:00
557897,382.25,189,19,13881,2011-06-23 14:25:00
557898,517.05,509,24,17314,2011-06-23 14:35:00
557900,617.7,323,22,13098,2011-06-23 14:36:00
557933,460.75,133,16,13014,2011-06-23 15:07:00
557935,429.79999999999995,100,7,13929,2011-06-23 15:26:00
557939,390.5,162,19,12697,2011-06-23 15:44:00
557940,179.0,100,1,18017,2011-06-23 15:48:00
557942,114.1,28,7,13725,2011-06-23 16:02:00
557948,158.85,123,9,13937,2011-06-23 16:35:00
557949,437.75,293,24,15530,2011-06-23 17:20:00
557950,144.56,41,16,17848,2011-06-23 17:35:00
557951,181.45000000000002,83,10,14825,2011-06-23 17:53:00
557952,213.45,82,14,14584,2011-06-23 18:33:00
557953,35.01,40,6,12748,2011-06-23 18:42:00
557954,817.83,257,67,15023,2011-06-23 18:44:00
557955,269.90999999999997,149,14,16175,2011-06-23 18:59:00
557956,192.8,146,68,18283,2011-06-23 19:20:00
557957,551.72,253,49,13969,2011-06-23 19:20:00
557958,305.7,166,20,16161,2011-06-23 19:27:00
557959,228.7,64,16,17351,2011-06-23 19:29:00
557960,145.04,84,35,15453,2011-06-23 19:46:00
557961,214.4,92,10,18257,2011-06-24 08:40:00
557962,736.78,465,34,13709,2011-06-24 09:22:00
557963,327.6,162,19,13709,2011-06-24 09:24:00
557964,272.26,165,10,15498,2011-06-24 09:27:00
557966,607.2,128,3,15187,2011-06-24 09:38:00
557967,497.90000000000003,168,15,17704,2011-06-24 09:40:00
557968,671.9,168,13,17061,2011-06-24 09:43:00
557969,169.5,230,4,13856,2011-06-24 10:03:00
557970,41.9,6,3,16915,2011-06-24 10:11:00
557972,185.64000000000001,73,9,12500,2011-06-24 10:16:00
557973,293.96,204,15,12955,2011-06-24 10:26:00
557974,301.9,100,7,14541,2011-06-24 10:31:00
557975,438.8,244,15,15981,2011-06-24 10:33:00
557976,158.99,129,18,18118,2011-06-24 10:33:00
557995,262.87,193,35,17979,2011-06-24 10:44:00
558006,119.85000000000001,3,1,16626,2011-06-24 10:47:00
558027,309.8,236,13,14032,2011-06-24 11:08:00
558028,374.4,385,27,15128,2011-06-24 11:39:00
558030,170.51,61,8,16419,2011-06-24 12:00:00
558031,168.55,37,9,14180,2011-06-24 12:14:00
558035,307.5,64,18,15258,2011-06-24 12:30:00
558038,200.47,88,11,18219,2011-06-24 12:43:00
558039,68.5,38,4,18219,2011-06-24 12:44:00
558040,177.46,142,9,14309,2011-06-24 12:51:00
558041,417.36,175,18,12422,2011-06-24 13:20:00
558042,241.47,125,16,13870,2011-06-24 13:26:00
558043,773.08,520,27,13425,2011-06-24 13:28:00
558044,112.5,34,5,13870,2011-06-24 13:29:00
558045,634.74,413,31,12615,2011-06-24 13:35:00
558049,116.16,239,41,15850,2011-06-24 14:16:00
558053,312.85,119,16,15027,2011-06-24 14:33:00
558054,60.9,118,3,12971,2011-06-24 14:36:00
558056,229.26,162,10,15186,2011-06-24 14:54:00
558057,765.79,492,39,15665,2011-06-24 14:57:00
558058,365.11,251,26,14766,2011-06-24 15:00:00
558062,603.96,340,6,13784,2011-06-24 15:17:00
558063,513.74,518,48,16395,2011-06-24 15:28:00
558065,63.25,23,2,16419,2011-06-24 15:33:00
558067,930.71,571,37,14156,2011-06-24 15:51:00
558069,69.6,48,4,14156,2011-06-24 15:51:00
558070,20.4,24,1,12843,2011-06-24 15:59:00
558073,371.76,320,27,13004,2011-06-24 16:21:00
558074,937.0,700,7,13791,2011-06-24 16:38:00
558075,484.4,116,24,17858,2011-06-24 17:07:00
558076,913.36,174,21,14031,2011-06-24 17:35:00
558077,708.06,574,20,13408,2011-06-26 10:59:00
558078,35.400000000000006,12,1,13408,2011-06-26 11:00:00
558079,151.66,42,4,17402,2011-06-26 11:01:00
558083,108.53,83,10,17284,2011-06-26 11:47:00
558084,465.18,550,35,14837,2011-06-26 11:47:00
558085,387.47,173,19,13021,2011-06-26 11:53:00
558086,221.38,110,48,16728,2011-06-26 11:58:00
558087,135.37,164,33,17323,2011-06-26 12:04:00
558089,667.03,408,27,13505,2011-06-26 12:36:00
558090,79.9,2,1,14808,2011-06-26 12:51:00
558092,172.89,20,14,14808,2011-06-26 12:54:00
558093,103.0,21,7,17969,2011-06-26 13:00:00
558094,131.45000000000002,17,6,14795,2011-06-26 13:04:00
558096,536.59,171,91,15532,2011-06-26 13:24:00
558098,222.32,142,14,18044,2011-06-26 13:31:00
558099,849.36,417,65,17593,2011-06-26 13:45:00
558100,385.83,123,22,17768,2011-06-26 13:46:00
558101,196.64,110,12,18112,2011-06-26 13:56:00
558102,185.82,68,38,17372,2011-06-26 14:06:00
558103,413.6,80,12,13767,2011-06-26 14:08:00
558104,184.82,56,23,13668,2011-06-26 14:28:00
558105,380.35,271,114,15644,2011-06-26 14:54:00
558107,124.76,75,13,17811,2011-06-26 15:09:00
558108,95.19999999999999,49,5,12548,2011-06-26 15:35:00
558109,44.25,15,1,12474,2011-06-26 15:36:00
558111,45.5,7,6,17114,2011-06-26 16:06:00
558113,616.1700000000001,314,34,14911,2011-06-27 08:48:00
558114,200.15,79,12,14911,2011-06-27 08:49:00
558115,573.7,397,34,16003,2011-06-27 08:50:00
558121,171.98,58,9,13453,2011-06-27 09:34:00
558122,348.12,256,14,16570,2011-06-27 09:35:00
558123,510.45,271,30,15834,2011-06-27 10:16:00
558124,201.24,119,10,12493,2011-06-27 10:17:00
558125,1112.32,656,9,16422,2011-06-27 10:20:00
558126,666.06,251,8,15482,2011-06-27 10:29:00
558127,406.8,120,1,13777,2011-06-27 10:42:00
558159,167.59,70,14,16904,2011-06-27 11:50:00
558181,248.7,226,4,17980,2011-06-27 12:01:00
558182,434.0400000000001,228,5,17386,2011-06-27 12:11:00
558183,141.03,53,18,15996,2011-06-27 12:13:00
558191,154.15,72,21,16869,2011-06-27 12:16:00
558192,348.0,200,2,16029,2011-06-27 12:23:00
558193,768.0,288,6,16029,2011-06-27 12:25:00
558194,162.82,172,51,14583,2011-06-27 12:28:00
558195,701.88,528,36,17735,2011-06-27 12:32:00
558196,626.41,267,83,16033,2011-06-27 12:38:00
558197,666.68,1716,20,14298,2011-06-27 12:45:00
558198,111.25999999999999,70,19,14104,2011-06-27 12:49:00
558199,163.29999999999998,50,12,17110,2011-06-27 12:58:00
558200,217.65,150,46,15976,2011-06-27 13:00:00
558201,318.2,196,2,15838,2011-06-27 13:12:00
558203,179.28000000000003,72,1,17386,2011-06-27 13:51:00
558204,243.76,124,16,18193,2011-06-27 13:58:00
558232,432.7,317,96,17841,2011-06-27 14:30:00
558233,339.26,263,9,18073,2011-06-27 14:36:00
558234,65.39999999999999,60,2,18073,2011-06-27 14:37:00
558235,453.69,201,34,16242,2011-06-27 14:41:00
558237,613.91,592,74,12867,2011-06-27 15:04:00
558241,310.12,292,9,15932,2011-06-27 15:28:00
558247,130.85,31,12,14167,2011-06-27 16:46:00
558248,576.08,392,9,13798,2011-06-27 16:48:00
558259,110.30000000000001,26,6,15304,2011-06-28 08:19:00
558260,310.0,286,14,16945,2011-06-28 08:38:00
558261,10.08,24,1,16945,2011-06-28 08:39:00
558262,10174.94,8998,72,14646,2011-06-28 08:45:00
558263,1113.6000000000001,424,11,14646,2011-06-28 08:50:00
558264,98.3,50,5,16473,2011-06-28 09:10:00
558265,376.3,92,8,12747,2011-06-28 10:06:00
558271,382.46000000000004,188,15,13895,2011-06-28 10:17:00
558276,62.400000000000006,96,1,16422,2011-06-28 10:18:00
558293,216.95,377,18,13656,2011-06-28 10:31:00
558294,339.3,78,3,16545,2011-06-28 10:37:00
558295,333.65,255,18,14481,2011-06-28 10:38:00
558310,1382.88,656,3,16671,2011-06-28 11:20:00
558311,2739.92,1588,20,14646,2011-06-28 11:22:00
558314,361.8,144,3,16672,2011-06-28 11:38:00
558315,1452.35,460,66,15065,2011-06-28 11:44:00
558317,173.8,46,3,14688,2011-06-28 11:46:00
558325,51.0,12,1,14351,2011-06-28 11:56:00
558328,492.94,559,28,15146,2011-06-28 12:09:00
558330,289.24,207,32,12748,2011-06-28 12:16:00
558331,407.04,384,2,17391,2011-06-28 12:21:00
558332,59.599999999999994,8,2,18241,2011-06-28 13:09:00
558333,500.0,400,1,13953,2011-06-28 13:10:00
558334,134.28,109,8,12599,2011-06-28 13:11:00
558335,254.18,174,15,17442,2011-06-28 13:16:00
558336,315.6,182,13,14364,2011-06-28 13:17:00
558338,222.9,134,13,16824,2011-06-28 13:36:00
558339,174.04999999999998,133,15,16928,2011-06-28 13:55:00
558341,173.56,78,8,14741,2011-06-28 14:20:00
558348,307.99,223,17,17188,2011-06-28 14:50:00
558350,82.66,38,3,17188,2011-06-28 14:51:00
558351,273.9,106,7,13767,2011-06-28 14:52:00
558352,107.5,430,1,17940,2011-06-28 14:54:00
558353,108.0,432,1,17940,2011-06-28 14:55:00
558355,573.13,218,75,13614,2011-06-28 14:58:00
558356,15.0,12,1,14854,2011-06-28 14:58:00
558358,140.06,94,22,17965,2011-06-28 15:05:00
558362,1353.2,648,6,16029,2011-06-28 15:14:00
558363,530.4,144,2,16029,2011-06-28 15:15:00
558365,250.0,40,1,13631,2011-06-28 15:28:00
558366,510.72,96,1,13631,2011-06-28 15:30:00
558367,345.92,227,42,16550,2011-06-28 15:31:00
558368,960.08,803,57,14329,2011-06-28 15:36:00
558370,288.08,407,38,17750,2011-06-28 15:44:00
558372,550.57,231,58,16200,2011-06-28 15:47:00
558375,376.92,162,13,13418,2011-06-28 16:02:00
558376,60.8,80,5,13418,2011-06-28 16:03:00
558381,600.0,1,1,15299,2011-06-28 17:01:00
558382,322.53,261,17,17997,2011-06-28 17:28:00
558383,282.23,147,15,18075,2011-06-29 08:58:00
558384,395.7,84,7,17389,2011-06-29 09:09:00
558385,478.08,336,7,16525,2011-06-29 09:13:00
558386,47.92,88,6,14883,2011-06-29 09:32:00
558387,101.76,96,1,17391,2011-06-29 09:58:00
558389,242.09,201,15,14383,2011-06-29 10:18:00
558390,576.4,424,12,13461,2011-06-29 10:23:00
558416,303.6,123,37,16059,2011-06-29 10:50:00
558417,2822.7400000000002,2086,25,14156,2011-06-29 10:50:00
558418,259.98,208,10,12901,2011-06-29 11:35:00
558419,335.33,177,10,17702,2011-06-29 11:41:00
558420,178.63,89,28,14577,2011-06-29 11:46:00
558421,60.660000000000004,30,2,15611,2011-06-29 11:47:00
558430,227.70000000000002,104,11,13238,2011-06-29 12:12:00
558431,106.15,17,3,14911,2011-06-29 12:15:00
558432,342.21000000000004,225,16,17730,2011-06-29 12:16:00
558435,474.18,226,18,13078,2011-06-29 12:37:00
558437,175.89,112,26,17799,2011-06-29 12:46:00
558440,32.65,3,2,17408,2011-06-29 12:53:00
558441,145.48,68,49,14606,2011-06-29 12:59:00
558442,110.92,29,24,15537,2011-06-29 13:10:00
558443,403.44,200,6,15189,2011-06-29 13:20:00
558447,856.32,480,8,15311,2011-06-29 13:40:00
558452,258.12,134,13,15208,2011-06-29 13:51:00
558454,305.0,114,16,17063,2011-06-29 13:58:00
558455,311.65,139,12,14327,2011-06-29 13:58:00
558456,47.5,10,2,17063,2011-06-29 13:59:00
558458,125.95,14,12,14527,2011-06-29 14:17:00
558459,108.79,75,31,15334,2011-06-29 14:20:00
558460,406.46,270,14,16779,2011-06-29 14:53:00
558461,185.85,104,47,13263,2011-06-29 15:03:00
558462,326.34,271,21,13982,2011-06-29 15:11:00
558467,170.42000000000002,44,14,17757,2011-06-29 15:22:00
558470,140.85,15,4,16801,2011-06-29 15:33:00
558472,547.44,408,4,16553,2011-06-29 15:40:00
558473,237.2,200,2,16553,2011-06-29 15:41:00
558474,204.0,48,1,16553,2011-06-29 15:42:00
558478,114.35000000000001,41,9,16775,2011-06-29 16:07:00
558479,119.8,28,12,17837,2011-06-29 16:44:00
558480,145.75,63,9,15271,2011-06-30 08:17:00
558481,483.01,149,20,17675,2011-06-30 09:02:00
558482,13.200000000000001,24,1,16570,2011-06-30 09:56:00
558483,219.83,53,10,18171,2011-06-30 09:59:00
558484,679.88,250,25,14267,2011-06-30 10:09:00
558501,615.09,257,37,13871,2011-06-30 10:19:00
558523,2231.3,2105,3,17949,2011-06-30 10:44:00
558524,187.78,84,7,13113,2011-06-30 10:52:00
558526,13355.4,4332,8,17949,2011-06-30 11:01:00
558527,1.65,1,1,12748,2011-06-30 11:02:00
558528,812.0,560,1,17949,2011-06-30 11:02:00
558529,23.2,16,1,17949,2011-06-30 11:22:00
558532,324.66,149,28,15039,2011-06-30 11:32:00
558533,530.47,287,31,16717,2011-06-30 11:49:00
558534,567.42,521,38,13988,2011-06-30 11:54:00
558535,256.67,120,42,16904,2011-06-30 12:04:00
558536,1466.3200000000002,532,23,12424,2011-06-30 12:06:00
558537,294.64000000000004,208,7,12424,2011-06-30 12:06:00
558538,245.37,191,43,15005,2011-06-30 12:12:00
558539,445.42,217,29,16556,2011-06-30 12:14:00
558540,2662.17,965,88,17706,2011-06-30 12:15:00
558542,368.3,123,29,13593,2011-06-30 12:23:00
558552,1948.92,1044,9,13694,2011-06-30 12:42:00
558554,2390.4,576,1,17949,2011-06-30 12:50:00
558555,127.1,52,13,15578,2011-06-30 13:03:00
558556,131.06,94,29,17954,2011-06-30 13:14:00
558557,428.40000000000003,88,8,13282,2011-06-30 13:17:00
558558,299.09000000000003,205,54,17841,2011-06-30 13:17:00
558560,5.95,1,1,17841,2011-06-30 13:23:00
558561,199.7,26,8,13742,2011-06-30 13:25:00
558562,309.9,242,9,16401,2011-06-30 13:28:00
558563,344.92,192,20,14561,2011-06-30 13:43:00
558564,482.6,309,29,14057,2011-06-30 13:45:00
558565,114.76,106,25,14803,2011-06-30 13:58:00
558567,318.9,196,15,14191,2011-06-30 14:37:00
558568,363.78,257,22,16316,2011-06-30 14:37:00
558570,142.52,130,21,17673,2011-06-30 14:38:00
558571,810.26,698,31,17017,2011-06-30 14:46:00
558572,228.1,120,8,14282,2011-06-30 14:47:00
558573,30.0,8,1,17017,2011-06-30 14:47:00
558574,97.2,84,4,17017,2011-06-30 14:48:00
558608,289.1,167,12,12524,2011-06-30 15:30:00
558611,57.900000000000006,34,3,16475,2011-06-30 15:35:00
558612,877.6800000000001,828,2,17949,2011-06-30 15:40:00
558613,756.36,394,30,14911,2011-06-30 15:46:00
558616,269.4,157,16,16045,2011-06-30 16:22:00
558619,316.7,314,14,14401,2011-06-30 16:28:00
558620,150.4,48,35,15584,2011-06-30 16:39:00
558621,300.04,496,25,13745,2011-06-30 16:43:00
558622,120.05000000000001,33,5,16357,2011-06-30 16:51:00
558623,163.9,103,10,12395,2011-06-30 16:52:00
558624,17.0,2,1,14560,2011-06-30 17:16:00
558625,301.06,190,18,14132,2011-06-30 17:29:00
558626,95.28,47,6,12569,2011-06-30 17:34:00
558627,311.86,7,6,14711,2011-06-30 17:40:00
558628,814.74,583,44,12626,2011-06-30 17:59:00
558629,32.4,24,2,15615,2011-06-30 18:04:00
558630,646.82,310,28,15615,2011-06-30 18:07:00
558631,161.89000000000001,67,25,17921,2011-06-30 18:17:00
558632,303.53999999999996,349,15,17930,2011-06-30 18:44:00
558633,294.65000000000003,174,14,16745,2011-06-30 19:13:00
558634,264.8,38,16,14506,2011-06-30 19:27:00
558635,91.22,42,14,16498,2011-06-30 19:52:00
558636,165.5,60,17,14702,2011-06-30 19:58:00
558637,203.85999999999999,393,34,17891,2011-06-30 20:08:00
558638,462.58,256,24,16317,2011-07-01 08:16:00
558639,360.8,152,13,13492,2011-07-01 08:55:00
558640,138.5,82,8,14911,2011-07-01 08:58:00
558641,831.34,330,29,17865,2011-07-01 09:19:00
558642,394.34000000000003,182,21,17667,2011-07-01 09:47:00
558643,410.90000000000003,202,15,13534,2011-07-01 09:51:00
558644,679.1,19,2,14156,2011-07-01 10:16:00
558647,439.74,212,26,14868,2011-07-01 10:39:00
558653,17.4,12,1,14868,2011-07-01 10:40:00
558671,345.29999999999995,246,9,17123,2011-07-01 10:47:00
558679,124.9,81,20,17800,2011-07-01 10:58:00
558684,976.58,697,45,14016,2011-07-01 11:29:00
558685,276.8,108,14,17706,2011-07-01 11:32:00
558686,184.2,137,11,17706,2011-07-01 11:33:00
558687,298.64,285,16,12598,2011-07-01 11:43:00
558696,587.3,336,53,16746,2011-07-01 12:09:00
558699,153.22,79,10,12494,2011-07-01 12:17:00
558700,295.38,267,68,17920,2011-07-01 12:33:00
558701,108.94999999999999,21,5,16866,2011-07-01 12:34:00
558702,151.62,80,30,12748,2011-07-01 12:45:00
558703,306.75,239,22,13730,2011-07-01 12:47:00
558704,658.85,287,26,17505,2011-07-01 12:50:00
558705,37.78,34,22,12748,2011-07-01 12:52:00
558706,416.96000000000004,320,4,16839,2011-07-01 12:52:00
558707,96.61,118,33,12748,2011-07-01 12:58:00
558708,10.76,6,5,12748,2011-07-01 13:01:00
558709,596.33,330,73,17338,2011-07-01 13:02:00
558710,26.46,13,9,15483,2011-07-01 13:04:00
558711,18.830000000000002,13,8,15483,2011-07-01 13:05:00
558713,69.02,122,14,15483,2011-07-01 13:07:00
558714,128.27,349,13,17888,2011-07-01 13:17:00
558717,71.4,61,4,12710,2011-07-01 13:22:00
558718,117.68,112,9,16589,2011-07-01 13:31:00
558719,351.48,132,3,13576,2011-07-01 13:48:00
558721,8.25,1,1,14338,2011-07-01 14:08:00
558729,440.64,424,14,13450,2011-07-01 14:51:00
558731,796.83,540,55,13285,2011-07-01 14:53:00
558734,9.75,3,1,16498,2011-07-01 15:07:00
558737,13.370000000000001,4,4,17988,2011-07-01 15:22:00
558738,405.38,370,28,12922,2011-07-01 15:35:00
558740,111.7,28,7,16775,2011-07-01 15:39:00
558746,215.75,143,18,14415,2011-07-01 17:23:00
558747,318.90999999999997,53,6,15465,2011-07-03 10:11:00
558748,115.75,71,8,17800,2011-07-03 10:23:00
558749,155.34,29,15,16326,2011-07-03 10:28:00
558750,450.81,257,21,18226,2011-07-03 10:47:00
558751,441.59000000000003,196,55,16009,2011-07-03 11:26:00
558752,272.26,146,39,16931,2011-07-03 11:40:00
558754,399.15999999999997,276,47,15518,2011-07-03 12:10:00
558755,154.25,115,2,14053,2011-07-03 12:21:00
558756,294.3,92,12,12843,2011-07-03 12:21:00
558757,219.01,93,23,13148,2011-07-03 12:22:00
558758,99.14,40,12,17939,2011-07-03 12:27:00
558759,247.52,186,24,13148,2011-07-03 12:36:00
558760,247.25,158,22,16918,2011-07-03 12:38:00
558761,169.8,100,50,15033,2011-07-03 12:52:00
558762,406.18,41,12,15023,2011-07-03 13:05:00
558763,209.51999999999998,160,23,12841,2011-07-03 13:08:00
558765,145.8,178,10,17312,2011-07-03 13:12:00
558766,306.33000000000004,107,7,14257,2011-07-03 13:24:00
558767,383.85,117,28,13833,2011-07-03 13:27:00
558768,76.55,17,12,15952,2011-07-03 13:33:00
558769,154.55,170,29,17899,2011-07-03 14:58:00
558770,115.55,60,26,12748,2011-07-03 15:19:00
558771,346.38,334,52,17105,2011-07-03 15:53:00
558772,156.91,69,12,15007,2011-07-03 16:00:00
558773,86.02,26,10,17781,2011-07-03 16:00:00
558775,7786.0,1700,6,18102,2011-07-04 10:20:00
558776,5496.0,1200,6,18102,2011-07-04 10:20:00
558778,471.22,360,31,17160,2011-07-04 10:27:00
558779,100.8,48,4,16682,2011-07-04 10:42:00
558812,750.9,346,34,16265,2011-07-04 11:35:00
558813,474.36,259,16,12682,2011-07-04 11:42:00
558814,226.93,135,23,14049,2011-07-04 11:47:00
558841,30.0,1,1,12471,2011-07-04 11:59:00
558860,244.43,128,40,17975,2011-07-04 12:18:00
558861,1067.8799999999999,486,56,13373,2011-07-04 12:19:00
558862,1561.0900000000001,856,77,13901,2011-07-04 12:25:00
558863,261.02,128,21,17243,2011-07-04 12:28:00
558867,109.33,40,12,17765,2011-07-04 12:41:00
558868,375.22,374,16,13266,2011-07-04 12:47:00
558870,1128.6,228,3,14145,2011-07-04 12:58:00
558871,4146.34,1506,15,12557,2011-07-04 13:19:00
558872,289.96000000000004,220,9,17464,2011-07-04 13:19:00
558873,457.3,270,15,15290,2011-07-04 13:28:00
558875,153.13,81,24,13301,2011-07-04 13:35:00
558876,345.72,189,49,17841,2011-07-04 13:36:00
558877,247.4,211,71,17841,2011-07-04 13:50:00
558878,126.62,85,18,16385,2011-07-04 13:53:00
558879,369.56,204,18,12921,2011-07-04 14:07:00
558880,70.8,8,2,12921,2011-07-04 14:08:00
558881,998.4200000000001,863,60,12705,2011-07-04 14:36:00
558885,227.95000000000002,109,12,13267,2011-07-04 15:10:00
558886,49.5,22,4,13267,2011-07-04 15:13:00
558887,488.55,224,29,18265,2011-07-04 15:26:00
558888,653.68,283,83,14056,2011-07-04 15:29:00
558891,70.80000000000001,24,2,16861,2011-07-04 15:38:00
558892,298.74,333,18,17581,2011-07-04 15:46:00
558893,62.6,88,5,17581,2011-07-04 15:49:00
558894,101.10000000000001,18,1,16344,2011-07-04 15:50:00
558895,389.68,1,1,12619,2011-07-04 15:54:00
558900,107.7,77,12,15349,2011-07-04 16:06:00
558902,770.07,395,25,13001,2011-07-04 16:08:00
558906,431.96999999999997,556,92,15555,2011-07-04 16:35:00
558908,487.02,256,19,13338,2011-07-05 09:06:00
558909,789.6600000000001,394,8,13408,2011-07-05 09:10:00
558910,1141.2,576,5,12989,2011-07-05 09:16:00
558911,321.46,236,18,14189,2011-07-05 09:23:00
558912,31.25,25,1,17024,2011-07-05 09:31:00
558916,663.18,206,12,16985,2011-07-05 09:33:00
558917,838.8000000000001,24,1,12980,2011-07-05 09:34:00
558918,107.60000000000001,24,7,15646,2011-07-05 09:53:00
558919,455.45000000000005,235,23,15078,2011-07-05 09:56:00
558920,104.34,34,5,15078,2011-07-05 09:57:00
558921,20.8,10,1,15078,2011-07-05 09:57:00
558922,157.4,40,9,16782,2011-07-05 10:06:00
558923,97.0,20,4,16837,2011-07-05 10:06:00
558924,318.03,245,9,15785,2011-07-05 10:07:00
558925,17.4,12,1,15785,2011-07-05 10:08:00
558926,440.71,189,23,17469,2011-07-05 10:21:00
558927,324.17,181,17,18177,2011-07-05 10:23:00
558933,289.95,67,8,16098,2011-07-05 10:39:00
558959,351.14,126,8,16103,2011-07-05 10:54:00
558963,1088.5,622,16,14235,2011-07-05 10:57:00
558964,449.81,363,9,14235,2011-07-05 10:58:00
558970,129.64000000000001,107,8,18232,2011-07-05 11:10:00
558990,51.36,40,4,13489,2011-07-05 11:30:00
558991,119.98,101,36,14606,2011-07-05 11:32:00
558992,351.69,261,21,14223,2011-07-05 11:36:00
558993,504.98,365,34,16729,2011-07-05 11:49:00
558994,349.54,98,5,13854,2011-07-05 11:58:00
558995,311.82,213,16,17671,2011-07-05 12:03:00
558996,137.98000000000002,44,9,13085,2011-07-05 12:11:00
558999,221.52,139,7,15806,2011-07-05 12:15:00
559000,235.63,104,25,14099,2011-07-05 12:15:00
559001,300.8,106,10,18198,2011-07-05 12:17:00
559002,72.0,200,2,12971,2011-07-05 12:18:00
559004,632.44,228,20,12428,2011-07-05 12:23:00
559005,302.18,166,7,13183,2011-07-05 12:39:00
559006,307.6,146,8,14905,2011-07-05 12:41:00
559009,689.58,262,41,15549,2011-07-05 12:47:00
559010,205.60000000000002,21,7,14911,2011-07-05 12:50:00
559011,694.57,291,41,17049,2011-07-05 12:50:00
559013,467.7,606,3,13414,2011-07-05 12:52:00
559014,305.5,213,15,14262,2011-07-05 12:53:00
559015,396.9,143,11,13098,2011-07-05 12:53:00
559016,672.9,150,10,14051,2011-07-05 13:01:00
559017,455.16999999999996,294,23,14034,2011-07-05 13:06:00
559018,160.42000000000002,43,19,18203,2011-07-05 13:07:00
559020,18.740000000000002,13,2,14034,2011-07-05 13:15:00
559021,532.94,230,6,16525,2011-07-05 13:16:00
559023,737.04,984,6,18142,2011-07-05 13:19:00
559024,210.10000000000002,110,11,16616,2011-07-05 13:38:00
559025,214.79999999999998,94,11,16338,2011-07-05 13:56:00
559026,75.0,60,1,16146,2011-07-05 14:20:00
559027,642.02,510,22,17046,2011-07-05 14:24:00
559028,330.6,234,19,12839,2011-07-05 14:27:00
559029,19.919999999999998,24,2,16316,2011-07-05 14:42:00
559032,2156.44,1502,36,17511,2011-07-05 14:53:00
559034,369.85,260,24,13109,2011-07-05 14:56:00
559035,139.68,93,6,13695,2011-07-05 15:12:00
559036,662.35,321,32,12637,2011-07-05 15:14:00
559044,426.2,460,2,17306,2011-07-05 15:37:00
559045,178.74,114,7,14352,2011-07-05 15:40:00
559046,54.9,14,2,14352,2011-07-05 15:41:00
559047,1278.1,1342,7,13082,2011-07-05 15:44:00
559048,768.0,1920,4,13027,2011-07-05 15:48:00
559050,600.72,1120,7,13694,2011-07-05 16:08:00
559056,356.99,303,21,14645,2011-07-06 09:15:00
559057,561.34,400,25,13089,2011-07-06 09:46:00
559058,719.06,522,33,12407,2011-07-06 09:49:00
559060,302.20000000000005,260,9,15738,2011-07-06 10:00:00
559061,197.24,135,40,17220,2011-07-06 10:04:00
559062,553.92,948,20,13253,2011-07-06 10:09:00
559063,173.86,178,22,17220,2011-07-06 10:10:00
559064,318.66,200,14,15673,2011-07-06 10:15:00
559068,190.19,80,59,17841,2011-07-06 10:41:00
559070,110.55,75,7,13468,2011-07-06 10:41:00
559091,224.84,110,5,17905,2011-07-06 10:47:00
559092,197.22,99,11,16829,2011-07-06 10:48:00
559095,431.57,301,27,13198,2011-07-06 10:49:00
559096,647.9200000000001,1036,3,12830,2011-07-06 10:52:00
559097,109.0,90,6,17562,2011-07-06 10:59:00
559098,605.76,288,3,16029,2011-07-06 11:02:00
559106,148.0,65,25,15889,2011-07-06 11:10:00
559107,127.53,114,36,15334,2011-07-06 11:22:00
559108,223.68,192,3,13094,2011-07-06 11:42:00
559109,202.38,79,42,15021,2011-07-06 11:52:00
559110,594.0,120,1,14145,2011-07-06 11:52:00
559111,61.8,84,2,17440,2011-07-06 11:54:00
559112,215.25,99,12,17315,2011-07-06 11:59:00
559113,85.0,100,1,13217,2011-07-06 12:08:00
559120,380.45,248,43,16393,2011-07-06 12:18:00
559121,308.18,313,16,13599,2011-07-06 12:18:00
559122,521.34,778,39,15159,2011-07-06 12:22:00
559123,251.18,187,20,17341,2011-07-06 12:26:00
559124,366.6,128,14,14621,2011-07-06 12:31:00
559125,437.38,211,24,13985,2011-07-06 12:32:00
559126,14.5,10,1,17341,2011-07-06 12:33:00
559127,301.9,145,4,15971,2011-07-06 12:33:00
559128,193.29,103,40,17238,2011-07-06 12:39:00
559129,167.5,74,9,17705,2011-07-06 12:50:00
559130,412.2,244,4,15189,2011-07-06 12:56:00
559131,202.1,93,3,18144,2011-07-06 13:04:00
559132,255.95,257,20,15053,2011-07-06 13:06:00
559133,701.93,581,84,17861,2011-07-06 13:13:00
559134,1056.62,597,60,12700,2011-07-06 13:14:00
559135,134.5,103,11,12455,2011-07-06 13:18:00
559137,5.2,8,1,17861,2011-07-06 13:25:00
559138,215.74,173,27,16919,2011-07-06 13:35:00
559139,477.9,515,8,15061,2011-07-06 13:41:00
559141,683.91,380,43,15311,2011-07-06 13:56:00
559142,381.17,109,12,17719,2011-07-06 14:01:00
559143,67.79,24,22,15581,2011-07-06 14:04:00
559144,312.75,161,18,12921,2011-07-06 14:17:00
559145,2825.1,3242,20,17404,2011-07-06 14:17:00
559146,615.3000000000001,244,18,12921,2011-07-06 14:18:00
559148,96.0,64,2,12450,2011-07-06 14:41:00
559150,224.79,59,14,14002,2011-07-06 14:59:00
559151,473.7,60,7,17389,2011-07-06 15:02:00
559152,76.95,53,5,14214,2011-07-06 15:02:00
559153,321.14,168,18,13804,2011-07-06 15:10:00
559154,108.4,34,5,17045,2011-07-06 15:15:00
559155,221.0,394,25,13418,2011-07-06 15:49:00
559156,79.62,24,4,13418,2011-07-06 15:50:00
559157,307.03,167,19,13999,2011-07-06 15:53:00
559158,345.65,259,13,17428,2011-07-06 16:03:00
559160,235.82,150,15,17293,2011-07-06 16:15:00
559164,587.46,406,6,16422,2011-07-06 16:39:00
559165,39.239999999999995,12,9,12977,2011-07-06 16:40:00
559167,532.21,276,15,17997,2011-07-06 16:54:00
559168,145.96,76,25,13263,2011-07-06 17:05:00
559169,311.46,711,17,16722,2011-07-06 17:25:00
559170,179.35,86,24,16942,2011-07-06 17:31:00
559171,377.61,195,23,17651,2011-07-07 08:21:00
559172,65.4,12,1,17651,2011-07-07 08:22:00
559173,416.62,216,25,12540,2011-07-07 10:03:00
559174,503.8,720,30,18263,2011-07-07 10:04:00
559185,19.799999999999997,12,1,15512,2011-07-07 10:20:00
559187,46.75,11,1,12507,2011-07-07 10:20:00
559199,382.36,148,10,15288,2011-07-07 10:28:00
559200,361.11,233,41,13291,2011-07-07 10:36:00
559201,95.75,23,6,14217,2011-07-07 10:39:00
559202,781.03,725,53,13583,2011-07-07 10:40:00
559203,830.0000000000001,200,1,17723,2011-07-07 10:43:00
559204,909.24,540,6,13798,2011-07-07 11:02:00
559205,246.36,252,4,18073,2011-07-07 11:10:00
559206,128.16,109,3,18073,2011-07-07 11:12:00
559237,372.0,216,2,15267,2011-07-07 11:36:00
559254,300.03,154,17,16814,2011-07-07 11:56:00
559255,768.0,1920,2,13027,2011-07-07 12:04:00
559256,819.0,456,37,15249,2011-07-07 12:10:00
559289,433.25,255,68,15719,2011-07-07 12:22:00
559293,28.880000000000003,15,13,16743,2011-07-07 12:29:00
559295,303.76,144,19,12362,2011-07-07 12:32:00
559297,403.53000000000003,404,40,16743,2011-07-07 12:36:00
559298,739.64,298,22,12471,2011-07-07 12:38:00
559299,229.14000000000001,200,15,16929,2011-07-07 12:39:00
559300,208.62,148,12,12471,2011-07-07 12:40:00
559301,336.8,164,20,13842,2011-07-07 12:41:00
559302,117.8,28,18,14527,2011-07-07 12:47:00
559305,142.1,69,26,17892,2011-07-07 12:56:00
559306,171.45000000000002,82,9,18236,2011-07-07 13:02:00
559307,361.83,268,45,15356,2011-07-07 13:02:00
559308,306.42,194,20,13158,2011-07-07 13:05:00
559310,944.1600000000001,630,26,15505,2011-07-07 13:33:00
559311,1837.92,760,37,14459,2011-07-07 13:35:00
559312,97.5,12,6,14180,2011-07-07 13:43:00
559313,225.20000000000002,58,8,16325,2011-07-07 13:44:00
559315,430.00000000000006,101,3,13456,2011-07-07 13:52:00
559316,276.6,143,16,12647,2011-07-07 13:54:00
559317,285.83,137,52,17611,2011-07-07 14:03:00
559318,177.21,261,30,18013,2011-07-07 14:08:00
559319,10.08,24,1,18013,2011-07-07 14:11:00
559320,134.86,88,18,13208,2011-07-07 14:18:00
559321,422.72,245,24,17069,2011-07-07 14:30:00
559322,2609.0,1372,7,15769,2011-07-07 14:46:00
559323,203.6,128,5,12971,2011-07-07 14:55:00
559324,158.39999999999998,148,2,12971,2011-07-07 14:56:00
559325,219.78,164,6,17560,2011-07-07 15:06:00
559326,208.89,134,13,13835,2011-07-07 15:16:00
559327,203.46,96,13,13681,2011-07-07 15:21:00
559328,275.76,360,7,13743,2011-07-07 15:31:00
559329,205.1,318,12,15241,2011-07-07 15:41:00
559330,400.1,303,29,17696,2011-07-07 15:44:00
559331,349.92,214,19,16156,2011-07-07 15:45:00
559332,130.2,40,4,14021,2011-07-07 15:46:00
559333,23.04,192,2,16112,2011-07-07 15:47:00
559336,113.96000000000001,116,10,17315,2011-07-07 16:17:00
559339,90.6,84,2,13752,2011-07-07 16:49:00
559340,308.58000000000004,66,14,13699,2011-07-07 16:51:00
559341,443.2,214,11,15144,2011-07-07 16:56:00
559342,611.22,327,29,14493,2011-07-07 16:59:00
559343,4.25,1,1,17961,2011-07-07 17:01:00
559346,202.16,140,15,13486,2011-07-07 17:19:00
559349,292.82,184,20,15150,2011-07-07 17:33:00
559350,346.38,179,16,16842,2011-07-07 17:35:00
559352,126.44999999999999,27,8,17837,2011-07-07 17:47:00
559353,63.75,5,1,13302,2011-07-07 17:56:00
559354,365.05,219,24,16012,2011-07-07 18:02:00
559355,112.71,59,7,17007,2011-07-07 18:14:00
559356,869.9,390,44,15416,2011-07-07 18:29:00
559357,2215.25,581,64,17107,2011-07-07 18:56:00
559358,180.39,449,13,15675,2011-07-07 19:14:00
559359,109.9,92,13,14702,2011-07-07 19:18:00
559360,114.54,68,17,14657,2011-07-07 19:54:00
559361,253.69999999999996,98,3,17312,2011-07-07 20:07:00
559362,683.64,399,40,12635,2011-07-08 08:43:00
559363,157.81,71,8,16091,2011-07-08 08:45:00
559364,761.9200000000001,412,34,17735,2011-07-08 08:48:00
559366,413.96,196,19,13102,2011-07-08 09:03:00
559367,303.14,140,17,13013,2011-07-08 09:38:00
559368,225.95,125,13,17031,2011-07-08 09:38:00
559369,326.77,185,16,14388,2011-07-08 10:00:00
559370,185.51,223,15,17042,2011-07-08 10:01:00
559371,218.27,52,12,14264,2011-07-08 10:20:00
559372,626.88,282,34,12461,2011-07-08 10:23:00
559401,185.81,95,27,15039,2011-07-08 10:49:00
559418,579.26,325,36,12681,2011-07-08 11:36:00
559419,438.0,224,2,16029,2011-07-08 11:41:00
559420,225.72,80,10,17663,2011-07-08 11:52:00
559421,318.05,160,21,12648,2011-07-08 11:55:00
559422,284.75,137,16,12553,2011-07-08 12:00:00
559424,630.05,421,28,18121,2011-07-08 12:14:00
559436,110.49,209,24,15901,2011-07-08 12:18:00
559441,329.24,200,14,12583,2011-07-08 12:22:00
559455,251.9,264,21,13018,2011-07-08 12:34:00
559456,17.4,12,1,13018,2011-07-08 12:35:00
559457,765.4200000000001,312,20,14918,2011-07-08 12:50:00
559458,104.95,2,2,14104,2011-07-08 12:50:00
559459,454.28,270,16,15311,2011-07-08 12:53:00
559460,300.86,234,16,13862,2011-07-08 13:00:00
559462,314.85,139,7,16523,2011-07-08 13:12:00
559463,28.35,5,3,17965,2011-07-08 13:23:00
559464,419.91,832,35,15157,2011-07-08 13:26:00
559465,3609.8,1568,24,14680,2011-07-08 13:26:00
559466,82.04,186,9,15679,2011-07-08 13:31:00
559469,252.37,109,13,15182,2011-07-08 13:37:00
559471,238.9,290,13,17512,2011-07-08 13:39:00
559472,9.2,2,2,18037,2011-07-08 13:39:00
559477,305.75,85,11,14315,2011-07-08 13:44:00
559504,35.33,21,11,15920,2011-07-08 15:16:00
559505,535.85,255,19,16398,2011-07-08 15:16:00
559507,98.06,55,31,15920,2011-07-08 15:22:00
559508,103.97,30,13,12748,2011-07-08 15:23:00
559509,31.74,20,17,15920,2011-07-08 15:25:00
559510,727.32,456,34,14961,2011-07-08 15:29:00
559511,2.37,3,1,15920,2011-07-08 15:31:00
559512,329.46000000000004,185,11,14188,2011-07-08 15:54:00
559513,243.22,178,37,14534,2011-07-08 15:56:00
559516,282.12,60,2,14708,2011-07-08 16:08:00
559519,870.0,600,4,17353,2011-07-08 16:17:00
559523,117.86,44,22,13955,2011-07-08 17:19:00
559524,45.0,12,1,16866,2011-07-10 10:14:00
559525,383.15000000000003,195,32,16923,2011-07-10 10:30:00
559526,115.72,61,48,15756,2011-07-10 11:19:00
559527,149.02,67,15,17787,2011-07-10 11:24:00
559528,455.95,224,27,13064,2011-07-10 11:34:00
559529,430.05,251,28,14808,2011-07-10 12:03:00
559532,13.01,29,5,14808,2011-07-10 12:07:00
559535,244.12,136,75,17841,2011-07-10 12:16:00
559536,198.56,235,31,16283,2011-07-10 12:17:00
559537,115.44999999999999,87,11,14472,2011-07-10 12:23:00
559538,261.54,134,40,16880,2011-07-10 12:25:00
559539,337.58,148,20,18024,2011-07-10 12:28:00
559541,52.199999999999996,36,1,18024,2011-07-10 12:40:00
559542,411.77,445,78,17126,2011-07-10 13:32:00
559543,38.98,34,26,17126,2011-07-10 13:46:00
559544,37.03,39,29,17126,2011-07-10 13:52:00
559545,288.42,181,29,15467,2011-07-10 14:42:00
559546,909.6,308,17,14163,2011-07-10 14:49:00
559547,381.37,242,66,17758,2011-07-10 15:12:00
559548,290.69,771,27,17997,2011-07-10 15:17:00
559549,277.6,316,65,13230,2011-07-10 15:25:00
559550,150.75,64,23,17757,2011-07-10 15:38:00
559551,111.23,69,24,16877,2011-07-10 16:18:00
559552,260.75,120,71,16014,2011-07-10 16:29:00
559553,322.15,175,18,16174,2011-07-11 09:23:00
559554,1778.5,782,20,14258,2011-07-11 10:12:00
559555,232.6,924,16,13678,2011-07-11 10:14:00
559556,34.68,12,1,16156,2011-07-11 10:24:00
559557,1217.64,1026,77,17444,2011-07-11 10:33:00
559605,346.76,76,8,15045,2011-07-11 11:33:00
559606,114.11,68,23,14606,2011-07-11 11:38:00
559607,532.48,241,27,12681,2011-07-11 11:39:00
559609,126.6,132,4,13754,2011-07-11 11:51:00
559629,212.56,84,28,14690,2011-07-11 11:58:00
559636,47.550000000000004,9,3,13058,2011-07-11 12:01:00
559637,1236.48,1712,5,17381,2011-07-11 12:15:00
559638,251.68,264,3,17381,2011-07-11 12:17:00
559639,457.26,180,15,13767,2011-07-11 12:23:00
559640,533.0200000000001,142,5,15812,2011-07-11 12:30:00
559641,335.02,352,37,13184,2011-07-11 12:31:00
559652,327.2,200,20,17164,2011-07-11 12:47:00
559653,164.22,90,57,14552,2011-07-11 12:49:00
559654,865.62,358,21,13098,2011-07-11 12:54:00
559656,178.38000000000002,126,10,13675,2011-07-11 12:57:00
559657,21.96,44,2,16701,2011-07-11 13:05:00
559658,30.0,24,1,13003,2011-07-11 13:06:00
559660,1080.65,1352,28,16701,2011-07-11 13:19:00
559661,213.70000000000002,42,5,18061,2011-07-11 13:22:00
559662,299.7,154,17,16572,2011-07-11 13:32:00
559665,308.75,163,60,12556,2011-07-11 13:35:00
559668,301.26,406,19,13394,2011-07-11 13:40:00
559669,307.97,157,19,16332,2011-07-11 13:47:00
559671,114.95,55,21,17811,2011-07-11 13:55:00
559672,548.95,488,69,14796,2011-07-11 14:04:00
559673,1212.26,665,42,13224,2011-07-11 14:10:00
559674,321.1,235,34,15856,2011-07-11 14:16:00
559676,1180.12,462,46,17340,2011-07-11 14:40:00
559677,15.0,4,1,17340,2011-07-11 14:40:00
559678,214.25,66,29,16033,2011-07-11 14:43:00
559679,793.88,372,40,15265,2011-07-11 14:46:00
559680,421.24,244,24,12717,2011-07-11 14:47:00
559682,32.95,25,2,17337,2011-07-11 14:55:00
559684,373.40000000000003,138,14,14367,2011-07-11 15:05:00
559685,78.6,49,5,12599,2011-07-11 15:22:00
559686,141.98,119,38,17966,2011-07-11 15:26:00
559687,168.95,377,11,17966,2011-07-11 15:28:00
559688,5.8,4,1,12748,2011-07-11 15:32:00
559690,850.46,430,7,16422,2011-07-11 15:52:00
559691,795.5600000000001,498,34,13089,2011-07-11 15:52:00
559696,156.85,53,16,15577,2011-07-11 16:59:00
559697,72.38,29,19,15577,2011-07-11 17:03:00
559698,631.65,489,55,17589,2011-07-11 17:07:00
559699,192.8,77,11,12682,2011-07-12 08:52:00
559700,1752.06,646,5,17450,2011-07-12 09:04:00
559701,1305.6,512,1,16013,2011-07-12 09:10:00
559702,696.72,152,3,16013,2011-07-12 09:10:00
559703,857.7,1066,7,16989,2011-07-12 09:11:00
559704,471.43,266,31,12669,2011-07-12 09:54:00
559706,347.29,240,21,16609,2011-07-12 10:02:00
559707,484.86,100,12,12358,2011-07-12 10:04:00
559708,116.55000000000001,57,8,13549,2011-07-12 10:05:00
559709,884.4,1024,7,16656,2011-07-12 10:21:00
559710,191.60000000000002,125,11,12474,2011-07-12 10:25:00
559711,204.35,89,12,13590,2011-07-12 10:46:00
559715,304.5,406,13,14132,2011-07-12 10:47:00
559733,309.07,318,20,16145,2011-07-12 10:54:00
559745,113.07,47,11,17790,2011-07-12 11:15:00
559746,365.28,241,18,16515,2011-07-12 11:16:00
559751,207.41,146,12,14688,2011-07-12 11:28:00
559768,197.52000000000004,72,5,13207,2011-07-12 11:35:00
559774,119.19,69,23,18122,2011-07-12 11:37:00
559782,302.92,156,19,12722,2011-07-12 11:55:00
559783,302.04,432,16,13069,2011-07-12 12:02:00
559784,834.52,312,9,16839,2011-07-12 12:07:00
559790,326.4,128,2,14548,2011-07-12 12:19:00
559791,527.3,170,18,17675,2011-07-12 12:24:00
559793,24.380000000000003,23,1,17949,2011-07-12 12:43:00
559794,446.08,405,30,16700,2011-07-12 13:16:00
559795,35.0,28,2,17268,2011-07-12 13:26:00
559797,267.04,252,20,12720,2011-07-12 13:31:00
559798,100.32,192,6,12720,2011-07-12 13:32:00
559804,393.31,334,41,17405,2011-07-12 14:17:00
559806,490.11,271,24,13311,2011-07-12 14:26:00
559807,497.57,234,87,17841,2011-07-12 14:48:00
559809,229.81,140,41,16409,2011-07-12 14:57:00
559810,243.64999999999998,203,6,16168,2011-07-12 15:15:00
559811,305.1,146,15,13269,2011-07-12 15:22:00
559812,377.74,351,34,15051,2011-07-12 15:29:00
559813,753.66,392,37,18272,2011-07-12 15:42:00
559814,370.16,238,25,15544,2011-07-12 15:49:00
559815,757.6,752,5,15251,2011-07-12 15:56:00
559818,515.3,386,7,13408,2011-07-12 16:37:00
559819,256.7,117,10,12682,2011-07-12 16:58:00
559821,131.45,25,14,16365,2011-07-12 17:09:00
559822,12.75,1,1,16365,2011-07-12 17:15:00
559823,52.8,32,2,12919,2011-07-12 17:21:00
559824,263.38,164,31,17576,2011-07-12 17:23:00
559826,104.05,27,4,13420,2011-07-13 08:48:00
559827,431.8,277,6,15189,2011-07-13 09:44:00
559828,7.9,2,1,16998,2011-07-13 09:44:00
559831,416.90000000000003,240,18,14709,2011-07-13 09:58:00
559834,239.2,148,16,12576,2011-07-13 10:02:00
559835,15.0,1,1,13509,2011-07-13 10:08:00
559836,516.12,294,30,13911,2011-07-13 10:09:00
559861,179.17,94,11,15895,2011-07-13 10:27:00
559862,515.72,354,21,12782,2011-07-13 10:30:00
559863,352.94,173,30,15039,2011-07-13 10:33:00
559864,406.22999999999996,361,27,14916,2011-07-13 10:38:00
559865,1086.8300000000002,639,25,14409,2011-07-13 10:39:00
559866,610.01,581,42,15795,2011-07-13 10:43:00
559872,47.24,60,5,16816,2011-07-13 11:00:00
559876,240.1,207,56,15752,2011-07-13 11:09:00
559877,178.82,42,8,15561,2011-07-13 11:17:00
559878,367.5,101,49,15493,2011-07-13 11:19:00
559879,5.1,2,1,15561,2011-07-13 11:20:00
559881,162.63,86,27,16899,2011-07-13 11:33:00
559883,56.18,82,4,14397,2011-07-13 11:34:00
559884,535.52,800,32,16843,2011-07-13 11:34:00
559885,69.72,60,3,16843,2011-07-13 11:35:00
559886,48.150000000000006,13,3,13669,2011-07-13 11:44:00
559887,162.75,97,53,13263,2011-07-13 11:44:00
559888,311.92,200,11,16450,2011-07-13 11:47:00
559889,915.46,667,10,12678,2011-07-13 11:48:00
559890,45.599999999999994,13,2,12464,2011-07-13 11:58:00
559893,608.46,284,46,14498,2011-07-13 12:06:00
559894,410.55,398,122,14159,2011-07-13 12:06:00
559895,317.40000000000003,134,9,14110,2011-07-13 12:06:00
559896,177.85,49,16,15530,2011-07-13 12:15:00
559897,660.01,334,19,16779,2011-07-13 12:18:00
559898,353.08,198,56,16225,2011-07-13 12:18:00
559899,281.71,94,12,12528,2011-07-13 12:24:00
559900,214.2,132,5,13089,2011-07-13 12:27:00
559901,23.25,17,2,18121,2011-07-13 12:53:00
559902,103.28,95,46,14502,2011-07-13 13:14:00
559903,353.09,318,20,12935,2011-07-13 13:16:00
559904,506.16,282,30,13149,2011-07-13 13:20:00
559905,152.81,113,8,15311,2011-07-13 13:27:00
559906,185.85,75,11,18219,2011-07-13 13:33:00
559907,936.48,625,40,12766,2011-07-13 13:37:00
559909,330.92,291,26,18245,2011-07-13 14:28:00
559910,35.599999999999994,14,2,18245,2011-07-13 14:29:00
559911,270.9,104,9,13777,2011-07-13 14:39:00
559912,357.78,244,22,14221,2011-07-13 15:04:00
559913,17.4,12,2,14221,2011-07-13 15:05:00
559916,110.14,58,4,14201,2011-07-13 15:18:00
559918,488.4,301,28,18225,2011-07-13 15:29:00
559919,2735.16,4308,22,12415,2011-07-13 15:30:00
559920,61.199999999999996,24,1,12415,2011-07-13 15:31:00
559921,299.05,149,82,13667,2011-07-13 15:42:00
559922,574.7,454,25,14400,2011-07-13 15:50:00
559925,316.85,135,9,17644,2011-07-13 16:47:00
559926,39.599999999999994,24,2,17644,2011-07-13 16:48:00
559927,461.08,364,7,17567,2011-07-13 17:03:00
559928,1710.39,857,54,12405,2011-07-14 08:52:00
559929,252.05,271,15,14265,2011-07-14 09:10:00
559930,585.62,330,25,17738,2011-07-14 09:22:00
559931,205.95,89,11,17738,2011-07-14 09:23:00
559932,561.9,54,5,17389,2011-07-14 09:26:00
559933,308.2,186,32,16719,2011-07-14 09:54:00
559934,304.92,198,16,13012,2011-07-14 09:58:00
559935,315.12,176,3,15125,2011-07-14 10:08:00
559936,49.92,48,1,15125,2011-07-14 10:09:00
559937,465.35,206,26,13577,2011-07-14 10:11:00
559938,112.81,35,13,17315,2011-07-14 10:15:00
559940,791.7,262,5,17396,2011-07-14 10:20:00
559941,1960.7999999999997,400,3,17396,2011-07-14 10:20:00
559942,1037.1,258,3,17396,2011-07-14 10:21:00
559944,596.7,78,3,17396,2011-07-14 10:21:00
559945,18.0,1,1,17396,2011-07-14 10:24:00
559948,1430.75,633,27,12653,2011-07-14 10:41:00
559951,309.4,120,13,14847,2011-07-14 10:52:00
559979,304.09999999999997,430,21,14862,2011-07-14 11:20:00
559980,202.87,129,8,17314,2011-07-14 11:28:00
559981,603.5400000000001,246,31,14562,2011-07-14 11:30:00
559982,164.0,52,9,12915,2011-07-14 11:34:00
559984,199.36,203,56,16657,2011-07-14 11:45:00
559985,219.06,170,11,16488,2011-07-14 11:46:00
559986,98.45,55,6,15256,2011-07-14 11:47:00
559987,688.0,781,15,12619,2011-07-14 12:12:00
559988,185.78,263,14,15402,2011-07-14 12:17:00
559989,521.49,177,24,13319,2011-07-14 12:21:00
559990,87.3,46,5,13319,2011-07-14 12:22:00
559991,139.95,27,20,14527,2011-07-14 12:29:00
559993,181.72,319,19,14716,2011-07-14 12:42:00
560010,285.0,276,19,13178,2011-07-14 12:48:00
560018,274.5,174,52,15987,2011-07-14 12:52:00
560024,244.87,169,40,15005,2011-07-14 13:00:00
560025,137.39000000000001,98,54,18283,2011-07-14 13:00:00
560026,116.55,91,11,16928,2011-07-14 13:11:00
560032,2.5,2,1,18283,2011-07-14 13:20:00
560033,902.09,429,35,12388,2011-07-14 13:28:00
560034,300.99,113,14,13933,2011-07-14 13:35:00
560035,2204.36,865,72,17706,2011-07-14 13:41:00
560036,1147.1,688,47,14911,2011-07-14 13:51:00
560038,875.28,300,13,12709,2011-07-14 14:08:00
560041,654.97,178,28,14156,2011-07-14 14:46:00
560042,170.45,88,11,17068,2011-07-14 14:46:00
560047,213.28,132,34,17259,2011-07-14 15:01:00
560048,132.16,127,9,13515,2011-07-14 15:02:00
560049,522.52,188,29,14857,2011-07-14 15:03:00
560051,344.62,278,17,15306,2011-07-14 15:22:00
560052,413.64,248,16,15187,2011-07-14 15:30:00
560053,366.31,261,13,17612,2011-07-14 15:44:00
560078,453.75,224,24,16040,2011-07-14 16:12:00
560079,449.2,465,26,15521,2011-07-14 16:12:00
560080,3279.36,1632,10,17450,2011-07-14 16:23:00
560086,299.18,234,20,15839,2011-07-14 16:35:00
560087,326.4,128,1,18172,2011-07-14 16:39:00
560088,135.62,244,10,15114,2011-07-14 16:42:00
560089,82.53,32,13,12748,2011-07-14 16:45:00
560093,356.84,163,14,14461,2011-07-14 17:11:00
560094,408.21999999999997,490,16,18109,2011-07-14 17:13:00
560095,30.5,6,5,17848,2011-07-14 17:14:00
560096,95.4,12,3,13538,2011-07-14 17:20:00
560097,339.38,256,19,13050,2011-07-14 17:40:00
560098,127.88,50,20,16907,2011-07-14 17:44:00
560101,105.0,71,6,14891,2011-07-14 18:08:00
560102,288.57,96,17,13994,2011-07-14 18:28:00
560103,130.26,47,13,17837,2011-07-14 18:44:00
560104,155.51,84,32,17921,2011-07-14 18:56:00
560105,222.13,263,51,16794,2011-07-14 19:23:00
560106,772.43,747,49,17554,2011-07-14 20:01:00
560107,356.1,204,16,12928,2011-07-15 08:09:00
560108,208.5,42,8,16979,2011-07-15 08:59:00
560109,56.82,54,6,13491,2011-07-15 09:00:00
560115,180.8,72,31,17841,2011-07-15 10:05:00
560118,418.96,246,21,16818,2011-07-15 10:21:00
560119,448.1,140,16,12815,2011-07-15 10:21:00
560120,971.13,569,45,14907,2011-07-15 10:27:00
560122,119.04,48,2,14332,2011-07-15 10:33:00
560125,136.68,63,53,18118,2011-07-15 10:44:00
560145,709.74,332,34,13381,2011-07-15 11:04:00
560180,185.07,57,6,14640,2011-07-15 11:38:00
560181,118.71,45,5,16621,2011-07-15 11:45:00
560182,254.35,203,3,12971,2011-07-15 11:48:00
560183,105.6,132,3,12971,2011-07-15 11:48:00
560184,52.980000000000004,54,4,12971,2011-07-15 11:49:00
560185,542.4,744,11,14676,2011-07-15 11:50:00
560186,113.06,27,17,17266,2011-07-15 11:57:00
560187,550.94,1,1,17444,2011-07-15 12:05:00
560188,322.2,144,9,18229,2011-07-15 12:10:00
560190,168.20000000000002,74,10,15737,2011-07-15 12:33:00
560191,60.0,16,4,16203,2011-07-15 12:45:00
560199,358.56000000000006,144,1,17948,2011-07-15 12:58:00
560200,30.0,24,1,13184,2011-07-15 12:59:00
560201,329.30000000000007,86,4,17061,2011-07-15 13:09:00
560202,776.0500000000001,119,13,12712,2011-07-15 13:10:00
560203,471.56,285,24,15311,2011-07-15 13:13:00
560204,154.20000000000002,36,3,12971,2011-07-15 13:17:00
560205,16.5,10,1,17068,2011-07-15 13:55:00
560207,410.84999999999997,123,19,15301,2011-07-15 13:57:00
560209,1220.77,623,154,15004,2011-07-15 14:05:00
560210,107.39999999999999,20,8,14958,2011-07-15 14:20:00
560211,561.06,297,28,12621,2011-07-15 14:34:00
560212,180.42000000000002,118,28,14722,2011-07-15 14:58:00
560222,231.39,165,18,14293,2011-07-15 15:28:00
560223,180.89,69,30,16904,2011-07-15 15:32:00
560224,400.76,248,45,14572,2011-07-15 16:06:00
560228,305.61,725,30,17750,2011-07-15 17:29:00
560229,155.3,114,11,14013,2011-07-17 10:39:00
560230,345.23,107,9,12600,2011-07-17 10:53:00
560231,250.95,133,9,13305,2011-07-17 10:55:00
560232,238.4,114,20,14810,2011-07-17 11:08:00
560233,245.44,475,47,16813,2011-07-17 11:10:00
560234,1885.1,1104,24,16180,2011-07-17 11:21:00
560235,189.58,118,9,14060,2011-07-17 11:26:00
560236,35.400000000000006,12,2,15206,2011-07-17 11:26:00
560237,49.550000000000004,13,3,15281,2011-07-17 11:27:00
560238,307.5,208,18,17725,2011-07-17 11:41:00
560239,1242.3799999999999,751,82,13507,2011-07-17 11:50:00
560240,216.37,96,25,15716,2011-07-17 11:59:00
560241,80.7,42,2,13967,2011-07-17 12:02:00
560244,266.81,240,55,16931,2011-07-17 12:14:00
560246,1353.1000000000001,328,15,14292,2011-07-17 12:17:00
560247,111.9,34,5,14292,2011-07-17 12:18:00
560248,438.76,330,43,16255,2011-07-17 12:24:00
560249,201.25,236,28,17571,2011-07-17 12:26:00
560250,259.79,117,28,14659,2011-07-17 12:31:00
560251,383.2,215,55,17774,2011-07-17 12:32:00
560252,115.87,61,9,13468,2011-07-17 12:35:00
560253,535.59,199,22,13993,2011-07-17 12:52:00
560254,236.94,322,19,16678,2011-07-17 13:07:00
560255,783.9,380,70,16054,2011-07-17 13:08:00
560256,140.76,68,24,14462,2011-07-17 13:24:00
560257,810.09,703,17,13340,2011-07-17 13:25:00
560258,482.8,152,8,13340,2011-07-17 13:26:00
560259,541.4300000000001,723,41,13654,2011-07-17 13:29:00
560260,169.79,69,57,14044,2011-07-17 13:32:00
560261,207.16,138,21,12841,2011-07-17 13:35:00
560262,368.18,162,16,14224,2011-07-17 13:40:00
560263,89.26,76,4,16342,2011-07-17 13:41:00
560264,417.38,156,24,12833,2011-07-17 13:46:00
560265,413.38,499,22,17863,2011-07-17 13:48:00
560266,338.70000000000005,66,6,17389,2011-07-17 13:54:00
560267,129.5,32,6,13880,2011-07-17 14:05:00
560268,211.69,103,10,13880,2011-07-17 14:07:00
560269,148.16000000000003,76,4,16168,2011-07-17 14:32:00
560270,130.78,98,27,16744,2011-07-17 14:42:00
560271,341.35,193,82,16474,2011-07-17 14:51:00
560272,150.1,47,6,12691,2011-07-17 14:56:00
560273,372.3,210,22,14895,2011-07-17 14:59:00
560274,91.73,65,7,14895,2011-07-17 15:00:00
560275,15.0,4,1,14895,2011-07-17 15:08:00
560276,108.44,110,27,14606,2011-07-17 15:11:00
560277,114.14,54,9,15467,2011-07-17 15:24:00
560278,173.39,93,42,13610,2011-07-17 15:45:00
560279,173.65,63,9,14198,2011-07-17 15:47:00
560280,705.3000000000001,1002,6,16422,2011-07-17 15:50:00
560281,152.68,98,48,17984,2011-07-17 15:59:00
560282,277.12,100,14,14758,2011-07-18 08:21:00
560284,204.54,134,11,13705,2011-07-18 09:15:00
560285,675.7,382,29,14944,2011-07-18 09:21:00
560286,898.44,236,6,14062,2011-07-18 09:38:00
560287,115.49,43,17,13821,2011-07-18 09:49:00
560288,563.4200000000001,354,21,15845,2011-07-18 10:05:00
560295,456.84,316,9,16681,2011-07-18 10:21:00
560299,747.78,676,31,17593,2011-07-18 10:28:00
560300,800.46,1202,67,14911,2011-07-18 10:29:00
560302,47.7,6,1,14397,2011-07-18 10:43:00
560305,235.35000000000002,149,38,16511,2011-07-18 10:49:00
560355,114.55,17,6,15906,2011-07-18 11:37:00
560356,333.11,97,13,16875,2011-07-18 11:41:00
560357,183.5,84,11,15527,2011-07-18 11:42:00
560359,337.43,298,92,14159,2011-07-18 11:47:00
560360,3949.32,2160,75,12744,2011-07-18 11:55:00
560361,272.81,179,19,13488,2011-07-18 11:58:00
560362,150.78,138,10,13488,2011-07-18 11:59:00
560363,131.5,83,10,12589,2011-07-18 12:05:00
560364,1585.94,480,33,16705,2011-07-18 12:15:00
560366,487.96999999999997,451,34,16859,2011-07-18 12:19:00
560368,728.0600000000001,384,113,17841,2011-07-18 12:25:00
560381,378.16,160,13,14733,2011-07-18 12:42:00
560382,119.39999999999999,12,1,17389,2011-07-18 12:49:00
560383,314.15000000000003,143,13,16762,2011-07-18 12:52:00
560385,303.29,145,60,14583,2011-07-18 12:53:00
560387,179.41,109,18,14667,2011-07-18 13:00:00
560392,217.6,430,8,13911,2011-07-18 13:30:00
560393,470.25,465,49,14808,2011-07-18 13:33:00
560394,556.58,310,39,14390,2011-07-18 13:35:00
560397,364.14,204,21,17652,2011-07-18 14:04:00
560398,1734.58,838,32,12731,2011-07-18 14:10:00
560410,530.47,287,31,17213,2011-07-18 14:28:00
560412,207.94,132,27,12748,2011-07-18 14:32:00
560413,550.64,1,1,13564,2011-07-18 14:33:00
560415,304.52,136,17,15152,2011-07-18 14:36:00
560416,21.72,28,2,14798,2011-07-18 14:40:00
560417,147.18,108,9,16011,2011-07-18 14:56:00
560422,300.18,162,17,16746,2011-07-18 15:14:00
560426,370.1,200,20,14038,2011-07-18 15:15:00
560432,484.1,198,15,13327,2011-07-18 15:39:00
560437,218.62,100,15,13940,2011-07-18 16:05:00
560441,165.20000000000002,24,6,14029,2011-07-18 16:57:00
560442,120.23,36,14,15860,2011-07-18 16:59:00
560443,201.96,202,7,14776,2011-07-18 17:10:00
560444,443.40000000000003,302,64,13764,2011-07-18 17:15:00
560445,11134.34,5726,60,14156,2011-07-19 09:08:00
560446,532.3199999999999,496,3,14156,2011-07-19 09:10:00
560447,525.03,229,13,13756,2011-07-19 09:24:00
560448,576.0,352,23,12840,2011-07-19 09:29:00
560449,335.09999999999997,220,14,14732,2011-07-19 09:31:00
560450,90.0,72,3,14117,2011-07-19 09:49:00
560451,1527.0,762,68,14911,2011-07-19 09:50:00
560452,99.6,33,5,12682,2011-07-19 09:51:00
560453,1198.3799999999999,868,53,13209,2011-07-19 09:52:00
560454,224.3,84,14,12947,2011-07-19 10:06:00
560469,220.15,37,1,12971,2011-07-19 10:40:00
560473,483.02000000000004,174,23,12431,2011-07-19 10:42:00
560483,355.53999999999996,350,15,12955,2011-07-19 10:49:00
560491,158.65,97,57,12415,2011-07-19 10:51:00
560499,460.14,371,32,16713,2011-07-19 11:03:00
560500,131.66,52,14,17975,2011-07-19 11:08:00
560501,91.4,92,4,16475,2011-07-19 11:08:00
560503,362.82,166,19,17682,2011-07-19 11:40:00
560504,4406.61,3089,178,13081,2011-07-19 11:47:00
560523,64.8,48,2,15462,2011-07-19 11:56:00
560527,470.95,372,30,15727,2011-07-19 11:57:00
560534,390.98,257,25,14911,2011-07-19 12:10:00
560535,242.91,367,13,13167,2011-07-19 12:13:00
560536,123.15,81,7,16626,2011-07-19 12:15:00
560537,323.09,248,34,17779,2011-07-19 12:19:00
560538,306.4,192,18,16128,2011-07-19 12:19:00
560539,513.48,408,25,16745,2011-07-19 12:19:00
560544,60.650000000000006,25,4,12569,2011-07-19 12:37:00
560545,105.6,57,6,12569,2011-07-19 12:38:00
560546,232.05,39,2,17867,2011-07-19 12:38:00
560547,614.2,241,29,17419,2011-07-19 12:39:00
560548,121.38000000000001,42,1,17867,2011-07-19 12:42:00
560549,653.9,188,9,12664,2011-07-19 12:43:00
560551,109.01,50,23,18041,2011-07-19 12:47:00
560552,750.93,505,40,15311,2011-07-19 12:54:00
560553,126.35,83,7,13991,2011-07-19 12:58:00
560554,358.57,207,12,16232,2011-07-19 13:01:00
560555,99.45,112,47,14178,2011-07-19 13:01:00
560557,110.23,25,13,18101,2011-07-19 13:05:00
560562,185.55,91,10,15713,2011-07-19 13:34:00
560566,431.66,194,30,12662,2011-07-19 13:45:00
560568,554.84,248,30,13895,2011-07-19 14:03:00
560569,557.6800000000001,334,37,12480,2011-07-19 14:04:00
560570,36.56,40,4,16112,2011-07-19 14:28:00
560571,729.0699999999999,464,34,17735,2011-07-19 14:29:00
560576,202.07,110,27,17287,2011-07-19 14:59:00
560577,471.27000000000004,173,14,18223,2011-07-19 15:07:00
560579,566.13,241,48,15867,2011-07-19 15:13:00
560580,8801.51,2565,84,14088,2011-07-19 15:23:00
560581,611.76,1074,6,12901,2011-07-19 15:29:00
560582,49.470000000000006,291,1,12875,2011-07-19 15:30:00
560584,112.74,32,28,13827,2011-07-19 15:38:00
560586,667.2,96,1,13631,2011-07-19 15:48:00
560587,60.0,10,1,13631,2011-07-19 15:49:00
560590,1292.31,812,76,12560,2011-07-19 15:55:00
560592,557.6800000000001,296,2,13225,2011-07-19 16:36:00
560595,814.48,868,5,16656,2011-07-19 16:45:00
560596,186.20000000000002,172,4,13199,2011-07-19 16:48:00
560597,326.4,128,2,13798,2011-07-19 16:54:00
560598,310.45,63,14,17096,2011-07-19 17:02:00
560599,191.16,3186,1,14609,2011-07-19 17:04:00
560601,176.68,95,72,16764,2011-07-19 17:17:00
560602,336.36,222,20,13629,2011-07-20 08:48:00
560603,300.65,173,19,18180,2011-07-20 08:59:00
560604,464.71999999999997,248,5,15251,2011-07-20 09:23:00
560605,611.24,712,4,17306,2011-07-20 09:30:00
560606,293.07,321,19,17422,2011-07-20 10:08:00
560607,301.52,59,4,12510,2011-07-20 10:15:00
560634,421.44,360,12,16133,2011-07-20 10:51:00
560635,599.68,309,38,12521,2011-07-20 10:51:00
560640,313.76,64,4,13854,2011-07-20 10:59:00
560641,111.96,36,2,15587,2011-07-20 11:00:00
560642,329.65,174,9,17866,2011-07-20 11:07:00
560644,435.79,343,40,16271,2011-07-20 11:22:00
560646,2365.91,581,7,18102,2011-07-20 11:28:00
560648,710.25,175,7,18102,2011-07-20 11:33:00
560650,456.66999999999996,417,88,15529,2011-07-20 11:38:00
560651,451.42,1,1,15802,2011-07-20 11:38:00
560686,385.57,207,15,15632,2011-07-20 11:50:00
560688,153.34,89,19,16393,2011-07-20 11:54:00
560689,312.9,114,27,15039,2011-07-20 11:55:00
560690,469.76,299,30,16807,2011-07-20 12:00:00
560691,533.04,335,29,13136,2011-07-20 12:00:00
560692,106.75,52,34,14704,2011-07-20 12:01:00
560693,119.18,66,6,13136,2011-07-20 12:01:00
560694,835.65,457,28,12757,2011-07-20 12:05:00
560695,785.0,556,5,14101,2011-07-20 12:08:00
560696,111.49000000000001,45,31,14606,2011-07-20 12:14:00
560697,227.92000000000002,368,12,14401,2011-07-20 12:16:00
560698,664.83,213,16,16353,2011-07-20 12:29:00
560700,157.71,108,32,17229,2011-07-20 12:38:00
560701,289.2,241,27,16729,2011-07-20 12:45:00
560710,26.02,10,10,14646,2011-07-20 12:51:00
560711,193.23,114,55,17841,2011-07-20 12:58:00
560712,116.13,76,40,14456,2011-07-20 13:06:00
560713,160.8,56,11,16774,2011-07-20 13:09:00
560714,26.25,20,13,14456,2011-07-20 13:10:00
560715,132.95000000000002,47,7,13549,2011-07-20 13:21:00
560716,1532.76,600,70,17675,2011-07-20 13:26:00
560718,1682.5900000000001,1005,26,17677,2011-07-20 13:30:00
560720,17.0,2,1,17677,2011-07-20 13:31:00
560721,29.759999999999998,24,2,17677,2011-07-20 13:32:00
560723,380.33,310,88,16464,2011-07-20 13:53:00
560724,534.34,464,29,16186,2011-07-20 13:55:00
560725,59.699999999999996,54,4,16186,2011-07-20 13:56:00
560726,102.41,127,33,17962,2011-07-20 14:16:00
560727,126.58,148,23,13571,2011-07-20 14:33:00
560728,348.29,154,19,12520,2011-07-20 14:38:00
560729,5433.57,3237,50,17511,2011-07-20 14:39:00
560731,163.68,168,11,16149,2011-07-20 14:54:00
560732,339.38,195,50,14056,2011-07-20 14:55:00
560734,990.0,360,1,15298,2011-07-20 14:58:00
560736,345.14,190,13,15260,2011-07-20 15:33:00
560742,312.9,139,16,14755,2011-07-20 15:44:00
560754,310.82,496,13,17754,2011-07-20 15:56:00
560776,408.25,341,28,13995,2011-07-21 08:44:00
560781,353.02,155,8,13969,2011-07-21 09:43:00
560782,337.93,317,26,14769,2011-07-21 10:10:00
560783,676.8,335,29,15108,2011-07-21 10:24:00
560790,902.4,168,8,14051,2011-07-21 10:29:00
560791,96.89,109,7,14688,2011-07-21 10:30:00
560792,685.5,110,7,15189,2011-07-21 10:32:00
560805,120.0,68,5,14259,2011-07-21 10:44:00
560807,480.18,308,29,18143,2011-07-21 10:44:00
560820,146.66,127,11,17811,2011-07-21 10:59:00
560821,109.44999999999999,11,2,17848,2011-07-21 11:17:00
560824,134.57,77,26,17935,2011-07-21 11:23:00
560826,495.24,412,7,18073,2011-07-21 11:30:00
560827,252.45,73,14,14517,2011-07-21 11:42:00
560828,1088.86,2316,65,14298,2011-07-21 11:55:00
560829,283.12,184,15,17694,2011-07-21 12:00:00
560833,176.31,60,31,16891,2011-07-21 12:14:00
560834,484.40000000000003,204,11,16523,2011-07-21 12:15:00
560839,121.54,23,12,14527,2011-07-21 12:23:00
560841,2569.55,2169,99,14298,2011-07-21 12:25:00
560843,99.0,60,1,14298,2011-07-21 12:27:00
560844,74.88,24,2,14298,2011-07-21 12:28:00
560845,301.26,202,21,15570,2011-07-21 12:29:00
560853,445.7,248,33,15311,2011-07-21 12:33:00
560854,473.09999999999997,300,16,13098,2011-07-21 12:46:00
560856,421.7,431,27,16607,2011-07-21 13:06:00
560858,295.79999999999995,100,2,14403,2011-07-21 13:25:00
560859,87.30000000000001,37,8,13668,2011-07-21 13:28:00
560861,178.75,121,37,17660,2011-07-21 13:37:00
560862,287.83,209,43,14085,2011-07-21 13:48:00
560863,104.28,57,27,12748,2011-07-21 13:53:00
560864,475.36,680,24,14407,2011-07-21 13:54:00
560868,82.92,23,23,14866,2011-07-21 14:14:00
560870,375.26,314,18,13157,2011-07-21 14:34:00
560871,20.8,10,1,14745,2011-07-21 14:40:00
560872,338.03,269,19,14745,2011-07-21 14:41:00
560873,563.07,309,7,13881,2011-07-21 14:52:00
560875,606.46,294,29,13562,2011-07-21 15:12:00
560876,1159.06,522,36,12626,2011-07-21 15:14:00
560878,201.18,138,40,14410,2011-07-21 15:16:00
560879,64.02,62,5,16654,2011-07-21 15:23:00
560881,56.3,18,9,17965,2011-07-21 15:45:00
560882,312.59000000000003,148,19,17213,2011-07-21 15:47:00
560883,452.71000000000004,793,13,13694,2011-07-21 16:10:00
560884,890.0,600,7,13694,2011-07-21 16:12:00
560885,189.26,206,13,16188,2011-07-21 16:20:00
560886,675.0,100,1,16041,2011-07-21 16:27:00
560887,2064.8,944,4,16041,2011-07-21 16:28:00
560888,352.46000000000004,138,16,15380,2011-07-21 16:33:00
560891,254.38,262,19,15106,2011-07-21 17:02:00
560892,877.36,498,35,13089,2011-07-21 17:08:00
560893,310.34000000000003,206,18,13804,2011-07-21 17:08:00
560894,751.75,269,19,14911,2011-07-21 17:09:00
560895,1021.9200000000001,841,41,13089,2011-07-21 17:12:00
560896,301.03,125,19,15623,2011-07-21 17:26:00
560897,139.20000000000002,48,2,12971,2011-07-21 17:26:00
560901,746.5699999999999,304,32,12476,2011-07-21 17:39:00
560906,173.8,52,10,15827,2011-07-21 17:55:00
560908,86.24,80,5,15827,2011-07-21 17:56:00
560911,41.1,23,9,17961,2011-07-21 18:00:00
560913,4.25,1,1,17961,2011-07-21 18:07:00
560914,310.93,130,16,17175,2011-07-21 18:08:00
560915,308.6,156,16,13313,2011-07-21 18:19:00
560916,325.64,229,10,14911,2011-07-21 18:19:00
560917,833.85,109,1,17949,2011-07-21 18:21:00
560918,813.89,567,42,14849,2011-07-21 18:27:00
560919,430.0,100,1,15971,2011-07-21 18:31:00
560920,385.52,149,17,15370,2011-07-21 18:36:00
560921,322.67,313,22,16224,2011-07-21 19:17:00
560922,260.9,147,12,14911,2011-07-21 19:34:00
560924,647.9200000000001,472,4,15061,2011-07-22 09:01:00
560925,1665.1999999999998,336,10,15061,2011-07-22 09:02:00
560927,572.9300000000001,202,21,13078,2011-07-22 09:55:00
560928,425.96,266,21,14852,2011-07-22 10:00:00
560929,53.79,27,5,16866,2011-07-22 10:06:00
560930,325.44,420,26,15829,2011-07-22 10:23:00
560931,175.04999999999998,52,6,16365,2011-07-22 10:25:00
560934,374.28,272,14,16722,2011-07-22 10:48:00
560937,213.67,122,57,17920,2011-07-22 10:52:00
560942,164.92,134,32,15005,2011-07-22 11:31:00
560972,438.5,138,15,14209,2011-07-22 11:44:00
560974,508.25,275,26,14426,2011-07-22 11:55:00
560975,167.4,100,8,14426,2011-07-22 11:56:00
560976,83.7,126,6,18146,2011-07-22 12:08:00
560977,422.40000000000003,308,14,16839,2011-07-22 12:09:00
560978,480.62,446,21,15815,2011-07-22 12:20:00
560979,310.36,372,18,15232,2011-07-22 12:21:00
560980,318.8,88,3,16107,2011-07-22 12:41:00
560988,356.0,62,5,15854,2011-07-22 13:17:00
560989,748.14,346,41,15704,2011-07-22 13:20:00
560991,890.0699999999999,586,49,12438,2011-07-22 13:29:00
560992,224.94,70,9,18161,2011-07-22 13:31:00
560994,38.16,20,2,15704,2011-07-22 13:35:00
560996,685.1,465,98,17625,2011-07-22 13:53:00
560997,768.02,426,40,12627,2011-07-22 13:59:00
560998,214.62,110,14,14243,2011-07-22 14:07:00
561001,311.07,149,7,16711,2011-07-22 14:23:00
561002,325.44,96,1,13750,2011-07-22 14:39:00
561003,23.8,4,1,13079,2011-07-22 14:41:00
561004,304.87,89,8,15189,2011-07-22 14:47:00
561005,134.44,86,21,17961,2011-07-22 14:53:00
561006,469.90000000000003,232,26,16161,2011-07-22 15:02:00
561007,649.46,520,29,15640,2011-07-22 15:21:00
561008,185.70000000000002,96,12,18150,2011-07-22 15:43:00
561009,489.6,484,15,15856,2011-07-22 16:03:00
561010,149.48,182,13,18262,2011-07-22 16:04:00
561020,310.88,146,39,13563,2011-07-22 17:21:00
561021,320.71,61,5,15465,2011-07-24 10:03:00
561022,282.66,266,20,14800,2011-07-24 10:24:00
561023,354.24,144,3,13576,2011-07-24 10:30:00
561024,693.37,263,26,12916,2011-07-24 10:35:00
561025,196.28,93,71,16241,2011-07-24 10:37:00
561026,172.17,175,46,17265,2011-07-24 10:49:00
561027,1468.3600000000001,778,12,13802,2011-07-24 10:54:00
561028,319.85,228,24,17769,2011-07-24 11:06:00
561029,412.93,236,24,12490,2011-07-24 11:25:00
561030,265.87,149,23,16407,2011-07-24 11:25:00
561031,307.8,412,5,13461,2011-07-24 11:32:00
561032,390.7,62,6,13029,2011-07-24 11:37:00
561033,383.12,319,26,14443,2011-07-24 11:40:00
561034,208.77,144,45,15506,2011-07-24 11:45:00
561035,244.79999999999998,96,1,17312,2011-07-24 11:52:00
561036,290.46,156,68,13137,2011-07-24 11:54:00
561037,612.1,472,43,12472,2011-07-24 11:55:00
561038,112.0,20,13,17114,2011-07-24 11:58:00
561039,452.42,598,8,16525,2011-07-24 12:02:00
561040,505.46,214,20,12431,2011-07-24 12:05:00
561042,361.21999999999997,256,22,16305,2011-07-24 12:18:00
561043,632.13,234,44,15708,2011-07-24 12:20:00
561044,357.4,122,6,13831,2011-07-24 12:26:00
561045,124.71,183,8,17522,2011-07-24 12:29:00
561046,452.0,340,6,16218,2011-07-24 12:33:00
561047,194.48,1368,9,16948,2011-07-24 12:46:00
561048,761.76,384,5,12939,2011-07-24 12:51:00
561049,147.12,216,3,12864,2011-07-24 13:03:00
561050,403.05,466,30,16558,2011-07-24 13:06:00
561051,7138.12,3312,28,16684,2011-07-24 13:11:00
561052,711.84,624,5,16684,2011-07-24 13:12:00
561053,324.0,840,2,16684,2011-07-24 13:13:00
561054,426.22,174,13,18229,2011-07-24 13:13:00
561055,201.6,480,1,16684,2011-07-24 13:14:00
561056,133.76,120,8,13477,2011-07-24 13:17:00
561057,11.22,5,2,17935,2011-07-24 13:18:00
561058,373.1,78,11,17724,2011-07-24 13:26:00
561060,229.14,178,17,17703,2011-07-24 13:30:00
561062,19.5,6,1,16668,2011-07-24 13:56:00
561063,174.0,120,2,12763,2011-07-24 14:12:00
561064,136.60000000000002,17,6,18109,2011-07-24 14:16:00
561065,101.05,15,6,14180,2011-07-24 14:18:00
561066,206.25,296,40,16710,2011-07-24 14:21:00
561067,99.96,84,3,14397,2011-07-24 14:26:00
561068,501.14,291,30,13116,2011-07-24 14:33:00
561070,136.65,57,7,16782,2011-07-24 15:23:00
561071,440.26,328,17,14057,2011-07-24 15:39:00
561072,384.29,233,25,14019,2011-07-24 15:39:00
561073,1104.31,589,24,13408,2011-07-24 15:46:00
561074,303.75,137,15,13037,2011-07-24 15:46:00
561075,185.0,116,11,16458,2011-07-24 15:51:00
561076,402.08000000000004,152,13,17696,2011-07-24 15:52:00
561077,868.49,399,52,17649,2011-07-24 15:53:00
561078,197.9,94,8,16178,2011-07-24 16:05:00
561079,385.75,249,51,13956,2011-07-24 16:12:00
561081,148.96,108,25,13230,2011-07-24 16:15:00
561082,5.04,12,1,13230,2011-07-24 16:18:00
561084,265.27,281,21,14948,2011-07-25 08:50:00
561085,929.53,551,50,14367,2011-07-25 09:26:00
561087,261.41999999999996,214,14,15144,2011-07-25 09:48:00
561088,62.400000000000006,30,3,15144,2011-07-25 09:50:00
561089,106.45000000000002,39,6,17579,2011-07-25 09:50:00
561092,288.5,195,19,17054,2011-07-25 09:58:00
561093,1358.3899999999999,649,47,12540,2011-07-25 10:01:00
561094,513.64,410,33,12474,2011-07-25 10:04:00
561095,449.73,181,15,17040,2011-07-25 10:19:00
561096,273.8,156,13,16099,2011-07-25 10:28:00
561097,397.2,196,13,15981,2011-07-25 10:47:00
561098,558.49,193,26,14194,2011-07-25 10:56:00
561099,191.95000000000002,63,24,14100,2011-07-25 11:01:00
561100,322.53000000000003,435,29,15289,2011-07-25 11:01:00
561101,241.92,336,1,16013,2011-07-25 11:05:00
561102,376.24,241,17,12412,2011-07-25 11:17:00
561105,414.25,195,16,15218,2011-07-25 11:36:00
561106,520.23,267,26,14246,2011-07-25 11:37:00
561109,298.2,212,3,15218,2011-07-25 11:43:00
561111,734.0,376,5,16422,2011-07-25 11:49:00
561112,124.44,34,29,14606,2011-07-25 11:53:00
561113,816.3,833,105,17841,2011-07-25 12:09:00
561114,294.9,418,20,14775,2011-07-25 12:12:00
561115,252.4,113,8,17675,2011-07-25 12:12:00
561116,856.0,411,12,13520,2011-07-25 12:22:00
561118,127.95000000000002,37,6,15781,2011-07-25 12:25:00
561119,233.51,71,11,17719,2011-07-25 12:34:00
561120,187.20000000000002,90,9,15835,2011-07-25 12:50:00
561125,531.96,254,30,17364,2011-07-25 12:58:00
561128,331.74,197,18,16249,2011-07-25 12:59:00
561132,126.75,105,4,14344,2011-07-25 13:00:00
561147,317.82,674,25,16841,2011-07-25 13:06:00
561170,150.85,195,5,16027,2011-07-25 13:16:00
561189,101.15,13,6,16557,2011-07-25 13:28:00
561190,113.95,93,8,17631,2011-07-25 13:37:00
561191,299.4,228,6,15129,2011-07-25 13:42:00
561192,441.14,163,57,16033,2011-07-25 13:45:00
561193,87.4,78,5,13296,2011-07-25 13:46:00
561194,617.54,332,31,13814,2011-07-25 13:54:00
561195,564.03,572,101,14796,2011-07-25 13:57:00
561196,110.14,74,4,14342,2011-07-25 14:35:00
561197,346.3,114,28,16364,2011-07-25 14:35:00
561199,337.5,50,5,14970,2011-07-25 14:45:00
561200,95.28,49,5,13695,2011-07-25 15:01:00
561201,111.25,36,11,14692,2011-07-25 15:08:00
561202,135.0,114,9,17705,2011-07-25 15:14:00
561203,311.76,316,16,14232,2011-07-25 15:17:00
561204,451.13,155,24,12836,2011-07-25 15:22:00
561205,200.47,231,16,17693,2011-07-25 15:48:00
561206,302.71000000000004,67,23,13110,2011-07-25 16:18:00
561207,7.040000000000001,2,2,13110,2011-07-25 16:20:00
561208,2007.3999999999999,2924,27,15372,2011-07-25 16:39:00
561216,120.0,8,1,14606,2011-07-25 17:04:00
561219,301.2,380,23,18180,2011-07-26 08:51:00
561220,427.23,277,24,17734,2011-07-26 09:20:00
561221,214.82,110,13,15281,2011-07-26 09:23:00
561222,491.0,646,38,13588,2011-07-26 09:27:00
561223,152.66,141,14,15358,2011-07-26 09:51:00
561224,895.0,500,5,13629,2011-07-26 09:55:00
561226,222.831,100,12,15618,2011-07-26 10:13:00
561228,118.8,72,1,12431,2011-07-26 10:16:00
561231,237.55,151,21,15855,2011-07-26 10:20:00
561236,908.46,810,43,15159,2011-07-26 10:27:00
561241,210.0,210,10,13930,2011-07-26 11:00:00
561242,1152.8,1323,27,16258,2011-07-26 11:05:00
561244,100.82,54,6,13865,2011-07-26 11:24:00
561246,208.96,240,15,16951,2011-07-26 11:38:00
561247,668.39,581,43,16592,2011-07-26 11:38:00
561248,24.96,48,2,16592,2011-07-26 11:39:00
561257,396.77,252,7,14911,2011-07-26 12:00:00
561258,1611.1100000000001,861,38,15513,2011-07-26 12:03:00
561259,147.1,22,6,12584,2011-07-26 12:04:00
561280,130.79999999999998,96,7,18211,2011-07-26 12:24:00
561284,87.96000000000001,67,5,16818,2011-07-26 12:24:00
561288,136.29,166,13,13379,2011-07-26 12:26:00
561295,1648.73,1057,28,15311,2011-07-26 12:28:00
561314,161.9,114,8,16266,2011-07-26 12:36:00
561320,191.89000000000001,103,27,16942,2011-07-26 12:57:00
561321,162.06,50,16,13668,2011-07-26 12:59:00
561322,301.98,426,26,15203,2011-07-26 13:03:00
561324,295.64,468,21,14414,2011-07-26 13:45:00
561325,449.87,770,42,17596,2011-07-26 13:46:00
561329,154.21,48,16,15044,2011-07-26 13:57:00
561330,462.75,309,28,16019,2011-07-26 14:03:00
561331,127.61,95,26,16809,2011-07-26 14:24:00
561332,593.74,142,22,13492,2011-07-26 14:25:00
561334,111.86,47,12,15440,2011-07-26 14:27:00
561352,416.90000000000003,206,13,18094,2011-07-26 14:41:00
561353,208.2,84,5,18094,2011-07-26 14:42:00
561355,968.4,216,15,13090,2011-07-26 14:51:00
561356,231.35,87,11,14273,2011-07-26 14:56:00
561359,566.84,554,32,17160,2011-07-26 15:29:00
561360,375.0,260,9,16133,2011-07-26 15:37:00
561363,218.44,124,41,17238,2011-07-26 15:42:00
561366,310.72,166,21,15152,2011-07-26 15:45:00
561368,36.5,1,1,14866,2011-07-26 16:00:00
561378,134.38,106,8,17861,2011-07-26 16:55:00
561381,110.78,22,6,17920,2011-07-26 17:14:00
561382,199.04,75,32,16750,2011-07-26 17:27:00
561383,445.84999999999997,249,21,13730,2011-07-27 08:35:00
561384,60.7,26,3,13194,2011-07-27 09:01:00
561385,135.35999999999999,136,10,15660,2011-07-27 09:13:00
561386,9.959999999999999,12,1,15660,2011-07-27 09:14:00
561387,196.86,142,10,13824,2011-07-27 09:22:00
561388,3680.4,2208,37,12753,2011-07-27 09:32:00
561389,411.08000000000004,128,7,12971,2011-07-27 09:37:00
561390,239.0,125,13,17068,2011-07-27 09:52:00
561391,410.63,234,26,16628,2011-07-27 09:59:00
561393,165.0,108,10,18241,2011-07-27 10:10:00
561394,144.8,48,7,17315,2011-07-27 10:10:00
561395,358.7,166,14,13999,2011-07-27 10:29:00
561396,794.58,512,39,13458,2011-07-27 10:40:00
561397,2606.4,1056,2,16532,2011-07-27 10:41:00
561398,618.5,502,29,16767,2011-07-27 10:52:00
561399,1049.38,543,15,15125,2011-07-27 10:53:00
561430,360.54,358,23,15172,2011-07-27 11:29:00
561453,353.76,192,8,13183,2011-07-27 11:47:00
561455,267.32,212,8,15095,2011-07-27 11:58:00
561462,313.5,70,3,14088,2011-07-27 12:19:00
561463,260.56,46,21,14527,2011-07-27 12:38:00
561465,255.91,221,34,16447,2011-07-27 12:45:00
561466,160.2,60,11,17243,2011-07-27 12:50:00
561467,151.95,93,7,14040,2011-07-27 12:58:00
561468,440.7,227,9,12709,2011-07-27 13:00:00
561470,204.75,148,13,12523,2011-07-27 13:14:00
561471,660.26,602,20,14911,2011-07-27 13:14:00
561472,104.25,55,4,14911,2011-07-27 13:15:00
561473,544.2,264,25,15078,2011-07-27 13:17:00
561474,2688.27,1501,22,14680,2011-07-27 13:18:00
561485,249.88,136,57,17841,2011-07-27 13:42:00
561488,375.13,182,23,16609,2011-07-27 13:51:00
561502,1044.2,581,62,14305,2011-07-27 14:14:00
561507,1214.81,704,70,12397,2011-07-27 14:21:00
561508,99.0,20,1,16696,2011-07-27 14:23:00
561511,208.63000000000002,215,13,15624,2011-07-27 15:02:00
561512,221.29,142,40,14534,2011-07-27 15:09:00
561514,383.66,236,24,14331,2011-07-27 15:14:00
561517,533.08,356,21,18226,2011-07-27 15:17:00
561518,254.82,270,19,15261,2011-07-27 15:20:00
561519,83.99,89,37,17870,2011-07-27 17:01:00
561520,28.77,29,10,17870,2011-07-27 17:03:00
561521,40.05,17,3,17870,2011-07-27 17:06:00
561522,15.45,3,3,17870,2011-07-27 17:08:00
561528,498.04,259,17,13098,2011-07-28 08:55:00
561529,257.7,122,13,13013,2011-07-28 09:19:00
561530,383.2,216,2,16174,2011-07-28 09:21:00
561531,558.25,319,11,14364,2011-07-28 09:27:00
561532,650.64,480,4,15061,2011-07-28 09:30:00
561533,585.0,186,5,16672,2011-07-28 09:32:00
561534,612.91,532,37,14307,2011-07-28 09:45:00
561535,311.32,108,8,15116,2011-07-28 09:48:00
561537,469.31000000000006,175,17,13870,2011-07-28 09:58:00
561542,532.98,274,19,15105,2011-07-28 10:09:00
561544,305.0,542,21,16170,2011-07-28 10:14:00
561570,109.26,26,4,14289,2011-07-28 10:24:00
561583,385.14,177,17,13813,2011-07-28 10:33:00
561584,307.35,161,18,13534,2011-07-28 10:38:00
561585,141.15,99,9,13728,2011-07-28 10:46:00
561592,73.8,8,2,14560,2011-07-28 11:18:00
561593,39.2,14,4,16003,2011-07-28 11:20:00
561595,897.8,436,29,12853,2011-07-28 11:22:00
561597,126.6,32,6,12853,2011-07-28 11:26:00
561599,47.7,6,1,12853,2011-07-28 11:29:00
561600,407.52,315,89,15861,2011-07-28 11:29:00
561601,340.8,244,21,18151,2011-07-28 11:35:00
561602,15.0,12,1,16951,2011-07-28 12:05:00
561603,306.35,129,12,14855,2011-07-28 12:06:00
561605,380.12,212,25,13925,2011-07-28 12:09:00
561607,513.3,66,7,17389,2011-07-28 12:15:00
561610,325.46999999999997,309,21,16076,2011-07-28 12:28:00
561611,249.38,89,21,17975,2011-07-28 12:29:00
561614,633.07,286,33,13871,2011-07-28 12:50:00
561615,358.64,170,21,13319,2011-07-28 12:57:00
561616,357.7,136,29,15023,2011-07-28 13:02:00
561617,323.38,166,19,18237,2011-07-28 13:05:00
561618,263.32,164,11,18172,2011-07-28 13:28:00
561624,81.6,352,5,16969,2011-07-28 13:54:00
561625,1024.44,1704,53,16843,2011-07-28 14:03:00
561626,380.25,431,41,14898,2011-07-28 14:03:00
561627,707.09,473,43,12453,2011-07-28 14:08:00
561629,1.6800000000000002,12,1,12748,2011-07-28 14:13:00
561630,23.5,5,2,14527,2011-07-28 14:16:00
561631,624.22,363,29,14911,2011-07-28 14:27:00
561632,425.32,323,25,15639,2011-07-28 14:30:00
561633,10303.95,2565,8,17949,2011-07-28 14:33:00
561634,65.4,44,4,16912,2011-07-28 14:34:00
561635,327.32,68,10,16912,2011-07-28 14:35:00
561636,344.4,176,6,12910,2011-07-28 14:36:00
561637,428.4,168,1,17949,2011-07-28 14:45:00
561638,244.8,1440,1,15118,2011-07-28 14:54:00
561641,212.18,170,4,15939,2011-07-28 15:03:00
561642,339.24,326,46,17965,2011-07-28 15:04:00
561643,178.79999999999998,96,4,15939,2011-07-28 15:04:00
561644,648.72,264,4,16029,2011-07-28 15:15:00
561645,4345.1,2270,31,14911,2011-07-28 15:16:00
561646,477.6,248,4,16029,2011-07-28 15:19:00
561647,3301.38,1764,29,13340,2011-07-28 15:20:00
561648,196.88,178,28,15746,2011-07-28 15:21:00
561650,444.90000000000003,274,26,15329,2011-07-28 15:31:00
561653,304.94,818,33,14002,2011-07-28 15:55:00
561654,356.89,255,20,14973,2011-07-28 15:58:00
561655,6591.6,1828,7,18102,2011-07-28 16:00:00
561656,330.6,116,17,17071,2011-07-28 16:03:00
561657,27.8,4,1,17071,2011-07-28 16:04:00
561658,344.8,204,82,12743,2011-07-28 16:06:00
561659,3453.7200000000003,1180,6,17450,2011-07-28 16:11:00
561661,195.33,111,47,12743,2011-07-28 16:21:00
561662,192.34,296,4,12407,2011-07-28 16:28:00
561664,569.04,264,6,15189,2011-07-28 16:53:00
561669,811.9,664,7,12507,2011-07-28 17:09:00
561670,142.05,111,11,17373,2011-07-28 17:15:00
561671,1746.72,2064,10,12830,2011-07-28 17:17:00
561672,587.52,576,1,12830,2011-07-28 17:18:00
561675,119.64,48,6,17483,2011-07-28 17:33:00
561676,106.8,52,5,13468,2011-07-28 17:53:00
561677,112.56,60,7,15311,2011-07-28 18:23:00
561678,111.16000000000001,85,15,17931,2011-07-28 18:33:00
561679,778.12,550,24,15245,2011-07-28 18:56:00
561680,25.5,2,1,18268,2011-07-28 19:13:00
561683,1.95,1,1,15518,2011-07-28 19:34:00
561685,367.4,210,19,14315,2011-07-28 19:46:00
561686,505.25,257,29,13148,2011-07-29 08:29:00
561687,14.850000000000001,3,1,13148,2011-07-29 08:30:00
561688,310.07,196,9,14407,2011-07-29 08:48:00
561689,337.44,232,14,15942,2011-07-29 09:01:00
561690,356.92,251,23,13875,2011-07-29 09:11:00
561692,115.8,30,7,14143,2011-07-29 09:48:00
561693,358.82,296,21,15120,2011-07-29 09:48:00
561694,375.0,246,22,16147,2011-07-29 09:57:00
561695,365.1,354,16,14005,2011-07-29 10:00:00
561696,75.9,46,2,13277,2011-07-29 10:06:00
561697,139.6,28,8,18127,2011-07-29 10:06:00
561698,492.28,226,19,15974,2011-07-29 10:21:00
561699,152.4,60,3,12971,2011-07-29 10:32:00
561700,231.96,132,8,14738,2011-07-29 10:34:00
561701,234.12,204,11,13102,2011-07-29 10:41:00
561702,520.8000000000001,128,23,15149,2011-07-29 10:58:00
561704,109.72,42,27,14606,2011-07-29 11:07:00
561705,295.02,162,7,14735,2011-07-29 11:23:00
561706,177.6,70,10,14735,2011-07-29 11:25:00
561707,15.0,12,1,14735,2011-07-29 11:27:00
561708,130.2,80,8,13575,2011-07-29 11:28:00
561709,148.21,99,19,17790,2011-07-29 11:35:00
561710,188.01999999999998,63,33,13827,2011-07-29 11:45:00
561711,532.8,368,20,13414,2011-07-29 11:45:00
561712,244.94,118,44,14499,2011-07-29 11:49:00
561713,689.27,473,8,12901,2011-07-29 11:56:00
561714,113.25000000000001,31,7,18081,2011-07-29 11:56:00
561715,308.02,278,18,13102,2011-07-29 12:03:00
561719,331.90000000000003,330,12,17519,2011-07-29 12:09:00
561732,138.16,72,6,14511,2011-07-29 12:13:00
561743,221.8,116,5,13089,2011-07-29 12:16:00
561750,308.71000000000004,158,18,16945,2011-07-29 12:18:00
561773,182.55,88,52,17841,2011-07-29 12:41:00
561774,325.63,204,28,16729,2011-07-29 12:41:00
561783,199.96,317,22,16062,2011-07-29 12:50:00
561794,462.91,340,27,12921,2011-07-29 13:11:00
561795,677.9,503,45,12716,2011-07-29 13:28:00
561796,102.6,46,7,13138,2011-07-29 13:34:00
561797,795.8000000000001,430,25,13178,2011-07-29 13:37:00
561798,677.94,282,24,14911,2011-07-29 13:39:00
561799,241.62,138,18,15776,2011-07-29 13:46:00
561800,151.76,74,8,13975,2011-07-29 14:13:00
561801,187.18,134,11,12981,2011-07-29 14:14:00
561802,161.68,152,6,12748,2011-07-29 14:29:00
561803,185.56,172,10,17926,2011-07-29 14:39:00
561804,417.94,308,23,14191,2011-07-29 14:40:00
561806,322.4,219,18,12839,2011-07-29 14:55:00
561807,335.45,113,17,17491,2011-07-29 15:02:00
561808,362.0,204,19,13534,2011-07-29 15:11:00
561809,432.0,600,1,16684,2011-07-29 15:12:00
561811,76.5,18,1,13106,2011-07-29 15:12:00
561813,162.72,48,1,13104,2011-07-29 15:25:00
561814,368.45,143,13,14854,2011-07-29 15:40:00
561815,41.6,8,3,14083,2011-07-29 15:42:00
561816,116.93,71,3,16184,2011-07-29 15:46:00
561817,361.46000000000004,170,10,12921,2011-07-29 15:51:00
561818,147.07,39,20,16775,2011-07-29 15:51:00
561819,104.2,20,5,13928,2011-07-29 15:59:00
561857,308.44,246,21,13004,2011-07-29 16:24:00
561858,406.0,224,5,18064,2011-07-29 16:39:00
561859,188.48999999999998,525,19,17750,2011-07-29 17:19:00
561860,123.08,168,15,17997,2011-07-29 17:28:00
561861,458.94,190,4,16839,2011-07-31 10:28:00
561862,352.81,196,20,15569,2011-07-31 10:38:00
561863,411.74,421,17,17695,2011-07-31 10:40:00
561864,396.96000000000004,144,2,13217,2011-07-31 10:43:00
561865,244.79999999999998,96,2,15569,2011-07-31 10:47:00
561866,115.08,54,2,14341,2011-07-31 10:48:00
561867,115.61,85,34,16931,2011-07-31 10:59:00
561868,177.41,138,55,16813,2011-07-31 11:26:00
561869,172.96,75,39,16764,2011-07-31 11:38:00
561870,1056.11,1410,80,14911,2011-07-31 11:45:00
561871,377.29,251,20,13018,2011-07-31 11:46:00
561872,37.400000000000006,7,2,13018,2011-07-31 11:46:00
561873,1912.7,2229,37,13316,2011-07-31 11:48:00
561874,297.32,211,43,16255,2011-07-31 12:02:00
561875,765.3199999999999,724,15,14885,2011-07-31 12:05:00
561876,149.02,63,17,14472,2011-07-31 12:08:00
561877,483.63,485,33,16401,2011-07-31 12:16:00
561878,189.82999999999998,59,11,17388,2011-07-31 12:34:00
561879,738.0600000000001,351,34,13722,2011-07-31 12:43:00
561880,173.88,92,5,13722,2011-07-31 12:44:00
561881,446.75,229,24,16477,2011-07-31 12:47:00
561882,621.3,262,31,13388,2011-07-31 12:52:00
561883,55.8,20,4,13388,2011-07-31 12:52:00
561884,139.98,82,31,15453,2011-07-31 13:07:00
561885,324.1,109,60,15532,2011-07-31 13:13:00
561887,309.14,522,21,14414,2011-07-31 13:33:00
561888,360.54,258,21,14092,2011-07-31 13:36:00
561889,519.04,214,31,15804,2011-07-31 13:37:00
561890,343.40999999999997,197,10,12697,2011-07-31 14:17:00
561891,156.57999999999998,59,25,15438,2011-07-31 14:19:00
561893,279.08,94,46,12942,2011-07-31 14:39:00
561894,494.27,480,187,14456,2011-07-31 15:00:00
561895,1.25,1,1,12748,2011-07-31 15:04:00
561896,408.33,225,24,15819,2011-07-31 15:22:00
561897,205.2,111,58,17841,2011-07-31 15:24:00
561898,1325.23,628,45,12456,2011-07-31 15:25:00
561899,462.78,116,12,17173,2011-07-31 15:26:00
561900,636.49,521,77,16655,2011-07-31 15:31:00
561901,13464.26,5246,19,14156,2011-07-31 15:42:00
561902,3633.58,2567,24,17404,2011-07-31 15:50:00
561903,298.38,176,17,17162,2011-07-31 16:04:00
561904,304.56,252,2,17941,2011-08-01 08:30:00
561905,178.5,118,10,14947,2011-08-01 09:31:00
561906,660.45,471,32,12921,2011-08-01 10:03:00
561907,211.14000000000001,250,17,14060,2011-08-01 10:08:00
561908,120.5,60,6,14239,2011-08-01 10:09:00
561909,301.14,250,8,15625,2011-08-01 10:23:00
561910,498.48,122,13,17053,2011-08-01 10:23:00
561911,1089.18,651,63,12534,2011-08-01 10:26:00
561912,178.82,212,21,13184,2011-08-01 11:08:00
561913,8.29,7,3,13184,2011-08-01 11:12:00
561914,182.66,134,14,17676,2011-08-01 11:13:00
561915,773.69,569,42,14408,2011-08-01 11:23:00
561916,250.0,1,1,15581,2011-08-01 11:44:00
561917,228.94,89,64,16904,2011-08-01 11:57:00
561922,174.64,80,23,13167,2011-08-01 12:12:00
561923,748.32,476,39,14112,2011-08-01 12:16:00
561925,306.1,316,11,16551,2011-08-01 12:28:00
561926,1866.43,812,84,12749,2011-08-01 12:48:00
561928,29.700000000000003,6,1,12749,2011-08-01 12:50:00
561933,678.47,434,38,12949,2011-08-01 12:56:00
561936,204.0,16,1,14403,2011-08-01 12:57:00
561952,59.39999999999999,28,3,12949,2011-08-01 13:02:00
561955,35.1,18,2,12949,2011-08-01 13:03:00
561967,174.88,77,27,12844,2011-08-01 13:11:00
561968,221.5,72,22,16332,2011-08-01 13:29:00
561969,206.69,153,32,17757,2011-08-01 13:31:00
561995,306.02,383,10,16133,2011-08-01 13:44:00
562002,800.76,172,13,14567,2011-08-01 13:48:00
562011,422.07,207,13,16745,2011-08-01 13:54:00
562014,321.29,237,18,14341,2011-08-01 14:05:00
562015,57.3,30,3,17615,2011-08-01 14:06:00
562017,759.56,172,13,14937,2011-08-01 14:16:00
562018,687.0,916,5,17282,2011-08-01 14:29:00
562019,457.6,220,14,14709,2011-08-01 14:57:00
562021,249.0,136,11,16172,2011-08-01 15:37:00
562023,258.75,131,15,16814,2011-08-01 15:57:00
562025,227.0,84,12,12828,2011-08-01 16:16:00
562029,2327.0,1300,7,16182,2011-08-01 16:41:00
562031,3213.19,1594,262,16984,2011-08-01 17:37:00
562032,584.9100000000001,277,22,12347,2011-08-02 08:48:00
562033,340.74,146,14,15410,2011-08-02 08:49:00
562034,777.95,267,39,12449,2011-08-02 09:14:00
562035,438.16,264,28,12627,2011-08-02 09:29:00
562036,99.60000000000001,24,1,15187,2011-08-02 09:34:00
562037,336.40000000000003,159,20,13023,2011-08-02 09:34:00
562038,219.2,137,14,12633,2011-08-02 09:35:00
562039,85.8,52,5,12593,2011-08-02 09:55:00
562040,1487.6,1048,2,17553,2011-08-02 10:00:00
562042,919.61,485,22,13075,2011-08-02 10:19:00
562043,406.09,283,24,15342,2011-08-02 10:19:00
562044,114.78,583,11,16607,2011-08-02 10:24:00
562045,477.91,325,31,12644,2011-08-02 10:33:00
562046,4008.62,2529,219,12378,2011-08-02 10:34:00
562047,16.7,3,3,17788,2011-08-02 10:38:00
562049,267.71999999999997,172,11,14133,2011-08-02 11:33:00
562050,19.919999999999998,24,1,14133,2011-08-02 11:34:00
562053,376.02,1126,11,16701,2011-08-02 12:11:00
562085,970.58,486,46,15228,2011-08-02 12:27:00
562087,124.11,66,30,14606,2011-08-02 12:31:00
562088,228.96000000000004,216,2,13094,2011-08-02 12:35:00
562092,457.86,278,4,16133,2011-08-02 12:55:00
562093,326.22,138,9,13777,2011-08-02 12:59:00
562094,69.6,48,2,15024,2011-08-02 13:09:00
562095,168.05,145,14,16712,2011-08-02 13:15:00
562096,188.69,221,14,15311,2011-08-02 13:16:00
562098,20.8,10,1,14315,2011-08-02 13:31:00
562099,423.3,261,26,14688,2011-08-02 13:46:00
562100,362.52000000000004,131,19,13437,2011-08-02 14:00:00
562101,1595.48,944,93,13850,2011-08-02 14:04:00
562102,1490.82,906,57,13089,2011-08-02 14:21:00
562103,24.599999999999998,30,1,13089,2011-08-02 14:23:00
562105,174.10999999999999,113,11,15271,2011-08-02 14:50:00
562106,118.67,79,43,14076,2011-08-02 15:19:00
562107,500.24,728,6,13805,2011-08-02 15:29:00
562108,116.01,89,14,17809,2011-08-02 15:40:00
562109,465.56,292,4,13798,2011-08-02 15:42:00
562112,165.24,110,9,18236,2011-08-02 15:53:00
562120,321.5,398,12,13756,2011-08-02 17:04:00
562123,870.0,600,4,17353,2011-08-02 17:19:00
562125,111.35,30,10,17887,2011-08-02 17:29:00
562127,201.77,339,15,13717,2011-08-03 08:21:00
562128,444.21999999999997,274,25,16150,2011-08-03 09:06:00
562129,988.34,360,51,13186,2011-08-03 09:09:00
562130,275.88,137,15,12750,2011-08-03 09:13:00
562131,490.87,287,29,18178,2011-08-03 09:30:00
562132,583.24,396,20,13384,2011-08-03 09:40:00
562133,112.09,76,11,16419,2011-08-03 09:47:00
562136,168.0,126,3,15374,2011-08-03 09:59:00
562137,221.04,187,13,12720,2011-08-03 10:04:00
562138,647.75,153,7,14737,2011-08-03 10:04:00
562140,95.85,43,5,18241,2011-08-03 10:11:00
562141,441.18,66,6,17389,2011-08-03 10:12:00
562143,2353.0,1460,24,16422,2011-08-03 10:41:00
562145,341.58,152,18,17656,2011-08-03 10:45:00
562146,614.78,272,27,17675,2011-08-03 10:45:00
562148,218.27,138,7,13695,2011-08-03 10:49:00
562150,301.92,170,14,14132,2011-08-03 10:49:00
562152,205.1,98,6,16168,2011-08-03 10:56:00
562153,1004.88,762,22,14088,2011-08-03 11:21:00
562155,162.0,648,3,17940,2011-08-03 11:24:00
562156,310.02,346,15,14401,2011-08-03 11:35:00
562157,767.0699999999999,332,26,16012,2011-08-03 11:44:00
562158,536.58,219,44,15039,2011-08-03 11:45:00
562161,264.55,201,64,17841,2011-08-03 11:58:00
562162,158.43,69,14,12841,2011-08-03 12:03:00
562163,308.43,245,19,15628,2011-08-03 12:06:00
562166,595.26,524,39,13209,2011-08-03 12:10:00
562173,460.43,171,33,14530,2011-08-03 12:12:00
562199,174.0,91,27,12748,2011-08-03 12:20:00
562200,658.38,176,27,17719,2011-08-03 12:21:00
562201,166.72,40,21,14527,2011-08-03 12:31:00
562202,526.22,218,15,15290,2011-08-03 12:33:00
562203,839.76,464,31,16102,2011-08-03 12:50:00
562204,249.27,181,60,16324,2011-08-03 12:54:00
562205,310.33,113,15,18055,2011-08-03 12:55:00
562207,1202.22,699,8,12643,2011-08-03 12:56:00
562208,3.95,1,1,16324,2011-08-03 12:58:00
562209,412.35,153,18,13213,2011-08-03 13:06:00
562210,617.4499999999999,389,37,13486,2011-08-03 13:10:00
562211,148.78,290,11,17429,2011-08-03 13:22:00
562213,360.9,311,74,13975,2011-08-03 13:39:00
562214,301.17,169,17,17731,2011-08-03 13:39:00
562216,99.1,42,5,16835,2011-08-03 13:50:00
562217,318.24,158,18,17659,2011-08-03 14:06:00
562218,1106.96,873,52,13851,2011-08-03 14:07:00
562219,1221.56,674,69,15089,2011-08-03 14:14:00
562220,304.42,108,18,15150,2011-08-03 14:19:00
562222,832.5,634,15,18073,2011-08-03 14:33:00
562224,611.24,712,4,17306,2011-08-03 14:35:00
562233,114.77,28,18,14972,2011-08-03 14:54:00
562255,14.040000000000001,36,1,16607,2011-08-03 15:02:00
562256,399.6,109,20,15152,2011-08-03 15:14:00
562257,148.72,88,1,17848,2011-08-03 15:14:00
562258,179.22,111,43,16348,2011-08-03 15:28:00
562259,85.2,72,3,15400,2011-08-03 15:34:00
562260,452.8,327,16,13408,2011-08-03 15:38:00
562261,119.52000000000001,48,1,13408,2011-08-03 15:38:00
562262,66.0,40,1,13408,2011-08-03 15:39:00
562263,208.65,135,40,17514,2011-08-03 15:45:00
562269,251.94,154,35,14056,2011-08-03 16:35:00
562270,594.0,120,2,12917,2011-08-03 16:42:00
562271,200.32,110,12,16098,2011-08-03 17:05:00
562272,83.10000000000001,54,4,12971,2011-08-04 08:18:00
562273,788.87,152,31,12502,2011-08-04 09:55:00
562274,360.81,145,17,12704,2011-08-04 10:00:00
562275,511.03,281,34,12689,2011-08-04 10:04:00
562276,954.0,538,49,17735,2011-08-04 10:23:00
562277,190.35,461,3,17315,2011-08-04 10:24:00
562282,2022.6,1320,35,13098,2011-08-04 10:38:00
562283,615.5,365,37,15249,2011-08-04 10:43:00
562284,324.52,368,12,15133,2011-08-04 10:44:00
562285,612.0,960,2,17404,2011-08-04 10:45:00
562286,913.3,580,13,15061,2011-08-04 10:45:00
562287,78.56,33,5,12455,2011-08-04 11:07:00
562290,132.05,47,6,14825,2011-08-04 11:16:00
562313,496.24,230,24,14640,2011-08-04 11:38:00
562332,579.0,500,4,13791,2011-08-04 11:44:00
562339,167.26,167,31,13571,2011-08-04 11:59:00
562340,407.38,210,26,13985,2011-08-04 12:05:00
562341,192.28,195,45,15005,2011-08-04 12:13:00
562342,199.74,126,13,16929,2011-08-04 12:13:00
562343,376.32,1208,2,17381,2011-08-04 12:13:00
562344,151.2,720,1,17381,2011-08-04 12:14:00
562345,1505.64,1524,20,13694,2011-08-04 12:14:00
562346,422.82,382,18,16187,2011-08-04 12:14:00
562347,167.32,78,46,13263,2011-08-04 12:22:00
562348,5162.74,3005,57,17511,2011-08-04 12:36:00
562349,173.70000000000002,6,2,16915,2011-08-04 13:03:00
562351,198.0,150,8,16626,2011-08-04 13:10:00
562353,2317.0,1312,32,16180,2011-08-04 13:15:00
562354,193.36,392,16,17470,2011-08-04 13:15:00
562355,133.20000000000002,40,4,14768,2011-08-04 13:25:00
562365,117.3,39,22,14344,2011-08-04 13:51:00
562366,117.47999999999999,108,7,17692,2011-08-04 14:01:00
562368,299.52,260,9,16570,2011-08-04 14:06:00
562369,749.45,245,16,17584,2011-08-04 14:12:00
562370,1062.84,556,44,12626,2011-08-04 14:20:00
562371,788.04,525,46,13709,2011-08-04 14:30:00
562372,754.8000000000001,216,6,16258,2011-08-04 14:33:00
562373,318.5,98,5,16672,2011-08-04 14:33:00
562374,4345.1,2270,31,14911,2011-08-04 14:40:00
562376,300.36,275,18,15254,2011-08-04 15:04:00
562377,799.94,506,97,14535,2011-08-04 15:04:00
562378,943.07,675,29,15046,2011-08-04 15:07:00
562379,203.78,126,12,15134,2011-08-04 15:17:00
562380,396.81,165,17,14778,2011-08-04 15:23:00
562381,638.02,456,29,16873,2011-08-04 15:33:00
562387,312.95,289,22,13402,2011-08-04 15:51:00
562388,168.31,149,19,18099,2011-08-04 15:52:00
562389,199.7,214,14,16531,2011-08-04 15:55:00
562392,476.29999999999995,196,24,15205,2011-08-04 16:07:00
562393,1019.44,476,27,18172,2011-08-04 16:17:00
562416,301.93,64,10,13969,2011-08-04 16:31:00
562418,367.32,176,19,16572,2011-08-04 16:34:00
562419,249.13,124,12,14667,2011-08-04 16:36:00
562421,74.4,264,9,15241,2011-08-04 16:41:00
562422,62.63999999999999,88,5,13218,2011-08-04 16:59:00
562424,12.75,1,1,12584,2011-08-04 17:07:00
562426,29.700000000000003,6,2,12748,2011-08-04 17:13:00
562427,310.6,154,36,17267,2011-08-04 17:19:00
562428,6.6,4,1,17267,2011-08-04 17:22:00
562429,423.84000000000003,136,12,13767,2011-08-04 17:23:00
562430,270.52,472,15,18109,2011-08-04 17:26:00
562431,47.29,29,6,13069,2011-08-04 17:37:00
562432,716.0,386,26,14004,2011-08-04 17:38:00
562433,1016.04,621,14,17677,2011-08-04 17:40:00
562434,229.5,30,1,12823,2011-08-04 17:45:00
562435,225.14000000000001,34,7,12693,2011-08-04 17:51:00
562436,2.25,3,1,17961,2011-08-04 17:55:00
562437,447.93,309,26,13047,2011-08-04 17:58:00
562439,18841.48,11848,22,12931,2011-08-04 18:06:00
562440,204.0,48,1,12931,2011-08-04 18:07:00
562441,161.4,32,4,14543,2011-08-04 18:18:00
562442,98.16,64,4,14397,2011-08-04 18:31:00
562443,622.5,150,1,17723,2011-08-04 18:37:00
562444,372.24,267,54,14713,2011-08-04 18:44:00
562445,355.56,190,21,12417,2011-08-04 18:51:00
562446,118.80000000000001,24,1,13145,2011-08-04 19:06:00
562447,492.0,112,6,15251,2011-08-04 19:20:00
562448,1327.55,905,15,17428,2011-08-04 19:22:00
562449,245.32,158,30,14562,2011-08-04 20:01:00
562450,650.0,323,29,12562,2011-08-05 08:40:00
562451,206.9,52,10,15110,2011-08-05 09:25:00
562452,233.22,158,11,16302,2011-08-05 09:44:00
562453,209.34,110,10,18097,2011-08-05 10:31:00
562454,312.14,262,21,15128,2011-08-05 10:31:00
562455,320.3,210,17,18097,2011-08-05 10:32:00
562456,402.02,304,20,15194,2011-08-05 10:39:00
562457,593.35,1232,40,18079,2011-08-05 11:00:00
562458,480.0,384,1,16029,2011-08-05 11:16:00
562459,757.2,408,6,16029,2011-08-05 11:17:00
562460,245.82999999999998,169,45,17841,2011-08-05 11:19:00
562461,260.62,157,1,16029,2011-08-05 11:19:00
562462,520.1,214,5,16029,2011-08-05 11:21:00
562465,630.5,361,24,13908,2011-08-05 11:46:00
562466,251.26,200,9,13435,2011-08-05 11:49:00
562467,205.1,109,10,13513,2011-08-05 11:50:00
562468,110.0,88,6,16928,2011-08-05 11:52:00
562490,155.8,40,9,14720,2011-08-05 12:06:00
562516,390.0,134,9,15129,2011-08-05 12:25:00
562517,342.53000000000003,204,91,15719,2011-08-05 12:27:00
562518,272.56,153,13,16818,2011-08-05 12:30:00
562519,172.42000000000002,82,34,16764,2011-08-05 12:37:00
562520,180.3,163,6,12599,2011-08-05 12:38:00
562521,340.06,154,8,17457,2011-08-05 12:48:00
562523,304.20000000000005,260,3,16174,2011-08-05 13:26:00
562524,301.41,225,12,15201,2011-08-05 13:28:00
562525,100.21000000000001,75,7,18282,2011-08-05 13:35:00
562526,158.41,69,18,16880,2011-08-05 13:46:00
562527,307.8,134,4,12647,2011-08-05 13:49:00
562528,946.75,457,54,12610,2011-08-05 13:52:00
562529,29.58,30,2,15201,2011-08-05 14:05:00
562531,102.1,58,2,13984,2011-08-05 14:30:00
562532,17.85,3,1,14083,2011-08-05 14:31:00
562533,16.5,10,1,17676,2011-08-05 14:36:00
562534,809.11,388,20,14031,2011-08-05 14:49:00
562535,319.32,249,14,13200,2011-08-05 14:50:00
562537,771.75,421,50,12517,2011-08-05 15:02:00
562538,502.02,110,7,15505,2011-08-05 15:07:00
562539,331.57,191,55,17220,2011-08-05 15:30:00
562540,791.22,487,93,17400,2011-08-05 15:38:00
562541,985.92,288,6,18102,2011-08-05 15:39:00
562542,309.65,356,39,17377,2011-08-05 15:40:00
562543,463.90000000000003,216,13,13552,2011-08-05 15:45:00
562545,137.76,196,2,12971,2011-08-05 15:46:00
562549,494.42,281,35,17092,2011-08-05 16:10:00
562550,90.0,24,4,13082,2011-08-05 16:16:00
562551,201.07,129,43,17231,2011-08-05 16:19:00
562552,9.899999999999999,6,1,12748,2011-08-05 16:23:00
562555,301.36,240,6,15671,2011-08-05 16:37:00
562558,796.02,648,112,13451,2011-08-05 16:43:00
562560,1563.18,739,143,14156,2011-08-05 17:12:00
562562,299.42,201,16,16271,2011-08-05 17:43:00
562563,302.28,268,8,13450,2011-08-07 10:24:00
562564,234.35,133,17,15058,2011-08-07 10:43:00
562565,121.11,50,14,16206,2011-08-07 10:45:00
562566,303.9,154,8,16954,2011-08-07 10:55:00
562567,100.4,140,13,12877,2011-08-07 11:40:00
562568,107.4,60,6,12720,2011-08-07 11:59:00
562569,104.50999999999999,85,20,17323,2011-08-07 12:05:00
562570,375.1,301,12,14079,2011-08-07 12:10:00
562571,123.49,28,15,13782,2011-08-07 12:21:00
562572,107.63999999999999,132,4,17298,2011-08-07 12:21:00
562573,78.21000000000001,54,5,13248,2011-08-07 12:40:00
562574,601.6899999999999,408,83,14903,2011-08-07 12:42:00
562575,225.81,107,12,15411,2011-08-07 12:54:00
562576,228.57999999999998,145,30,15518,2011-08-07 13:08:00
562578,79.0,16,4,14331,2011-08-07 13:17:00
562579,606.41,305,23,16950,2011-08-07 13:30:00
562580,262.45,99,13,14024,2011-08-07 13:31:00
562581,113.79,59,12,15860,2011-08-07 13:43:00
562583,141.17,379,6,15831,2011-08-07 13:54:00
562584,193.25,81,10,13752,2011-08-07 14:16:00
562585,106.0,100,1,14053,2011-08-07 14:27:00
562586,316.38,186,6,16066,2011-08-07 14:33:00
562587,1434.71,843,55,15640,2011-08-07 14:34:00
562589,107.64,64,5,15198,2011-08-07 15:16:00
562590,53.519999999999996,72,2,12748,2011-08-07 15:39:00
562591,46.559999999999995,48,2,12748,2011-08-07 15:40:00
562592,263.19,298,15,13418,2011-08-07 15:43:00
562593,660.87,457,109,16549,2011-08-07 15:43:00
562595,142.5,102,8,17602,2011-08-07 15:52:00
562596,325.51,292,19,16145,2011-08-08 09:22:00
562598,309.06,178,17,15152,2011-08-08 10:00:00
562599,194.51,83,10,13013,2011-08-08 10:01:00
562600,169.10000000000002,83,6,12676,2011-08-08 10:01:00
562602,981.38,550,58,12865,2011-08-08 10:11:00
562603,106.91,123,9,17870,2011-08-08 10:40:00
562604,301.59999999999997,270,19,17611,2011-08-08 10:51:00
562605,416.65,273,19,12530,2011-08-08 10:59:00
562606,19.919999999999998,24,1,13552,2011-08-08 11:28:00
562607,645.35,346,39,12885,2011-08-08 11:45:00
562608,3315.0699999999997,1905,89,15502,2011-08-08 11:45:00
562609,175.2,16,1,17331,2011-08-08 11:55:00
562610,1282.0,1132,2,16333,2011-08-08 11:56:00
562611,809.82,492,41,17716,2011-08-08 11:58:00
562612,226.93,211,16,16637,2011-08-08 12:00:00
562614,24.88,13,5,17961,2011-08-08 12:15:00
562615,254.8,202,19,16458,2011-08-08 12:20:00
562616,347.64,452,24,14748,2011-08-08 12:28:00
562619,158.47,108,27,15311,2011-08-08 12:34:00
562621,364.26,194,21,14415,2011-08-08 12:36:00
562649,211.85,51,36,14606,2011-08-08 13:11:00
562650,80.0,2,1,17404,2011-08-08 13:12:00
562652,714.33,365,21,14844,2011-08-08 13:34:00
562670,829.96,603,58,14911,2011-08-08 13:42:00
562680,237.71,178,75,17954,2011-08-08 13:46:00
562688,1510.49,985,163,13869,2011-08-08 13:53:00
562701,480.6,224,10,13767,2011-08-08 13:59:00
562708,347.75,157,45,17085,2011-08-08 14:15:00
562710,598.88,474,17,14298,2011-08-08 14:37:00
562711,299.92,123,86,16788,2011-08-08 14:53:00
562712,425.25,315,28,13016,2011-08-08 15:00:00
562713,576.84,244,7,15189,2011-08-08 15:17:00
562716,1388.92,628,37,14257,2011-08-08 15:35:00
562718,169.4,84,10,18241,2011-08-08 16:07:00
562719,53.95,8,5,16365,2011-08-08 16:15:00
562720,36.89,26,14,15033,2011-08-08 16:18:00
562721,242.84,208,10,15985,2011-08-08 16:31:00
562722,1109.34,808,10,13798,2011-08-08 16:43:00
562725,358.49,155,19,17302,2011-08-09 09:04:00
562727,462.06,168,27,15601,2011-08-09 09:26:00
562729,102.98,35,5,12569,2011-08-09 10:05:00
562730,477.46000000000004,662,13,17554,2011-08-09 10:16:00
562732,307.56,269,19,18248,2011-08-09 10:19:00
562733,984.39,447,40,14626,2011-08-09 10:20:00
562767,282.23,95,14,13769,2011-08-09 10:47:00
562768,257.48,124,15,14127,2011-08-09 10:49:00
562769,190.8,100,8,14409,2011-08-09 10:52:00
562770,1256.95,708,44,17139,2011-08-09 11:56:00
562771,657.4,192,9,13113,2011-08-09 12:00:00
562772,636.75,190,55,13097,2011-08-09 12:07:00
562774,326.4,128,20,13500,2011-08-09 12:20:00
562775,494.6,248,20,15078,2011-08-09 12:21:00
562776,174.65,35,9,14180,2011-08-09 12:23:00
562777,356.0,160,6,15247,2011-08-09 12:52:00
562778,213.6,60,6,17591,2011-08-09 12:55:00
562779,354.32,195,88,17841,2011-08-09 12:58:00
562780,159.64,134,14,14901,2011-08-09 13:03:00
562781,335.28,280,23,14334,2011-08-09 13:10:00
562782,115.5,70,7,13280,2011-08-09 13:14:00
562783,251.96,274,18,13018,2011-08-09 13:22:00
562784,224.12,71,37,16791,2011-08-09 13:22:00
562787,208.34,1,1,15581,2011-08-09 13:44:00
562788,368.5,206,10,17669,2011-08-09 13:48:00
562789,12341.21,7807,96,14646,2011-08-09 13:50:00
562790,157.5,375,10,14646,2011-08-09 13:51:00
562791,367.46,355,19,17730,2011-08-09 14:18:00
562792,105.99000000000001,130,26,17634,2011-08-09 14:18:00
562804,674.7,314,32,13355,2011-08-09 14:48:00
562806,105.1,36,6,13636,2011-08-09 14:56:00
562807,1124.19,1003,62,16053,2011-08-09 14:57:00
562809,109.63,29,14,16775,2011-08-09 15:12:00
562810,60.0,16,1,16656,2011-08-09 15:22:00
562812,52.02,18,1,13217,2011-08-09 15:32:00
562838,382.85,317,19,13162,2011-08-09 15:59:00
562839,123.21000000000001,69,18,14056,2011-08-09 16:17:00
562840,150.74,59,23,14527,2011-08-09 16:27:00
562841,392.06,228,19,17675,2011-08-09 16:42:00
562842,245.8,58,5,17675,2011-08-09 16:44:00
562844,757.0699999999999,68,15,12444,2011-08-10 08:41:00
562847,315.72,172,21,16245,2011-08-10 09:34:00
562849,307.22,278,20,16700,2011-08-10 09:52:00
562850,2388.2,1324,17,14680,2011-08-10 10:08:00
562851,90.4,92,7,13117,2011-08-10 10:09:00
562852,392.17,217,23,13050,2011-08-10 10:12:00
562853,213.15,338,16,13919,2011-08-10 10:15:00
562854,304.96,136,7,16133,2011-08-10 10:15:00
562878,120.19,77,45,16241,2011-08-10 10:45:00
562879,45.0,36,1,15640,2011-08-10 10:45:00
562880,4105.9400000000005,2630,29,15838,2011-08-10 10:53:00
562881,409.61,265,26,15632,2011-08-10 10:57:00
562882,292.69,62,14,12384,2011-08-10 11:23:00
562883,6.300000000000001,3,1,14056,2011-08-10 11:24:00
562885,65.25,51,3,14024,2011-08-10 11:30:00
562886,120.71000000000001,127,5,17994,2011-08-10 11:41:00
562888,335.15,249,24,14388,2011-08-10 11:58:00
562890,355.45,272,20,14191,2011-08-10 12:11:00
562891,107.1,58,6,13468,2011-08-10 12:18:00
562892,302.25,191,17,16292,2011-08-10 12:24:00
562893,521.44,307,31,17442,2011-08-10 12:25:00
562894,248.35,197,14,12571,2011-08-10 12:35:00
562902,115.92999999999999,55,8,13925,2011-08-10 12:41:00
562907,319.97,162,17,14116,2011-08-10 12:44:00
562908,457.25,245,11,16839,2011-08-10 12:48:00
562912,205.32,149,12,15311,2011-08-10 13:15:00
562913,241.92000000000002,220,18,17042,2011-08-10 13:19:00
562914,203.59,83,11,16558,2011-08-10 13:25:00
562917,432.0,600,1,17949,2011-08-10 13:43:00
562918,520.54,290,20,15615,2011-08-10 13:51:00
562919,15.0,12,1,15615,2011-08-10 13:52:00
562920,40.599999999999994,22,2,14495,2011-08-10 14:13:00
562922,721.95,521,22,12594,2011-08-10 14:26:00
562923,340.90000000000003,134,7,16996,2011-08-10 14:34:00
562924,98.38,45,5,16750,2011-08-10 14:49:00
562925,625.8,84,5,17389,2011-08-10 14:51:00
562926,350.58,302,15,17512,2011-08-10 14:55:00
562928,1119.88,1071,87,15494,2011-08-10 15:29:00
562929,126.30000000000001,75,7,17562,2011-08-10 15:37:00
562930,354.68,184,13,14209,2011-08-10 16:01:00
562931,222.48,210,33,14030,2011-08-10 16:19:00
562932,282.97,321,57,16904,2011-08-10 16:39:00
562935,1253.05,391,21,14156,2011-08-10 17:11:00
562939,660.76,484,36,15498,2011-08-11 08:37:00
562940,337.5,50,3,15498,2011-08-11 08:38:00
562941,17.4,12,1,15498,2011-08-11 08:39:00
562942,176.85000000000002,23,5,13538,2011-08-11 08:50:00
562944,371.3,189,21,13985,2011-08-11 09:34:00
562946,2500.0,1,1,15581,2011-08-11 09:38:00
562947,403.05,113,5,15987,2011-08-11 09:45:00
562948,101.76,96,1,17857,2011-08-11 09:46:00
562949,759.14,501,43,14346,2011-08-11 09:47:00
562950,285.68,230,18,15608,2011-08-11 09:56:00
562951,252.62,108,15,14462,2011-08-11 09:57:00
562960,438.4,315,27,14911,2011-08-11 10:22:00
562963,144.15,129,10,13203,2011-08-11 10:29:00
562964,642.36,383,30,13488,2011-08-11 10:29:00
562965,666.8,490,33,18226,2011-08-11 10:45:00
562966,424.08000000000004,360,3,16133,2011-08-11 10:53:00
562967,327.12,304,4,16422,2011-08-11 10:54:00
562968,325.32,222,19,14291,2011-08-11 10:55:00
562973,1234.0,872,9,14911,2011-08-11 11:42:00
562980,1552.6,737,84,17686,2011-08-11 11:44:00
562984,403.05,226,60,17841,2011-08-11 11:45:00
562999,363.33,415,27,15117,2011-08-11 11:51:00
563011,109.97999999999999,46,7,16283,2011-08-11 12:00:00
563012,272.96999999999997,188,49,17284,2011-08-11 12:00:00
563013,197.1,112,12,12993,2011-08-11 12:01:00
563014,383.96,228,5,13408,2011-08-11 12:17:00
563016,710.2,707,49,15358,2011-08-11 12:44:00
563017,489.86,388,32,13198,2011-08-11 12:48:00
563018,250.36,301,14,13427,2011-08-11 12:53:00
563019,595.72,344,24,17340,2011-08-11 12:58:00
563020,605.14,385,24,12428,2011-08-11 12:58:00
563021,225.14,166,21,18077,2011-08-11 13:25:00
563022,318.65,213,68,17248,2011-08-11 13:34:00
563023,534.34,210,30,14639,2011-08-11 13:39:00
563024,219.76,68,15,14639,2011-08-11 13:41:00
563026,282.71999999999997,149,21,15747,2011-08-11 14:04:00
563028,83.25,31,4,17629,2011-08-11 14:16:00
563029,899.36,488,11,18093,2011-08-11 14:34:00
563030,185.61,99,10,14834,2011-08-11 14:36:00
563031,137.5,81,35,13263,2011-08-11 14:38:00
563032,256.88,264,18,16076,2011-08-11 14:39:00
563033,139.59,113,12,16928,2011-08-11 14:48:00
563034,314.86,212,17,17644,2011-08-11 14:53:00
563035,205.22,72,25,17790,2011-08-11 14:54:00
563036,400.6,234,21,14868,2011-08-11 14:55:00
563037,469.25,340,30,12362,2011-08-11 15:02:00
563038,940.64,846,7,16656,2011-08-11 15:05:00
563060,163.24,297,4,17653,2011-08-11 15:24:00
563061,471.32,424,35,13588,2011-08-11 15:25:00
563062,120.42,70,15,17811,2011-08-11 15:25:00
563070,349.02000000000004,191,27,14099,2011-08-11 15:34:00
563071,332.89,163,20,17633,2011-08-11 15:43:00
563073,319.34,374,24,18235,2011-08-11 15:56:00
563074,9349.72,6098,22,12931,2011-08-11 15:58:00
563075,252.1,158,5,13645,2011-08-11 16:11:00
563076,19150.66,14730,119,14646,2011-08-11 16:12:00
563078,480.65,251,22,15955,2011-08-11 16:30:00
563079,17.700000000000003,6,1,15955,2011-08-11 16:31:00
563080,37.14,10,2,15955,2011-08-11 16:32:00
563089,304.3,128,16,15469,2011-08-11 16:54:00
563090,389.36,323,19,16186,2011-08-11 17:00:00
563091,292.87,137,19,12994,2011-08-11 17:02:00
563092,15.0,4,1,13307,2011-08-11 17:14:00
563094,663.61,535,40,14525,2011-08-11 17:35:00
563095,305.34000000000003,190,17,13158,2011-08-12 09:04:00
563096,324.72,184,22,15544,2011-08-12 09:10:00
563097,316.99,190,14,17642,2011-08-12 09:11:00
563098,1396.66,554,41,14911,2011-08-12 09:14:00
563099,150.6,28,3,15689,2011-08-12 09:37:00
563100,1268.74,568,62,12381,2011-08-12 09:57:00
563103,159.20000000000002,74,9,13873,2011-08-12 10:08:00
563104,366.11,180,20,13888,2011-08-12 10:13:00
563110,509.08,407,25,14849,2011-08-12 11:07:00
563111,384.6,250,19,15249,2011-08-12 11:08:00
563112,304.63,284,20,14849,2011-08-12 11:09:00
563137,153.85,55,24,14534,2011-08-12 11:22:00
563147,81.0,84,3,13695,2011-08-12 11:29:00
563149,101.76,96,1,13695,2011-08-12 11:41:00
563150,306.33,281,11,15192,2011-08-12 11:41:00
563155,138.68,121,14,13069,2011-08-12 11:48:00
563161,211.88,248,18,14790,2011-08-12 12:15:00
563162,339.26,286,11,16013,2011-08-12 12:15:00
563163,1069.2,412,4,16013,2011-08-12 12:16:00
563164,505.79999999999995,204,2,16013,2011-08-12 12:18:00
563165,825.6,992,7,14646,2011-08-12 12:36:00
563166,1181.44,872,13,18092,2011-08-12 12:37:00
563167,287.15000000000003,335,23,14696,2011-08-12 12:37:00
563168,210.05,195,13,16045,2011-08-12 12:41:00
563169,768.97,491,35,14911,2011-08-12 12:42:00
563170,243.20999999999998,195,14,18237,2011-08-12 12:44:00
563171,308.31,252,15,16317,2011-08-12 12:46:00
563172,209.62,175,12,12399,2011-08-12 13:15:00
563173,528.0,320,1,17381,2011-08-12 13:27:00
563174,337.0,184,23,16746,2011-08-12 13:40:00
563175,339.3,138,8,14855,2011-08-12 14:02:00
563176,96.86,63,10,17293,2011-08-12 14:02:00
563177,65.0,1,1,17293,2011-08-12 14:03:00
563178,208.39,129,16,16011,2011-08-12 14:12:00
563179,608.76,374,10,12431,2011-08-12 14:19:00
563180,212.64,176,11,16209,2011-08-12 14:25:00
563181,161.4,62,9,16612,2011-08-12 14:32:00
563182,138.32,80,7,17122,2011-08-12 14:33:00
563183,860.98,454,23,14110,2011-08-12 14:47:00
563184,153.64,66,24,17516,2011-08-12 14:50:00
563188,303.22,118,8,15606,2011-08-12 15:00:00
563189,412.88,180,25,12682,2011-08-12 15:22:00
563191,326.75,247,16,16678,2011-08-12 16:07:00
563192,311.20000000000005,112,4,16745,2011-08-12 16:10:00
563194,320.3,65,25,17858,2011-08-12 16:36:00
563196,156.75,77,8,14406,2011-08-12 16:54:00
563198,536.54,340,7,15270,2011-08-14 10:38:00
563199,151.0,20,9,16326,2011-08-14 10:38:00
563200,143.72,51,41,13838,2011-08-14 10:49:00
563201,93.16,33,23,13838,2011-08-14 10:52:00
563202,46.65,3,2,12722,2011-08-14 11:16:00
563203,348.0,100,6,16525,2011-08-14 11:31:00
563204,164.95000000000002,61,5,17048,2011-08-14 11:49:00
563205,335.11,260,37,14040,2011-08-14 12:03:00
563206,155.93,62,15,17613,2011-08-14 12:08:00
563208,39.84,24,2,14040,2011-08-14 12:12:00
563209,440.54,250,48,13527,2011-08-14 12:23:00
563210,245.67000000000002,83,22,16466,2011-08-14 12:27:00
563211,330.28,176,21,17049,2011-08-14 12:33:00
563212,169.8,77,11,17800,2011-08-14 12:41:00
563213,273.02,207,43,16115,2011-08-14 12:55:00
563214,401.28000000000003,194,66,16370,2011-08-14 12:56:00
563215,193.75,131,10,15683,2011-08-14 12:56:00
563216,278.46,134,60,17841,2011-08-14 13:14:00
563217,188.39999999999998,166,13,13515,2011-08-14 13:21:00
563227,640.14,606,13,14301,2011-08-14 15:33:00
563228,53.05,6,6,17988,2011-08-14 15:34:00
563229,11.639999999999999,2,2,17988,2011-08-14 15:35:00
563230,334.85,162,43,15376,2011-08-14 15:39:00
563231,123.14,23,14,14658,2011-08-14 15:42:00
563233,2.95,1,1,17988,2011-08-14 15:56:00
563234,213.85,343,19,13621,2011-08-15 08:26:00
563235,47.400000000000006,60,1,15939,2011-08-15 09:18:00
563236,11.9,2,1,17252,2011-08-15 09:45:00
563237,273.72,362,20,14321,2011-08-15 09:57:00
563238,630.42,342,14,15093,2011-08-15 09:59:00
563239,67.23,50,19,15048,2011-08-15 10:02:00
563241,1221.4,1026,41,12758,2011-08-15 10:22:00
563242,498.48,122,13,17173,2011-08-15 10:28:00
563243,57.0,20,2,18241,2011-08-15 10:29:00
563245,411.7,224,25,16272,2011-08-15 10:53:00
563246,695.26,414,33,13089,2011-08-15 10:57:00
563247,256.08,360,5,13089,2011-08-15 10:59:00
563248,190.15,101,31,14702,2011-08-15 11:30:00
563250,68.10000000000001,22,3,15624,2011-08-15 11:38:00
563251,182.65,63,4,12919,2011-08-15 11:39:00
563252,300.63,105,16,17655,2011-08-15 11:59:00
563253,623.7,391,26,15218,2011-08-15 12:04:00
563254,81.6,96,1,15218,2011-08-15 12:06:00
563255,106.34,24,11,14527,2011-08-15 12:07:00
563256,519.98,262,32,18143,2011-08-15 12:07:00
563257,347.15999999999997,216,23,13799,2011-08-15 12:07:00
563259,508.4599999999999,84,7,17958,2011-08-15 12:19:00
563260,50.28,84,5,16668,2011-08-15 12:22:00
563261,91.32000000000001,84,2,16836,2011-08-15 12:38:00
563262,626.0600000000001,455,30,15311,2011-08-15 12:44:00
563264,247.35,101,13,13720,2011-08-15 12:46:00
563268,172.44,140,12,13940,2011-08-15 12:47:00
563288,1161.07,607,37,12656,2011-08-15 12:53:00
563300,238.0,88,7,16774,2011-08-15 12:57:00
563328,111.75,60,37,14606,2011-08-15 13:07:00
563333,111.56,27,14,15996,2011-08-15 13:09:00
563345,378.12,462,11,12619,2011-08-15 13:22:00
563346,141.72,120,6,14282,2011-08-15 13:37:00
563347,234.17,125,14,16961,2011-08-15 13:46:00
563348,434.74,186,17,13078,2011-08-15 13:48:00
563349,208.3,70,32,14623,2011-08-15 13:51:00
563350,360.09,239,45,14498,2011-08-15 14:10:00
563351,1706.88,629,43,16902,2011-08-15 14:17:00
563352,450.05,160,29,15706,2011-08-15 14:32:00
563353,905.5,303,45,15480,2011-08-15 14:32:00
563354,137.74,83,35,15271,2011-08-15 14:35:00
563355,467.42,580,31,14156,2011-08-15 14:39:00
563356,310.87,87,7,16210,2011-08-15 14:44:00
563357,50.0,40,2,13277,2011-08-15 14:50:00
563358,231.75,65,15,17858,2011-08-15 14:51:00
563360,670.88,165,37,15023,2011-08-15 15:06:00
563361,233.54,262,16,15315,2011-08-15 15:17:00
563362,191.14000000000001,262,15,15114,2011-08-15 16:13:00
563364,234.75,139,13,14466,2011-08-16 08:39:00
563365,17.0,2,1,15373,2011-08-16 08:50:00
563366,149.60000000000002,42,7,15373,2011-08-16 08:52:00
563367,303.83,117,14,16133,2011-08-16 08:58:00
563368,153.2,84,9,13995,2011-08-16 09:00:00
563369,306.86,350,20,13394,2011-08-16 09:25:00
563370,323.44,122,18,16153,2011-08-16 09:34:00
563371,300.1,194,10,14006,2011-08-16 09:39:00
563372,48.0,48,4,15653,2011-08-16 09:50:00
563373,115.30000000000001,22,5,12569,2011-08-16 10:02:00
563374,354.36,248,8,13953,2011-08-16 10:03:00
563376,330.07,335,54,15752,2011-08-16 10:36:00
563377,494.17,337,39,15002,2011-08-16 10:44:00
563381,142.68,91,9,15768,2011-08-16 10:48:00
563382,169.85,145,12,18221,2011-08-16 10:50:00
563383,15.0,1,1,14407,2011-08-16 10:52:00
563384,168.15,69,17,17315,2011-08-16 10:52:00
563404,3209.15,1607,94,16303,2011-08-16 11:04:00
563411,201.6,480,1,16927,2011-08-16 11:10:00
563425,566.76,343,16,15140,2011-08-16 11:37:00
563426,33.9,22,2,15140,2011-08-16 11:38:00
563427,193.47,188,36,16470,2011-08-16 11:40:00
563428,457.31,377,34,13159,2011-08-16 11:44:00
563429,334.34,222,19,13999,2011-08-16 11:48:00
563430,844.73,363,25,14918,2011-08-16 11:50:00
563431,110.38,53,9,16266,2011-08-16 12:00:00
563432,369.33,263,50,16713,2011-08-16 12:12:00
563434,520.93,330,25,14057,2011-08-16 12:21:00
563435,596.98,450,18,16131,2011-08-16 12:29:00
563436,17.0,2,1,16131,2011-08-16 12:32:00
563437,257.59999999999997,378,14,14232,2011-08-16 12:52:00
563438,166.32,168,6,13743,2011-08-16 12:59:00
563440,127.0,526,18,13189,2011-08-16 13:12:00
563441,150.15,53,16,13140,2011-08-16 13:13:00
563442,338.95,215,24,17637,2011-08-16 13:25:00
563443,185.9,72,10,12641,2011-08-16 13:26:00
563444,687.08,243,85,16033,2011-08-16 13:50:00
563448,337.24,276,27,15220,2011-08-16 14:28:00
563450,741.4000000000001,319,17,16523,2011-08-16 14:33:00
563451,104.7,42,5,18241,2011-08-16 14:34:00
563454,194.55,77,8,13305,2011-08-16 14:41:00
563465,134.4,48,4,16168,2011-08-16 14:55:00
563468,65.2,16,2,16168,2011-08-16 14:55:00
563476,429.12,248,16,17682,2011-08-16 15:22:00
563477,170.39,75,40,17097,2011-08-16 15:39:00
563482,29.85,7,6,17097,2011-08-16 15:54:00
563498,310.98,152,19,17719,2011-08-16 16:17:00
563499,115.5,70,7,13470,2011-08-16 17:06:00
563500,423.84,416,32,15856,2011-08-16 17:25:00
563501,20.3,14,3,15856,2011-08-16 17:27:00
563502,580.08,400,29,12722,2011-08-17 08:50:00
563503,135.51,449,11,16488,2011-08-17 09:05:00
563504,454.72,196,12,16218,2011-08-17 09:16:00
563505,687.16,422,29,17865,2011-08-17 09:45:00
563506,124.92999999999999,51,7,17398,2011-08-17 09:48:00
563507,125.03999999999999,216,9,14414,2011-08-17 10:08:00
563508,308.08,116,13,16133,2011-08-17 10:27:00
563509,224.13,183,14,16092,2011-08-17 10:46:00
563510,760.8000000000001,213,15,15734,2011-08-17 10:50:00
563518,231.76,158,11,12421,2011-08-17 10:56:00
563522,544.8100000000001,201,27,17975,2011-08-17 10:59:00
563532,3256.88,2504,33,17511,2011-08-17 11:04:00
563533,182.97,179,54,16241,2011-08-17 11:14:00
563534,305.24,128,17,14323,2011-08-17 11:37:00
563538,305.28,243,75,17841,2011-08-17 11:48:00
563540,514.06,321,30,12473,2011-08-17 12:04:00
563543,676.66,272,45,15039,2011-08-17 12:06:00
563544,287.04,168,4,17937,2011-08-17 12:10:00
563545,8.5,1,1,15039,2011-08-17 12:20:00
563546,395.37,286,30,16729,2011-08-17 12:24:00
563548,234.0,51,9,12528,2011-08-17 12:30:00
563550,508.12,214,29,14194,2011-08-17 12:50:00
563551,155.05,76,28,17757,2011-08-17 13:04:00
563552,267.15,71,10,17656,2011-08-17 13:06:00
563555,566.96,374,82,16755,2011-08-17 13:21:00
563556,301.5,155,15,17706,2011-08-17 13:31:00
563557,3147.64,2286,165,15786,2011-08-17 13:33:00
563558,1544.01,579,48,14156,2011-08-17 13:40:00
563559,34.68,12,1,14156,2011-08-17 13:45:00
563560,103.19999999999999,96,4,12971,2011-08-17 14:00:00
563561,776.2800000000001,617,9,18073,2011-08-17 14:02:00
563562,697.6,412,6,16029,2011-08-17 14:02:00
563563,6578.08,2864,8,16029,2011-08-17 14:03:00
563564,464.94,162,21,16633,2011-08-17 14:11:00
563565,946.74,420,119,17338,2011-08-17 14:22:00
563566,549.32,490,35,13655,2011-08-17 14:25:00
563567,328.07,231,23,13004,2011-08-17 14:44:00
563569,627.27,313,37,18257,2011-08-17 14:47:00
563571,85.13000000000001,49,29,15541,2011-08-17 14:58:00
563572,299.46,107,26,16734,2011-08-17 15:00:00
563573,2.95,1,1,16734,2011-08-17 15:02:00
563574,222.45,154,14,15827,2011-08-17 15:05:00
563575,2209.04,2084,3,17949,2011-08-17 15:05:00
563576,146.19,47,8,12748,2011-08-17 15:06:00
563578,425.75,289,21,12949,2011-08-17 15:11:00
563580,291.53,165,70,16706,2011-08-17 15:53:00
563584,703.17,303,36,15122,2011-08-17 16:48:00
563585,304.24,131,62,17070,2011-08-17 17:01:00
563588,813.4000000000001,196,1,17450,2011-08-17 19:15:00
563589,2080.0,260,13,17450,2011-08-17 19:40:00
563590,13031.5,4878,18,17450,2011-08-17 20:02:00
563597,4.25,1,1,14305,2011-08-18 06:20:00
563613,4873.8099999999995,3028,171,12688,2011-08-18 08:49:00
563614,21880.44,12196,97,12415,2011-08-18 08:51:00
563615,302.74,200,16,16945,2011-08-18 09:01:00
563616,1536.0,3840,5,13027,2011-08-18 09:39:00
563617,503.44,322,24,15301,2011-08-18 09:45:00
563618,67.2,32,1,15400,2011-08-18 09:48:00
563619,330.44,218,20,12839,2011-08-18 10:01:00
563620,233.7,94,13,13014,2011-08-18 10:06:00
563621,485.64,147,14,13113,2011-08-18 10:10:00
563622,188.1,34,10,15189,2011-08-18 10:21:00
563623,1284.1200000000001,348,8,15189,2011-08-18 10:23:00
563626,702.88,642,28,16187,2011-08-18 10:31:00
563638,1964.85,1154,86,15311,2011-08-18 10:36:00
563656,325.9,116,19,15615,2011-08-18 10:48:00
563657,54.199999999999996,26,3,15615,2011-08-18 10:49:00
563658,644.96,224,7,15505,2011-08-18 10:57:00
563659,1459.12,896,10,13694,2011-08-18 11:00:00
563660,237.60000000000002,48,1,13694,2011-08-18 11:03:00
563661,435.13,294,29,13048,2011-08-18 11:23:00
563662,453.01,233,26,12729,2011-08-18 11:40:00
563674,338.12,266,18,14132,2011-08-18 11:59:00
563680,372.25,285,22,18272,2011-08-18 12:06:00
563684,928.08,576,2,17386,2011-08-18 12:23:00
563685,131.85,38,7,14911,2011-08-18 12:26:00
563686,637.6,426,18,13098,2011-08-18 12:30:00
563688,567.62,573,34,16767,2011-08-18 12:41:00
563689,111.5,28,16,15743,2011-08-18 12:43:00
563690,303.21,155,14,15152,2011-08-18 12:53:00
563691,431.11,345,32,13668,2011-08-18 12:53:00
563692,278.55,51,18,17243,2011-08-18 13:01:00
563694,196.10000000000002,70,9,14741,2011-08-18 13:16:00
563695,234.59,75,15,13617,2011-08-18 13:17:00
563696,170.54000000000002,78,11,12962,2011-08-18 13:38:00
563697,162.79,147,38,16813,2011-08-18 13:44:00
563698,248.85,100,20,14667,2011-08-18 13:46:00
563699,680.24,322,31,13381,2011-08-18 13:47:00
563703,138.98,153,16,13273,2011-08-18 14:02:00
563705,307.49,213,23,17736,2011-08-18 14:33:00
563706,429.43,345,27,14189,2011-08-18 14:48:00
563707,137.3,50,4,16626,2011-08-18 14:53:00
563708,260.7,144,13,17001,2011-08-18 15:09:00
563709,371.56,251,76,15472,2011-08-18 15:17:00
563710,52.54,18,2,17742,2011-08-18 15:28:00
563711,109.9,86,7,16928,2011-08-18 15:41:00
563712,311.78,230,20,12680,2011-08-18 15:44:00
563714,682.77,472,31,14565,2011-08-18 15:51:00
563718,506.90000000000003,194,14,15144,2011-08-18 16:18:00
563719,332.04,108,3,13576,2011-08-18 16:19:00
563720,326.01,198,54,15867,2011-08-18 16:24:00
563721,301.7,314,13,15232,2011-08-18 16:27:00
563722,355.21999999999997,216,20,17720,2011-08-18 16:32:00
563723,346.2,212,17,13319,2011-08-18 16:43:00
563726,313.62,164,6,16582,2011-08-18 17:02:00
563727,367.2,144,1,15797,2011-08-18 17:04:00
563728,191.09,71,16,17045,2011-08-18 17:09:00
563729,742.8000000000001,128,4,14051,2011-08-18 17:39:00
563730,588.0,442,32,14221,2011-08-18 17:43:00
563731,99.7,46,17,17576,2011-08-18 17:44:00
563732,1000.88,600,12,15125,2011-08-18 17:50:00
563733,574.31,339,31,18225,2011-08-18 17:57:00
563734,254.87,217,25,14064,2011-08-18 18:11:00
563735,366.74,384,28,16743,2011-08-18 18:15:00
563736,336.24,88,3,13784,2011-08-18 18:21:00
563737,157.47,57,19,16261,2011-08-18 18:51:00
563738,80.43,23,14,15024,2011-08-18 19:13:00
563739,230.58,481,27,17750,2011-08-18 20:05:00
563740,71.4,12,1,17747,2011-08-19 08:13:00
563741,298.6,128,17,14759,2011-08-19 08:57:00
563742,272.0,32,1,17929,2011-08-19 08:57:00
563743,111.2,48,9,12828,2011-08-19 09:23:00
563744,333.93,314,15,13266,2011-08-19 09:35:00
563745,1394.58,1140,61,15159,2011-08-19 09:38:00
563746,279.76,288,18,14745,2011-08-19 10:05:00
563747,481.6,304,6,13089,2011-08-19 10:05:00
563748,310.78999999999996,275,22,16170,2011-08-19 10:06:00
563749,534.7,240,30,12360,2011-08-19 10:10:00
563750,300.42,466,17,16122,2011-08-19 10:18:00
563753,612.29,462,35,12513,2011-08-19 10:51:00
563754,288.18,122,14,15396,2011-08-19 10:56:00
563755,306.81,286,26,17612,2011-08-19 10:58:00
563756,668.58,407,34,12418,2011-08-19 11:08:00
563764,113.05,42,28,14606,2011-08-19 11:15:00
563771,149.06,81,27,17841,2011-08-19 11:17:00
563776,275.37,101,9,12600,2011-08-19 11:23:00
563808,463.26,216,23,12626,2011-08-19 11:46:00
563812,88.5,78,4,16249,2011-08-19 11:47:00
563818,382.3,190,7,13327,2011-08-19 11:55:00
563819,1708.68,500,8,14062,2011-08-19 11:56:00
563821,301.48,372,14,14533,2011-08-19 12:06:00
563822,315.98,150,12,16184,2011-08-19 12:13:00
563830,142.91,143,10,16638,2011-08-19 12:20:00
563831,94.80000000000001,24,3,18081,2011-08-19 12:23:00
563832,95.93,63,5,16419,2011-08-19 12:33:00
563833,315.5,190,15,14755,2011-08-19 12:49:00
563834,326.44,508,17,14401,2011-08-19 12:50:00
563835,166.4,80,8,13242,2011-08-19 12:53:00
563836,69.28,48,5,15938,2011-08-19 12:56:00
563837,306.1,150,15,15078,2011-08-19 13:03:00
563839,113.5,58,7,16828,2011-08-19 13:24:00
563840,115.72,102,7,14712,2011-08-19 13:33:00
563841,278.9,38,5,17402,2011-08-19 13:35:00
563842,430.35,151,25,13871,2011-08-19 13:54:00
563843,108.94,57,12,17811,2011-08-19 14:02:00
563844,310.82,222,20,17725,2011-08-19 14:04:00
563845,303.56,361,22,12991,2011-08-19 14:39:00
563846,398.7,114,4,16672,2011-08-19 14:43:00
563847,166.57,71,9,16139,2011-08-19 14:49:00
563848,989.49,644,49,14911,2011-08-19 14:57:00
563849,139.26,82,9,14772,2011-08-19 15:04:00
563850,138.68,49,4,15311,2011-08-19 15:06:00
563851,15.0,4,1,14765,2011-08-19 15:06:00
563852,165.95,35,7,12395,2011-08-19 15:18:00
563853,144.0,8,1,12560,2011-08-19 15:22:00
563854,623.92,555,34,12364,2011-08-19 15:24:00
563855,546.9,282,21,14709,2011-08-19 15:29:00
563857,135.95,73,5,12968,2011-08-19 15:44:00
563858,351.3,130,19,18170,2011-08-19 16:04:00
563890,168.72,140,13,15862,2011-08-19 16:34:00
563891,51.0,4,1,14500,2011-08-19 17:02:00
563892,21.6,10,9,16330,2011-08-19 17:08:00
563893,27.36,13,8,16330,2011-08-19 17:10:00
563895,495.4,220,10,18229,2011-08-21 10:35:00
563896,407.4,104,11,17061,2011-08-21 10:44:00
563897,128.55,34,8,12523,2011-08-21 10:44:00
563898,151.2,164,3,12971,2011-08-21 10:48:00
563900,1432.0,800,4,14566,2011-08-21 11:05:00
563901,13.25,3,2,17097,2011-08-21 11:05:00
563902,358.0,200,1,17029,2011-08-21 11:06:00
563903,206.69,124,23,17068,2011-08-21 11:15:00
563904,247.72,58,2,13397,2011-08-21 11:29:00
563905,313.35,145,14,13267,2011-08-21 11:43:00
563906,504.19,321,25,14246,2011-08-21 11:50:00
563907,316.98,78,7,14733,2011-08-21 11:57:00
563908,388.09,503,18,18109,2011-08-21 12:21:00
563909,853.9,472,119,15701,2011-08-21 12:36:00
563910,377.25,87,4,17428,2011-08-21 12:37:00
563911,435.98,206,20,16265,2011-08-21 12:39:00
563912,962.09,383,40,17675,2011-08-21 12:58:00
563913,458.9,148,16,14911,2011-08-21 13:11:00
563914,324.83,187,18,12518,2011-08-21 13:18:00
563915,149.48,92,17,14224,2011-08-21 13:24:00
563916,393.14,284,7,13435,2011-08-21 13:43:00
563917,589.15,474,54,14572,2011-08-21 13:46:00
563919,122.28,84,4,14735,2011-08-21 13:48:00
563920,410.81,209,32,16407,2011-08-21 14:00:00
563921,15.9,2,2,16407,2011-08-21 14:00:00
563922,135.24,84,49,14529,2011-08-21 14:10:00
563923,157.79999999999998,364,6,14460,2011-08-21 14:19:00
563924,648.78,396,111,15984,2011-08-21 14:32:00
563925,127.0,53,34,13610,2011-08-21 14:42:00
563926,400.21999999999997,236,22,12553,2011-08-21 14:42:00
563927,199.22,258,15,14013,2011-08-21 15:01:00
563928,739.43,439,125,17059,2011-08-21 15:17:00
563929,110.96000000000001,48,19,15031,2011-08-21 15:35:00
563931,833.32,292,40,14895,2011-08-21 15:49:00
563932,39.6,8,1,14895,2011-08-21 15:50:00
563933,548.12,250,49,16536,2011-08-21 15:54:00
563934,52.0,25,1,15313,2011-08-21 16:02:00
563935,362.03000000000003,240,71,15547,2011-08-21 16:24:00
563936,213.5,79,10,17828,2011-08-22 09:03:00
563937,817.89,520,45,18204,2011-08-22 09:10:00
563938,357.8,188,3,18144,2011-08-22 09:21:00
563939,114.94,58,6,14959,2011-08-22 09:28:00
563940,908.74,656,41,17416,2011-08-22 09:30:00
563941,327.15,153,6,15738,2011-08-22 09:51:00
563942,137.22,70,9,15801,2011-08-22 09:53:00
563943,540.9200000000001,268,16,13139,2011-08-22 10:04:00
563944,1351.22,782,58,17581,2011-08-22 10:08:00
563945,66.24,64,4,17581,2011-08-22 10:09:00
563946,314.51,149,18,17527,2011-08-22 10:15:00
563947,252.9,126,7,12363,2011-08-22 10:18:00
563949,301.70000000000005,62,7,12747,2011-08-22 10:38:00
563950,1127.02,391,21,12471,2011-08-22 10:39:00
563951,531.8,154,10,16839,2011-08-22 10:42:00
563952,679.25,267,39,15572,2011-08-22 10:44:00
563953,303.8,208,19,16201,2011-08-22 10:47:00
563954,1388.27,613,31,16652,2011-08-22 10:59:00
563955,82.98,30,3,16652,2011-08-22 11:00:00
563956,102.24,86,5,14282,2011-08-22 11:03:00
563981,13.2,8,1,14948,2011-08-22 11:13:00
563982,174.96,104,5,14397,2011-08-22 11:17:00
564016,307.66,195,14,15712,2011-08-22 11:44:00
564017,305.02,224,9,14057,2011-08-22 11:44:00
564019,463.82,264,9,13408,2011-08-22 11:54:00
564020,373.65999999999997,236,24,13971,2011-08-22 11:57:00
564022,315.68,295,15,13269,2011-08-22 12:10:00
564023,125.7,70,7,17562,2011-08-22 12:16:00
564034,316.02,322,19,12935,2011-08-22 12:22:00
564037,163.72,209,19,14800,2011-08-22 12:26:00
564038,151.98,90,9,16555,2011-08-22 12:32:00
564039,511.96000000000004,350,23,12645,2011-08-22 12:40:00
564040,57.199999999999996,16,2,14560,2011-08-22 12:45:00
564041,34.0,4,2,14560,2011-08-22 12:46:00
564042,247.09,165,22,15443,2011-08-22 12:52:00
564043,190.06,434,14,14414,2011-08-22 12:55:00
564044,157.11,67,15,16952,2011-08-22 12:58:00
564045,1047.12,184,3,16013,2011-08-22 12:59:00
564046,1019.9999999999999,400,1,16013,2011-08-22 12:59:00
564047,10.5,25,1,16952,2011-08-22 13:03:00
564048,40.8,16,1,16013,2011-08-22 13:20:00
564049,314.40999999999997,617,74,17585,2011-08-22 13:30:00
564050,758.0500000000001,552,48,17160,2011-08-22 13:32:00
564051,278.13,59,16,14265,2011-08-22 13:32:00
564052,246.64000000000001,118,34,15033,2011-08-22 13:40:00
564053,293.1,185,9,14188,2011-08-22 13:42:00
564054,3875.88,1508,5,17857,2011-08-22 13:55:00
564055,307.8,92,9,13933,2011-08-22 14:03:00
564056,440.76,209,40,14387,2011-08-22 14:13:00
564057,508.0,134,29,15296,2011-08-22 14:20:00
564058,230.98000000000002,166,11,17676,2011-08-22 14:23:00
564059,325.8,116,16,15796,2011-08-22 14:35:00
564060,453.79,307,56,17073,2011-08-22 14:37:00
564061,1062.88,586,117,14505,2011-08-22 14:38:00
564062,931.5,192,17,17706,2011-08-22 14:41:00
564065,1654.31,1228,103,15150,2011-08-22 15:05:00
564066,261.82,198,19,17703,2011-08-22 15:05:00
564067,39.900000000000006,18,2,18241,2011-08-22 15:07:00
564075,89.44,36,5,17659,2011-08-22 15:22:00
564076,408.0,48,1,14045,2011-08-22 15:27:00
564077,148.57,24,14,14711,2011-08-22 15:42:00
564078,409.76,210,18,17083,2011-08-22 15:43:00
564079,630.39,322,35,12627,2011-08-22 15:55:00
564082,72.0,4,1,12627,2011-08-23 08:51:00
564083,304.2,124,16,17469,2011-08-23 08:54:00
564085,50.0,1,1,14911,2011-08-23 09:17:00
564088,563.64,390,15,17702,2011-08-23 09:38:00
564089,291.4,140,4,15971,2011-08-23 09:53:00
564090,446.39,349,29,17041,2011-08-23 09:53:00
564091,432.48,259,29,15804,2011-08-23 09:57:00
564092,385.88,165,13,13767,2011-08-23 10:24:00
564093,1103.15,413,55,14930,2011-08-23 10:29:00
564095,155.68,46,10,14930,2011-08-23 10:31:00
564096,309.5,74,2,16133,2011-08-23 10:36:00
564109,34.56,48,1,17450,2011-08-23 10:48:00
564132,780.0,1288,5,12901,2011-08-23 10:56:00
564133,351.1,184,8,14364,2011-08-23 11:01:00
564135,526.72,374,51,16550,2011-08-23 11:12:00
564136,309.24,164,16,14404,2011-08-23 11:16:00
564137,654.15,295,14,15722,2011-08-23 11:30:00
564139,262.28,216,47,16904,2011-08-23 11:41:00
564140,415.17,361,31,12621,2011-08-23 11:47:00
564141,552.6,224,85,17841,2011-08-23 11:47:00
564143,177.89999999999998,78,6,16814,2011-08-23 11:51:00
564144,205.71,455,22,13939,2011-08-23 11:53:00
564145,399.35,261,22,14329,2011-08-23 12:18:00
564146,480.00000000000006,240,4,15838,2011-08-23 12:18:00
564147,765.9,508,24,14004,2011-08-23 12:21:00
564148,98.88,80,4,18147,2011-08-23 12:22:00
564149,300.90000000000003,42,3,14543,2011-08-23 12:26:00
564150,1436.49,572,57,14936,2011-08-23 12:30:00
564158,250.86,186,9,16712,2011-08-23 12:37:00
564159,96.3,54,5,12593,2011-08-23 12:43:00
564160,244.79999999999998,96,1,15569,2011-08-23 12:47:00
564161,241.09,251,12,14523,2011-08-23 13:13:00
564162,367.34,213,21,13481,2011-08-23 13:27:00
564163,15.0,12,1,13481,2011-08-23 13:28:00
564164,75.0,300,1,17940,2011-08-23 13:30:00
564165,645.83,238,36,13593,2011-08-23 13:35:00
564166,455.67,411,33,15089,2011-08-23 13:40:00
564167,951.96,489,42,17735,2011-08-23 13:50:00
564168,128.31,100,43,16794,2011-08-23 13:51:00
564169,424.8,288,2,14646,2011-08-23 13:55:00
564170,275.82,322,16,17696,2011-08-23 13:59:00
564171,308.66,86,3,16133,2011-08-23 14:00:00
564172,630.3000000000001,276,77,16033,2011-08-23 14:19:00
564173,851.06,406,39,12567,2011-08-23 14:23:00
564174,379.27,205,19,14191,2011-08-23 14:25:00
564181,327.93,234,21,13862,2011-08-23 14:53:00
564182,425.6,200,11,17242,2011-08-23 14:55:00
564186,524.1,269,29,15755,2011-08-23 15:20:00
564187,237.21,156,53,15005,2011-08-23 15:24:00
564188,114.06,58,14,13140,2011-08-23 15:33:00
564189,312.66,248,26,14769,2011-08-23 15:34:00
564190,375.19,178,22,16143,2011-08-23 16:01:00
564191,269.28,147,55,17315,2011-08-23 16:16:00
564192,306.71999999999997,104,16,17719,2011-08-23 16:36:00
564195,306.96000000000004,160,13,14060,2011-08-23 16:49:00
564196,15.0,1,1,17315,2011-08-23 16:56:00
564197,449.56,321,24,13425,2011-08-23 17:13:00
564198,150.44,148,17,14418,2011-08-23 17:18:00
564199,277.28,134,71,13263,2011-08-23 17:31:00
564200,84.69,52,27,18018,2011-08-23 17:37:00
564201,509.34000000000003,317,18,12540,2011-08-24 08:09:00
564202,57.5,22,2,16342,2011-08-24 08:27:00
564203,241.44,128,7,18061,2011-08-24 08:49:00
564216,366.45,277,24,12642,2011-08-24 09:23:00
564219,786.84,1116,6,16422,2011-08-24 09:30:00
564222,239.90000000000003,74,3,12971,2011-08-24 09:41:00
564223,255.15,93,15,13013,2011-08-24 09:46:00
564224,330.74,242,22,15249,2011-08-24 09:56:00
564225,452.15999999999997,432,2,17268,2011-08-24 10:06:00
564226,184.26,107,10,12523,2011-08-24 10:13:00
564227,365.82,174,19,15249,2011-08-24 10:19:00
564228,116.88,264,4,13743,2011-08-24 10:20:00
564231,121.37,43,7,13468,2011-08-24 10:22:00
564246,338.2,156,16,13534,2011-08-24 10:36:00
564248,457.92,414,6,13798,2011-08-24 10:37:00
564256,624.4300000000001,589,81,14796,2011-08-24 10:45:00
564268,253.31,98,15,16968,2011-08-24 10:51:00
564272,640.0,2000,1,16308,2011-08-24 10:52:00
564300,411.4,397,36,16723,2011-08-24 11:31:00
564301,871.2,580,52,14299,2011-08-24 11:54:00
564302,302.58,338,17,15932,2011-08-24 12:00:00
564303,415.53,255,24,16042,2011-08-24 12:04:00
564304,130.03,47,15,14527,2011-08-24 12:11:00
564305,1103.32,458,42,14875,2011-08-24 12:20:00
564306,1142.88,352,18,17865,2011-08-24 12:23:00
564307,92.30000000000001,37,15,17865,2011-08-24 12:32:00
564308,442.89,383,23,13901,2011-08-24 12:36:00
564309,83.58,70,5,12471,2011-08-24 12:39:00
564310,2597.0,1372,7,15769,2011-08-24 12:51:00
564311,1611.0,900,4,15769,2011-08-24 12:52:00
564312,3744.0,1584,6,15769,2011-08-24 12:52:00
564313,161.94,90,10,13728,2011-08-24 12:54:00
564314,244.65,139,13,12695,2011-08-24 12:58:00
564315,137.14,85,29,14730,2011-08-24 13:07:00
564316,391.68,212,23,13985,2011-08-24 13:11:00
564317,310.76,178,19,13890,2011-08-24 13:12:00
564318,136.68,73,3,14035,2011-08-24 13:15:00
564319,103.47,44,27,15059,2011-08-24 13:18:00
564321,172.2,58,15,15059,2011-08-24 13:22:00
564322,2736.99,2335,22,13694,2011-08-24 13:23:00
564323,2275.0,1300,11,13694,2011-08-24 13:24:00
564324,1304.44,1460,24,13694,2011-08-24 13:26:00
564325,189.60000000000002,240,2,13694,2011-08-24 13:27:00
564326,112.10000000000001,73,4,17256,2011-08-24 13:30:00
564327,1003.7,558,8,16029,2011-08-24 13:33:00
564328,383.92,178,19,12662,2011-08-24 13:42:00
564329,96.75,31,4,12569,2011-08-24 13:55:00
564330,213.55,72,17,13411,2011-08-24 13:57:00
564332,354.62,122,4,14407,2011-08-24 14:02:00
564333,116.15999999999998,96,4,13199,2011-08-24 14:14:00
564334,213.9,181,4,15812,2011-08-24 14:19:00
564335,452.39,224,103,15800,2011-08-24 14:23:00
564336,101.66,71,25,12748,2011-08-24 14:28:00
564337,233.21,376,13,12649,2011-08-24 14:40:00
564338,15.299999999999999,6,1,12649,2011-08-24 14:41:00
564339,202.0,136,3,15939,2011-08-24 14:46:00
564342,534.31,486,124,16340,2011-08-24 14:53:00
564346,887.47,838,71,15727,2011-08-24 14:54:00
564350,302.5,545,16,14401,2011-08-24 14:57:00
564351,1187.74,858,12,13881,2011-08-24 14:59:00
564352,309.5,184,20,14262,2011-08-24 15:04:00
564353,1564.7,1165,85,15764,2011-08-24 15:08:00
564354,17.4,12,1,15764,2011-08-24 15:09:00
564355,394.09,289,26,13507,2011-08-24 15:12:00
564356,684.08,416,86,13969,2011-08-24 15:47:00
564357,302.96000000000004,63,7,14973,2011-08-24 15:51:00
564358,94.72,16,11,17869,2011-08-24 16:00:00
564359,305.63,118,45,14056,2011-08-24 16:02:00
564360,530.22,395,23,12471,2011-08-24 16:13:00
564361,22.5,6,1,17869,2011-08-24 16:16:00
564363,247.5,238,18,15434,2011-08-24 16:23:00
564364,32.82,42,2,15434,2011-08-24 16:24:00
564366,439.23,168,21,13236,2011-08-25 08:58:00
564367,242.15000000000003,110,10,12712,2011-08-25 09:18:00
564369,356.64,160,3,15189,2011-08-25 09:39:00
564370,94.5,22,4,17134,2011-08-25 09:53:00
564371,308.2,134,18,17705,2011-08-25 09:53:00
564372,1114.52,790,69,12714,2011-08-25 09:55:00
564373,341.1,90,9,15290,2011-08-25 09:56:00
564374,97.0,44,6,16589,2011-08-25 10:00:00
564375,665.9,350,21,13078,2011-08-25 10:16:00
564376,335.52,142,6,14196,2011-08-25 10:25:00
564377,156.51,89,12,15263,2011-08-25 10:26:00
564378,562.69,344,35,12417,2011-08-25 10:26:00
564379,678.88,340,22,16779,2011-08-25 10:32:00
564380,120.0,296,8,14314,2011-08-25 10:39:00
564381,76.32000000000001,72,1,13000,2011-08-25 10:43:00
564382,306.0,72,1,15129,2011-08-25 10:45:00
564383,248.6,68,3,15251,2011-08-25 10:49:00
564398,86.10000000000001,30,4,18241,2011-08-25 10:55:00
564419,17.0,20,1,16093,2011-08-25 11:09:00
564428,51.559999999999995,52,5,17844,2011-08-25 11:27:00
564429,75.36,204,8,16638,2011-08-25 11:31:00
564430,466.74,242,11,15955,2011-08-25 11:36:00
564431,15.8,4,1,15955,2011-08-25 11:36:00
564432,510.32,266,32,13517,2011-08-25 11:40:00
564433,338.54,124,17,16503,2011-08-25 11:46:00
564434,628.38,470,15,14687,2011-08-25 11:59:00
564436,451.92,169,56,17841,2011-08-25 12:06:00
564437,472.54,361,34,13320,2011-08-25 12:10:00
564438,496.3,256,23,16628,2011-08-25 12:11:00
564439,115.34,132,11,12841,2011-08-25 12:12:00
564440,121.25,67,8,13928,2011-08-25 12:13:00
564471,243.1,171,11,12583,2011-08-25 12:26:00
564473,295.3,195,12,16722,2011-08-25 12:33:00
564474,134.75,15,5,14180,2011-08-25 12:46:00
564475,378.0,289,5,12500,2011-08-25 12:50:00
564476,309.5,168,18,12610,2011-08-25 12:57:00
564477,322.32,40,4,13854,2011-08-25 12:59:00
564479,470.4,206,23,12682,2011-08-25 13:12:00
564480,318.92,240,16,17656,2011-08-25 13:24:00
564481,190.1,14,4,12464,2011-08-25 13:33:00
564482,249.72,326,16,13149,2011-08-25 13:40:00
564483,485.98,447,37,14050,2011-08-25 13:46:00
564484,158.36,98,20,13634,2011-08-25 13:46:00
564485,284.55,9,2,16429,2011-08-25 13:54:00
564489,662.5600000000001,310,39,15950,2011-08-25 14:13:00
564495,303.78,92,13,17719,2011-08-25 14:21:00
564496,319.06,191,20,13050,2011-08-25 14:21:00
564503,331.26,224,17,13971,2011-08-25 14:23:00
564507,222.95999999999998,240,12,15513,2011-08-25 14:34:00
564510,630.68,869,42,14194,2011-08-25 14:42:00
564526,550.75,397,33,15805,2011-08-25 14:50:00
564529,153.0,36,1,14111,2011-08-25 14:51:00
564531,341.19,147,19,12624,2011-08-25 15:04:00
564532,725.6400000000001,216,10,14055,2011-08-25 15:04:00
564534,106.03,47,20,12748,2011-08-25 15:09:00
564535,404.8,216,24,18075,2011-08-25 15:10:00
564536,385.78000000000003,250,41,13159,2011-08-25 15:12:00
564537,154.24,94,20,15550,2011-08-25 15:18:00
564538,601.88,304,7,13408,2011-08-25 15:21:00
564539,343.36,192,20,12715,2011-08-25 15:22:00
564540,38.41,11,9,12748,2011-08-25 15:34:00
564541,372.37,163,21,16309,2011-08-25 15:35:00
564542,184.0,96,10,16458,2011-08-25 15:47:00
564543,129.75,113,6,16818,2011-08-25 15:49:00
564544,138.14,106,9,15663,2011-08-25 15:50:00
564551,314.70000000000005,138,8,17730,2011-08-25 17:21:00
564552,691.21,494,44,16670,2011-08-25 17:22:00
564553,150.35,104,29,18200,2011-08-25 18:45:00
564554,157.18,124,23,17189,2011-08-25 19:39:00
564555,51.300000000000004,19,10,12748,2011-08-25 19:45:00
564556,64.79,17,15,12748,2011-08-25 19:48:00
564557,80.18,35,9,17576,2011-08-25 19:55:00
564558,410.55,163,20,12704,2011-08-26 08:59:00
564559,478.96000000000004,292,31,15811,2011-08-26 09:37:00
564560,105.0,84,3,16184,2011-08-26 09:55:00
564561,957.24,924,7,13340,2011-08-26 09:55:00
564562,333.44,240,23,15203,2011-08-26 09:58:00
564563,301.92,258,4,13630,2011-08-26 10:32:00
564564,60.0,48,1,13003,2011-08-26 10:50:00
564565,812.02,572,41,14911,2011-08-26 10:50:00
564572,577.94,310,24,15078,2011-08-26 11:18:00
564573,110.85,49,33,14606,2011-08-26 11:19:00
564574,15.0,12,1,15078,2011-08-26 11:19:00
564583,432.0,600,1,17949,2011-08-26 11:24:00
564614,130.99,37,4,13994,2011-08-26 11:35:00
564626,498.48,122,13,18167,2011-08-26 11:40:00
564627,352.36,256,23,15132,2011-08-26 11:47:00
564629,940.8,384,2,14866,2011-08-26 11:48:00
564630,851.09,659,48,13644,2011-08-26 11:53:00
564631,346.01,267,23,17451,2011-08-26 11:54:00
564632,472.13,199,28,16556,2011-08-26 11:58:00
564634,306.19,119,16,14210,2011-08-26 12:36:00
564635,551.03,387,29,15615,2011-08-26 12:41:00
564636,185.9,4,2,17146,2011-08-26 12:44:00
564637,231.10000000000002,256,12,16641,2011-08-26 12:49:00
564638,278.74,191,20,13812,2011-08-26 12:54:00
564639,143.74,71,19,18036,2011-08-26 12:55:00
564640,388.12,338,25,14837,2011-08-26 13:00:00
564641,162.48,168,3,13489,2011-08-26 13:16:00
564642,336.34,808,32,13527,2011-08-26 13:22:00
564643,301.92,180,43,15356,2011-08-26 13:25:00
564647,196.32999999999998,104,33,17920,2011-08-26 13:56:00
564648,581.82,466,37,15641,2011-08-26 14:04:00
564649,15.0,1,1,15611,2011-08-26 14:13:00
564650,6429.639999999999,4628,41,14646,2011-08-26 14:17:00
564652,998.4000000000001,480,1,14646,2011-08-26 14:20:00
564653,191.1,234,9,14776,2011-08-26 14:23:00
564654,640.14,277,29,14911,2011-08-26 14:29:00
564656,285.16,140,16,14141,2011-08-26 14:40:00
564657,748.86,617,17,14135,2011-08-26 14:44:00
564660,735.67,431,41,15074,2011-08-26 14:45:00
564661,537.7,411,32,12948,2011-08-26 14:45:00
564666,126.39000000000001,69,9,12492,2011-08-26 14:51:00
564668,329.67,141,9,17183,2011-08-26 15:25:00
564669,76.32000000000001,72,1,16872,2011-08-26 15:38:00
564670,1130.95,694,48,12683,2011-08-26 15:44:00
564709,244.79999999999998,96,1,15569,2011-08-28 10:15:00
564710,287.84999999999997,219,10,15625,2011-08-28 10:21:00
564712,385.47,151,9,15611,2011-08-28 10:40:00
564713,103.24000000000001,41,19,16768,2011-08-28 10:43:00
564714,35.400000000000006,12,1,15290,2011-08-28 10:54:00
564715,130.99,92,20,14472,2011-08-28 11:01:00
564716,352.23,188,37,14810,2011-08-28 11:02:00
564717,130.8,72,5,15669,2011-08-28 11:19:00
564718,137.19,75,16,13301,2011-08-28 11:25:00
564719,161.74,231,47,15325,2011-08-28 11:55:00
564720,19.8,4,1,15095,2011-08-28 12:00:00
564721,312.97999999999996,158,9,15095,2011-08-28 12:01:00
564722,124.16,71,14,16456,2011-08-28 12:06:00
564723,169.38,108,4,16168,2011-08-28 12:11:00
564724,264.73,260,66,15555,2011-08-28 12:16:00
564725,232.49,122,71,18041,2011-08-28 12:28:00
564726,291.43,264,28,18077,2011-08-28 12:29:00
564727,803.02,475,110,16686,2011-08-28 12:31:00
564728,85.92,48,1,13199,2011-08-28 12:43:00
564729,290.86,193,65,13137,2011-08-28 12:44:00
564731,365.78000000000003,258,19,16186,2011-08-28 12:57:00
564732,233.67000000000002,129,17,16466,2011-08-28 13:08:00
564733,525.61,433,88,17841,2011-08-28 13:18:00
564734,1241.99,798,117,12484,2011-08-28 13:32:00
564735,627.64,632,50,15856,2011-08-28 13:35:00
564736,505.80000000000007,204,11,16353,2011-08-28 13:42:00
564737,186.9,70,9,15312,2011-08-28 14:00:00
564738,44.370000000000005,23,3,16816,2011-08-28 14:16:00
564739,155.31,73,26,16931,2011-08-28 14:28:00
564740,195.48,105,71,14044,2011-08-28 14:39:00
564741,642.4200000000001,318,5,16107,2011-08-28 14:53:00
564742,151.52,90,32,17346,2011-08-28 15:01:00
564743,125.77,50,26,14606,2011-08-28 15:17:00
564744,178.7,70,9,13778,2011-08-28 15:25:00
564745,238.34,102,40,16806,2011-08-28 15:27:00
564746,315.71999999999997,112,13,17633,2011-08-28 15:58:00
564747,387.06,354,48,14869,2011-08-28 16:09:00
564749,403.83,133,21,12708,2011-08-30 08:15:00
564750,462.75,215,28,17690,2011-08-30 09:36:00
564752,1862.7,546,31,16126,2011-08-30 10:07:00
564753,612.09,443,39,13709,2011-08-30 10:20:00
564764,21.84,7,6,14096,2011-08-30 10:49:00
564800,291.33,209,16,14108,2011-08-30 11:32:00
564803,812.16,340,16,13870,2011-08-30 11:32:00
564811,537.0,300,1,15769,2011-08-30 11:37:00
564814,214.8,120,1,12931,2011-08-30 11:54:00
564815,74.1,32,14,12748,2011-08-30 12:00:00
564816,165.43,69,8,14901,2011-08-30 12:00:00
564819,125.92,49,2,12814,2011-08-30 12:11:00
564821,221.46,73,13,14078,2011-08-30 12:16:00
564836,291.24,108,2,17402,2011-08-30 12:32:00
564839,161.16000000000003,57,6,13524,2011-08-30 12:45:00
564842,308.47,180,11,16133,2011-08-30 13:47:00
564843,211.89,124,43,15866,2011-08-30 14:09:00
564846,309.38,142,26,14507,2011-08-30 15:16:00
564848,242.6,188,10,16928,2011-08-30 15:37:00
564849,762.58,396,38,17675,2011-08-30 15:42:00
564850,390.78000000000003,255,26,17298,2011-08-30 16:43:00
564851,211.96,174,20,13183,2011-08-30 16:53:00
564852,109.7,47,8,14976,2011-08-30 17:23:00
564853,198.98,149,12,12423,2011-08-31 08:55:00
564855,307.42,338,16,16746,2011-08-31 09:10:00
564856,4257.0599999999995,1151,90,12477,2011-08-31 09:11:00
564858,140.0,5,1,12484,2011-08-31 09:44:00
564859,386.64,216,1,14057,2011-08-31 09:55:00
564860,308.69,221,19,17725,2011-08-31 10:06:00
564861,15.0,1,1,17315,2011-08-31 10:21:00
564862,145.0,1,1,12678,2011-08-31 10:24:00
564863,390.98,275,20,15491,2011-08-31 10:30:00
564866,128.95,104,14,14660,2011-08-31 10:40:00
564868,397.24,144,17,16842,2011-08-31 10:42:00
564871,340.0,1000,1,17949,2011-08-31 10:46:00
564872,979.64,524,14,16083,2011-08-31 10:47:00
564895,16.9,2,2,15596,2011-08-31 10:55:00
564896,292.68,384,23,13726,2011-08-31 11:06:00
564897,1330.44,820,10,12678,2011-08-31 11:22:00
564898,138.24,192,1,14513,2011-08-31 11:25:00
564901,111.0,204,8,15690,2011-08-31 11:40:00
564902,314.28000000000003,256,7,18198,2011-08-31 11:50:00
564904,383.4,191,16,15984,2011-08-31 12:11:00
564906,250.8,122,2,12682,2011-08-31 12:18:00
564910,219.0,49,2,13993,2011-08-31 12:31:00
564912,424.06,201,19,12490,2011-08-31 12:33:00
564943,275.70000000000005,100,14,17706,2011-08-31 13:23:00
564950,290.52,168,25,17320,2011-08-31 13:31:00
564953,537.96,416,11,17588,2011-08-31 13:37:00
564957,195.15,73,10,15260,2011-08-31 13:55:00
564958,682.19,333,29,13089,2011-08-31 13:56:00
564959,116.56,52,7,17299,2011-08-31 14:22:00
564961,224.64,126,10,14525,2011-08-31 14:28:00
564962,189.79999999999998,161,63,17777,2011-08-31 14:35:00
564963,237.9,152,14,15582,2011-08-31 14:52:00
564965,1565.82,987,22,17677,2011-08-31 15:07:00
564966,34.8,24,1,17677,2011-08-31 15:08:00
564967,102.48,30,4,17659,2011-08-31 15:13:00
564972,1179.6399999999999,492,50,12621,2011-08-31 15:30:00
564975,138.39999999999998,50,15,17097,2011-08-31 15:35:00
564976,222.04,160,24,17315,2011-08-31 15:49:00
564995,260.35,171,40,16780,2011-08-31 16:09:00
565014,1724.8,956,15,16180,2011-08-31 16:28:00
565056,566.38,114,23,16278,2011-08-31 17:12:00
565067,506.36,427,69,15856,2011-08-31 17:16:00
565080,40.0,32,2,13509,2011-09-01 08:25:00
565082,75.3,14,3,13305,2011-09-01 09:15:00
565083,334.46000000000004,244,11,16187,2011-09-01 09:19:00
565084,576.74,846,6,17306,2011-09-01 09:39:00
565086,52.5,7,1,13631,2011-09-01 09:57:00
565087,137.38,20,7,13276,2011-09-01 10:03:00
565088,318.01,335,24,16145,2011-09-01 10:11:00
565090,43.8,24,2,17572,2011-09-01 10:28:00
565091,299.25,195,16,16011,2011-09-01 10:28:00
565092,307.62,233,18,14092,2011-09-01 10:36:00
565093,428.6,236,6,13408,2011-09-01 10:38:00
565114,345.09999999999997,530,23,13588,2011-09-01 11:15:00
565115,252.11,127,23,16880,2011-09-01 11:22:00
565116,2297.52,1322,27,13089,2011-09-01 11:30:00
565117,2016.32,892,69,13089,2011-09-01 11:33:00
565118,559.72,208,43,15039,2011-09-01 11:33:00
565119,422.08,422,21,16722,2011-09-01 11:38:00
565120,183.6,72,3,15206,2011-09-01 11:41:00
565121,149.70000000000002,46,8,14239,2011-09-01 11:43:00
565122,476.76000000000005,1686,38,13069,2011-09-01 11:48:00
565123,480.0,96,1,17949,2011-09-01 11:56:00
565124,509.01,211,16,12436,2011-09-01 12:09:00
565125,126.5,44,7,14217,2011-09-01 12:16:00
565126,180.1,390,5,17653,2011-09-01 12:17:00
565127,118.80000000000001,24,1,13147,2011-09-01 12:28:00
565128,319.95,93,8,15189,2011-09-01 12:34:00
565129,515.17,251,87,15719,2011-09-01 12:41:00
565133,322.98,162,14,13458,2011-09-01 12:46:00
565139,550.98,346,4,16422,2011-09-01 12:50:00
565141,345.14,207,74,17841,2011-09-01 13:40:00
565142,152.64000000000001,144,2,17386,2011-09-01 13:46:00
565143,3.3,2,1,17386,2011-09-01 13:47:00
565144,457.6,220,12,16456,2011-09-01 13:50:00
565145,2732.92,2692,8,12415,2011-09-01 13:50:00
565146,208.79999999999998,144,1,12415,2011-09-01 13:51:00
565147,459.92,300,16,16187,2011-09-01 13:53:00
565149,174.06,334,14,14414,2011-09-01 14:13:00
565150,5590.67,4871,179,14298,2011-09-01 14:26:00
565151,521.52,221,47,16923,2011-09-01 14:29:00
565152,386.65999999999997,250,59,17799,2011-09-01 14:42:00
565153,143.8,102,7,18241,2011-09-01 14:47:00
565154,49.5,30,3,13470,2011-09-01 14:57:00
565155,608.1,222,10,16672,2011-09-01 14:58:00
565156,305.28000000000003,221,18,13045,2011-09-01 15:04:00
565157,85.92,48,1,16168,2011-09-01 15:08:00
565158,25.0,20,1,17024,2011-09-01 15:21:00
565181,1386.0,1368,6,17381,2011-09-01 15:52:00
565186,111.03,135,12,17220,2011-09-01 15:56:00
565192,11.549999999999999,7,1,17220,2011-09-01 15:59:00
565197,249.76,137,14,13376,2011-09-01 16:16:00
565198,346.98,300,28,16729,2011-09-01 16:18:00
565199,309.89,111,8,18171,2011-09-01 16:30:00
565200,125.55,98,16,17576,2011-09-01 16:30:00
565201,676.36,374,39,14907,2011-09-01 16:41:00
565202,227.85000000000002,123,6,14482,2011-09-01 16:44:00
565204,310.7,576,25,15829,2011-09-01 16:45:00
565205,99.4,44,2,14735,2011-09-01 16:45:00
565206,117.06,102,2,12971,2011-09-01 16:46:00
565207,260.49,111,50,16764,2011-09-01 16:46:00
565208,305.96000000000004,100,11,18172,2011-09-01 16:50:00
565209,112.75,79,30,15910,2011-09-01 16:59:00
565210,191.74,478,19,17750,2011-09-01 17:09:00
565211,121.23,189,8,16638,2011-09-01 17:14:00
565212,77.31,25,4,12828,2011-09-01 17:14:00
565213,2242.3199999999997,1776,8,14911,2011-09-01 17:19:00
565214,1638.24,408,13,14911,2011-09-01 17:20:00
565216,114.60000000000001,28,2,12971,2011-09-01 17:38:00
565217,207.35999999999999,288,1,13099,2011-09-01 17:40:00
565218,975.54,485,37,12739,2011-09-01 17:45:00
565219,387.52,334,29,14420,2011-09-01 18:07:00
565220,149.35,49,8,13437,2011-09-01 18:20:00
565221,373.8,236,7,16525,2011-09-01 18:49:00
565222,821.0,450,5,13629,2011-09-01 18:54:00
565223,386.74,112,15,15410,2011-09-01 19:08:00
565224,207.73,111,30,14713,2011-09-01 19:11:00
565225,121.92,80,4,16808,2011-09-01 19:34:00
565226,301.2,274,19,16992,2011-09-02 08:50:00
565228,1250.4,1128,2,16333,2011-09-02 09:09:00
565230,1585.92,437,31,16705,2011-09-02 09:24:00
565235,402.0,484,29,13418,2011-09-02 09:43:00
565236,399.34,232,21,14276,2011-09-02 09:45:00
565238,301.85,134,15,16945,2011-09-02 09:48:00
565239,608.0799999999999,273,23,12670,2011-09-02 09:51:00
565240,1047.12,372,2,17949,2011-09-02 10:05:00
565241,822.24,904,2,17949,2011-09-02 10:06:00
565242,89.06,129,9,14436,2011-09-02 10:13:00
565243,770.9300000000001,621,34,16735,2011-09-02 10:20:00
565244,125.45,57,6,16735,2011-09-02 10:21:00
565245,306.96,268,10,16678,2011-09-02 10:24:00
565246,642.28,310,17,12408,2011-09-02 10:27:00
565247,543.6,352,5,15864,2011-09-02 10:31:00
565248,112.86,72,31,15860,2011-09-02 10:34:00
565249,115.31,78,21,18027,2011-09-02 10:38:00
565250,171.5,66,8,13643,2011-09-02 10:42:00
565251,11.309999999999999,27,5,12748,2011-09-02 10:49:00
565261,465.68,314,26,12474,2011-09-02 10:53:00
565285,1821.6,628,4,16013,2011-09-02 11:34:00
565287,309.45,163,14,12483,2011-09-02 11:42:00
565289,731.28,160,25,14911,2011-09-02 11:43:00
565291,4913.52,1680,5,18102,2011-09-02 11:53:00
565292,553.08,312,18,16102,2011-09-02 11:54:00
565293,561.6,288,2,17857,2011-09-02 11:59:00
565295,317.0,227,20,12794,2011-09-02 12:01:00
565309,300.2,164,5,15311,2011-09-02 12:25:00
565311,344.88,120,2,16210,2011-09-02 12:33:00
565312,145.02,69,20,14527,2011-09-02 12:37:00
565315,416.24,320,17,14019,2011-09-02 12:51:00
565316,311.85,197,16,15628,2011-09-02 12:52:00
565317,598.38,288,14,12921,2011-09-02 13:00:00
565318,560.54,322,23,12921,2011-09-02 13:01:00
565320,461.77,569,18,16745,2011-09-02 13:10:00
565321,269.58,100,9,12437,2011-09-02 13:14:00
565322,65.1,54,5,12437,2011-09-02 13:15:00
565324,157.6,102,34,13232,2011-09-02 13:18:00
565325,312.64,140,8,16086,2011-09-02 13:22:00
565326,120.02,55,33,16706,2011-09-02 13:41:00
565327,267.8,132,18,12832,2011-09-02 13:48:00
565328,241.0,44,8,14004,2011-09-02 13:50:00
565329,107.36,58,38,14606,2011-09-02 13:54:00
565330,33.0,20,1,16989,2011-09-02 13:55:00
565331,115.1,61,33,16674,2011-09-02 13:59:00
565332,381.54,260,14,13695,2011-09-02 14:09:00
565333,230.3,87,11,12375,2011-09-02 14:23:00
565338,82.36,92,6,14948,2011-09-02 14:39:00
565350,180.47000000000003,114,18,14178,2011-09-02 14:42:00
565366,690.15,265,37,17091,2011-09-02 14:56:00
565367,7.4399999999999995,12,1,17091,2011-09-02 14:56:00
565372,162.72,48,1,17090,2011-09-02 15:05:00
565377,852.8,1,1,18087,2011-09-02 15:12:00
565380,220.2,52,2,14463,2011-09-02 15:20:00
565381,429.38,137,25,16173,2011-09-02 15:23:00
565383,103.22,35,19,14096,2011-09-02 15:45:00
565384,386.32,172,20,13507,2011-09-02 15:45:00
565386,269.16999999999996,189,39,17997,2011-09-02 15:48:00
565387,50.4,120,1,14560,2011-09-02 15:50:00
565388,460.25,202,64,14415,2011-09-02 15:56:00
565397,363.79,167,57,14171,2011-09-02 16:43:00
565398,820.24,451,16,15856,2011-09-02 16:50:00
565399,3.12,8,4,12748,2011-09-02 16:53:00
565401,401.28999999999996,158,51,16686,2011-09-02 17:38:00
565404,72.84,60,5,13434,2011-09-04 10:35:00
565405,220.04000000000002,96,13,14211,2011-09-04 10:51:00
565406,170.9,132,10,13804,2011-09-04 10:59:00
565407,300.13,197,41,16983,2011-09-04 11:00:00
565408,117.48,71,27,16813,2011-09-04 11:12:00
565409,316.62,341,13,16761,2011-09-04 11:15:00
565410,835.08,302,29,14691,2011-09-04 11:17:00
565411,454.55,222,67,13772,2011-09-04 11:22:00
565412,629.04,1272,6,14156,2011-09-04 11:36:00
565413,431.73,233,22,18223,2011-09-04 11:49:00
565414,121.19999999999999,85,6,15046,2011-09-04 11:54:00
565415,224.67,216,25,14067,2011-09-04 12:00:00
565416,358.66,404,29,12710,2011-09-04 12:00:00
565417,295.04,180,12,15738,2011-09-04 12:04:00
565418,323.73,93,5,13576,2011-09-04 12:07:00
565419,573.46,216,27,13808,2011-09-04 12:07:00
565420,309.15,83,26,16326,2011-09-04 12:09:00
565421,158.37,95,37,16744,2011-09-04 12:10:00
565423,91.86,39,6,12569,2011-09-04 12:23:00
565424,300.04,92,16,15215,2011-09-04 12:24:00
565426,131.81,106,43,12851,2011-09-04 12:41:00
565427,235.54,81,30,17774,2011-09-04 12:49:00
565429,182.12,57,14,16434,2011-09-04 12:54:00
565430,347.5,337,40,14335,2011-09-04 13:07:00
565431,471.59,351,78,14965,2011-09-04 13:15:00
565432,242.61,105,66,16241,2011-09-04 13:16:00
565433,124.5,12,2,14965,2011-09-04 13:20:00
565434,672.66,772,88,12867,2011-09-04 13:35:00
565435,34.0,8,1,16241,2011-09-04 13:38:00
565436,360.96,270,20,14189,2011-09-04 13:45:00
565437,568.25,261,30,17050,2011-09-04 13:48:00
565438,161.05,77,15,17229,2011-09-04 13:56:00
565439,554.21,377,29,14852,2011-09-04 13:56:00
565440,761.6800000000001,266,19,12709,2011-09-04 14:06:00
565441,110.04,57,15,13240,2011-09-04 14:08:00
565442,819.26,559,37,12627,2011-09-04 14:09:00
565443,891.8199999999999,509,50,12567,2011-09-04 14:22:00
565444,128.9,34,16,17894,2011-09-04 14:36:00
565445,397.15,272,61,13548,2011-09-04 14:50:00
565446,400.24,200,18,16057,2011-09-04 15:19:00
565447,625.1,326,25,14107,2011-09-04 15:20:00
565448,49.650000000000006,19,3,16057,2011-09-04 15:21:00
565449,34.8,24,2,16057,2011-09-04 15:21:00
565450,323.16,172,21,17722,2011-09-04 15:22:00
565451,752.6700000000001,319,35,15365,2011-09-04 15:37:00
565452,316.84000000000003,228,9,15187,2011-09-04 15:52:00
565453,582.9,374,29,15136,2011-09-04 16:05:00
565454,117.15,49,7,17410,2011-09-04 16:08:00
565456,227.68,212,46,16629,2011-09-04 16:12:00
565457,538.8000000000001,169,18,14565,2011-09-05 09:07:00
565458,477.7,202,14,16523,2011-09-05 09:16:00
565459,859.6800000000001,864,6,16656,2011-09-05 09:20:00
565460,1414.64,2300,55,16843,2011-09-05 09:24:00
565461,224.8,102,15,18261,2011-09-05 09:34:00
565462,304.95,373,10,16551,2011-09-05 09:38:00
565463,335.8,208,13,13748,2011-09-05 09:45:00
565464,31.6,8,2,13748,2011-09-05 09:45:00
565465,581.39,409,26,15364,2011-09-05 09:46:00
565466,147.7,82,8,12422,2011-09-05 09:48:00
565467,315.78,178,15,14129,2011-09-05 09:49:00
565468,51.550000000000004,13,3,14129,2011-09-05 09:49:00
565469,591.3,54,1,17389,2011-09-05 10:00:00
565470,275.7,202,16,12576,2011-09-05 10:06:00
565471,859.32,514,38,13931,2011-09-05 10:12:00
565472,385.04,277,36,16255,2011-09-05 10:15:00
565473,423.5,240,26,16717,2011-09-05 10:27:00
565474,50.0,1,1,14156,2011-09-05 10:34:00
565475,7335.0599999999995,4934,50,14156,2011-09-05 10:47:00
565476,958.8000000000001,456,4,14156,2011-09-05 10:48:00
565478,193.32,137,43,15005,2011-09-05 11:18:00
565479,307.03000000000003,142,15,13999,2011-09-05 11:19:00
565480,102.0,40,1,18273,2011-09-05 11:27:00
565481,122.22,32,25,16891,2011-09-05 11:31:00
565488,205.3,37,12,15307,2011-09-05 11:38:00
565491,2251.94,1066,19,13881,2011-09-05 11:41:00
565492,177.60000000000002,96,1,13881,2011-09-05 11:43:00
565513,313.08000000000004,276,13,14401,2011-09-05 11:51:00
565515,457.8,213,14,17491,2011-09-05 11:51:00
565519,1092.35,234,39,12502,2011-09-05 11:52:00
565541,572.39,571,141,14159,2011-09-05 12:00:00
565542,497.61,307,26,16820,2011-09-05 12:06:00
565563,183.83,104,18,14177,2011-09-05 12:18:00
565565,131.64,34,16,14534,2011-09-05 12:20:00
565569,48.3,18,2,14111,2011-09-05 12:21:00
565577,7.5,2,1,14177,2011-09-05 12:24:00
565579,134.9,95,47,18283,2011-09-05 12:35:00
565580,1298.18,682,12,13851,2011-09-05 12:36:00
565583,253.55,51,14,12816,2011-09-05 12:41:00
565584,315.17,165,15,14243,2011-09-05 13:10:00
565585,306.82,232,18,16172,2011-09-05 13:22:00
565586,33.04,24,2,16172,2011-09-05 13:22:00
565587,537.3,148,7,12727,2011-09-05 13:38:00
565588,299.67,231,39,16918,2011-09-05 13:50:00
565589,691.1999999999999,288,2,17450,2011-09-05 13:52:00
565590,324.5,179,2,16029,2011-09-05 13:53:00
565591,177.60000000000002,96,1,16029,2011-09-05 13:54:00
565592,480.00000000000006,240,2,16029,2011-09-05 13:54:00
565593,344.07,307,22,17612,2011-09-05 14:07:00
565594,312.49,322,23,13510,2011-09-05 14:11:00
565595,447.62,297,30,13192,2011-09-05 14:13:00
565596,301.32,203,25,16444,2011-09-05 14:27:00
565598,213.04000000000002,78,12,14842,2011-09-05 14:30:00
565610,357.34,226,18,14849,2011-09-05 14:56:00
565611,401.94,238,15,14849,2011-09-05 14:57:00
565612,457.7,186,21,12616,2011-09-05 15:17:00
565613,263.2,254,19,13744,2011-09-05 15:19:00
565614,82.75,41,11,17309,2011-09-05 15:20:00
565616,472.64,355,23,15238,2011-09-05 15:26:00
565618,347.88,338,25,15974,2011-09-05 15:40:00
565631,1226.16,568,10,14680,2011-09-05 15:49:00
565643,356.75,207,8,13468,2011-09-05 15:56:00
565644,299.16,156,5,15491,2011-09-05 15:56:00
565648,235.85,190,61,18196,2011-09-05 16:22:00
565649,478.9,156,54,16712,2011-09-05 16:27:00
565664,673.94,533,42,13211,2011-09-05 17:36:00
565665,488.21,285,25,15856,2011-09-05 17:44:00
565667,174.86,102,9,17449,2011-09-06 08:34:00
565668,378.75,291,4,15291,2011-09-06 09:15:00
565669,149.12,192,3,17560,2011-09-06 09:18:00
565670,656.46,316,25,14944,2011-09-06 09:23:00
565672,556.26,326,30,17700,2011-09-06 09:34:00
565673,340.56,104,10,14441,2011-09-06 09:45:00
565674,224.28,74,13,15271,2011-09-06 09:49:00
565675,2184.59,601,38,15513,2011-09-06 09:51:00
565676,238.68,106,5,15513,2011-09-06 09:53:00
565677,192.4,92,11,15521,2011-09-06 10:04:00
565678,17.4,12,1,15521,2011-09-06 10:04:00
565679,310.6,78,4,15199,2011-09-06 10:12:00
565680,100.8,240,1,14560,2011-09-06 10:27:00
565682,833.0600000000001,466,61,14796,2011-09-06 10:42:00
565684,189.6,144,12,16455,2011-09-06 10:46:00
565685,638.4000000000001,384,8,15671,2011-09-06 10:53:00
565723,301.80000000000007,158,4,14408,2011-09-06 11:29:00
565724,185.0,120,7,16168,2011-09-06 11:53:00
565725,537.9,542,38,13949,2011-09-06 11:55:00
565726,1124.49,733,71,14360,2011-09-06 11:58:00
565727,332.89,265,23,13158,2011-09-06 11:58:00
565728,549.7,304,17,17716,2011-09-06 12:00:00
565729,25.200000000000003,12,1,17716,2011-09-06 12:01:00
565730,347.3,169,27,14715,2011-09-06 12:02:00
565731,125.0,68,9,17716,2011-09-06 12:02:00
565732,257.8,140,14,17068,2011-09-06 12:10:00
565733,164.4,80,4,16359,2011-09-06 12:11:00
565734,385.81,220,36,17191,2011-09-06 12:15:00
565735,15.0,1,1,16904,2011-09-06 12:25:00
565736,155.51999999999998,432,1,13784,2011-09-06 12:27:00
565737,303.93,172,28,16400,2011-09-06 12:27:00
565738,582.8,277,19,14667,2011-09-06 12:30:00
565740,430.32,192,4,15189,2011-09-06 12:31:00
565741,354.62,164,4,15189,2011-09-06 12:32:00
565747,315.65,103,10,14239,2011-09-06 12:38:00
565748,4005.35,1145,58,14156,2011-09-06 12:38:00
565749,228.84,140,5,14156,2011-09-06 12:44:00
565750,151.74,114,10,14208,2011-09-06 12:48:00
565751,258.64,115,28,16393,2011-09-06 12:56:00
565753,99.0,12,2,13538,2011-09-06 13:11:00
565754,64.8,48,4,15462,2011-09-06 13:11:00
565756,503.08000000000004,224,12,18230,2011-09-06 13:20:00
565757,183.36,136,5,17339,2011-09-06 13:29:00
565758,199.29999999999998,142,13,16928,2011-09-06 13:29:00
565759,358.84000000000003,327,21,12720,2011-09-06 13:46:00
565760,16.5,10,1,12720,2011-09-06 13:47:00
565763,939.96,1604,10,14739,2011-09-06 14:09:00
565765,520.3,318,29,12526,2011-09-06 14:19:00
565766,577.55,361,130,17841,2011-09-06 14:23:00
565768,262.40000000000003,142,8,14040,2011-09-06 14:29:00
565769,300.7,164,16,16175,2011-09-06 14:32:00
565776,724.01,483,19,15311,2011-09-06 14:38:00
565777,106.80000000000001,21,4,12569,2011-09-06 14:53:00
565778,159.85000000000002,59,7,17460,2011-09-06 15:04:00
565779,477.93,391,34,15804,2011-09-06 15:14:00
565780,64.0,32,2,13130,2011-09-06 15:30:00
565781,701.38,450,20,13098,2011-09-06 15:34:00
565782,303.92,176,15,12748,2011-09-06 15:48:00
565783,18.72,48,1,13122,2011-09-06 15:53:00
565784,359.05,104,19,15089,2011-09-06 16:02:00
565785,200.0,5,1,12461,2011-09-06 16:57:00
565788,353.48,316,22,13210,2011-09-07 08:18:00
565790,591.14,480,16,16767,2011-09-07 09:15:00
565791,189.60000000000002,96,2,16029,2011-09-07 09:33:00
565792,180.12,112,7,14397,2011-09-07 09:37:00
565793,177.60000000000002,96,1,16029,2011-09-07 09:40:00
565794,567.6,312,4,16029,2011-09-07 09:45:00
565795,260.63,149,19,17481,2011-09-07 09:57:00
565796,266.48,226,16,14916,2011-09-07 10:07:00
565800,809.0699999999999,417,40,14911,2011-09-07 10:23:00
565801,549.24,268,26,12685,2011-09-07 10:28:00
565802,174.71,177,11,17573,2011-09-07 10:36:00
565803,871.25,454,43,17735,2011-09-07 10:38:00
565805,348.0,186,10,18229,2011-09-07 10:51:00
565806,520.31,319,30,15594,2011-09-07 10:51:00
565807,315.2,170,20,14334,2011-09-07 10:55:00
565808,23.0,4,1,16843,2011-09-07 10:56:00
565835,127.37,46,29,14452,2011-09-07 11:32:00
565836,3200.28,2186,38,17511,2011-09-07 11:41:00
565838,393.40000000000003,104,14,15071,2011-09-07 11:43:00
565839,313.6,187,12,13186,2011-09-07 11:46:00
565842,149.64000000000001,108,8,13808,2011-09-07 12:10:00
565844,331.24,247,19,17442,2011-09-07 12:19:00
565845,588.3000000000001,342,17,14709,2011-09-07 12:21:00
565846,121.5,60,38,14606,2011-09-07 12:41:00
565849,323.68,236,15,14309,2011-09-07 12:50:00
565850,524.85,219,45,14530,2011-09-07 12:55:00
565851,637.29,332,32,14911,2011-09-07 13:06:00
565853,413.99,205,14,13756,2011-09-07 13:19:00
565854,1035.82,650,42,12490,2011-09-07 13:22:00
565855,324.96,308,24,15114,2011-09-07 13:30:00
565856,155.8,116,13,17345,2011-09-07 14:09:00
565857,1464.58,942,85,14911,2011-09-07 14:13:00
565858,534.24,504,1,17949,2011-09-07 14:30:00
565859,426.07,336,25,16818,2011-09-07 14:40:00
565860,9.36,24,2,12748,2011-09-07 14:41:00
565861,20.8,4,3,17368,2011-09-07 14:47:00
565862,349.35,109,16,15885,2011-09-07 14:56:00
565863,402.79,393,16,17422,2011-09-07 15:00:00
565865,1304.7,719,67,12637,2011-09-07 15:07:00
565870,15.0,1,1,16828,2011-09-07 15:10:00
565877,304.24,133,6,15189,2011-09-07 15:13:00
565901,1094.9,666,9,13798,2011-09-07 15:34:00
565914,89.64,180,2,18093,2011-09-07 15:43:00
565915,480.52,340,67,15752,2011-09-07 15:52:00
565916,504.35,186,31,14156,2011-09-07 16:00:00
565918,127.73,66,19,13249,2011-09-07 16:27:00
565920,591.02,435,33,15298,2011-09-08 08:56:00
565921,416.90000000000003,146,15,13889,2011-09-08 09:13:00
565922,308.9,218,16,14116,2011-09-08 09:51:00
565923,590.4,388,13,17567,2011-09-08 10:00:00
565924,360.48,552,11,13026,2011-09-08 10:01:00
565926,310.2,224,13,13305,2011-09-08 10:02:00
565929,91.32000000000001,73,2,15488,2011-09-08 10:11:00
565930,1057.18,649,64,12685,2011-09-08 10:32:00
565931,404.31,211,23,12683,2011-09-08 10:35:00
565932,222.45000000000002,87,31,16418,2011-09-08 10:35:00
565933,15.0,1,1,15885,2011-09-08 10:43:00
565934,443.0,335,19,18222,2011-09-08 10:45:00
565936,829.4399999999999,1152,2,15653,2011-09-08 10:49:00
565937,126.74,52,8,13468,2011-09-08 10:52:00
565967,1944.6,1012,51,14646,2011-09-08 11:27:00
565971,282.68,179,45,13571,2011-09-08 11:27:00
565975,2.08,1,1,14646,2011-09-08 11:28:00
565990,371.7,260,21,13577,2011-09-08 11:44:00
565993,303.3,86,12,13013,2011-09-08 11:46:00
565994,121.74000000000001,38,27,13244,2011-09-08 11:46:00
565995,418.34,230,34,16076,2011-09-08 11:48:00
566001,14.99,11,5,13700,2011-09-08 11:53:00
566005,161.69,88,21,16426,2011-09-08 11:56:00
566006,286.86,288,19,13018,2011-09-08 12:01:00
566008,153.99,91,42,16426,2011-09-08 12:04:00
566009,51.839999999999996,72,1,16076,2011-09-08 12:04:00
566010,390.47,448,58,13700,2011-09-08 12:05:00
566013,905.6,554,25,17004,2011-09-08 12:16:00
566014,355.08000000000004,205,13,14688,2011-09-08 12:16:00
566015,45.78,78,5,16426,2011-09-08 12:19:00
566016,591.9,470,30,15144,2011-09-08 12:20:00
566017,412.71,351,26,13330,2011-09-08 12:27:00
566018,459.56,294,71,13137,2011-09-08 12:42:00
566019,423.09,117,26,17243,2011-09-08 12:44:00
566020,132.7,54,6,13925,2011-09-08 12:47:00
566021,312.45,234,13,15306,2011-09-08 12:47:00
566022,49.5,10,2,13925,2011-09-08 12:47:00
566023,496.44,424,18,12955,2011-09-08 12:48:00
566024,538.4,204,32,13871,2011-09-08 12:51:00
566025,159.79,65,37,17634,2011-09-08 12:55:00
566026,74.4,24,4,15618,2011-09-08 12:56:00
566027,121.81,91,8,15618,2011-09-08 12:57:00
566028,320.0,1000,1,13848,2011-09-08 12:58:00
566033,242.27,202,57,16031,2011-09-08 13:07:00
566035,413.58,286,25,12839,2011-09-08 13:17:00
566037,291.84000000000003,240,2,13249,2011-09-08 13:26:00
566038,191.73000000000002,73,10,14511,2011-09-08 13:26:00
566039,334.54,194,21,14223,2011-09-08 13:38:00
566040,459.99,243,23,12540,2011-09-08 13:38:00
566041,961.58,532,26,13814,2011-09-08 13:48:00
566042,182.9,90,31,17811,2011-09-08 13:53:00
566043,421.18,136,15,13769,2011-09-08 13:54:00
566044,25.200000000000003,12,1,13769,2011-09-08 13:55:00
566045,105.0,50,1,15400,2011-09-08 13:57:00
566046,78.9,118,3,12971,2011-09-08 14:02:00
566047,117.36,140,9,17370,2011-09-08 14:19:00
566048,322.77,244,23,16558,2011-09-08 14:21:00
566049,309.79,175,18,15730,2011-09-08 14:28:00
566050,324.0,70,5,13854,2011-09-08 14:35:00
566051,86.0,56,5,15198,2011-09-08 14:42:00
566052,186.32,160,3,13199,2011-09-08 14:53:00
566053,120.97999999999999,77,42,14410,2011-09-08 14:57:00
566054,205.8,125,9,12592,2011-09-08 15:04:00
566055,221.84,96,40,15453,2011-09-08 15:05:00
566056,4.11,6,3,14410,2011-09-08 15:08:00
566057,174.07,370,28,17997,2011-09-08 15:16:00
566058,183.92000000000002,200,5,16682,2011-09-08 15:16:00
566059,86.0,9,3,12569,2011-09-08 15:22:00
566061,318.4,132,16,13267,2011-09-08 15:36:00
566062,482.07,251,8,14522,2011-09-08 15:39:00
566063,170.88,96,10,16011,2011-09-08 15:41:00
566073,354.53000000000003,94,27,14562,2011-09-08 19:58:00
566074,344.9,104,16,12535,2011-09-09 08:48:00
566075,205.67000000000002,105,14,16173,2011-09-09 09:03:00
566076,1087.7,372,45,12449,2011-09-09 09:13:00
566077,296.64,204,13,13441,2011-09-09 09:38:00
566079,985.62,782,37,17593,2011-09-09 09:52:00
566080,15.0,1,1,15187,2011-09-09 10:05:00
566081,253.99,95,14,16293,2011-09-09 10:09:00
566082,70.6,35,5,16293,2011-09-09 10:09:00
566083,85.92,96,3,13145,2011-09-09 10:10:00
566085,188.5,102,47,17841,2011-09-09 10:12:00
566086,584.4,91,5,14051,2011-09-09 10:16:00
566087,493.4,224,27,13319,2011-09-09 10:24:00
566089,998.8800000000001,528,7,14062,2011-09-09 10:31:00
566091,143.8,126,26,17870,2011-09-09 10:37:00
566092,650.42,325,26,13823,2011-09-09 10:42:00
566094,348.18,227,48,17965,2011-09-09 10:42:00
566108,158.4,288,1,16027,2011-09-09 10:47:00
566115,425.2,293,22,12674,2011-09-09 10:51:00
566117,15.5,10,1,17965,2011-09-09 10:54:00
566123,322.37,136,35,15039,2011-09-09 11:15:00
566124,262.74,144,23,16515,2011-09-09 11:15:00
566162,282.31,149,18,15249,2011-09-09 11:46:00
566163,1304.7,719,67,12637,2011-09-09 11:48:00
566169,185.83999999999997,392,10,14414,2011-09-09 12:09:00
566170,140.5,58,4,12879,2011-09-09 12:11:00
566171,158.88,97,41,18118,2011-09-09 12:22:00
566172,322.4,224,11,17001,2011-09-09 12:24:00
566173,186.56,145,8,12787,2011-09-09 12:24:00
566175,158.95999999999998,104,10,18237,2011-09-09 12:36:00
566178,141.9,49,4,16353,2011-09-09 12:41:00
566184,165.0,1,1,16723,2011-09-09 13:01:00
566186,296.62,363,23,16603,2011-09-09 13:02:00
566188,192.6,95,9,14312,2011-09-09 13:14:00
566189,139.5,109,12,17800,2011-09-09 13:19:00
566190,206.45,316,36,12748,2011-09-09 13:20:00
566191,442.66,210,24,14388,2011-09-09 13:26:00
566192,165.20000000000002,36,4,14915,2011-09-09 13:34:00
566193,1010.95,517,55,14961,2011-09-09 13:37:00
566194,298.9,90,50,14711,2011-09-09 13:42:00
566195,2608.11,1849,81,12433,2011-09-09 13:44:00
566196,148.8,16,4,14180,2011-09-09 13:47:00
566198,393.85,82,25,18109,2011-09-09 13:58:00
566199,441.91,217,15,14824,2011-09-09 14:12:00
566200,111.78,93,52,16910,2011-09-09 14:14:00
566201,98.10000000000001,18,1,15189,2011-09-09 14:18:00
566202,337.74,208,21,15652,2011-09-09 14:22:00
566203,318.35,129,32,16362,2011-09-09 14:47:00
566204,340.38,166,12,14628,2011-09-09 14:58:00
566206,34.650000000000006,7,3,16362,2011-09-09 15:00:00
566207,1210.3200000000002,2352,9,12830,2011-09-09 15:02:00
566208,7.65,9,2,16362,2011-09-09 15:03:00
566213,1732.93,959,74,14895,2011-09-09 15:09:00
566214,51.0,4,1,14895,2011-09-09 15:10:00
566215,109.15,29,5,14895,2011-09-09 15:11:00
566217,119.62,55,34,14096,2011-09-09 15:17:00
566218,35.7,6,1,13079,2011-09-09 15:25:00
566219,1001.36,700,57,17426,2011-09-09 15:51:00
566220,2243.7,1128,25,15251,2011-09-09 15:53:00
566225,77.55,29,10,16899,2011-09-11 10:35:00
566226,204.60000000000002,52,11,15605,2011-09-11 10:39:00
566227,1912.06,744,16,14258,2011-09-11 10:42:00
566228,889.4000000000001,484,5,13408,2011-09-11 10:52:00
566229,174.84,62,5,13408,2011-09-11 10:53:00
566230,418.84000000000003,263,23,15159,2011-09-11 10:57:00
566231,303.94,210,18,14837,2011-09-11 10:58:00
566232,175.04,82,6,15159,2011-09-11 10:58:00
566233,1005.54,773,61,12635,2011-09-11 11:04:00
566234,252.73000000000002,245,26,15035,2011-09-11 11:08:00
566235,418.06,202,17,15636,2011-09-11 11:17:00
566236,175.4,60,9,16384,2011-09-11 11:19:00
566237,142.9,30,8,13742,2011-09-11 11:24:00
566238,148.27,39,21,17377,2011-09-11 11:24:00
566239,544.52,234,24,14665,2011-09-11 11:26:00
566240,137.56,70,24,14508,2011-09-11 11:29:00
566241,254.76,156,2,15939,2011-09-11 11:30:00
566242,160.6,52,8,15502,2011-09-11 11:56:00
566243,33.9,2,1,15502,2011-09-11 11:57:00
566244,126.00000000000001,60,5,15502,2011-09-11 11:58:00
566245,451.97,198,11,13426,2011-09-11 11:59:00
566246,1028.04,396,8,13941,2011-09-11 12:00:00
566247,316.6,84,3,16107,2011-09-11 12:03:00
566248,140.96,72,8,13272,2011-09-11 12:06:00
566249,473.3,202,43,13527,2011-09-11 12:09:00
566250,344.88,120,2,15587,2011-09-11 12:10:00
566251,215.87,170,21,12841,2011-09-11 12:13:00
566253,11.97,19,1,13527,2011-09-11 12:15:00
566254,384.9,90,10,13993,2011-09-11 12:16:00
566255,1783.24,1492,18,13324,2011-09-11 12:23:00
566256,112.38,43,7,12680,2011-09-11 12:27:00
566257,855.5999999999999,680,9,13324,2011-09-11 12:34:00
566258,1239.86,518,75,13124,2011-09-11 12:45:00
566259,2027.94,606,7,17317,2011-09-11 12:45:00
566260,1070.48,1152,9,14212,2011-09-11 12:45:00
566261,378.64,159,23,13372,2011-09-11 12:46:00
566262,277.55,108,20,15527,2011-09-11 12:56:00
566264,97.73,55,25,14606,2011-09-11 13:07:00
566265,103.3,74,6,18255,2011-09-11 13:16:00
566266,297.36,319,26,17299,2011-09-11 13:22:00
566267,356.11,196,19,12647,2011-09-11 13:32:00
566268,292.24,83,15,13813,2011-09-11 13:38:00
566269,237.22,312,41,17864,2011-09-11 13:39:00
566270,848.98,390,32,16523,2011-09-11 13:40:00
566271,1228.83,866,74,14250,2011-09-11 13:44:00
566272,399.37,264,38,14487,2011-09-11 13:51:00
566273,245.33,107,13,14720,2011-09-11 13:56:00
566274,344.25,149,35,13884,2011-09-11 13:58:00
566275,451.39,240,69,16549,2011-09-11 13:58:00
566276,305.82,348,19,13450,2011-09-11 14:00:00
566277,305.62,186,18,16796,2011-09-11 14:01:00
566278,302.15,67,17,13614,2011-09-11 14:05:00
566279,249.17000000000002,308,46,14432,2011-09-11 14:09:00
566281,1948.35,1437,136,12748,2011-09-11 14:15:00
566282,1638.3400000000001,644,21,15782,2011-09-11 14:29:00
566283,612.4,375,26,17838,2011-09-11 14:34:00
566284,160.20000000000002,72,7,14825,2011-09-11 14:49:00
566285,517.68,334,39,13611,2011-09-11 14:51:00
566286,331.56,252,15,14057,2011-09-11 14:58:00
566287,133.37,49,24,17218,2011-09-11 15:11:00
566288,291.63,68,19,12883,2011-09-11 15:18:00
566289,231.56,128,14,15601,2011-09-11 15:20:00
566290,800.9,713,192,14456,2011-09-11 15:24:00
566291,769.8100000000001,282,108,12965,2011-09-11 15:31:00
566292,520.9,390,23,13381,2011-09-11 15:35:00
566293,408.38,555,16,14533,2011-09-11 15:35:00
566294,449.65999999999997,150,33,15533,2011-09-11 15:41:00
566295,453.39,855,38,15547,2011-09-11 15:44:00
566296,202.53,80,49,17841,2011-09-11 15:47:00
566297,89.52,55,29,16794,2011-09-11 15:50:00
566298,159.31,170,20,14030,2011-09-11 15:52:00
566299,329.44,200,14,16871,2011-09-11 15:59:00
566300,299.34000000000003,118,13,18215,2011-09-11 16:05:00
566301,114.84,56,22,16474,2011-09-11 16:06:00
566302,8.25,1,1,16474,2011-09-11 16:09:00
566303,307.92,170,16,12997,2011-09-12 08:24:00
566304,343.8,254,24,18158,2011-09-12 09:03:00
566305,523.25,223,21,14110,2011-09-12 09:26:00
566306,336.64,214,13,13265,2011-09-12 09:36:00
566307,656.23,323,34,14307,2011-09-12 09:37:00
566308,289.92,134,15,15865,2011-09-12 09:38:00
566309,31.599999999999998,24,2,14307,2011-09-12 09:38:00
566310,1468.58,890,19,15980,2011-09-12 09:39:00
566311,170.1,78,4,15980,2011-09-12 09:41:00
566312,339.83,164,20,16150,2011-09-12 09:43:00
566314,405.86,372,28,15358,2011-09-12 09:57:00
566315,326.48,314,25,15392,2011-09-12 10:01:00
566317,778.65,442,37,13375,2011-09-12 10:19:00
566318,217.3,110,4,15971,2011-09-12 10:47:00
566319,853.68,556,36,13431,2011-09-12 11:25:00
566320,382.48,180,17,13983,2011-09-12 11:41:00
566321,5.95,1,1,17961,2011-09-12 11:44:00
566322,145.72,76,5,16209,2011-09-12 11:58:00
566326,547.02,154,23,16211,2011-09-12 12:11:00
566328,153.72,204,4,13743,2011-09-12 12:19:00
566329,207.57,50,18,14527,2011-09-12 12:20:00
566334,410.08000000000004,444,5,13798,2011-09-12 12:24:00
566345,1250.71,812,54,17685,2011-09-12 12:27:00
566361,71.7,34,3,15253,2011-09-12 12:32:00
566364,395.04999999999995,355,23,15253,2011-09-12 12:32:00
566393,362.18,214,17,13269,2011-09-12 12:45:00
566394,317.96,212,17,13650,2011-09-12 12:45:00
566395,683.8000000000001,164,12,14952,2011-09-12 12:48:00
566396,553.74,268,18,14292,2011-09-12 12:51:00
566397,142.82,83,30,17811,2011-09-12 12:54:00
566398,309.05,43,7,12884,2011-09-12 13:10:00
566399,620.4,238,30,16141,2011-09-12 13:11:00
566400,1517.54,848,92,17139,2011-09-12 13:16:00
566402,278.4,612,12,14997,2011-09-12 13:34:00
566403,501.9,114,7,16985,2011-09-12 13:38:00
566405,1304.04,756,23,17919,2011-09-12 13:41:00
566408,1246.33,786,120,16984,2011-09-12 13:43:00
566420,205.11,94,32,16360,2011-09-12 13:50:00
566421,278.43,196,14,12924,2011-09-12 13:55:00
566422,183.08,82,12,13064,2011-09-12 13:56:00
566424,381.5,262,25,13309,2011-09-12 14:15:00
566425,175.9,106,10,16458,2011-09-12 14:22:00
566426,663.24,484,13,17865,2011-09-12 14:23:00
566427,303.15999999999997,185,53,17433,2011-09-12 14:24:00
566428,309.7,422,18,15932,2011-09-12 14:24:00
566429,25.200000000000003,12,1,17865,2011-09-12 14:24:00
566430,85.0,1,1,16475,2011-09-12 14:37:00
566431,303.36,254,18,18180,2011-09-12 14:39:00
566432,88.56,132,6,13704,2011-09-12 14:40:00
566433,987.9399999999999,438,17,16839,2011-09-12 14:54:00
566434,636.44,276,35,17090,2011-09-12 15:01:00
566435,302.20000000000005,68,4,13854,2011-09-12 15:04:00
566438,152.82,44,18,15996,2011-09-12 15:14:00
566439,132.4,28,3,17656,2011-09-12 15:14:00
566440,330.92,292,21,15755,2011-09-12 15:19:00
566441,302.19,149,18,17719,2011-09-12 15:23:00
566442,308.89,175,19,14732,2011-09-12 15:29:00
566443,291.8,144,18,17071,2011-09-12 15:31:00
566444,331.14,180,18,14020,2011-09-12 15:32:00
566447,637.9200000000001,348,4,12989,2011-09-12 15:43:00
566448,169.9,30,7,14897,2011-09-12 16:06:00
566450,711.53,420,38,15673,2011-09-12 16:12:00
566451,782.85,468,137,18069,2011-09-12 16:14:00
566452,129.32999999999998,57,11,14901,2011-09-12 16:14:00
566453,84.5,48,3,17811,2011-09-12 16:23:00
566455,21.0,10,1,14500,2011-09-12 16:45:00
566465,3.35,2,2,15764,2011-09-12 17:58:00
566477,483.39,189,28,14359,2011-09-13 09:03:00
566479,340.2,104,5,13831,2011-09-13 09:07:00
566480,266.97,120,14,16451,2011-09-13 09:17:00
566481,1253.0,700,3,15769,2011-09-13 09:33:00
566482,1319.78,624,67,16609,2011-09-13 09:43:00
566483,414.82,249,17,13880,2011-09-13 09:47:00
566484,223.84,216,12,13880,2011-09-13 09:48:00
566485,181.6,112,9,13880,2011-09-13 09:49:00
566486,293.14,112,12,16098,2011-09-13 09:59:00
566487,358.2,316,5,16422,2011-09-13 10:03:00
566488,361.27,95,19,12940,2011-09-13 10:16:00
566489,556.3,243,21,16814,2011-09-13 10:17:00
566491,294.24,216,15,14060,2011-09-13 10:25:00
566492,94.32000000000001,73,2,12679,2011-09-13 10:34:00
566494,4114.08,4072,17,17404,2011-09-13 11:12:00
566495,811.24,804,142,15529,2011-09-13 11:14:00
566518,158.17,101,29,17779,2011-09-13 11:24:00
566520,161.19,61,22,17757,2011-09-13 11:26:00
566537,371.70000000000005,134,11,13767,2011-09-13 11:34:00
566539,368.72,261,48,17228,2011-09-13 11:34:00
566554,921.4,360,37,13136,2011-09-13 11:39:00
566555,96.6,28,2,15216,2011-09-13 11:41:00
566556,237.60000000000002,48,1,16353,2011-09-13 11:47:00
566557,8281.12,4951,57,14646,2011-09-13 11:47:00
566558,679.69,361,30,15311,2011-09-13 11:51:00
566559,431.97,157,23,18044,2011-09-13 11:52:00
566560,356.6,216,26,17092,2011-09-13 12:09:00
566561,1079.47,972,72,18145,2011-09-13 12:13:00
566562,1126.47,1147,93,17365,2011-09-13 12:18:00
566563,328.98,250,20,12909,2011-09-13 12:22:00
566564,259.05,315,41,15522,2011-09-13 12:26:00
566566,433.93,106,70,14096,2011-09-13 12:32:00
566567,303.65000000000003,139,14,16161,2011-09-13 12:37:00
566571,1267.32,656,75,17037,2011-09-13 12:49:00
566572,432.75,177,19,13488,2011-09-13 12:52:00
566575,1658.9,1238,8,17133,2011-09-13 13:15:00
566576,2180.3,977,20,13098,2011-09-13 13:21:00
566580,690.9,424,37,12822,2011-09-13 13:46:00
566581,1599.55,887,107,16081,2011-09-13 13:47:00
566582,1024.08,538,28,13384,2011-09-13 13:49:00
566583,364.5,84,21,15343,2011-09-13 13:55:00
566585,380.76,172,19,16409,2011-09-13 14:06:00
566586,199.8,213,7,12619,2011-09-13 14:23:00
566587,347.74,266,20,14132,2011-09-13 14:30:00
566588,191.78,74,7,17562,2011-09-13 14:42:00
566589,563.15,211,30,14753,2011-09-13 14:50:00
566590,302.2,273,19,14032,2011-09-13 14:51:00
566591,570.19,589,44,16036,2011-09-13 14:53:00
566592,303.28000000000003,296,17,15201,2011-09-13 14:53:00
566594,117.35000000000001,49,7,16959,2011-09-13 15:03:00
566595,4314.72,7824,16,18251,2011-09-13 15:03:00
566596,786.52,304,10,14163,2011-09-13 15:18:00
566597,446.31,160,19,14194,2011-09-13 15:23:00
566598,319.6,73,4,12664,2011-09-13 15:35:00
566599,398.7,280,77,15998,2011-09-13 15:37:00
566600,417.08,274,22,13704,2011-09-13 15:41:00
566601,179.19,50,45,16469,2011-09-13 15:57:00
566604,365.1,306,46,16279,2011-09-13 16:26:00
566605,276.31,122,64,13263,2011-09-13 16:27:00
566606,305.37,229,20,15194,2011-09-13 16:33:00
566607,496.3,175,44,13032,2011-09-13 16:40:00
566610,1.65,1,1,17961,2011-09-13 16:56:00
566612,652.4,226,35,16229,2011-09-13 17:16:00
566616,267.8,142,16,12895,2011-09-14 08:35:00
566617,1304.04,346,16,18092,2011-09-14 09:11:00
566618,621.66,250,5,17640,2011-09-14 09:13:00
566619,327.8,196,3,13798,2011-09-14 09:16:00
566620,185.22,126,12,13588,2011-09-14 09:21:00
566621,543.24,283,18,15845,2011-09-14 09:22:00
566622,405.88,176,24,13860,2011-09-14 09:27:00
566623,112.07999999999998,144,4,12756,2011-09-14 09:31:00
566624,302.25,199,15,17315,2011-09-14 09:36:00
566625,781.11,734,50,14911,2011-09-14 09:38:00
566627,327.0,202,6,18229,2011-09-14 10:28:00
566628,167.0,604,2,12971,2011-09-14 10:32:00
566629,613.77,285,25,15622,2011-09-14 10:32:00
566630,157.20000000000002,96,6,12971,2011-09-14 10:33:00
566631,42.24,12,2,15622,2011-09-14 10:34:00
566632,69.6,46,5,15622,2011-09-14 10:35:00
566633,299.04,96,4,17193,2011-09-14 10:40:00
566634,690.6000000000001,356,8,13183,2011-09-14 10:42:00
566647,250.13,284,41,18001,2011-09-14 11:21:00
566648,171.85000000000002,79,8,14198,2011-09-14 11:25:00
566649,378.0,192,6,18173,2011-09-14 11:26:00
566667,156.79,124,16,14660,2011-09-14 11:34:00
566668,53.550000000000004,9,2,18065,2011-09-14 11:35:00
566669,466.09000000000003,251,28,18065,2011-09-14 11:36:00
566670,17.4,12,1,18065,2011-09-14 11:36:00
566673,345.03000000000003,129,20,17728,2011-09-14 11:39:00
566674,614.88,356,31,15105,2011-09-14 11:41:00
566675,28.68,60,3,15105,2011-09-14 11:42:00
566694,318.24,248,17,16401,2011-09-14 11:50:00
566705,471.84000000000003,162,15,13552,2011-09-14 11:53:00
566707,79.8,52,3,13552,2011-09-14 11:54:00
566708,737.8,400,11,13078,2011-09-14 11:55:00
566709,821.6,948,23,16745,2011-09-14 11:58:00
566713,411.81,345,24,15933,2011-09-14 12:05:00
566717,237.19,107,54,17841,2011-09-14 12:14:00
566718,446.25,75,4,15854,2011-09-14 12:25:00
566719,88.2,20,6,15081,2011-09-14 12:29:00
566720,588.51,231,63,13634,2011-09-14 12:42:00
566721,490.95,203,25,12921,2011-09-14 12:50:00
566722,466.52,336,12,13408,2011-09-14 12:51:00
566723,233.39,79,12,15804,2011-09-14 13:02:00
566724,252.1,70,13,14284,2011-09-14 13:04:00
566726,305.13,125,74,15021,2011-09-14 13:12:00
566727,228.96,216,1,17347,2011-09-14 13:12:00
566728,303.48,348,15,15841,2011-09-14 13:15:00
566729,177.44,27,8,14562,2011-09-14 13:23:00
566730,64.26,39,26,14606,2011-09-14 13:31:00
566731,78.45,31,20,17883,2011-09-14 13:37:00
566732,378.45,183,18,17716,2011-09-14 13:42:00
566733,291.68,148,13,15103,2011-09-14 13:54:00
566734,163.08,89,64,16910,2011-09-14 14:09:00
566735,158.88,79,41,15707,2011-09-14 14:19:00
566736,357.32,438,21,12726,2011-09-14 14:19:00
566737,336.31,433,29,13430,2011-09-14 14:26:00
566738,382.74,110,3,14110,2011-09-14 14:28:00
566739,351.65,265,19,12566,2011-09-14 14:30:00
566740,422.04,560,14,17033,2011-09-14 14:34:00
566744,250.0,60,3,14177,2011-09-14 15:11:00
566746,259.04,140,9,13321,2011-09-14 15:18:00
566747,221.17,173,14,16928,2011-09-14 15:33:00
566750,422.00000000000006,56,7,15380,2011-09-14 15:41:00
566755,117.24,108,3,13877,2011-09-14 15:49:00
566756,743.28,376,34,12457,2011-09-14 15:54:00
566759,358.06,182,4,16210,2011-09-14 16:29:00
566760,298.96,182,27,15272,2011-09-14 16:36:00
566769,151.5,82,7,18211,2011-09-15 08:27:00
566770,90.6,12,2,15304,2011-09-15 08:55:00
566771,679.68,416,42,15322,2011-09-15 09:34:00
566772,472.2,377,19,13107,2011-09-15 09:41:00
566773,562.54,178,20,12444,2011-09-15 09:43:00
566774,272.1,116,13,12921,2011-09-15 09:44:00
566776,368.37,226,19,14911,2011-09-15 09:53:00
566778,74.56,65,15,17961,2011-09-15 10:02:00
566781,494.25,375,28,17333,2011-09-15 10:11:00
566783,315.69,89,16,13539,2011-09-15 10:18:00
566786,627.16,382,36,13518,2011-09-15 10:29:00
566788,1702.94,917,26,14306,2011-09-15 10:31:00
566789,907.84,729,52,13134,2011-09-15 10:35:00
566790,1643.2,678,26,17679,2011-09-15 10:35:00
566816,2377.9,1060,31,12731,2011-09-15 10:53:00
566817,801.94,1012,15,16160,2011-09-15 10:53:00
566818,202.56,144,9,13104,2011-09-15 11:20:00
566819,250.45000000000002,43,17,17214,2011-09-15 11:25:00
566821,617.26,318,25,14227,2011-09-15 11:33:00
566822,320.68,181,16,17677,2011-09-15 11:33:00
566823,15.12,36,1,14227,2011-09-15 11:33:00
566829,586.95,145,7,14608,2011-09-15 11:46:00
566833,237.07999999999998,128,12,17865,2011-09-15 11:47:00
566846,325.16,85,6,14911,2011-09-15 11:54:00
566847,261.15,136,47,15005,2011-09-15 11:57:00
566848,326.4,128,1,18172,2011-09-15 12:02:00
566849,734.24,552,34,16341,2011-09-15 12:03:00
566850,364.82,180,18,13662,2011-09-15 12:04:00
566851,404.09,217,50,15573,2011-09-15 12:16:00
566860,500.21,257,19,17002,2011-09-15 12:40:00
566861,59.8,70,2,12748,2011-09-15 12:43:00
566862,248.07000000000002,105,11,13018,2011-09-15 12:46:00
566863,72.3,18,4,13018,2011-09-15 12:47:00
566864,163.5,143,38,17786,2011-09-15 12:51:00
566865,15.0,1,1,14735,2011-09-15 12:53:00
566866,1596.24,1088,13,13694,2011-09-15 12:55:00
566867,1642.18,902,8,13694,2011-09-15 12:56:00
566868,136.23,71,7,14595,2011-09-15 13:13:00
566869,1009.27,427,43,13658,2011-09-15 13:20:00
566870,154.2,84,7,13658,2011-09-15 13:21:00
566871,351.47,181,22,17047,2011-09-15 13:27:00
566872,354.45,246,39,16729,2011-09-15 13:28:00
566873,240.28,164,15,12682,2011-09-15 13:31:00
566875,761.5,398,15,17669,2011-09-15 13:43:00
566891,655.75,265,23,14894,2011-09-15 13:51:00
566901,499.56,192,22,17434,2011-09-15 13:54:00
566904,372.16,294,19,15660,2011-09-15 13:57:00
566912,990.15,503,54,14367,2011-09-15 14:05:00
566913,1224.64,889,107,17602,2011-09-15 14:07:00
566914,334.53,246,56,15466,2011-09-15 14:08:00
566915,285.48,172,16,16945,2011-09-15 14:22:00
566916,160.0,4,1,12457,2011-09-15 14:25:00
566917,891.9000000000001,262,21,18259,2011-09-15 14:37:00
566918,67.98,7,3,12722,2011-09-15 14:50:00
566921,52.22,66,8,17898,2011-09-15 14:56:00
566922,680.28,250,26,16156,2011-09-15 14:58:00
566923,202.9,42,23,15511,2011-09-15 15:05:00
566926,115.2,48,3,17402,2011-09-15 15:20:00
566927,2033.1,1,1,17846,2011-09-15 15:20:00
566928,144.48,102,6,16189,2011-09-15 15:21:00
566929,4090.28,1848,47,17428,2011-09-15 15:21:00
566930,508.8,284,28,15417,2011-09-15 15:26:00
566931,5725.0,1250,3,18102,2011-09-15 15:27:00
566932,236.8,117,28,17576,2011-09-15 15:29:00
566933,1465.6,320,16,18102,2011-09-15 15:30:00
566934,13249.94,2893,8,18102,2011-09-15 15:34:00
566935,6870.0,1500,5,18102,2011-09-15 15:35:00
566936,4351.0,950,7,18102,2011-09-15 15:35:00
566937,211.32,108,3,12995,2011-09-15 15:44:00
566938,788.38,510,16,14557,2011-09-15 15:48:00
566950,678.18,330,36,17594,2011-09-15 16:34:00
566951,250.34,183,13,17293,2011-09-15 16:36:00
566954,19.799999999999997,12,1,15804,2011-09-15 16:39:00
566959,395.55,341,44,17530,2011-09-15 17:00:00
566962,110.93,44,32,16764,2011-09-15 17:07:00
566964,7.5,6,1,17573,2011-09-15 17:09:00
566967,397.17,177,23,16746,2011-09-15 18:05:00
566968,189.7,78,10,16350,2011-09-15 18:49:00
566969,176.94,182,13,15205,2011-09-15 19:36:00
566971,253.91,138,15,12963,2011-09-16 09:03:00
566972,370.98,249,26,16573,2011-09-16 09:13:00
566973,329.02,240,15,15152,2011-09-16 09:21:00
566974,91.7,50,4,13599,2011-09-16 09:24:00
566975,428.34000000000003,293,22,13599,2011-09-16 09:24:00
566976,2582.78,1677,116,15382,2011-09-16 09:27:00
566979,987.72,606,46,13141,2011-09-16 09:54:00
566980,683.28,176,13,15498,2011-09-16 09:56:00
566981,373.9,152,20,15498,2011-09-16 10:02:00
566984,440.5,229,19,12471,2011-09-16 10:39:00
566987,533.6,185,13,12476,2011-09-16 10:56:00
566988,1045.28,330,29,16709,2011-09-16 10:56:00
567043,318.57,283,43,13268,2011-09-16 11:27:00
567062,842.5,615,48,16108,2011-09-16 11:48:00
567066,324.0,229,23,13418,2011-09-16 12:17:00
567074,287.40000000000003,145,24,17068,2011-09-16 12:22:00
567076,639.24,634,28,15505,2011-09-16 12:27:00
567077,201.94,104,41,18122,2011-09-16 12:34:00
567085,519.89,317,34,12434,2011-09-16 12:38:00
567092,1074.82,739,63,13196,2011-09-16 12:48:00
567093,595.89,351,23,17144,2011-09-16 12:50:00
567094,271.11,97,24,16924,2011-09-16 12:54:00
567095,635.19,283,37,17049,2011-09-16 13:03:00
567096,410.48,343,23,15099,2011-09-16 13:13:00
567097,120.30000000000001,26,5,13323,2011-09-16 13:23:00
567099,257.3,136,58,15311,2011-09-16 13:31:00
567102,419.58000000000004,1618,4,14124,2011-09-16 13:32:00
567104,371.01,243,24,15975,2011-09-16 13:33:00
567111,271.28000000000003,170,16,17663,2011-09-16 13:37:00
567124,337.17,234,16,15240,2011-09-16 13:45:00
567126,264.31,142,42,17238,2011-09-16 13:53:00
567128,1233.01,487,78,18055,2011-09-16 14:04:00
567134,282.90000000000003,69,6,12600,2011-09-16 14:20:00
567138,488.45000000000005,189,25,17652,2011-09-16 14:39:00
567139,466.65,63,10,13563,2011-09-16 14:45:00
567140,361.43,151,15,15410,2011-09-16 14:47:00
567141,108.0,192,8,17370,2011-09-16 14:53:00
567142,524.3,262,27,14262,2011-09-16 14:55:00
567144,248.64,120,7,12871,2011-09-16 15:07:00
567145,549.46,354,27,12921,2011-09-16 15:09:00
567148,1188.18,639,33,18225,2011-09-16 15:23:00
567153,254.06,120,35,14056,2011-09-16 16:25:00
567154,412.01000000000005,132,10,15523,2011-09-16 16:29:00
567156,168.05,85,32,14462,2011-09-16 17:05:00
567157,663.6,216,9,12748,2011-09-16 17:33:00
567158,13.3,12,3,16878,2011-09-16 17:39:00
567159,426.95,81,10,15465,2011-09-18 10:19:00
567160,154.95,22,13,14562,2011-09-18 10:35:00
567161,1708.24,898,29,15947,2011-09-18 10:46:00
567162,828.68,400,9,16525,2011-09-18 11:13:00
567163,305.07,203,14,13247,2011-09-18 11:31:00
567164,279.84999999999997,151,32,14487,2011-09-18 11:51:00
567165,256.08,160,59,17841,2011-09-18 11:58:00
567166,757.7,218,11,13078,2011-09-18 12:15:00
567167,282.7,297,60,15547,2011-09-18 12:21:00
567168,101.24,64,19,14878,2011-09-18 12:24:00
567169,12.29,7,2,14487,2011-09-18 12:40:00
567170,567.31,335,97,13566,2011-09-18 12:40:00
567171,716.0,400,4,17677,2011-09-18 12:42:00
567172,973.8399999999999,632,7,18194,2011-09-18 13:29:00
567173,294.16,266,10,16689,2011-09-18 13:29:00
567174,204.4,117,37,16438,2011-09-18 13:31:00
567175,115.46000000000001,32,14,13067,2011-09-18 13:38:00
567176,105.08000000000001,33,11,15533,2011-09-18 13:40:00
567178,266.14,34,18,17858,2011-09-18 14:08:00
567179,217.93,124,35,15547,2011-09-18 14:27:00
567180,652.62,345,64,17802,2011-09-18 14:56:00
567181,129.63,249,14,17750,2011-09-18 15:15:00
567182,793.73,421,52,13334,2011-09-18 15:21:00
567183,3790.17,2709,386,14769,2011-09-18 15:32:00
567184,954.51,421,115,16033,2011-09-18 15:41:00
567185,357.42,121,41,16370,2011-09-18 15:55:00
567186,387.4,197,52,17073,2011-09-18 16:04:00
567188,196.35,33,1,12457,2011-09-19 09:04:00
567189,545.78,338,24,17069,2011-09-19 09:10:00
567190,484.52,226,20,18226,2011-09-19 09:14:00
567191,388.64,231,21,12562,2011-09-19 09:15:00
567192,4.859999999999999,4,4,17961,2011-09-19 09:20:00
567193,570.0,288,12,18094,2011-09-19 09:27:00
567194,45.0,36,2,18094,2011-09-19 09:28:00
567195,214.97,107,12,17451,2011-09-19 09:30:00
567196,392.40000000000003,196,20,12379,2011-09-19 10:09:00
567197,1062.1,583,48,14934,2011-09-19 10:10:00
567199,360.23,137,13,17058,2011-09-19 10:13:00
567200,258.84000000000003,548,26,16460,2011-09-19 10:15:00
567202,675.3,240,12,13325,2011-09-19 10:36:00
567203,86.9,62,5,16080,2011-09-19 10:42:00
567204,765.15,325,36,15365,2011-09-19 10:43:00
567205,218.72,146,11,15365,2011-09-19 10:44:00
567206,589.6,230,29,13562,2011-09-19 10:51:00
567211,387.0,293,82,14159,2011-09-19 11:02:00
567213,129.33,84,41,14684,2011-09-19 11:04:00
567236,467.5,146,21,14735,2011-09-19 11:33:00
567239,269.04,80,6,14735,2011-09-19 11:33:00
567252,329.88,229,7,13695,2011-09-19 11:37:00
567280,10267.88,6932,66,14646,2011-09-19 11:46:00
567287,92.35000000000001,25,5,18232,2011-09-19 11:49:00
567288,166.6,80,43,16906,2011-09-19 11:49:00
567290,5350.4,3717,38,14646,2011-09-19 11:54:00
567291,63.790000000000006,13,3,12527,2011-09-19 11:55:00
567292,47.38,19,16,14606,2011-09-19 11:59:00
567293,764.59,246,42,12640,2011-09-19 12:01:00
567294,345.0,192,22,13774,2011-09-19 12:06:00
567295,313.1,178,12,17490,2011-09-19 12:16:00
567296,339.01,178,18,12682,2011-09-19 12:19:00
567297,718.21,402,44,15594,2011-09-19 12:27:00
567298,1043.1,1236,14,12497,2011-09-19 12:29:00
567299,75.0,20,2,13524,2011-09-19 12:29:00
567300,542.8100000000001,192,27,12724,2011-09-19 12:36:00
567302,197.55,114,13,15058,2011-09-19 13:02:00
567303,789.84,376,32,17613,2011-09-19 13:20:00
567304,165.32,68,41,14704,2011-09-19 13:27:00
567305,402.7,176,15,12621,2011-09-19 13:28:00
567306,4366.78,2262,53,12752,2011-09-19 13:32:00
567307,573.2,290,24,15078,2011-09-19 13:35:00
567308,575.46,1110,7,16422,2011-09-19 13:35:00
567309,1519.8,1788,1,12901,2011-09-19 13:39:00
567310,52.83,33,13,15504,2011-09-19 13:45:00
567311,313.28000000000003,220,8,13777,2011-09-19 13:45:00
567312,406.02,154,18,15500,2011-09-19 13:47:00
567313,98.30000000000001,42,5,15675,2011-09-19 13:48:00
567323,288.36,147,20,17557,2011-09-19 14:23:00
567324,367.2,144,3,12879,2011-09-19 14:27:00
567325,358.0,200,2,13228,2011-09-19 14:28:00
567326,293.54,78,17,14290,2011-09-19 14:38:00
567327,331.14,159,17,13102,2011-09-19 14:43:00
567328,345.03000000000003,129,20,14356,2011-09-19 14:43:00
567329,275.0,48,11,13416,2011-09-19 14:43:00
567333,301.3,328,17,14282,2011-09-19 14:55:00
567334,648.48,166,24,14911,2011-09-19 14:55:00
567336,662.9000000000001,234,10,12621,2011-09-19 14:56:00
567338,310.95,325,22,14146,2011-09-19 15:00:00
567339,751.16,641,50,14146,2011-09-19 15:01:00
567340,971.65,565,36,12540,2011-09-19 15:02:00
567341,982.0,582,43,14961,2011-09-19 15:04:00
567342,10.0,1,1,16235,2011-09-19 15:04:00
567343,75.75,79,5,17628,2011-09-19 15:21:00
567344,92.28,132,8,13704,2011-09-19 15:49:00
567346,1004.4000000000001,444,9,13767,2011-09-19 15:53:00
567354,179.0,100,1,18017,2011-09-19 16:15:00
567356,228.06,106,14,16527,2011-09-19 16:21:00
567362,79.6,8,1,17848,2011-09-19 16:49:00
567368,376.19,172,19,17147,2011-09-20 08:23:00
567369,181.6,233,14,17527,2011-09-20 09:06:00
567370,301.56,272,12,14236,2011-09-20 09:13:00
567372,267.03,187,16,14191,2011-09-20 09:24:00
567373,327.67,313,18,16700,2011-09-20 09:31:00
567374,2020.52,812,17,15341,2011-09-20 09:40:00
567375,519.53,215,21,14766,2011-09-20 09:45:00
567376,1004.4000000000001,444,9,13767,2011-09-20 09:54:00
567377,957.9000000000001,186,1,17450,2011-09-20 09:55:00
567378,948.47,615,58,14911,2011-09-20 10:01:00
567379,761.44,496,11,13089,2011-09-20 10:02:00
567380,377.66,306,24,12620,2011-09-20 10:06:00
567381,22104.8,6760,12,17450,2011-09-20 10:12:00
567382,242.35,104,14,16215,2011-09-20 10:18:00
567383,301.15,109,13,18180,2011-09-20 10:21:00
567384,4418.0,1876,16,17450,2011-09-20 10:23:00
567385,5639.52,2472,22,14866,2011-09-20 10:27:00
567386,342.02,250,19,17863,2011-09-20 10:38:00
567387,3189.94,1232,7,17450,2011-09-20 10:38:00
567408,105.9,82,6,14201,2011-09-20 10:47:00
567423,31698.159999999996,12572,12,17450,2011-09-20 11:05:00
567424,488.99,299,48,16369,2011-09-20 11:16:00
567425,1004.4000000000001,444,9,13767,2011-09-20 11:32:00
567426,242.1,70,9,13767,2011-09-20 11:33:00
567428,849.92,342,44,14911,2011-09-20 11:35:00
567429,520.74,223,27,17686,2011-09-20 11:39:00
567453,1468.8,288,1,17450,2011-09-20 12:05:00
567454,491.18,306,29,15839,2011-09-20 12:12:00
567455,552.6,312,3,16029,2011-09-20 12:14:00
567456,703.0,420,6,16029,2011-09-20 12:16:00
567457,1273.77,833,28,14164,2011-09-20 12:18:00
567458,4563.84,2016,7,17450,2011-09-20 12:21:00
567459,471.88,467,34,14221,2011-09-20 12:21:00
567460,168.31,76,11,15888,2011-09-20 12:30:00
567462,371.52,362,88,14446,2011-09-20 12:35:00
567470,384.14,292,26,16624,2011-09-20 12:39:00
567472,270.54,108,24,15039,2011-09-20 12:47:00
567473,458.79,165,63,17841,2011-09-20 12:50:00
567474,1061.11,476,86,13448,2011-09-20 12:53:00
567475,242.16,164,51,16360,2011-09-20 13:11:00
567476,630.26,254,32,14859,2011-09-20 13:19:00
567477,702.75,402,56,16327,2011-09-20 13:20:00
567478,279.8,48,15,12584,2011-09-20 13:21:00
567480,3200.0,1000,2,17450,2011-09-20 13:38:00
567481,49.1,14,11,16777,2011-09-20 13:41:00
567482,603.0,372,82,16464,2011-09-20 13:42:00
567483,324.14,158,14,16584,2011-09-20 13:45:00
567484,790.73,233,28,17340,2011-09-20 13:52:00
567485,238.22,204,35,15026,2011-09-20 13:52:00
567486,25.200000000000003,12,1,17340,2011-09-20 13:53:00
567487,49.92,24,1,17340,2011-09-20 13:53:00
567488,119.12,30,16,17564,2011-09-20 14:00:00
567489,123.65,57,4,18135,2011-09-20 14:08:00
567504,768.24,325,42,13356,2011-09-20 14:33:00
567505,366.25,103,18,12352,2011-09-20 14:34:00
567506,316.70000000000005,80,6,13038,2011-09-20 14:37:00
567508,241.2,112,10,17724,2011-09-20 14:50:00
567509,752.42,730,29,14298,2011-09-20 14:51:00
567510,196.01999999999998,78,5,14298,2011-09-20 14:52:00
567511,228.96000000000004,216,2,13094,2011-09-20 14:57:00
567512,138.48,104,9,12720,2011-09-20 15:03:00
567513,305.5,106,6,14401,2011-09-20 15:05:00
567514,222.88,168,9,16928,2011-09-20 15:10:00
567515,351.9,72,6,16839,2011-09-20 15:29:00
567516,198.44,106,14,13138,2011-09-20 15:31:00
567517,209.16000000000003,100,9,14211,2011-09-20 15:49:00
567522,272.04,120,7,17873,2011-09-20 16:41:00
567523,223.07999999999998,124,10,17034,2011-09-21 08:27:00
567524,378.95,77,18,15696,2011-09-21 08:55:00
567525,109.56,36,3,18241,2011-09-21 08:56:00
567526,3850.9,1176,17,12435,2011-09-21 09:06:00
567528,356.2,148,13,14356,2011-09-21 09:18:00
567529,132.55,29,7,18236,2011-09-21 09:22:00
567530,549.84,353,32,12390,2011-09-21 09:33:00
567531,53.120000000000005,32,2,14397,2011-09-21 09:37:00
567533,652.85,408,37,17651,2011-09-21 09:45:00
567537,353.58,230,5,16656,2011-09-21 09:54:00
567542,315.09999999999997,254,14,16626,2011-09-21 10:16:00
567545,313.3,183,16,13155,2011-09-21 10:27:00
567546,300.12,240,5,16525,2011-09-21 10:39:00
567552,540.8,277,22,12583,2011-09-21 10:40:00
567578,460.63,432,32,12701,2011-09-21 10:47:00
567579,420.39,141,20,18228,2011-09-21 10:48:00
567580,569.34,458,22,16493,2011-09-21 11:10:00
567610,4463.08,2612,42,17511,2011-09-21 11:30:00
567611,97.83,39,5,16076,2011-09-21 11:40:00
567612,745.84,442,44,17164,2011-09-21 11:48:00
567613,907.94,559,46,13908,2011-09-21 11:49:00
567614,256.74,168,10,16103,2011-09-21 11:55:00
567615,683.58,487,21,13316,2011-09-21 12:14:00
567616,381.22,94,11,14911,2011-09-21 12:23:00
567617,324.74,198,11,15140,2011-09-21 12:25:00
567618,342.90000000000003,417,24,12721,2011-09-21 12:26:00
567619,189.4,125,13,15203,2011-09-21 12:28:00
567621,108.92,44,11,16016,2011-09-21 12:46:00
567622,186.26,55,19,14527,2011-09-21 12:46:00
567623,507.84,114,14,17415,2011-09-21 12:50:00
567625,307.18,235,21,13627,2011-09-21 12:55:00
567626,597.45,279,14,15311,2011-09-21 12:56:00
567628,738.58,646,19,14060,2011-09-21 13:01:00
567630,183.57999999999998,96,12,15737,2011-09-21 13:24:00
567631,646.57,155,32,13350,2011-09-21 13:33:00
567632,75.6,180,2,13946,2011-09-21 13:33:00
567633,346.32,144,2,12939,2011-09-21 13:34:00
567634,699.72,348,4,12939,2011-09-21 13:35:00
567635,686.48,416,28,16523,2011-09-21 13:41:00
567636,672.4000000000001,298,22,16358,2011-09-21 13:48:00
567637,498.62000000000006,262,17,17865,2011-09-21 13:57:00
567638,73.6,16,2,17865,2011-09-21 13:58:00
567639,1067.28,532,22,15290,2011-09-21 14:07:00
567640,75.68,64,6,12604,2011-09-21 14:08:00
567642,4.95,1,1,12409,2011-09-21 14:15:00
567644,37.949999999999996,23,1,16989,2011-09-21 14:17:00
567653,964.83,569,57,12550,2011-09-21 14:35:00
567654,322.8,162,20,16627,2011-09-21 14:38:00
567656,4936.65,1211,419,14096,2011-09-21 14:40:00
567657,124.38,63,8,12523,2011-09-21 14:43:00
567658,203.5,49,13,14428,2011-09-21 14:50:00
567659,194.37,178,14,17475,2011-09-21 14:55:00
567660,276.37,143,18,17731,2011-09-21 15:02:00
567661,256.6,157,52,13959,2011-09-21 15:06:00
567662,659.23,339,74,17758,2011-09-21 15:12:00
567663,311.69,311,20,14951,2011-09-21 15:15:00
567664,332.8,210,19,14780,2011-09-21 15:15:00
567666,588.41,340,31,12520,2011-09-21 15:23:00
567669,1862.0,1100,6,14887,2011-09-21 15:32:00
567672,294.61,150,48,16085,2011-09-21 15:39:00
567675,601.57,213,45,15351,2011-09-21 15:54:00
567676,197.29,249,15,15114,2011-09-21 15:54:00
567678,305.17,139,15,15399,2011-09-21 15:57:00
567679,106.39,42,18,14606,2011-09-21 16:15:00
567683,269.15999999999997,150,16,13704,2011-09-21 16:31:00
567687,58.599999999999994,20,6,17888,2011-09-21 16:43:00
567692,117.11999999999999,173,15,17997,2011-09-21 17:05:00
567697,416.14,307,26,16558,2011-09-22 08:41:00
567698,126.66000000000001,44,8,13529,2011-09-22 09:15:00
567699,460.41,133,23,17466,2011-09-22 09:16:00
567700,478.88,330,27,16379,2011-09-22 09:33:00
567701,317.76,480,15,17172,2011-09-22 09:36:00
567702,30.79,5,2,15810,2011-09-22 09:38:00
567707,480.04,268,9,14676,2011-09-22 09:52:00
567709,461.79,373,30,15239,2011-09-22 09:53:00
567710,159.0,48,6,16213,2011-09-22 10:03:00
567711,48.480000000000004,96,2,15603,2011-09-22 10:04:00
567718,491.56,364,22,17730,2011-09-22 10:26:00
567720,434.1,133,19,14911,2011-09-22 10:37:00
567721,4860.64,2408,44,12409,2011-09-22 10:38:00
567742,943.75,387,45,14261,2011-09-22 10:47:00
567747,389.76,48,1,18102,2011-09-22 10:48:00
567756,398.24,487,10,12678,2011-09-22 10:52:00
567768,235.04000000000002,113,8,15950,2011-09-22 11:17:00
567785,1074.0,600,6,18102,2011-09-22 11:28:00
567792,1015.2,432,32,17581,2011-09-22 11:40:00
567793,618.44,259,28,12657,2011-09-22 11:40:00
567794,820.78,474,26,17581,2011-09-22 11:41:00
567795,904.62,551,21,14646,2011-09-22 11:44:00
567796,304.96,303,45,16395,2011-09-22 11:46:00
567797,306.26,206,17,16735,2011-09-22 11:49:00
567798,886.63,331,28,13089,2011-09-22 12:00:00
567799,80.76,36,3,13089,2011-09-22 12:01:00
567800,51.0,4,1,13089,2011-09-22 12:01:00
567801,310.24,272,13,13089,2011-09-22 12:02:00
567802,406.35,260,23,14299,2011-09-22 12:06:00
567803,3877.56,768,6,18102,2011-09-22 12:11:00
567804,227.0,120,41,17920,2011-09-22 12:13:00
567805,505.88,204,32,12854,2011-09-22 12:15:00
567806,452.84,88,6,18102,2011-09-22 12:22:00
567807,219.93,128,20,17027,2011-09-22 12:23:00
567808,12.4,4,2,17027,2011-09-22 12:24:00
567809,709.5699999999999,356,34,13804,2011-09-22 12:29:00
567816,248.70000000000002,84,21,17243,2011-09-22 12:34:00
567817,165.14000000000001,75,23,15005,2011-09-22 12:41:00
567818,658.0600000000001,315,73,14395,2011-09-22 12:41:00
567819,566.23,497,22,14004,2011-09-22 12:42:00
567821,426.43,207,45,14659,2011-09-22 12:45:00
567822,507.04,454,24,17644,2011-09-22 12:54:00
567823,563.28,456,21,12910,2011-09-22 12:55:00
567824,37.5,1,1,12739,2011-09-22 13:00:00
567826,101.14,117,13,12877,2011-09-22 13:05:00
567846,302.8,140,17,13486,2011-09-22 13:13:00
567849,202.35,77,15,15571,2011-09-22 13:15:00
567850,538.6899999999999,347,34,15067,2011-09-22 13:18:00
567851,358.02,272,13,15067,2011-09-22 13:20:00
567852,4117.400000000001,784,13,18102,2011-09-22 13:21:00
567853,1632.62,1476,110,15484,2011-09-22 13:31:00
567854,473.96,264,27,14038,2011-09-22 13:37:00
567855,92.8,64,4,13220,2011-09-22 13:38:00
567856,56.3,48,6,14077,2011-09-22 13:44:00
567858,112.25,70,26,16813,2011-09-22 13:50:00
567859,798.46,434,33,12936,2011-09-22 13:51:00
567860,295.96000000000004,60,8,18102,2011-09-22 13:53:00
567864,432.2,184,20,16236,2011-09-22 14:10:00
567865,828.39,595,31,17311,2011-09-22 14:11:00
567866,724.94,480,75,16669,2011-09-22 14:13:00
567868,394.72,74,11,17603,2011-09-22 14:18:00
567869,0.4,5,1,16669,2011-09-22 14:18:00
567873,795.75,606,50,13055,2011-09-22 14:25:00
567874,73.8,36,4,13055,2011-09-22 14:26:00
567875,275.4,171,32,16348,2011-09-22 14:29:00
567878,290.52,179,87,16910,2011-09-22 14:42:00
567879,534.28,296,29,16161,2011-09-22 14:53:00
567880,634.85,375,35,15398,2011-09-22 14:56:00
567881,524.26,278,28,15640,2011-09-22 14:59:00
567882,1546.8600000000001,956,28,12906,2011-09-22 15:03:00
567883,389.73,207,19,12906,2011-09-22 15:03:00
567886,194.24,144,11,12930,2011-09-22 15:18:00
567887,235.07,185,16,15237,2011-09-22 15:28:00
567888,118.80000000000001,24,2,17079,2011-09-22 15:34:00
567889,340.74,134,17,16633,2011-09-22 15:39:00
567890,1295.43,972,84,14125,2011-09-22 15:40:00
567892,417.7,226,17,15394,2011-09-22 15:51:00
567893,123.10000000000001,26,3,17163,2011-09-22 15:54:00
567894,408.53999999999996,162,7,16389,2011-09-22 15:54:00
567895,40.68,12,1,13777,2011-09-22 15:57:00
567897,79.8,181,2,12364,2011-09-22 16:07:00
567898,302.74,280,23,13394,2011-09-22 16:20:00
567899,809.82,670,52,14911,2011-09-22 16:26:00
567900,10.5,5,1,14911,2011-09-22 16:27:00
567904,326.12,130,17,12609,2011-09-22 16:34:00
567905,731.54,408,41,12952,2011-09-22 16:37:00
567906,492.88000000000005,224,7,14113,2011-09-22 16:46:00
567907,336.16,150,10,18172,2011-09-22 16:48:00
567908,75.60000000000001,36,3,18172,2011-09-22 16:48:00
567909,178.53,91,10,13012,2011-09-22 16:53:00
567910,222.6,173,10,12437,2011-09-22 16:58:00
567911,458.2,391,17,14854,2011-09-22 17:00:00
567912,353.2,536,85,15555,2011-09-22 17:07:00
567913,176.20000000000002,47,4,18144,2011-09-22 17:08:00
567914,158.85,64,3,12647,2011-09-22 17:14:00
567915,440.42,285,29,12579,2011-09-22 17:15:00
567917,1364.61,2235,42,14298,2011-09-22 17:19:00
567922,137.75,73,9,13279,2011-09-22 17:24:00
567924,223.26,139,8,12471,2011-09-22 17:25:00
567928,626.01,290,28,12380,2011-09-22 17:31:00
567929,777.2,496,36,12425,2011-09-22 17:31:00
567934,109.2,32,4,16173,2011-09-22 17:56:00
567935,551.05,299,35,13320,2011-09-22 18:07:00
567936,713.3199999999999,444,15,15194,2011-09-22 18:10:00
567937,300.6,68,3,14147,2011-09-22 18:10:00
567938,245.55,138,15,12704,2011-09-22 18:14:00
567939,301.71999999999997,642,19,16715,2011-09-22 18:15:00
567941,122.75,23,8,13519,2011-09-22 18:24:00
567942,142.27,51,10,15804,2011-09-22 19:03:00
567943,216.09,63,17,14702,2011-09-22 19:33:00
567944,357.45,96,24,14562,2011-09-22 19:54:00
567951,17.34,6,1,17069,2011-09-23 08:25:00
567954,340.21,426,30,13004,2011-09-23 08:30:00
567957,143.34,114,7,16136,2011-09-23 09:00:00
567958,473.11999999999995,426,13,12619,2011-09-23 09:00:00
567959,728.86,530,13,12516,2011-09-23 09:13:00
567960,307.3,142,8,13777,2011-09-23 09:14:00
567962,3187.12,1768,17,15838,2011-09-23 09:19:00
567966,161.95000000000002,53,10,16782,2011-09-23 09:26:00
567967,153.9,177,27,15858,2011-09-23 09:39:00
567968,760.2,475,45,12546,2011-09-23 09:44:00
567969,34.8,120,3,15744,2011-09-23 09:52:00
567970,134.17,199,10,18041,2011-09-23 10:02:00
567971,417.5,309,9,16681,2011-09-23 10:04:00
567972,371.36,318,24,13949,2011-09-23 10:14:00
567973,361.07,179,21,13994,2011-09-23 10:17:00
567975,584.3199999999999,320,28,17416,2011-09-23 10:25:00
567976,259.17,127,15,13127,2011-09-23 10:26:00
567977,306.53000000000003,289,2,17388,2011-09-23 10:31:00
567979,245.64,258,18,14215,2011-09-23 10:44:00
567980,157.14,59,32,15311,2011-09-23 11:22:00
567983,132.48000000000002,66,5,15714,2011-09-23 11:25:00
568001,277.48,97,7,12540,2011-09-23 11:35:00
568013,511.82,338,29,17480,2011-09-23 11:39:00
568040,790.54,479,38,12681,2011-09-23 12:09:00
568044,522.49,187,33,15763,2011-09-23 12:10:00
568046,193.64,85,53,18118,2011-09-23 12:16:00
568047,773.03,447,27,15075,2011-09-23 12:27:00
568048,1261.09,717,66,14911,2011-09-23 12:36:00
568049,456.42,224,81,17841,2011-09-23 12:38:00
568050,118.71,118,40,15901,2011-09-23 12:38:00
568051,457.14,214,28,18189,2011-09-23 12:40:00
568054,344.33,166,39,16978,2011-09-23 12:50:00
568056,842.62,461,38,12705,2011-09-23 12:55:00
568058,1181.68,736,42,18188,2011-09-23 12:58:00
568059,835.57,315,74,13097,2011-09-23 12:58:00
568060,727.22,407,127,14546,2011-09-23 13:11:00
568061,189.7,105,58,16910,2011-09-23 13:12:00
568062,505.18,1076,39,14014,2011-09-23 13:18:00
568063,391.68,234,20,15981,2011-09-23 13:24:00
568064,342.92,128,21,14880,2011-09-23 13:42:00
568065,1824.79,935,75,16240,2011-09-23 13:44:00
568066,202.9,102,73,14529,2011-09-23 13:48:00
568069,795.12,559,51,13336,2011-09-23 14:05:00
568070,717.36,424,37,16128,2011-09-23 14:17:00
568075,114.18,53,29,14652,2011-09-23 14:21:00
568082,1308.8200000000002,556,24,14944,2011-09-23 14:38:00
568083,310.32,336,14,15903,2011-09-23 14:38:00
568086,449.5,210,9,14944,2011-09-23 14:39:00
568094,635.6,380,40,15807,2011-09-23 14:43:00
568095,2241.81,1242,120,14911,2011-09-23 14:49:00
568098,315.31,147,22,15762,2011-09-23 15:17:00
568099,118.9,26,9,15916,2011-09-23 15:18:00
568100,454.10999999999996,319,29,15475,2011-09-23 15:20:00
568101,1098.78,888,49,15978,2011-09-23 15:21:00
568103,524.9,295,33,12518,2011-09-23 15:45:00
568104,363.65,235,41,16485,2011-09-23 15:50:00
568131,215.34000000000003,146,3,16872,2011-09-23 16:05:00
568132,61.58,38,11,15549,2011-09-23 16:22:00
568136,438.32,298,6,13630,2011-09-25 10:30:00
568137,553.39,169,21,12488,2011-09-25 10:34:00
568139,192.39,143,14,13083,2011-09-25 10:46:00
568140,283.86,114,16,17411,2011-09-25 10:48:00
568141,182.44,78,37,16326,2011-09-25 11:21:00
568142,221.07,91,30,16744,2011-09-25 11:22:00
568143,305.77,373,17,13266,2011-09-25 11:28:00
568144,281.12,228,16,14005,2011-09-25 11:29:00
568145,825.9200000000001,478,22,12388,2011-09-25 11:30:00
568146,587.46,410,26,16169,2011-09-25 11:33:00
568147,347.85,83,19,15044,2011-09-25 11:34:00
568148,324.0,80,5,14135,2011-09-25 11:36:00
568149,1247.53,293,16,14285,2011-09-25 11:38:00
568150,128.44,64,3,16689,2011-09-25 11:39:00
568151,302.2,139,14,17506,2011-09-25 11:39:00
568152,769.29,455,51,16480,2011-09-25 11:40:00
568153,487.2,272,16,17716,2011-09-25 12:02:00
568154,202.64000000000001,281,17,13787,2011-09-25 12:06:00
568155,280.76,100,13,17006,2011-09-25 12:15:00
568156,506.39000000000004,223,37,14367,2011-09-25 12:16:00
568158,1146.8,510,24,16133,2011-09-25 12:22:00
568159,309.31,89,15,17719,2011-09-25 12:22:00
568160,272.22,394,17,17498,2011-09-25 12:25:00
568161,96.01,37,18,15860,2011-09-25 12:31:00
568162,863.2,366,37,14194,2011-09-25 12:32:00
568163,442.03,178,42,14540,2011-09-25 12:34:00
568164,513.77,639,33,14561,2011-09-25 12:39:00
568165,789.77,264,37,17131,2011-09-25 12:42:00
568166,107.06,179,22,14800,2011-09-25 12:45:00
568167,428.71,129,23,15706,2011-09-25 12:45:00
568168,402.90000000000003,416,58,15799,2011-09-25 12:46:00
568169,306.78000000000003,342,20,14152,2011-09-25 12:54:00
568170,256.64,161,35,16931,2011-09-25 13:08:00
568171,130.05,106,9,15312,2011-09-25 13:10:00
568172,310.0,217,3,12348,2011-09-25 13:13:00
568173,886.49,644,34,16187,2011-09-25 13:16:00
568174,134.15,43,23,16261,2011-09-25 13:23:00
568175,102.42,58,7,14820,2011-09-25 13:24:00
568176,222.60000000000002,112,14,12685,2011-09-25 13:25:00
568177,455.17,319,25,13536,2011-09-25 13:30:00
568178,105.06,70,6,18155,2011-09-25 13:32:00
568179,372.24,177,16,12545,2011-09-25 13:39:00
568180,243.06,309,44,15429,2011-09-25 13:42:00
568181,329.34,490,23,17154,2011-09-25 13:42:00
568182,112.9,22,2,13079,2011-09-25 13:47:00
568183,210.85,263,29,13991,2011-09-25 13:47:00
568185,181.09,64,53,16594,2011-09-25 14:08:00
568186,158.04,61,26,17837,2011-09-25 14:08:00
568187,974.14,504,18,13408,2011-09-25 14:32:00
568188,484.11,316,104,16049,2011-09-25 14:33:00
568189,420.5,160,19,14757,2011-09-25 14:36:00
568190,38.7,12,2,16342,2011-09-25 14:36:00
568191,1039.01,766,87,16655,2011-09-25 14:37:00
568192,342.0,118,7,14235,2011-09-25 14:37:00
568193,2166.21,1089,97,17107,2011-09-25 14:37:00
568194,191.56,123,11,16008,2011-09-25 14:38:00
568195,40.0,32,1,13408,2011-09-25 14:41:00
568196,322.94,248,14,16705,2011-09-25 14:44:00
568197,503.6,800,30,16746,2011-09-25 14:52:00
568198,446.56,356,63,16771,2011-09-25 14:52:00
568199,266.55,65,7,17315,2011-09-25 14:53:00
568200,400.68100000000004,129,15,16198,2011-09-25 14:58:00
568201,305.75,93,13,14712,2011-09-25 14:58:00
568202,496.97,560,36,15366,2011-09-25 15:01:00
568203,884.9,303,17,13435,2011-09-25 15:15:00
568204,349.7,282,25,13670,2011-09-25 15:25:00
568205,318.0,108,10,18066,2011-09-25 15:30:00
568206,193.39000000000001,330,11,14806,2011-09-25 15:32:00
568207,760.97,557,47,15150,2011-09-25 15:34:00
568208,339.02,176,18,12783,2011-09-25 15:35:00
568209,234.6,132,5,13089,2011-09-25 15:43:00
568210,398.22,241,25,17159,2011-09-25 15:56:00
568211,330.6,620,24,13429,2011-09-25 15:59:00
568212,254.28,89,66,15154,2011-09-25 16:05:00
568213,305.12,184,18,15214,2011-09-25 16:06:00
568214,535.5,70,1,12823,2011-09-26 07:35:00
568215,544.08,224,13,13390,2011-09-26 08:38:00
568216,163.02,86,8,16168,2011-09-26 09:28:00
568218,322.26,204,20,13389,2011-09-26 09:52:00
568219,116.12,88,7,13468,2011-09-26 09:59:00
568220,393.92,454,29,15626,2011-09-26 10:03:00
568221,418.22,224,22,14911,2011-09-26 10:05:00
568222,185.85,117,11,16603,2011-09-26 10:06:00
568223,336.14,230,16,12412,2011-09-26 10:16:00
568224,123.97,69,20,17377,2011-09-26 10:22:00
568225,399.15,100,15,13014,2011-09-26 10:35:00
568226,199.87,205,20,16719,2011-09-26 10:39:00
568227,182.99,203,46,17841,2011-09-26 10:57:00
568228,524.61,503,36,15358,2011-09-26 11:02:00
568229,164.58,60,10,15358,2011-09-26 11:04:00
568230,368.31,258,23,12925,2011-09-26 11:05:00
568231,350.59,424,17,14808,2011-09-26 11:19:00
568234,223.92,166,16,17705,2011-09-26 11:38:00
568235,183.62,106,8,13410,2011-09-26 11:39:00
568236,217.77,217,14,12820,2011-09-26 11:49:00
568238,348.99,214,21,13927,2011-09-26 12:00:00
568239,225.76,76,15,18205,2011-09-26 12:02:00
568241,780.56,370,14,15218,2011-09-26 12:10:00
568242,261.65,181,17,14931,2011-09-26 12:11:00
568243,93.87,25,7,14217,2011-09-26 12:12:00
568245,443.79,285,29,13867,2011-09-26 12:23:00
568301,334.3,169,41,16383,2011-09-26 12:45:00
568310,737.92,256,37,14911,2011-09-26 12:48:00
568311,177.89,121,28,17287,2011-09-26 12:53:00
568312,184.78,88,9,18241,2011-09-26 12:54:00
568313,277.8,132,9,14908,2011-09-26 12:56:00
568314,488.98,222,42,14387,2011-09-26 12:58:00
568315,57.480000000000004,18,3,16705,2011-09-26 13:17:00
568316,265.14,132,26,16407,2011-09-26 13:21:00
568317,305.51,89,10,17491,2011-09-26 13:25:00
568318,300.88,600,26,13233,2011-09-26 13:25:00
568319,4091.46,1038,19,17389,2011-09-26 13:35:00
568320,250.38,323,16,17674,2011-09-26 13:35:00
568321,1033.34,800,39,13639,2011-09-26 13:36:00
568322,104.35,33,7,15958,2011-09-26 13:41:00
568323,304.36,136,13,15078,2011-09-26 13:45:00
568324,152.76,128,11,16778,2011-09-26 13:48:00
568325,1064.34,563,47,14667,2011-09-26 13:57:00
568326,307.69,161,21,13200,2011-09-26 14:00:00
568327,487.74,327,28,15492,2011-09-26 14:02:00
568328,624.55,481,48,18016,2011-09-26 14:06:00
568329,316.68,185,22,15243,2011-09-26 14:12:00
568330,74.9,31,2,16468,2011-09-26 14:13:00
568331,115.74,202,10,16600,2011-09-26 14:25:00
568332,461.40000000000003,240,5,13434,2011-09-26 14:30:00
568333,308.69,91,17,15344,2011-09-26 14:48:00
568340,145.67000000000002,57,7,13866,2011-09-26 14:54:00
568342,149.34000000000003,78,6,14473,2011-09-26 15:10:00
568343,418.82,382,6,16839,2011-09-26 15:13:00
568344,204.89999999999998,210,12,16531,2011-09-26 15:23:00
568346,3671.44,937,333,14096,2011-09-26 15:28:00
568350,704.0400000000001,262,19,12612,2011-09-26 15:35:00
568364,245.83,141,17,16999,2011-09-26 15:43:00
568366,164.3,34,3,14217,2011-09-26 15:47:00
568367,600.99,402,39,15755,2011-09-26 15:51:00
568368,133.59,65,7,17997,2011-09-26 16:13:00
568369,249.7,213,37,16710,2011-09-26 16:15:00
568374,31.6,40,2,12748,2011-09-26 16:59:00
568375,15.001,2,1,13405,2011-09-26 17:01:00
568376,1592.1200000000001,690,20,14031,2011-09-26 17:20:00
568378,588.88,432,15,13035,2011-09-27 08:57:00
568379,182.3,178,8,16626,2011-09-27 09:05:00
568380,42.5,50,1,18008,2011-09-27 09:18:00
568381,329.94,522,26,14321,2011-09-27 09:24:00
568382,150.06,186,7,13499,2011-09-27 09:33:00
568383,152.20000000000002,40,4,13514,2011-09-27 09:39:00
568387,422.32,340,22,13704,2011-09-27 10:04:00
568389,164.28,76,4,12971,2011-09-27 10:06:00
568390,132.68,58,10,17811,2011-09-27 10:08:00
568391,1101.2,208,2,17788,2011-09-27 10:09:00
568392,305.87,512,25,14272,2011-09-27 10:08:00
568393,211.62,110,13,15754,2011-09-27 10:12:00
568394,499.62,356,40,13314,2011-09-27 10:20:00
568396,68.0,8,1,16462,2011-09-27 10:24:00
568397,304.90000000000003,116,18,15745,2011-09-27 10:24:00
568398,36.650000000000006,8,3,14543,2011-09-27 10:26:00
568399,341.62,342,21,16145,2011-09-27 10:26:00
568400,547.52,444,34,13644,2011-09-27 10:27:00
568402,180.95,277,14,16629,2011-09-27 10:34:00
568409,111.07,29,8,15701,2011-09-27 10:41:00
568413,248.17000000000002,122,23,14818,2011-09-27 11:01:00
568414,142.38,56,3,14901,2011-09-27 11:05:00
568415,29.700000000000003,6,1,15150,2011-09-27 11:06:00
568417,776.3000000000001,202,17,14911,2011-09-27 11:10:00
568423,573.4,118,20,17061,2011-09-27 11:24:00
568428,233.65,120,41,14419,2011-09-27 11:27:00
568458,261.55,77,11,13384,2011-09-27 11:34:00
568460,90.0,24,3,13384,2011-09-27 11:35:00
568469,204.15,81,7,14141,2011-09-27 11:38:00
568471,512.31,478,10,17805,2011-09-27 11:49:00
568472,417.2,210,23,12517,2011-09-27 11:50:00
568480,396.2,118,14,17490,2011-09-27 11:52:00
568485,566.56,1264,6,17511,2011-09-27 11:53:00
568491,369.54,194,47,15443,2011-09-27 11:58:00
568492,173.9,66,9,18278,2011-09-27 11:58:00
568493,254.4,111,14,12987,2011-09-27 12:03:00
568494,100.77,45,10,16266,2011-09-27 12:08:00
568495,304.3,128,16,14755,2011-09-27 12:08:00
568505,626.52,380,12,15311,2011-09-27 12:17:00
568509,504.96,480,4,16422,2011-09-27 12:26:00
568510,1693.7,1321,58,13555,2011-09-27 12:26:00
568511,109.2,168,1,16422,2011-09-27 12:26:00
568512,1032.4,536,5,14101,2011-09-27 12:28:00
568513,815.13,447,22,13555,2011-09-27 12:36:00
568515,205.20000000000002,232,10,14466,2011-09-27 12:44:00
568517,383.27,365,121,14456,2011-09-27 12:52:00
568518,189.2,65,10,12680,2011-09-27 12:53:00
568519,314.36,266,20,16607,2011-09-27 12:57:00
568526,614.64,908,35,17656,2011-09-27 13:04:00
568527,765.0,539,34,13178,2011-09-27 13:21:00
568528,869.87,639,54,13979,2011-09-27 13:32:00
568529,305.54,152,11,16181,2011-09-27 13:38:00
568530,362.8,124,9,17591,2011-09-27 13:42:00
568531,617.95,662,98,16713,2011-09-27 13:49:00
568533,1031.28,614,10,15061,2011-09-27 13:56:00
568535,66.66,46,4,15241,2011-09-27 14:00:00
568536,291.23999999999995,266,7,15061,2011-09-27 14:01:00
568537,1001.4,274,6,15061,2011-09-27 14:04:00
568538,1668.84,717,9,15061,2011-09-27 14:07:00
568539,352.15999999999997,206,18,13016,2011-09-27 14:07:00
568540,12.48,6,1,13016,2011-09-27 14:08:00
568541,321.54,62,3,14047,2011-09-27 14:08:00
568542,93.07000000000001,30,17,16750,2011-09-27 14:31:00
568547,228.31,169,20,15568,2011-09-27 14:37:00
568549,144.35,69,8,13950,2011-09-27 14:52:00
568550,29.3,20,2,14883,2011-09-27 14:58:00
568551,184.20999999999998,250,15,14883,2011-09-27 14:58:00
568552,313.6,132,5,14824,2011-09-27 15:16:00
568553,1066.94,649,54,15674,2011-09-27 15:17:00
568554,290.5,323,19,12455,2011-09-27 15:31:00
568555,134.16000000000003,216,2,16122,2011-09-27 15:34:00
568556,237.93,133,16,15827,2011-09-27 15:35:00
568558,366.1,144,38,16354,2011-09-27 16:28:00
568564,226.5,97,22,17576,2011-09-27 17:03:00
568566,213.35,86,32,17609,2011-09-27 17:47:00
568568,462.45,666,28,14412,2011-09-28 08:48:00
568569,585.0,300,2,17857,2011-09-28 09:02:00
568574,308.4,264,21,13862,2011-09-28 09:15:00
568576,815.04,700,18,17017,2011-09-28 09:40:00
568577,273.1,102,15,15301,2011-09-28 09:41:00
568578,445.69,201,20,15301,2011-09-28 09:43:00
568583,138.03,75,19,15584,2011-09-28 10:09:00
568585,110.12,130,8,17370,2011-09-28 10:14:00
568586,309.48,172,11,16119,2011-09-28 10:15:00
568588,144.2,88,9,14109,2011-09-28 10:18:00
568589,489.70000000000005,228,27,17405,2011-09-28 10:27:00
568590,308.56,486,25,13126,2011-09-28 10:29:00
568591,352.62,222,22,17088,2011-09-28 10:39:00
568592,441.8,172,18,17469,2011-09-28 10:42:00
568593,1261.81,1076,68,13988,2011-09-28 10:54:00
568594,315.94,72,9,13397,2011-09-28 10:56:00
568595,20.16,48,1,16681,2011-09-28 11:11:00
568614,367.16,208,24,13515,2011-09-28 11:26:00
568645,644.75,268,29,12656,2011-09-28 11:38:00
568647,168.32,44,6,16157,2011-09-28 11:48:00
568648,415.5,130,4,16672,2011-09-28 11:49:00
568650,1810.51,1225,92,13505,2011-09-28 11:56:00
568651,829.99,267,40,12362,2011-09-28 12:04:00
568652,307.32,228,8,15841,2011-09-28 12:15:00
568653,522.48,784,4,13798,2011-09-28 12:16:00
568654,1297.8500000000001,549,68,14911,2011-09-28 12:20:00
568655,292.47,167,20,17611,2011-09-28 12:20:00
568656,141.62,70,4,14911,2011-09-28 12:21:00
568657,249.76999999999998,188,86,16460,2011-09-28 12:22:00
568658,312.92,116,8,18242,2011-09-28 12:25:00
568659,474.41,264,31,13516,2011-09-28 12:28:00
568660,282.69,149,15,15134,2011-09-28 12:33:00
568661,311.37,85,21,18109,2011-09-28 12:34:00
568662,190.59,74,47,16764,2011-09-28 12:36:00
568663,373.02000000000004,108,11,14440,2011-09-28 12:46:00
568665,282.09,273,19,13018,2011-09-28 12:52:00
568666,115.2,720,1,14609,2011-09-28 12:54:00
568667,109.96000000000001,44,32,14606,2011-09-28 13:00:00
568668,507.29,212,74,15750,2011-09-28 13:00:00
568669,338.06,139,15,13488,2011-09-28 13:04:00
568670,394.14,108,38,14978,2011-09-28 13:07:00
568671,1873.62,1073,73,13139,2011-09-28 13:13:00
568672,158.04,84,9,15348,2011-09-28 13:17:00
568673,1773.65,991,11,16182,2011-09-28 13:23:00
568674,367.37,165,20,12708,2011-09-28 13:30:00
568675,741.9,540,23,14298,2011-09-28 13:32:00
568676,1225.49,493,44,18242,2011-09-28 13:43:00
568680,312.96,87,17,18265,2011-09-28 14:10:00
568685,308.76,612,11,16394,2011-09-28 14:21:00
568686,361.34,214,53,16115,2011-09-28 14:26:00
568687,75.0,36,2,16321,2011-09-28 14:26:00
568688,157.66,128,10,16458,2011-09-28 14:38:00
568690,466.12,278,40,16332,2011-09-28 14:43:00
568692,214.92000000000002,192,15,13901,2011-09-28 14:48:00
568695,75.0,36,2,16321,2011-09-28 14:55:00
568696,638.66,404,41,13842,2011-09-28 14:56:00
568697,2062.06,934,17,16281,2011-09-28 14:57:00
568698,530.77,334,27,14911,2011-09-28 14:57:00
568699,266.25,52,14,12352,2011-09-28 14:58:00
568700,139.07999999999998,92,7,16690,2011-09-28 15:02:00
568701,679.03,437,39,13924,2011-09-28 15:07:00
568702,219.03,180,30,17950,2011-09-28 15:18:00
568703,1310.22,1814,140,12748,2011-09-28 15:21:00
568704,308.32,232,2,13321,2011-09-28 15:24:00
568705,310.8,92,3,14434,2011-09-28 15:31:00
568706,329.75,59,17,14911,2011-09-28 15:32:00
568707,50.4,16,3,14911,2011-09-28 15:33:00
568708,521.5,294,24,12393,2011-09-28 15:41:00
568709,217.07,173,65,15036,2011-09-28 15:42:00
568710,313.06,308,53,14649,2011-09-28 15:42:00
568711,112.32,61,4,14947,2011-09-28 15:48:00
568712,713.05,294,122,17841,2011-09-28 15:50:00
568713,248.61,107,10,13061,2011-09-28 16:04:00
568715,171.06,301,37,17783,2011-09-28 16:07:00
568717,2748.0,600,2,18102,2011-09-28 16:17:00
568718,91.6,20,1,18102,2011-09-28 16:17:00
568726,183.53,68,19,16775,2011-09-28 16:35:00
568727,311.99,113,13,15796,2011-09-28 16:38:00
568728,513.2,254,6,17513,2011-09-28 16:42:00
568729,379.14,436,18,16909,2011-09-28 16:45:00
568780,1046.68,872,51,18235,2011-09-29 08:27:00
568781,2505.84,1000,16,14952,2011-09-29 08:28:00
568782,1018.22,494,46,13985,2011-09-29 08:53:00
568783,542.16,120,8,17739,2011-09-29 09:03:00
568784,141.6,20,2,15144,2011-09-29 09:15:00
568785,110.83999999999999,80,5,16929,2011-09-29 09:16:00
568786,303.2,128,10,15144,2011-09-29 09:16:00
568787,305.3,75,14,13741,2011-09-29 09:19:00
568788,123.06,50,33,17894,2011-09-29 09:23:00
568789,70.8,10,1,14522,2011-09-29 09:37:00
568790,424.8,60,1,14062,2011-09-29 09:44:00
568791,518.42,372,24,16650,2011-09-29 09:51:00
568792,957.97,339,45,18192,2011-09-29 09:53:00
568793,271.88,166,17,16011,2011-09-29 09:55:00
568794,372.48,350,28,17447,2011-09-29 10:10:00
568795,159.79,77,20,17870,2011-09-29 10:19:00
568797,2377.0,1340,12,13694,2011-09-29 10:22:00
568798,576.65,338,29,12615,2011-09-29 10:23:00
568800,337.70000000000005,182,15,14868,2011-09-29 10:45:00
568801,303.68,204,14,14475,2011-09-29 10:46:00
568802,421.90000000000003,196,19,14834,2011-09-29 10:49:00
568803,365.52000000000004,216,4,15030,2011-09-29 10:50:00
568804,236.39999999999998,40,2,17819,2011-09-29 10:52:00
568805,234.0,133,13,12826,2011-09-29 10:55:00
568819,100.8,34,2,17427,2011-09-29 11:29:00
568828,224.14,454,23,15175,2011-09-29 11:31:00
568829,355.89,223,20,17633,2011-09-29 11:33:00
568831,403.26,211,39,16059,2011-09-29 11:35:00
568833,500.46,704,50,17348,2011-09-29 11:39:00
568868,872.23,441,48,12957,2011-09-29 12:00:00
568869,53.2,24,4,12957,2011-09-29 12:01:00
568870,296.46,285,5,17930,2011-09-29 12:11:00
568872,383.12,202,13,12372,2011-09-29 12:12:00
568873,334.5,201,12,14188,2011-09-29 12:15:00
568874,191.11,28,13,14524,2011-09-29 12:16:00
568875,160.7,35,18,14527,2011-09-29 12:23:00
568876,325.5,112,10,13881,2011-09-29 12:24:00
568877,2163.95,891,18,14680,2011-09-29 12:31:00
568878,411.55,120,28,14524,2011-09-29 12:34:00
568880,100.4,79,18,14524,2011-09-29 12:39:00
568881,128.1,40,4,13960,2011-09-29 12:39:00
568882,278.66,205,20,12839,2011-09-29 12:39:00
568883,376.64,176,18,18198,2011-09-29 12:43:00
568893,99.60000000000001,24,1,15712,2011-09-29 13:03:00
568894,779.36,494,82,17528,2011-09-29 13:04:00
568895,336.82,194,53,15356,2011-09-29 13:11:00
568896,334.94,206,43,16361,2011-09-29 13:13:00
568897,243.56,126,16,13886,2011-09-29 13:17:00
568898,743.53,604,51,13354,2011-09-29 13:17:00
568900,472.04,218,27,13647,2011-09-29 13:21:00
568901,1248.78,893,49,15050,2011-09-29 13:22:00
568902,216.85,248,17,13503,2011-09-29 13:23:00
568904,423.59000000000003,133,15,14691,2011-09-29 13:29:00
568905,70.8,10,1,14691,2011-09-29 13:30:00
568906,60.0,16,1,14681,2011-09-29 13:31:00
568907,525.79,187,23,15370,2011-09-29 13:35:00
568908,1117.86,709,67,16653,2011-09-29 13:38:00
568909,693.34,524,39,16818,2011-09-29 13:38:00
568910,451.44,416,28,16574,2011-09-29 13:39:00
568912,327.72,274,37,17528,2011-09-29 13:45:00
568913,30.0,24,1,15050,2011-09-29 13:45:00
568915,195.04,116,10,14948,2011-09-29 13:56:00
568916,166.07999999999998,86,9,15452,2011-09-29 14:08:00
568917,477.14,380,32,15955,2011-09-29 14:11:00
568918,25.200000000000003,12,1,15955,2011-09-29 14:12:00
568919,398.21,253,32,12937,2011-09-29 14:38:00
568921,146.22,90,11,17373,2011-09-29 14:40:00
568938,321.93,249,66,17220,2011-09-29 14:46:00
568943,506.18,874,5,17306,2011-09-29 14:50:00
568944,244.56,212,18,16589,2011-09-29 14:50:00
568945,338.5,100,14,14239,2011-09-29 14:52:00
568947,319.87,353,20,14696,2011-09-29 15:04:00
568950,505.48,236,19,12458,2011-09-29 15:25:00
568951,418.7,110,19,17724,2011-09-29 15:26:00
568952,810.51,507,42,14305,2011-09-29 15:29:00
568953,219.01999999999998,163,13,12728,2011-09-29 15:31:00
568954,502.44000000000005,176,8,13576,2011-09-29 15:32:00
568955,560.4100000000001,267,24,13759,2011-09-29 15:40:00
568966,45.0,12,1,14681,2011-09-29 15:52:00
568984,306.61,67,57,17813,2011-09-29 15:57:00
568987,824.83,321,23,12709,2011-09-29 15:58:00
568988,238.25,203,19,12718,2011-09-29 16:38:00
568989,311.3,160,14,14709,2011-09-29 16:41:00
568990,316.46,271,23,15933,2011-09-29 16:42:00
568991,616.48,283,57,18204,2011-09-29 16:44:00
568992,278.65,195,16,17218,2011-09-29 16:48:00
568993,173.82,222,12,15062,2011-09-29 16:51:00
568994,361.76,288,18,12598,2011-09-29 16:52:00
568995,891.5500000000001,411,21,16779,2011-09-29 16:53:00
568996,447.3,153,17,13131,2011-09-29 17:16:00
568997,210.18,84,13,16233,2011-09-29 17:27:00
568998,181.25,125,1,17905,2011-09-29 17:33:00
568999,237.04000000000002,168,12,15949,2011-09-29 17:34:00
569000,1045.48,1153,74,17015,2011-09-29 17:36:00
569001,283.55,164,21,12703,2011-09-29 17:52:00
569002,30.75,15,2,17572,2011-09-29 17:53:00
569003,134.95999999999998,71,10,13364,2011-09-29 18:13:00
569004,115.72,70,8,14409,2011-09-29 18:18:00
569005,493.76,465,36,16268,2011-09-29 18:30:00
569006,173.89,68,9,16268,2011-09-29 18:30:00
569007,615.39,565,35,17552,2011-09-29 18:51:00
569008,376.02,466,27,15114,2011-09-29 18:53:00
569009,243.2,146,3,15984,2011-09-29 19:30:00
569010,5867.08,2720,27,14156,2011-09-30 07:36:00
569011,400.61,239,13,14655,2011-09-30 08:14:00
569012,194.18,162,12,15187,2011-09-30 08:18:00
569013,303.0,84,3,15187,2011-09-30 08:19:00
569014,300.02,302,20,18053,2011-09-30 09:05:00
569015,258.46,154,16,13575,2011-09-30 09:20:00
569016,301.21999999999997,306,19,14916,2011-09-30 09:20:00
569017,281.94,177,17,13813,2011-09-30 09:22:00
569018,151.68,109,7,12676,2011-09-30 09:25:00
569019,402.24,428,16,15602,2011-09-30 09:38:00
569020,1238.54,554,48,15321,2011-09-30 09:39:00
569021,350.3,82,9,15321,2011-09-30 09:40:00
569022,333.96,172,16,17725,2011-09-30 09:45:00
569024,257.98,126,9,12822,2011-09-30 10:04:00
569025,356.75,108,23,18041,2011-09-30 10:08:00
569026,1290.7,757,76,16101,2011-09-30 10:18:00
569027,712.0600000000001,370,40,13089,2011-09-30 10:19:00
569028,272.15999999999997,386,19,14911,2011-09-30 10:20:00
569029,320.0,40,2,17450,2011-09-30 10:25:00
569030,2800.0,350,9,17450,2011-09-30 10:27:00
569033,6.0,1,1,15611,2011-09-30 10:40:00
569035,88.8,28,4,15565,2011-09-30 10:44:00
569036,317.90000000000003,268,19,18217,2011-09-30 10:44:00
569037,499.49,565,68,13263,2011-09-30 10:45:00
569046,1285.98,1286,61,14422,2011-09-30 10:48:00
569060,227.41,49,13,13954,2011-09-30 10:52:00
569077,38.08,184,4,13092,2011-09-30 11:18:00
569078,234.73000000000002,137,8,14688,2011-09-30 11:41:00
569079,185.77,87,12,14226,2011-09-30 11:45:00
569080,199.8,60,5,15593,2011-09-30 11:46:00
569081,44.349999999999994,145,6,13972,2011-09-30 11:54:00
569082,313.8,130,12,18229,2011-09-30 11:55:00
569084,2496.0,384,1,17949,2011-09-30 11:56:00
569085,1272.0,1200,1,17949,2011-09-30 11:57:00
569086,720.0,1000,1,17949,2011-09-30 11:58:00
569087,74.39999999999999,144,6,13095,2011-09-30 12:03:00
569089,576.13,342,70,13764,2011-09-30 12:03:00
569097,1192.5,710,26,12731,2011-09-30 12:06:00
569099,3.25,1,1,17961,2011-09-30 12:12:00
569100,381.87,192,21,12748,2011-09-30 12:19:00
569101,358.0,200,1,14164,2011-09-30 12:24:00
569103,312.2,165,13,16133,2011-09-30 12:30:00
569104,340.98,176,15,15287,2011-09-30 12:30:00
569105,454.33,364,49,16729,2011-09-30 12:35:00
569106,97.35,51,11,17376,2011-09-30 12:36:00
569108,669.6,288,2,16013,2011-09-30 12:40:00
569110,1025.78,396,46,17675,2011-09-30 12:44:00
569111,25.200000000000003,12,1,17675,2011-09-30 12:45:00
569120,327.23,175,14,12583,2011-09-30 12:58:00
569122,430.17,186,17,12694,2011-09-30 13:06:00
569123,1132.55,327,33,12748,2011-09-30 13:09:00
569124,361.21,387,23,15172,2011-09-30 13:15:00
569125,142.7,26,5,15611,2011-09-30 13:21:00
569126,341.36,205,8,13347,2011-09-30 13:28:00
569127,1568.4,600,12,15903,2011-09-30 13:31:00
569129,624.03,336,98,15034,2011-09-30 13:40:00
569130,116.3,19,4,14911,2011-09-30 13:46:00
569132,253.78,181,51,17757,2011-09-30 13:54:00
569133,310.62,666,21,15185,2011-09-30 14:06:00
569134,609.05,251,33,15411,2011-09-30 14:07:00
569136,441.93,284,77,15834,2011-09-30 14:41:00
569139,443.05,157,23,16404,2011-09-30 14:55:00
569140,687.38,560,45,14503,2011-09-30 14:59:00
569141,441.61,157,16,13021,2011-09-30 15:02:00
569142,25.200000000000003,12,1,13021,2011-09-30 15:03:00
569143,357.71,118,26,15867,2011-09-30 15:04:00
569144,139.45,111,9,17227,2011-09-30 15:14:00
569145,8.28,14,2,18008,2011-09-30 15:17:00
569147,808.26,390,20,12842,2011-09-30 15:33:00
569148,618.59,293,30,16613,2011-09-30 15:52:00
569203,262.6,68,2,16353,2011-10-02 10:32:00
569204,213.5,41,10,16591,2011-10-02 10:43:00
569205,649.61,400,39,16923,2011-10-02 10:55:00
569206,173.04,77,19,15038,2011-10-02 10:58:00
569207,159.97,86,16,17811,2011-10-02 11:04:00
569208,324.45,153,38,16693,2011-10-02 11:10:00
569209,189.9,302,3,16626,2011-10-02 11:30:00
569210,327.62,152,20,13681,2011-10-02 11:41:00
569211,270.8,87,25,15774,2011-10-02 12:04:00
569212,461.35,209,46,15164,2011-10-02 12:05:00
569213,142.51,31,17,13782,2011-10-02 12:11:00
569214,326.8,1976,9,14533,2011-10-02 12:22:00
569215,205.28,200,35,13571,2011-10-02 12:30:00
569216,261.12,287,63,15555,2011-10-02 12:41:00
569217,132.25,62,21,15579,2011-10-02 12:45:00
569218,249.44,110,31,15952,2011-10-02 12:47:00
569219,192.7,121,53,13558,2011-10-02 13:01:00
569220,750.04,596,157,16007,2011-10-02 13:26:00
569221,472.31,85,17,14970,2011-10-02 13:44:00
569222,590.49,217,54,15906,2011-10-02 13:46:00
569223,743.79,646,74,16283,2011-10-02 13:49:00
569224,245.09,147,67,15701,2011-10-02 14:00:00
569225,193.65,183,28,16930,2011-10-02 14:25:00
569226,11.8,4,2,16930,2011-10-02 14:31:00
569227,973.95,181,14,14051,2011-10-02 14:37:00
569228,462.09,280,65,15547,2011-10-02 14:47:00
569229,464.64,302,123,14502,2011-10-02 14:56:00
569230,364.22,161,64,16533,2011-10-02 15:07:00
569231,299.53,309,44,13379,2011-10-02 15:18:00
569232,366.78,159,32,16667,2011-10-02 15:26:00
569234,536.62,204,84,17841,2011-10-02 15:33:00
569235,5.76,48,1,17841,2011-10-02 15:35:00
569236,306.73,319,66,14432,2011-10-02 15:49:00
569238,149.55,119,30,17954,2011-10-02 15:52:00
569239,643.26,192,18,14644,2011-10-03 08:30:00
569240,124.08,104,6,18059,2011-10-03 09:30:00
569241,1064.28,799,46,14488,2011-10-03 09:30:00
569242,430.85,195,19,14193,2011-10-03 09:34:00
569243,533.46,239,32,13344,2011-10-03 09:44:00
569244,322.08,114,16,13344,2011-10-03 09:45:00
569246,2900.99,710,280,14096,2011-10-03 09:57:00
569247,1574.52,552,17,17924,2011-10-03 10:08:00
569248,603.4,354,35,12886,2011-10-03 10:09:00
569249,351.17,153,16,14092,2011-10-03 10:15:00
569250,480.2,281,27,16747,2011-10-03 10:18:00
569252,415.2,58,15,14333,2011-10-03 10:38:00
569253,1071.03,677,62,13635,2011-10-03 10:55:00
569254,163.56,170,36,18116,2011-10-03 11:00:00
569255,5164.66,1934,18,18102,2011-10-03 11:01:00
569257,2350.98,916,19,18102,2011-10-03 11:24:00
569258,264.9,100,5,17330,2011-10-03 11:26:00
569261,615.91,359,94,17321,2011-10-03 11:34:00
569262,551.58,460,39,14815,2011-10-03 11:36:00
569263,4849.1,1702,13,18102,2011-10-03 11:37:00
569302,319.4,254,47,16205,2011-10-03 12:04:00
569319,728.5,448,33,14290,2011-10-03 12:17:00
569322,464.64,212,15,16912,2011-10-03 12:31:00
569323,32.85,5,2,16912,2011-10-03 12:32:00
569324,363.08,192,14,16912,2011-10-03 12:32:00
569325,119.32,96,16,16774,2011-10-03 12:41:00
569326,624.91,211,23,14360,2011-10-03 12:47:00
569327,480.71,346,30,15091,2011-10-03 12:47:00
569328,157.68,56,7,14360,2011-10-03 12:48:00
569329,441.82,195,27,17652,2011-10-03 13:03:00
569330,607.33,279,21,15311,2011-10-03 13:31:00
569331,957.33,581,53,16875,2011-10-03 13:39:00
569332,344.0,152,66,12637,2011-10-03 13:46:00
569333,415.41999999999996,116,10,13431,2011-10-03 13:49:00
569334,1909.36,1514,7,12931,2011-10-03 13:53:00
569336,864.19,340,40,15088,2011-10-03 14:05:00
569337,2034.0,600,6,17396,2011-10-03 14:09:00
569338,339.26,286,11,16013,2011-10-03 14:18:00
569339,830.0,250,1,15299,2011-10-03 14:18:00
569340,642.0,120,1,15299,2011-10-03 14:19:00
569342,1441.2,1160,3,16013,2011-10-03 14:20:00
569343,7298.76,1764,13,18102,2011-10-03 14:34:00
569357,426.63,139,21,15930,2011-10-03 14:52:00
569358,517.53,189,25,18257,2011-10-03 14:53:00
569359,14.850000000000001,3,1,18257,2011-10-03 14:55:00
569360,350.09,139,57,14653,2011-10-03 14:59:00
569361,338.71000000000004,113,15,16183,2011-10-03 14:59:00
569362,1023.96,314,13,18102,2011-10-03 15:06:00
569363,1315.3799999999999,618,38,13297,2011-10-03 15:08:00
569364,242.12,246,18,13167,2011-10-03 15:10:00
569365,1094.71,300,13,18102,2011-10-03 15:24:00
569366,647.52,114,1,18102,2011-10-03 15:26:00
569367,769.11,370,64,13994,2011-10-03 15:28:00
569368,260.1,125,4,15971,2011-10-03 15:29:00
569369,541.03,329,30,15105,2011-10-03 15:32:00
569371,238.28,158,42,14651,2011-10-03 15:52:00
569373,162.64,200,5,12971,2011-10-03 16:12:00
569382,3155.95,1,1,15502,2011-10-03 16:44:00
569383,1395.09,1127,63,15159,2011-10-03 16:46:00
569384,207.6,318,16,15159,2011-10-03 16:47:00
569385,1416.0,200,1,14031,2011-10-03 16:48:00
569386,243.6,38,9,15159,2011-10-03 16:48:00
569388,1416.0,200,1,14031,2011-10-03 16:50:00
569389,305.0,3,1,15502,2011-10-03 16:51:00
569396,170.2,63,11,16441,2011-10-03 17:48:00
569397,675.38,208,15,12747,2011-10-04 08:26:00
569398,359.03999999999996,408,3,17381,2011-10-04 08:27:00
569399,520.32,768,2,17381,2011-10-04 08:29:00
569400,231.0,110,3,17381,2011-10-04 08:30:00
569401,949.3000000000001,456,52,15111,2011-10-04 08:56:00
569402,194.20000000000002,81,10,12413,2011-10-04 09:00:00
569403,678.11,327,36,13319,2011-10-04 09:02:00
569404,180.0,36,8,13319,2011-10-04 09:03:00
569405,344.92,214,15,15241,2011-10-04 09:05:00
569406,1983.46,1893,70,16253,2011-10-04 09:09:00
569407,1410.26,426,14,15694,2011-10-04 09:12:00
569408,1897.1599999999999,874,14,13881,2011-10-04 09:26:00
569409,304.62,142,11,14110,2011-10-04 09:38:00
569411,566.4,80,1,12989,2011-10-04 09:49:00
569412,447.62,276,24,13650,2011-10-04 09:51:00
569413,27.0,20,2,13650,2011-10-04 09:51:00
569416,324.8,168,23,13801,2011-10-04 10:15:00
569417,593.79,372,25,17629,2011-10-04 10:29:00
569418,284.15999999999997,72,4,12989,2011-10-04 10:30:00
569419,520.54,202,5,15864,2011-10-04 10:31:00
569420,432.0,600,1,16881,2011-10-04 10:33:00
569423,489.41999999999996,322,24,16882,2011-10-04 10:42:00
569424,414.57,314,58,15529,2011-10-04 10:49:00
569457,117.94,61,30,14606,2011-10-04 11:29:00
569459,702.04,374,18,16713,2011-10-04 11:33:00
569460,973.81,511,38,13895,2011-10-04 11:33:00
569461,757.42,548,47,16556,2011-10-04 11:36:00
569462,188.05,55,13,17014,2011-10-04 11:36:00
569467,610.42,526,43,14291,2011-10-04 11:44:00
569468,666.21,440,37,16186,2011-10-04 11:56:00
569469,1000.75,555,116,16360,2011-10-04 12:22:00
569470,306.88,307,33,17673,2011-10-04 12:25:00
569471,244.06,63,12,15046,2011-10-04 12:38:00
569472,558.22,375,32,14515,2011-10-04 12:38:00
569474,198.74,218,47,14178,2011-10-04 12:39:00
569479,971.46,662,14,13408,2011-10-04 12:41:00
569480,23.8,4,1,13408,2011-10-04 12:42:00
569481,890.85,489,47,15255,2011-10-04 12:43:00
569482,452.89,127,24,14184,2011-10-04 12:43:00
569483,390.26,174,15,14057,2011-10-04 12:45:00
569484,45.0,12,2,14057,2011-10-04 12:46:00
569486,316.17,257,44,15339,2011-10-04 12:51:00
569487,373.94,117,16,13351,2011-10-04 12:55:00
569488,433.01,459,45,16440,2011-10-04 13:10:00
569489,196.35,33,1,12457,2011-10-04 13:13:00
569491,527.03,239,79,14056,2011-10-04 13:25:00
569492,3733.0,2584,3,16333,2011-10-04 13:30:00
569493,959.7,535,56,13317,2011-10-04 13:35:00
569494,449.12,472,8,15739,2011-10-04 13:42:00
569496,346.68,118,17,12395,2011-10-04 13:45:00
569513,440.2,224,12,14332,2011-10-04 13:55:00
569514,1162.68,750,36,15228,2011-10-04 13:56:00
569515,254.48,292,6,15181,2011-10-04 13:58:00
569518,127.85000000000001,55,20,13263,2011-10-04 14:28:00
569519,120.95,64,9,13792,2011-10-04 14:31:00
569520,304.5,130,18,17667,2011-10-04 14:32:00
569521,534.1,225,78,16474,2011-10-04 14:33:00
569522,310.0,73,2,12664,2011-10-04 14:41:00
569523,366.3,145,64,16033,2011-10-04 14:41:00
569524,665.72,204,122,14506,2011-10-04 14:42:00
569527,116.48,92,29,12512,2011-10-04 14:53:00
569528,822.74,471,73,16242,2011-10-04 14:53:00
569529,15.7,4,2,12512,2011-10-04 14:55:00
569530,111.68,287,31,17957,2011-10-04 14:58:00
569531,163.1,34,5,12695,2011-10-04 15:02:00
569532,425.52,179,15,13552,2011-10-04 15:19:00
569533,312.53000000000003,186,81,16374,2011-10-04 15:21:00
569535,444.71,157,34,15044,2011-10-04 15:41:00
569536,476.52,294,20,13269,2011-10-04 15:44:00
569537,97.7,90,7,13269,2011-10-04 15:45:00
569538,301.87,193,19,14462,2011-10-04 15:55:00
569539,557.76,112,1,18102,2011-10-04 15:58:00
569546,128.63,61,49,15276,2011-10-04 16:39:00
569550,8.5,10,1,15955,2011-10-04 17:32:00
569555,1943.1299999999999,1019,113,17728,2011-10-05 08:17:00
569556,1105.16,725,62,14936,2011-10-05 08:50:00
569557,33.0,4,1,14936,2011-10-05 08:52:00
569558,622.84,366,18,14936,2011-10-05 08:53:00
569559,171.59999999999997,120,2,12971,2011-10-05 09:31:00
569560,318.44,170,16,14511,2011-10-05 09:42:00
569561,122.05,35,6,13468,2011-10-05 09:42:00
569562,485.78,398,30,12720,2011-10-05 09:43:00
569563,1307.76,790,48,12481,2011-10-05 09:46:00
569564,369.40999999999997,444,18,13989,2011-10-05 09:47:00
569565,314.5,475,25,16722,2011-10-05 09:52:00
569566,609.78,546,10,14739,2011-10-05 09:55:00
569567,105.30000000000001,40,6,16059,2011-10-05 09:56:00
569568,1476.19,890,89,12700,2011-10-05 09:57:00
569569,233.5,38,3,18061,2011-10-05 09:59:00
569570,13760.02,7020,25,16684,2011-10-05 10:06:00
569571,2487.4,2788,13,16684,2011-10-05 10:09:00
569572,1800.0,5000,10,16684,2011-10-05 10:10:00
569573,3855.84,2085,33,17511,2011-10-05 10:11:00
569574,406.53,251,16,15127,2011-10-05 10:30:00
569575,108.38,74,6,16106,2011-10-05 10:37:00
569576,434.65000000000003,87,7,17739,2011-10-05 10:38:00
569577,245.8,152,13,12828,2011-10-05 10:53:00
569579,409.08,356,12,17666,2011-10-05 11:06:00
569580,185.87,107,15,15039,2011-10-05 11:16:00
569581,80.30000000000001,32,4,15081,2011-10-05 11:16:00
569583,2.95,1,1,15039,2011-10-05 11:17:00
569590,302.91,257,19,13949,2011-10-05 11:25:00
569629,641.57,307,34,15249,2011-10-05 11:37:00
569630,498.36,246,21,13458,2011-10-05 11:44:00
569631,140.34,160,10,13483,2011-10-05 11:53:00
569632,639.3000000000001,254,18,13808,2011-10-05 11:57:00
569633,202.9,170,11,16478,2011-10-05 12:02:00
569634,9.95,1,1,12843,2011-10-05 12:09:00
569635,287.94,493,29,12748,2011-10-05 12:13:00
569637,453.06,324,29,15757,2011-10-05 12:14:00
569638,601.04,626,28,16140,2011-10-05 12:15:00
569639,240.0,1,1,12471,2011-10-05 12:24:00
569640,2145.38,962,27,12471,2011-10-05 12:25:00
569641,191.60999999999999,107,14,12841,2011-10-05 12:27:00
569643,343.66,200,23,15730,2011-10-05 12:31:00
569647,828.0,240,1,12415,2011-10-05 12:35:00
569648,374.5,210,3,17754,2011-10-05 12:40:00
569649,612.0,324,4,16029,2011-10-05 12:42:00
569650,15643.77,6895,81,12415,2011-10-05 12:44:00
569651,705.87,192,55,14534,2011-10-05 12:49:00
569652,416.46000000000004,286,22,15628,2011-10-05 12:51:00
569653,2539.56,1650,100,12451,2011-10-05 12:52:00
569654,316.76,52,3,13854,2011-10-05 12:56:00
569656,99.60000000000001,24,1,14434,2011-10-05 12:59:00
569658,228.96,216,1,16359,2011-10-05 13:00:00
569659,363.18,218,19,14099,2011-10-05 13:04:00
569660,65.4,25,2,17382,2011-10-05 13:05:00
569661,139.3,93,8,17483,2011-10-05 13:10:00
569662,333.63,165,19,15244,2011-10-05 13:19:00
569664,135.79999999999998,72,10,18237,2011-10-05 13:33:00
569665,91.85,4,4,12789,2011-10-05 13:34:00
569666,150.45,63,8,17690,2011-10-05 13:36:00
569667,338.19,217,23,17521,2011-10-05 13:42:00
569668,437.37,175,19,16040,2011-10-05 13:47:00
569669,396.84,192,98,14730,2011-10-05 13:47:00
569670,400.41,200,100,14730,2011-10-05 13:47:00
569671,518.8,290,26,16020,2011-10-05 13:54:00
569672,354.13,229,64,17841,2011-10-05 13:58:00
569673,328.65,122,27,17222,2011-10-05 13:58:00
569674,30.599999999999998,12,1,17841,2011-10-05 14:01:00
569675,561.73,327,31,15687,2011-10-05 14:03:00
569677,269.63,237,19,15106,2011-10-05 14:14:00
569678,9.01,5,4,17816,2011-10-05 14:16:00
569679,223.49999999999997,150,5,16160,2011-10-05 14:19:00
569680,332.3,245,24,16803,2011-10-05 14:28:00
569683,251.69,186,25,15953,2011-10-05 14:39:00
569684,90.6,44,5,13947,2011-10-05 14:42:00
569685,369.34000000000003,203,22,16758,2011-10-05 14:47:00
569686,283.6,162,18,12719,2011-10-05 14:50:00
569687,596.22,291,33,13709,2011-10-05 14:53:00
569688,59.52,22,16,15048,2011-10-05 14:55:00
569689,82.80000000000001,24,1,13709,2011-10-05 14:56:00
569690,141.35,45,9,15351,2011-10-05 15:04:00
569691,480.43,287,26,18223,2011-10-05 15:09:00
569692,732.32,540,26,14389,2011-10-05 15:17:00
569693,250.95,105,37,17837,2011-10-05 15:18:00
569694,562.47,263,23,17735,2011-10-05 15:24:00
569695,993.88,938,45,16843,2011-10-05 15:35:00
569696,15.8,4,1,16843,2011-10-05 15:36:00
569697,133.06,30,7,17647,2011-10-05 15:38:00
569698,92.46,62,6,14054,2011-10-05 15:49:00
569699,265.51,188,35,12723,2011-10-05 15:52:00
569701,33.9,2,1,12723,2011-10-05 15:56:00
569702,377.64,186,39,14396,2011-10-05 16:09:00
569705,268.44,104,15,15762,2011-10-05 16:15:00
569706,356.6,132,2,13798,2011-10-05 16:31:00
569714,93.82000000000001,252,32,18033,2011-10-05 17:28:00
569715,503.64,533,20,15856,2011-10-05 17:29:00
569716,223.22,108,13,15804,2011-10-06 08:17:00
569717,312.98,182,9,13845,2011-10-06 08:25:00
569718,391.98,189,24,15837,2011-10-06 09:01:00
569719,788.16,340,7,14646,2011-10-06 09:10:00
569720,23.39,15,15,14646,2011-10-06 09:11:00
569721,333.64,195,17,12628,2011-10-06 09:28:00
569722,588.96,238,27,12431,2011-10-06 09:31:00
569723,89.80000000000001,28,5,12431,2011-10-06 09:32:00
569724,491.4,230,4,15061,2011-10-06 09:35:00
569725,141.6,20,1,15061,2011-10-06 09:35:00
569726,465.55,249,22,17419,2011-10-06 09:36:00
569727,150.25,52,7,12500,2011-10-06 09:37:00
569728,839.99,392,41,15416,2011-10-06 09:38:00
569729,435.46999999999997,211,21,16350,2011-10-06 09:43:00
569730,332.22,158,3,16422,2011-10-06 09:45:00
569731,308.44,142,13,13999,2011-10-06 09:48:00
569732,282.45,91,17,13177,2011-10-06 09:56:00
569734,281.75,125,16,14538,2011-10-06 10:31:00
569735,30.0,2,1,14646,2011-10-06 10:34:00
569736,508.58000000000004,255,24,14317,2011-10-06 10:44:00
569737,355.9,259,22,16295,2011-10-06 10:45:00
569738,216.81,74,12,13013,2011-10-06 10:48:00
569739,421.3,229,24,14911,2011-10-06 10:48:00
569740,2924.0,1600,15,15769,2011-10-06 10:52:00
569741,610.91,315,26,14626,2011-10-06 10:52:00
569742,33.0,4,1,16478,2011-10-06 10:53:00
569766,393.57,370,20,14849,2011-10-06 11:24:00
569767,391.78000000000003,235,23,14849,2011-10-06 11:24:00
569768,659.08,388,16,13078,2011-10-06 11:27:00
569769,100.8,34,3,13078,2011-10-06 11:28:00
569780,370.9,212,8,13199,2011-10-06 11:38:00
569781,159.24,242,2,13199,2011-10-06 11:38:00
569789,252.54,84,24,16924,2011-10-06 11:41:00
569790,188.41,133,32,15910,2011-10-06 11:42:00
569799,428.89,267,23,13602,2011-10-06 11:47:00
569803,902.0699999999999,295,26,13090,2011-10-06 11:48:00
569815,10992.96,6016,21,15838,2011-10-06 11:53:00
569822,79.8,20,2,15706,2011-10-06 12:13:00
569823,202.27,91,57,16895,2011-10-06 12:15:00
569824,279.36,170,29,17295,2011-10-06 12:22:00
569825,270.25,97,17,15805,2011-10-06 12:23:00
569826,385.43,177,20,18161,2011-10-06 12:25:00
569827,340.9,222,20,13591,2011-10-06 12:26:00
569828,167.46,40,18,14527,2011-10-06 12:35:00
569832,336.96,600,21,15315,2011-10-06 12:51:00
569833,517.28,298,28,15306,2011-10-06 12:56:00
569834,675.72,394,27,14383,2011-10-06 13:00:00
569835,317.69,146,24,15518,2011-10-06 13:05:00
569836,566.4,220,10,12910,2011-10-06 13:06:00
569837,15.03,13,5,12748,2011-10-06 13:11:00
569838,295.93,178,22,13504,2011-10-06 13:20:00
569839,2327.0,1300,6,15769,2011-10-06 13:21:00
569840,433.2,88,6,17428,2011-10-06 13:26:00
569841,124.3,34,6,17428,2011-10-06 13:27:00
569842,697.46,259,18,13426,2011-10-06 13:28:00
569843,298.56,301,86,14449,2011-10-06 13:29:00
569844,1377.55,856,62,12626,2011-10-06 13:30:00
569845,187.35,61,10,14819,2011-10-06 13:41:00
569846,2626.3,1326,127,13422,2011-10-06 13:42:00
569847,327.45,151,19,14116,2011-10-06 13:45:00
569848,726.1,299,36,16316,2011-10-06 13:48:00
569849,393.74,265,23,15264,2011-10-06 13:49:00
569850,287.4,276,8,16432,2011-10-06 13:59:00
569852,850.4,476,32,13771,2011-10-06 14:17:00
569853,319.2,176,17,13771,2011-10-06 14:18:00
569856,108.35,45,5,17068,2011-10-06 14:28:00
569857,1658.16,744,5,12939,2011-10-06 14:31:00
569858,887.52,432,5,12939,2011-10-06 14:33:00
569859,116.32,72,11,16814,2011-10-06 14:36:00
569860,139.88,67,8,13812,2011-10-06 14:37:00
569861,371.69,178,17,13816,2011-10-06 14:37:00
569862,174.37,278,16,14518,2011-10-06 14:43:00
569864,303.5,454,7,14533,2011-10-06 14:45:00
569865,54.6,26,7,12748,2011-10-06 14:47:00
569866,1556.42,1038,165,12757,2011-10-06 14:50:00
569867,320.4,246,13,12569,2011-10-06 14:54:00
569868,412.17,525,30,13018,2011-10-06 14:59:00
569870,151.9,78,41,12757,2011-10-06 14:59:00
569871,330.15,57,11,13089,2011-10-06 15:04:00
569872,33.0,4,1,13089,2011-10-06 15:05:00
569873,33.0,4,1,13089,2011-10-06 15:05:00
569887,192.76,84,12,13882,2011-10-06 15:28:00
569888,502.90000000000003,190,7,13049,2011-10-06 15:31:00
569889,323.04,536,4,17930,2011-10-06 15:32:00
569890,326.81,187,11,14738,2011-10-06 15:46:00
569892,145.35,73,7,15937,2011-10-06 15:48:00
569893,1183.72,868,60,12627,2011-10-06 15:51:00
569894,188.22,156,45,15707,2011-10-06 15:53:00
569897,974.38,559,210,17813,2011-10-06 16:01:00
569899,225.24,136,14,13940,2011-10-06 16:15:00
569900,915.49,1261,58,17651,2011-10-06 16:17:00
569901,172.82,68,28,12923,2011-10-06 16:20:00
569903,341.21,399,21,13892,2011-10-06 16:25:00
569904,353.5,127,20,13023,2011-10-06 16:27:00
569905,70.15,21,4,13549,2011-10-06 16:28:00
569906,1.9,2,1,12748,2011-10-06 16:34:00
569907,77.4,13,3,12569,2011-10-06 16:41:00
569910,1077.75,570,44,17139,2011-10-06 16:47:00
569912,95.54,38,6,17139,2011-10-06 16:50:00
569914,373.88,344,6,14257,2011-10-06 16:54:00
569915,5.9,2,1,16454,2011-10-06 16:57:00
569917,341.99999999999994,160,9,17453,2011-10-06 17:02:00
569918,315.06,170,11,15766,2011-10-06 17:03:00
569919,496.44,292,28,15300,2011-10-06 17:08:00
569920,233.76,136,14,13348,2011-10-06 17:28:00
569921,157.0,29,8,12523,2011-10-06 17:28:00
569923,172.99,91,8,16184,2011-10-06 17:43:00
569932,171.8,148,11,18221,2011-10-06 17:51:00
569936,306.71999999999997,204,8,17490,2011-10-06 17:52:00
569943,262.71,233,73,14592,2011-10-06 18:08:00
569948,158.1,94,8,14959,2011-10-06 18:23:00
569962,460.4,112,11,13993,2011-10-06 18:45:00
569965,397.63,98,18,18109,2011-10-06 18:47:00
569968,224.76,137,41,17921,2011-10-06 18:56:00
569977,130.22,24,8,14702,2011-10-06 19:27:00
569983,381.07,190,56,17231,2011-10-06 19:49:00
569997,891.4,637,6,12394,2011-10-07 08:08:00
569998,422.8,227,22,12540,2011-10-07 08:12:00
569999,146.87,146,11,17030,2011-10-07 08:49:00
570000,600.39,345,29,12420,2011-10-07 08:55:00
570001,321.74,208,16,14427,2011-10-07 09:10:00
570002,1059.24,346,24,12477,2011-10-07 09:16:00
570003,6.2,2,2,14792,2011-10-07 09:19:00
570007,330.84,175,17,12519,2011-10-07 09:26:00
570008,439.56,161,23,13359,2011-10-07 09:30:00
570009,621.71,449,32,14138,2011-10-07 09:38:00
570010,230.46,96,14,15297,2011-10-07 09:42:00
570011,495.2,316,25,16477,2011-10-07 09:44:00
570014,104.6,59,6,15214,2011-10-07 09:56:00
570016,904.14,448,51,14911,2011-10-07 10:06:00
570017,102.0,12,1,15706,2011-10-07 10:09:00
570018,537.0,300,3,13629,2011-10-07 10:12:00
570019,239.57,96,41,17841,2011-10-07 10:13:00
570020,247.76,185,11,12684,2011-10-07 10:18:00
570021,8.1,6,3,17841,2011-10-07 10:20:00
570022,150.03,145,27,14067,2011-10-07 10:21:00
570023,122.7,36,7,13876,2011-10-07 10:22:00
570024,285.19,97,16,17975,2011-10-07 10:29:00
570026,277.48,325,10,12781,2011-10-07 10:37:00
570027,932.13,532,43,14844,2011-10-07 10:41:00
570028,528.6,148,3,16210,2011-10-07 10:42:00
570030,427.6,342,27,12740,2011-10-07 10:44:00
570036,459.79,351,30,16358,2011-10-07 10:50:00
570049,432.26,250,40,17228,2011-10-07 10:55:00
570076,306.52,204,12,15738,2011-10-07 11:17:00
570082,1055.44,1299,24,12524,2011-10-07 11:19:00
570086,412.47,343,21,17086,2011-10-07 11:22:00
570088,237.86,95,61,16764,2011-10-07 11:32:00
570089,352.71999999999997,224,4,16839,2011-10-07 11:38:00
570090,256.38,56,10,13806,2011-10-07 11:43:00
570091,627.12,600,39,15632,2011-10-07 11:47:00
570092,1728.0,964,6,16029,2011-10-07 11:51:00
570093,142.71,82,40,18096,2011-10-07 11:55:00
570094,4186.08,2304,4,16029,2011-10-07 11:56:00
570095,274.51,102,15,12528,2011-10-07 11:57:00
570096,291.26,160,28,15311,2011-10-07 11:58:00
570097,7630.5599999999995,4176,8,16029,2011-10-07 12:05:00
570098,207.68,176,7,13169,2011-10-07 12:11:00
570100,110.4,32,4,13695,2011-10-07 12:12:00
570101,264.62,270,12,14560,2011-10-07 12:14:00
570102,517.8,232,28,16455,2011-10-07 12:17:00
570103,354.16,173,65,15719,2011-10-07 12:18:00
570108,467.2,336,32,13004,2011-10-07 12:25:00
570111,160.9,92,34,15005,2011-10-07 12:28:00
570113,2198.13,1469,33,15874,2011-10-07 12:31:00
570114,712.4,180,8,13587,2011-10-07 12:31:00
570115,1482.2,1026,15,13798,2011-10-07 12:37:00
570116,392.49,179,78,12856,2011-10-07 12:38:00
570117,225.9,342,9,15815,2011-10-07 12:42:00
570118,453.55,141,23,13276,2011-10-07 12:44:00
570119,5.9,2,1,12748,2011-10-07 12:45:00
570121,221.06,275,16,13419,2011-10-07 12:49:00
570123,89.85000000000001,15,6,13314,2011-10-07 13:09:00
570124,99.0,60,1,16989,2011-10-07 13:11:00
570125,313.56,306,21,17509,2011-10-07 13:14:00
570126,135.82,50,35,16910,2011-10-07 13:16:00
570127,752.6800000000001,496,69,16900,2011-10-07 13:17:00
570128,910.0,512,6,13689,2011-10-07 13:21:00
570129,519.47,293,31,12885,2011-10-07 13:34:00
570130,10.4,16,1,12885,2011-10-07 13:40:00
570144,16.5,2,1,13004,2011-10-07 13:57:00
570167,824.41,617,39,15615,2011-10-07 14:04:00
570168,610.36,851,50,17596,2011-10-07 14:05:00
570177,654.69,357,40,17509,2011-10-07 14:17:00
570178,228.46,147,15,16558,2011-10-07 14:23:00
570179,898.14,500,53,17509,2011-10-07 14:27:00
570180,898.14,500,53,17509,2011-10-07 14:28:00
570181,29.700000000000003,6,1,16354,2011-10-07 14:28:00
570183,172.3,64,10,15208,2011-10-07 14:43:00
570184,302.46,174,9,14029,2011-10-07 14:46:00
570186,639.69,353,39,17509,2011-10-07 15:01:00
570188,1714.96,728,15,13763,2011-10-07 15:13:00
570189,136.82,123,11,12492,2011-10-07 15:15:00
570190,454.76,254,23,13456,2011-10-07 15:18:00
570191,171.93,212,11,12778,2011-10-07 15:23:00
570192,898.14,500,53,17509,2011-10-07 15:26:00
570195,151.24,65,6,14825,2011-10-07 15:38:00
570196,183.48000000000002,84,6,18136,2011-10-07 15:40:00
570197,462.81,236,97,13755,2011-10-07 15:45:00
570200,206.24,140,31,16918,2011-10-07 16:03:00
570201,2.08,1,1,16918,2011-10-07 16:06:00
570206,149.1,22,3,15465,2011-10-09 10:13:00
570208,298.21,122,28,16104,2011-10-09 10:23:00
570209,371.33,102,37,16326,2011-10-09 10:29:00
570210,283.18,126,77,13259,2011-10-09 10:48:00
570211,120.01,66,30,13558,2011-10-09 11:15:00
570212,121.02000000000001,135,17,17811,2011-10-09 11:29:00
570213,152.94,78,7,16248,2011-10-09 11:32:00
570214,182.19,349,31,12748,2011-10-09 11:50:00
570215,363.76,355,35,16066,2011-10-09 11:53:00
570216,141.75,96,10,14595,2011-10-09 12:04:00
570217,158.82,108,26,17323,2011-10-09 12:19:00
570218,1397.32,780,50,16873,2011-10-09 12:20:00
570219,149.68,87,19,16809,2011-10-09 12:44:00
570220,69.65,31,3,15612,2011-10-09 12:49:00
570222,475.65999999999997,127,8,13113,2011-10-09 12:59:00
570223,479.1,282,78,15787,2011-10-09 13:11:00
570224,192.25,128,28,16931,2011-10-09 13:15:00
570225,360.16,335,83,16595,2011-10-09 13:15:00
570226,4.35,3,1,16931,2011-10-09 13:19:00
570227,557.62,142,8,13260,2011-10-09 13:21:00
570228,254.18,94,34,15821,2011-10-09 13:28:00
570229,168.12,75,56,15756,2011-10-09 13:30:00
570230,166.03,107,35,18088,2011-10-09 13:41:00
570231,241.74,386,53,16685,2011-10-09 13:44:00
570232,684.8100000000001,179,46,14040,2011-10-09 13:58:00
570233,82.5,10,7,16685,2011-10-09 13:58:00
570234,327.28000000000003,128,33,17790,2011-10-09 14:22:00
570235,112.08,46,22,13193,2011-10-09 14:30:00
570237,216.22,78,46,13212,2011-10-09 14:48:00
570238,129.93,49,20,16332,2011-10-09 15:01:00
570239,293.62,203,29,16518,2011-10-09 15:04:00
570240,75.25,17,10,13212,2011-10-09 15:17:00
570241,189.34,173,56,14801,2011-10-09 15:24:00
570242,1743.1499999999999,1428,28,16380,2011-10-09 15:40:00
570243,480.78000000000003,130,12,15606,2011-10-09 15:47:00
570244,587.09,391,29,14514,2011-10-09 16:05:00
570245,281.11,141,17,14415,2011-10-09 16:11:00
570246,154.18,154,50,16921,2011-10-09 16:22:00
570247,499.32,144,19,15193,2011-10-10 08:23:00
570248,283.2,40,1,17809,2011-10-10 08:30:00
570249,898.14,500,53,17509,2011-10-10 08:58:00
570250,104.82,62,6,14027,2011-10-10 09:01:00
570251,196.8,96,4,17025,2011-10-10 09:06:00
570252,559.52,238,25,14665,2011-10-10 09:14:00
570253,1974.0,360,2,14156,2011-10-10 09:18:00
570254,215.83,99,11,16179,2011-10-10 09:41:00
570255,690.11,198,26,17648,2011-10-10 09:41:00
570256,306.09000000000003,213,18,15152,2011-10-10 09:53:00
570257,380.31,129,11,13767,2011-10-10 09:56:00
570265,82.80000000000001,24,1,15125,2011-10-10 10:07:00
570266,292.2,60,4,15125,2011-10-10 10:10:00
570267,113.4,61,8,12682,2011-10-10 10:13:00
570268,1978.22,908,21,13098,2011-10-10 10:16:00
570269,107.11,205,7,17227,2011-10-10 10:16:00
570270,111.9,18,3,15304,2011-10-10 10:23:00
570271,292.99,233,12,13756,2011-10-10 10:29:00
570272,477.5,326,24,14297,2011-10-10 10:45:00
570273,1256.67,707,52,13373,2011-10-10 10:51:00
570275,2482.44,1263,29,13098,2011-10-10 10:57:00
570280,547.2,192,3,15473,2011-10-10 11:12:00
570281,676.3199999999999,144,3,17949,2011-10-10 11:14:00
570282,181.38,68,9,13473,2011-10-10 11:20:00
570284,126.39,50,23,14419,2011-10-10 11:30:00
570285,332.38,218,20,16637,2011-10-10 11:32:00
570287,688.97,371,42,17425,2011-10-10 11:37:00
570288,156.56,133,34,16960,2011-10-10 11:47:00
570289,168.3,34,11,17377,2011-10-10 11:50:00
570292,370.68,124,16,13418,2011-10-10 11:59:00
570293,331.96,295,24,14128,2011-10-10 12:00:00
570332,202.65,61,9,18169,2011-10-10 12:18:00
570333,200.92000000000002,135,52,18126,2011-10-10 12:19:00
570337,183.75,105,11,16688,2011-10-10 12:23:00
570338,358.0,200,1,16029,2011-10-10 12:25:00
570342,1322.82,459,45,17706,2011-10-10 12:26:00
570348,384.06,182,22,16982,2011-10-10 12:28:00
570353,113.91,33,4,17706,2011-10-10 12:29:00
570356,320.4,744,8,15330,2011-10-10 12:30:00
570374,299.88,162,53,14719,2011-10-10 12:34:00
570380,111.55,45,31,14606,2011-10-10 12:35:00
570388,1209.88,646,78,14911,2011-10-10 12:37:00
570404,212.8,273,45,16395,2011-10-10 12:50:00
570405,165.72,244,12,13429,2011-10-10 12:51:00
570407,72.0,100,1,17186,2011-10-10 12:52:00
570408,1334.16,2904,8,13685,2011-10-10 12:59:00
570409,313.18,160,16,12682,2011-10-10 13:03:00
570410,371.54,254,61,16776,2011-10-10 13:04:00
570411,225.18,94,7,16954,2011-10-10 13:11:00
570412,281.04,106,20,16385,2011-10-10 13:12:00
570413,421.05,130,18,17652,2011-10-10 13:13:00
570414,196.7,52,16,17214,2011-10-10 13:17:00
570415,120.3,148,7,14201,2011-10-10 13:27:00
570416,660.64,352,38,15608,2011-10-10 13:30:00
570418,511.34000000000003,123,29,15211,2011-10-10 13:31:00
570419,24.96,24,2,15608,2011-10-10 13:33:00
570420,276.9,240,67,17841,2011-10-10 13:33:00
570421,200.14,172,11,13980,2011-10-10 13:34:00
570422,419.53999999999996,363,17,14132,2011-10-10 13:37:00
570423,283.9,174,47,14451,2011-10-10 13:38:00
570424,156.61,72,30,17372,2011-10-10 13:41:00
570425,300.76,336,21,15128,2011-10-10 13:54:00
570426,397.97999999999996,321,24,13352,2011-10-10 13:55:00
570427,212.28,72,13,17462,2011-10-10 13:56:00
570428,428.93,449,51,15553,2011-10-10 14:02:00
570429,801.08,388,4,13225,2011-10-10 14:06:00
570430,181.09,147,12,15886,2011-10-10 14:25:00
570441,102.0,40,1,15473,2011-10-10 14:37:00
570442,315.84,156,81,16549,2011-10-10 14:37:00
570443,1263.97,901,20,17203,2011-10-10 14:37:00
570444,158.44,124,26,17284,2011-10-10 14:38:00
570445,12.12,13,6,12748,2011-10-10 14:42:00
570446,332.68,196,17,12431,2011-10-10 14:49:00
570448,943.69,853,66,13224,2011-10-10 14:55:00
570449,291.40000000000003,198,9,16133,2011-10-10 14:57:00
570452,282.58,114,15,12427,2011-10-10 15:15:00
570455,240.47,139,82,14529,2011-10-10 15:27:00
570457,20.6,4,4,13666,2011-10-10 15:39:00
570458,1202.03,858,136,14535,2011-10-10 15:39:00
570459,869.98,466,50,15801,2011-10-10 15:42:00
570461,141.6,20,1,14434,2011-10-10 15:45:00
570466,434.55,177,83,16791,2011-10-10 16:03:00
570467,1579.51,1228,101,12607,2011-10-10 16:06:00
570479,561.1,324,71,17589,2011-10-10 16:58:00
570481,16.5,10,1,17552,2011-10-10 17:00:00
570482,300.39,227,76,17459,2011-10-10 17:00:00
570485,17.4,12,1,14911,2011-10-10 17:09:00
570488,3380.86,779,347,14096,2011-10-10 17:12:00
570489,23.4,12,1,14533,2011-10-10 17:13:00
570491,310.54,156,31,14395,2011-10-10 17:26:00
570492,530.35,237,30,14194,2011-10-11 08:23:00
570493,70.8,10,1,14194,2011-10-11 08:24:00
570494,757.8,172,12,14051,2011-10-11 08:30:00
570495,102.96,116,4,16861,2011-10-11 09:05:00
570496,459.06,438,12,16422,2011-10-11 09:05:00
570498,406.74,260,22,16136,2011-10-11 09:10:00
570499,892.47,556,55,12772,2011-10-11 09:19:00
570500,270.21999999999997,168,22,15858,2011-10-11 09:19:00
570501,650.6,276,31,14857,2011-10-11 09:23:00
570502,83.75,35,5,14744,2011-10-11 09:24:00
570503,44.71,64,11,17965,2011-10-11 09:26:00
570504,125.85000000000001,47,5,18241,2011-10-11 09:29:00
570505,379.79,263,15,14841,2011-10-11 09:41:00
570506,68.16,60,5,13283,2011-10-11 09:50:00
570507,264.96,158,16,16561,2011-10-11 09:53:00
570509,416.69,260,23,13109,2011-10-11 10:16:00
570510,33.0,4,1,15370,2011-10-11 10:22:00
570511,186.8,100,6,14397,2011-10-11 10:24:00
570512,424.79999999999995,60,6,14952,2011-10-11 10:31:00
570513,950.44,344,17,14952,2011-10-11 10:33:00
570514,1018.51,447,37,13089,2011-10-11 10:36:00
570516,233.1,234,20,14121,2011-10-11 10:39:00
570517,371.66,278,22,13971,2011-10-11 10:41:00
570521,1527.96,582,62,12371,2011-10-11 10:43:00
570522,2076.0,1164,7,16029,2011-10-11 10:46:00
570554,0.38,1,1,14800,2011-10-11 11:02:00
570555,547.25,306,31,17119,2011-10-11 11:03:00
570557,7810.5599999999995,4176,8,16029,2011-10-11 11:15:00
570590,300.02000000000004,279,15,18075,2011-10-11 11:34:00
570591,302.65000000000003,115,14,17071,2011-10-11 11:35:00
570593,326.66,538,24,18180,2011-10-11 11:38:00
570594,516.24,388,33,13517,2011-10-11 11:43:00
570597,737.7,422,42,16837,2011-10-11 11:49:00
570598,2016.31,889,90,14175,2011-10-11 11:55:00
570600,304.26,122,12,16076,2011-10-11 12:05:00
570601,81.44,60,4,17620,2011-10-11 12:08:00
570602,199.47000000000003,57,7,14141,2011-10-11 12:17:00
570632,160.4,116,9,17412,2011-10-11 12:27:00
570634,148.45000000000002,37,12,15024,2011-10-11 12:27:00
570637,440.63,313,20,12530,2011-10-11 12:34:00
570638,250.9,185,20,17888,2011-10-11 12:36:00
570640,522.36,254,30,12474,2011-10-11 12:38:00
570642,73.66,127,7,15024,2011-10-11 12:41:00
570646,397.12,232,25,12824,2011-10-11 12:49:00
570648,221.69,123,8,16086,2011-10-11 13:09:00
570649,308.86,160,17,17659,2011-10-11 13:12:00
570650,277.75,210,57,13263,2011-10-11 13:13:00
570651,321.35,86,5,14911,2011-10-11 13:34:00
570652,1032.7,771,41,17863,2011-10-11 13:45:00
570653,172.91,115,29,14710,2011-10-11 13:49:00
570656,996.84,762,20,16120,2011-10-11 14:10:00
570657,485.8,416,20,14911,2011-10-11 14:10:00
570659,219.6,72,3,16120,2011-10-11 14:17:00
570660,3930.94,1570,21,14866,2011-10-11 14:18:00
570661,210.14,120,10,17554,2011-10-11 14:19:00
570662,75.60000000000001,36,1,16120,2011-10-11 14:19:00
570663,304.29,259,7,13627,2011-10-11 14:20:00
570664,134.25,80,23,16362,2011-10-11 14:21:00
570665,17.1,8,4,16120,2011-10-11 14:22:00
570666,171.66,136,12,13919,2011-10-11 14:24:00
570667,355.8,162,15,12362,2011-10-11 14:33:00
570668,163.15,54,17,17837,2011-10-11 14:34:00
570669,454.33,199,18,15955,2011-10-11 14:37:00
570670,210.25,138,12,14624,2011-10-11 14:39:00
570671,73.2,24,3,16171,2011-10-11 14:51:00
570672,4279.71,2801,259,12536,2011-10-11 14:52:00
570673,103.4,44,5,15351,2011-10-11 14:54:00
570674,768.64,1704,60,14911,2011-10-11 14:59:00
570675,172.25,67,9,13690,2011-10-11 15:03:00
570676,306.07,107,14,14640,2011-10-11 15:10:00
570677,497.83000000000004,204,47,12836,2011-10-11 15:10:00
570678,300.95,91,3,15199,2011-10-11 15:12:00
570679,376.9,132,19,17769,2011-10-11 15:26:00
570680,897.4200000000001,485,67,13969,2011-10-11 15:36:00
570681,6.0,1,1,12381,2011-10-11 15:45:00
570682,303.37,153,16,12948,2011-10-11 15:53:00
570685,382.35,213,36,13208,2011-10-11 16:25:00
570693,384.40000000000003,180,57,16161,2011-10-11 16:50:00
570694,214.3,47,7,14911,2011-10-12 08:10:00
570695,168.07999999999998,196,13,17489,2011-10-12 08:56:00
570696,113.82,140,10,15840,2011-10-12 09:08:00
570697,140.37,83,9,15281,2011-10-12 09:10:00
570698,237.0,150,9,18171,2011-10-12 09:13:00
570699,211.0,121,12,15421,2011-10-12 09:20:00
570700,419.85,76,11,14156,2011-10-12 09:29:00
570701,2159.3,1158,37,16652,2011-10-12 09:35:00
570702,88.80000000000001,48,1,16652,2011-10-12 09:38:00
570703,803.24,510,49,14911,2011-10-12 09:50:00
570705,6.4799999999999995,18,1,13208,2011-10-12 09:54:00
570706,25.5,2,1,14911,2011-10-12 10:04:00
570707,146.0,44,3,14541,2011-10-12 10:08:00
570713,398.05,129,19,17064,2011-10-12 10:18:00
570714,676.37,337,21,13520,2011-10-12 10:20:00
570715,1001.3199999999999,990,38,18287,2011-10-12 10:23:00
570716,24.900000000000002,6,1,17193,2011-10-12 10:26:00
570717,357.0,108,9,17173,2011-10-12 10:35:00
570718,381.06,324,25,12518,2011-10-12 10:36:00
570719,190.6,188,25,17913,2011-10-12 10:45:00
570720,638.45,410,19,17934,2011-10-12 10:50:00
570721,581.6899999999999,471,33,13842,2011-10-12 10:51:00
570722,96.12,76,2,14642,2011-10-12 11:08:00
570723,120.0,96,1,15267,2011-10-12 11:09:00
570724,153.12,162,12,12602,2011-10-12 11:22:00
570725,4.5,1,1,12381,2011-10-12 11:30:00
570726,168.55,109,10,16607,2011-10-12 11:32:00
570731,15.0,12,1,15038,2011-10-12 11:33:00
570733,249.74,160,18,17190,2011-10-12 11:33:00
570754,215.23000000000002,94,15,12633,2011-10-12 11:40:00
570769,334.8,74,3,12664,2011-10-12 11:43:00
570776,626.92,276,29,13985,2011-10-12 11:45:00
570784,103.5,27,5,12569,2011-10-12 11:49:00
570790,147.41,115,10,13575,2011-10-12 11:55:00
570791,232.69,170,37,17346,2011-10-12 11:58:00
570792,533.12,328,17,12709,2011-10-12 12:01:00
570793,879.01,85,17,12444,2011-10-12 12:08:00
570794,158.4,60,4,14761,2011-10-12 12:10:00
570795,149.52,48,4,17193,2011-10-12 12:16:00
570796,110.03,86,41,16241,2011-10-12 12:19:00
570797,1229.42,766,29,15311,2011-10-12 12:24:00
570798,112.32000000000001,74,2,12679,2011-10-12 12:30:00
570799,214.6,104,11,16203,2011-10-12 12:31:00
570806,901.07,608,42,13115,2011-10-12 12:42:00
570807,397.29,168,22,13704,2011-10-12 12:44:00
570818,546.56,341,115,17841,2011-10-12 12:47:00
570821,324.96000000000004,108,9,17173,2011-10-12 12:51:00
570823,303.1,99,9,12691,2011-10-12 12:54:00
570824,307.06,230,12,14299,2011-10-12 12:58:00
570825,323.74,90,7,18229,2011-10-12 12:59:00
570826,223.92000000000002,189,34,16753,2011-10-12 13:14:00
570827,343.53,405,42,15831,2011-10-12 13:14:00
570829,336.4,324,21,16295,2011-10-12 13:17:00
570830,648.27,357,35,14852,2011-10-12 13:20:00
570832,90.15,17,3,13058,2011-10-12 13:28:00
570833,343.94,116,14,14834,2011-10-12 13:30:00
570834,118.22,50,7,13865,2011-10-12 13:31:00
570836,449.15,203,23,17410,2011-10-12 13:55:00
570839,734.67,402,38,14911,2011-10-12 14:08:00
570840,100.58,22,7,13468,2011-10-12 14:10:00
570841,477.55,220,23,12553,2011-10-12 14:18:00
570842,292.74,238,20,17676,2011-10-12 14:21:00
570843,236.31,159,17,17293,2011-10-12 14:22:00
570844,102.0,40,1,15473,2011-10-12 14:28:00
570846,12.969999999999999,13,5,13983,2011-10-12 14:33:00
570847,87.39,57,6,17737,2011-10-12 14:42:00
570848,102.0,40,1,15473,2011-10-12 14:42:00
570849,204.0,80,2,15473,2011-10-12 14:43:00
570851,314.20000000000005,101,6,12583,2011-10-12 14:46:00
570852,333.6,160,12,13078,2011-10-12 14:48:00
570855,670.63,637,48,17314,2011-10-12 14:56:00
570856,674.68,403,41,13464,2011-10-12 15:01:00
570857,167.47,38,18,15555,2011-10-12 15:06:00
570859,110.38,68,8,18277,2011-10-12 15:22:00
570861,310.44,372,20,14775,2011-10-12 15:27:00
570862,467.36,360,28,17528,2011-10-12 15:35:00
570863,416.6,140,14,15144,2011-10-12 15:39:00
570864,294.22,194,12,16945,2011-10-12 15:41:00
570865,46.8,64,4,16945,2011-10-12 15:42:00
570866,263.61,67,9,17096,2011-10-12 15:49:00
570875,620.13,395,33,12667,2011-10-12 17:00:00
570876,120.33,97,21,16085,2011-10-12 17:19:00
570877,249.60000000000002,120,6,16523,2011-10-13 08:27:00
570878,82.5,10,2,16523,2011-10-13 08:28:00
570879,331.72,124,12,12685,2011-10-13 08:42:00
570880,359.6,247,20,14291,2011-10-13 09:16:00
570881,247.25,69,13,12498,2011-10-13 09:30:00
570882,127.33999999999999,64,7,13930,2011-10-13 09:45:00
570883,464.07,347,26,13477,2011-10-13 09:55:00
570884,273.78,92,18,17315,2011-10-13 10:09:00
570885,355.78000000000003,172,18,14211,2011-10-13 10:20:00
570886,3953.35,1941,22,13777,2011-10-13 10:23:00
570887,527.1,424,36,17169,2011-10-13 10:25:00
570888,883.14,496,52,17509,2011-10-13 10:26:00
570896,102.95,27,5,14217,2011-10-13 10:52:00
570906,355.56,120,10,14537,2011-10-13 10:54:00
570910,442.64,178,18,15489,2011-10-13 10:55:00
570919,318.06,60,14,12584,2011-10-13 10:57:00
570961,300.48,192,3,13784,2011-10-13 11:37:00
570964,1319.01,884,61,12766,2011-10-13 11:50:00
570973,149.7,26,5,14180,2011-10-13 11:53:00
570983,314.15,268,31,14963,2011-10-13 11:57:00
570984,187.82999999999998,48,8,17279,2011-10-13 11:58:00
571006,387.7,230,23,17063,2011-10-13 12:06:00
571007,166.6,52,10,13487,2011-10-13 12:07:00
571008,35.400000000000006,12,1,17063,2011-10-13 12:07:00
571017,411.78000000000003,276,13,15116,2011-10-13 12:17:00
571028,107.72,91,39,16770,2011-10-13 12:21:00
571030,1491.59,1290,51,12876,2011-10-13 12:26:00
571031,166.48,128,28,15005,2011-10-13 12:30:00
571032,109.04,43,31,13827,2011-10-13 12:38:00
571033,1259.46,746,36,14251,2011-10-13 12:46:00
571034,2814.3,644,100,12359,2011-10-13 12:47:00
571035,1002.3100000000001,351,57,12446,2011-10-13 12:50:00
571036,988.03,567,34,17567,2011-10-13 12:52:00
571038,192.35,52,32,15511,2011-10-13 12:58:00
571039,568.72,437,124,16121,2011-10-13 12:59:00
571040,422.98,128,36,15272,2011-10-13 12:59:00
571041,131.48,37,15,14527,2011-10-13 13:00:00
571043,10.2,4,1,17892,2011-10-13 13:20:00
571044,357.93,171,12,14421,2011-10-13 13:24:00
571046,431.21,496,91,18096,2011-10-13 13:35:00
571047,388.72,214,20,16042,2011-10-13 13:42:00
571048,43.800000000000004,60,4,16042,2011-10-13 13:43:00
571049,341.78,181,21,16670,2011-10-13 13:43:00
571050,15.600000000000001,24,1,14624,2011-10-13 13:44:00
571053,640.5,236,31,12631,2011-10-13 13:53:00
571054,348.44,490,107,14234,2011-10-13 13:58:00
571055,279.94,380,11,14975,2011-10-13 14:08:00
571056,434.40999999999997,303,29,15367,2011-10-13 14:10:00
571057,27.0,4,1,15367,2011-10-13 14:13:00
571058,1090.14,312,23,13853,2011-10-13 14:18:00
571060,2.49,1,1,17813,2011-10-13 14:28:00
571062,171.59,171,23,16773,2011-10-13 14:37:00
571063,300.85,103,6,16430,2011-10-13 14:47:00
571064,84.39999999999999,25,21,17181,2011-10-13 14:48:00
571065,1881.8600000000001,885,79,12613,2011-10-13 14:59:00
571067,243.84,146,16,16793,2011-10-13 15:08:00
571069,188.94,97,20,13668,2011-10-13 15:15:00
571080,250.49,77,14,13719,2011-10-13 15:19:00
571081,204.28,61,26,16775,2011-10-13 15:23:00
571090,79.5,34,5,15271,2011-10-13 15:28:00
571098,416.78000000000003,193,50,17841,2011-10-13 15:38:00
571099,143.28,542,4,13911,2011-10-13 15:43:00
571100,106.92,108,4,16682,2011-10-13 15:47:00
571101,709.63,361,27,16570,2011-10-13 15:49:00
571102,31.8,4,1,16570,2011-10-13 15:50:00
571103,319.51,147,20,18160,2011-10-13 15:50:00
571104,313.86,258,21,18130,2011-10-13 15:58:00
571105,386.32,235,97,17614,2011-10-13 16:01:00
571106,209.4,69,16,14976,2011-10-13 16:14:00
571107,216.17,75,11,13858,2011-10-13 16:17:00
571108,126.2,32,5,14555,2011-10-13 16:24:00
571109,6.5,2,1,14976,2011-10-13 16:33:00
571111,15.0,1,1,14976,2011-10-13 16:37:00
571117,429.42,318,30,16224,2011-10-13 17:51:00
571118,66.3,46,4,16239,2011-10-14 08:29:00
571120,400.15,307,15,16950,2011-10-14 09:06:00
571121,359.51,97,10,18228,2011-10-14 09:21:00
571122,38.400000000000006,48,2,16566,2011-10-14 09:28:00
571123,982.42,482,49,14856,2011-10-14 09:35:00
571125,313.48,588,12,16394,2011-10-14 09:48:00
571129,406.84,353,19,14156,2011-10-14 10:03:00
571142,729.6,240,20,14567,2011-10-14 10:21:00
571158,115.27,112,24,14606,2011-10-14 10:25:00
571169,119.9,38,6,16168,2011-10-14 10:28:00
571178,158.75,133,13,14089,2011-10-14 10:38:00
571179,40.0,1,1,15482,2011-10-14 10:42:00
571180,1135.8899999999999,326,34,15498,2011-10-14 10:47:00
571181,70.8,10,1,15498,2011-10-14 10:48:00
571182,15.6,8,1,13115,2011-10-14 10:55:00
571183,596.75,449,81,14796,2011-10-14 11:08:00
571184,826.83,288,24,15478,2011-10-14 11:09:00
571185,550.58,226,31,13047,2011-10-14 11:15:00
571187,450.86,229,23,12380,2011-10-14 11:39:00
571188,642.01,215,34,12783,2011-10-14 11:42:00
571189,556.7,882,39,13213,2011-10-14 11:42:00
571190,130.01,177,31,17771,2011-10-14 11:43:00
571191,15.0,1,1,17404,2011-10-14 11:44:00
571192,308.6,132,18,13050,2011-10-14 11:55:00
571193,394.16,264,14,15484,2011-10-14 11:56:00
571197,262.2,148,30,16413,2011-10-14 12:08:00
571199,108.0,300,1,17949,2011-10-14 12:19:00
571200,294.78,226,12,14060,2011-10-14 12:25:00
571201,649.92,240,20,14937,2011-10-14 12:28:00
571202,212.4,72,1,14937,2011-10-14 12:29:00
571203,1157.08,650,25,17677,2011-10-14 12:33:00
571204,59.699999999999996,6,1,17677,2011-10-14 12:34:00
571205,678.17,315,40,15620,2011-10-14 12:41:00
571212,598.49,307,74,12856,2011-10-14 12:53:00
571213,306.03,173,19,13995,2011-10-14 12:55:00
571214,879.8,451,54,14390,2011-10-14 12:56:00
571215,653.5,179,20,13810,2011-10-14 12:57:00
571216,207.5,110,52,16081,2011-10-14 13:06:00
571217,470.55,333,27,17451,2011-10-14 13:24:00
571218,18.72,48,2,17451,2011-10-14 13:24:00
571219,781.14,680,50,15601,2011-10-14 13:35:00
571221,333.89,188,31,16416,2011-10-14 13:35:00
571223,599.5,1,1,13810,2011-10-14 13:36:00
571224,459.53,291,25,13136,2011-10-14 13:41:00
571225,179.85999999999999,98,7,14397,2011-10-14 13:41:00
571226,81.57,55,4,13006,2011-10-14 13:49:00
571227,1288.78,316,32,12477,2011-10-14 13:54:00
571228,106.20000000000002,36,3,15132,2011-10-14 14:00:00
571229,186.96,144,35,15453,2011-10-14 14:04:00
571230,301.53999999999996,180,17,13717,2011-10-14 14:16:00
571231,992.0,690,26,15856,2011-10-14 14:22:00
571232,20.8,10,1,17986,2011-10-14 14:22:00
571234,47.04,112,2,15856,2011-10-14 14:28:00
571235,423.42,198,16,15078,2011-10-14 14:37:00
571236,30.599999999999998,12,1,15078,2011-10-14 14:38:00
571237,25.200000000000003,12,1,15078,2011-10-14 14:38:00
571238,250.52,72,12,14290,2011-10-14 14:44:00
571239,999.26,599,32,12744,2011-10-14 14:54:00
571240,513.6,234,28,12562,2011-10-14 14:55:00
571241,133.94,107,45,14592,2011-10-14 14:58:00
571242,1835.6,1046,17,17809,2011-10-14 15:04:00
571243,1091.29,664,68,14595,2011-10-14 15:26:00
571244,231.17,154,31,17180,2011-10-14 15:46:00
571245,350.21999999999997,206,6,16839,2011-10-14 15:50:00
571246,142.04,326,11,17750,2011-10-14 15:59:00
571247,878.46,444,37,15826,2011-10-14 16:04:00
571248,55.85,31,3,15826,2011-10-14 16:05:00
571250,91.8,36,1,17892,2011-10-14 16:49:00
571255,3528.34,1006,15,12454,2011-10-14 17:13:00
571258,130.25,31,14,17837,2011-10-14 17:23:00
571259,306.0,360,1,12901,2011-10-16 10:19:00
571260,127.19999999999999,69,8,16206,2011-10-16 10:41:00
571261,306.0,360,1,12901,2011-10-16 10:50:00
571263,214.41,98,15,14910,2011-10-16 11:06:00
571265,189.14000000000001,120,60,16674,2011-10-16 11:31:00
571266,437.86,133,31,17769,2011-10-16 11:41:00
571267,146.7,69,8,17811,2011-10-16 11:58:00
571268,252.62,95,15,15351,2011-10-16 12:06:00
571269,214.95,45,17,16243,2011-10-16 12:09:00
571270,538.42,309,73,12940,2011-10-16 12:09:00
571271,146.02,72,28,15440,2011-10-16 12:16:00
571272,1271.57,463,35,13878,2011-10-16 12:19:00
571273,476.90999999999997,253,26,13034,2011-10-16 12:21:00
571274,790.08,362,49,16934,2011-10-16 12:25:00
571275,414.27,173,31,15994,2011-10-16 12:28:00
571276,360.41,157,50,14702,2011-10-16 12:30:00
571277,140.95,35,10,16934,2011-10-16 12:40:00
571278,114.88,100,8,14780,2011-10-16 12:46:00
571279,354.47,162,30,16466,2011-10-16 12:54:00
571280,442.88,202,63,18122,2011-10-16 13:08:00
571281,8132.31,1624,96,14088,2011-10-16 13:23:00
571282,153.64000000000001,87,49,15545,2011-10-16 13:24:00
571283,610.89,375,78,16533,2011-10-16 13:51:00
571284,405.02,146,47,14562,2011-10-16 14:07:00
571286,471.05,211,72,14547,2011-10-16 14:35:00
571288,362.06,282,34,16052,2011-10-16 15:13:00
571289,2142.79,1370,68,15113,2011-10-16 15:27:00
571290,739.37,311,26,17183,2011-10-16 15:32:00
571291,204.28,89,33,13610,2011-10-16 15:44:00
571292,273.99,128,41,15311,2011-10-16 15:45:00
571293,189.65,55,18,13956,2011-10-16 15:56:00
571294,369.27,115,35,16987,2011-10-16 16:09:00
571295,303.43,117,13,14741,2011-10-16 16:12:00
571296,151.70000000000002,101,25,13760,2011-10-16 16:13:00
571297,12.75,1,1,16987,2011-10-16 16:25:00
571298,2327.0,1300,6,15769,2011-10-17 08:14:00
571299,358.0,200,2,13798,2011-10-17 08:30:00
571300,214.45,182,12,14262,2011-10-17 08:56:00
571301,303.3,186,4,15218,2011-10-17 08:59:00
571302,482.4,246,2,12989,2011-10-17 09:07:00
571303,361.99,311,23,13875,2011-10-17 09:36:00
571304,519.28,226,29,12526,2011-10-17 09:37:00
571306,720.56,658,17,16701,2011-10-17 09:57:00
571307,428.68,272,28,14443,2011-10-17 10:10:00
571308,723.38,535,36,12475,2011-10-17 10:10:00
571309,5.930000000000001,13,13,13685,2011-10-17 10:17:00
571310,371.73,463,25,13394,2011-10-17 10:17:00
571311,151.5,38,2,17402,2011-10-17 10:33:00
571312,572.23,480,36,12474,2011-10-17 10:42:00
571313,728.24,668,5,14156,2011-10-17 10:42:00
571314,894.64,456,9,14156,2011-10-17 10:43:00
571315,119.62,46,5,16542,2011-10-17 10:47:00
571317,353.73,198,39,17377,2011-10-17 10:48:00
571318,5296.96,5952,30,17404,2011-10-17 10:50:00
571322,451.6,208,19,13534,2011-10-17 11:05:00
571323,383.55,203,18,13534,2011-10-17 11:07:00
571324,283.02,1,1,12783,2011-10-17 11:08:00
571326,339.02,1,1,12783,2011-10-17 11:11:00
571328,1697.98,1557,99,12473,2011-10-17 11:27:00
571352,165.04999999999998,33,7,18042,2011-10-17 11:49:00
571360,1077.74,486,19,16563,2011-10-17 11:51:00
571372,289.78,231,38,17201,2011-10-17 11:55:00
571377,292.0,66,15,14911,2011-10-17 11:56:00
571404,546.81,365,30,17520,2011-10-17 12:04:00
571405,45.0,12,2,13871,2011-10-17 12:12:00
571406,357.68,202,22,13871,2011-10-17 12:12:00
571407,330.63,85,5,13750,2011-10-17 12:16:00
571408,216.48,141,68,15012,2011-10-17 12:22:00
571409,964.22,599,55,14911,2011-10-17 12:25:00
571410,151.15,49,8,17527,2011-10-17 12:32:00
571411,469.55,131,27,17858,2011-10-17 12:33:00
571412,160.42,79,10,17734,2011-10-17 12:33:00
571413,351.13,185,20,13923,2011-10-17 12:33:00
571418,135.99,63,25,16412,2011-10-17 12:35:00
571425,690.34,224,39,14911,2011-10-17 12:41:00
571426,188.55,222,13,15179,2011-10-17 12:41:00
571427,384.08,884,13,17205,2011-10-17 12:46:00
571428,223.36,103,9,17534,2011-10-17 12:47:00
571429,170.22,79,34,15335,2011-10-17 12:50:00
571430,331.9,74,5,13090,2011-10-17 12:51:00
571431,791.0,340,2,13881,2011-10-17 12:52:00
571432,417.59999999999997,288,1,16737,2011-10-17 13:03:00
571433,1576.6,904,87,13015,2011-10-17 13:19:00
571434,110.53,244,12,13069,2011-10-17 13:22:00
571435,546.23,377,24,14211,2011-10-17 13:23:00
571436,127.5,62,5,16076,2011-10-17 13:23:00
571437,14.56,7,3,13069,2011-10-17 13:23:00
571438,893.59,317,42,15066,2011-10-17 13:25:00
571439,204.24,76,7,17206,2011-10-17 13:25:00
571441,4050.61,995,363,14096,2011-10-17 13:31:00
571442,1279.01,651,88,17049,2011-10-17 13:39:00
571443,131.94,67,13,17785,2011-10-17 13:43:00
571444,469.43,227,26,18179,2011-10-17 13:44:00
571445,358.99,199,22,12463,2011-10-17 13:44:00
571446,1761.24,572,16,14911,2011-10-17 13:46:00
571447,118.44,36,1,14911,2011-10-17 13:47:00
571456,493.05,322,51,16729,2011-10-17 13:57:00
571457,105.22,84,7,12963,2011-10-17 14:01:00
571461,150.23000000000002,82,44,16932,2011-10-17 14:12:00
571462,109.36000000000001,52,5,16363,2011-10-17 14:14:00
571463,491.28,377,22,16463,2011-10-17 14:23:00
571464,136.4,40,10,14805,2011-10-17 14:28:00
571465,188.88,164,39,14830,2011-10-17 14:29:00
571474,303.36,773,11,16389,2011-10-17 14:41:00
571475,343.43,249,78,15033,2011-10-17 14:42:00
571476,230.12,106,32,13546,2011-10-17 14:51:00
571477,543.41,365,25,12794,2011-10-17 14:54:00
571486,365.51,467,27,17612,2011-10-17 14:59:00
571496,305.36,400,16,13265,2011-10-17 15:02:00
571497,540.4,280,17,14841,2011-10-17 15:03:00
571498,411.04,238,83,17841,2011-10-17 15:06:00
571502,1232.95,593,65,14422,2011-10-17 15:18:00
571504,301.08000000000004,202,6,16133,2011-10-17 15:19:00
571505,954.9,616,31,17244,2011-10-17 15:19:00
571506,126.25,21,8,15355,2011-10-17 15:22:00
571509,204.7,51,23,13110,2011-10-17 15:28:00
571510,131.18,70,6,18241,2011-10-17 15:37:00
571511,240.68,160,14,15598,2011-10-17 16:04:00
571544,225.6,200,55,17757,2011-10-17 16:53:00
571546,251.88,69,10,17920,2011-10-17 17:24:00
571547,348.91,51,4,17679,2011-10-18 07:43:00
571548,880.58,792,29,15505,2011-10-18 07:56:00
571549,369.74,302,16,13536,2011-10-18 08:12:00
571550,176.04,420,2,13892,2011-10-18 08:15:00
571551,223.36,128,15,15637,2011-10-18 08:28:00
571552,281.42,182,14,16848,2011-10-18 08:42:00
571553,534.24,504,1,17317,2011-10-18 09:07:00
571555,183.9,106,10,16458,2011-10-18 09:15:00
571556,521.62,297,31,12662,2011-10-18 09:24:00
571557,352.7,184,12,15678,2011-10-18 09:25:00
571558,346.08,220,11,17730,2011-10-18 09:30:00
571559,808.1500000000001,283,28,14911,2011-10-18 09:32:00
571560,400.91999999999996,170,20,14897,2011-10-18 09:54:00
571561,917.34,378,20,14015,2011-10-18 10:02:00
571562,704.02,342,23,14156,2011-10-18 10:04:00
571563,359.3,188,20,16249,2011-10-18 10:07:00
571564,417.29,218,24,16019,2011-10-18 10:16:00
571565,163.1,82,9,12720,2011-10-18 10:18:00
571566,396.97,359,26,13594,2011-10-18 10:19:00
571594,708.0,240,1,15971,2011-10-18 10:51:00
571595,701.0,230,5,15971,2011-10-18 10:52:00
571601,325.53,96,28,17073,2011-10-18 10:53:00
571610,500.0,400,1,13953,2011-10-18 10:55:00
571622,76.34,46,4,14798,2011-10-18 10:58:00
571628,131.4,44,9,15311,2011-10-18 11:13:00
571629,756.11,289,39,13362,2011-10-18 11:18:00
571636,176.6,172,8,13509,2011-10-18 11:41:00
571638,208.75,116,10,15327,2011-10-18 11:55:00
571640,1283.27,1201,20,17203,2011-10-18 12:01:00
571641,205.06,369,14,17135,2011-10-18 12:07:00
571642,16.0,14,3,17203,2011-10-18 12:07:00
571653,5355.68,5918,202,14298,2011-10-18 12:17:00
571654,136.74,67,44,18118,2011-10-18 12:17:00
571655,283.33,112,10,14688,2011-10-18 12:18:00
571656,352.41,141,33,16393,2011-10-18 12:43:00
571657,205.57,105,15,13835,2011-10-18 12:44:00
571658,630.55,346,22,12621,2011-10-18 12:48:00
571660,539.18,490,38,16191,2011-10-18 12:49:00
571662,125.79,117,6,14861,2011-10-18 12:54:00
571663,298.0,40,2,17262,2011-10-18 12:56:00
571664,302.40000000000003,144,2,17090,2011-10-18 12:59:00
571665,1019.47,724,41,12540,2011-10-18 12:59:00
571666,722.76,560,8,16422,2011-10-18 13:02:00
571667,334.93,224,47,14554,2011-10-18 13:04:00
571668,376.78000000000003,138,17,16515,2011-10-18 13:10:00
571669,632.01,431,57,17758,2011-10-18 13:11:00
571670,1193.32,846,65,12611,2011-10-18 13:12:00
571671,1181.52,933,118,16940,2011-10-18 13:15:00
571672,322.1,154,14,13880,2011-10-18 13:15:00
571673,199.95999999999998,300,11,13991,2011-10-18 13:19:00
571675,305.76,148,9,13700,2011-10-18 13:26:00
571676,268.77,128,91,16910,2011-10-18 13:29:00
571677,125.65,55,8,13637,2011-10-18 13:32:00
571679,178.13,159,38,14159,2011-10-18 13:41:00
571681,344.35,237,20,16734,2011-10-18 13:44:00
571682,538.32,215,111,14179,2011-10-18 14:00:00
571683,301.4,108,12,15140,2011-10-18 14:07:00
571684,262.17,244,42,16730,2011-10-18 14:11:00
571685,521.2,188,5,12863,2011-10-18 14:15:00
571690,329.97,279,21,14191,2011-10-18 14:32:00
571691,184.64000000000001,80,11,13860,2011-10-18 14:34:00
571692,27.29,7,2,13860,2011-10-18 14:34:00
571693,330.24,440,16,14776,2011-10-18 14:44:00
571694,284.68,160,11,13308,2011-10-18 14:44:00
571696,216.39,159,17,15604,2011-10-18 14:47:00
571697,448.92,272,29,12759,2011-10-18 14:49:00
571698,424.36,1172,7,13805,2011-10-18 14:50:00
571701,948.16,632,55,14639,2011-10-18 15:05:00
571702,47.1,10,2,14639,2011-10-18 15:06:00
571705,1043.78,491,54,12360,2011-10-18 15:22:00
571706,206.6,152,8,15144,2011-10-18 15:26:00
571708,269.76,280,12,12955,2011-10-18 15:42:00
571709,308.74,228,19,16463,2011-10-18 15:52:00
571710,513.88,200,27,13032,2011-10-18 15:54:00
571712,611.98,297,65,14056,2011-10-18 16:46:00
571715,317.0,165,43,17576,2011-10-18 17:04:00
571717,202.68,146,56,14381,2011-10-18 17:10:00
571724,532.74,293,36,12572,2011-10-19 08:20:00
571725,127.37,91,8,13491,2011-10-19 08:32:00
571726,927.4,546,27,16191,2011-10-19 09:00:00
571728,307.78,170,16,16123,2011-10-19 09:18:00
571729,617.04,577,5,12500,2011-10-19 09:43:00
571730,111.09,83,7,16851,2011-10-19 09:48:00
571732,239.24,84,13,16298,2011-10-19 09:58:00
571733,312.89,259,14,16187,2011-10-19 09:59:00
571734,124.88,82,9,17148,2011-10-19 09:59:00
571735,785.0699999999999,307,14,14229,2011-10-19 10:03:00
571736,28.2,60,2,17549,2011-10-19 10:05:00
571737,764.74,370,35,14367,2011-10-19 10:31:00
571738,311.76,360,2,13089,2011-10-19 10:32:00
571739,3.0,1,1,12500,2011-10-19 10:33:00
571740,337.04,176,15,17973,2011-10-19 10:34:00
571741,112.46000000000001,66,6,15610,2011-10-19 10:36:00
571742,47.62,74,3,12971,2011-10-19 10:36:00
571743,110.8,135,29,15853,2011-10-19 10:38:00
571744,169.2,72,2,14434,2011-10-19 10:43:00
571745,1588.75,711,58,14911,2011-10-19 10:48:00
571746,768.85,395,44,17043,2011-10-19 10:56:00
571747,944.37,684,63,13849,2011-10-19 10:59:00
571748,212.72,134,18,18077,2011-10-19 11:13:00
571749,65.8,68,2,17934,2011-10-19 11:16:00
571751,6068.0599999999995,2,1,12744,2011-10-19 11:18:00
571779,299.8,259,35,12748,2011-10-19 11:27:00
571793,204.07000000000002,115,7,16621,2011-10-19 11:38:00
571809,112.05,40,17,15039,2011-10-19 11:44:00
571824,1376.43,923,80,12472,2011-10-19 11:49:00
571828,1103.36,542,75,16440,2011-10-19 11:52:00
571829,1177.64,534,23,16131,2011-10-19 11:53:00
571830,50.400000000000006,24,1,16131,2011-10-19 11:53:00
571831,343.94,292,13,16979,2011-10-19 12:01:00
571836,38.45,7,5,18019,2011-10-19 12:10:00
571837,213.64,164,55,16470,2011-10-19 12:11:00
571839,241.29,187,8,14107,2011-10-19 12:12:00
571840,552.4,404,21,13590,2011-10-19 12:16:00
571841,381.92,149,57,17625,2011-10-19 12:21:00
571842,684.1999999999999,236,4,16684,2011-10-19 12:28:00
571843,449.28,432,3,16684,2011-10-19 12:28:00
571844,669.1500000000001,201,15,17101,2011-10-19 12:30:00
571845,296.42,207,40,16869,2011-10-19 12:34:00
571846,529.48,484,85,17841,2011-10-19 12:35:00
571847,494.91,256,29,15220,2011-10-19 12:39:00
571848,283.89,132,19,13576,2011-10-19 12:50:00
571849,191.12,192,10,12841,2011-10-19 12:52:00
571850,498.04,216,59,14698,2011-10-19 12:54:00
571851,348.32,318,12,12596,2011-10-19 13:02:00
571852,109.92,68,6,14273,2011-10-19 13:20:00
571853,390.38,158,7,14306,2011-10-19 13:23:00
571857,447.61,153,23,15468,2011-10-19 13:38:00
571863,19.9,2,1,15468,2011-10-19 13:49:00
571864,2503.74,566,16,12731,2011-10-19 13:49:00
571883,601.88,557,129,14704,2011-10-19 13:58:00
571890,341.7,158,22,16826,2011-10-19 14:05:00
571892,431.20000000000005,143,15,13089,2011-10-19 14:12:00
571895,298.4,408,13,17824,2011-10-19 14:14:00
571898,85.8,78,6,13247,2011-10-19 14:20:00
571899,121.65,42,28,16885,2011-10-19 14:22:00
571900,15.0,1,1,13263,2011-10-19 14:26:00
571901,149.75,5,2,12757,2011-10-19 14:36:00
571903,155.15,53,9,15754,2011-10-19 14:40:00
571904,89.4,129,6,12522,2011-10-19 14:41:00
571905,739.28,380,28,12370,2011-10-19 14:51:00
571906,14.850000000000001,3,1,14297,2011-10-19 14:55:00
571908,415.82000000000005,290,8,15803,2011-10-19 14:56:00
571909,480.38,286,121,15006,2011-10-19 15:08:00
571911,103.80000000000001,46,5,17562,2011-10-19 15:15:00
571912,581.41,407,25,17512,2011-10-19 15:26:00
571913,1258.37,623,70,18210,2011-10-19 15:29:00
571914,330.24,440,16,14776,2011-10-19 15:33:00
571916,15.600000000000001,24,1,14776,2011-10-19 15:34:00
571917,318.8,269,6,13078,2011-10-19 15:46:00
571918,151.49,215,21,17350,2011-10-19 16:05:00
571920,157.7,146,13,14799,2011-10-19 16:16:00
571923,289.22,167,19,12685,2011-10-19 16:24:00
571926,450.37,254,17,16722,2011-10-19 16:41:00
571933,76.32000000000001,72,1,13199,2011-10-20 08:19:00
571934,324.39,287,23,16170,2011-10-20 08:21:00
571935,103.85,31,5,13890,2011-10-20 08:41:00
571936,599.4200000000001,554,24,15814,2011-10-20 09:04:00
571937,2856.14,4462,84,14911,2011-10-20 09:28:00
571938,170.39999999999998,224,6,13669,2011-10-20 09:32:00
571939,1035.45,311,18,16260,2011-10-20 09:40:00
571940,603.76,450,38,15301,2011-10-20 09:57:00
571941,219.7,19,7,14261,2011-10-20 10:04:00
571942,327.93,210,21,17434,2011-10-20 10:06:00
571943,443.6,166,16,14638,2011-10-20 10:10:00
571944,297.85,409,21,13755,2011-10-20 10:15:00
571945,1393.06,1006,15,17354,2011-10-20 10:34:00
571965,282.93,164,44,17238,2011-10-20 10:41:00
571987,314.49,251,19,17007,2011-10-20 10:47:00
572021,386.43,157,17,15664,2011-10-20 10:57:00
572023,541.88,238,54,17764,2011-10-20 11:03:00
572024,376.90000000000003,270,16,14631,2011-10-20 11:17:00
572025,333.01,243,22,17651,2011-10-20 11:30:00
572026,430.5,125,16,13245,2011-10-20 11:40:00
572028,1073.37,491,52,15296,2011-10-20 11:47:00
572030,749.1,418,44,14923,2011-10-20 11:51:00
572031,294.72,312,3,14866,2011-10-20 11:53:00
572032,55.42,32,4,14214,2011-10-20 11:54:00
572033,247.94,118,15,14447,2011-10-20 11:58:00
572034,23.5,14,2,14447,2011-10-20 12:00:00
572035,20277.92,13392,125,14646,2011-10-20 12:03:00
572036,62.400000000000006,30,2,18149,2011-10-20 12:04:00
572037,877.71,709,75,17365,2011-10-20 12:07:00
572045,181.95000000000002,47,26,14527,2011-10-20 12:11:00
572047,339.1,161,47,16474,2011-10-20 12:13:00
572048,441.2,240,4,14477,2011-10-20 12:21:00
572049,414.21000000000004,161,20,17243,2011-10-20 12:21:00
572050,222.72,75,29,17346,2011-10-20 12:23:00
572051,4311.48,3020,20,14646,2011-10-20 12:24:00
572052,1244.1599999999999,1728,1,14646,2011-10-20 12:26:00
572053,83.2,40,4,14495,2011-10-20 12:28:00
572054,291.96000000000004,108,11,12642,2011-10-20 12:31:00
572055,250.04,68,39,17346,2011-10-20 12:34:00
572056,35.0,1,1,17402,2011-10-20 12:40:00
572057,74.53,31,6,16593,2011-10-20 12:41:00
572058,448.37,216,87,18252,2011-10-20 12:43:00
572060,85.67999999999999,49,5,12569,2011-10-20 12:52:00
572061,740.41,554,45,12474,2011-10-20 12:53:00
572062,331.95,95,15,16177,2011-10-20 12:57:00
572063,112.24,68,32,14606,2011-10-20 12:57:00
572064,39.9,2,1,15159,2011-10-20 13:06:00
572065,290.81,192,54,12556,2011-10-20 13:06:00
572066,3091.98,1642,100,15159,2011-10-20 13:07:00
572067,139.8,72,7,16099,2011-10-20 13:13:00
572068,303.7,179,21,13159,2011-10-20 13:20:00
572069,765.21,491,43,14911,2011-10-20 13:24:00
572070,111.96,36,2,15587,2011-10-20 13:37:00
572071,56.160000000000004,144,1,13366,2011-10-20 13:37:00
572073,177.07,168,37,13263,2011-10-20 13:46:00
572074,390.25,241,46,16284,2011-10-20 13:54:00
572075,214.32,135,11,16846,2011-10-20 13:55:00
572076,578.9399999999999,418,38,13761,2011-10-20 14:01:00
572077,251.8,48,7,15807,2011-10-20 14:09:00
572078,16.5,2,1,15807,2011-10-20 14:10:00
572079,321.92,210,14,14484,2011-10-20 14:11:00
572080,25.200000000000003,12,1,16592,2011-10-20 14:12:00
572081,203.96,164,13,16592,2011-10-20 14:13:00
572082,2000.33,1047,69,17672,2011-10-20 14:18:00
572085,41.6,20,1,14427,2011-10-20 14:23:00
572086,311.16,200,17,13897,2011-10-20 14:30:00
572087,1056.9,530,39,12683,2011-10-20 14:30:00
572088,157.05,91,29,14585,2011-10-20 14:33:00
572089,84.36000000000001,32,4,15565,2011-10-20 14:33:00
572090,258.48,292,22,13573,2011-10-20 14:33:00
572091,650.67,173,10,15129,2011-10-20 14:40:00
572092,230.5,281,34,17125,2011-10-20 14:41:00
572093,162.57,74,10,15121,2011-10-20 14:51:00
572094,207.32,96,9,17420,2011-10-20 14:52:00
572095,110.55,37,22,15511,2011-10-20 15:15:00
572096,244.55,189,49,16813,2011-10-20 15:20:00
572098,526.3,294,33,15117,2011-10-20 15:38:00
572100,143.39999999999998,12,2,16705,2011-10-20 15:45:00
572101,302.58,102,8,16705,2011-10-20 15:47:00
572103,866.12,391,181,17571,2011-10-20 15:57:00
572104,234.25,25,8,15469,2011-10-20 16:21:00
572105,306.0,24,1,15187,2011-10-20 17:00:00
572106,200.83,137,14,15058,2011-10-20 17:04:00
572107,137.37,26,10,15836,2011-10-20 17:13:00
572108,521.53,253,14,15814,2011-10-20 18:08:00
572121,788.11,524,48,17092,2011-10-20 19:51:00
572122,222.4,48,6,15969,2011-10-21 08:24:00
572123,2314.48,1780,16,14646,2011-10-21 08:40:00
572124,773.94,414,9,14156,2011-10-21 08:47:00
572125,284.98,106,10,16156,2011-10-21 08:57:00
572126,167.62,66,10,16313,2011-10-21 09:04:00
572127,906.09,487,44,14911,2011-10-21 09:20:00
572128,526.0,76,13,15782,2011-10-21 09:23:00
572129,547.34,178,23,17528,2011-10-21 09:25:00
572130,107.46000000000001,197,11,13460,2011-10-21 09:50:00
572131,206.66,190,13,13917,2011-10-21 09:56:00
572132,114.86,82,9,13725,2011-10-21 10:03:00
572133,300.76,179,13,12407,2011-10-21 10:11:00
572134,1096.65,201,11,12500,2011-10-21 10:13:00
572139,54.6,20,2,18241,2011-10-21 10:19:00
572182,425.38,436,31,13588,2011-10-21 10:32:00
572183,800.69,543,33,16153,2011-10-21 10:50:00
572184,427.7,96,5,12403,2011-10-21 10:51:00
572186,1414.99,607,49,16497,2011-10-21 10:55:00
572188,463.8,140,6,14967,2011-10-21 11:06:00
572189,240.55,55,3,15286,2011-10-21 11:08:00
572191,112.18,28,7,17377,2011-10-21 11:18:00
572192,309.89,143,68,18118,2011-10-21 11:30:00
572193,3648.6,3176,11,15061,2011-10-21 11:33:00
572194,155.37,208,61,17832,2011-10-21 11:43:00
572195,211.78,68,13,14562,2011-10-21 11:49:00
572196,7398.54,2782,16,18102,2011-10-21 11:54:00
572197,89.28,28,2,18102,2011-10-21 11:56:00
572203,307.32,176,23,17068,2011-10-21 12:05:00
572209,22206.0,1920,7,18102,2011-10-21 12:08:00
572210,124.80000000000001,52,6,13755,2011-10-21 12:12:00
572211,196.68,240,12,13429,2011-10-21 12:25:00
572212,1014.64,1040,22,13918,2011-10-21 12:25:00
572213,402.58,334,26,15358,2011-10-21 12:44:00
572214,37.800000000000004,18,2,16918,2011-10-21 12:50:00
572215,731.6899999999999,489,24,12646,2011-10-21 12:52:00
572216,300.77,393,80,16015,2011-10-21 12:56:00
572217,97.25,115,16,15311,2011-10-21 13:03:00
572218,401.55,215,23,16311,2011-10-21 13:13:00
572219,449.96,242,72,17463,2011-10-21 13:17:00
572220,155.11,106,15,17800,2011-10-21 13:24:00
572221,229.41,129,12,17086,2011-10-21 13:27:00
572222,192.0,600,1,17940,2011-10-21 13:27:00
572224,1256.69,729,44,16558,2011-10-21 13:46:00
572225,868.02,651,44,13157,2011-10-21 13:50:00
572227,759.9399999999999,535,70,15051,2011-10-21 14:01:00
572229,1121.76,566,48,14329,2011-10-21 14:23:00
572230,154.88,152,9,15740,2011-10-21 14:29:00
572231,413.59000000000003,249,28,13974,2011-10-21 14:41:00
572232,303.58000000000004,160,12,16293,2011-10-21 14:41:00
572233,930.12,667,8,14646,2011-10-21 14:41:00
572234,65.75,22,3,16293,2011-10-21 14:41:00
572235,82.5,22,3,16293,2011-10-21 14:42:00
572236,81.02,29,13,14646,2011-10-21 14:42:00
572237,310.21999999999997,204,18,15152,2011-10-21 14:49:00
572238,319.98,218,22,15819,2011-10-21 14:50:00
572240,1097.24,634,42,13709,2011-10-21 15:18:00
572241,250.40000000000003,69,10,12712,2011-10-21 15:20:00
572242,657.23,319,33,15677,2011-10-21 15:36:00
572243,224.28,94,12,17361,2011-10-21 15:43:00
572244,503.62,270,15,14233,2011-10-21 15:54:00
572272,132.54,60,13,13171,2011-10-21 16:18:00
572274,660.5,158,23,14031,2011-10-21 16:48:00
572277,191.6,108,11,16768,2011-10-23 10:38:00
572278,211.1,38,17,16326,2011-10-23 10:46:00
572279,176.7,52,19,16066,2011-10-23 10:56:00
572280,216.1,211,58,16007,2011-10-23 11:05:00
572281,419.33,174,29,17211,2011-10-23 11:10:00
572282,147.86,84,31,17634,2011-10-23 11:39:00
572283,490.52,218,76,15000,2011-10-23 11:42:00
572284,275.7,211,49,16744,2011-10-23 12:08:00
572285,113.73,75,17,14698,2011-10-23 12:16:00
572286,196.93,147,19,16434,2011-10-23 12:18:00
572287,288.37,123,39,15584,2011-10-23 12:26:00
572288,204.07,100,20,17377,2011-10-23 12:28:00
572289,111.5,58,21,13782,2011-10-23 12:37:00
572290,391.86,310,35,14800,2011-10-23 12:46:00
572291,299.41,171,49,16931,2011-10-23 12:46:00
572292,211.88,102,26,16017,2011-10-23 12:56:00
572293,50.0,1,1,12748,2011-10-23 13:02:00
572294,941.67,587,81,13471,2011-10-23 13:10:00
572295,559.9399999999999,333,122,16686,2011-10-23 13:49:00
572296,160.04,52,33,13598,2011-10-23 14:28:00
572297,161.81,55,8,15953,2011-10-23 14:30:00
572298,167.95,17,12,14071,2011-10-23 14:33:00
572300,132.07,47,21,18005,2011-10-23 14:40:00
572301,111.16,55,33,16794,2011-10-23 14:41:00
572302,359.49,288,76,15427,2011-10-23 14:47:00
572303,314.6,62,18,18109,2011-10-23 14:56:00
572304,445.92,254,23,17131,2011-10-23 15:07:00
572305,46.75,11,9,17131,2011-10-23 15:09:00
572306,510.21,319,100,17841,2011-10-23 15:11:00
572307,1172.73,509,51,16905,2011-10-23 15:23:00
572308,54.51,38,21,12748,2011-10-23 15:27:00
572309,717.35,715,145,14432,2011-10-23 15:29:00
572310,20.08,8,5,12748,2011-10-23 15:30:00
572311,290.44,172,27,14035,2011-10-23 15:45:00
572312,317.88,228,38,15022,2011-10-23 15:47:00
572313,129.0,74,15,14731,2011-10-23 15:54:00
572314,231.61,282,29,17111,2011-10-23 15:59:00
572315,130.55,45,11,14504,2011-10-23 16:00:00
572316,110.21000000000001,88,23,17836,2011-10-23 16:13:00
572317,603.1800000000001,214,82,14629,2011-10-23 16:13:00
572318,352.45,212,83,15436,2011-10-23 16:19:00
572319,118.31,105,32,14704,2011-10-23 16:19:00
572320,178.22,74,5,16325,2011-10-24 08:48:00
572321,388.58,354,24,15592,2011-10-24 08:59:00
572322,143.8,58,8,13138,2011-10-24 09:34:00
572323,564.4,532,29,14312,2011-10-24 09:46:00
572324,2949.2799999999997,2344,9,14607,2011-10-24 09:52:00
572325,1044.0,600,1,14607,2011-10-24 09:54:00
572326,2199.12,1416,18,14607,2011-10-24 09:55:00
572327,255.89999999999998,205,12,15277,2011-10-24 10:08:00
572328,180.0,72,3,13104,2011-10-24 10:11:00
572329,621.0799999999999,484,24,14019,2011-10-24 10:13:00
572330,238.25,121,66,16426,2011-10-24 10:17:00
572331,731.5,478,39,16491,2011-10-24 10:18:00
572332,72.0,100,1,17186,2011-10-24 10:20:00
572333,219.33,143,15,13704,2011-10-24 10:23:00
572335,399.5,172,20,14493,2011-10-24 10:27:00
572336,616.8,396,23,13523,2011-10-24 10:29:00
572337,1434.0,1100,11,14607,2011-10-24 10:30:00
572338,300.40000000000003,50,6,15380,2011-10-24 10:30:00
572339,765.12,316,7,14607,2011-10-24 10:32:00
572340,967.6800000000001,1872,5,14607,2011-10-24 10:36:00
572342,1048.0,472,4,14607,2011-10-24 10:38:00
572344,756.0,504,1,14607,2011-10-24 10:43:00
572348,360.0,264,7,15482,2011-10-24 11:21:00
572350,47.4,18,13,15516,2011-10-24 11:33:00
572351,6.36,6,1,15516,2011-10-24 11:38:00
572352,130.65,85,7,16814,2011-10-24 11:39:00
572353,381.0,126,16,15215,2011-10-24 11:40:00
572354,53.9,7,3,15215,2011-10-24 11:41:00
572380,416.7,322,29,16019,2011-10-24 11:51:00
572392,278.3,190,6,14764,2011-10-24 11:54:00
572399,321.5,268,16,15628,2011-10-24 11:56:00
572423,464.9,1,1,16742,2011-10-24 12:02:00
572442,401.3,158,24,12546,2011-10-24 12:09:00
572443,891.0,180,3,14145,2011-10-24 12:10:00
572447,402.75,200,24,17811,2011-10-24 12:25:00
572451,792.76,470,31,12921,2011-10-24 12:36:00
572452,354.97999999999996,262,19,12921,2011-10-24 12:36:00
572453,180.32999999999998,55,9,12921,2011-10-24 12:37:00
572454,156.1,90,10,13808,2011-10-24 12:38:00
572457,722.4000000000001,289,24,12594,2011-10-24 12:44:00
572458,498.74,365,26,15142,2011-10-24 12:51:00
572459,646.02,221,16,14911,2011-10-24 12:53:00
572460,430.8,208,18,17001,2011-10-24 12:54:00
572461,157.62,65,31,17344,2011-10-24 12:56:00
572462,422.58,126,6,18240,2011-10-24 13:06:00
572464,111.9,25,23,17081,2011-10-24 13:08:00
572465,547.66,140,29,14474,2011-10-24 13:26:00
572466,112.52,196,5,14997,2011-10-24 13:28:00
572472,415.82,510,26,14139,2011-10-24 13:34:00
572474,248.99,145,15,17423,2011-10-24 13:36:00
572475,354.45,172,76,15271,2011-10-24 13:37:00
572483,113.27,70,14,16444,2011-10-24 13:50:00
572484,283.76,138,40,17220,2011-10-24 13:50:00
572487,56.75,34,5,15801,2011-10-24 13:52:00
572490,180.27,91,26,14467,2011-10-24 13:59:00
572499,1687.46,1020,97,15786,2011-10-24 14:10:00
572504,83.9,34,4,15786,2011-10-24 14:13:00
572509,406.54,217,18,17004,2011-10-24 14:25:00
572511,454.2,141,20,14895,2011-10-24 14:29:00
572512,262.7,189,8,15806,2011-10-24 14:35:00
572513,499.96999999999997,351,119,16728,2011-10-24 14:36:00
572517,313.4,234,65,15068,2011-10-24 14:47:00
572518,237.60000000000002,48,1,16353,2011-10-24 14:49:00
572519,193.79,169,7,15046,2011-10-24 14:56:00
572520,666.84,880,29,13165,2011-10-24 15:05:00
572521,130.73999999999998,134,11,15844,2011-10-24 15:19:00
572528,481.49,448,66,13176,2011-10-24 15:43:00
572541,138.01,65,16,17315,2011-10-24 16:20:00
572542,698.39,569,34,17272,2011-10-24 16:20:00
572544,219.12,131,36,16023,2011-10-24 16:34:00
572545,1896.7200000000003,792,4,17450,2011-10-24 16:48:00
572552,3472.42,843,352,14096,2011-10-24 17:07:00
572555,38.160000000000004,36,1,17317,2011-10-24 17:19:00
572558,642.77,835,47,14286,2011-10-25 08:26:00
572559,448.88,292,23,12476,2011-10-25 08:44:00
572560,648.28,136,11,12476,2011-10-25 08:45:00
572561,456.84000000000003,288,25,13652,2011-10-25 08:51:00
572562,443.23,281,27,13481,2011-10-25 09:07:00
572563,334.0,216,19,12928,2011-10-25 09:31:00
572565,573.45,193,21,16762,2011-10-25 10:17:00
572566,306.17,482,22,13050,2011-10-25 10:17:00
572567,1635.6599999999999,1394,85,12398,2011-10-25 10:27:00
572568,733.94,330,15,14001,2011-10-25 10:31:00
572569,200.55,233,29,17870,2011-10-25 10:32:00
572612,231.4,98,11,16186,2011-10-25 11:14:00
572613,393.54,81,20,15345,2011-10-25 11:28:00
572616,80.46,123,3,18147,2011-10-25 11:46:00
572617,604.25,331,29,18272,2011-10-25 11:52:00
572650,298.46,223,34,15506,2011-10-25 12:00:00
572651,734.85,403,37,17350,2011-10-25 12:06:00
572652,1062.43,743,66,15805,2011-10-25 12:11:00
572653,562.04,467,101,15861,2011-10-25 12:12:00
572654,45.480000000000004,24,2,15805,2011-10-25 12:12:00
572655,656.63,285,27,16708,2011-10-25 12:20:00
572656,432.0,288,1,14607,2011-10-25 12:22:00
572657,381.1,166,12,15615,2011-10-25 12:27:00
572658,307.19,91,19,17690,2011-10-25 12:29:00
572660,232.71,50,21,14527,2011-10-25 12:30:00
572661,760.74,946,13,17193,2011-10-25 12:38:00
572662,611.04,290,69,15443,2011-10-25 12:54:00
572663,60.44,42,14,12748,2011-10-25 12:54:00
572664,306.3,232,13,16401,2011-10-25 12:56:00
572666,166.92000000000002,228,9,15134,2011-10-25 13:03:00
572667,280.04,172,18,15963,2011-10-25 13:05:00
572668,178.34,138,43,18045,2011-10-25 13:07:00
572669,477.76,374,121,16549,2011-10-25 13:10:00
572670,594.36,1524,2,13685,2011-10-25 13:14:00
572671,909.26,338,12,13340,2011-10-25 13:14:00
572672,597.6800000000001,284,10,13340,2011-10-25 13:15:00
572673,293.77,350,19,13309,2011-10-25 13:16:00
572674,129.77,31,12,14173,2011-10-25 13:17:00
572675,108.32,54,28,17917,2011-10-25 13:20:00
572676,1462.45,649,46,16258,2011-10-25 13:30:00
572677,164.07999999999998,220,40,17596,2011-10-25 13:46:00
572678,121.18,201,11,13182,2011-10-25 13:46:00
572679,39.599999999999994,24,1,17024,2011-10-25 13:47:00
572681,551.89,389,33,13510,2011-10-25 13:51:00
572682,134.28,94,6,17928,2011-10-25 13:52:00
572683,401.40000000000003,198,7,15158,2011-10-25 13:53:00
572688,355.94,380,24,13028,2011-10-25 14:09:00
572695,435.09,251,24,12610,2011-10-25 14:23:00
572696,3640.0,1001,4,17857,2011-10-25 14:23:00
572703,642.77,378,146,16110,2011-10-25 14:35:00
572718,184.87,141,12,15656,2011-10-25 14:56:00
572719,855.17,376,44,13871,2011-10-25 15:03:00
572720,158.99,297,14,13978,2011-10-25 15:04:00
572721,479.03,414,31,16201,2011-10-25 15:07:00
572726,650.75,345,66,16056,2011-10-25 15:19:00
572732,926.17,1932,47,18079,2011-10-25 15:21:00
572733,480.8,340,5,18079,2011-10-25 15:27:00
572734,1632.63,1389,15,13694,2011-10-25 15:34:00
572735,789.49,520,39,15630,2011-10-25 15:36:00
572737,298.26,174,13,13384,2011-10-25 15:39:00
572738,82.56,120,6,14234,2011-10-25 15:39:00
572741,781.9,514,47,14341,2011-10-25 15:47:00
572742,245.56,174,15,14341,2011-10-25 15:48:00
572743,613.98,498,37,14482,2011-10-25 16:13:00
572744,260.79,247,23,14085,2011-10-25 16:14:00
572745,29.75,5,1,14085,2011-10-25 16:20:00
572746,203.44,126,50,13263,2011-10-25 16:30:00
572751,391.0,209,27,17449,2011-10-25 17:21:00
572752,206.62,58,13,17449,2011-10-25 17:22:00
572753,292.25,231,22,15856,2011-10-25 17:29:00
572755,320.12,273,55,13601,2011-10-25 17:31:00
572756,360.0,384,7,15482,2011-10-25 17:32:00
572760,142.68,42,5,16225,2011-10-26 08:30:00
572762,324.02,380,20,15240,2011-10-26 09:50:00
572763,229.64000000000001,164,15,12812,2011-10-26 09:54:00
572764,303.85,59,8,15110,2011-10-26 09:58:00
572765,2251.2,672,3,16013,2011-10-26 10:02:00
572766,1603.06,746,11,16013,2011-10-26 10:03:00
572767,702.86,446,22,17865,2011-10-26 10:11:00
572768,177.64000000000001,146,3,17865,2011-10-26 10:13:00
572769,959.7,218,11,14051,2011-10-26 10:15:00
572770,360.0,9,1,12371,2011-10-26 10:16:00
572771,262.57,139,15,16173,2011-10-26 10:24:00
572772,1820.89,1167,16,17511,2011-10-26 10:29:00
572773,78.72,48,4,17511,2011-10-26 10:30:00
572774,3.25,1,1,16966,2011-10-26 10:33:00
572775,344.22,147,19,13126,2011-10-26 10:43:00
572792,8.67,3,1,15516,2011-10-26 10:51:00
572810,446.73,483,27,13644,2011-10-26 11:08:00
572811,326.24,180,21,16071,2011-10-26 11:14:00
572812,146.65,29,9,15089,2011-10-26 11:19:00
572830,166.67,90,25,16208,2011-10-26 11:36:00
572832,1.0,1,1,16454,2011-10-26 11:40:00
572833,30.82,15,8,12748,2011-10-26 11:41:00
572834,38.22,15,10,12748,2011-10-26 11:46:00
572835,615.4,321,6,17428,2011-10-26 11:49:00
572836,194.21,112,16,15568,2011-10-26 11:51:00
572837,409.78,313,26,14754,2011-10-26 12:01:00
572838,72.13,53,7,14539,2011-10-26 12:03:00
572843,930.98,332,33,14315,2011-10-26 12:06:00
572845,864.0,960,1,16013,2011-10-26 12:11:00
572846,340.79,207,26,14550,2011-10-26 12:14:00
572847,115.15,55,29,14606,2011-10-26 12:15:00
572848,226.83,137,15,16188,2011-10-26 12:19:00
572851,476.1,198,2,16013,2011-10-26 12:22:00
572852,65.52000000000001,168,3,12879,2011-10-26 12:24:00
572853,522.91,215,29,17712,2011-10-26 12:28:00
572854,367.74,120,14,14096,2011-10-26 12:28:00
572856,106.14,69,13,18118,2011-10-26 12:28:00
572857,128.88,72,1,16701,2011-10-26 12:31:00
572858,133.25,142,28,13571,2011-10-26 12:36:00
572859,262.76,106,39,16418,2011-10-26 12:39:00
572860,308.6,400,20,17470,2011-10-26 12:42:00
572861,214.1,107,18,14102,2011-10-26 12:46:00
572862,114.74,46,31,16750,2011-10-26 12:48:00
572863,219.66,170,15,17841,2011-10-26 12:53:00
572865,185.11,164,44,17841,2011-10-26 13:01:00
572866,184.01,109,32,15005,2011-10-26 13:07:00
572867,221.97,189,49,14598,2011-10-26 13:19:00
572868,124.34,43,12,17564,2011-10-26 13:20:00
572869,1718.4,960,1,12798,2011-10-26 13:21:00
572870,309.76,100,5,13408,2011-10-26 13:22:00
572871,327.98,253,7,13408,2011-10-26 13:24:00
572872,267.13,326,36,15320,2011-10-26 13:27:00
572873,343.76,244,22,12820,2011-10-26 13:27:00
572874,397.02,162,9,13408,2011-10-26 13:28:00
572875,20.04,12,1,17706,2011-10-26 13:31:00
572876,109.17000000000002,99,6,17109,2011-10-26 13:31:00
572877,244.38,24,3,17706,2011-10-26 13:31:00
572878,431.6,260,3,16029,2011-10-26 13:34:00
572879,118.44,36,1,13408,2011-10-26 13:34:00
572880,200.27,178,45,16415,2011-10-26 13:35:00
572881,907.0,1502,7,12748,2011-10-26 13:36:00
572882,492.5,294,34,18226,2011-10-26 13:36:00
572884,309.90000000000003,130,17,13924,2011-10-26 13:44:00
572885,423.81,213,31,15311,2011-10-26 13:45:00
572886,449.45,243,22,12448,2011-10-26 13:46:00
572887,786.95,213,33,12362,2011-10-26 13:47:00
572888,605.52,216,3,13694,2011-10-26 13:47:00
572889,178.75,155,26,12748,2011-10-26 13:56:00
572892,326.03999999999996,180,5,17017,2011-10-26 14:20:00
572893,95.78,102,7,18059,2011-10-26 14:36:00
572894,52.0,5,3,12569,2011-10-26 14:39:00
572895,67.74,19,4,12569,2011-10-26 14:39:00
572896,915.64,560,39,12456,2011-10-26 14:41:00
572899,558.6,174,14,13435,2011-10-26 14:50:00
572900,124.2,100,3,13107,2011-10-26 14:52:00
572901,132.67,70,19,16332,2011-10-26 14:54:00
572902,679.56,600,5,14866,2011-10-26 15:01:00
572903,135.55,114,34,17974,2011-10-26 15:17:00
572904,311.06,222,7,17175,2011-10-26 15:31:00
572905,142.49,83,20,14690,2011-10-26 15:39:00
572906,150.8,45,6,17557,2011-10-26 15:43:00
572907,217.75,117,15,12827,2011-10-26 15:44:00
572908,278.58,106,15,15835,2011-10-26 15:47:00
572909,316.78,108,28,15821,2011-10-26 15:48:00
572910,390.74,272,29,15990,2011-10-26 15:58:00
572911,565.46,288,35,16345,2011-10-26 16:03:00
572912,129.61,31,18,16915,2011-10-26 16:07:00
572913,856.24,675,169,15993,2011-10-26 16:21:00
572914,127.68,68,5,12948,2011-10-26 16:25:00
572918,237.12,164,27,14379,2011-10-26 16:43:00
572921,421.59,243,61,15993,2011-10-26 16:57:00
572922,95.45,127,15,17895,2011-10-26 17:00:00
572923,644.24,439,40,15948,2011-10-27 08:35:00
572924,437.5,94,8,13416,2011-10-27 08:56:00
572925,228.22,136,14,12523,2011-10-27 09:18:00
572926,306.45,111,11,15659,2011-10-27 09:23:00
572928,118.2,22,6,14623,2011-10-27 09:27:00
572929,13.2,8,2,16626,2011-10-27 09:36:00
572930,371.87,237,12,17613,2011-10-27 10:01:00
572931,109.25,47,5,17613,2011-10-27 10:02:00
572932,389.45000000000005,173,21,15791,2011-10-27 10:14:00
572933,495.86,270,26,13458,2011-10-27 10:15:00
572934,160.0,4,1,12610,2011-10-27 10:18:00
572935,467.5,446,26,14189,2011-10-27 10:26:00
572946,500.21000000000004,286,27,13988,2011-10-27 10:36:00
572960,220.48999999999998,153,11,18154,2011-10-27 10:40:00
572964,701.79,284,35,12630,2011-10-27 10:41:00
572969,603.82,443,39,13363,2011-10-27 10:46:00
572986,490.19,300,23,12681,2011-10-27 10:51:00
572990,335.86,186,14,18276,2011-10-27 10:54:00
572992,121.92,50,2,12681,2011-10-27 10:57:00
572994,239.41,145,15,17684,2011-10-27 11:10:00
572997,379.45,401,26,17878,2011-10-27 11:24:00
572998,53.64,36,1,14560,2011-10-27 11:42:00
572999,95.23,21,4,14560,2011-10-27 11:47:00
573000,389.64,260,5,14752,2011-10-27 11:55:00
573001,122.62,120,18,12841,2011-10-27 12:08:00
573002,4534.22,3069,25,14646,2011-10-27 12:09:00
573003,4992.0,2400,1,14646,2011-10-27 12:11:00
573004,469.0,300,2,14646,2011-10-27 12:12:00
573005,180.0,720,1,17414,2011-10-27 12:13:00
573006,265.84,112,6,16232,2011-10-27 12:16:00
573007,388.76,122,20,16009,2011-10-27 12:22:00
573008,1146.96,4936,12,12901,2011-10-27 12:26:00
573019,312.34,190,18,15145,2011-10-27 12:33:00
573020,923.17,455,55,14842,2011-10-27 12:37:00
573022,245.3,102,11,16011,2011-10-27 12:42:00
573023,490.55,383,22,13882,2011-10-27 12:53:00
573026,356.91,310,34,17459,2011-10-27 13:25:00
573027,533.1800000000001,250,14,18225,2011-10-27 13:26:00
573028,193.44,78,12,16847,2011-10-27 13:29:00
573029,606.61,283,98,14971,2011-10-27 13:33:00
573032,130.67000000000002,101,17,18211,2011-10-27 13:36:00
573033,217.27,161,16,14099,2011-10-27 13:41:00
573035,1498.66,1114,58,12433,2011-10-27 13:43:00
573036,263.46,78,11,12437,2011-10-27 13:44:00
573038,340.89,211,86,17545,2011-10-27 13:48:00
573066,236.09,243,30,16026,2011-10-27 13:53:00
573068,122.68,71,24,17545,2011-10-27 13:56:00
573069,158.15,73,10,18077,2011-10-27 13:58:00
573070,135.3,90,37,13263,2011-10-27 13:59:00
573074,595.08,321,31,16265,2011-10-27 14:03:00
573075,178.75,55,30,17545,2011-10-27 14:04:00
573076,878.98,576,54,13488,2011-10-27 14:05:00
573077,4161.06,1,1,12536,2011-10-27 14:13:00
573078,387.8,242,23,12839,2011-10-27 14:13:00
573080,4161.06,1,1,12536,2011-10-27 14:20:00
573082,281.1,74,4,17173,2011-10-27 14:21:00
573083,989.86,243,67,13735,2011-10-27 14:22:00
573085,709.79,150,19,14441,2011-10-27 14:27:00
573093,112.99,61,38,18283,2011-10-27 14:38:00
573094,277.23,127,48,15707,2011-10-27 14:39:00
573095,161.46,90,7,14239,2011-10-27 14:40:00
573096,813.15,495,34,14004,2011-10-27 14:40:00
573100,389.96,206,23,17528,2011-10-27 14:49:00
573102,382.34000000000003,268,20,13266,2011-10-27 14:52:00
573103,108.45000000000002,21,2,16513,2011-10-27 14:56:00
573104,353.39000000000004,277,13,17652,2011-10-27 14:59:00
573106,216.96,137,13,12626,2011-10-27 15:05:00
573108,256.4,117,11,12430,2011-10-27 15:09:00
573109,729.46,174,18,15144,2011-10-27 15:19:00
573110,532.4200000000001,258,4,17677,2011-10-27 15:24:00
573111,128.88,72,1,17677,2011-10-27 15:25:00
573112,344.83,357,16,16416,2011-10-27 15:33:00
573113,99.44,44,6,18261,2011-10-27 15:36:00
573116,409.44,380,26,14525,2011-10-27 15:49:00
573117,647.77,583,33,16688,2011-10-27 16:11:00
573119,377.76,202,9,15498,2011-10-27 16:21:00
573121,20.8,10,1,15498,2011-10-27 16:22:00
573122,225.12,147,39,14357,2011-10-27 16:23:00
573123,893.46,626,53,13654,2011-10-27 16:23:00
573124,99.60000000000001,24,4,13654,2011-10-27 16:24:00
573125,151.2,80,9,16855,2011-10-27 16:31:00
573126,335.55,219,15,15738,2011-10-27 16:32:00
573128,290.1,38,5,13538,2011-10-27 16:34:00
573129,118.80000000000001,24,1,13147,2011-10-27 16:35:00
573130,1204.36,603,63,13969,2011-10-27 16:41:00
573131,381.95,106,15,15622,2011-10-27 16:44:00
573132,393.6,288,7,15189,2011-10-27 16:55:00
573133,300.15999999999997,54,9,15288,2011-10-27 16:58:00
573134,74.65,25,4,12952,2011-10-27 16:59:00
573135,283.87,101,16,12952,2011-10-27 17:00:00
573136,268.68,110,10,12709,2011-10-27 17:00:00
573138,695.03,250,53,15023,2011-10-27 17:22:00
573139,125.79,176,29,14716,2011-10-27 17:29:00
573140,416.46000000000004,145,15,15955,2011-10-27 17:34:00
573141,183.7,94,10,16680,2011-10-27 17:35:00
573142,429.7,362,11,18035,2011-10-27 17:48:00
573143,951.48,810,26,13098,2011-10-27 17:56:00
573144,48.83,38,12,18035,2011-10-27 17:57:00
573145,460.27,150,22,18219,2011-10-27 18:02:00
573146,401.1,802,4,16422,2011-10-27 18:10:00
573149,148.72,99,28,16438,2011-10-27 19:56:00
573150,139.94,81,27,15014,2011-10-27 20:07:00
573151,1062.18,785,122,17602,2011-10-27 20:09:00
573152,218.83,115,22,17530,2011-10-27 20:16:00
573153,8895.76,5205,61,12678,2011-10-28 07:39:00
573155,854.53,433,44,13632,2011-10-28 08:34:00
573156,756.72,816,6,16656,2011-10-28 08:52:00
573157,212.0,120,2,17669,2011-10-28 08:53:00
573158,229.99,63,10,14738,2011-10-28 08:56:00
573159,290.65999999999997,281,19,16648,2011-10-28 08:58:00
573160,302.09000000000003,132,19,14359,2011-10-28 08:58:00
573161,39.95,1,1,17736,2011-10-28 09:00:00
573162,244.5,126,2,15611,2011-10-28 09:01:00
573163,377.65,183,13,16843,2011-10-28 09:06:00
573164,373.65,45,7,13993,2011-10-28 09:06:00
573165,245.35999999999999,136,14,16164,2011-10-28 09:12:00
573166,706.36,296,23,13089,2011-10-28 09:15:00
573167,70.67999999999999,108,3,18287,2011-10-28 09:29:00
573168,320.41999999999996,206,4,13798,2011-10-28 09:39:00
573171,169.48000000000002,160,12,14218,2011-10-28 10:00:00
573173,499.15999999999997,168,27,12362,2011-10-28 10:10:00
573175,219.39000000000001,120,11,15096,2011-10-28 10:27:00
573178,307.58,120,15,14412,2011-10-28 10:45:00
573179,1826.8799999999999,264,11,13199,2011-10-28 10:56:00
573182,474.74,438,24,14232,2011-10-28 11:09:00
573183,307.71,263,27,15028,2011-10-28 11:33:00
573184,520.44,224,14,14110,2011-10-28 11:33:00
573185,417.36,168,10,17730,2011-10-28 11:34:00
573195,978.0600000000001,366,30,12432,2011-10-28 11:40:00
573196,18.75,15,1,15028,2011-10-28 11:41:00
573200,64.6,8,2,12432,2011-10-28 11:43:00
573230,85.92,48,1,13199,2011-10-28 11:55:00
573231,60.0,48,1,15267,2011-10-28 11:56:00
573245,403.25,233,61,17841,2011-10-28 12:08:00
573248,675.53,409,74,14498,2011-10-28 12:09:00
573261,1434.24,1992,1,17949,2011-10-28 12:32:00
573262,128.37,107,7,16851,2011-10-28 12:33:00
573263,3304.03,3917,22,13694,2011-10-28 12:34:00
573264,606.2,327,66,14415,2011-10-28 12:36:00
573265,304.49,109,17,16150,2011-10-28 12:39:00
573266,1510.3600000000001,711,28,15290,2011-10-28 12:40:00
573269,248.53,106,61,16764,2011-10-28 13:00:00
573270,296.07,150,18,17418,2011-10-28 13:00:00
573272,366.12,252,6,13102,2011-10-28 13:02:00
573273,52.199999999999996,36,1,12678,2011-10-28 13:04:00
573275,284.09000000000003,145,19,15311,2011-10-28 13:12:00
573276,544.1,356,20,13985,2011-10-28 13:14:00
573277,111.22,36,21,14606,2011-10-28 13:18:00
573278,449.3,166,8,16102,2011-10-28 13:19:00
573279,496.8,208,3,16107,2011-10-28 13:22:00
573280,343.90999999999997,178,22,14221,2011-10-28 13:42:00
573281,105.0,68,6,12895,2011-10-28 13:51:00
573282,121.1,46,4,18030,2011-10-28 13:55:00
573284,120.38,75,8,13812,2011-10-28 14:27:00
573285,118.9,42,5,17611,2011-10-28 14:38:00
573287,827.07,451,49,14194,2011-10-28 14:42:00
573288,315.78,64,10,14194,2011-10-28 14:42:00
573289,968.45,461,42,12705,2011-10-28 14:44:00
573291,522.99,273,31,16554,2011-10-28 14:51:00
573292,361.0,262,11,14416,2011-10-28 15:10:00
573294,134.28,108,3,14397,2011-10-28 15:32:00
573295,181.7,22,4,14440,2011-10-28 15:54:00
573300,477.59000000000003,341,138,16049,2011-10-28 16:10:00
573305,462.33,157,33,17837,2011-10-28 16:13:00
573309,40.8,48,1,17272,2011-10-28 16:37:00
573311,265.71,179,85,14071,2011-10-28 16:45:00
573314,381.65,108,28,16987,2011-10-28 17:26:00
573315,318.15,257,50,17839,2011-10-28 17:27:00
573316,42.5,5,1,12657,2011-10-28 18:07:00
573319,300.41,177,14,17651,2011-10-30 10:18:00
573320,2520.28,857,38,15513,2011-10-30 10:29:00
573322,179.0,100,1,15769,2011-10-30 10:44:00
573323,645.91,228,52,15708,2011-10-30 10:54:00
573324,192.01999999999998,78,9,16235,2011-10-30 10:56:00
573325,313.79999999999995,28,1,15370,2011-10-30 10:58:00
573326,463.82,228,25,15298,2011-10-30 11:08:00
573327,12.48,6,1,15298,2011-10-30 11:09:00
573328,242.7,133,29,16601,2011-10-30 11:09:00
573329,218.55,103,25,14810,2011-10-30 11:19:00
573330,526.55,233,69,16923,2011-10-30 11:22:00
573331,102.01,55,10,15860,2011-10-30 11:25:00
573332,150.21,136,17,15059,2011-10-30 11:28:00
573333,454.2,198,16,12483,2011-10-30 11:34:00
573334,318.06,126,7,12912,2011-10-30 11:35:00
573335,178.91,63,35,15059,2011-10-30 11:35:00
573336,124.94,83,22,17372,2011-10-30 11:37:00
573337,515.1,116,10,17018,2011-10-30 11:42:00
573338,476.0,174,55,14546,2011-10-30 11:47:00
573339,542.73,537,46,13278,2011-10-30 11:49:00
573340,510.9,696,134,14159,2011-10-30 11:55:00
573341,310.48,313,21,16949,2011-10-30 11:55:00
573342,114.11,73,6,14582,2011-10-30 11:56:00
573343,289.53000000000003,232,63,13566,2011-10-30 11:59:00
573344,163.25,104,34,14179,2011-10-30 12:07:00
573345,331.21,353,76,17609,2011-10-30 12:14:00
573346,183.22,154,33,17255,2011-10-30 12:18:00
573347,571.97,366,121,13137,2011-10-30 12:26:00
573348,196.67999999999998,162,30,14487,2011-10-30 12:27:00
573349,29.97,13,7,17609,2011-10-30 12:28:00
573350,278.67,213,16,17725,2011-10-30 12:32:00
573351,196.32,117,7,13524,2011-10-30 12:34:00
573352,132.72,72,2,14077,2011-10-30 12:35:00
573353,225.94,105,36,16115,2011-10-30 12:39:00
573354,141.05,79,4,14040,2011-10-30 12:42:00
573355,291.28,56,9,15865,2011-10-30 12:43:00
573356,246.85,139,4,15251,2011-10-30 12:43:00
573357,178.44,84,2,15251,2011-10-30 12:45:00
573358,500.61,209,29,17213,2011-10-30 12:46:00
573359,258.9,150,48,14178,2011-10-30 12:48:00
573360,144.36,50,19,15748,2011-10-30 12:51:00
573361,238.92,253,58,14456,2011-10-30 12:53:00
573362,2176.45,1484,116,12597,2011-10-30 13:06:00
573363,508.22,426,11,16079,2011-10-30 13:06:00
573364,146.32,94,33,14710,2011-10-30 13:09:00
573365,343.0,62,12,12584,2011-10-30 13:13:00
573366,269.36,89,18,16361,2011-10-30 13:17:00
573367,490.17,353,26,16145,2011-10-30 13:17:00
573368,205.59,68,13,14507,2011-10-30 13:18:00
573369,113.11,106,37,16049,2011-10-30 13:19:00
573370,403.9,138,17,16626,2011-10-30 13:30:00
573371,307.08,132,7,13113,2011-10-30 13:34:00
573372,78.9,130,4,12971,2011-10-30 13:36:00
573373,265.61,220,101,14684,2011-10-30 13:37:00
573374,443.21,167,15,14755,2011-10-30 13:39:00
573375,673.42,366,24,15521,2011-10-30 13:42:00
573376,178.48000000000002,112,16,13617,2011-10-30 13:50:00
573377,405.13,158,58,14653,2011-10-30 13:51:00
573378,92.52000000000001,24,5,14217,2011-10-30 13:53:00
573379,542.82,416,33,15680,2011-10-30 14:03:00
573380,606.25,222,48,14572,2011-10-30 14:04:00
573381,349.38,205,54,17590,2011-10-30 14:05:00
573382,287.87,125,14,17655,2011-10-30 14:15:00
573383,169.05,93,8,17447,2011-10-30 14:18:00
573384,573.09,287,20,15478,2011-10-30 14:19:00
573385,1008.67,633,37,13421,2011-10-30 14:21:00
573386,486.5,231,10,17183,2011-10-30 14:27:00
573387,168.42,111,65,15054,2011-10-30 14:33:00
573388,965.78,520,30,14895,2011-10-30 14:44:00
573389,47.400000000000006,12,1,14895,2011-10-30 14:45:00
573390,500.61,209,29,17213,2011-10-30 14:53:00
573391,501.65999999999997,185,21,14911,2011-10-30 14:57:00
573392,244.34,82,15,15376,2011-10-30 15:04:00
573393,507.66,781,41,14158,2011-10-30 15:08:00
573394,456.92,260,8,13089,2011-10-30 15:10:00
573395,316.88,161,12,15385,2011-10-30 15:11:00
573396,190.04,171,50,14723,2011-10-30 15:13:00
573397,230.67000000000002,213,43,15547,2011-10-30 15:19:00
573398,213.4,118,18,17373,2011-10-30 15:28:00
573399,392.08,424,18,13949,2011-10-30 15:35:00
573400,75.9,18,4,17796,2011-10-30 15:38:00
573401,299.06,268,22,12364,2011-10-30 15:43:00
573402,214.74,209,15,12494,2011-10-30 15:44:00
573403,55.2,24,2,16506,2011-10-30 15:50:00
573404,166.20000000000002,84,5,14295,2011-10-30 15:50:00
573405,468.38,500,90,13822,2011-10-30 15:55:00
573406,770.23,411,43,14112,2011-10-30 15:57:00
573407,396.33,189,36,18067,2011-10-30 15:58:00
573408,215.08,88,6,16190,2011-10-30 15:59:00
573409,33.0,4,1,14112,2011-10-30 16:00:00
573410,118.8,80,3,15669,2011-10-30 16:03:00
573411,384.12,182,20,13870,2011-10-30 16:10:00
573412,54.599999999999994,28,3,13870,2011-10-30 16:11:00
573413,335.85,187,67,15444,2011-10-30 16:12:00
573414,261.93,143,40,16877,2011-10-30 16:15:00
573415,675.51,288,93,13607,2011-10-30 16:17:00
573416,245.32,90,5,14688,2011-10-31 08:29:00
573417,197.71,161,15,12581,2011-10-31 08:56:00
573418,427.93,223,13,15360,2011-10-31 09:35:00
573419,243.94,82,8,13103,2011-10-31 09:38:00
573420,1389.05,601,35,18223,2011-10-31 09:48:00
573421,1297.26,362,12,14292,2011-10-31 09:50:00
573422,17.4,12,1,14292,2011-10-31 09:51:00
573423,308.77,196,7,16133,2011-10-31 09:58:00
573424,76.96000000000001,154,2,12720,2011-10-31 10:05:00
573425,160.55,81,9,16836,2011-10-31 10:05:00
573428,271.26,326,20,12571,2011-10-31 10:19:00
573430,407.54,115,20,13813,2011-10-31 10:38:00
573442,214.06,90,7,12488,2011-10-31 10:42:00
573452,2039.24,656,8,17450,2011-10-31 10:45:00
573464,301.32,240,13,15667,2011-10-31 10:56:00
573481,608.3,224,33,13994,2011-10-31 11:10:00
573483,305.36,184,5,15793,2011-10-31 11:32:00
573484,94.08,108,5,14883,2011-10-31 11:33:00
573485,533.23,303,64,15752,2011-10-31 11:37:00
573486,273.95,273,16,13186,2011-10-31 11:40:00
573492,163.05,49,36,13544,2011-10-31 11:57:00
573496,489.95,314,98,17841,2011-10-31 11:59:00
573500,198.52,133,38,16931,2011-10-31 12:01:00
573501,991.7,370,62,18055,2011-10-31 12:02:00
573504,398.03999999999996,125,8,13983,2011-10-31 12:05:00
573507,79.2,32,5,13651,2011-10-31 12:11:00
573508,317.82,85,19,12552,2011-10-31 12:11:00
573509,317.34000000000003,256,15,16169,2011-10-31 12:21:00
573510,534.19,455,25,14808,2011-10-31 12:21:00
573511,1294.32,676,47,12347,2011-10-31 12:25:00
573512,599.0400000000001,396,11,17951,2011-10-31 12:30:00
573531,321.32,244,6,12909,2011-10-31 12:43:00
573532,118.80000000000001,24,1,13145,2011-10-31 12:45:00
573542,281.78,234,22,14702,2011-10-31 13:03:00
573543,242.85,160,59,17777,2011-10-31 13:05:00
573544,356.14,187,36,12856,2011-10-31 13:11:00
573545,171.45,76,10,16969,2011-10-31 13:12:00
573546,547.14,398,27,15974,2011-10-31 13:13:00
573548,692.45,417,61,13680,2011-10-31 13:22:00
573551,838.4200000000001,282,52,15044,2011-10-31 13:35:00
573552,396.38,330,25,13203,2011-10-31 13:43:00
573556,764.32,334,25,17675,2011-10-31 13:51:00
573564,656.25,323,40,16127,2011-10-31 13:58:00
573572,272.67,54,24,14527,2011-10-31 14:03:00
573576,4941.71,1265,434,14096,2011-10-31 14:09:00
573577,495.0,300,3,17396,2011-10-31 14:12:00
573578,247.0,146,13,16018,2011-10-31 14:13:00
573579,163.96,122,29,15033,2011-10-31 14:19:00
573581,596.9100000000001,392,37,14911,2011-10-31 14:22:00
573582,726.16,280,33,16633,2011-10-31 14:23:00
573583,172.74,44,11,14167,2011-10-31 14:29:00
573584,1976.5800000000002,628,39,16705,2011-10-31 14:36:00
573586,15.0,1,1,14704,2011-10-31 14:48:00
573587,242.38,128,12,18257,2011-10-31 14:48:00
573588,214.89999999999998,53,10,12588,2011-10-31 15:01:00
573599,447.3,236,6,17924,2011-10-31 15:20:00
573600,145.92000000000002,96,2,17924,2011-10-31 15:21:00
573629,103.32,65,6,12522,2011-10-31 15:30:00
573632,295.7,100,15,15329,2011-10-31 15:36:00
573656,462.85,148,24,12417,2011-10-31 16:02:00
573665,641.67,353,38,13982,2011-10-31 16:24:00
573666,355.63,310,28,15977,2011-10-31 16:24:00
573695,305.77,59,11,15023,2011-10-31 17:13:00
573744,475.24,376,23,17733,2011-11-01 08:16:00
573745,318.40999999999997,127,17,17419,2011-11-01 08:53:00
573746,560.8,334,10,13461,2011-11-01 09:01:00
573747,151.29999999999998,177,12,13697,2011-11-01 09:14:00
573748,1212.67,624,51,14911,2011-11-01 09:24:00
573749,307.32,84,9,17389,2011-11-01 09:26:00
573757,78.75,21,2,17166,2011-11-01 09:46:00
573758,108.97999999999999,50,6,14345,2011-11-01 09:51:00
573762,326.22,158,11,13758,2011-11-01 09:56:00
573763,639.6,288,26,17139,2011-11-01 09:56:00
573768,120.0,3,1,12552,2011-11-01 10:02:00
573769,329.37,214,17,13292,2011-11-01 10:04:00
573770,183.2,96,12,15214,2011-11-01 10:12:00
573772,151.5,76,24,17377,2011-11-01 10:16:00
573773,889.02,344,21,13327,2011-11-01 10:21:00
573774,632.3,382,5,16029,2011-11-01 10:27:00
573775,949.5,726,7,13881,2011-11-01 10:30:00
573776,85.44999999999999,23,5,13468,2011-11-01 10:32:00
573777,786.98,670,19,13726,2011-11-01 10:49:00
573778,1350.9,474,14,18092,2011-11-01 10:56:00
573780,340.43,213,23,17503,2011-11-01 11:12:00
573808,173.71,69,34,14419,2011-11-01 11:29:00
573814,413.40999999999997,461,56,13268,2011-11-01 11:31:00
573822,641.1,281,21,15527,2011-11-01 11:33:00
573829,325.91,264,23,16830,2011-11-01 11:35:00
573830,148.96,76,22,16960,2011-11-01 11:35:00
573840,772.44,396,5,14866,2011-11-01 11:38:00
573841,112.67,51,23,14995,2011-11-01 11:39:00
573846,1374.26,570,8,14866,2011-11-01 11:39:00
573863,456.48,208,17,16825,2011-11-01 11:51:00
573865,358.59000000000003,173,18,15311,2011-11-01 12:00:00
573866,342.59000000000003,150,20,17495,2011-11-01 12:06:00
573867,568.6,346,24,12674,2011-11-01 12:12:00
573868,460.40000000000003,260,25,12491,2011-11-01 12:18:00
573870,162.8,70,44,14485,2011-11-01 12:25:00
573871,600.22,530,14,14426,2011-11-01 12:34:00
573872,360.71999999999997,180,18,17243,2011-11-01 12:35:00
573873,192.53,104,31,17346,2011-11-01 12:39:00
573874,507.54,464,32,13868,2011-11-01 12:45:00
573875,204.87,95,14,15018,2011-11-01 12:47:00
573876,516.76,385,116,16360,2011-11-01 12:48:00
573877,109.8,60,4,14432,2011-11-01 13:04:00
573878,175.4,124,8,14243,2011-11-01 13:20:00
573879,137.97,53,19,15039,2011-11-01 13:21:00
573886,312.82,394,17,14401,2011-11-01 13:37:00
573887,112.65,27,7,16173,2011-11-01 13:39:00
573888,370.12,433,21,17696,2011-11-01 13:43:00
573889,213.82,201,38,13571,2011-11-01 13:44:00
573890,27.8,8,8,12748,2011-11-01 13:49:00
573891,825.81,426,21,12682,2011-11-01 13:56:00
573892,834.38,270,44,14911,2011-11-01 13:57:00
573893,171.20000000000002,60,6,18270,2011-11-01 13:57:00
573894,43.47,17,13,17812,2011-11-01 13:59:00
573895,43.5,101,2,15423,2011-11-01 14:01:00
573896,107.10000000000001,18,2,13755,2011-11-01 14:03:00
573897,560.23,801,76,16729,2011-11-01 14:29:00
573898,193.38,57,17,14562,2011-11-01 14:35:00
573899,208.59,101,13,15847,2011-11-01 14:41:00
573900,161.85,31,8,17668,2011-11-01 14:45:00
573901,294.58,296,22,14191,2011-11-01 14:49:00
573902,311.18,48,5,17428,2011-11-01 14:51:00
573903,740.64,313,32,14667,2011-11-01 14:51:00
573904,948.15,493,145,14505,2011-11-01 14:54:00
573905,357.21,72,40,16971,2011-11-01 15:06:00
573906,195.02,112,10,16458,2011-11-01 15:12:00
573907,299.1,117,14,13021,2011-11-01 15:17:00
573908,354.49,77,10,17739,2011-11-01 15:19:00
573909,212.12,68,36,17813,2011-11-01 15:26:00
573910,422.1,258,8,13969,2011-11-01 15:34:00
573911,186.04999999999998,120,11,17315,2011-11-01 15:40:00
573912,37.5,30,1,17888,2011-11-01 15:48:00
573913,569.82,334,33,17653,2011-11-01 15:49:00
573914,329.88,222,17,14383,2011-11-01 15:53:00
573915,229.8,94,51,15511,2011-11-01 15:55:00
573917,147.0,48,2,18135,2011-11-01 17:08:00
573918,132.53,53,16,17576,2011-11-01 17:20:00
573921,204.92000000000002,144,14,16352,2011-11-02 08:44:00
573922,102.72,56,2,14032,2011-11-02 09:22:00
573923,303.07,102,33,17965,2011-11-02 09:31:00
573924,299.38,202,17,15065,2011-11-02 09:45:00
573927,282.2,72,15,13890,2011-11-02 09:59:00
573928,599.25,365,8,16839,2011-11-02 10:07:00
573930,120.66,125,9,17811,2011-11-02 10:15:00
573931,296.76,203,16,16884,2011-11-02 10:16:00
573932,504.0,1400,7,17966,2011-11-02 10:26:00
573933,85.0,1,1,17135,2011-11-02 10:33:00
573934,307.14,110,19,17719,2011-11-02 10:36:00
573937,576.0,415,39,15830,2011-11-02 10:40:00
573945,211.47,103,9,17663,2011-11-02 10:44:00
573955,459.8,242,30,14216,2011-11-02 10:51:00
573982,306.0,360,1,12901,2011-11-02 11:07:00
573992,615.14,498,41,15275,2011-11-02 11:20:00
573993,664.21,321,40,16790,2011-11-02 11:23:00
573994,99.42,313,6,17135,2011-11-02 11:23:00
573995,960.0,3000,1,16308,2011-11-02 11:24:00
573996,355.86,302,15,16747,2011-11-02 11:37:00
573999,981.95,639,45,12779,2011-11-02 11:43:00
574009,320.05,192,41,15750,2011-11-02 11:49:00
574011,133.08,117,10,16884,2011-11-02 11:52:00
574012,400.32000000000005,1152,2,12830,2011-11-02 11:54:00
574013,300.6,140,5,14285,2011-11-02 11:59:00
574014,624.24,216,1,12415,2011-11-02 12:03:00
574015,921.37,394,43,15576,2011-11-02 12:03:00
574016,113.48000000000002,46,18,18105,2011-11-02 12:04:00
574017,132.45000000000002,36,8,16014,2011-11-02 12:04:00
574018,90.96,48,4,13477,2011-11-02 12:04:00
574020,304.68,206,18,14673,2011-11-02 12:15:00
574021,310.8,92,3,14434,2011-11-02 12:18:00
574022,85.92,48,1,12594,2011-11-02 12:20:00
574023,564.41,239,19,14390,2011-11-02 12:20:00
574024,109.68,114,8,17410,2011-11-02 12:23:00
574025,261.89,903,29,12748,2011-11-02 12:26:00
574029,994.8,720,37,12955,2011-11-02 12:34:00
574032,523.46,381,22,17754,2011-11-02 12:37:00
574033,302.0,98,17,16558,2011-11-02 12:44:00
574034,458.14000000000004,178,85,17841,2011-11-02 12:45:00
574035,113.01,60,17,14606,2011-11-02 12:45:00
574036,313.2,249,19,16607,2011-11-02 12:46:00
574037,97.5,161,8,16043,2011-11-02 12:50:00
574038,399.65000000000003,184,24,18164,2011-11-02 12:56:00
574039,127.30000000000001,66,9,17800,2011-11-02 12:57:00
574040,89.94,37,17,14974,2011-11-02 13:01:00
574041,19.919999999999998,24,1,15805,2011-11-02 13:05:00
574042,176.68,168,9,17947,2011-11-02 13:05:00
574043,633.58,556,92,16367,2011-11-02 13:13:00
574044,843.6,264,2,16210,2011-11-02 13:14:00
574045,409.08000000000004,100,5,13854,2011-11-02 13:18:00
574046,129.06,45,27,15743,2011-11-02 13:19:00
574047,302.96,176,13,13318,2011-11-02 13:26:00
574048,301.97,159,18,13769,2011-11-02 13:37:00
574049,1514.17,744,17,13316,2011-11-02 13:40:00
574050,131.52,109,9,13904,2011-11-02 13:41:00
574051,331.9,242,17,14102,2011-11-02 13:46:00
574052,119.8,29,19,16706,2011-11-02 13:50:00
574053,823.8,582,42,16379,2011-11-02 14:04:00
574054,754.64,362,38,18104,2011-11-02 14:07:00
574055,863.04,434,12,16525,2011-11-02 14:08:00
574056,3949.66,2454,30,14646,2011-11-02 14:09:00
574058,449.28000000000003,216,1,14646,2011-11-02 14:10:00
574059,87.97,62,39,14646,2011-11-02 14:13:00
574060,223.21,95,13,16531,2011-11-02 14:16:00
574062,1183.9,640,45,17675,2011-11-02 14:30:00
574063,211.49,240,79,13271,2011-11-02 14:31:00
574064,313.74,214,18,17434,2011-11-02 14:35:00
574066,443.14,190,8,13183,2011-11-02 14:50:00
574067,3962.85,1161,34,14088,2011-11-02 14:50:00
574068,633.44,291,22,12490,2011-11-02 14:51:00
574069,562.71,343,30,17735,2011-11-02 14:52:00
574070,339.0,198,16,16748,2011-11-02 14:52:00
574071,171.23000000000002,64,11,12654,2011-11-02 14:57:00
574072,385.3,238,16,15414,2011-11-02 14:58:00
574075,281.21,116,13,16365,2011-11-02 15:33:00
574077,190.05,125,51,17999,2011-11-02 15:56:00
574079,155.8,84,33,17595,2011-11-02 16:19:00
574080,195.24,76,23,16348,2011-11-02 16:29:00
574081,362.43,270,27,15804,2011-11-02 16:37:00
574082,111.08,78,15,16205,2011-11-02 16:37:00
574084,364.21999999999997,278,18,14528,2011-11-02 17:09:00
574085,175.89,115,15,17432,2011-11-02 17:30:00
574086,304.78,185,11,15651,2011-11-03 08:39:00
574087,114.2,56,5,15651,2011-11-03 08:41:00
574088,340.2,128,18,18044,2011-11-03 08:56:00
574089,300.1,162,20,17611,2011-11-03 09:07:00
574090,326.87,236,20,17442,2011-11-03 09:17:00
574091,302.21999999999997,454,22,17086,2011-11-03 09:20:00
574092,5500.38,4074,21,16684,2011-11-03 09:28:00
574093,736.55,567,39,12437,2011-11-03 09:43:00
574096,530.42,418,25,13599,2011-11-03 09:55:00
574097,725.72,377,29,12471,2011-11-03 09:56:00
574098,151.05,87,10,16337,2011-11-03 10:03:00
574099,202.3,80,12,12808,2011-11-03 10:05:00
574100,147.35,104,21,14098,2011-11-03 10:13:00
574102,278.52000000000004,110,9,16128,2011-11-03 10:27:00
574103,302.57,253,22,13636,2011-11-03 10:30:00
574104,656.95,376,25,12615,2011-11-03 10:45:00
574107,219.12,104,13,13728,2011-11-03 10:49:00
574138,375.24,192,4,12415,2011-11-03 11:26:00
574143,120.0,174,11,18041,2011-11-03 11:27:00
574149,774.9,293,46,13709,2011-11-03 11:29:00
574150,92.38,32,4,13709,2011-11-03 11:31:00
574154,216.99,119,13,13709,2011-11-03 11:32:00
574161,6.24,3,2,17816,2011-11-03 11:34:00
574165,226.92,284,14,14815,2011-11-03 11:36:00
574169,360.83000000000004,169,9,17491,2011-11-03 11:40:00
574170,545.49,447,62,16221,2011-11-03 11:43:00
574175,41.6,20,2,14110,2011-11-03 11:47:00
574182,308.76,372,17,16841,2011-11-03 11:51:00
574194,312.58,145,13,15227,2011-11-03 11:58:00
574196,30.0,16,2,15227,2011-11-03 11:59:00
574226,379.92,168,2,17306,2011-11-03 12:15:00
574227,427.51,149,22,16992,2011-11-03 12:18:00
574228,301.2,250,18,16678,2011-11-03 12:18:00
574233,105.78,66,8,16929,2011-11-03 12:21:00
574234,91.59,55,6,15271,2011-11-03 12:28:00
574237,436.06,218,29,15551,2011-11-03 12:37:00
574239,467.86,297,18,14849,2011-11-03 12:43:00
574240,576.26,382,84,15998,2011-11-03 12:45:00
574241,10.08,24,1,14849,2011-11-03 12:46:00
574242,294.40000000000003,388,2,17653,2011-11-03 12:46:00
574245,34.8,24,2,14849,2011-11-03 12:47:00
574246,45.0,12,1,14849,2011-11-03 12:49:00
574247,346.53000000000003,125,19,13168,2011-11-03 12:56:00
574249,436.79,156,49,16347,2011-11-03 13:01:00
574250,133.66,104,31,17634,2011-11-03 13:09:00
574251,291.6,116,17,18205,2011-11-03 13:22:00
574252,260.48,94,10,12437,2011-11-03 13:24:00
574253,440.23,423,30,15252,2011-11-03 13:30:00
574255,92.25,40,5,12569,2011-11-03 13:44:00
574258,123.19,60,46,16891,2011-11-03 13:50:00
574260,347.35,87,18,13014,2011-11-03 13:58:00
574262,524.14,316,28,13721,2011-11-03 14:05:00
574265,303.45,123,17,15605,2011-11-03 14:17:00
574269,958.82,696,58,15570,2011-11-03 14:27:00
574271,1000.0,100,1,14607,2011-11-03 14:32:00
574272,55.32000000000001,36,2,16500,2011-11-03 14:32:00
574273,213.07999999999998,120,26,16322,2011-11-03 14:33:00
574274,30.0,24,1,16500,2011-11-03 14:33:00
574275,311.73,127,15,12352,2011-11-03 14:37:00
574276,1415.92,832,5,17857,2011-11-03 14:39:00
574277,208.0,832,1,17857,2011-11-03 14:42:00
574278,456.23999999999995,228,16,15814,2011-11-03 14:42:00
574279,142.98,42,12,14878,2011-11-03 14:47:00
574280,660.7,374,13,13408,2011-11-03 14:47:00
574281,297.90999999999997,225,15,14856,2011-11-03 14:47:00
574282,125.5,21,3,15612,2011-11-03 14:52:00
574283,10.2,4,1,14856,2011-11-03 14:53:00
574284,312.75,145,14,17644,2011-11-03 15:01:00
574285,2907.2000000000003,1024,6,17450,2011-11-03 15:01:00
574286,117.46000000000001,40,4,17644,2011-11-03 15:02:00
574287,166.0,126,53,14723,2011-11-03 15:09:00
574289,131.04,312,8,17750,2011-11-03 15:16:00
574290,263.92,111,32,17403,2011-11-03 15:18:00
574292,183.76,112,25,16914,2011-11-03 15:27:00
574293,6162.620000000001,2290,9,17450,2011-11-03 15:32:00
574294,5727.0,3840,3,16333,2011-11-03 15:47:00
574295,7427.32,1952,21,17389,2011-11-03 15:47:00
574297,528.08,336,29,16602,2011-11-03 15:54:00
574299,309.01,157,16,16746,2011-11-03 16:06:00
574300,309.66,124,12,14636,2011-11-03 16:12:00
574301,372.7,136,19,12544,2011-11-03 16:15:00
574302,321.07,125,16,13914,2011-11-03 16:28:00
574303,684.12,560,9,13324,2011-11-03 16:28:00
574304,488.08000000000004,158,77,14428,2011-11-03 16:30:00
574305,135.4,140,7,18081,2011-11-03 16:30:00
574306,405.0,510,23,17481,2011-11-03 16:37:00
574307,116.56,50,8,15809,2011-11-03 16:40:00
574308,608.85,457,52,16409,2011-11-03 16:45:00
574310,770.66,422,71,13467,2011-11-03 16:56:00
574311,981.77,471,45,15640,2011-11-03 16:56:00
574312,132.28,115,30,17221,2011-11-03 17:39:00
574313,367.69,173,20,13267,2011-11-03 17:45:00
574314,342.4,192,18,13500,2011-11-03 17:48:00
574315,506.88,183,11,17076,2011-11-03 17:53:00
574316,159.85,21,8,17351,2011-11-03 18:45:00
574317,370.4,768,27,17078,2011-11-03 18:49:00
574319,1915.6,810,9,15482,2011-11-03 19:15:00
574320,7.800000000000001,20,1,17078,2011-11-03 19:17:00
574321,280.49,121,31,16016,2011-11-03 19:28:00
574323,114.91,59,21,16438,2011-11-03 19:50:00
574324,1494.0000000000002,360,1,16684,2011-11-04 07:46:00
574325,466.84,260,5,16839,2011-11-04 08:12:00
574326,310.28000000000003,381,25,14913,2011-11-04 08:29:00
574327,315.29,131,13,13013,2011-11-04 09:03:00
574328,7271.34,4981,208,13081,2011-11-04 09:05:00
574329,477.94,210,16,12362,2011-11-04 09:07:00
574330,63.06,54,3,12971,2011-11-04 09:10:00
574331,262.26,264,15,13178,2011-11-04 09:24:00
574332,760.0,187,4,12664,2011-11-04 09:24:00
574333,156.75,75,2,16671,2011-11-04 09:32:00
574334,537.6,156,7,16672,2011-11-04 09:44:00
574335,42.45,13,3,13592,2011-11-04 09:49:00
574336,1195.09,559,56,12397,2011-11-04 09:52:00
574338,352.46000000000004,234,14,14150,2011-11-04 10:05:00
574340,156.25,130,24,17377,2011-11-04 10:08:00
574341,4557.6,4752,11,18102,2011-11-04 10:09:00
574342,223.71,183,16,13447,2011-11-04 10:10:00
574343,379.28,302,26,12576,2011-11-04 10:11:00
574345,340.48,168,16,15845,2011-11-04 10:18:00
574346,426.84000000000003,252,10,17930,2011-11-04 10:23:00
574348,610.76,412,10,13756,2011-11-04 10:28:00
574349,659.8,268,15,13495,2011-11-04 10:29:00
574351,109.49,159,32,17348,2011-11-04 10:37:00
574352,5292.72,1776,14,18102,2011-11-04 10:38:00
574353,312.55,145,28,14659,2011-11-04 10:46:00
574354,464.05,328,16,17203,2011-11-04 10:47:00
574355,85.32000000000001,32,4,18102,2011-11-04 10:48:00
574363,5028.76,1418,13,18102,2011-11-04 10:57:00
574368,384.93,253,27,13004,2011-11-04 10:59:00
574383,80.60000000000001,16,4,18102,2011-11-04 11:03:00
574387,317.56,144,16,12944,2011-11-04 11:04:00
574393,324.3,174,17,13313,2011-11-04 11:06:00
574442,561.28,139,10,12704,2011-11-04 11:40:00
574444,198.47,151,37,18122,2011-11-04 11:41:00
574445,713.7600000000001,393,20,15722,2011-11-04 11:41:00
574446,84.0,40,1,15722,2011-11-04 11:43:00
574466,335.72,154,12,18172,2011-11-04 11:53:00
574467,41.6,20,1,18172,2011-11-04 11:53:00
574468,47.6,8,2,18172,2011-11-04 11:54:00
574469,601.44,336,1,12431,2011-11-04 11:55:00
574470,71.7,250,25,12748,2011-11-04 11:56:00
574471,419.12,308,23,17677,2011-11-04 11:59:00
574474,237.87,111,39,17979,2011-11-04 12:05:00
574475,308.15999999999997,383,23,14132,2011-11-04 12:18:00
574476,213.96,145,55,17203,2011-11-04 12:20:00
574477,348.33,269,54,15453,2011-11-04 12:21:00
574478,318.83,257,33,17203,2011-11-04 12:27:00
574479,235.35999999999999,184,22,18035,2011-11-04 12:39:00
574480,308.94,184,20,15010,2011-11-04 12:42:00
574481,612.72,703,141,18022,2011-11-04 12:45:00
574482,16.54,14,2,17193,2011-11-04 12:47:00
574484,463.09000000000003,350,30,14388,2011-11-04 12:50:00
574485,570.9200000000001,324,5,13798,2011-11-04 12:56:00
574490,269.1,184,18,17690,2011-11-04 13:04:00
574491,328.15,199,19,16318,2011-11-04 13:05:00
574501,327.89,304,57,12577,2011-11-04 13:15:00
574502,107.82,77,24,17274,2011-11-04 13:16:00
574506,102.82000000000001,31,20,12577,2011-11-04 13:24:00
574509,283.17,248,40,16012,2011-11-04 13:25:00
574511,324.57,279,22,15597,2011-11-04 13:26:00
574513,461.15999999999997,232,8,15291,2011-11-04 13:31:00
574514,627.0,518,20,15311,2011-11-04 13:34:00
574521,379.7,198,23,15358,2011-11-04 13:44:00
574523,390.6,108,9,18167,2011-11-04 13:51:00
574528,155.25,62,9,16782,2011-11-04 14:03:00
574529,190.88,131,25,17233,2011-11-04 14:06:00
574530,192.32999999999998,156,35,16887,2011-11-04 14:07:00
574531,37.29,71,6,12748,2011-11-04 14:11:00
574532,2370.04,1627,135,15676,2011-11-04 14:19:00
574533,592.5600000000001,566,11,12928,2011-11-04 14:24:00
574534,2118.12,1005,16,15061,2011-11-04 14:26:00
574535,133.91,85,8,16555,2011-11-04 14:31:00
574536,292.65,232,60,15707,2011-11-04 14:35:00
574537,71.66,70,7,13938,2011-11-04 14:37:00
574544,1931.45,1230,106,17084,2011-11-04 14:49:00
574545,816.54,472,41,17084,2011-11-04 14:54:00
574546,15.0,1,1,13651,2011-11-04 14:59:00
574547,488.35,221,104,17841,2011-11-04 15:08:00
574549,1.45,1,1,17841,2011-11-04 15:14:00
574550,728.67,325,55,12484,2011-11-04 15:18:00
574555,216.13,198,46,16426,2011-11-04 15:29:00
574557,165.32000000000002,108,8,17652,2011-11-04 15:35:00
574559,466.68,340,55,14056,2011-11-04 15:50:00
574560,307.78,214,19,17703,2011-11-04 15:51:00
574573,161.29,67,39,14592,2011-11-04 16:35:00
574575,482.67,350,51,14971,2011-11-04 17:03:00
574576,8.7,6,1,14971,2011-11-04 17:07:00
574585,399.6,216,1,17133,2011-11-06 09:34:00
574586,247.9,66,6,14882,2011-11-06 10:15:00
574587,1228.24,616,61,14936,2011-11-06 10:29:00
574588,74.9,22,3,14936,2011-11-06 10:30:00
574589,125.58,63,20,15017,2011-11-06 10:33:00
574590,335.86,166,22,18077,2011-11-06 10:44:00
574591,309.53000000000003,115,17,15745,2011-11-06 10:47:00
574592,139.1,58,8,14820,2011-11-06 10:49:00
574619,223.27,141,27,15952,2011-11-06 11:18:00
574624,538.74,191,33,17769,2011-11-06 11:20:00
574629,216.49,51,27,16326,2011-11-06 11:21:00
574631,471.84000000000003,106,5,12882,2011-11-06 11:22:00
574643,309.14,224,18,17387,2011-11-06 11:25:00
574653,482.16,522,14,12619,2011-11-06 11:30:00
574654,196.43,102,30,15571,2011-11-06 11:32:00
574655,241.86,94,23,16466,2011-11-06 11:35:00
574656,233.79999999999998,111,16,16434,2011-11-06 11:36:00
574657,439.66,232,59,13772,2011-11-06 11:43:00
574659,203.84,95,31,16942,2011-11-06 11:44:00
574660,306.01,223,84,15407,2011-11-06 11:55:00
574661,430.3,166,22,13447,2011-11-06 11:56:00
574662,493.62,224,25,16676,2011-11-06 12:01:00
574663,394.57,174,40,13527,2011-11-06 12:04:00
574664,328.9,366,11,14482,2011-11-06 12:07:00
574665,156.54,102,3,16168,2011-11-06 12:09:00
574666,257.76,144,1,16168,2011-11-06 12:10:00
574667,545.25,365,31,15514,2011-11-06 12:12:00
574668,29.700000000000003,6,1,15514,2011-11-06 12:12:00
574669,223.08,120,14,13727,2011-11-06 12:16:00
574670,281.16,127,58,12838,2011-11-06 12:20:00
574671,113.03,46,27,16744,2011-11-06 12:23:00
574672,210.31,129,66,13532,2011-11-06 12:25:00
574673,420.42,584,102,15555,2011-11-06 12:26:00
574674,126.79999999999998,58,13,14404,2011-11-06 12:30:00
574675,430.64,244,49,17289,2011-11-06 12:31:00
574676,194.15,65,34,16243,2011-11-06 12:32:00
574677,230.51,111,62,16445,2011-11-06 12:32:00
574678,1524.77,843,89,13365,2011-11-06 12:36:00
574679,464.32,259,14,12645,2011-11-06 12:38:00
574680,553.1,304,24,15078,2011-11-06 12:40:00
574681,317.8,268,20,15156,2011-11-06 12:41:00
574682,296.58,180,55,14963,2011-11-06 12:44:00
574683,331.93,154,84,16372,2011-11-06 12:50:00
574684,1349.69,822,55,17581,2011-11-06 12:56:00
574685,174.9,86,8,17581,2011-11-06 12:59:00
574686,186.19,225,53,17608,2011-11-06 13:00:00
574687,157.7,90,3,17581,2011-11-06 13:02:00
574688,5.8,4,1,17608,2011-11-06 13:06:00
574689,23.799999999999997,4,2,16372,2011-11-06 13:08:00
574690,671.69,577,39,12638,2011-11-06 13:11:00
574691,134.46,94,26,14174,2011-11-06 13:17:00
574692,144.3,81,15,16771,2011-11-06 13:28:00
574693,211.07,103,30,14553,2011-11-06 13:32:00
574694,419.06,146,16,12381,2011-11-06 13:36:00
574695,114.14,22,13,17114,2011-11-06 13:37:00
574696,202.88,122,32,13634,2011-11-06 13:40:00
574697,144.23000000000002,109,7,16488,2011-11-06 13:42:00
574698,152.2,92,6,14039,2011-11-06 13:48:00
574699,303.25,167,21,13040,2011-11-06 13:53:00
574700,1171.59,608,156,16033,2011-11-06 13:53:00
574701,287.64,160,57,15426,2011-11-06 13:54:00
574702,258.13,135,13,15839,2011-11-06 13:54:00
574703,44.39,20,14,15426,2011-11-06 13:59:00
574704,702.21,221,43,15696,2011-11-06 14:02:00
574705,194.4,21,10,14553,2011-11-06 14:06:00
574706,294.24,232,15,16790,2011-11-06 14:06:00
574707,2227.86,1296,76,17107,2011-11-06 14:08:00
574708,70.8,10,1,17107,2011-11-06 14:14:00
574709,893.62,632,52,17768,2011-11-06 14:14:00
574710,489.66,250,65,15427,2011-11-06 14:17:00
574711,78.0,18,4,14517,2011-11-06 14:20:00
574713,237.57,106,11,12628,2011-11-06 14:26:00
574714,581.39,429,132,15427,2011-11-06 14:29:00
574715,346.35,93,6,14135,2011-11-06 14:33:00
574716,89.08,27,19,14502,2011-11-06 14:33:00
574717,324.8,160,8,18170,2011-11-06 14:35:00
574718,885.8000000000001,428,15,15513,2011-11-06 14:36:00
574719,365.15999999999997,260,17,14511,2011-11-06 14:38:00
574720,473.90000000000003,290,67,14547,2011-11-06 14:39:00
574721,323.16,190,69,17920,2011-11-06 14:43:00
574722,378.76,376,93,14502,2011-11-06 14:45:00
574723,102.84,34,5,15150,2011-11-06 14:45:00
574724,99.0,20,1,13759,2011-11-06 14:47:00
574725,143.76,72,20,15883,2011-11-06 14:50:00
574726,387.39,301,64,14664,2011-11-06 14:56:00
574727,128.54,22,3,15526,2011-11-06 15:01:00
574728,330.79,264,20,13719,2011-11-06 15:02:00
574729,19.9,2,1,15526,2011-11-06 15:04:00
574730,55.50000000000001,24,2,14824,2011-11-06 15:08:00
574731,35.400000000000006,12,2,17831,2011-11-06 15:09:00
574732,978.84,528,47,13523,2011-11-06 15:11:00
574733,1366.91,733,57,17082,2011-11-06 15:17:00
574734,361.96,184,66,15025,2011-11-06 15:20:00
574735,89.25999999999999,52,6,13155,2011-11-06 15:41:00
574736,113.39999999999999,36,2,17131,2011-11-06 15:43:00
574737,558.59,259,27,14868,2011-11-06 15:53:00
574738,249.64000000000001,139,28,12748,2011-11-06 16:01:00
574739,400.93,191,22,16357,2011-11-06 16:04:00
574740,6207.67,2708,131,12357,2011-11-06 16:07:00
574741,434.27,267,101,15993,2011-11-06 16:13:00
574743,250.94,78,26,15351,2011-11-06 16:14:00
574744,317.36,112,15,16612,2011-11-07 07:38:00
574745,220.64,325,15,14911,2011-11-07 08:26:00
574746,676.8000000000001,198,8,16523,2011-11-07 08:30:00
574747,357.81,239,21,15618,2011-11-07 08:34:00
574749,535.61,367,33,15150,2011-11-07 08:54:00
574750,381.28000000000003,218,20,17164,2011-11-07 09:12:00
574751,44.85,27,2,17164,2011-11-07 09:13:00
574752,24.96,12,1,17164,2011-11-07 09:14:00
574754,153.16,130,9,17430,2011-11-07 09:24:00
574755,372.24,118,7,13078,2011-11-07 09:28:00
574756,306.2,128,11,13534,2011-11-07 09:40:00
574777,712.78,398,19,17761,2011-11-07 10:23:00
574824,531.14,184,25,13097,2011-11-07 10:43:00
574826,351.44,333,68,15870,2011-11-07 10:58:00
574827,45.599999999999994,48,4,14080,2011-11-07 11:09:00
574829,403.20000000000005,192,1,17389,2011-11-07 11:16:00
574830,387.76,790,21,16053,2011-11-07 11:21:00
574831,138.94,257,14,15522,2011-11-07 11:26:00
574832,630.0600000000001,226,9,17183,2011-11-07 11:29:00
574833,100.95,33,5,12827,2011-11-07 11:29:00
574834,718.9,266,23,13139,2011-11-07 11:30:00
574835,407.96000000000004,136,17,13139,2011-11-07 11:31:00
574836,527.0500000000001,265,33,17623,2011-11-07 11:32:00
574837,663.14,601,28,15785,2011-11-07 11:33:00
574838,140.0,5,1,12484,2011-11-07 11:37:00
574839,411.65,106,60,15493,2011-11-07 11:40:00
574840,243.99,166,45,12748,2011-11-07 11:41:00
574841,397.43,30,5,14156,2011-11-07 11:42:00
574842,114.75,61,7,13890,2011-11-07 11:55:00
574844,222.26000000000002,89,13,12783,2011-11-07 11:57:00
574846,156.96,112,16,14702,2011-11-07 11:59:00
574852,254.81,87,32,15493,2011-11-07 12:04:00
574860,180.0,500,1,17857,2011-11-07 12:10:00
574861,166.92,65,14,17368,2011-11-07 12:24:00
574862,754.5,365,23,12408,2011-11-07 12:27:00
574863,613.94,372,90,15719,2011-11-07 12:29:00
574864,797.86,364,56,14387,2011-11-07 12:29:00
574866,249.77,287,45,12748,2011-11-07 12:34:00
574867,207.99,95,11,16817,2011-11-07 12:39:00
574868,269.1,108,10,13824,2011-11-07 12:41:00
574869,280.77,140,16,12708,2011-11-07 12:44:00
574870,152.67000000000002,145,12,17811,2011-11-07 12:52:00
574871,148.82,29,16,14527,2011-11-07 12:56:00
574873,215.09,115,15,16362,2011-11-07 13:01:00
574874,307.36,333,12,14911,2011-11-07 13:06:00
574877,291.54,358,17,16637,2011-11-07 13:17:00
574878,131.79,21,6,14653,2011-11-07 13:18:00
574879,76.5,6,2,13014,2011-11-07 13:22:00
574880,370.25,341,17,18016,2011-11-07 13:25:00
574881,115.23,63,9,12832,2011-11-07 13:30:00
574882,487.04,217,56,13599,2011-11-07 13:45:00
574883,162.34,131,22,14623,2011-11-07 13:56:00
574884,204.0,48,1,15291,2011-11-07 13:57:00
574885,268.08,137,10,12472,2011-11-07 14:01:00
574887,187.48,212,14,13717,2011-11-07 14:13:00
574888,637.5,174,6,16353,2011-11-07 14:21:00
574889,213.45000000000002,63,3,16353,2011-11-07 14:22:00
574890,414.6,176,8,18229,2011-11-07 14:23:00
574891,106.44,52,24,14606,2011-11-07 14:28:00
574892,654.0,466,36,14700,2011-11-07 14:40:00
574893,149.43,79,34,18036,2011-11-07 14:40:00
574895,435.82,112,9,16570,2011-11-07 14:44:00
574896,165.76,62,43,17014,2011-11-07 14:51:00
574898,827.42,518,54,16242,2011-11-07 15:07:00
574899,324.7,119,12,14426,2011-11-07 15:10:00
574901,568.42,317,28,17158,2011-11-07 15:15:00
574903,335.47,189,16,17302,2011-11-07 15:27:00
574907,641.36,246,31,17043,2011-11-07 15:33:00
574908,82.75999999999999,28,3,16009,2011-11-07 15:37:00
574909,204.12,50,34,13673,2011-11-07 15:40:00
574910,206.72,158,11,16348,2011-11-07 15:44:00
574911,151.04,130,13,14073,2011-11-07 15:49:00
574913,97.7,22,3,13323,2011-11-07 16:00:00
574914,179.08,141,46,17109,2011-11-07 16:16:00
574915,743.58,258,17,16779,2011-11-07 16:17:00
574916,177.3,68,10,16790,2011-11-07 16:19:00
574917,386.74,136,5,14135,2011-11-07 16:30:00
574919,102.3,52,6,16241,2011-11-07 16:33:00
574920,418.26,160,20,13985,2011-11-07 16:34:00
574921,686.85,251,19,16070,2011-11-07 16:36:00
574923,195.0,119,37,17757,2011-11-07 16:40:00
574933,153.3,96,11,18150,2011-11-07 16:49:00
574934,303.16,180,17,16717,2011-11-07 16:50:00
574935,301.04,284,4,13199,2011-11-07 16:54:00
574936,151.81,136,28,13066,2011-11-07 17:06:00
574937,151.95,15,6,15344,2011-11-07 17:08:00
574938,206.9,78,3,14911,2011-11-07 17:15:00
574939,19.59,8,5,17109,2011-11-07 17:16:00
574940,223.88,136,11,14929,2011-11-07 17:21:00
574942,394.56,568,5,15330,2011-11-07 17:50:00
574943,170.64,228,9,13026,2011-11-08 07:52:00
574944,180.48,176,8,13710,2011-11-08 08:16:00
574945,303.3,122,15,15434,2011-11-08 08:18:00
574947,750.24,664,10,16422,2011-11-08 09:03:00
574948,192.0,56,8,15805,2011-11-08 09:07:00
574949,210.95,139,16,14360,2011-11-08 09:12:00
574951,564.4300000000001,84,28,15763,2011-11-08 09:44:00
574952,172.33,123,10,13924,2011-11-08 09:47:00
574953,316.36,220,15,16187,2011-11-08 09:50:00
574956,603.75,317,28,16732,2011-11-08 09:54:00
574958,260.38,242,17,14050,2011-11-08 10:00:00
574959,491.57,251,56,17886,2011-11-08 10:09:00
574960,684.96,276,24,17091,2011-11-08 10:17:00
574961,94.74,150,9,12971,2011-11-08 10:19:00
574962,1421.67,989,37,15194,2011-11-08 10:26:00
574963,336.12,178,18,12919,2011-11-08 10:27:00
574964,484.79999999999995,288,10,13329,2011-11-08 10:29:00
574965,201.45,99,53,17964,2011-11-08 10:44:00
574966,132.64000000000001,48,7,14901,2011-11-08 10:50:00
574994,138.16000000000003,61,15,17870,2011-11-08 11:03:00
575003,418.29,161,21,15950,2011-11-08 11:09:00
575007,540.99,517,40,14140,2011-11-08 11:20:00
575017,114.23,89,24,17219,2011-11-08 11:25:00
575027,125.92,80,2,13199,2011-11-08 11:29:00
575034,187.1,138,41,15573,2011-11-08 11:38:00
575036,407.55,199,20,15249,2011-11-08 11:45:00
575037,390.85,233,19,16066,2011-11-08 11:51:00
575038,171.84,96,1,18135,2011-11-08 11:51:00
575039,327.22,245,46,15005,2011-11-08 11:53:00
575040,657.08,388,33,13381,2011-11-08 11:58:00
575041,335.93,137,19,17289,2011-11-08 12:01:00
575043,4.95,1,1,13047,2011-11-08 12:06:00
575045,101.64,54,6,14910,2011-11-08 12:09:00
575046,244.56,162,18,15039,2011-11-08 12:09:00
575049,614.3199999999999,409,35,12721,2011-11-08 12:13:00
575050,777.6,576,4,16505,2011-11-08 12:14:00
575051,428.89,211,40,15957,2011-11-08 12:14:00
575053,56.6,24,3,16945,2011-11-08 12:18:00
575054,350.64,164,22,16945,2011-11-08 12:18:00
575059,151.28,114,45,14071,2011-11-08 12:25:00
575060,1095.29,387,45,13089,2011-11-08 12:29:00
575061,111.9,26,2,14524,2011-11-08 12:29:00
575062,303.28000000000003,190,15,17651,2011-11-08 12:30:00
575063,351.59000000000003,141,71,16764,2011-11-08 12:32:00
575066,150.92,106,13,13668,2011-11-08 12:42:00
575067,774.45,461,24,12583,2011-11-08 12:45:00
575068,249.7,170,15,14282,2011-11-08 12:46:00
575069,208.11,65,11,17637,2011-11-08 12:51:00
575070,786.6899999999999,445,123,17841,2011-11-08 12:58:00
575071,145.6,70,6,12990,2011-11-08 13:01:00
575072,60.599999999999994,44,3,14560,2011-11-08 13:10:00
575073,722.07,539,93,13975,2011-11-08 13:10:00
575074,150.04,94,28,15356,2011-11-08 13:11:00
575075,272.5,210,23,13975,2011-11-08 13:19:00
575076,786.36,351,30,16639,2011-11-08 13:20:00
575077,258.42,124,10,15406,2011-11-08 13:22:00
575078,320.34000000000003,146,17,17633,2011-11-08 13:25:00
575080,377.28,408,5,14676,2011-11-08 13:29:00
575083,308.47999999999996,380,13,18123,2011-11-08 13:31:00
575085,341.44,108,14,12849,2011-11-08 13:41:00
575086,1206.3,592,42,16618,2011-11-08 13:52:00
575087,267.6,100,75,16549,2011-11-08 13:57:00
575088,135.6,24,7,13272,2011-11-08 14:00:00
575089,422.04,264,24,13437,2011-11-08 14:02:00
575090,67.65,23,10,17515,2011-11-08 14:04:00
575091,516.85,439,38,17160,2011-11-08 14:05:00
575117,222.47,166,114,12748,2011-11-08 14:22:00
575125,537.0,300,3,15043,2011-11-08 14:26:00
575127,296.78000000000003,168,15,13695,2011-11-08 14:26:00
575128,521.54,414,33,16837,2011-11-08 14:27:00
575129,241.73000000000002,63,18,13110,2011-11-08 14:30:00
575131,166.7,50,7,15208,2011-11-08 14:39:00
575132,303.6,166,14,18177,2011-11-08 14:44:00
575133,159.38,147,6,14667,2011-11-08 14:48:00
575134,97.7,26,3,14667,2011-11-08 14:49:00
575135,131.22,24,8,13928,2011-11-08 14:49:00
575136,411.68,181,22,15103,2011-11-08 14:53:00
575137,1833.69,495,32,13090,2011-11-08 15:13:00
575139,338.55,304,17,16863,2011-11-08 15:26:00
575140,303.08,216,9,18198,2011-11-08 15:35:00
575141,787.29,435,35,15615,2011-11-08 15:35:00
575143,260.04,147,14,13643,2011-11-08 15:37:00
575144,573.71,239,24,12540,2011-11-08 15:38:00
575145,213.5,78,12,14116,2011-11-08 15:40:00
575146,2328.84,1402,24,17313,2011-11-08 15:45:00
575147,326.4,84,4,17937,2011-11-08 15:45:00
575148,422.45000000000005,185,22,13867,2011-11-08 15:48:00
575149,110.5,26,6,16626,2011-11-08 15:59:00
575151,263.08,129,15,12395,2011-11-08 16:12:00
575152,422.43,294,51,16284,2011-11-08 16:12:00
575154,243.47,117,13,12395,2011-11-08 16:15:00
575163,9.9,2,2,17961,2011-11-08 16:28:00
575164,481.75,200,26,18216,2011-11-08 16:55:00
575165,91.03999999999999,46,5,14342,2011-11-08 17:05:00
575166,71.0,108,7,17022,2011-11-08 17:09:00
575167,329.25,198,22,15153,2011-11-08 17:09:00
575168,435.28,246,9,15290,2011-11-08 17:19:00
575169,598.46,287,22,14367,2011-11-08 17:21:00
575170,108.85000000000001,23,4,17006,2011-11-08 17:42:00
575178,345.8,110,2,13798,2011-11-09 08:11:00
575179,343.15,91,19,14284,2011-11-09 08:11:00
575180,306.0,24,1,15187,2011-11-09 08:14:00
575181,312.0,150,15,14709,2011-11-09 08:21:00
575182,33.0,20,2,14709,2011-11-09 08:24:00
575183,431.59,188,21,13046,2011-11-09 08:36:00
575184,450.4,404,5,16839,2011-11-09 08:41:00
575185,725.7,136,10,14051,2011-11-09 08:50:00
575186,242.45,187,17,17611,2011-11-09 09:01:00
575187,107.95,175,8,16759,2011-11-09 09:06:00
575188,310.9,120,15,16759,2011-11-09 09:07:00
575189,474.29999999999995,42,3,13029,2011-11-09 09:13:00
575190,742.2,300,6,15189,2011-11-09 09:21:00
575191,315.0,72,5,18144,2011-11-09 09:22:00
575192,214.8,120,4,16205,2011-11-09 09:32:00
575193,718.99,346,38,12681,2011-11-09 09:34:00
575194,359.46,222,15,16767,2011-11-09 09:38:00
575195,271.36,202,15,16767,2011-11-09 09:40:00
575196,83.2,40,1,16767,2011-11-09 09:41:00
575197,41.08,46,3,16767,2011-11-09 09:42:00
575198,71.25,19,3,12921,2011-11-09 09:47:00
575199,725.22,439,31,12921,2011-11-09 09:48:00
575200,12.48,6,1,12921,2011-11-09 09:50:00
575201,821.0,450,3,13629,2011-11-09 09:52:00
575202,359.7,270,23,13018,2011-11-09 10:14:00
575203,42.96,24,1,13018,2011-11-09 10:14:00
575204,99.18,42,4,15027,2011-11-09 10:16:00
575205,237.60000000000002,48,1,13147,2011-11-09 10:18:00
575206,1296.56,788,31,14298,2011-11-09 10:26:00
575207,339.71999999999997,224,14,18172,2011-11-09 10:27:00
575208,15.600000000000001,24,1,18172,2011-11-09 10:27:00
575209,49.800000000000004,48,4,14214,2011-11-09 10:31:00
575210,311.19,121,16,14732,2011-11-09 10:32:00
575211,283.31,135,38,17377,2011-11-09 10:39:00
575212,306.58,172,18,14108,2011-11-09 10:41:00
575213,1809.6000000000001,560,3,16210,2011-11-09 10:47:00
575214,1764.72,1031,24,16751,2011-11-09 10:48:00
575215,261.2,36,12,18109,2011-11-09 11:04:00
575216,722.2,547,23,13384,2011-11-09 11:04:00
575217,147.15,50,8,14794,2011-11-09 11:10:00
575218,285.85,121,13,16592,2011-11-09 11:16:00
575219,7059.54,4675,66,17511,2011-11-09 11:17:00
575220,2506.0,1400,14,17511,2011-11-09 11:19:00
575221,717.8,333,36,12949,2011-11-09 11:25:00
575222,398.31,141,36,16880,2011-11-09 11:33:00
575255,1975.0,788,5,15769,2011-11-09 11:55:00
575256,550.4399999999999,252,8,13408,2011-11-09 11:58:00
575258,188.57,137,15,13623,2011-11-09 12:00:00
575269,1130.74,730,40,17865,2011-11-09 12:08:00
575291,103.67999999999999,144,2,16656,2011-11-09 12:20:00
575296,426.6,540,1,16041,2011-11-09 12:25:00
575297,172.14000000000001,50,8,15134,2011-11-09 12:26:00
575298,438.08,480,70,17841,2011-11-09 12:29:00
575299,345.26,100,9,14691,2011-11-09 12:30:00
575300,304.02,170,11,13804,2011-11-09 12:30:00
575301,48.790000000000006,13,3,13804,2011-11-09 12:32:00
575302,307.96,236,5,17086,2011-11-09 12:32:00
575303,176.55,90,27,12893,2011-11-09 12:34:00
575304,8.9,6,3,17841,2011-11-09 12:38:00
575305,336.40000000000003,178,10,14188,2011-11-09 12:45:00
575312,222.0,196,13,13588,2011-11-09 12:49:00
575317,312.9,106,4,17402,2011-11-09 13:12:00
575318,413.06,322,25,14921,2011-11-09 13:17:00
575319,76.05,31,4,14836,2011-11-09 13:26:00
575320,270.9,186,15,17011,2011-11-09 13:30:00
575321,275.40999999999997,175,18,15311,2011-11-09 13:34:00
575322,312.78000000000003,68,5,14543,2011-11-09 13:36:00
575323,565.66,354,25,15392,2011-11-09 13:37:00
575324,663.49,339,32,14240,2011-11-09 13:45:00
575325,306.25,150,39,17293,2011-11-09 13:46:00
575326,349.83000000000004,153,16,12532,2011-11-09 13:47:00
575328,2640.0,2400,5,17857,2011-11-09 13:48:00
575329,112.4,28,22,17038,2011-11-09 13:50:00
575330,309.08,268,17,15152,2011-11-09 13:50:00
575331,1049.66,593,59,13209,2011-11-09 13:52:00
575332,85.92,48,1,13209,2011-11-09 13:53:00
575333,599.95,357,22,13209,2011-11-09 13:54:00
575334,475.62,256,23,14493,2011-11-09 13:54:00
575335,4961.2,3684,7,12931,2011-11-09 13:56:00
575336,147.59,127,37,14968,2011-11-09 13:58:00
575337,185.44,133,53,17867,2011-11-09 14:11:00
575338,14.95,1,1,17867,2011-11-09 14:15:00
575339,312.12,94,27,15555,2011-11-09 14:29:00
575340,1296.37,703,43,15485,2011-11-09 14:31:00
575342,373.27,103,15,17528,2011-11-09 14:44:00
575352,449.4,87,6,12504,2011-11-09 14:56:00
575356,49.5,10,2,13882,2011-11-09 14:58:00
575360,101.69999999999999,58,6,16516,2011-11-09 14:59:00
575366,482.59000000000003,329,29,14621,2011-11-09 15:02:00
575367,508.28,564,35,15114,2011-11-09 15:05:00
575368,225.18,101,52,14482,2011-11-09 15:07:00
575369,613.6800000000001,364,22,16655,2011-11-09 15:09:00
575370,125.80000000000001,44,5,13522,2011-11-09 15:11:00
575371,305.6,340,11,14132,2011-11-09 15:11:00
575383,168.12,268,14,15986,2011-11-09 15:17:00
575384,504.53000000000003,181,21,17690,2011-11-09 15:17:00
575387,76.8,64,5,13992,2011-11-09 15:23:00
575388,188.04000000000002,156,2,12971,2011-11-09 15:30:00
575389,97.63,101,7,12971,2011-11-09 15:31:00
575390,55.31999999999999,60,5,12971,2011-11-09 15:31:00
575391,87.78,90,6,14354,2011-11-09 15:36:00
575392,209.48,215,15,14234,2011-11-09 15:42:00
575410,413.6,172,17,17705,2011-11-09 15:50:00
575415,207.50000000000003,50,1,16168,2011-11-09 15:51:00
575418,83.2,40,2,16986,2011-11-09 15:52:00
575433,20.8,10,1,16953,2011-11-09 15:54:00
575475,485.6,302,19,17702,2011-11-09 16:03:00
575476,393.23,421,8,15046,2011-11-09 16:10:00
575480,182.55,53,8,15594,2011-11-09 16:26:00
575481,474.4,682,84,15679,2011-11-09 16:28:00
575482,355.38,179,38,15916,2011-11-09 16:33:00
575483,415.18,154,11,16996,2011-11-09 16:43:00
575484,484.15,199,26,16670,2011-11-09 17:02:00
575485,175.92,88,11,18274,2011-11-09 17:03:00
575486,826.04,580,21,14911,2011-11-09 17:07:00
575487,429.84,376,30,15450,2011-11-09 17:11:00
575490,230.82,230,35,15031,2011-11-09 17:44:00
575491,1495.06,832,175,15531,2011-11-09 17:47:00
575492,108.5,64,6,18236,2011-11-10 08:06:00
575493,321.37,271,15,18210,2011-11-10 08:39:00
575494,288.0,7,3,17500,2011-11-10 09:08:00
575495,754.6600000000001,266,12,14944,2011-11-10 09:09:00
575496,188.4,72,3,14944,2011-11-10 09:09:00
575497,34.68,12,1,14944,2011-11-10 09:10:00
575498,33.0,13,2,12708,2011-11-10 09:52:00
575499,525.92,262,17,16003,2011-11-10 09:56:00
575500,415.55,328,28,16003,2011-11-10 09:57:00
575501,449.2,336,12,16218,2011-11-10 09:59:00
575502,369.12,264,21,16700,2011-11-10 10:10:00
575504,770.92,305,34,14895,2011-11-10 10:29:00
575507,1013.01,191,29,17197,2011-11-10 10:32:00
575508,8111.2,6712,53,14646,2011-11-10 10:32:00
575509,471.0,256,8,17101,2011-11-10 10:32:00
575510,1549.12,1040,10,14646,2011-11-10 10:33:00
575512,1247.41,786,68,14121,2011-11-10 10:36:00
575514,445.03999999999996,261,24,12541,2011-11-10 10:40:00
575515,420.74999999999994,159,9,17315,2011-11-10 10:41:00
575516,3893.79,1690,116,17340,2011-11-10 10:45:00
575517,337.02,110,29,14562,2011-11-10 10:49:00
575519,310.83,165,14,12682,2011-11-10 10:53:00
575520,266.92,330,14,17537,2011-11-10 10:56:00
575525,128.88,72,1,13983,2011-11-10 11:06:00
575563,225.46,186,14,17521,2011-11-10 11:22:00
575574,110.14,62,28,14606,2011-11-10 11:37:00
575576,439.65999999999997,338,28,16025,2011-11-10 11:45:00
575579,72.0,100,1,13081,2011-11-10 11:49:00
575581,91.68,105,5,12659,2011-11-10 11:53:00
575582,1790.0,1000,1,16986,2011-11-10 11:55:00
575583,243.04,174,75,14456,2011-11-10 11:55:00
575584,245.4,101,13,12682,2011-11-10 11:55:00
575586,185.04,108,9,12981,2011-11-10 12:00:00
575587,382.56,435,47,17461,2011-11-10 12:01:00
575589,514.16,274,27,14262,2011-11-10 12:05:00
575591,106.1,46,10,17791,2011-11-10 12:09:00
575593,320.07,133,12,14226,2011-11-10 12:12:00
575595,125.4,60,6,15452,2011-11-10 12:13:00
575602,843.29,571,146,17059,2011-11-10 12:27:00
575603,197.85,109,24,18125,2011-11-10 12:29:00
575604,256.2,120,7,16011,2011-11-10 12:32:00
575605,350.02,217,15,17188,2011-11-10 12:35:00
575607,4358.0,1014,375,14096,2011-11-10 12:37:00
575609,448.5,268,21,17243,2011-11-10 12:40:00
575610,568.21,361,30,16628,2011-11-10 12:45:00
575611,113.5,260,11,17861,2011-11-10 12:46:00
575612,1014.61,699,52,17416,2011-11-10 12:47:00
575618,126.14,106,7,15463,2011-11-10 12:57:00
575619,495.6,120,5,14712,2011-11-10 12:59:00
575620,198.39000000000001,125,13,17573,2011-11-10 13:01:00
575621,131.14,52,17,16892,2011-11-10 13:03:00
575622,352.23,369,24,16743,2011-11-10 13:13:00
575623,237.31,260,18,14064,2011-11-10 13:14:00
575624,303.85,223,12,18217,2011-11-10 13:18:00
575627,288.14,342,19,17977,2011-11-10 13:28:00
575628,151.08,48,23,12844,2011-11-10 13:31:00
575629,175.54000000000002,207,14,12599,2011-11-10 13:34:00
575631,166.97,126,42,15184,2011-11-10 13:41:00
575632,1013.86,3,1,12473,2011-11-10 13:44:00
575633,150.8,24,6,15355,2011-11-10 13:44:00
575634,301.06,412,18,13266,2011-11-10 13:44:00
575636,40.46,1,1,12473,2011-11-10 13:46:00
575637,356.18,143,60,16904,2011-11-10 13:46:00
575639,241.8,240,10,15289,2011-11-10 13:49:00
575640,240.16,110,31,13148,2011-11-10 14:01:00
575642,486.75,177,14,14466,2011-11-10 14:07:00
575643,384.88,184,16,13267,2011-11-10 14:09:00
575647,856.41,392,45,16440,2011-11-10 14:16:00
575652,469.65,43,8,12748,2011-11-10 14:28:00
575654,299.21000000000004,115,13,15238,2011-11-10 14:28:00
575655,182.23,60,18,16434,2011-11-10 14:28:00
575656,1855.99,777,47,13319,2011-11-10 14:29:00
575657,112.03999999999999,58,5,13319,2011-11-10 14:30:00
575658,24.96,12,1,13319,2011-11-10 14:31:00
575659,543.36,236,10,13576,2011-11-10 14:35:00
575660,149.8,76,9,15297,2011-11-10 14:38:00
575661,352.98,210,39,12617,2011-11-10 14:39:00
575668,108.4,61,56,18283,2011-11-10 14:59:00
575671,665.46,333,20,12670,2011-11-10 15:03:00
575673,266.76,132,11,14863,2011-11-10 15:04:00
575674,125.38,54,7,13468,2011-11-10 15:06:00
575675,1.95,1,1,18283,2011-11-10 15:07:00
575676,323.62,578,8,13499,2011-11-10 15:09:00
575678,579.15,449,29,16169,2011-11-10 15:23:00
575680,677.09,485,41,13148,2011-11-10 15:23:00
575681,363.2,247,50,16903,2011-11-10 15:32:00
575682,279.5,141,15,12826,2011-11-10 15:37:00
575683,3782.52,954,18,17389,2011-11-10 15:51:00
575684,300.38,266,6,14397,2011-11-10 15:57:00
575685,600.1800000000001,162,9,15694,2011-11-10 15:57:00
575686,347.68,174,13,17716,2011-11-10 15:59:00
575687,2581.07,1041,44,16126,2011-11-10 16:03:00
575688,343.8,154,11,18230,2011-11-10 16:15:00
575689,165.92,88,8,14829,2011-11-10 16:16:00
575690,314.65999999999997,208,19,14189,2011-11-10 16:20:00
575691,179.55,34,9,14180,2011-11-10 16:21:00
575692,274.8,202,47,12508,2011-11-10 16:27:00
575693,302.64,174,12,16979,2011-11-10 16:36:00
575694,165.05,127,44,12748,2011-11-10 16:38:00
575695,226.60000000000002,94,11,17502,2011-11-10 16:39:00
575697,77.64,60,6,16094,2011-11-10 16:51:00
575698,431.56,314,28,16094,2011-11-10 16:51:00
575700,329.68,148,16,15111,2011-11-10 16:58:00
575701,973.72,461,28,13396,2011-11-10 16:59:00
575702,108.86,92,5,17109,2011-11-10 16:59:00
575703,1735.3000000000002,902,11,13767,2011-11-10 16:59:00
575705,826.7,392,27,15159,2011-11-10 17:06:00
575706,360.84,248,49,14713,2011-11-10 17:13:00
575707,363.95,191,21,12538,2011-11-10 17:16:00
575708,75.98,89,6,13460,2011-11-10 17:17:00
575709,162.8,34,2,14646,2011-11-10 17:27:00
575710,110.38,24,19,17901,2011-11-10 17:29:00
575711,65.28,48,3,14560,2011-11-10 17:45:00
575712,30.119999999999997,36,3,13606,2011-11-10 17:46:00
575713,254.28,148,15,13817,2011-11-10 17:49:00
575718,269.77,69,31,16907,2011-11-10 18:04:00
575723,296.98,162,14,14748,2011-11-10 18:33:00
575724,486.65,119,6,14608,2011-11-10 18:37:00
575725,1955.68,1103,32,13098,2011-11-10 18:46:00
575726,479.36,245,84,16791,2011-11-10 19:12:00
575727,129.6,60,3,18135,2011-11-10 19:32:00
575728,1003.03,496,48,14911,2011-11-10 19:40:00
575729,397.06,196,26,17932,2011-11-10 19:49:00
575730,158.61,113,31,14765,2011-11-10 19:53:00
575731,169.69,82,36,13230,2011-11-10 20:01:00
575732,232.65,50,9,12712,2011-11-11 08:19:00
575733,246.01,132,14,13810,2011-11-11 08:33:00
575734,292.58,64,13,12384,2011-11-11 08:39:00
575735,370.8,153,17,14156,2011-11-11 08:46:00
575736,223.68,149,12,12697,2011-11-11 08:47:00
575737,197.64,116,6,14789,2011-11-11 08:59:00
575738,138.92,120,12,16790,2011-11-11 09:02:00
575740,455.90999999999997,386,31,18130,2011-11-11 09:25:00
575741,110.4,42,6,13727,2011-11-11 09:46:00
575742,328.96000000000004,180,16,14309,2011-11-11 09:46:00
575743,305.3,166,7,12757,2011-11-11 10:01:00
575744,300.32,120,12,14035,2011-11-11 10:03:00
575745,203.6,110,10,16458,2011-11-11 10:14:00
575747,515.1800000000001,223,25,12589,2011-11-11 10:19:00
575750,379.58000000000004,161,9,12600,2011-11-11 10:29:00
575751,1674.65,840,47,14911,2011-11-11 10:32:00
575753,218.61,148,73,17841,2011-11-11 10:41:00
575754,120.53999999999999,52,17,17295,2011-11-11 10:43:00
575755,272.58,279,22,17015,2011-11-11 10:45:00
575756,155.37,92,34,18118,2011-11-11 10:48:00
575757,147.1,71,22,17295,2011-11-11 10:49:00
575760,469.63,247,68,15965,2011-11-11 10:50:00
575764,32.5,26,2,15965,2011-11-11 11:02:00
575765,325.01,211,15,17730,2011-11-11 11:02:00
575766,264.12,133,29,12856,2011-11-11 11:06:00
575767,208.89,161,53,17348,2011-11-11 11:11:00
575787,486.96000000000004,324,30,12518,2011-11-11 11:18:00
575828,251.8,136,15,17162,2011-11-11 11:34:00
575830,16.95,1,1,14226,2011-11-11 11:34:00
575837,345.56,334,40,12748,2011-11-11 11:37:00
575838,328.43,151,21,13999,2011-11-11 11:38:00
575840,682.17,407,63,13137,2011-11-11 11:56:00
575842,289.19,191,25,15024,2011-11-11 12:01:00
575843,148.96,121,33,14446,2011-11-11 12:02:00
575845,336.8,337,14,12598,2011-11-11 12:07:00
575846,904.6,622,80,17364,2011-11-11 12:07:00
575847,139.10000000000002,58,8,18209,2011-11-11 12:07:00
575848,246.86,232,55,14178,2011-11-11 12:10:00
575849,216.74,217,13,14790,2011-11-11 12:11:00
575850,451.68,512,5,17512,2011-11-11 12:11:00
575851,229.09,256,69,14662,2011-11-11 12:13:00
575852,345.99,154,34,17238,2011-11-11 12:17:00
575853,156.43,31,7,16912,2011-11-11 12:18:00
575854,1091.28,474,59,14125,2011-11-11 12:20:00
575855,198.29,76,33,14527,2011-11-11 12:24:00
575856,241.47,179,73,16386,2011-11-11 12:28:00
575866,504.24,168,5,16107,2011-11-11 12:41:00
575867,813.75,595,100,15034,2011-11-11 12:44:00
575868,754.38,841,52,12985,2011-11-11 12:44:00
575869,15.8,4,1,14543,2011-11-11 12:45:00
575870,468.91,213,16,15557,2011-11-11 12:46:00
575871,461.32,259,20,14911,2011-11-11 12:52:00
575873,640.84,396,4,17677,2011-11-11 12:53:00
575874,149.01,65,10,17054,2011-11-11 12:56:00
575876,122.4,108,2,15608,2011-11-11 13:20:00
575877,416.56,116,13,14907,2011-11-11 13:25:00
575878,5.43,13,2,13588,2011-11-11 13:29:00
575880,784.46,763,36,12726,2011-11-11 13:35:00
575882,152.64000000000001,144,1,16671,2011-11-11 13:40:00
575884,413.12,203,22,12685,2011-11-11 13:46:00
575885,302.62,140,17,16460,2011-11-11 13:46:00
575886,488.95,314,72,12517,2011-11-11 13:57:00
575887,424.2,124,7,17243,2011-11-11 14:03:00
575888,54.0,3,1,12517,2011-11-11 14:04:00
575889,184.26,106,17,16433,2011-11-11 14:09:00
575890,125.03999999999999,136,7,15602,2011-11-11 14:09:00
575891,191.04,138,12,15692,2011-11-11 14:12:00
575892,202.31,131,19,16332,2011-11-11 14:22:00
575893,239.28,121,16,17088,2011-11-11 14:23:00
575894,220.7,787,3,12748,2011-11-11 14:25:00
575895,399.09,251,72,17052,2011-11-11 14:50:00
575896,1136.6799999999998,611,40,12480,2011-11-11 14:52:00
575897,171.72,156,7,15492,2011-11-11 14:53:00
575898,302.48,124,26,16368,2011-11-11 15:08:00
575899,359.9,191,16,16133,2011-11-11 15:13:00
575902,446.02,491,37,15544,2011-11-11 15:20:00
575903,343.38,322,18,13557,2011-11-11 15:24:00
575904,162.22,66,29,18014,2011-11-11 15:28:00
575905,491.86,498,33,13732,2011-11-11 15:49:00
575908,345.82,466,21,13091,2011-11-11 15:54:00
575910,3.0,2,1,14836,2011-11-11 16:05:00
575911,315.72,234,17,17314,2011-11-11 16:13:00
575914,432.16,316,20,17071,2011-11-11 16:31:00
575915,1405.2,456,9,15903,2011-11-11 16:33:00
575916,176.39999999999998,97,2,12691,2011-11-11 16:49:00
575917,681.96,418,35,13895,2011-11-11 16:57:00
575918,532.17,307,52,17191,2011-11-11 16:58:00
575919,4041.18,2683,82,15311,2011-11-11 17:00:00
575920,306.0,120,1,15473,2011-11-11 17:01:00
575922,479.8,260,14,15681,2011-11-11 17:10:00
575923,501.56,361,31,17069,2011-11-11 17:11:00
575924,149.23,89,8,17069,2011-11-11 17:13:00
575929,314.38,192,20,13310,2011-11-11 17:23:00
575931,509.23,331,36,16560,2011-11-13 10:35:00
575932,449.87,257,46,16923,2011-11-13 10:35:00
575933,1285.4399999999998,1200,8,14911,2011-11-13 10:41:00
575935,453.40000000000003,434,15,17838,2011-11-13 11:20:00
575936,320.6,388,23,17041,2011-11-13 11:21:00
575937,281.58,255,18,12935,2011-11-13 11:24:00
575938,273.51,112,29,17790,2011-11-13 11:30:00
575939,316.54,178,19,13004,2011-11-13 11:37:00
575941,180.51,93,25,16438,2011-11-13 11:39:00
575942,312.90999999999997,357,23,15599,2011-11-13 11:44:00
575943,250.44,129,47,17920,2011-11-13 11:44:00
575944,524.9,348,28,16571,2011-11-13 11:46:00
575945,305.28000000000003,288,2,15864,2011-11-13 11:48:00
575946,61.199999999999996,24,1,13892,2011-11-13 11:50:00
575948,107.95,35,4,14661,2011-11-13 11:51:00
575949,445.56,236,7,16711,2011-11-13 11:51:00
575950,416.35999999999996,316,20,16983,2011-11-13 11:53:00
575951,316.44,364,9,13450,2011-11-13 11:54:00
575952,200.67999999999998,238,57,16015,2011-11-13 11:55:00
575954,433.0,356,38,17211,2011-11-13 12:03:00
575955,110.71000000000001,57,24,14044,2011-11-13 12:05:00
575956,152.19,91,19,14487,2011-11-13 12:17:00
575957,108.81,141,29,13170,2011-11-13 12:19:00
575958,32.17,10,7,15021,2011-11-13 12:23:00
575959,1108.78,698,86,14547,2011-11-13 12:27:00
575960,154.29,71,35,15429,2011-11-13 12:28:00
575961,125.48,36,12,16794,2011-11-13 12:29:00
575964,212.27,69,51,15021,2011-11-13 12:31:00
575965,342.95,325,28,13426,2011-11-13 12:32:00
575966,101.18,32,4,13984,2011-11-13 12:38:00
575967,2.95,1,1,16794,2011-11-13 12:40:00
575968,341.8,92,5,14882,2011-11-13 12:47:00
575969,228.97,191,27,13571,2011-11-13 12:47:00
575970,372.68,127,20,16416,2011-11-13 12:50:00
575971,308.1,138,9,13700,2011-11-13 13:00:00
575972,440.63,308,97,14499,2011-11-13 13:01:00
575975,672.99,473,40,13536,2011-11-13 13:18:00
575976,183.14,80,16,15271,2011-11-13 13:26:00
575977,168.76,85,21,17287,2011-11-13 13:27:00
575978,471.6,138,6,15903,2011-11-13 13:27:00
575979,175.31,181,11,14784,2011-11-13 13:30:00
575981,312.24,198,22,15500,2011-11-13 13:41:00
575982,718.71,407,21,13798,2011-11-13 13:42:00
575983,136.74,126,37,13379,2011-11-13 13:45:00
575984,141.44,68,8,17068,2011-11-13 13:50:00
575985,507.59000000000003,234,77,17841,2011-11-13 14:09:00
575986,240.05,121,15,13018,2011-11-13 14:11:00
575987,29.82,12,2,13018,2011-11-13 14:14:00
575988,108.3,54,6,13018,2011-11-13 14:18:00
575989,316.67,154,54,14698,2011-11-13 14:20:00
576014,268.72,148,45,17218,2011-11-13 14:29:00
576019,586.85,375,37,12865,2011-11-13 14:31:00
576025,121.4,72,21,13232,2011-11-13 14:34:00
576045,279.8,110,29,15022,2011-11-13 14:42:00
576050,39.95,1,1,15022,2011-11-13 14:44:00
576051,2068.4900000000002,945,69,14911,2011-11-13 14:45:00
576052,367.34,194,66,15787,2011-11-13 14:48:00
576053,581.58,433,70,16726,2011-11-13 14:53:00
576054,86.82000000000001,58,49,15787,2011-11-13 14:55:00
576055,326.82,296,20,15449,2011-11-13 15:02:00
576056,308.34,158,13,17720,2011-11-13 15:04:00
576057,213.83999999999997,202,42,15861,2011-11-13 15:05:00
576058,595.02,329,9,15654,2011-11-13 15:15:00
576059,357.67,123,42,15411,2011-11-13 15:19:00
576060,179.67000000000002,68,14,13681,2011-11-13 15:25:00
576061,228.91,154,16,13146,2011-11-13 15:29:00
576062,993.38,918,103,12867,2011-11-13 15:30:00
576063,330.45,115,11,15502,2011-11-13 15:37:00
576064,123.08,69,17,12508,2011-11-13 15:37:00
576065,337.11,235,45,15005,2011-11-13 15:42:00
576066,187.26,168,58,16898,2011-11-13 15:44:00
576067,319.06,187,15,14227,2011-11-13 15:48:00
576068,368.45,193,15,14788,2011-11-13 15:52:00
576069,164.34,164,27,13603,2011-11-13 15:57:00
576070,512.76,385,70,13451,2011-11-13 15:58:00
576071,248.07,202,84,18069,2011-11-13 16:03:00
576073,173.44,152,23,16930,2011-11-13 16:13:00
576074,306.48,168,11,13178,2011-11-13 16:14:00
576075,483.90999999999997,400,92,15861,2011-11-13 16:16:00
576076,615.49,1231,121,14382,2011-11-13 16:18:00
576077,152.95,180,25,16720,2011-11-13 16:22:00
576078,581.07,451,96,14432,2011-11-13 16:22:00
576079,134.77,69,24,16877,2011-11-13 16:24:00
576080,49.2,24,3,18211,2011-11-14 08:10:00
576081,310.08,289,24,15203,2011-11-14 08:16:00
576082,408.34000000000003,150,15,12428,2011-11-14 08:22:00
576083,1238.48,1060,11,17404,2011-11-14 08:22:00
576084,15.0,12,1,15365,2011-11-14 08:27:00
576085,218.72,146,11,15365,2011-11-14 08:28:00
576086,135.45,51,8,15365,2011-11-14 08:29:00
576087,736.5799999999999,347,38,12689,2011-11-14 08:31:00
576088,1314.94,340,8,17450,2011-11-14 08:41:00
576089,303.63,99,13,17663,2011-11-14 08:56:00
576090,3174.3999999999996,1376,9,17450,2011-11-14 08:56:00
576091,319.3,158,16,16779,2011-11-14 09:00:00
576092,401.76,420,16,18263,2011-11-14 09:00:00
576093,303.06,574,25,17744,2011-11-14 09:05:00
576094,309.47999999999996,316,10,16401,2011-11-14 09:12:00
576095,396.96,593,22,14904,2011-11-14 09:13:00
576096,86.0,26,4,13549,2011-11-14 09:20:00
576097,139.56,92,7,14494,2011-11-14 09:21:00
576098,537.1,342,27,14862,2011-11-14 10:01:00
576099,392.57,405,27,13021,2011-11-14 10:28:00
576111,78.0,24,1,15113,2011-11-14 10:33:00
576112,332.66,218,20,14902,2011-11-14 10:34:00
576121,379.79,344,27,14530,2011-11-14 10:38:00
576137,1617.56,680,13,15482,2011-11-14 10:45:00
576141,348.21000000000004,206,23,14911,2011-11-14 10:47:00
576147,1324.3,634,33,16303,2011-11-14 10:49:00
576148,321.48,249,9,15671,2011-11-14 10:50:00
576172,1355.56,448,15,15482,2011-11-14 11:00:00
576175,318.12,366,7,15291,2011-11-14 11:02:00
576176,261.9,171,56,16936,2011-11-14 11:04:00
576179,3419.64,2244,18,13694,2011-11-14 11:09:00
576180,1419.5800000000002,946,9,13694,2011-11-14 11:11:00
576181,528.89,287,36,15572,2011-11-14 11:19:00
576182,114.14,140,9,12938,2011-11-14 11:21:00
576184,93.5,40,5,14735,2011-11-14 11:24:00
576186,276.3,66,10,14735,2011-11-14 11:25:00
576187,229.04000000000002,152,19,17228,2011-11-14 11:25:00
576188,106.56,52,5,15168,2011-11-14 11:26:00
576189,313.13,247,82,14684,2011-11-14 11:33:00
576190,137.58,61,19,15039,2011-11-14 11:46:00
576191,213.61,105,22,17377,2011-11-14 11:54:00
576196,277.82,400,10,17658,2011-11-14 12:07:00
576198,98.42,134,9,17538,2011-11-14 12:12:00
576200,256.76,145,30,15572,2011-11-14 12:14:00
576201,100.8,43,28,14606,2011-11-14 12:18:00
576202,915.4000000000001,404,9,13767,2011-11-14 12:22:00
576212,680.84,608,62,18082,2011-11-14 12:45:00
576213,315.65,605,68,18117,2011-11-14 12:47:00
576214,59.64,17,16,15863,2011-11-14 12:49:00
576215,284.12,141,13,17652,2011-11-14 12:55:00
576217,177.01,52,40,17081,2011-11-14 12:56:00
576219,3134.96,1600,16,15838,2011-11-14 12:58:00
576220,1023.42,322,3,15838,2011-11-14 13:00:00
576221,179.0,100,1,15838,2011-11-14 13:01:00
576222,411.72,322,19,12490,2011-11-14 13:02:00
576224,161.64,156,7,15458,2011-11-14 13:08:00
576225,49.5,30,1,13277,2011-11-14 13:10:00
576228,273.04,260,61,15033,2011-11-14 13:12:00
576236,356.71,182,70,13755,2011-11-14 13:31:00
576237,65.4,12,2,12971,2011-11-14 13:32:00
576238,6.24,3,1,17769,2011-11-14 13:32:00
576239,291.5,94,8,15694,2011-11-14 13:33:00
576245,518.12,225,23,12553,2011-11-14 13:40:00
576246,394.82,277,58,17566,2011-11-14 13:42:00
576249,374.17,245,65,17811,2011-11-14 13:47:00
576251,394.38,140,19,16207,2011-11-14 13:51:00
576252,889.46,774,44,14418,2011-11-14 13:55:00
576253,358.0,200,2,15125,2011-11-14 13:57:00
576254,933.14,886,16,16422,2011-11-14 14:02:00
576255,417.23,325,82,15993,2011-11-14 14:09:00
576256,261.32,110,19,15953,2011-11-14 14:09:00
576257,49.5,30,1,12757,2011-11-14 14:17:00
576259,407.92,162,18,12957,2011-11-14 14:18:00
576269,461.59,195,21,12762,2011-11-14 14:23:00
576274,300.34,226,49,17793,2011-11-14 14:24:00
576275,948.48,504,6,17044,2011-11-14 14:28:00
576300,220.25,72,51,15058,2011-11-14 14:39:00
576301,260.7,213,19,14667,2011-11-14 14:40:00
576303,350.24,144,50,15532,2011-11-14 14:51:00
576317,134.16,114,9,15781,2011-11-14 14:57:00
576318,249.15,124,15,15058,2011-11-14 14:57:00
576321,285.67,224,54,14953,2011-11-14 14:59:00
576322,354.85,167,12,12642,2011-11-14 15:03:00
576323,271.95,141,39,16161,2011-11-14 15:10:00
576326,465.88,510,76,16504,2011-11-14 15:18:00
576327,243.53,72,10,12476,2011-11-14 15:19:00
576328,493.8,194,16,13577,2011-11-14 15:19:00
576339,8425.539999999999,2175,541,14096,2011-11-14 15:27:00
576345,742.9300000000001,342,33,12374,2011-11-14 15:37:00
576346,91.66,46,6,13835,2011-11-14 15:37:00
576347,8.2,2,2,13268,2011-11-14 15:38:00
576349,111.38,30,8,16519,2011-11-14 15:41:00
576351,208.16,98,19,17235,2011-11-14 15:51:00
576352,95.1,50,5,16478,2011-11-14 15:51:00
576353,458.90999999999997,299,20,15050,2011-11-14 16:17:00
576354,938.4,656,7,13881,2011-11-14 16:17:00
576355,1364.74,596,30,13089,2011-11-14 16:28:00
576356,243.14000000000001,106,7,15681,2011-11-14 16:30:00
576357,327.02,172,18,15660,2011-11-14 16:57:00
576358,17.34,6,1,15660,2011-11-14 16:58:00
576359,1167.6,469,7,14680,2011-11-14 16:59:00
576361,7.5,6,1,14910,2011-11-14 17:10:00
576362,657.29,315,25,14755,2011-11-14 17:11:00
576364,591.91,278,86,15009,2011-11-14 17:40:00
576370,558.6,336,15,15981,2011-11-15 08:00:00
576371,405.07,534,18,14911,2011-11-15 08:07:00
576372,696.24,314,20,15144,2011-11-15 08:32:00
576373,332.23,40,9,12640,2011-11-15 08:43:00
576374,6260.900000000001,3154,19,13777,2011-11-15 08:50:00
576376,383.48,278,11,16341,2011-11-15 09:11:00
576377,56.5,34,3,16341,2011-11-15 09:12:00
576378,303.93,186,15,15628,2011-11-15 09:15:00
576379,346.12,230,18,16423,2011-11-15 09:21:00
576380,135.86,230,8,15419,2011-11-15 09:23:00
576381,508.42,380,31,12839,2011-11-15 09:26:00
576382,32.550000000000004,9,2,12883,2011-11-15 09:30:00
576383,216.47,65,13,12883,2011-11-15 09:31:00
576384,162.82,54,8,12883,2011-11-15 09:32:00
576385,34.65,7,1,17314,2011-11-15 09:41:00
576386,224.66,106,2,13777,2011-11-15 09:42:00
576387,141.4,46,8,15582,2011-11-15 09:55:00
576388,308.48,214,20,17510,2011-11-15 10:00:00
576389,850.5,1,1,12748,2011-11-15 10:05:00
576390,130.85,56,7,12569,2011-11-15 10:13:00
576392,332.46000000000004,114,6,15105,2011-11-15 10:17:00
576394,4925.8,2890,26,12415,2011-11-15 10:32:00
576395,61.2,12,2,16168,2011-11-15 10:38:00
576396,242.22000000000003,103,7,16164,2011-11-15 10:41:00
576398,205.25,47,9,15758,2011-11-15 10:48:00
576399,476.99,441,30,12684,2011-11-15 10:50:00
576400,452.14,288,17,13632,2011-11-15 10:51:00
576403,108.43,103,6,15214,2011-11-15 10:56:00
576405,483.99,166,25,13735,2011-11-15 11:14:00
576406,616.74,491,21,13692,2011-11-15 11:17:00
576412,365.4,164,16,13455,2011-11-15 11:21:00
576447,304.84000000000003,260,18,13949,2011-11-15 11:30:00
576463,404.37,301,94,17974,2011-11-15 11:37:00
576503,310.1,130,17,17540,2011-11-15 11:56:00
576508,214.91,180,62,17777,2011-11-15 12:02:00
576510,152.66000000000003,110,5,14533,2011-11-15 12:05:00
576511,201.13,43,12,13846,2011-11-15 12:07:00
576512,440.0,4,1,15524,2011-11-15 12:09:00
576513,272.63,224,22,14715,2011-11-15 12:10:00
576514,140.94,52,8,13950,2011-11-15 12:13:00
576516,315.68,204,12,16746,2011-11-15 12:19:00
576518,171.44,71,25,16361,2011-11-15 12:25:00
576519,181.66,67,8,12676,2011-11-15 12:25:00
576520,170.15,90,28,14467,2011-11-15 12:33:00
576521,1070.4,336,14,18259,2011-11-15 12:34:00
576538,655.58,588,45,14725,2011-11-15 12:42:00
576539,133.7,26,2,13058,2011-11-15 12:43:00
576540,107.7,36,22,18043,2011-11-15 12:48:00
576543,305.62,248,15,13236,2011-11-15 12:50:00
576553,195.25,161,14,14666,2011-11-15 12:57:00
576554,318.99,186,20,13066,2011-11-15 12:57:00
576555,247.15,223,13,17861,2011-11-15 13:01:00
576556,317.95,201,18,14640,2011-11-15 13:07:00
576557,160.19,229,10,14714,2011-11-15 13:07:00
576558,338.15999999999997,228,5,17086,2011-11-15 13:07:00
576559,252.78,95,39,14711,2011-11-15 13:19:00
576560,275.74,218,60,12877,2011-11-15 13:21:00
576562,143.04,96,1,14522,2011-11-15 13:24:00
576563,210.55,73,21,17564,2011-11-15 13:27:00
576564,273.52,90,15,15311,2011-11-15 13:32:00
576567,114.0,79,12,17220,2011-11-15 13:41:00
576568,213.78,104,14,17153,2011-11-15 13:42:00
576570,179.78,90,24,17220,2011-11-15 13:47:00
576571,311.6,164,7,12950,2011-11-15 13:48:00
576572,355.23,199,2,15514,2011-11-15 13:49:00
576573,104.1,146,8,16600,2011-11-15 13:52:00
576574,832.01,299,15,13078,2011-11-15 13:53:00
576575,333.69,124,19,16295,2011-11-15 13:55:00
576577,180.7,98,5,16557,2011-11-15 14:04:00
576581,570.98,286,27,15955,2011-11-15 14:15:00
576586,429.6,240,1,12415,2011-11-15 14:22:00
576587,265.96,202,21,18123,2011-11-15 14:23:00
576589,437.79,367,26,17659,2011-11-15 14:29:00
576590,1894.01,706,60,16240,2011-11-15 14:30:00
576591,136.32,120,2,16422,2011-11-15 14:32:00
576592,504.43,254,91,13614,2011-11-15 14:47:00
576593,598.73,281,128,15720,2011-11-15 14:48:00
576595,376.58,199,8,14911,2011-11-15 14:56:00
576596,107.79999999999998,52,5,14911,2011-11-15 14:57:00
576597,1025.35,682,46,14194,2011-11-15 14:57:00
576598,352.6,104,10,13437,2011-11-15 15:05:00
576599,902.53,700,57,14544,2011-11-15 15:06:00
576600,366.85,133,40,18181,2011-11-15 15:08:00
576601,81.54,22,6,14595,2011-11-15 15:10:00
576602,832.58,226,13,14156,2011-11-15 15:20:00
576603,524.28,195,29,14911,2011-11-15 15:22:00
576604,835.97,460,19,13435,2011-11-15 15:23:00
576605,215.84,66,13,14562,2011-11-15 15:33:00
576606,274.40000000000003,112,5,13410,2011-11-15 15:33:00
576607,710.86,526,41,12474,2011-11-15 15:42:00
576608,595.44,1152,3,17381,2011-11-15 15:49:00
576609,279.77,236,31,15556,2011-11-15 16:08:00
576610,46.62,90,4,15679,2011-11-15 16:19:00
576611,378.49,150,40,17357,2011-11-15 16:29:00
576612,5.9,2,1,17357,2011-11-15 16:30:00
576613,310.04,60,4,13854,2011-11-15 16:34:00
576614,250.04,121,57,12933,2011-11-15 16:38:00
576615,389.76,222,79,17231,2011-11-15 16:42:00
576616,261.3,48,6,14853,2011-11-15 16:56:00
576622,105.76,43,7,14217,2011-11-15 17:11:00
576623,1301.0,1082,7,12748,2011-11-15 17:12:00
576624,396.0,178,15,16156,2011-11-15 17:14:00
576625,121.6,34,7,15571,2011-11-15 17:20:00
576626,376.71999999999997,256,78,12890,2011-11-15 17:26:00
576627,361.8,216,8,14426,2011-11-16 08:25:00
576628,291.88,222,19,13449,2011-11-16 08:28:00
576629,610.28,253,17,12621,2011-11-16 08:37:00
576630,199.98000000000002,91,11,13816,2011-11-16 08:38:00
576631,226.39999999999998,184,5,16626,2011-11-16 08:53:00
576633,356.39,177,8,13297,2011-11-16 09:27:00
576634,94.56,44,3,13297,2011-11-16 09:28:00
576635,408.8,26,2,15269,2011-11-16 09:32:00
576636,139.92000000000002,72,2,12912,2011-11-16 09:34:00
576637,313.62,210,5,16079,2011-11-16 09:34:00
576638,219.35,117,13,13890,2011-11-16 09:35:00
576639,282.45,141,15,13894,2011-11-16 09:43:00
576640,121.32000000000001,108,1,13894,2011-11-16 09:44:00
576641,120.66,150,4,17549,2011-11-16 09:59:00
576642,138.21,55,9,12963,2011-11-16 09:59:00
576645,643.96,584,39,16245,2011-11-16 10:14:00
576648,639.16,490,14,14057,2011-11-16 10:32:00
576649,148.07,125,16,16008,2011-11-16 10:32:00
576650,1935.9,1505,92,14286,2011-11-16 10:34:00
576651,609.07,209,27,14626,2011-11-16 10:37:00
576652,170.56,115,17,17198,2011-11-16 10:39:00
576653,4391.16,2900,26,14156,2011-11-16 10:45:00
576654,144.06,67,29,15584,2011-11-16 10:55:00
576655,470.33,165,24,15687,2011-11-16 10:55:00
576656,30.0,24,2,15687,2011-11-16 10:57:00
576657,409.02,262,25,12720,2011-11-16 11:03:00
576658,290.81,159,22,14534,2011-11-16 11:05:00
576659,21.0,1,1,15373,2011-11-16 11:09:00
576660,315.7,66,8,15110,2011-11-16 11:16:00
576661,102.79,42,13,17377,2011-11-16 11:17:00
576663,247.98000000000002,102,7,16157,2011-11-16 11:31:00
576664,232.5,147,3,14646,2011-11-16 11:41:00
576665,887.25,457,135,17841,2011-11-16 11:46:00
576666,4.2,2,1,17841,2011-11-16 11:47:00
576667,498.06,262,22,12963,2011-11-16 11:48:00
576668,363.2,96,2,18246,2011-11-16 11:49:00
576669,77.76,25,2,12640,2011-11-16 11:52:00
576671,55.16,54,4,14385,2011-11-16 11:55:00
576672,1497.52,662,22,12731,2011-11-16 11:59:00
576676,177.2,84,10,16855,2011-11-16 12:03:00
576677,319.86,143,29,16393,2011-11-16 12:03:00
576684,625.86,234,24,14092,2011-11-16 12:08:00
576686,365.98,329,85,16916,2011-11-16 12:08:00
576687,159.13,82,48,13558,2011-11-16 12:13:00
576688,1980.26,924,91,16717,2011-11-16 12:16:00
576689,230.37,226,35,16657,2011-11-16 12:18:00
576690,337.28,216,44,15900,2011-11-16 12:19:00
576691,237.60000000000002,48,1,14507,2011-11-16 12:21:00
576692,201.44,178,12,17412,2011-11-16 12:21:00
576693,443.4,300,4,13199,2011-11-16 12:22:00
576694,309.37,231,16,14426,2011-11-16 12:25:00
576695,177.93,99,59,16469,2011-11-16 12:25:00
576696,623.54,396,77,16669,2011-11-16 12:26:00
576704,165.92,33,22,14527,2011-11-16 12:29:00
576734,184.4,96,11,17680,2011-11-16 12:42:00
576736,356.1,174,4,13089,2011-11-16 12:42:00
576758,273.04,112,9,16814,2011-11-16 12:51:00
576768,1145.32,460,11,13408,2011-11-16 13:13:00
576769,107.45,67,7,13575,2011-11-16 13:14:00
576770,223.85000000000002,104,11,13926,2011-11-16 13:16:00
576771,739.02,597,50,13285,2011-11-16 13:19:00
576772,434.5,170,3,16839,2011-11-16 13:20:00
576774,301.1,166,13,13131,2011-11-16 13:21:00
576775,716.0,400,3,13629,2011-11-16 13:21:00
576778,241.53,165,41,16085,2011-11-16 13:24:00
576779,1134.6,725,111,14554,2011-11-16 13:25:00
576780,370.36,155,19,13258,2011-11-16 13:27:00
576781,178.34,190,11,13939,2011-11-16 13:33:00
576782,340.0,4,1,17500,2011-11-16 13:36:00
576783,475.13,235,21,13447,2011-11-16 13:38:00
576784,384.18,218,45,16204,2011-11-16 13:40:00
576786,238.99,153,6,16999,2011-11-16 13:53:00
576787,946.41,499,36,13815,2011-11-16 13:54:00
576789,60.12,109,5,12569,2011-11-16 13:56:00
576790,67.75,6,2,12569,2011-11-16 13:59:00
576791,256.32,288,2,17896,2011-11-16 13:59:00
576792,295.17,459,11,17596,2011-11-16 14:11:00
576809,305.22,186,14,14851,2011-11-16 14:20:00
576824,408.66,150,6,12910,2011-11-16 14:26:00
576826,49.8,36,2,12910,2011-11-16 14:28:00
576827,612.0,720,1,12901,2011-11-16 14:28:00
576830,278.13,149,34,14898,2011-11-16 14:54:00
576832,263.0,161,9,13102,2011-11-16 15:01:00
576833,226.17000000000002,397,17,17434,2011-11-16 15:08:00
576834,389.41,193,18,13458,2011-11-16 15:10:00
576836,462.28,322,14,16191,2011-11-16 15:14:00
576838,353.98,170,20,18075,2011-11-16 15:21:00
576841,106.88,32,26,17368,2011-11-16 15:26:00
576842,295.8,226,14,13599,2011-11-16 15:31:00
576844,1115.52,794,27,16713,2011-11-16 15:33:00
576845,200.2,44,9,12991,2011-11-16 15:34:00
576846,497.97,289,27,13500,2011-11-16 15:35:00
576847,456.59999999999997,412,11,17017,2011-11-16 15:35:00
576848,245.68,124,34,15051,2011-11-16 15:38:00
576849,23.55,7,3,13924,2011-11-16 15:39:00
576851,235.78,145,42,15967,2011-11-16 15:41:00
576852,294.32,194,37,16809,2011-11-16 15:45:00
576853,93.39,57,3,12971,2011-11-16 15:48:00
576854,42.36000000000001,36,3,12993,2011-11-16 15:49:00
576855,238.92000000000002,200,28,17757,2011-11-16 15:51:00
576857,218.77,133,81,12748,2011-11-16 15:52:00
576859,495.78000000000003,152,15,18167,2011-11-16 15:56:00
576860,769.36,639,81,17602,2011-11-16 15:58:00
576861,220.94,340,17,18041,2011-11-16 16:00:00
576862,290.81,125,12,14825,2011-11-16 16:06:00
576863,251.97,123,13,12626,2011-11-16 16:06:00
576864,200.78,179,58,12748,2011-11-16 16:06:00
576865,103.69,45,28,12748,2011-11-16 16:08:00
576867,285.3,122,16,13012,2011-11-16 16:18:00
576869,617.04,577,5,12500,2011-11-16 16:20:00
576872,277.88,111,14,13238,2011-11-16 16:26:00
576873,109.84,161,19,17835,2011-11-16 16:30:00
576874,171.19,65,10,15432,2011-11-16 16:30:00
576875,349.6,150,9,15805,2011-11-16 16:32:00
576876,411.98,188,40,16804,2011-11-16 16:42:00
576877,6.959999999999999,24,1,16804,2011-11-16 16:43:00
576878,86.6,52,5,18059,2011-11-16 16:49:00
576879,444.68,220,21,18006,2011-11-16 16:52:00
576880,350.62,148,18,14911,2011-11-16 17:03:00
576881,389.13,233,14,14673,2011-11-16 17:10:00
576888,267.7,104,12,14948,2011-11-16 17:16:00
576889,292.67,148,34,12748,2011-11-16 17:24:00
576890,328.65,223,23,12662,2011-11-16 17:25:00
576891,120.9,42,6,12662,2011-11-16 17:26:00
576892,67.00999999999999,37,4,15737,2011-11-17 08:20:00
576893,186.79999999999998,153,12,12481,2011-11-17 08:29:00
576894,291.86,110,16,12681,2011-11-17 08:35:00
576895,58.349999999999994,5,2,12356,2011-11-17 08:40:00
576896,181.6,80,3,14735,2011-11-17 08:41:00
576897,743.43,186,12,17828,2011-11-17 08:41:00
576899,759.48,248,32,14911,2011-11-17 08:49:00
576900,343.38,210,9,15489,2011-11-17 08:53:00
576901,207.99,119,10,16929,2011-11-17 08:54:00
576902,99.0,20,1,17330,2011-11-17 08:56:00
576904,211.63,78,9,14931,2011-11-17 09:25:00
576905,285.88,164,17,13308,2011-11-17 09:31:00
576906,616.48,575,33,18225,2011-11-17 09:33:00
576907,248.2,169,9,12610,2011-11-17 09:34:00
576909,1072.1200000000001,519,32,12471,2011-11-17 09:49:00
576910,2037.69,473,45,12477,2011-11-17 09:51:00
576911,327.56,313,56,17461,2011-11-17 10:01:00
576912,411.96000000000004,228,7,13756,2011-11-17 10:01:00
576913,55.08,60,3,13756,2011-11-17 10:02:00
576914,93.44,144,6,15124,2011-11-17 10:09:00
576915,25.699999999999996,22,3,17461,2011-11-17 10:21:00
576916,358.15000000000003,175,12,14655,2011-11-17 10:24:00
576917,289.1,143,15,17613,2011-11-17 10:40:00
576920,532.76,266,23,13871,2011-11-17 10:49:00
576922,7.800000000000001,20,1,17613,2011-11-17 10:51:00
576923,4808.48,2210,31,12753,2011-11-17 10:52:00
576924,477.67,201,23,17419,2011-11-17 10:53:00
576926,442.14,188,14,14113,2011-11-17 10:59:00
576927,1551.3,772,81,12567,2011-11-17 11:02:00
576928,145.95,107,7,14102,2011-11-17 11:04:00
576929,129.78,56,7,16638,2011-11-17 11:09:00
576930,311.44,122,8,14834,2011-11-17 11:09:00
576931,305.38,418,21,13028,2011-11-17 11:10:00
576932,492.51,209,54,15443,2011-11-17 11:12:00
576933,349.56,312,71,15529,2011-11-17 11:29:00
576941,619.9,215,19,12562,2011-11-17 11:34:00
576948,533.69,217,23,14515,2011-11-17 11:45:00
576958,13.049999999999999,9,1,14515,2011-11-17 11:48:00
576971,312.92,200,16,14032,2011-11-17 11:51:00
576984,280.97,191,10,14332,2011-11-17 11:54:00
576995,244.66,64,7,16298,2011-11-17 11:59:00
577000,306.0,120,3,17716,2011-11-17 12:00:00
577008,133.02,134,29,16869,2011-11-17 12:02:00
577009,572.59,164,32,12749,2011-11-17 12:05:00
577010,464.85,475,72,15506,2011-11-17 12:11:00
577011,30.0,24,1,15657,2011-11-17 12:19:00
577016,780.1999999999999,384,40,17095,2011-11-17 12:21:00
577018,163.74,82,3,12971,2011-11-17 12:25:00
577019,211.10000000000002,88,6,14112,2011-11-17 12:30:00
577020,365.29,193,16,17147,2011-11-17 12:32:00
577021,2209.74,906,3,12931,2011-11-17 12:39:00
577022,331.55,195,38,13668,2011-11-17 12:42:00
577023,412.8,240,19,16186,2011-11-17 12:43:00
577024,143.2,92,38,14704,2011-11-17 12:47:00
577025,363.62,174,23,16161,2011-11-17 12:54:00
577026,243.6,79,12,17237,2011-11-17 12:55:00
577027,321.15,132,7,12647,2011-11-17 12:56:00
577028,211.29999999999998,94,7,17080,2011-11-17 12:59:00
577029,655.8199999999999,729,50,15563,2011-11-17 12:59:00
577030,412.56000000000006,336,8,14060,2011-11-17 12:59:00
577031,301.64,170,15,15298,2011-11-17 13:00:00
577032,91.8,56,4,13160,2011-11-17 13:07:00
577033,453.45,231,55,17797,2011-11-17 13:16:00
577034,843.64,873,72,12847,2011-11-17 13:16:00
577035,341.15999999999997,126,10,15187,2011-11-17 13:21:00
577036,54.57,18,12,17797,2011-11-17 13:21:00
577038,401.78,346,61,14796,2011-11-17 13:30:00
577039,1050.66,446,43,12539,2011-11-17 13:30:00
577041,152.64000000000001,144,1,15864,2011-11-17 13:32:00
577043,174.9,90,7,14282,2011-11-17 13:38:00
577044,460.8,240,2,17428,2011-11-17 13:45:00
577045,145.0,100,1,17428,2011-11-17 13:46:00
577046,1342.71,524,59,12449,2011-11-17 13:46:00
577047,315.9,42,4,13014,2011-11-17 13:48:00
577048,65.7,38,4,13247,2011-11-17 13:50:00
577049,298.78,104,41,17397,2011-11-17 13:58:00
577050,738.67,798,36,14191,2011-11-17 13:59:00
577051,174.98,113,59,14034,2011-11-17 14:02:00
577052,382.63,146,48,17397,2011-11-17 14:08:00
577053,612.39,321,23,13001,2011-11-17 14:17:00
577054,103.2,96,4,13815,2011-11-17 14:19:00
577055,599.16,228,7,15189,2011-11-17 14:22:00
577056,631.35,171,20,17985,2011-11-17 14:24:00
577057,496.48,513,132,12748,2011-11-17 14:26:00
577058,406.22,352,101,18122,2011-11-17 14:29:00
577059,237.35999999999999,102,12,13704,2011-11-17 14:30:00
577060,131.8,92,4,14397,2011-11-17 14:36:00
577061,842.94,383,45,14911,2011-11-17 14:40:00
577062,162.95,197,11,18221,2011-11-17 14:40:00
577063,447.93,195,7,17183,2011-11-17 14:41:00
577064,295.14,562,3,16656,2011-11-17 14:43:00
577065,146.35000000000002,53,8,13890,2011-11-17 14:46:00
577067,164.72,170,4,12704,2011-11-17 14:49:00
577068,9.0,30,1,15563,2011-11-17 14:50:00
577069,69.61,13,4,12704,2011-11-17 14:51:00
577071,1166.7,481,52,13969,2011-11-17 14:56:00
577072,99.7,22,4,15089,2011-11-17 15:02:00
577074,243.96,284,17,15399,2011-11-17 15:04:00
577076,151.5,96,37,14362,2011-11-17 15:08:00
577077,524.18,409,64,17799,2011-11-17 15:16:00
577079,129.22,64,3,14416,2011-11-17 15:22:00
577080,357.6,172,13,17001,2011-11-17 15:24:00
577082,444.82,311,28,15811,2011-11-17 15:31:00
577083,145.71,257,5,15287,2011-11-17 15:34:00
577084,282.25,43,6,16626,2011-11-17 15:41:00
577085,310.5,194,10,12997,2011-11-17 15:47:00
577086,165.3,206,14,16070,2011-11-17 15:50:00
577087,149.6,10,3,12464,2011-11-17 15:55:00
577088,129.6,96,2,15267,2011-11-17 15:59:00
577089,166.15,73,13,12841,2011-11-17 15:59:00
577090,209.49,311,15,13828,2011-11-17 16:02:00
577091,131.95,43,7,16531,2011-11-17 16:29:00
577092,446.90000000000003,238,23,15136,2011-11-17 16:35:00
577093,426.06,150,18,13089,2011-11-17 16:37:00
577094,149.29,54,29,15435,2011-11-17 16:39:00
577095,219.44,191,36,15867,2011-11-17 16:39:00
577097,616.8,144,3,17243,2011-11-17 16:42:00
577098,472.0,130,5,16839,2011-11-17 16:43:00
577099,312.68,190,14,13313,2011-11-17 16:48:00
577100,59.0,20,1,16009,2011-11-17 16:51:00
577101,130.7,66,8,13138,2011-11-17 16:51:00
577103,88.25,25,6,15081,2011-11-17 17:08:00
577104,312.73,83,11,12747,2011-11-17 17:13:00
577105,186.17999999999998,118,9,16076,2011-11-17 17:16:00
577106,331.54,270,118,14456,2011-11-17 17:18:00
577107,851.0600000000001,348,35,16558,2011-11-17 17:30:00
577108,326.75,192,32,15983,2011-11-17 17:34:00
577109,304.47,209,20,16042,2011-11-17 17:50:00
577110,113.64,126,7,14234,2011-11-17 17:53:00
577121,800.96,514,32,12681,2011-11-17 18:29:00
577125,133.4,62,4,12445,2011-11-17 18:43:00
577126,1794.05,1025,56,12406,2011-11-17 19:22:00
577127,445.08000000000004,192,17,16871,2011-11-17 19:27:00
577128,130.49,59,30,14508,2011-11-17 19:48:00
577129,46.8,24,1,15602,2011-11-17 19:52:00
577130,165.0,1,1,15861,2011-11-17 19:58:00
577132,184.26,30,3,13599,2011-11-18 08:21:00
577133,51.95,57,4,13962,2011-11-18 08:47:00
577134,340.8,68,2,14434,2011-11-18 08:56:00
577135,239.72,340,6,12427,2011-11-18 08:56:00
577136,170.0,40,2,17163,2011-11-18 08:57:00
577137,325.44,96,1,14110,2011-11-18 08:59:00
577138,17.700000000000003,6,1,13079,2011-11-18 09:03:00
577139,42.900000000000006,22,3,16500,2011-11-18 09:04:00
577140,55.6,18,3,13269,2011-11-18 09:10:00
577141,553.14,315,27,13269,2011-11-18 09:11:00
577142,344.51,171,18,13985,2011-11-18 09:19:00
577143,142.88,70,9,13200,2011-11-18 09:31:00
577146,75.45,11,4,16414,2011-11-18 09:42:00
577148,1253.66,586,9,13941,2011-11-18 09:43:00
577152,499.4,300,24,14277,2011-11-18 09:53:00
577155,349.40000000000003,192,17,13050,2011-11-18 09:56:00
577156,604.73,423,34,13471,2011-11-18 09:57:00
577157,925.64,669,44,12451,2011-11-18 09:58:00
577158,342.83000000000004,135,20,16293,2011-11-18 09:58:00
577160,334.56,213,19,16134,2011-11-18 10:05:00
577161,280.3,120,15,18210,2011-11-18 10:18:00
577162,137.3,30,4,13323,2011-11-18 10:24:00
577165,195.52,116,10,13171,2011-11-18 10:27:00
577166,102.0,40,1,12936,2011-11-18 10:37:00
577167,352.63,138,59,16511,2011-11-18 10:41:00
577168,739.1999999999999,63,2,12603,2011-11-18 10:42:00
577169,110.46,90,7,14641,2011-11-18 10:42:00
577170,200.45000000000002,55,7,13456,2011-11-18 10:46:00
577171,612.21,565,46,17159,2011-11-18 10:52:00
577172,115.05,74,16,17760,2011-11-18 10:56:00
577173,579.86,488,20,14849,2011-11-18 10:57:00
577174,312.0,134,84,17841,2011-11-18 10:58:00
577175,223.06,156,11,14849,2011-11-18 10:58:00
577176,316.45,141,14,13305,2011-11-18 11:07:00
577177,4.16,2,1,12748,2011-11-18 11:10:00
577178,177.31,96,11,12618,2011-11-18 11:10:00
577179,92.4,16,2,18061,2011-11-18 11:20:00
577180,1040.39,315,17,12380,2011-11-18 11:27:00
577182,304.7,186,17,16945,2011-11-18 11:39:00
577202,354.96000000000004,78,3,12989,2011-11-18 11:47:00
577209,563.28,200,3,15621,2011-11-18 11:49:00
577217,243.61,205,30,17324,2011-11-18 11:53:00
577218,143.14,242,10,13117,2011-11-18 12:02:00
577228,439.66,293,92,12391,2011-11-18 12:07:00
577230,158.53,177,44,18034,2011-11-18 12:08:00
577235,314.85,148,14,14367,2011-11-18 12:09:00
577252,260.15,382,63,18034,2011-11-18 12:22:00
577256,333.62,284,14,15530,2011-11-18 12:25:00
577258,222.43,108,63,16764,2011-11-18 12:27:00
577286,129.14,63,32,14606,2011-11-18 12:39:00
577289,444.96000000000004,516,2,12931,2011-11-18 12:39:00
577295,374.68,157,10,12682,2011-11-18 12:46:00
577296,151.37,117,44,17286,2011-11-18 12:47:00
577297,277.56,212,82,14593,2011-11-18 12:48:00
577298,525.55,497,18,14299,2011-11-18 12:49:00
577299,126.0,81,8,12498,2011-11-18 12:52:00
577300,306.24,286,32,16924,2011-11-18 12:53:00
577301,30.450000000000003,9,2,12498,2011-11-18 12:53:00
577302,181.07,59,33,17904,2011-11-18 12:57:00
577303,974.8100000000001,413,40,14390,2011-11-18 13:02:00
577308,295.88,120,17,15088,2011-11-18 13:14:00
577309,379.19,269,27,15933,2011-11-18 13:14:00
577310,769.0,665,6,13516,2011-11-18 13:15:00
577311,106.06,36,17,18225,2011-11-18 13:16:00
577312,738.1800000000001,422,37,17049,2011-11-18 13:18:00
577313,157.78,125,5,14342,2011-11-18 13:21:00
577314,936.64,240,34,12444,2011-11-18 13:23:00
577315,219.92,154,43,17811,2011-11-18 13:25:00
577316,1185.85,448,44,12578,2011-11-18 13:30:00
577317,183.23,87,45,16426,2011-11-18 13:33:00
577318,1072.73,457,24,17675,2011-11-18 13:42:00
577319,163.24,137,59,17301,2011-11-18 13:43:00
577320,396.65,259,25,13880,2011-11-18 13:44:00
577321,266.91,214,10,15311,2011-11-18 13:44:00
577322,72.0,200,1,17888,2011-11-18 13:45:00
577324,303.01,379,22,16463,2011-11-18 14:01:00
577325,152.64000000000001,144,2,13094,2011-11-18 14:07:00
577326,166.0,34,2,14646,2011-11-18 14:08:00
577328,188.7,58,2,14088,2011-11-18 14:14:00
577329,169.06,47,16,17779,2011-11-18 14:15:00
577331,465.91999999999996,369,41,14667,2011-11-18 14:23:00
577332,297.65000000000003,151,12,13013,2011-11-18 14:25:00
577333,370.14,130,17,14868,2011-11-18 14:40:00
577334,446.94000000000005,230,4,15368,2011-11-18 14:42:00
577335,355.98,106,5,14285,2011-11-18 14:50:00
577336,228.99,91,14,14793,2011-11-18 14:50:00
577337,160.7,68,34,15494,2011-11-18 14:51:00
577338,166.08,150,8,17650,2011-11-18 14:52:00
577341,778.6,584,44,16279,2011-11-18 15:00:00
577344,198.6,93,10,12437,2011-11-18 15:14:00
577347,102.12,102,8,13960,2011-11-18 15:27:00
577352,126.0,50,6,14820,2011-11-18 15:41:00
577355,785.5600000000001,296,44,14911,2011-11-18 15:53:00
577356,114.6,60,4,16350,2011-11-18 15:53:00
577357,867.64,356,13,13098,2011-11-18 15:54:00
577359,396.71,201,60,14903,2011-11-18 16:07:00
577361,15.0,4,1,13012,2011-11-18 16:13:00
577365,366.17,219,16,17063,2011-11-18 16:19:00
577382,12.4,16,3,17961,2011-11-18 16:48:00
577387,4.25,1,1,17961,2011-11-18 16:55:00
577393,2068.09,806,22,14031,2011-11-18 17:06:00
577396,478.12,204,11,17621,2011-11-18 17:11:00
577400,571.24,328,31,16201,2011-11-18 17:20:00
577402,786.4399999999999,248,9,15465,2011-11-20 10:11:00
577403,462.44,392,27,13988,2011-11-20 10:15:00
577404,450.12,279,19,17243,2011-11-20 10:16:00
577405,212.92,98,8,14116,2011-11-20 10:29:00
577406,219.0,53,12,12702,2011-11-20 10:36:00
577407,509.96,332,10,14739,2011-11-20 10:37:00
577408,110.95,15,9,14805,2011-11-20 10:51:00
577409,882.86,276,17,16779,2011-11-20 10:53:00
577410,248.85,164,32,14664,2011-11-20 10:59:00
577411,437.67,298,57,17387,2011-11-20 11:00:00
577429,255.4,316,17,14881,2011-11-20 11:06:00
577438,207.21,86,48,18118,2011-11-20 11:09:00
577440,345.4,180,3,14477,2011-11-20 11:11:00
577443,172.79999999999998,144,3,12971,2011-11-20 11:16:00
577469,318.68,196,64,15009,2011-11-20 11:25:00
577472,1051.84,484,36,14503,2011-11-20 11:28:00
577473,311.61,210,72,15919,2011-11-20 11:28:00
577474,158.24,155,8,12778,2011-11-20 11:30:00
577475,439.8,263,30,15152,2011-11-20 11:30:00
577476,888.27,400,27,12540,2011-11-20 11:31:00
577477,155.71,85,9,14157,2011-11-20 11:32:00
577478,190.72,126,10,15963,2011-11-20 11:33:00
577479,917.54,440,41,14911,2011-11-20 11:34:00
577480,986.17,537,63,14525,2011-11-20 11:37:00
577482,319.64,144,29,16762,2011-11-20 11:43:00
577483,334.13,243,80,14502,2011-11-20 11:50:00
577484,492.94,463,23,13536,2011-11-20 11:52:00
577485,722.69,417,139,16360,2011-11-20 11:56:00
577487,333.36,396,5,15061,2011-11-20 12:00:00
577488,575.76,188,11,13090,2011-11-20 12:00:00
577490,315.33,270,49,16464,2011-11-20 12:11:00
577491,125.99000000000001,49,6,14595,2011-11-20 12:12:00
577492,125.48,236,8,16900,2011-11-20 12:13:00
577493,211.8,154,45,17323,2011-11-20 12:13:00
577494,35.1,18,1,16506,2011-11-20 12:17:00
577495,227.75,118,61,14704,2011-11-20 12:20:00
577496,107.6,24,3,16784,2011-11-20 12:20:00
577497,284.86,192,55,17555,2011-11-20 12:22:00
577498,155.38,70,15,15906,2011-11-20 12:22:00
577499,24.11,15,9,15906,2011-11-20 12:24:00
577500,225.36,89,56,14052,2011-11-20 12:30:00
577501,317.56,282,17,14075,2011-11-20 12:32:00
577502,576.29,221,26,12598,2011-11-20 12:34:00
577503,198.8,72,33,18110,2011-11-20 12:34:00
577504,821.59,713,180,14159,2011-11-20 12:36:00
577505,378.31,124,30,13118,2011-11-20 12:37:00
577506,495.36,214,84,13212,2011-11-20 12:40:00
577507,225.44,129,52,14710,2011-11-20 12:42:00
577508,183.69,108,30,18127,2011-11-20 12:45:00
577510,19.799999999999997,12,1,13118,2011-11-20 12:46:00
577511,165.12,144,44,17561,2011-11-20 12:53:00
577512,262.42,77,13,12523,2011-11-20 12:55:00
577514,192.19,93,11,16212,2011-11-20 13:00:00
577515,117.74000000000001,114,6,13427,2011-11-20 13:02:00
577516,107.7,75,32,16533,2011-11-20 13:08:00
577517,353.81,155,48,16710,2011-11-20 13:16:00
577518,126.7,50,8,14359,2011-11-20 13:17:00
577519,851.07,724,60,15044,2011-11-20 13:20:00
577520,141.48,187,33,14553,2011-11-20 13:20:00
577521,83.15,62,22,16411,2011-11-20 13:23:00
577522,156.78,180,26,15988,2011-11-20 13:23:00
577523,205.96,77,12,12597,2011-11-20 13:33:00
577524,546.64,320,44,16905,2011-11-20 13:33:00
577525,161.35,133,7,16905,2011-11-20 13:37:00
577526,554.34,318,30,16513,2011-11-20 13:39:00
577527,188.73,97,21,17523,2011-11-20 13:40:00
577528,177.31,63,9,15745,2011-11-20 13:45:00
577529,60.48,288,1,17523,2011-11-20 13:47:00
577530,371.2,136,19,14950,2011-11-20 13:48:00
577532,118.98,233,32,16666,2011-11-20 14:01:00
577533,135.11,71,23,16877,2011-11-20 14:04:00
577534,23.79,51,5,18127,2011-11-20 14:05:00
577535,341.24,261,77,14071,2011-11-20 14:07:00
577536,118.72,59,47,15850,2011-11-20 14:14:00
577537,170.32,232,11,14860,2011-11-20 14:17:00
577538,118.2,52,7,18040,2011-11-20 14:20:00
577539,507.68,502,24,14547,2011-11-20 14:24:00
577540,100.14,38,23,14984,2011-11-20 14:28:00
577541,381.7,196,21,16899,2011-11-20 14:31:00
577542,130.04,94,25,13565,2011-11-20 14:33:00
577543,285.56,182,20,17636,2011-11-20 14:40:00
577544,673.21,353,71,17758,2011-11-20 14:43:00
577545,294.93,238,54,16931,2011-11-20 14:43:00
577546,10.5,25,1,17758,2011-11-20 14:45:00
577548,29.4,70,6,16710,2011-11-20 14:50:00
577549,430.32,364,87,17841,2011-11-20 15:00:00
577550,307.56,318,20,17738,2011-11-20 15:05:00
577551,265.83,125,15,12395,2011-11-20 15:21:00
577552,150.3,90,9,14282,2011-11-20 15:27:00
577553,70.2,36,1,17425,2011-11-20 15:30:00
577554,252.82999999999998,106,39,15533,2011-11-20 15:35:00
577555,100.2,36,2,13200,2011-11-20 15:35:00
577556,52.199999999999996,28,3,13832,2011-11-20 15:36:00
577557,437.91,221,85,15426,2011-11-20 15:36:00
577572,108.75,45,12,17384,2011-11-20 15:48:00
577579,111.18,38,7,14415,2011-11-20 15:52:00
577594,307.09,258,23,13142,2011-11-20 16:07:00
577595,229.61,104,41,16399,2011-11-20 16:12:00
577596,390.0,312,1,18080,2011-11-21 08:02:00
577597,327.3,256,18,16366,2011-11-21 08:19:00
577598,343.14,318,20,13430,2011-11-21 08:19:00
577599,316.90000000000003,202,12,15738,2011-11-21 08:26:00
577600,290.76,126,14,14447,2011-11-21 08:28:00
577601,978.58,444,40,17675,2011-11-21 08:31:00
577602,329.04,175,16,16139,2011-11-21 08:37:00
577603,147.04,100,12,15500,2011-11-21 08:40:00
577604,43.2,32,3,14300,2011-11-21 08:57:00
577605,400.08000000000004,408,5,13199,2011-11-21 09:02:00
577606,427.48,249,22,12462,2011-11-21 09:11:00
577607,95.4,12,1,14911,2011-11-21 09:21:00
577609,1757.55,631,73,12349,2011-11-21 09:51:00
577610,362.48,82,18,15373,2011-11-21 09:55:00
577613,805.2,614,50,14911,2011-11-21 10:02:00
577615,686.05,320,36,12658,2011-11-21 10:22:00
577616,307.24,114,14,13823,2011-11-21 10:22:00
577617,95.52000000000001,90,6,14883,2011-11-21 10:23:00
577618,430.48,68,14,12795,2011-11-21 10:27:00
577633,1120.11,403,48,14194,2011-11-21 10:35:00
577646,133.68,316,11,13189,2011-11-21 10:39:00
577669,186.01,223,7,15567,2011-11-21 10:48:00
577680,219.01000000000002,129,7,17227,2011-11-21 10:51:00
577687,397.72,271,16,12583,2011-11-21 11:16:00
577689,278.45,195,20,17664,2011-11-21 11:29:00
577690,346.44,144,41,12856,2011-11-21 11:34:00
577691,127.61,33,20,14587,2011-11-21 11:34:00
577694,129.4,66,12,14702,2011-11-21 11:50:00
577695,612.01,256,50,15645,2011-11-21 11:55:00
577696,154.35,116,54,16406,2011-11-21 11:57:00
577697,135.06,122,11,15804,2011-11-21 12:02:00
577698,320.89,318,34,14963,2011-11-21 12:05:00
577699,400.70000000000005,234,19,13971,2011-11-21 12:06:00
577700,187.33,107,46,14449,2011-11-21 12:06:00
577701,183.32,64,23,13673,2011-11-21 12:11:00
577711,179.09,93,37,15527,2011-11-21 12:17:00
577716,297.0,308,14,15857,2011-11-21 12:18:00
577718,523.2,224,2,16013,2011-11-21 12:19:00
577719,1100.22,414,9,16013,2011-11-21 12:20:00
577720,1809.7,530,8,16013,2011-11-21 12:21:00
577721,131.66,92,11,13167,2011-11-21 12:24:00
577723,504.5,297,76,16713,2011-11-21 12:36:00
577724,97.5,26,4,12984,2011-11-21 12:37:00
577725,45.300000000000004,14,3,14607,2011-11-21 12:38:00
577726,167.92000000000002,70,6,15676,2011-11-21 12:40:00
577727,362.76,265,5,15671,2011-11-21 12:43:00
577728,360.73,268,35,17811,2011-11-21 12:52:00
577729,563.28,422,34,15179,2011-11-21 12:53:00
577730,178.26,43,18,17253,2011-11-21 12:59:00
577732,569.9200000000001,481,12,15093,2011-11-21 13:09:00
577733,149.47,138,19,15163,2011-11-21 13:10:00
577734,132.0,54,4,17502,2011-11-21 13:14:00
577735,388.8,428,11,14482,2011-11-21 13:14:00
577736,110.92,67,24,14606,2011-11-21 13:20:00
577738,216.9,54,3,13739,2011-11-21 13:35:00
577739,60.8,40,3,14551,2011-11-21 13:36:00
577740,411.35,193,50,17625,2011-11-21 13:36:00
577741,467.11,201,22,12921,2011-11-21 13:40:00
577742,453.22,222,65,13755,2011-11-21 13:41:00
577743,145.11,64,17,17006,2011-11-21 13:44:00
577744,368.6,104,10,18229,2011-11-21 13:58:00
577745,461.4,404,18,18139,2011-11-21 14:06:00
577746,383.99,377,25,15274,2011-11-21 14:17:00
577747,5490.24,1182,14,17450,2011-11-21 14:21:00
577748,1437.5,828,49,15159,2011-11-21 14:24:00
577749,534.2,299,40,16242,2011-11-21 14:26:00
577751,251.37,129,35,12904,2011-11-21 14:34:00
577754,2675.28,1524,34,18139,2011-11-21 14:47:00
577755,195.36,118,11,17010,2011-11-21 14:49:00
577756,340.11,157,21,15115,2011-11-21 14:59:00
577757,43.62,14,8,13755,2011-11-21 15:10:00
577769,453.08,272,22,16379,2011-11-21 15:27:00
577770,359.04,135,15,13282,2011-11-21 15:33:00
577771,41.6,20,2,16168,2011-11-21 15:42:00
577772,689.52,536,22,18139,2011-11-21 15:53:00
577773,492.18,343,78,16712,2011-11-21 15:57:00
577774,379.72,206,54,16712,2011-11-21 15:57:00
577776,32.65,3,3,12504,2011-11-21 16:02:00
577778,139.97,71,56,16549,2011-11-21 16:10:00
577782,249.0,119,71,16549,2011-11-21 16:17:00
577783,2786.4,1644,35,18139,2011-11-21 16:20:00
577784,119.66,147,8,13862,2011-11-21 16:24:00
577785,701.97,532,53,16369,2011-11-21 16:25:00
577790,172.6,44,10,14198,2011-11-21 16:35:00
577791,939.89,793,63,17100,2011-11-21 16:36:00
577792,31.85,7,2,17100,2011-11-21 16:36:00
577793,135.43,69,9,13468,2011-11-21 16:40:00
577794,542.03,448,57,14030,2011-11-21 16:48:00
577795,123.01,54,24,13246,2011-11-21 16:50:00
577796,233.9,66,11,15105,2011-11-21 16:53:00
577797,15.0,12,1,15105,2011-11-21 16:54:00
577798,298.34,209,21,17757,2011-11-21 16:54:00
577800,889.38,670,36,15484,2011-11-21 17:00:00
577801,82.5,298,9,17629,2011-11-21 17:04:00
577802,29.5,10,1,15132,2011-11-21 17:10:00
577804,189.87,92,33,17432,2011-11-21 17:33:00
577805,1459.7599999999998,658,7,13881,2011-11-22 08:19:00
577806,82.0,26,5,12963,2011-11-22 08:20:00
577807,309.65,113,18,15699,2011-11-22 08:26:00
577808,75.0,44,3,13403,2011-11-22 08:28:00
577809,414.25,63,13,12584,2011-11-22 08:34:00
577810,720.0,1000,1,17949,2011-11-22 08:44:00
577811,214.71,179,14,16311,2011-11-22 08:54:00
577812,308.74,114,16,16956,2011-11-22 08:56:00
577813,580.38,458,26,14297,2011-11-22 09:06:00
577814,120.06,122,9,15106,2011-11-22 09:16:00
577816,1090.92,864,28,18139,2011-11-22 09:17:00
577818,256.45,195,10,13456,2011-11-22 09:18:00
577820,604.0,344,7,13408,2011-11-22 09:24:00
577822,2000.0,1600,10,14607,2011-11-22 09:34:00
577823,392.40000000000003,216,2,16107,2011-11-22 09:40:00
577824,301.29,97,11,15845,2011-11-22 09:42:00
577825,144.72,59,10,17453,2011-11-22 09:42:00
577826,161.67000000000002,144,13,17600,2011-11-22 09:43:00
577827,276.85,83,11,16782,2011-11-22 09:53:00
577830,174.6,124,4,15187,2011-11-22 10:12:00
577831,266.7,190,19,16748,2011-11-22 10:17:00
577833,145.64999999999998,58,9,17315,2011-11-22 10:20:00
577834,542.99,325,28,17528,2011-11-22 10:21:00
577835,284.02,165,12,16607,2011-11-22 10:24:00
577837,213.72,120,5,14834,2011-11-22 10:30:00
577838,289.52,156,14,16352,2011-11-22 10:32:00
577840,40.64,32,2,17324,2011-11-22 10:34:00
577841,205.62,86,6,14262,2011-11-22 10:35:00
577842,787.5500000000001,177,8,16353,2011-11-22 10:39:00
577843,237.60000000000002,48,1,16353,2011-11-22 10:39:00
577845,734.8199999999999,585,22,18139,2011-11-22 10:44:00
577848,44.550000000000004,9,1,13247,2011-11-22 10:59:00
577850,1136.96,870,63,14911,2011-11-22 11:04:00
577851,348.38,154,12,13267,2011-11-22 11:04:00
577852,2232.0,480,1,16532,2011-11-22 11:08:00
577853,117.08000000000001,44,10,13681,2011-11-22 11:13:00
577854,189.64000000000001,88,5,16128,2011-11-22 11:14:00
577855,239.31,172,104,15877,2011-11-22 11:18:00
577856,357.88,186,13,12490,2011-11-22 11:19:00
577857,221.64,336,6,13499,2011-11-22 11:21:00
577858,396.65,63,2,16365,2011-11-22 11:24:00
577859,238.41,111,21,14534,2011-11-22 11:24:00
577860,269.64,200,11,16655,2011-11-22 11:25:00
577861,351.64,236,21,13924,2011-11-22 11:28:00
577869,294.71999999999997,312,35,13268,2011-11-22 11:34:00
577880,206.28,138,12,14515,2011-11-22 11:37:00
577893,279.37,159,35,17073,2011-11-22 11:47:00
577897,322.08,48,1,14424,2011-11-22 11:48:00
577905,291.6,96,5,15497,2011-11-22 11:51:00
577906,22.04,76,1,13268,2011-11-22 11:51:00
577919,138.05,51,15,17075,2011-11-22 11:58:00
577938,193.76,158,34,15525,2011-11-22 12:07:00
577950,245.05,151,10,14129,2011-11-22 12:09:00
577951,247.68,192,34,17238,2011-11-22 12:09:00
577973,394.14,248,6,13798,2011-11-22 12:13:00
577980,202.95,124,22,16330,2011-11-22 12:24:00
577985,150.0,117,9,15116,2011-11-22 12:25:00
578004,108.39999999999999,88,11,17155,2011-11-22 12:38:00
578005,522.98,146,11,16985,2011-11-22 12:39:00
578006,388.68,267,21,13363,2011-11-22 12:40:00
578008,209.28,127,31,14657,2011-11-22 12:47:00
578009,114.14,58,19,14467,2011-11-22 12:48:00
578010,204.0,100,1,15971,2011-11-22 12:50:00
578011,292.59000000000003,204,20,15150,2011-11-22 12:52:00
578012,59.400000000000006,12,1,14768,2011-11-22 12:54:00
578013,111.91,113,32,17360,2011-11-22 12:55:00
578014,149.4,36,1,13199,2011-11-22 12:58:00
578015,291.35999999999996,408,10,12971,2011-11-22 12:58:00
578016,475.97,249,65,14506,2011-11-22 13:02:00
578017,228.8,113,54,13569,2011-11-22 13:07:00
578018,714.09,431,34,15311,2011-11-22 13:08:00
578019,135.43,51,35,17360,2011-11-22 13:11:00
578020,418.03,206,30,16979,2011-11-22 13:20:00
578021,30.349999999999998,9,9,12748,2011-11-22 13:22:00
578022,270.45,85,62,17371,2011-11-22 13:25:00
578023,30.0,24,1,17502,2011-11-22 13:25:00
578024,639.2,341,36,12705,2011-11-22 13:27:00
578025,309.36,548,15,16722,2011-11-22 13:28:00
578026,599.78,177,33,17659,2011-11-22 13:29:00
578027,699.1,706,36,15977,2011-11-22 13:29:00
578028,55.81,27,17,17371,2011-11-22 13:30:00
578029,860.6999999999999,285,24,16985,2011-11-22 13:33:00
578030,662.66,254,20,15498,2011-11-22 13:40:00
578031,376.2,80,18,15796,2011-11-22 13:41:00
578032,647.94,261,40,16633,2011-11-22 13:41:00
578033,585.75,175,28,12656,2011-11-22 13:42:00
578034,588.24,377,5,14646,2011-11-22 13:47:00
578035,284.04,396,6,16422,2011-11-22 14:00:00
578036,351.9,226,77,16474,2011-11-22 14:04:00
578038,346.14,186,9,14251,2011-11-22 14:10:00
578040,199.48000000000002,117,25,13322,2011-11-22 14:21:00
578041,1329.6200000000001,720,138,17338,2011-11-22 14:23:00
578042,510.0,6,1,17500,2011-11-22 14:25:00
578043,416.17,221,23,12474,2011-11-22 14:39:00
578044,722.14,394,28,13488,2011-11-22 14:41:00
578045,128.18,65,49,17297,2011-11-22 14:43:00
578053,330.55,307,20,14422,2011-11-22 14:59:00
578054,616.0,239,10,14911,2011-11-22 14:59:00
578055,320.46,430,12,13986,2011-11-22 15:00:00
578056,334.9,194,12,16164,2011-11-22 15:04:00
578057,162.78,128,27,12920,2011-11-22 15:05:00
578058,95.34,128,8,18249,2011-11-22 15:07:00
578059,222.84,140,8,13940,2011-11-22 15:15:00
578060,976.0,3200,3,17857,2011-11-22 15:22:00
578063,235.96,132,14,16929,2011-11-22 15:36:00
578064,104.0,50,1,13238,2011-11-22 15:37:00
578068,688.54,324,113,14505,2011-11-22 15:45:00
578069,351.95,327,16,14329,2011-11-22 15:49:00
578070,16.5,10,1,14329,2011-11-22 15:50:00
578071,272.36,128,6,13599,2011-11-22 15:52:00
578072,652.8100000000001,620,66,17759,2011-11-22 16:02:00
578074,797.71,473,120,17590,2011-11-22 16:06:00
578075,118.78999999999999,63,24,15039,2011-11-22 16:11:00
578078,196.94000000000003,79,11,12586,2011-11-22 16:24:00
578079,466.18,198,23,13985,2011-11-22 16:26:00
578080,243.55,99,15,15634,2011-11-22 16:28:00
578081,958.2,240,10,14051,2011-11-22 16:31:00
578082,221.36,137,14,12775,2011-11-22 16:33:00
578084,301.25,185,21,12465,2011-11-22 16:34:00
578085,294.88,189,12,13319,2011-11-22 16:39:00
578086,356.02,194,16,17519,2011-11-22 16:43:00
578087,150.55,87,13,15965,2011-11-22 16:44:00
578088,862.2,655,91,16376,2011-11-22 16:47:00
578089,406.72,120,6,12483,2011-11-22 17:02:00
578091,82.91,49,4,14554,2011-11-22 17:15:00
578092,314.77,393,18,16811,2011-11-22 17:19:00
578093,302.24,376,17,14911,2011-11-22 17:21:00
578094,184.4,64,23,16261,2011-11-22 17:23:00
578096,83.96000000000001,32,2,12936,2011-11-22 17:26:00
578098,79.48,53,26,12936,2011-11-22 17:32:00
578099,350.57,183,21,12452,2011-11-23 08:05:00
578100,368.14,236,18,15814,2011-11-23 08:17:00
578101,105.0,60,3,13089,2011-11-23 08:39:00
578102,409.0,126,12,13089,2011-11-23 08:39:00
578103,254.12,156,9,17554,2011-11-23 08:42:00
578104,308.46,90,15,13969,2011-11-23 08:43:00
578105,177.33,60,8,14911,2011-11-23 08:47:00
578106,312.5,174,6,16133,2011-11-23 09:02:00
578107,127.68,116,7,15949,2011-11-23 09:09:00
578108,385.06,526,13,14912,2011-11-23 09:20:00
578109,311.66,261,21,14020,2011-11-23 09:22:00
578111,164.28,98,5,14790,2011-11-23 09:28:00
578112,30.0,24,1,16670,2011-11-23 09:34:00
578113,92.4,168,4,14560,2011-11-23 09:35:00
578114,194.41,107,12,16185,2011-11-23 09:41:00
578115,115.9,146,8,16600,2011-11-23 09:44:00
578116,314.81,285,7,13078,2011-11-23 09:51:00
578117,223.5,134,14,14334,2011-11-23 10:01:00
578118,842.02,620,29,12955,2011-11-23 10:08:00
578119,72.0,32,4,17769,2011-11-23 10:09:00
578120,381.2,252,21,14493,2011-11-23 10:21:00
578121,400.4,247,21,14547,2011-11-23 10:23:00
578123,80.0,2,1,12452,2011-11-23 10:28:00
578125,3956.6800000000003,3806,45,17511,2011-11-23 10:31:00
578126,8.95,101,2,16900,2011-11-23 10:32:00
578127,472.6,268,6,13408,2011-11-23 10:36:00
578128,269.52,156,8,12919,2011-11-23 10:38:00
578129,102.84,154,9,13502,2011-11-23 10:39:00
578130,104.2,28,4,15611,2011-11-23 10:44:00
578133,243.8,78,10,14205,2011-11-23 10:55:00
578140,7952.68,5760,42,14646,2011-11-23 10:58:00
578141,290.0,200,1,14646,2011-11-23 11:04:00
578143,1835.96,1284,11,14646,2011-11-23 11:06:00
578146,332.4,121,46,13742,2011-11-23 11:07:00
578147,192.44,134,43,12748,2011-11-23 11:09:00
578150,16.5,10,1,16020,2011-11-23 11:18:00
578151,315.71,187,19,16020,2011-11-23 11:18:00
578152,131.39999999999998,12,1,16954,2011-11-23 11:21:00
578153,186.14,188,47,12748,2011-11-23 11:22:00
578154,1.65,1,1,15117,2011-11-23 11:30:00
578155,164.77,68,46,12748,2011-11-23 11:32:00
578171,392.40000000000003,207,16,17685,2011-11-23 11:36:00
578174,219.23000000000002,111,11,13576,2011-11-23 11:37:00
578187,500.52000000000004,770,31,14336,2011-11-23 11:40:00
578192,102.0,12,1,16954,2011-11-23 11:42:00
578196,83.4,12,1,16168,2011-11-23 11:43:00
578211,316.78,341,57,12748,2011-11-23 11:47:00
578220,341.54,214,5,16525,2011-11-23 11:49:00
578225,852.8100000000001,441,48,17700,2011-11-23 11:51:00
578229,273.35,109,21,16066,2011-11-23 11:54:00
578230,354.0,144,2,15189,2011-11-23 11:58:00
578231,286.8,66,24,14527,2011-11-23 12:05:00
578232,85.0,1,1,17135,2011-11-23 12:13:00
578233,2333.98,1658,204,14049,2011-11-23 12:20:00
578234,298.24,130,17,13650,2011-11-23 12:22:00
578243,1050.3200000000002,452,33,13448,2011-11-23 12:33:00
578244,569.67,438,39,15727,2011-11-23 12:36:00
578246,116.46,162,6,13991,2011-11-23 12:38:00
578247,138.6,217,16,14581,2011-11-23 12:39:00
578248,437.12,306,37,16255,2011-11-23 12:40:00
578249,457.2,120,1,16660,2011-11-23 12:42:00
578250,122.53,52,46,15901,2011-11-23 12:43:00
578251,412.9,360,75,15993,2011-11-23 12:45:00
578252,530.16,228,5,16079,2011-11-23 12:48:00
578253,88.2,73,4,14744,2011-11-23 12:51:00
578254,366.8,180,7,17809,2011-11-23 12:52:00
578255,596.36,336,93,14675,2011-11-23 12:58:00
578256,69.6,48,1,17809,2011-11-23 12:59:00
578258,338.63,261,60,13263,2011-11-23 13:01:00
578260,378.90000000000003,172,17,17469,2011-11-23 13:15:00
578261,792.94,210,10,14216,2011-11-23 13:24:00
578262,307.05,241,94,18283,2011-11-23 13:27:00
578263,280.4,504,16,17422,2011-11-23 13:27:00
578264,123.64,99,33,12748,2011-11-23 13:27:00
578265,406.53000000000003,169,19,13018,2011-11-23 13:28:00
578266,141.68,66,41,12748,2011-11-23 13:34:00
578267,12.75,3,1,12748,2011-11-23 13:37:00
578268,5.45,1,1,12748,2011-11-23 13:39:00
578270,6936.5199999999995,1801,439,14096,2011-11-23 13:39:00
578271,90.02,34,4,13899,2011-11-23 13:40:00
578272,198.31,126,13,17463,2011-11-23 13:40:00
578273,107.36,38,19,14335,2011-11-23 13:41:00
578275,181.63,154,30,15916,2011-11-23 13:46:00
578277,329.12,212,25,12723,2011-11-23 13:51:00
578278,471.25,435,43,12748,2011-11-23 13:51:00
578279,446.58,190,7,14735,2011-11-23 13:53:00
578281,213.8,74,15,14099,2011-11-23 13:53:00
578283,353.52,224,7,13139,2011-11-23 13:54:00
578284,71.6,66,5,14385,2011-11-23 13:56:00
578285,81.06,31,28,12748,2011-11-23 13:57:00
578286,90.47999999999999,312,1,18084,2011-11-23 13:57:00
578287,19.259999999999998,7,3,12723,2011-11-23 14:01:00
578288,49.0,7,7,12748,2011-11-23 14:05:00
578289,844.9,381,112,17841,2011-11-23 14:07:00
578290,778.92,481,37,13644,2011-11-23 14:07:00
578291,54.900000000000006,22,2,16500,2011-11-23 14:18:00
578292,708.76,425,68,13174,2011-11-23 14:35:00
578293,886.86,364,33,15640,2011-11-23 14:36:00
578294,91.45000000000002,31,5,16790,2011-11-23 14:37:00
578295,204.3,74,7,12569,2011-11-23 14:39:00
578296,94.80000000000001,24,2,16653,2011-11-23 14:51:00
578297,446.28,228,9,17017,2011-11-23 14:51:00
578298,398.7,461,17,12619,2011-11-23 14:52:00
578299,426.09,223,10,16660,2011-11-23 14:53:00
578300,310.0,73,2,12664,2011-11-23 15:02:00
578301,380.64,188,14,17034,2011-11-23 15:14:00
578302,718.89,243,38,16057,2011-11-23 15:23:00
578303,541.71,119,12,14733,2011-11-23 15:39:00
578304,407.4,124,5,13831,2011-11-23 15:41:00
578305,10584.77,2111,132,14088,2011-11-23 15:44:00
578306,236.34,150,11,17410,2011-11-23 15:46:00
578307,348.83,274,50,17290,2011-11-23 15:53:00
578308,34.29,27,14,12748,2011-11-23 16:09:00
578309,256.8,256,14,15253,2011-11-23 16:20:00
578310,313.52,160,21,17434,2011-11-23 16:22:00
578311,20.8,10,1,15253,2011-11-23 16:22:00
578312,229.26,90,8,14032,2011-11-23 16:24:00
578313,130.13,51,7,17757,2011-11-23 16:24:00
578314,332.55,132,8,13350,2011-11-23 16:33:00
578315,319.33,167,19,17725,2011-11-23 16:34:00
578316,302.44,241,18,14189,2011-11-23 16:43:00
578317,710.6800000000001,394,38,15398,2011-11-23 16:47:00
578318,164.7,120,9,17135,2011-11-23 16:48:00
578319,107.76,56,4,15393,2011-11-23 16:48:00
578321,2990.0,920,4,12557,2011-11-23 16:59:00
578322,209.94,60,10,12948,2011-11-23 17:10:00
578323,212.85,50,23,15743,2011-11-23 17:19:00
578324,172.45,98,25,17530,2011-11-23 17:32:00
578325,161.52,86,22,16343,2011-11-23 17:43:00
578326,167.06,89,17,16343,2011-11-23 17:45:00
578330,277.98,438,2,17523,2011-11-24 08:28:00
578331,207.14000000000001,143,10,14911,2011-11-24 08:44:00
578333,332.96,202,12,12471,2011-11-24 08:50:00
578334,82.8,64,6,15594,2011-11-24 08:53:00
578335,417.56,244,26,17481,2011-11-24 09:06:00
578339,178.48,77,9,12421,2011-11-24 09:07:00
578341,279.35999999999996,384,2,16966,2011-11-24 09:13:00
578343,83.0,60,3,13277,2011-11-24 09:21:00
578345,264.6,252,3,15270,2011-11-24 09:23:00
578346,264.6,252,3,15270,2011-11-24 09:24:00
578348,162.5,134,11,12494,2011-11-24 09:34:00
578349,465.35,375,25,14539,2011-11-24 09:50:00
578350,306.35,205,14,15632,2011-11-24 09:51:00
578351,163.2,64,2,14987,2011-11-24 09:59:00
578352,129.5,50,6,16596,2011-11-24 10:02:00
578353,184.2,108,7,14825,2011-11-24 10:07:00
578354,468.52000000000004,232,23,17139,2011-11-24 10:12:00
578356,197.28,132,3,14866,2011-11-24 10:14:00
578357,188.49,258,18,17228,2011-11-24 10:24:00
578358,2210.64,948,12,15482,2011-11-24 10:35:00
578359,1074.0,600,6,14607,2011-11-24 10:35:00
578361,122.64,93,8,13638,2011-11-24 10:38:00
578362,1082.14,551,22,12913,2011-11-24 10:39:00
578364,220.2,187,12,13588,2011-11-24 10:42:00
578365,1092.1,794,12,15482,2011-11-24 10:46:00
578366,298.85,135,19,16173,2011-11-24 10:53:00
578369,136.65,59,20,14698,2011-11-24 11:10:00
578370,166.0,83,31,17346,2011-11-24 11:11:00
578372,37.239999999999995,8,2,17451,2011-11-24 11:17:00
578373,339.73,286,21,17451,2011-11-24 11:19:00
578375,240.39000000000001,201,5,16157,2011-11-24 11:41:00
578384,71.0,32,5,16189,2011-11-24 11:47:00
578400,168.13,110,46,12748,2011-11-24 11:52:00
578420,261.35,39,18,16326,2011-11-24 11:57:00
578425,72.0,4,1,12705,2011-11-24 12:01:00
578427,196.0,156,8,15034,2011-11-24 12:11:00
578429,521.21,351,54,16271,2011-11-24 12:12:00
578433,474.16,248,9,17671,2011-11-24 12:21:00
578441,285.35,103,3,17133,2011-11-24 12:24:00
578445,185.81,190,29,15005,2011-11-24 12:25:00
578451,69.6,48,1,17133,2011-11-24 12:27:00
578459,286.4,224,8,12388,2011-11-24 12:30:00
578461,193.75,43,11,12748,2011-11-24 12:30:00
578463,340.7,160,16,12757,2011-11-24 12:30:00
578468,220.62,346,18,16482,2011-11-24 12:33:00
578469,590.32,260,13,12471,2011-11-24 12:36:00
578470,237.74,102,13,16824,2011-11-24 12:38:00
578472,1750.46,591,58,12476,2011-11-24 12:40:00
578479,187.23000000000002,93,33,15858,2011-11-24 12:48:00
578480,317.5,242,12,15502,2011-11-24 12:48:00
578485,810.76,516,33,12921,2011-11-24 12:52:00
578488,476.82,278,53,12784,2011-11-24 12:53:00
578506,316.5,170,52,17458,2011-11-24 13:01:00
578508,149.15,68,39,16892,2011-11-24 13:06:00
578509,183.5,131,11,12705,2011-11-24 13:17:00
578510,533.97,202,63,14056,2011-11-24 13:25:00
578511,247.62,104,27,17975,2011-11-24 13:27:00
578512,435.88,232,5,15187,2011-11-24 13:28:00
578513,1463.64,551,55,16609,2011-11-24 13:32:00
578514,39.480000000000004,36,2,14785,2011-11-24 13:40:00
578515,150.81,101,32,16885,2011-11-24 13:40:00
578516,578.24,776,36,14591,2011-11-24 13:53:00
578517,772.54,318,22,16523,2011-11-24 13:53:00
578518,110.57000000000001,73,28,14606,2011-11-24 13:54:00
578519,334.37,185,72,14591,2011-11-24 13:56:00
578520,203.58,176,23,14591,2011-11-24 13:57:00
578521,197.48,83,36,17812,2011-11-24 14:06:00
578522,169.06,150,54,17254,2011-11-24 14:09:00
578523,150.76,150,16,15311,2011-11-24 14:10:00
578526,215.76,98,13,13995,2011-11-24 14:22:00
578530,301.14,138,10,14251,2011-11-24 14:37:00
578531,248.16,203,64,17364,2011-11-24 14:40:00
578532,289.62,180,18,18130,2011-11-24 14:40:00
578533,271.2,128,21,17767,2011-11-24 14:42:00
578534,415.25,221,32,15725,2011-11-24 14:51:00
578535,52.739999999999995,58,3,13207,2011-11-24 14:52:00
578541,2059.57,821,123,14277,2011-11-24 15:01:00
578544,314.58,94,16,17096,2011-11-24 15:01:00
578547,324.74,361,16,12720,2011-11-24 15:02:00
578548,238.51,164,39,17345,2011-11-24 15:02:00
578550,111.34,59,6,12720,2011-11-24 15:03:00
578551,677.83,486,60,12937,2011-11-24 15:05:00
578620,280.09000000000003,105,53,17247,2011-11-24 15:21:00
578621,121.66000000000001,82,6,13719,2011-11-24 15:26:00
578622,49.8,60,1,18184,2011-11-24 15:28:00
578623,158.42,90,7,15953,2011-11-24 15:32:00
578626,879.1,322,18,12709,2011-11-24 15:38:00
578627,312.0,150,10,14709,2011-11-24 15:41:00
578630,170.52,120,3,12748,2011-11-24 16:06:00
578631,189.8,30,8,14805,2011-11-24 16:20:00
578633,290.32,260,22,16616,2011-11-24 16:31:00
578634,112.38,98,7,16566,2011-11-24 16:34:00
578653,462.0,248,24,18161,2011-11-24 16:40:00
578661,392.76,268,13,18188,2011-11-24 16:46:00
578662,159.23,41,23,17516,2011-11-24 16:51:00
578663,93.78,102,6,15428,2011-11-24 16:54:00
578664,243.76,212,45,15910,2011-11-24 16:59:00
578665,427.08000000000004,208,11,16570,2011-11-24 17:02:00
578666,1060.25,645,66,17727,2011-11-24 17:06:00
578667,137.97,91,26,15514,2011-11-24 17:10:00
578668,195.0,300,5,12971,2011-11-24 17:11:00
578670,4.949999999999999,3,1,17323,2011-11-24 17:29:00
578671,66.0,40,1,16989,2011-11-24 17:32:00
578672,40.199999999999996,60,3,16668,2011-11-24 17:43:00
578674,39.480000000000004,12,1,14088,2011-11-24 18:05:00
578675,738.96,416,38,14756,2011-11-24 18:13:00
578676,144.43,61,25,16016,2011-11-24 19:07:00
578677,187.14000000000001,121,25,15750,2011-11-24 19:30:00
578678,453.66,395,88,17841,2011-11-24 19:59:00
578679,348.1,568,10,15117,2011-11-25 08:12:00
578680,239.66000000000003,146,13,16458,2011-11-25 08:23:00
578681,302.34,130,14,13579,2011-11-25 08:41:00
578682,963.1800000000001,295,20,17173,2011-11-25 08:55:00
578683,151.38,70,5,15134,2011-11-25 08:55:00
578684,35.400000000000006,12,2,16856,2011-11-25 08:59:00
578685,440.64,216,7,16779,2011-11-25 09:07:00
578686,362.95,235,20,13050,2011-11-25 09:18:00
578687,318.17,183,22,14703,2011-11-25 09:23:00
578688,286.47,233,36,16719,2011-11-25 09:27:00
578689,353.61,177,4,15793,2011-11-25 09:31:00
578690,138.55,41,9,17302,2011-11-25 09:36:00
578694,234.24,126,2,13199,2011-11-25 09:40:00
578695,36.8,86,3,13199,2011-11-25 09:42:00
578696,721.34,336,32,13985,2011-11-25 10:02:00
578697,337.4,281,22,14132,2011-11-25 10:03:00
578698,400.09,441,35,12620,2011-11-25 10:20:00
578699,336.96,104,5,13113,2011-11-25 10:22:00
578701,443.18,242,25,17624,2011-11-25 10:52:00
578702,1245.81,707,56,15382,2011-11-25 10:58:00
578703,256.11,197,42,17385,2011-11-25 11:02:00
578704,408.0,160,2,18172,2011-11-25 11:12:00
578705,125.22,45,17,12531,2011-11-25 11:12:00
578707,372.17,228,62,17870,2011-11-25 11:20:00
578708,56.6,21,2,15737,2011-11-25 11:21:00
578719,177.61,175,38,17348,2011-11-25 11:25:00
578736,706.5,318,15,12681,2011-11-25 11:33:00
578745,37.800000000000004,18,1,13978,2011-11-25 11:36:00
578757,395.21,246,98,12748,2011-11-25 11:41:00
578781,314.15,186,101,15872,2011-11-25 11:54:00
578782,2.1,1,1,15872,2011-11-25 11:55:00
578783,364.13,380,37,12748,2011-11-25 11:58:00
578785,345.9,186,4,13525,2011-11-25 12:01:00
578786,196.85,125,21,13184,2011-11-25 12:02:00
578787,232.65,86,12,13589,2011-11-25 12:10:00
578789,320.6,86,15,16161,2011-11-25 12:17:00
578790,183.02,179,35,14966,2011-11-25 12:20:00
578791,123.28999999999999,102,15,12841,2011-11-25 12:20:00
578792,293.78999999999996,92,6,14911,2011-11-25 12:20:00
578793,1909.6200000000001,528,10,16210,2011-11-25 12:21:00
578794,208.04,110,17,17232,2011-11-25 12:24:00
578795,308.86,234,13,17243,2011-11-25 12:29:00
578802,107.0,92,4,17468,2011-11-25 12:52:00
578804,102.3,114,8,17557,2011-11-25 12:57:00
578805,396.14,312,20,16401,2011-11-25 12:57:00
578806,543.4399999999999,396,22,13149,2011-11-25 13:09:00
578807,331.52,230,6,17491,2011-11-25 13:10:00
578808,647.88,540,48,16327,2011-11-25 13:23:00
578809,460.86,281,30,13048,2011-11-25 13:23:00
578810,208.70000000000002,56,7,16814,2011-11-25 13:27:00
578811,2016.78,594,49,12438,2011-11-25 13:28:00
578812,350.9,179,21,13332,2011-11-25 13:30:00
578813,100.9,22,3,14946,2011-11-25 13:33:00
578814,255.92,199,73,12748,2011-11-25 13:40:00
578815,308.64,105,19,13860,2011-11-25 13:42:00
578816,397.35,256,5,14111,2011-11-25 13:44:00
578817,274.4,126,62,16764,2011-11-25 13:45:00
578818,136.04,74,30,17920,2011-11-25 13:47:00
578819,790.06,508,11,15311,2011-11-25 13:52:00
578820,400.08000000000004,152,4,12912,2011-11-25 13:58:00
578821,441.0,80,3,17389,2011-11-25 13:59:00
578822,459.82,226,13,13437,2011-11-25 14:00:00
578824,285.35,122,55,17883,2011-11-25 14:02:00
578825,165.70000000000002,96,10,17562,2011-11-25 14:21:00
578826,279.75,75,17,17329,2011-11-25 14:24:00
578829,54.81,37,17,14710,2011-11-25 14:53:00
578830,182.15,53,9,15186,2011-11-25 14:58:00
578831,408.0,160,2,15473,2011-11-25 15:15:00
578834,524.74,183,31,18109,2011-11-25 15:32:00
578835,153.72,69,5,12682,2011-11-25 15:44:00
578836,156.09,117,23,13069,2011-11-25 15:47:00
578843,202.47,57,33,17813,2011-11-25 16:13:00
578846,365.33,299,49,17757,2011-11-25 17:27:00
578848,14.11,3,2,17988,2011-11-27 10:34:00
578849,187.9,52,17,13232,2011-11-27 10:39:00
578850,223.79000000000002,172,31,13571,2011-11-27 10:47:00
578851,332.16999999999996,215,20,16407,2011-11-27 11:05:00
578852,395.46,266,101,17841,2011-11-27 11:12:00
578853,116.78,47,11,17864,2011-11-27 11:15:00
578854,388.42,186,13,14859,2011-11-27 11:15:00
578855,148.85,66,9,14878,2011-11-27 11:15:00
578856,707.8100000000001,290,40,17769,2011-11-27 11:18:00
578857,38.2,22,2,14859,2011-11-27 11:18:00
578858,758.3,790,78,18145,2011-11-27 11:22:00
578901,265.56,102,48,17812,2011-11-27 11:47:00
578914,170.06,96,15,13782,2011-11-27 11:54:00
578921,378.67,192,120,13596,2011-11-27 11:57:00
578922,218.4,74,30,17236,2011-11-27 12:00:00
578923,253.13,50,21,14527,2011-11-27 12:01:00
578924,304.15999999999997,288,18,16983,2011-11-27 12:10:00
578925,426.37,359,38,17365,2011-11-27 12:13:00
578926,488.76,215,68,18156,2011-11-27 12:24:00
578927,421.27,185,46,15747,2011-11-27 12:26:00
578928,680.32,423,68,15443,2011-11-27 12:29:00
578929,263.26,148,20,13064,2011-11-27 12:31:00
578931,261.71,117,51,16942,2011-11-27 12:40:00
578933,173.35,19,8,16923,2011-11-27 12:47:00
578934,213.07,73,33,14577,2011-11-27 12:47:00
578935,310.11,138,63,15351,2011-11-27 12:52:00
578936,505.76,277,60,16923,2011-11-27 13:00:00
578937,440.98,225,22,16592,2011-11-27 13:03:00
578938,25.200000000000003,12,1,16592,2011-11-27 13:07:00
578939,168.34,82,14,17068,2011-11-27 13:14:00
578941,251.03,397,61,16024,2011-11-27 13:26:00
578942,553.89,299,100,17288,2011-11-27 13:29:00
578943,348.84000000000003,165,28,15009,2011-11-27 13:35:00
578944,161.18,97,69,16005,2011-11-27 13:41:00
578945,125.83,71,19,16877,2011-11-27 13:47:00
578946,142.12,66,46,16005,2011-11-27 13:47:00
578947,533.44,435,49,14547,2011-11-27 13:49:00
578948,209.5,66,9,17411,2011-11-27 14:25:00
578949,294.85,117,75,14954,2011-11-27 14:30:00
578950,156.34,110,50,17885,2011-11-27 14:40:00
578951,453.63,253,6,15514,2011-11-27 14:40:00
578952,156.05,145,14,18112,2011-11-27 14:43:00
578953,208.71,144,37,13546,2011-11-27 14:50:00
578954,133.68,87,47,15054,2011-11-27 15:02:00
578977,448.07,279,56,17231,2011-11-27 15:18:00
578992,113.29,35,19,13610,2011-11-27 15:38:00
578993,239.14,168,50,15987,2011-11-27 15:38:00
578994,829.91,225,22,14911,2011-11-27 15:44:00
578995,598.37,588,96,15861,2011-11-27 15:59:00
578996,167.96,173,24,13991,2011-11-27 16:02:00
578997,165.0,78,15,18001,2011-11-27 16:02:00
578998,231.2,116,70,15436,2011-11-27 16:05:00
578999,230.89,144,49,17595,2011-11-27 16:08:00
579000,31.3,14,3,13991,2011-11-27 16:18:00
579001,470.9,460,99,15555,2011-11-27 16:19:00
579002,433.86,391,95,14093,2011-11-27 16:27:00
579003,231.95,166,10,14741,2011-11-28 08:48:00
579005,391.32,204,3,16191,2011-11-28 09:08:00
579006,128.88,72,1,17924,2011-11-28 09:08:00
579007,163.68,96,2,17924,2011-11-28 09:11:00
579008,389.28,166,4,17739,2011-11-28 09:12:00
579009,39.0,12,1,16678,2011-11-28 09:14:00
579010,103.6,50,4,13258,2011-11-28 09:31:00
579011,307.56,152,10,15078,2011-11-28 09:40:00
579012,164.93,44,23,15511,2011-11-28 09:43:00
579013,317.1,82,8,18229,2011-11-28 09:48:00
579014,552.48,364,8,12906,2011-11-28 09:53:00
579015,42.96,24,1,12906,2011-11-28 09:54:00
579016,387.78,198,7,12906,2011-11-28 09:55:00
579017,130.05,51,3,15571,2011-11-28 10:02:00
579027,295.43,223,9,14102,2011-11-28 10:20:00
579037,688.62,397,15,13418,2011-11-28 10:23:00
579039,154.4,110,9,17031,2011-11-28 10:23:00
579062,291.95,151,16,17651,2011-11-28 10:29:00
579067,163.55,55,8,14470,2011-11-28 10:31:00
579069,1073.23,605,59,14911,2011-11-28 10:31:00
579087,305.38,255,17,13914,2011-11-28 10:35:00
579089,111.11,58,31,17920,2011-11-28 10:46:00
579091,809.12,576,51,14893,2011-11-28 10:49:00
579093,2123.92,1322,63,13081,2011-11-28 10:54:00
579094,882.6800000000001,300,38,12668,2011-11-28 10:56:00
579095,41.01,13,10,17988,2011-11-28 11:00:00
579096,350.92,172,11,15561,2011-11-28 11:07:00
579097,512.81,193,11,13758,2011-11-28 11:11:00
579098,192.2,109,55,14606,2011-11-28 11:18:00
579099,197.55,120,29,15714,2011-11-28 11:26:00
579100,345.44,352,25,13004,2011-11-28 11:27:00
579101,359.49,165,24,16364,2011-11-28 11:27:00
579102,805.6,340,43,14911,2011-11-28 11:33:00
579103,267.4,221,49,18041,2011-11-28 11:39:00
579106,1080.48,424,26,16705,2011-11-28 11:42:00
579107,16.5,10,1,16705,2011-11-28 11:43:00
579108,69.36,24,1,16705,2011-11-28 11:44:00
579109,34.8,24,2,16705,2011-11-28 11:45:00
579116,193.03,128,33,17346,2011-11-28 11:54:00
579121,91.06,69,4,17299,2011-11-28 12:01:00
579122,309.82,366,6,12971,2011-11-28 12:05:00
579123,139.6,128,4,14217,2011-11-28 12:08:00
579124,471.40000000000003,388,80,15721,2011-11-28 12:14:00
579125,445.81,511,28,14215,2011-11-28 12:19:00
579126,348.32000000000005,265,4,13798,2011-11-28 12:19:00
579128,161.39999999999998,102,5,14397,2011-11-28 12:30:00
579129,44.35,15,8,17852,2011-11-28 12:31:00
579130,163.01999999999998,62,4,14735,2011-11-28 12:32:00
579131,566.76,422,27,12839,2011-11-28 12:33:00
579132,214.76,188,44,15022,2011-11-28 12:35:00
579133,69.99,38,16,17852,2011-11-28 12:36:00
579134,499.56,330,22,13115,2011-11-28 12:38:00
579135,275.14,210,42,18096,2011-11-28 12:44:00
579136,316.93,109,13,16094,2011-11-28 12:45:00
579137,15.0,1,1,14704,2011-11-28 12:51:00
579138,313.14,544,15,13590,2011-11-28 12:54:00
579139,286.08,192,1,18102,2011-11-28 12:55:00
579141,262.15,162,65,17019,2011-11-28 13:06:00
579142,283.0,210,36,16744,2011-11-28 13:06:00
579143,265.24,152,15,13882,2011-11-28 13:08:00
579144,485.96,342,21,13269,2011-11-28 13:11:00
579145,701.14,448,42,14597,2011-11-28 13:13:00
579146,410.66,185,28,16347,2011-11-28 13:14:00
579147,187.1,176,43,13263,2011-11-28 13:20:00
579148,125.55,49,8,17523,2011-11-28 13:20:00
579149,361.62,196,20,13844,2011-11-28 13:21:00
579150,605.4,340,10,13408,2011-11-28 13:25:00
579151,139.92000000000002,96,2,13408,2011-11-28 13:25:00
579152,527.2,385,31,12479,2011-11-28 13:26:00
579153,245.1,127,13,12660,2011-11-28 13:26:00
579154,218.96,116,31,17218,2011-11-28 13:27:00
579155,112.17,62,24,18101,2011-11-28 13:37:00
579156,304.94,86,13,17419,2011-11-28 13:47:00
579157,213.3,200,15,15540,2011-11-28 13:51:00
579158,309.12,140,13,17188,2011-11-28 13:53:00
579159,152.43,105,9,13196,2011-11-28 13:53:00
579160,58.4,60,4,13196,2011-11-28 13:54:00
579161,389.71999999999997,623,71,17379,2011-11-28 13:56:00
579162,300.02,136,30,16393,2011-11-28 13:58:00
579163,730.08,432,4,15838,2011-11-28 13:59:00
579164,242.04000000000002,132,2,15838,2011-11-28 14:00:00
579165,217.81,110,13,13389,2011-11-28 14:01:00
579166,264.53000000000003,97,16,14290,2011-11-28 14:02:00
579167,1162.65,524,148,16800,2011-11-28 14:06:00
579168,546.04,727,43,17806,2011-11-28 14:12:00
579170,188.54000000000002,63,32,17811,2011-11-28 14:26:00
579171,350.08,174,28,13030,2011-11-28 14:30:00
579173,127.86,161,13,17359,2011-11-28 14:37:00
579174,309.51,315,15,13266,2011-11-28 14:39:00
579175,321.19,110,26,14562,2011-11-28 14:39:00
579176,280.46,121,12,13950,2011-11-28 14:44:00
579177,705.9000000000001,250,8,13089,2011-11-28 14:53:00
579179,71.09,26,7,17237,2011-11-28 15:02:00
579180,621.6,344,4,13881,2011-11-28 15:09:00
579181,208.79999999999998,144,1,13881,2011-11-28 15:10:00
579182,178.4,172,9,15601,2011-11-28 15:15:00
579183,481.68,168,3,15621,2011-11-28 15:16:00
579184,301.20000000000005,93,11,16746,2011-11-28 15:17:00
579185,114.60000000000001,25,2,13188,2011-11-28 15:28:00
579188,466.71999999999997,290,39,12748,2011-11-28 15:34:00
579189,976.8000000000001,528,2,16684,2011-11-28 15:34:00
579190,491.12,390,9,12657,2011-11-28 15:35:00
579191,216.0,600,1,16684,2011-11-28 15:35:00
579193,491.12,390,9,12657,2011-11-28 15:47:00
579194,206.32999999999998,153,11,15804,2011-11-28 15:50:00
579196,8107.72,2106,529,14096,2011-11-28 15:54:00
579245,136.0,16,1,17929,2011-11-28 16:01:00
579249,1147.2,480,2,17450,2011-11-28 16:32:00
579250,279.05,143,13,14480,2011-11-28 16:35:00
579251,3821.36,1456,3,17450,2011-11-28 16:39:00
579252,1034.4,432,2,17450,2011-11-28 16:47:00
579253,230.39999999999998,96,1,17450,2011-11-28 16:54:00
579254,301.32,209,19,14511,2011-11-28 17:05:00
579255,194.82,91,14,14901,2011-11-28 17:09:00
579256,247.32,225,16,13349,2011-11-29 08:07:00
579257,336.40000000000003,136,3,15619,2011-11-29 08:14:00
579258,301.29,187,20,15148,2011-11-29 08:21:00
579259,262.5,151,15,12451,2011-11-29 08:40:00
579260,257.4,143,7,14618,2011-11-29 08:41:00
579261,313.8,286,19,13429,2011-11-29 09:10:00
579262,93.84000000000002,60,2,13599,2011-11-29 09:13:00
579263,29.88,18,2,13599,2011-11-29 09:14:00
579264,44.2,70,3,13599,2011-11-29 09:15:00
579265,58.56,48,2,13599,2011-11-29 09:15:00
579267,1144.75,457,38,14961,2011-11-29 09:42:00
579268,300.16,368,19,14321,2011-11-29 09:47:00
579269,213.96,168,7,14601,2011-11-29 09:48:00
579270,246.3,212,14,15783,2011-11-29 09:50:00
579271,2586.6899999999996,649,10,17450,2011-11-29 09:56:00
579273,306.36,267,17,15197,2011-11-29 10:00:00
579274,301.25,158,20,13467,2011-11-29 10:01:00
579276,93.0,49,5,12654,2011-11-29 10:10:00
579278,197.10000000000002,34,6,14209,2011-11-29 10:18:00
579279,351.52,158,9,15298,2011-11-29 10:23:00
579280,107.9,18,6,13928,2011-11-29 10:33:00
579281,227.20000000000002,91,6,12375,2011-11-29 10:36:00
579282,127.76,58,7,16818,2011-11-29 10:41:00
579283,931.7,532,48,13883,2011-11-29 10:45:00
579284,3337.44,1619,21,15061,2011-11-29 10:52:00
579285,160.35,24,8,14180,2011-11-29 10:56:00
579286,147.15,50,45,17772,2011-11-29 10:57:00
579287,152.32,112,9,13496,2011-11-29 10:58:00
579288,26.3,5,5,17772,2011-11-29 11:05:00
579293,210.9,83,46,14419,2011-11-29 11:22:00
579300,374.9,308,13,14667,2011-11-29 11:30:00
579301,293.15,167,88,18118,2011-11-29 11:32:00
579307,447.74,158,14,17655,2011-11-29 11:34:00
579328,164.57,139,10,17711,2011-11-29 11:40:00
579332,308.22,162,8,14408,2011-11-29 11:41:00
579339,337.28000000000003,148,5,14866,2011-11-29 11:45:00
579345,643.0,342,23,12727,2011-11-29 11:46:00
579350,807.68,515,17,15218,2011-11-29 11:48:00
579358,214.45000000000002,81,11,16992,2011-11-29 11:50:00
579364,194.54999999999998,73,5,14173,2011-11-29 11:52:00
579365,12.48,6,1,14173,2011-11-29 11:54:00
579387,131.68,70,29,14452,2011-11-29 12:06:00
579391,490.68,380,13,14251,2011-11-29 12:07:00
579393,566.98,309,29,12627,2011-11-29 12:07:00
579399,460.83,262,103,13137,2011-11-29 12:09:00
579400,696.8000000000001,1024,7,17306,2011-11-29 12:10:00
579401,416.58000000000004,182,19,14550,2011-11-29 12:12:00
579402,348.35,167,3,17306,2011-11-29 12:14:00
579403,436.1,180,9,14503,2011-11-29 12:15:00
579404,275.85,120,12,14126,2011-11-29 12:21:00
579405,367.78000000000003,338,2,14126,2011-11-29 12:22:00
579406,304.9,54,7,13014,2011-11-29 12:27:00
579407,229.8,77,7,13657,2011-11-29 12:32:00
579408,577.71,254,89,14701,2011-11-29 12:34:00
579409,6.95,1,1,14701,2011-11-29 12:38:00
579410,64.56,36,3,16168,2011-11-29 12:45:00
579411,160.93,96,23,16794,2011-11-29 12:46:00
579412,333.92,182,23,14125,2011-11-29 12:47:00
579413,404.43,212,44,13668,2011-11-29 12:50:00
579414,387.42,212,49,14719,2011-11-29 12:52:00
579416,604.86,233,12,12471,2011-11-29 13:00:00
579419,94.02,48,6,12471,2011-11-29 13:01:00
579427,231.18,67,21,16479,2011-11-29 13:04:00
579430,190.78,128,39,12748,2011-11-29 13:06:00
579432,282.18,168,18,15311,2011-11-29 13:12:00
579433,302.87,173,18,17466,2011-11-29 13:15:00
579434,308.55,287,16,16678,2011-11-29 13:17:00
579435,43.5,6,2,16782,2011-11-29 13:20:00
579436,37.92,48,1,14785,2011-11-29 13:21:00
579437,31.85,5,2,16852,2011-11-29 13:22:00
579439,298.48,120,7,13426,2011-11-29 13:29:00
579440,471.98,202,23,14388,2011-11-29 13:32:00
579441,281.9,21,5,12464,2011-11-29 13:33:00
579442,262.8,88,15,15152,2011-11-29 13:37:00
579443,69.65,35,14,16479,2011-11-29 13:40:00
579444,395.97,217,20,13999,2011-11-29 13:40:00
579445,183.6,72,3,15206,2011-11-29 13:41:00
579446,528.48,368,32,14121,2011-11-29 13:43:00
579447,628.16,279,27,14390,2011-11-29 13:46:00
579448,4.68,12,1,14390,2011-11-29 13:49:00
579449,251.0,200,2,17101,2011-11-29 13:57:00
579450,967.5,774,1,12901,2011-11-29 13:59:00
579451,237.60000000000002,48,1,13147,2011-11-29 13:59:00
579452,225.0,36,1,13199,2011-11-29 14:00:00
579453,108.74,90,9,12748,2011-11-29 14:03:00
579454,70.81,157,7,12901,2011-11-29 14:08:00
579455,318.8,221,19,15239,2011-11-29 14:14:00
579456,201.78,151,70,13428,2011-11-29 14:20:00
579457,316.70000000000005,152,7,14824,2011-11-29 14:20:00
579458,285.41,139,90,16549,2011-11-29 14:38:00
579459,321.9,99,4,17173,2011-11-29 14:38:00
579461,1039.09,453,32,15615,2011-11-29 14:42:00
579462,310.78,255,10,13211,2011-11-29 14:43:00
579464,179.7,104,10,15214,2011-11-29 14:51:00
579465,218.75,113,34,15790,2011-11-29 14:53:00
579466,306.0,72,2,15189,2011-11-29 14:57:00
579467,287.51,109,15,15755,2011-11-29 14:57:00
579468,231.21,76,33,14711,2011-11-29 14:58:00
579469,179.0,100,1,13068,2011-11-29 15:00:00
579470,1067.57,582,193,16549,2011-11-29 15:06:00
579472,277.48,172,115,13521,2011-11-29 15:09:00
579473,392.06,279,24,13198,2011-11-29 15:17:00
579489,129.15,27,10,16775,2011-11-29 15:22:00
579491,310.67,177,51,14723,2011-11-29 15:23:00
579492,696.12,303,14,12670,2011-11-29 15:23:00
579493,344.62,220,18,15570,2011-11-29 15:24:00
579494,30.0,24,1,17468,2011-11-29 15:33:00
579495,327.48,180,8,13576,2011-11-29 15:34:00
579497,133.5,86,31,14349,2011-11-29 15:39:00
579498,3651.6,2040,1,12798,2011-11-29 15:52:00
579499,574.98,378,29,17682,2011-11-29 15:59:00
579501,2075.81,625,29,14088,2011-11-29 16:16:00
579503,170.74,117,31,17097,2011-11-29 16:23:00
579505,444.87,407,7,13078,2011-11-29 16:31:00
579506,138.21,119,11,15089,2011-11-29 16:31:00
579507,261.68,120,16,15297,2011-11-29 16:32:00
579509,148.78,47,9,12963,2011-11-29 16:44:00
579510,727.0500000000001,445,27,14554,2011-11-29 16:44:00
579511,23.4,12,1,14836,2011-11-29 16:45:00
579513,123.15,127,3,12971,2011-11-29 17:03:00
579514,283.64,64,12,16688,2011-11-29 17:12:00
579515,370.13,238,19,14191,2011-11-29 17:23:00
579516,754.99,352,149,17841,2011-11-29 17:52:00
579517,34.120000000000005,16,7,12748,2011-11-29 18:02:00
579518,78.22,46,15,12748,2011-11-29 18:05:00
579520,184.29,66,45,12748,2011-11-29 18:14:00
579522,284.38,160,15,14432,2011-11-30 08:04:00
579523,729.6,204,7,15903,2011-11-30 08:08:00
579524,302.56,134,17,16295,2011-11-30 08:17:00
579525,1288.6399999999999,950,24,15113,2011-11-30 08:23:00
579526,170.16,88,3,18058,2011-11-30 08:38:00
579527,441.04,270,18,18210,2011-11-30 08:43:00
579528,119.0,51,4,12787,2011-11-30 08:44:00
579529,531.21,270,27,12488,2011-11-30 08:50:00
579530,288.36,154,19,14794,2011-11-30 09:00:00
579531,588.42,418,12,17017,2011-11-30 09:18:00
579533,329.85,84,17,12953,2011-11-30 09:24:00
579534,38.160000000000004,36,1,13784,2011-11-30 09:33:00
579535,353.40000000000003,193,18,15414,2011-11-30 09:50:00
579536,968.9,674,60,12957,2011-11-30 09:53:00
579538,1239.38,1390,14,14062,2011-11-30 10:04:00
579539,350.97,100,18,14911,2011-11-30 10:06:00
579540,434.8,172,22,13658,2011-11-30 10:11:00
579541,275.14,133,45,14653,2011-11-30 10:12:00
579542,107.6,36,4,13658,2011-11-30 10:13:00
579543,16.66,3,2,14653,2011-11-30 10:14:00
579544,314.73,111,15,14540,2011-11-30 10:15:00
579545,931.46,515,18,13098,2011-11-30 10:18:00
579548,181.45,63,10,15073,2011-11-30 10:44:00
579549,163.22,196,12,13203,2011-11-30 10:45:00
579550,569.09,264,29,12630,2011-11-30 10:48:00
579551,450.40000000000003,144,9,15782,2011-11-30 10:49:00
579552,788.46,440,17,16210,2011-11-30 10:54:00
579553,760.71,354,31,14156,2011-11-30 10:54:00
579555,599.5500000000001,354,109,16241,2011-11-30 11:08:00
579556,118.26,118,21,17835,2011-11-30 11:17:00
579558,737.8000000000001,368,30,14755,2011-11-30 11:24:00
579559,169.20000000000002,100,55,16764,2011-11-30 11:30:00
579560,171.63,71,30,15039,2011-11-30 11:31:00
579561,149.01,83,24,16115,2011-11-30 11:32:00
579571,229.27,307,30,16657,2011-11-30 11:48:00
579572,329.4,138,14,15394,2011-11-30 11:49:00
579600,372.22,228,18,13647,2011-11-30 12:00:00
579605,286.01,142,27,15024,2011-11-30 12:01:00
579612,8.5,1,1,15024,2011-11-30 12:06:00
579619,117.54,70,5,18241,2011-11-30 12:10:00
579623,375.48,150,16,16062,2011-11-30 12:15:00
579629,246.51999999999998,226,27,14963,2011-11-30 12:16:00
579634,163.85,147,11,12598,2011-11-30 12:18:00
579666,428.73,223,22,14893,2011-11-30 12:31:00
579667,115.47,52,14,16361,2011-11-30 12:32:00
579668,405.47,255,26,15152,2011-11-30 12:32:00
579669,302.33,135,12,14673,2011-11-30 12:36:00
579670,146.91,66,7,15611,2011-11-30 12:36:00
579671,160.18,75,10,12966,2011-11-30 12:38:00
579672,1897.04,1386,30,14005,2011-11-30 12:41:00
579673,220.31,132,39,18283,2011-11-30 12:59:00
579674,155.7,92,10,13012,2011-11-30 13:05:00
579675,327.51,146,12,15654,2011-11-30 13:08:00
579676,300.5,204,12,17502,2011-11-30 13:13:00
579677,173.81,67,7,13255,2011-11-30 13:14:00
579678,320.04,132,6,18230,2011-11-30 13:22:00
579679,105.05,29,13,13755,2011-11-30 13:29:00
579684,84.24000000000001,29,3,14618,2011-11-30 13:45:00
579685,311.97,205,15,15680,2011-11-30 13:46:00
579686,249.60000000000002,24,1,16712,2011-11-30 13:48:00
579687,273.0,60,2,14448,2011-11-30 13:50:00
579689,143.09,63,37,14606,2011-11-30 14:00:00
579690,139.92,91,42,15060,2011-11-30 14:03:00
579692,2843.29,2299,68,12433,2011-11-30 14:05:00
579693,206.45,91,11,15712,2011-11-30 14:09:00
579708,506.96000000000004,240,19,12682,2011-11-30 14:16:00
579711,134.84,121,60,15060,2011-11-30 14:17:00
579712,122.32,75,13,15467,2011-11-30 14:17:00
579725,2.88,24,1,15060,2011-11-30 14:21:00
579741,163.59,95,68,16910,2011-11-30 14:33:00
579747,371.6,151,12,12528,2011-11-30 14:40:00
579749,753.1,366,34,13362,2011-11-30 14:41:00
579750,448.45,184,28,13536,2011-11-30 14:42:00
579754,366.23,223,39,17911,2011-11-30 14:52:00
579759,363.88,244,3,15251,2011-11-30 15:02:00
579768,482.96000000000004,133,9,14911,2011-11-30 15:08:00
579779,80.85000000000001,51,4,17737,2011-11-30 15:16:00
579784,1371.6,936,8,14258,2011-11-30 15:27:00
579786,307.79999999999995,110,4,12524,2011-11-30 15:31:00
579788,30.0,24,1,17736,2011-11-30 15:36:00
579789,75.35,39,5,14385,2011-11-30 15:36:00
579790,56.0,2,1,12784,2011-11-30 15:38:00
579792,1319.16,811,68,12714,2011-11-30 15:43:00
579807,315.66,183,13,15046,2011-11-30 15:50:00
579832,371.56,274,20,17434,2011-11-30 15:58:00
579834,200.04,240,7,17288,2011-11-30 16:09:00
579837,991.1999999999999,140,8,12882,2011-11-30 16:18:00
579840,109.6,100,10,18158,2011-11-30 16:19:00
579843,1348.5800000000002,640,27,12921,2011-11-30 16:21:00
579846,427.64,194,18,12921,2011-11-30 16:22:00
579848,220.57999999999998,404,10,18179,2011-11-30 16:23:00
579854,271.75,129,16,14713,2011-11-30 16:26:00
579865,109.68,42,8,16915,2011-11-30 16:39:00
579867,789.9,454,33,16265,2011-11-30 16:41:00
579868,328.32,406,22,15544,2011-11-30 16:43:00
579870,292.40999999999997,99,14,12437,2011-11-30 16:47:00
579872,278.82,239,17,14085,2011-11-30 16:54:00
579881,905.52,512,27,12429,2011-11-30 17:22:00
579885,1075.36,572,145,15444,2011-11-30 17:37:00
579899,251.59,137,12,15687,2011-12-01 08:33:00
579900,333.05,139,19,15951,2011-12-01 08:34:00
579901,208.19,88,10,12569,2011-12-01 08:35:00
579910,367.75,132,15,14911,2011-12-01 08:52:00
579916,402.96,72,3,15187,2011-12-01 08:57:00
579917,99.60000000000001,24,1,15187,2011-12-01 08:58:00
579920,352.56,384,4,16839,2011-12-01 09:02:00
579921,487.91999999999996,216,7,16839,2011-12-01 09:03:00
579922,302.28,204,5,13854,2011-12-01 09:06:00
579927,487.68,159,24,12572,2011-12-01 09:20:00
579936,780.0,1200,1,12901,2011-12-01 10:07:00
579937,98.10000000000001,135,5,13509,2011-12-01 10:10:00
579938,1225.16,660,73,14146,2011-12-01 10:18:00
579939,215.25,207,4,15101,2011-12-01 10:18:00
579940,325.63,215,21,16938,2011-12-01 10:20:00
579941,414.48,327,24,16496,2011-12-01 10:31:00
579942,367.39000000000004,180,21,16145,2011-12-01 10:33:00
579943,373.74,188,22,13040,2011-12-01 10:38:00
579946,218.94,165,34,15993,2011-12-01 10:44:00
579947,16.5,2,1,15993,2011-12-01 10:45:00
579949,283.81,207,14,16700,2011-12-01 11:00:00
579954,498.43999999999994,705,16,16701,2011-12-01 11:10:00
579962,107.42,66,6,14243,2011-12-01 11:12:00
579980,136.85,76,27,13263,2011-12-01 11:16:00
579986,2251.51,1167,14,13777,2011-12-01 11:18:00
579990,353.27,121,12,14804,2011-12-01 11:20:00
579991,282.56,252,23,13159,2011-12-01 11:20:00
580005,112.75999999999999,36,19,16376,2011-12-01 11:38:00
580021,351.15,109,11,14047,2011-12-01 11:43:00
580022,78.48,14,5,14289,2011-12-01 11:44:00
580023,360.3,254,6,17937,2011-12-01 11:45:00
580024,376.1,386,26,15172,2011-12-01 11:51:00
580025,241.97,110,49,15021,2011-12-01 11:53:00
580026,308.15999999999997,360,2,17381,2011-12-01 11:59:00
580027,418.47,507,66,14178,2011-12-01 12:01:00
580028,154.45000000000002,93,11,13890,2011-12-01 12:11:00
580029,385.30000000000007,54,6,15380,2011-12-01 12:13:00
580030,312.29,172,18,12951,2011-12-01 12:14:00
580031,151.02,90,2,13199,2011-12-01 12:16:00
580032,149.4,76,22,14659,2011-12-01 12:17:00
580033,270.40000000000003,130,8,14282,2011-12-01 12:18:00
580043,270.61,63,26,14527,2011-12-01 12:25:00
580044,334.39,195,21,14869,2011-12-01 12:36:00
580045,355.38,78,5,13090,2011-12-01 12:39:00
580046,315.61,85,10,16156,2011-12-01 12:42:00
580047,67.92999999999999,49,23,12989,2011-12-01 12:44:00
580048,134.43,97,46,12748,2011-12-01 12:53:00
580049,204.22,134,14,13599,2011-12-01 12:54:00
580050,132.97,201,21,14960,2011-12-01 12:54:00
580051,264.65000000000003,97,12,12963,2011-12-01 12:55:00
580052,90.0,24,1,16513,2011-12-01 12:55:00
580053,616.3199999999999,232,9,12912,2011-12-01 13:03:00
580054,424.36,347,75,18122,2011-12-01 13:08:00
580055,637.6,360,14,14298,2011-12-01 13:12:00
580057,460.3,250,8,12955,2011-12-01 13:18:00
580058,633.53,333,23,14367,2011-12-01 13:19:00
580059,802.45,367,21,17768,2011-12-01 13:22:00
580060,93.35,45,5,14287,2011-12-01 13:25:00
580061,759.3000000000001,246,9,14051,2011-12-01 13:27:00
580062,173.15,86,47,15862,2011-12-01 13:28:00
580063,1562.4,720,5,17450,2011-12-01 13:29:00
580064,255.34,194,22,18077,2011-12-01 13:32:00
580065,150.9,46,8,15434,2011-12-01 13:33:00
580066,389.87,253,18,14309,2011-12-01 13:33:00
580067,385.79999999999995,276,3,16966,2011-12-01 13:40:00
580068,41.25,5,1,17321,2011-12-01 13:41:00
580069,16.61,21,8,15060,2011-12-01 13:47:00
580070,287.9,136,8,12919,2011-12-01 13:47:00
580071,266.26,120,16,15500,2011-12-01 13:47:00
580073,148.54,79,18,16813,2011-12-01 14:03:00
580074,114.7,62,5,15028,2011-12-01 14:06:00
580075,229.62,126,15,17014,2011-12-01 14:09:00
580076,180.84,204,5,15602,2011-12-01 14:14:00
580077,304.7,248,20,14262,2011-12-01 14:17:00
580088,224.68,112,7,17115,2011-12-01 14:30:00
580089,464.11,149,18,14732,2011-12-01 14:34:00
580090,157.75,33,5,13323,2011-12-01 14:36:00
580091,194.13,126,10,17293,2011-12-01 14:37:00
580092,1121.79,586,59,13969,2011-12-01 14:38:00
580093,59.1,18,2,12971,2011-12-01 14:41:00
580094,164.68,84,30,15904,2011-12-01 14:50:00
580095,303.0,68,4,14135,2011-12-01 14:54:00
580096,545.78,497,15,13408,2011-12-01 14:55:00
580097,448.31,70,13,14216,2011-12-01 14:58:00
580098,345.53000000000003,63,12,15373,2011-12-01 15:05:00
580100,113.88000000000001,68,5,16119,2011-12-01 15:11:00
580101,525.9,202,21,15144,2011-12-01 15:12:00
580102,80.8,32,5,16789,2011-12-01 15:12:00
580103,548.91,306,41,16242,2011-12-01 15:12:00
580104,441.84000000000003,224,5,15189,2011-12-01 15:13:00
580105,520.66,198,15,17675,2011-12-01 15:24:00
580106,339.02000000000004,210,15,16169,2011-12-01 15:28:00
580107,311.0,128,20,15948,2011-12-01 15:32:00
580108,617.25,117,9,14440,2011-12-01 15:42:00
580109,322.74,110,6,17350,2011-12-01 15:46:00
580110,72.24,42,4,17350,2011-12-01 15:47:00
580111,1171.4,716,12,12950,2011-12-01 15:55:00
580112,300.84000000000003,124,6,13089,2011-12-01 15:56:00
580113,422.52,150,21,14766,2011-12-01 16:05:00
580114,289.52,240,14,14299,2011-12-01 16:05:00
580116,1274.69,1101,19,15290,2011-12-01 16:28:00
580117,362.91,153,10,14655,2011-12-01 16:28:00
580118,393.91999999999996,228,14,16011,2011-12-01 16:31:00
580119,187.78,66,40,17920,2011-12-01 16:37:00
580120,277.02,169,10,12553,2011-12-01 16:38:00
580123,890.0,218,4,12664,2011-12-01 17:07:00
580125,313.5,116,10,13089,2011-12-01 17:16:00
580126,654.37,323,22,12562,2011-12-01 17:20:00
580127,309.2,257,19,14911,2011-12-01 17:51:00
580128,385.75,147,38,17576,2011-12-01 17:56:00
580129,634.21,447,37,17426,2011-12-01 18:03:00
580130,122.46000000000001,106,8,17426,2011-12-01 18:07:00
580132,464.88,136,6,15694,2011-12-01 18:16:00
580133,477.33000000000004,253,38,15531,2011-12-01 18:43:00
580134,308.06,194,15,13102,2011-12-01 19:24:00
580135,130.29,73,16,14702,2011-12-01 19:33:00
580136,618.51,332,116,17841,2011-12-01 19:42:00
580137,474.95,220,70,17566,2011-12-01 19:54:00
580138,188.76,60,3,13199,2011-12-02 08:55:00
580139,157.54000000000002,70,5,17157,2011-12-02 09:10:00
580140,849.24,421,42,14895,2011-12-02 09:19:00
580141,25.200000000000003,12,1,14895,2011-12-02 09:22:00
580142,51.18,22,3,14895,2011-12-02 09:23:00
580143,323.52,124,10,13297,2011-12-02 09:32:00
580144,179.39999999999998,85,6,12684,2011-12-02 09:53:00
580147,713.78,192,12,17183,2011-12-02 10:07:00
580149,5.45,1,1,12748,2011-12-02 10:15:00
580151,168.48000000000002,77,12,17811,2011-12-02 10:21:00
580152,310.32,502,27,12364,2011-12-02 10:22:00
580153,1436.93,1032,48,12762,2011-12-02 10:23:00
580154,67.0,9,4,12569,2011-12-02 10:24:00
580155,429.06000000000006,214,6,13183,2011-12-02 10:30:00
580156,620.0600000000001,146,18,14897,2011-12-02 10:32:00
580157,22.939999999999998,10,7,14083,2011-12-02 10:35:00
580158,269.96,196,11,12558,2011-12-02 10:41:00
580159,77.50000000000001,38,2,17942,2011-12-02 10:45:00
580160,1314.75,701,57,12700,2011-12-02 10:47:00
580162,213.1,126,48,12856,2011-12-02 10:52:00
580163,273.78000000000003,118,13,12828,2011-12-02 11:12:00
580164,676.2,256,23,18097,2011-12-02 11:16:00
580166,312.64,76,5,13495,2011-12-02 11:21:00
580167,989.08,880,17,17386,2011-12-02 11:28:00
580169,81.36,24,1,17949,2011-12-02 11:38:00
580170,720.0,1000,1,17949,2011-12-02 11:39:00
580172,129.35999999999999,24,1,17949,2011-12-02 11:43:00
580173,77.84,28,5,18282,2011-12-02 11:43:00
580175,62.5,50,1,14126,2011-12-02 11:45:00
580176,388.36,184,6,14292,2011-12-02 11:49:00
580177,24.96,12,1,14292,2011-12-02 11:50:00
580178,1852.68,988,16,16013,2011-12-02 11:53:00
580188,975.43,510,79,16440,2011-12-02 12:02:00
580189,237.60000000000002,48,1,16353,2011-12-02 12:02:00
580193,301.63,70,24,16899,2011-12-02 12:03:00
580208,156.4,48,9,13468,2011-12-02 12:07:00
580213,154.97,79,7,17495,2011-12-02 12:08:00
580214,42.36,24,2,14092,2011-12-02 12:10:00
580221,312.1,160,15,14092,2011-12-02 12:13:00
580235,360.0,288,1,16333,2011-12-02 12:17:00
580243,1187.2,1120,1,16333,2011-12-02 12:19:00
580256,536.77,242,45,14688,2011-12-02 12:24:00
580257,92.5,50,1,14688,2011-12-02 12:26:00
580258,672.8,514,6,13798,2011-12-02 12:28:00
580259,189.18,126,7,13705,2011-12-02 12:32:00
580260,386.34000000000003,212,47,14085,2011-12-02 12:36:00
580261,78.45,15,3,16038,2011-12-02 12:40:00
580262,370.94,314,19,16759,2011-12-02 12:42:00
580264,232.0,160,1,18144,2011-12-02 12:46:00
580265,144.0,51,4,12587,2011-12-02 12:47:00
580272,518.66,389,90,15547,2011-12-02 12:52:00
580276,227.12,155,49,16426,2011-12-02 12:59:00
580277,121.11000000000001,47,5,16474,2011-12-02 13:02:00
580278,171.42000000000002,63,32,13560,2011-12-02 13:11:00
580279,1129.84,686,53,15123,2011-12-02 13:12:00
580280,318.06,110,8,16133,2011-12-02 13:15:00
580281,198.76,81,5,12704,2011-12-02 13:15:00
580282,201.85999999999999,76,13,14428,2011-12-02 13:17:00
580283,309.84,292,21,16133,2011-12-02 13:20:00
580284,251.69,58,17,15311,2011-12-02 13:21:00
580285,85.1,14,3,12695,2011-12-02 13:22:00
580286,176.88,74,11,17611,2011-12-02 13:28:00
580287,108.33,37,20,14594,2011-12-02 13:28:00
580288,129.17000000000002,57,8,17611,2011-12-02 13:29:00
580289,794.86,433,28,15856,2011-12-02 13:32:00
580290,202.2,172,32,17221,2011-12-02 13:35:00
580291,538.46,410,41,15539,2011-12-02 13:36:00
580292,264.99,109,5,15856,2011-12-02 13:37:00
580293,72.43,70,20,16426,2011-12-02 13:38:00
580294,271.99,137,20,17364,2011-12-02 13:46:00
580295,113.78999999999999,52,29,17841,2011-12-02 13:49:00
580296,243.73000000000002,145,48,13780,2011-12-02 13:49:00
580297,3404.0,1744,8,15769,2011-12-02 13:52:00
580298,459.86,469,31,17086,2011-12-02 13:54:00
580299,310.93,183,15,14023,2011-12-02 13:58:00
580300,13.950000000000001,9,1,14085,2011-12-02 14:02:00
580301,192.07999999999998,124,11,15271,2011-12-02 14:11:00
580302,16.5,2,1,16103,2011-12-02 14:16:00
580303,135.0,84,4,16626,2011-12-02 14:18:00
580304,863.77,369,47,18055,2011-12-02 14:25:00
580305,341.34,209,94,12970,2011-12-02 14:26:00
580306,435.0,196,22,14250,2011-12-02 14:29:00
580307,40.33,51,15,12970,2011-12-02 14:30:00
580308,240.22,138,15,14250,2011-12-02 14:30:00
580309,433.12,172,13,14503,2011-12-02 14:46:00
580310,35.400000000000006,12,2,15570,2011-12-02 14:47:00
580311,894.25,460,55,18245,2011-12-02 14:48:00
580314,20.11,55,6,13969,2011-12-02 15:11:00
580315,40.8,48,1,14560,2011-12-02 15:22:00
580316,660.8399999999999,168,21,18109,2011-12-02 15:25:00
580317,584.52,278,25,13458,2011-12-02 15:29:00
580318,629.37,295,34,17686,2011-12-02 15:39:00
580319,310.18,338,14,15078,2011-12-02 15:39:00
580320,462.5,252,20,15078,2011-12-02 15:40:00
580321,50.400000000000006,24,2,15078,2011-12-02 15:41:00
580322,418.0,304,11,17567,2011-12-02 15:48:00
580331,204.0,48,1,13017,2011-12-02 15:53:00
580351,95.85000000000001,51,5,12962,2011-12-02 15:55:00
580355,411.32,276,7,13953,2011-12-02 16:04:00
580356,15.0,2,1,18109,2011-12-02 16:06:00
580357,945.13,544,26,15856,2011-12-02 16:07:00
580358,495.95,179,39,17238,2011-12-02 16:07:00
580360,515.7,278,27,14493,2011-12-02 16:14:00
580361,15.0,12,1,14865,2011-12-02 16:25:00
580362,247.10000000000002,86,13,13884,2011-12-02 16:30:00
580363,2685.0,1500,1,13868,2011-12-02 16:32:00
580364,234.88,316,16,13309,2011-12-02 16:34:00
580368,39.599999999999994,24,1,16989,2011-12-02 16:39:00
580370,209.52000000000004,120,3,16954,2011-12-02 16:46:00
580371,104.0,50,1,18174,2011-12-02 16:56:00
580372,110.73,91,10,16359,2011-12-02 17:04:00
580373,310.99,228,15,14788,2011-12-02 17:06:00
580374,492.85,213,19,17584,2011-12-02 17:12:00
580375,507.12,146,9,14031,2011-12-02 17:13:00
580384,331.28,229,15,17243,2011-12-04 10:10:00
580385,271.84,57,19,16326,2011-12-04 10:11:00
580386,188.9,50,10,18065,2011-12-04 10:29:00
580387,116.39000000000001,41,6,18065,2011-12-04 10:29:00
580388,138.35,73,7,18065,2011-12-04 10:30:00
580389,297.73,119,18,12952,2011-12-04 10:35:00
580393,149.81,95,20,16438,2011-12-04 10:51:00
580394,207.76,152,6,14397,2011-12-04 10:53:00
580395,339.45,294,18,17629,2011-12-04 10:56:00
580396,207.28,90,45,13838,2011-12-04 11:00:00
580397,122.67999999999999,69,36,13558,2011-12-04 11:24:00
580398,75.84,120,3,14354,2011-12-04 11:32:00
580399,863.2,525,114,13471,2011-12-04 11:45:00
580400,246.16000000000003,86,15,16561,2011-12-04 11:50:00
580401,304.8,84,12,17618,2011-12-04 11:50:00
580402,655.75,326,35,13536,2011-12-04 11:55:00
580403,763.72,143,43,17858,2011-12-04 11:56:00
580404,285.44,192,18,13596,2011-12-04 12:01:00
580405,262.68,72,15,14720,2011-12-04 12:02:00
580419,240.67,149,17,16283,2011-12-04 12:08:00
580431,163.62,111,5,13822,2011-12-04 12:13:00
580432,486.22,418,15,13153,2011-12-04 12:14:00
580434,85.04,37,19,17114,2011-12-04 12:17:00
580436,186.96,44,3,13318,2011-12-04 12:17:00
580438,111.45,47,5,12827,2011-12-04 12:17:00
580441,229.16,114,13,13808,2011-12-04 12:18:00
580460,52.09,44,9,12748,2011-12-04 12:29:00
580468,106.05,77,32,12748,2011-12-04 12:31:00
580469,245.24,199,83,14583,2011-12-04 12:32:00
580482,421.87,206,73,16033,2011-12-04 12:44:00
580490,635.6800000000001,311,10,15773,2011-12-04 12:48:00
580500,1067.33,418,52,17131,2011-12-04 12:52:00
580501,495.83,231,70,14546,2011-12-04 13:00:00
580502,411.44,333,81,16931,2011-12-04 13:15:00
580503,153.55,50,20,13956,2011-12-04 13:20:00
580504,380.13,257,68,17936,2011-12-04 13:32:00
580505,285.58,258,37,15867,2011-12-04 13:32:00
580506,309.1,128,9,13319,2011-12-04 13:34:00
580509,361.35,212,21,12719,2011-12-04 13:45:00
580511,697.7,290,28,12560,2011-12-04 13:54:00
580512,389.62,180,19,12673,2011-12-04 13:55:00
580513,382.96,534,117,14456,2011-12-04 13:59:00
580514,334.7,159,26,16905,2011-12-04 14:01:00
580515,103.24,244,12,17750,2011-12-04 14:09:00
580516,279.37,271,61,17954,2011-12-04 14:15:00
580517,557.2,200,15,17173,2011-12-04 14:40:00
580518,442.3,298,13,13435,2011-12-04 14:45:00
580520,428.45,246,116,13521,2011-12-04 14:55:00
580523,406.86,283,58,17827,2011-12-04 15:00:00
580524,164.68,90,11,13704,2011-12-04 15:13:00
580525,231.99999999999997,120,4,13630,2011-12-04 15:16:00
580526,593.75,356,31,16535,2011-12-04 15:18:00
580527,372.27,268,112,13736,2011-12-04 15:19:00
580528,773.54,534,30,14911,2011-12-04 15:28:00
580529,124.01,24,15,14658,2011-12-04 15:35:00
580530,118.5,90,5,14102,2011-12-04 15:38:00
580531,92.55000000000001,34,4,12569,2011-12-04 15:47:00
580532,587.9200000000001,248,6,13098,2011-12-04 15:54:00
580533,96.3,18,1,13098,2011-12-04 15:55:00
580534,208.24,75,8,12724,2011-12-04 16:02:00
580535,126.12,43,7,16988,2011-12-04 16:02:00
580536,462.3,255,26,12490,2011-12-04 16:07:00
580538,316.78,202,8,14075,2011-12-05 08:38:00
580539,310.73,267,22,18180,2011-12-05 08:39:00
580540,404.83,90,18,13417,2011-12-05 08:49:00
580541,778.04,632,53,15358,2011-12-05 09:03:00
580542,52.019999999999996,18,3,15358,2011-12-05 09:04:00
580543,578.72,286,23,18223,2011-12-05 09:11:00
580544,391.46000000000004,238,25,15156,2011-12-05 09:15:00
580545,252.25,128,14,12782,2011-12-05 09:16:00
580548,69.0,7,4,12569,2011-12-05 09:41:00
580550,369.44,448,30,13126,2011-12-05 10:00:00
580552,194.98,94,10,15572,2011-12-05 10:09:00
580553,615.28,408,21,12646,2011-12-05 10:14:00
580554,286.8,88,2,17402,2011-12-05 10:15:00
580555,512.0,185,13,14911,2011-12-05 10:18:00
580556,121.8,44,2,16513,2011-12-05 10:18:00
580557,75.4,34,4,14911,2011-12-05 10:19:00
580558,198.4,60,5,14931,2011-12-05 10:19:00
580559,202.95000000000002,96,9,15628,2011-12-05 10:24:00
580595,484.1,224,22,14194,2011-12-05 10:38:00
580596,304.40999999999997,207,15,15392,2011-12-05 11:01:00
580598,323.1,170,9,17526,2011-12-05 11:05:00
580599,325.74,283,22,12925,2011-12-05 11:11:00
580600,146.01,147,27,12841,2011-12-05 11:13:00
580601,5.0,4,1,12841,2011-12-05 11:13:00
580602,116.84,140,7,16149,2011-12-05 11:29:00
580603,380.6,348,19,16642,2011-12-05 11:31:00
580606,60.400000000000006,32,2,15290,2011-12-05 11:38:00
580607,202.62,156,7,15290,2011-12-05 11:39:00
580608,232.3,84,10,16811,2011-12-05 11:39:00
580611,322.36,258,91,12748,2011-12-05 11:49:00
580613,755.12,322,50,14759,2011-12-05 12:03:00
580614,52.74000000000001,18,2,16500,2011-12-05 12:04:00
580615,1854.83,1005,78,16873,2011-12-05 12:05:00
580619,215.35,470,28,15053,2011-12-05 12:08:00
580622,247.06,85,10,17006,2011-12-05 12:09:00
580630,535.1,523,13,12913,2011-12-05 12:11:00
580631,110.86,170,6,16682,2011-12-05 12:13:00
580632,762.94,495,135,16360,2011-12-05 12:16:00
580633,178.04,128,31,17579,2011-12-05 12:28:00
580634,297.48,192,9,14060,2011-12-05 12:29:00
580635,507.41,347,74,14649,2011-12-05 12:30:00
580636,449.92,654,36,16746,2011-12-05 12:33:00
580637,167.8,138,42,15033,2011-12-05 12:40:00
580638,147.01,92,7,12381,2011-12-05 12:44:00
580639,102.13,101,57,17254,2011-12-05 12:46:00
580640,185.7,145,90,16910,2011-12-05 12:51:00
580642,108.46000000000001,34,2,13311,2011-12-05 12:55:00
580643,326.05,161,17,14547,2011-12-05 12:59:00
580644,349.02,239,41,16904,2011-12-05 13:10:00
580645,1931.6,879,3,17857,2011-12-05 13:11:00
580646,1048.0,1600,2,17857,2011-12-05 13:13:00
580647,446.57,321,72,14083,2011-12-05 13:14:00
580648,215.25,147,13,12628,2011-12-05 13:15:00
580650,353.78,458,25,14401,2011-12-05 13:30:00
580651,102.99000000000001,81,6,16851,2011-12-05 13:32:00
580652,2430.08,3920,33,17511,2011-12-05 13:33:00
580653,775.84,322,21,17706,2011-12-05 13:34:00
580654,107.13,82,33,15854,2011-12-05 13:37:00
580655,22.049999999999997,25,4,15854,2011-12-05 13:39:00
580656,235.57,123,8,15621,2011-12-05 13:40:00
580657,300.54,191,20,14696,2011-12-05 13:43:00
580658,224.04000000000002,122,5,17090,2011-12-05 13:44:00
580659,151.89999999999998,79,20,17811,2011-12-05 13:46:00
580660,918.1600000000001,608,38,16592,2011-12-05 13:49:00
580661,108.69,53,17,17218,2011-12-05 13:52:00
580662,479.58,334,6,15856,2011-12-05 13:58:00
580663,12.5,10,1,15621,2011-12-05 14:01:00
580664,248.08,170,25,15097,2011-12-05 14:03:00
580665,5401.98,4732,29,16684,2011-12-05 14:06:00
580666,81.6,32,1,15856,2011-12-05 14:06:00
580667,160.58,55,32,15031,2011-12-05 14:19:00
580668,5.48,4,4,13685,2011-12-05 14:23:00
580669,1352.48,618,39,15159,2011-12-05 14:25:00
580670,210.9,97,9,18044,2011-12-05 14:26:00
580671,378.36,444,19,15159,2011-12-05 14:26:00
580672,303.29,236,83,17920,2011-12-05 14:29:00
580673,3705.48,1892,71,13089,2011-12-05 14:30:00
580675,1186.48,598,41,15640,2011-12-05 14:35:00
580676,117.97999999999999,41,20,17817,2011-12-05 14:39:00
580677,518.3,285,104,16200,2011-12-05 14:40:00
580678,120.03,157,46,18015,2011-12-05 14:49:00
580679,318.45,191,14,18198,2011-12-05 14:49:00
580680,591.01,305,15,13001,2011-12-05 14:51:00
580681,111.36,44,4,13083,2011-12-05 15:01:00
580682,186.12,228,16,16968,2011-12-05 15:02:00
580684,213.16,156,9,13305,2011-12-05 15:15:00
580685,347.6,216,16,17676,2011-12-05 15:16:00
580687,401.64,226,17,16379,2011-12-05 15:38:00
580688,142.35,43,12,15550,2011-12-05 15:38:00
580689,328.95,156,20,12994,2011-12-05 15:43:00
580690,90.04,184,7,16597,2011-12-05 15:44:00
580691,348.8,748,45,13790,2011-12-05 15:48:00
580692,187.71,163,20,13173,2011-12-05 15:51:00
580693,128.76,204,11,15690,2011-12-05 15:59:00
580694,240.32,283,18,16600,2011-12-05 16:00:00
580695,390.71,224,108,13230,2011-12-05 16:03:00
580696,189.3,93,20,17757,2011-12-05 16:04:00
580697,525.54,384,36,15984,2011-12-05 16:05:00
580700,89.94,78,7,14219,2011-12-05 16:23:00
580704,238.0,40,1,17404,2011-12-05 16:26:00
580705,712.48,472,34,12683,2011-12-05 16:28:00
580706,85.0,5,1,12683,2011-12-05 16:31:00
580712,305.43,134,15,13021,2011-12-05 16:37:00
580713,109.55,21,5,18030,2011-12-05 16:37:00
580716,168.9,173,11,12367,2011-12-05 16:48:00
580717,507.55,125,6,14608,2011-12-05 16:52:00
580718,30.0,24,1,13079,2011-12-05 16:53:00
580719,534.96,264,6,14739,2011-12-05 16:54:00
580720,352.08,164,66,14629,2011-12-05 16:55:00
580721,332.58000000000004,242,22,15274,2011-12-05 16:57:00
580722,147.56,74,5,13985,2011-12-05 17:06:00
580723,494.62,407,33,15856,2011-12-05 17:09:00
580725,300.21999999999997,394,20,15932,2011-12-05 17:13:00
580727,8935.98,2193,525,14096,2011-12-05 17:17:00
580728,158.36,128,8,15145,2011-12-05 17:21:00
580731,193.39000000000001,148,49,17383,2011-12-05 17:36:00
580733,205.94,206,12,16929,2011-12-06 08:37:00
580734,718.4300000000001,267,22,12766,2011-12-06 08:46:00
580735,587.85,321,32,17728,2011-12-06 08:52:00
580736,375.59000000000003,205,24,12716,2011-12-06 08:55:00
580737,394.06,294,26,14140,2011-12-06 09:05:00
580738,319.08000000000004,240,6,17666,2011-12-06 09:06:00
580742,1225.0,700,5,13694,2011-12-06 09:30:00
580744,1761.16,1640,17,13694,2011-12-06 09:31:00
580745,145.0,100,1,13694,2011-12-06 09:32:00
580746,200.45000000000002,45,8,12584,2011-12-06 09:35:00
580750,763.0600000000001,227,39,12749,2011-12-06 09:56:00
580752,680.99,236,36,12478,2011-12-06 09:56:00
580753,636.63,303,30,12682,2011-12-06 10:00:00
580755,82.8,42,2,14737,2011-12-06 10:16:00
580756,77.28,25,5,12723,2011-12-06 10:19:00
580757,497.11,209,26,13709,2011-12-06 10:27:00
580758,31.2,16,2,13709,2011-12-06 10:28:00
580759,678.2,840,48,17593,2011-12-06 10:30:00
580760,99.66,138,8,12877,2011-12-06 10:30:00
580763,791.0400000000001,192,2,16013,2011-12-06 10:36:00
580765,61.199999999999996,24,1,14562,2011-12-06 10:41:00
580771,203.1,276,39,16015,2011-12-06 10:58:00
580772,41.989999999999995,17,3,15992,2011-12-06 11:00:00
580774,116.10000000000001,26,5,13994,2011-12-06 11:05:00
580775,33.0,20,1,16523,2011-12-06 11:05:00
580776,262.12,96,25,14562,2011-12-06 11:05:00
580777,153.45000000000002,95,11,14547,2011-12-06 11:06:00
580778,82.04,92,7,16949,2011-12-06 11:07:00
580808,309.22,626,22,16133,2011-12-06 11:24:00
580816,430.70000000000005,482,36,15157,2011-12-06 11:28:00
580819,312.62,642,33,15318,2011-12-06 11:30:00
580820,3.2,2,2,13685,2011-12-06 11:32:00
580822,104.53,275,22,17884,2011-12-06 11:33:00
580830,101.09,79,6,14825,2011-12-06 11:38:00
580831,897.35,789,61,14418,2011-12-06 11:39:00
580833,202.87,96,45,16764,2011-12-06 11:41:00
580848,94.4,39,31,18005,2011-12-06 11:51:00
580852,179.5,126,11,16790,2011-12-06 11:53:00
580865,329.36,457,72,17914,2011-12-06 11:58:00
580872,208.0,142,50,18283,2011-12-06 12:02:00
580873,3895.8599999999997,1410,15,15061,2011-12-06 12:06:00
580874,557.44,234,16,14735,2011-12-06 12:09:00
580875,730.38,1152,49,17744,2011-12-06 12:11:00
580876,125.16000000000001,116,64,14071,2011-12-06 12:12:00
580877,219.32,97,32,17250,2011-12-06 12:15:00
580878,471.9,231,11,14113,2011-12-06 12:18:00
580879,137.09,66,31,17346,2011-12-06 12:18:00
580880,771.16,694,39,14121,2011-12-06 12:19:00
580881,83.2,40,4,16620,2011-12-06 12:19:00
580882,102.80000000000001,38,3,12971,2011-12-06 12:20:00
580883,231.74,58,14,16979,2011-12-06 12:21:00
580884,405.13,241,100,15907,2011-12-06 12:21:00
580885,356.40000000000003,72,1,16353,2011-12-06 12:23:00
580887,156.9,80,25,13755,2011-12-06 12:26:00
580888,325.44,96,1,14110,2011-12-06 12:26:00
580889,29.419999999999998,12,9,14071,2011-12-06 12:27:00
580890,348.72,176,3,15189,2011-12-06 12:28:00
580891,172.4,158,14,17481,2011-12-06 12:28:00
580892,302.04,180,3,13199,2011-12-06 12:30:00
580893,164.18,123,44,17290,2011-12-06 12:38:00
580894,417.0,188,4,13408,2011-12-06 12:41:00
580901,244.41,171,17,16528,2011-12-06 12:45:00
580902,569.12,336,5,13881,2011-12-06 12:50:00
580903,216.19,104,64,14606,2011-12-06 12:56:00
580904,429.36,180,31,15311,2011-12-06 12:59:00
580905,106.53,99,6,16313,2011-12-06 13:02:00
580906,339.48,108,4,13104,2011-12-06 13:10:00
580907,456.37,385,34,13507,2011-12-06 13:13:00
580908,401.75,162,49,16495,2011-12-06 13:20:00
580909,330.28000000000003,160,16,18225,2011-12-06 13:27:00
580910,1363.2000000000003,864,7,13225,2011-12-06 13:29:00
580911,337.75,227,21,14503,2011-12-06 13:30:00
580914,165.98000000000002,70,34,14871,2011-12-06 13:42:00
580915,218.0,74,9,17705,2011-12-06 13:45:00
580916,6.3100000000000005,9,9,13685,2011-12-06 13:45:00
580937,475.58000000000004,204,23,16143,2011-12-06 14:13:00
580939,476.36,268,21,14907,2011-12-06 14:14:00
580955,172.06,182,12,12442,2011-12-06 14:22:00
580956,974.01,702,184,17841,2011-12-06 14:23:00
580958,162.10999999999999,113,38,17266,2011-12-06 14:30:00
580959,366.77,217,15,14673,2011-12-06 14:31:00
580960,140.6,76,33,16016,2011-12-06 14:35:00
580961,135.05,15,4,14572,2011-12-06 14:40:00
580962,59.66,28,4,17119,2011-12-06 14:40:00
580963,390.09000000000003,145,13,14868,2011-12-06 14:49:00
580964,445.27,215,17,15822,2011-12-06 14:50:00
580965,369.73,175,20,12417,2011-12-06 14:52:00
580967,138.25,72,6,14216,2011-12-06 14:56:00
580969,160.98,82,7,16076,2011-12-06 14:59:00
580972,706.64,758,26,15194,2011-12-06 15:10:00
580973,210.35000000000002,115,12,12820,2011-12-06 15:12:00
580974,307.15000000000003,282,21,14293,2011-12-06 15:17:00
580975,61.199999999999996,24,1,12989,2011-12-06 15:28:00
580977,124.2,93,5,16569,2011-12-06 15:32:00
580978,839.08,552,9,13078,2011-12-06 15:36:00
580979,529.04,221,30,12362,2011-12-06 15:40:00
580980,662.7,461,24,17730,2011-12-06 15:43:00
580981,509.4,336,30,16201,2011-12-06 16:02:00
580982,437.74,450,59,17861,2011-12-06 16:21:00
580984,295.6,344,5,16711,2011-12-06 16:32:00
580985,4414.88,1160,17,17389,2011-12-06 16:33:00
580986,314.44,254,20,12650,2011-12-06 16:34:00
580987,720.0,96,1,17389,2011-12-06 16:35:00
580988,178.7,102,10,18154,2011-12-06 16:41:00
580992,87.3,60,6,14282,2011-12-06 17:04:00
580993,274.8,64,4,13323,2011-12-06 17:12:00
580996,168.63,240,24,14578,2011-12-06 17:18:00
580997,691.64,325,70,15023,2011-12-06 17:23:00
580998,223.68,74,18,16987,2011-12-06 17:26:00
580999,181.19,173,44,17883,2011-12-06 17:49:00
581000,382.47,168,19,12720,2011-12-07 08:03:00
581001,694.77,312,19,12583,2011-12-07 08:07:00
581002,425.19,211,14,14708,2011-12-07 08:21:00
581003,1273.15,817,63,14911,2011-12-07 08:38:00
581004,335.2,56,7,16539,2011-12-07 08:41:00
581005,83.62,67,5,12828,2011-12-07 08:45:00
581006,1186.78,609,52,14911,2011-12-07 08:45:00
581007,187.92000000000002,88,2,12912,2011-12-07 08:55:00
581008,361.79999999999995,156,2,13089,2011-12-07 09:02:00
581010,218.53,273,15,17503,2011-12-07 09:18:00
581011,221.44,176,6,14397,2011-12-07 09:22:00
581013,630.6,424,13,17017,2011-12-07 09:32:00
581014,175.5,86,6,16458,2011-12-07 09:34:00
581015,518.23,673,43,13949,2011-12-07 09:35:00
581016,226.35000000000002,77,10,14141,2011-12-07 09:53:00
581017,110.8,80,8,14910,2011-12-07 10:06:00
581018,275.76,360,7,13743,2011-12-07 10:09:00
581019,204.86,158,13,14794,2011-12-07 10:11:00
581020,4949.24,3295,40,17511,2011-12-07 10:12:00
581021,341.96999999999997,201,24,14769,2011-12-07 10:24:00
581022,142.6,63,7,12826,2011-12-07 10:25:00
581027,450.8,180,22,17091,2011-12-07 10:43:00
581034,396.0,234,20,17049,2011-12-07 10:48:00
581057,217.33,153,15,16817,2011-12-07 11:03:00
581058,135.0,32,4,15969,2011-12-07 11:06:00
581059,301.20000000000005,114,15,13267,2011-12-07 11:12:00
581064,193.08,324,14,13882,2011-12-07 11:16:00
581068,244.66000000000003,177,5,16191,2011-12-07 11:26:00
581074,335.77,180,17,15568,2011-12-07 11:27:00
581095,138.67000000000002,78,12,17238,2011-12-07 11:35:00
581096,186.4,86,10,17412,2011-12-07 11:36:00
581097,1170.0,600,1,13685,2011-12-07 11:41:00
581098,1396.96,572,51,14911,2011-12-07 11:42:00
581099,242.37,139,12,18219,2011-12-07 11:43:00
581101,114.14,65,19,17835,2011-12-07 11:48:00
581104,333.02,174,20,13668,2011-12-07 12:11:00
581105,8345.2,4340,7,16000,2011-12-07 12:14:00
581107,2046.0,620,1,16000,2011-12-07 12:15:00
581108,204.38,342,9,15984,2011-12-07 12:16:00
581110,2002.5,150,1,16000,2011-12-07 12:17:00
581112,323.94,210,14,16678,2011-12-07 12:17:00
581113,130.82,83,15,14534,2011-12-07 12:19:00
581114,361.34,60,31,14527,2011-12-07 12:19:00
581115,3861.0,1404,1,15195,2011-12-07 12:20:00
581116,209.73,92,18,17232,2011-12-07 12:21:00
581118,212.4,126,13,15136,2011-12-07 12:26:00
581119,44.5,38,3,15136,2011-12-07 12:26:00
581120,121.56,102,9,17042,2011-12-07 12:26:00
581122,752.39,487,31,12839,2011-12-07 12:33:00
581123,340.39,205,19,15750,2011-12-07 12:34:00
581125,191.47,250,61,14087,2011-12-07 12:41:00
581126,367.88,254,23,18272,2011-12-07 12:43:00
581127,15.0,1,1,16271,2011-12-07 12:45:00
581129,864.9399999999999,450,36,15498,2011-12-07 12:48:00
581130,125.75,85,8,18237,2011-12-07 12:49:00
581131,306.7,140,21,16393,2011-12-07 12:51:00
581132,320.93,144,16,17590,2011-12-07 12:55:00
581133,628.48,1392,47,14904,2011-12-07 12:55:00
581134,177.43,127,36,16368,2011-12-07 13:12:00
581135,561.84,152,7,18092,2011-12-07 13:14:00
581136,51.0,20,1,18273,2011-12-07 13:16:00
581137,321.34000000000003,246,15,17434,2011-12-07 13:16:00
581138,360.0,500,4,12950,2011-12-07 13:17:00
581139,822.6800000000001,516,7,13798,2011-12-07 13:21:00
581140,152.75,57,4,13870,2011-12-07 13:23:00
581141,315.13,315,20,14132,2011-12-07 13:35:00
581142,150.61,72,36,14204,2011-12-07 13:38:00
581143,40.4,32,2,17490,2011-12-07 13:46:00
581144,230.7,275,15,14085,2011-12-07 13:46:00
581146,1088.69,902,114,17602,2011-12-07 13:53:00
581147,236.77,170,41,16426,2011-12-07 14:01:00
581149,454.48,256,67,15471,2011-12-07 14:12:00
581150,21.41,13,8,17266,2011-12-07 14:12:00
581163,438.5,122,7,12747,2011-12-07 14:34:00
581164,558.99,248,50,14395,2011-12-07 14:34:00
581165,318.94,264,29,15701,2011-12-07 14:39:00
581166,265.68,116,67,15525,2011-12-07 14:43:00
581167,357.2,180,14,13534,2011-12-07 14:52:00
581168,344.66,154,12,16779,2011-12-07 14:52:00
581169,612.4,238,10,16779,2011-12-07 14:54:00
581170,885.98,418,9,13767,2011-12-07 15:00:00
581171,422.85,249,20,12615,2011-12-07 15:02:00
581172,321.72,284,6,16525,2011-12-07 15:07:00
581173,249.85,237,44,17870,2011-12-07 15:07:00
581174,317.92,148,16,13769,2011-12-07 15:08:00
581175,10901.539999999999,7366,77,14646,2011-12-07 15:16:00
581176,575.88,452,8,14646,2011-12-07 15:19:00
581177,183.12,88,2,14032,2011-12-07 15:23:00
581179,2238.5099999999998,890,38,12471,2011-12-07 15:43:00
581180,224.82,192,11,12347,2011-12-07 15:52:00
581181,301.56,322,18,14189,2011-12-07 15:55:00
581182,400.58,142,17,12783,2011-12-07 15:56:00
581183,151.38,138,10,12569,2011-12-07 16:24:00
581184,106.9,24,5,12569,2011-12-07 16:24:00
581185,270.0,72,3,16672,2011-12-07 16:29:00
581186,247.8,120,8,13756,2011-12-07 16:39:00
581187,598.6,292,11,13756,2011-12-07 16:44:00
581188,893.6,1016,47,17735,2011-12-07 16:47:00
581191,424.04,146,58,17449,2011-12-07 16:56:00
581192,252.72,151,29,15883,2011-12-07 17:05:00
581193,144.15,92,53,17097,2011-12-07 17:05:00
581194,312.22,434,18,15298,2011-12-07 17:17:00
581195,12.48,6,1,12935,2011-12-07 17:22:00
581196,331.3,324,18,12935,2011-12-07 17:25:00
581214,482.28000000000003,224,10,14251,2011-12-08 08:32:00
581215,445.84000000000003,272,8,13408,2011-12-08 09:05:00
581216,822.62,468,24,16523,2011-12-08 09:06:00
581218,426.12,476,32,14191,2011-12-08 09:23:00
581220,302.4,642,27,13924,2011-12-08 09:39:00
581221,275.4,265,6,17856,2011-12-08 09:40:00
581222,105.60000000000001,46,3,14520,2011-12-08 09:46:00
581223,83.6,88,7,15237,2011-12-08 09:46:00
581224,111.83,149,10,17631,2011-12-08 09:47:00
581225,657.12,444,19,17677,2011-12-08 09:55:00
581227,47.040000000000006,12,2,17677,2011-12-08 09:56:00
581230,537.89,494,34,14291,2011-12-08 10:24:00
581231,19.8,4,1,14291,2011-12-08 10:26:00
581232,683.2,148,7,12358,2011-12-08 10:26:00
581233,196.89,76,12,13436,2011-12-08 10:33:00
581236,124.54,186,9,13468,2011-12-08 10:39:00
581237,375.38,176,38,15443,2011-12-08 10:40:00
581241,343.5,314,18,15520,2011-12-08 10:58:00
581246,135.28,67,30,15453,2011-12-08 10:59:00
581251,177.9,52,11,18210,2011-12-08 11:02:00
581252,152.57999999999998,86,8,14129,2011-12-08 11:02:00
581253,103.45,27,18,16891,2011-12-08 11:15:00
581266,1188.2,992,57,12621,2011-12-08 11:25:00
581279,165.9,21,3,12437,2011-12-08 11:35:00
581281,692.67,191,13,18109,2011-12-08 11:36:00
581285,302.1,174,12,13394,2011-12-08 11:36:00
581291,139.9,109,8,14135,2011-12-08 11:38:00
581310,176.87,91,70,16442,2011-12-08 11:43:00
581324,94.47999999999999,28,6,14217,2011-12-08 11:53:00
581325,251.02,196,20,15877,2011-12-08 11:53:00
581327,329.92,214,12,15187,2011-12-08 11:56:00
581333,103.95,21,5,15159,2011-12-08 12:05:00
581334,824.58,472,126,17841,2011-12-08 12:07:00
581335,128.76,152,12,15214,2011-12-08 12:07:00
581336,318.51,92,17,16161,2011-12-08 12:10:00
581338,250.6,140,1,14646,2011-12-08 12:12:00
581345,180.1,107,15,17315,2011-12-08 12:15:00
581352,152.18,98,40,14698,2011-12-08 12:26:00
581356,111.05,27,7,17830,2011-12-08 12:28:00
581357,186.47,189,15,13314,2011-12-08 12:29:00
581358,93.89999999999999,42,5,17436,2011-12-08 12:30:00
581361,158.45999999999998,102,6,17522,2011-12-08 12:31:00
581375,3599.4,1056,12,16210,2011-12-08 12:36:00
581376,406.42,253,52,14719,2011-12-08 12:43:00
581377,344.17,151,14,14138,2011-12-08 12:44:00
581378,112.47,93,23,17673,2011-12-08 12:50:00
581379,212.51,101,12,13954,2011-12-08 12:50:00
581380,194.07,77,7,13102,2011-12-08 12:52:00
581381,338.5,161,24,16933,2011-12-08 12:54:00
581382,319.45,223,20,13860,2011-12-08 12:57:00
581383,266.64,188,18,15399,2011-12-08 13:04:00
581385,360.0,96,2,13298,2011-12-08 13:11:00
581394,11.8,4,1,16892,2011-12-08 13:15:00
581395,123.12,35,20,16892,2011-12-08 13:18:00
581396,404.1,90,3,15189,2011-12-08 13:22:00
581397,185.89999999999998,62,7,17668,2011-12-08 13:25:00
581398,604.3,122,9,17243,2011-12-08 13:26:00
581399,200.5,198,14,17528,2011-12-08 13:27:00
581400,425.02,190,50,14056,2011-12-08 13:36:00
581401,332.76,256,26,17644,2011-12-08 13:43:00
581402,403.03,186,36,14653,2011-12-08 13:45:00
581403,341.86,254,21,13510,2011-12-08 13:46:00
581404,635.08,322,60,13680,2011-12-08 13:47:00
581405,365.8,300,176,13521,2011-12-08 13:50:00
581407,207.35,123,48,13263,2011-12-08 13:59:00
581410,1681.54,1069,25,13098,2011-12-08 14:14:00
581411,238.3,78,6,17554,2011-12-08 14:15:00
581412,1090.95,692,108,14415,2011-12-08 14:38:00
581413,435.24,134,15,16833,2011-12-08 14:39:00
581414,228.19,177,59,14730,2011-12-08 14:39:00
581415,333.68,226,12,13269,2011-12-08 14:53:00
581416,227.39,79,10,14569,2011-12-08 14:58:00
581417,295.1,110,8,13013,2011-12-08 15:01:00
581418,294.18,154,13,17451,2011-12-08 15:02:00
581419,674.25,740,27,15484,2011-12-08 15:03:00
581420,433.16,432,35,16358,2011-12-08 15:09:00
581421,385.89,146,11,15898,2011-12-08 15:23:00
581423,145.7,52,6,16688,2011-12-08 15:24:00
581424,154.05,63,9,13890,2011-12-08 15:29:00
581425,395.78000000000003,350,83,14796,2011-12-08 15:31:00
581426,227.25,104,23,17757,2011-12-08 15:31:00
581427,207.70000000000002,70,12,13890,2011-12-08 15:36:00
581428,34.68,12,2,13404,2011-12-08 15:37:00
581429,113.67,111,9,16322,2011-12-08 15:41:00
581430,92.24000000000001,48,4,13471,2011-12-08 15:44:00
581432,341.76,272,4,13798,2011-12-08 15:51:00
581433,1084.14,806,72,14911,2011-12-08 15:54:00
581434,115.46000000000001,70,6,13599,2011-12-08 16:10:00
581436,442.90000000000003,278,15,17491,2011-12-08 16:18:00
581437,302.86,254,16,14621,2011-12-08 16:22:00
581438,346.91999999999996,268,12,12955,2011-12-08 16:29:00
581442,349.35,59,9,13536,2011-12-08 16:38:00
581443,200.52,492,14,13026,2011-12-08 16:58:00
581445,148.4,164,14,17405,2011-12-08 17:12:00
581448,207.6,48,9,15208,2011-12-08 17:24:00
581449,126.07,21,17,12748,2011-12-08 17:37:00
581450,99.41,63,27,16794,2011-12-08 17:54:00
581451,388.68,132,25,17144,2011-12-08 17:57:00
581452,728.9200000000001,324,18,17675,2011-12-08 18:03:00
581453,312.74,454,19,16401,2011-12-08 18:15:00
581454,252.23,91,10,15156,2011-12-08 18:22:00
581455,652.28,140,11,18102,2011-12-08 18:25:00
581456,215.03,168,33,17530,2011-12-08 18:42:00
581457,10363.82,2414,11,18102,2011-12-08 18:43:00
581458,1080.0,1500,1,17949,2011-12-08 18:45:00
581459,864.0,1200,1,17949,2011-12-08 18:46:00
581461,150.84,84,4,13318,2011-12-08 18:51:00
581467,151.83,256,49,13077,2011-12-08 19:24:00
581469,125.65,64,31,14606,2011-12-08 19:28:00
581471,195.39000000000001,74,26,14702,2011-12-08 19:29:00
581472,447.65000000000003,139,17,15796,2011-12-08 19:55:00
581473,96.89,55,32,12748,2011-12-08 19:57:00
581474,61.55,24,24,12748,2011-12-08 20:01:00
581475,280.24,352,19,13069,2011-12-09 08:39:00
581476,2618.89,2215,65,12433,2011-12-09 08:48:00
581477,291.78000000000003,144,10,13426,2011-12-09 08:59:00
581478,391.02,226,18,17364,2011-12-09 08:59:00
581479,29.5,10,1,17364,2011-12-09 09:00:00
581480,305.7,84,9,14441,2011-12-09 09:07:00
581481,242.3,234,16,17490,2011-12-09 09:07:00
581482,488.4,228,6,17490,2011-12-09 09:08:00
581483,168469.6,80995,1,16446,2011-12-09 09:15:00
581485,741.9,114,3,17389,2011-12-09 09:38:00
581486,407.68,218,16,17001,2011-12-09 09:38:00
581487,406.8,120,1,15694,2011-12-09 09:44:00
581488,415.6,56,3,17428,2011-12-09 09:45:00
581489,171.60000000000002,72,2,16954,2011-12-09 09:46:00
581491,19.799999999999997,12,1,12433,2011-12-09 10:02:00
581493,208.64000000000001,203,17,12423,2011-12-09 10:10:00
581494,339.14,188,18,12518,2011-12-09 10:13:00
581495,1203.9,276,15,14051,2011-12-09 10:20:00
581496,598.97,496,32,16558,2011-12-09 10:20:00
581500,103.3,10,3,15344,2011-12-09 10:45:00
581501,485.0,692,24,12985,2011-12-09 10:46:00
581502,133.35,158,19,15910,2011-12-09 10:51:00
581514,191.63,381,22,17754,2011-12-09 11:20:00
581516,382.01,179,15,14422,2011-12-09 11:26:00
581538,186.83,115,61,14446,2011-12-09 11:34:00
581566,469.43999999999994,144,1,18102,2011-12-09 11:50:00
581567,389.21000000000004,365,12,16626,2011-12-09 11:56:00
581570,224.95000000000002,96,13,12662,2011-12-09 11:59:00
581571,494.6,270,20,15311,2011-12-09 12:00:00
581572,250.52,60,4,16705,2011-12-09 12:08:00
581574,277.08,88,13,12526,2011-12-09 12:09:00
581578,848.55,508,38,12713,2011-12-09 12:16:00
581579,903.62,476,30,17581,2011-12-09 12:19:00
581580,94.11,82,24,12748,2011-12-09 12:20:00
581581,51.18,22,3,17581,2011-12-09 12:20:00
581582,29.88,18,2,17581,2011-12-09 12:21:00
581583,124.60000000000001,76,2,13777,2011-12-09 12:23:00
581584,140.64000000000001,120,2,13777,2011-12-09 12:25:00
581585,329.05,278,21,15804,2011-12-09 12:31:00
581586,339.2,66,4,13113,2011-12-09 12:49:00
581587,249.45,105,15,12680,2011-12-09 12:50:00
