StockCode,TotalRevenue,CumulativeRevenue,CumulativeRevenuePct,CumulativeProductPct
23843,168469.6,168469.6,1.8956412751110023,0.027285129604365622
22423,142264.75,310734.35,3.4964222592965646,0.054570259208731244
85123A,100547.45,411281.8,4.627794900575227,0.08185538881309685
85099B,85040.54000000001,496322.33999999997,5.5846818266540454,0.10914051841746249
23166,81416.73000000001,577739.07,6.500793183673759,0.1364256480218281
POST,77803.96,655543.0299999999,7.37625319511253,0.1637107776261937
47566,68785.23000000001,724328.2599999999,8.150233314410038,0.19099590723055934
84879,56413.03,780741.2899999999,8.784999872424514,0.21828103683492497
M,53419.93,834161.22,9.386087690176444,0.24556616643929058
23084,51251.24,885412.46,9.962773133393616,0.2728512960436562
22502,47348.35,932760.8099999999,10.495542764047467,0.30013642564802184
79321,46265.11,979025.9199999999,11.016123641033884,0.3274215552523874
22086,42584.130000000005,1021610.0499999999,11.495285664880873,0.35470668485675305
21137,39045.8,1060655.8499999999,11.93463395145441,0.3819918144611187
23203,37646.94,1098302.7899999998,12.35824208814867,0.4092769440654843
22386,37254.36,1135557.15,12.777432864964455,0.43656207366984995
22197,37206.88,1172764.0299999998,13.196089390807108,0.4638472032742156
23298,36144.25,1208908.2799999998,13.602789069312497,0.49113233287858116
23284,35880.85,1244789.13,14.006524937659465,0.5184174624829468
82484,34414.71,1279203.8399999999,14.39376361304645,0.5457025920873124
22720,33298.3,1312502.14,14.768440301725171,0.572987721691678
22960,32616.22,1345118.3599999999,15.135442139861555,0.6002728512960437
85099F,30569.32,1375687.68,15.479411999967333,0.6275579809004093
22178,28735.36,1404423.04,15.802745909890392,0.6548431105047748
22470,28479.65,1432902.69,16.123202538508938,0.6821282401091405
22469,28217.089999999997,1461119.78,16.440704808755452,0.7094133697135061
20725,28158.8,1489278.58,16.7575511925398,0.7366984993178717
23245,26566.280000000002,1515844.86,17.05647833959871,0.7639836289222374
23199,26426.3,1542271.1600000001,17.35383041396979,0.7912687585266029
21175,26063.34,1568334.5000000002,17.647098416453634,0.8185538881309686
22727,25868.95,1594203.4500000002,17.93817911803886,0.8458390177353342
22910,25639.77,1619843.2200000002,18.22668105723948,0.8731241473396999
20685,25364.85,1645208.0700000003,18.51208956178273,0.9004092769440655
22699,24827.25,1670035.3200000003,18.791448923041376,0.9276944065484312
22629,24673.14,1694708.4600000002,19.06907421906269,0.9549795361527967
23355,24302.550000000003,1719011.0100000002,19.34252958947046,0.9822646657571623
23201,24160.44,1743171.4500000002,19.614385920160643,1.009549795361528
22457,24089.170000000002,1767260.62,19.8854403117848,1.0368349249658937
21181,23865.820000000003,1791126.4400000002,20.1539815409227,1.0641200545702592
21915,23756.43,1814882.87,20.421291899926846,1.0914051841746248
85099C,23630.58,1838513.4500000002,20.687186178792665,1.1186903137789905
48138,23622.54,1862135.9900000002,20.95298999056025,1.145975443383356
22112,23584.64,1885720.6300000001,21.218367346727973,1.1732605729877217
23173,23033.52,1908754.1500000001,21.477543430858848,1.2005457025920874
22138,22953.100000000002,1931707.2500000002,21.735814618964895,1.227830832196453
48187,22783.8,1954491.0500000003,21.992180822029862,1.2551159618008185
22189,22687.920000000002,1977178.9700000002,22.247468171192065,1.2824010914051842
21623,22679.28,1999858.2500000002,22.50265830198005,1.3096862210095497
21733,22595.190000000002,2022453.4400000002,22.756902241438418,1.3369713506139156
23243,22109.08,2044562.5200000003,23.00567640961316,1.364256480218281
22326,22101.77,2066664.2900000003,23.25436832474212,1.3915416098226467
21931,21784.84,2088449.1300000004,23.499494103373333,1.4188267394270122
48185,21171.79,2109620.9200000004,23.737721765764547,1.446111869031378
22961,21147.55,2130768.47,23.975676676605868,1.4733969986357434
21621,20945.16,2151713.6300000004,24.211354269535416,1.5006821282401093
23202,20921.55,2172635.18,24.446766199754865,1.5279672578444747
22726,20839.15,2193474.33,24.68125095473873,1.5552523874488404
22666,20838.620000000003,2214312.95,24.915729746095472,1.5825375170532059
23209,20786.21,2235099.16,25.149618813494723,1.6098226466575716
15056N,20672.91,2255772.0700000003,25.382233014945044,1.6371077762619373
22722,20482.600000000002,2276254.6700000004,25.61270582417347,1.6643929058663027
85066,20448.17,2296702.8400000003,25.842791222681488,1.6916780354706684
22139,20426.23,2317129.0700000003,26.072629749530908,1.7189631650750339
21166,20232.13,2337361.2,26.300284238598437,1.7462482946793998
22411,20116.38,2357477.58,26.526636294006757,1.7735334242837655
22630,20104.09,2377581.67,26.7528500607786,1.800818553888131
22111,20049.9,2397631.57,26.97845407480753,1.8281036834924966
71477,20041.22,2417672.79,27.203960420377175,1.8553888130968623
82482,19945.45,2437618.24,27.42838914977799,1.8826739427012278
48194,19924.66,2457542.9000000004,27.652583947465843,1.9099590723055935
21731,19831.71,2477374.6100000003,27.875732859981994,1.937244201909959
22659,19316.17,2496690.7800000003,28.093080851127343,1.9645293315143246
84946,19193.170000000002,2515883.95,28.309044830695306,1.99181446111869
21523,19149.07,2535033.02,28.524512591478196,2.019099590723056
20713,19047.02,2554080.04,28.73883207273692,2.046384720327422
84997D,18798.7,2572878.74,28.950357425907047,2.0736698499317874
22090,18785.99,2591664.7300000004,29.161739764547505,2.100954979536153
22383,18667.6,2610332.3300000005,29.37178996391441,2.1282401091405183
22728,18539.09,2628871.4200000004,29.5803941524861,2.155525238744884
21929,18427.9,2647299.3200000003,29.787747217096083,2.1828103683492497
23206,18220.5,2665519.8200000003,29.992766590639796,2.210095497953615
21928,18053.48,2683573.3000000003,30.195906633991182,2.237380627557981
20727,17950.3,2701523.6,30.397885682915287,2.2646657571623465
21843,17918.8,2719442.4,30.599510289850063,2.291950886766712
22697,17735.54,2737177.94,30.799072832055792,2.3192360163710775
23344,17636.04,2754813.98,30.997515787660294,2.3465211459754434
82494L,17583.77,2772397.75,31.195370594605045,2.3738062755798093
22328,17569.59,2789967.34,31.39306584639396,2.4010914051841747
84347,17554.27,2807521.61,31.590588715602664,2.42837653478854
22969,17504.2,2825025.81,31.78754819083023,2.455661664392906
22467,17488.55,2842514.36,31.984331570275792,2.4829467939972716
82486,17467.33,2859981.69,32.180876179593945,2.510231923601637
21108,17291.57,2877273.26,32.37544311513288,2.5375170532060025
20914,17271.530000000002,2894544.7899999996,32.56978455805385,2.5648021828103684
22693,17226.2,2911770.9899999998,32.76361594207397,2.592087312414734
20728,17214.53,2928985.5199999996,32.95731601377614,2.6193724420190994
23240,16394.9,2945380.4199999995,33.141793504915896,2.6466575716234653
21212,16381.880000000001,2961762.2999999993,33.32612449336672,2.673942701227831
22384,16303.3,2978065.599999999,33.50957128970574,2.7012278308321966
22865,16113.730000000001,2994179.329999999,33.690885020396586,2.728512960436562
15036,16044.44,3010223.769999999,33.87141909123217,2.7557980900409276
22492,16039.240000000002,3026263.0099999993,34.05189465100919,2.7830832196452935
21485,15827.18,3042090.1899999995,34.229984084809786,2.810368349249659
22382,15820.15,3057910.3399999994,34.40799441616005,2.8376534788540244
20712,15511.6,3073421.9399999995,34.582532903833865,2.8649386084583903
21754,15504.51,3088926.4499999993,34.756991613929756,2.892223738062756
85152,15484.51,3104410.959999999,34.931225281492736,2.9195088676671213
22114,15386.07,3119797.029999999,35.10435128970874,2.9467939972714867
22385,15320.75,3135117.779999999,35.27674230901226,2.9740791268758526
15056BL,15218.67,3150336.449999999,35.44798471122782,3.0013642564802185
84997B,15158.81,3165495.259999999,35.61855356114238,3.028649386084584
22077,14969.839999999998,3180465.0999999987,35.78699609668474,3.0559345156889495
22698,14663.29,3195128.3899999987,35.95198929280393,3.0832196452933154
22624,14638.73,3209767.1199999987,36.11670613669272,3.110504774897681
82483,14573.720000000001,3224340.839999999,36.28069147982828,3.1377899045020468
20726,14497.51,3238838.3499999987,36.443819298392185,3.1650750341064118
22993,14151.42,3252989.7699999986,36.60305286844537,3.192360163710778
84997C,14040.59,3267030.3599999985,36.76103936530243,3.219645293315143
22835,13685.130000000001,3280715.4899999984,36.915026181222096,3.246930422919509
84077,13558.409999999998,3294273.8999999985,37.06758712765325,3.2742155525238745
48184,13447.1,3307720.9999999986,37.218895599867494,3.3015006821282404
22084,13411.550000000001,3321132.5499999984,37.3698040589795,3.3287858117326055
84029E,13311.26,3334443.809999998,37.519584042310214,3.3560709413369714
22847,13191.689999999999,3347635.499999998,37.66801860885794,3.383356070941337
22622,13035.66,3360671.1599999983,37.81469750608518,3.4106412005457027
23200,13034.92,3373706.079999998,37.9613680767387,3.4379263301500678
22900,13030.7,3386736.7799999984,38.10799116341778,3.4652114597544337
84078A,13007.150000000001,3399743.9299999983,38.254349262514346,3.4924965893587996
23108,12972.73,3412716.6599999983,38.40032006341178,3.519781718963165
23313,12960.12,3425676.7799999984,38.54614897499222,3.547066848567531
23356,12954.75,3438631.5299999984,38.691917462652576,3.574351978171896
82583,12731.34,3451362.8699999982,38.835172112699055,3.601637107776262
84978,12650.970000000001,3464013.8399999985,38.97752242932705,3.6289222373806274
22752,12639.79,3476653.6299999985,39.119746947179145,3.6562073669849933
22558,12525.21,3489178.8399999985,39.2606821963602,3.6834924965893587
23301,12463.779999999999,3501642.6199999982,39.40092622740143,3.7107776261937246
22507,12411.02,3514053.6399999983,39.54057659624084,3.7380627557980897
22188,12257.95,3526311.5899999985,39.67850460205463,3.7653478854024556
20750,12208.85,3538520.4399999985,39.81588012845013,3.7926330150068215
22866,12204.660000000002,3550725.0999999987,39.95320850843499,3.819918144611187
21232,12195.06,3562920.1599999988,40.09042886800405,3.847203274215553
22171,12160.08,3575080.239999999,40.227255628183045,3.874488403819918
22113,12148.9,3587229.1399999987,40.363956589586145,3.901773533424284
22551,12138.599999999999,3599367.739999999,40.5005416540848,3.9290586630286493
22941,12133.0,3611500.739999999,40.63706370667424,3.956343792633015
20749,12107.51,3623608.2499999986,40.773298942555485,3.98362892223738
82600,12095.28,3635703.5299999984,40.90939656492785,4.0109140518417465
22867,12064.630000000001,3647768.1599999983,41.04514930961854,4.038199181446112
21524,12055.32,3659823.479999998,41.18079729701016,4.0654843110504775
23207,11994.41,3671817.8899999983,41.31575991736781,4.092769440654844
22083,11935.310000000001,3683753.1999999983,41.4500575370407,4.120054570259208
22379,11913.03,3695666.229999998,41.58410445933193,4.147339699863575
DOT,11906.36,3707572.589999998,41.71807632993845,4.17462482946794
22625,11836.23,3719408.819999998,41.85125908890331,4.201909959072306
22568,11756.8,3731165.619999998,41.98354809144872,4.229195088676671
22273,11748.24,3742913.859999998,42.11574077579006,4.256480218281037
47590B,11666.35,3754580.209999998,42.24701202348039,4.283765347885402
22554,11620.929999999998,3766201.1399999983,42.37777219957849,4.311050477489768
20971,11619.39,3777820.5299999984,42.508515047401545,4.338335607094133
23077,11615.7,3789436.2299999986,42.639216374877286,4.365620736698499
21977,11611.0,3801047.2299999986,42.76986481735779,4.392905866302865
23174,11567.24,3812614.469999999,42.9000208667763,4.42019099590723
22607,11561.34,3824175.8099999987,43.03011052864758,4.447476125511597
22149,11549.59,3835725.3999999985,43.160067978030796,4.474761255115962
48188,11536.25,3847261.6499999985,43.28987532404455,4.502046384720328
22191,11527.7,3858789.3499999987,43.41958646437549,4.529331514324693
22427,11421.130000000001,3870210.4799999986,43.54809846556982,4.5566166439290585
21755,11398.710000000001,3881609.1899999985,43.67635819408476,4.583901773533424
22193,11048.890000000001,3892658.0799999987,43.800681703656586,4.61118690313779
21930,10865.83,3903523.9099999988,43.92294539892469,4.638472032742155
22501,10799.0,3914322.9099999988,44.04445711456908,4.665757162346521
22570,10672.31,3924995.219999999,44.164543298288756,4.693042291950887
22413,10638.45,3935633.669999999,44.28424848500022,4.720327421555252
22776,10560.65,3946194.319999999,44.40307825625865,4.7476125511596186
21790,10441.47,3956635.789999999,44.52056699906349,4.774897680763983
47566B,10430.400000000001,3967066.189999999,44.63793118082636,4.8021828103683495
21936,10365.76,3977431.949999999,44.75456802512286,4.829467939972715
22662,10330.99,3987762.939999999,44.87081363297591,4.85675306957708
22730,10259.36,3998022.299999999,44.98625325099733,4.884038199181446
22087,10243.400000000001,4008265.699999999,45.1015132850775,4.911323328785812
85014B,10217.720000000001,4018483.419999999,45.21648436454541,4.938608458390177
21479,10215.47,4028698.889999999,45.33143012672837,4.965893587994543
22617,10210.890000000001,4038909.7799999993,45.446324354171296,4.993178717598909
23170,10170.99,4049080.7699999996,45.56076962176107,5.020463847203274
21340,10123.16,4059203.9299999997,45.67467670013339,5.0477489768076405
20724,10122.45,4069326.38,45.78857578949578,5.075034106412005
47590A,10096.62,4079423.0,45.902184236426926,5.102319236016371
22988,10070.220000000001,4089493.22,46.015495627214634,5.129604365620737
71459,10031.45,4099524.6700000004,46.1283707730523,5.156889495225102
21891,9998.32,4109522.99,46.240873135934194,5.184174624829468
23208,9950.35,4119473.3400000003,46.3528357343009,5.211459754433834
23300,9933.689999999999,4129407.0300000003,46.464610872237714,5.238744884038199
22499,9928.83,4139335.8600000003,46.57633132483901,5.266030013642565
48173C,9797.75,4149133.6100000003,46.68657684867963,5.2933151432469305
23343,9742.1,4158875.7100000004,46.79619619167242,5.320600272851296
21080,9649.99,4168525.7000000007,46.9047791012799,5.347885402455662
23076,9638.16,4178163.860000001,47.01322889822917,5.375170532060027
22569,9632.98,4187796.840000001,47.12162040916241,5.402455661664393
22690,9619.99,4197416.830000001,47.22986575497053,5.429740791268759
84997A,9618.29,4207035.120000001,47.33809197216335,5.457025920873124
22846,9597.31,4216632.430000001,47.44608211973914,5.48431105047749
22556,9588.71,4226221.140000001,47.55397549902579,5.511596180081855
22970,9582.15,4235803.290000001,47.66179506436165,5.538881309686221
84755,9566.51,4245369.800000001,47.76943864643676,5.566166439290587
22605,9555.98,4254925.780000001,47.876963743618305,5.5934515688949515
22633,9516.960000000001,4264442.740000001,47.98404978281814,5.620736698499318
22692,9451.58,4273894.320000001,48.090400157977896,5.648021828103684
22555,9444.14,4283338.460000001,48.1966668173154,5.675306957708049
21430,9401.82,4292740.280000001,48.302457286653286,5.702592087312415
85048,9374.7,4302114.980000001,48.40794259831653,5.729877216916781
84029G,9313.17,4311428.150000001,48.512735566627285,5.757162346521146
22621,9294.57,4320722.720000002,48.61731924538244,5.784447476125512
22560,9281.47,4330004.190000001,48.72175552127853,5.811732605729877
22766,9277.28,4339281.470000002,48.82614465076398,5.8390177353342425
84947,9271.84,4348553.310000001,48.93047256868048,5.866302864938609
21914,9218.88,4357772.190000001,49.03420457396983,5.893587994542973
21481,9196.050000000001,4366968.240000001,49.137679693207865,5.92087312414734
23171,9184.9,4376153.1400000015,49.24102935123381,5.948158253751705
22978,9180.529999999999,4385333.670000002,49.34432983746632,5.975443383356071
21217,9178.3,4394511.970000002,49.44760523145639,6.002728512960437
22561,9064.619999999999,4403576.590000002,49.54960148368942,6.030013642564802
20679,9055.87,4412632.460000002,49.651499279814296,6.057298772169168
23175,8995.0,4421627.460000002,49.75271215899026,6.0845839017735335
22992,8944.439999999999,4430571.900000002,49.85335613064304,6.111869031377899
22632,8738.52,4439310.420000002,49.95168306437697,6.139154160982264
22838,8737.78,4448048.200000002,50.05000167153719,6.166439290586631
21559,8721.89,4456770.090000002,50.148141482405016,6.193724420190995
85150,8696.58,4465466.670000002,50.245996501947445,6.221009549795362
84375,8676.27,4474142.940000001,50.3436229907977,6.248294679399727
20972,8617.24,4482760.180000002,50.44058526661207,6.2755798090040935
22966,8615.130000000001,4491375.310000001,50.537523800439224,6.302864938608459
84991,8604.62,4499979.930000002,50.63434407441534,6.3301500682128236
22619,8571.25,4508551.180000002,50.730788864925294,6.357435197817189
82582,8548.02,4517099.200000001,50.826972268533254,6.384720327421556
23582,8508.220000000001,4525607.420000001,50.922707837500745,6.412005457025921
21791,8500.16,4534107.580000001,51.01835271432748,6.439290586630286
23581,8498.04,4542605.620000001,51.113973736645704,6.466575716234652
22424,8493.5,4551099.120000001,51.209543674308975,6.493860845839018
22041,8450.82,4559549.940000001,51.30463337120701,6.521145975443384
22169,8408.14,4567958.080000001,51.39924282733982,6.548431105047749
21174,8364.64,4576322.720000001,51.493362815963536,6.575716234652114
23318,8345.43,4584668.15,51.58726665123441,6.603001364256481
21216,8330.12,4592998.2700000005,51.68099821644634,6.6302864938608455
22989,8310.17,4601308.44,51.7745053017317,6.657571623465211
22147,8308.75,4609617.19,51.86799640899721,6.684856753069577
22791,8288.890000000001,4617906.08,51.96126404902755,6.712141882673943
22759,8267.25,4626173.33,52.054288193037266,6.739427012278308
84945,8259.25,4634432.58,52.14722232003383,6.766712141882674
23319,8169.4800000000005,4642602.0600000005,52.23914634362144,6.79399727148704
23322,8137.500000000001,4650739.5600000005,52.33071052419892,6.8212824010914055
22655,8125.0,4658864.5600000005,52.42213405319334,6.848567530695771
23256,8115.4800000000005,4666980.040000001,52.51345046194209,6.8758526603001355
23082,8110.68,4675090.720000001,52.60471286048293,6.903137789904503
23078,8077.31,4683168.03,52.695599775557625,6.930422919508867
48116,8045.2699999999995,4691213.3,52.78612617249458,6.957708049113233
22734,8040.27,4699253.569999999,52.87659630879832,6.984993178717599
22749,8022.76,4707276.329999999,52.966869420364496,7.012278308321965
22158,8013.71,4715290.039999999,53.05704070018453,7.03956343792633
22729,7984.38,4723274.419999999,53.146881955130056,7.066848567530696
21210,7943.0199999999995,4731217.439999999,53.236257822117516,7.094133697135062
23080,7920.78,4739138.219999999,53.32538344180839,7.121418826739427
22667,7896.85,4747035.069999998,53.41423979810864,7.148703956343792
21121,7794.18,4754829.249999998,53.50194089856619,7.175989085948157
22652,7779.11,4762608.3599999985,53.589472429475215,7.203274215552524
72741,7758.95,4770367.309999999,53.67677711751105,7.230559345156889
84378,7719.34,4778086.6499999985,53.763636108810466,7.257844474761255
20711,7689.28,4785775.929999999,53.85015686118292,7.285129604365621
22940,7658.93,4793434.8599999985,53.93633611151167,7.3124147339699865
22768,7636.889999999999,4801071.749999998,54.02226736496915,7.339699863574352
35970,7631.31,4808703.059999998,54.10813583155997,7.3669849931787175
23439,7574.1,4816277.159999997,54.19336056398538,7.394270122783084
22192,7528.93,4823806.089999997,54.278077037850224,7.421555252387449
23328,7495.29,4831301.379999997,54.36241499017472,7.448840381991814
21136,7454.22,4838755.599999997,54.44629081765788,7.476125511596179
22952,7418.400000000001,4846173.999999997,54.52976359396462,7.503410641200546
21314,7399.960000000001,4853573.959999997,54.613028881056,7.530695770804911
22557,7331.839999999999,4860905.799999997,54.69552767328029,7.557980900409277
21770,7296.51,4868202.309999997,54.777628927870204,7.585266030013643
20719,7261.94,4875464.249999997,54.85934119644198,7.612551159618008
22616,7261.7699999999995,4882726.019999997,54.94105155215222,7.639836289222374
22804,7215.46,4889941.479999997,55.02224082187751,7.6671214188267385
21908,7204.320000000001,4897145.799999997,55.10330474291199,7.694406548431106
21889,7200.95,4904346.749999997,55.184330744279656,7.721691678035471
84949,7173.449999999999,4911520.199999997,55.26504731216457,7.748976807639836
22585,7135.95,4918656.149999998,55.34534192530028,7.776261937244201
84406B,7121.2300000000005,4925777.379999998,55.42547090713178,7.803547066848568
23238,7116.650000000001,4932894.029999998,55.505548354223244,7.830832196452933
22355,7114.85,4940008.879999998,55.585605547486736,7.8581173260572985
22144,7109.200000000001,4947118.079999998,55.66559916623468,7.885402455661665
84836,7099.93,4954218.009999998,55.745488477768625,7.91268758526603
22750,7095.69,4961313.699999998,55.825330080285596,7.939972714870396
22795,7077.900000000001,4968391.599999999,55.90497150746955,7.96725784447476
21218,7071.2,4975462.799999999,55.98453754540497,7.994542974079128
23007,7048.549999999999,4982511.349999999,56.063848722671864,8.021828103683493
22950,7043.95,4989555.299999999,56.143108140156194,8.049113233287859
22741,7010.94,4996566.239999999,56.22199612493996,8.076398362892224
21787,6962.08,5003528.319999999,56.30033433081583,8.10368349249659
23215,6955.8,5010484.119999999,56.37860187333635,8.130968622100955
22767,6932.83,5017416.949999999,56.456610954507845,8.15825375170532
23320,6907.52,5024324.469999999,56.534335244353926,8.185538881309688
23543,6869.47,5031193.939999999,56.611631390781156,8.212824010914051
21231,6864.610000000001,5038058.549999999,56.688872851872894,8.240109140518417
21213,6855.46,5044914.009999999,56.76601135600582,8.267394270122782
22991,6816.84,5051730.849999999,56.842715303007694,8.29467939972715
22456,6813.400000000001,5058544.249999999,56.91938054269392,8.321964529331515
84970S,6808.49,5065352.739999999,56.99599053443831,8.34924965893588
21035,6807.01,5072159.749999999,57.07258387303526,8.376534788540244
22771,6803.17,5078962.919999999,57.149134003465896,8.403819918144611
23321,6798.099999999999,5085761.019999999,57.22562708561444,8.431105047748977
23236,6782.070000000001,5092543.089999999,57.30193979617285,8.458390177353342
22487,6768.86,5099311.949999999,57.37810386613829,8.48567530695771
22844,6753.85,5106065.799999999,57.45409904168276,8.512960436562073
22333,6745.929999999999,5112811.729999999,57.53000510038421,8.540245566166439
21169,6743.98,5119555.709999999,57.6058892174387,8.567530695770804
23493,6736.2,5126291.909999999,57.68168579294789,8.594815825375171
23083,6735.88,5133027.789999999,57.75747876777655,8.622100954979537
20969,6726.81,5139754.599999999,57.83316968581653,8.649386084583902
84380,6711.0,5146465.599999999,57.90868270773426,8.676671214188266
22352,6705.04,5153170.639999999,57.98412866697718,8.703956343792633
21877,6698.56,5159869.199999998,58.05950171243942,8.731241473396999
48111,6690.8,5166559.999999998,58.134787441398906,8.758526603001364
C2,6686.0,5173245.999999998,58.210019160150495,8.78581173260573
23297,6677.0,5179922.999999998,58.285149609762264,8.813096862210095
23254,6674.950000000001,5186597.949999998,58.36025699251442,8.84038199181446
22634,6652.0,5193249.949999998,58.43510613896006,8.867667121418826
21955,6619.41,5199869.3599999985,58.509588578598326,8.894952251023193
23283,6600.27,5206469.629999998,58.58385565253259,8.922237380627559
22840,6576.88,5213046.509999998,58.657859539224624,8.949522510231924
22294,6574.82,5219621.329999998,58.73184024653577,8.976807639836288
22627,6574.29,5226195.619999998,58.805814990219794,9.004092769440655
22968,6565.0,5232760.619999998,58.87968520164728,9.03137789904502
22367,6560.79,5239321.409999998,58.95350804162158,9.058663028649386
22725,6559.26,5245880.669999998,59.027313665842115,9.085948158253752
23008,6534.049999999999,5252414.719999998,59.10083562394992,9.113233287858117
22909,6520.91,5258935.629999998,59.17420972911361,9.140518417462483
23109,6484.900000000001,5265420.529999998,59.2471786451968,9.167803547066848
22553,6461.249999999999,5271881.779999998,59.319881448484814,9.195088676671215
23293,6457.0,5278338.779999998,59.392536430234586,9.22237380627558
23103,6442.949999999999,5284781.729999999,59.465033319605,9.249658935879946
23134,6414.48,5291196.209999999,59.53720986092982,9.27694406548431
21259,6402.360000000001,5297598.569999999,59.609250026479685,9.304229195088677
21165,6401.93,5304000.499999999,59.68128535361509,9.331514324693043
22170,6378.150000000001,5310378.649999999,59.753053105178864,9.358799454297408
85014A,6361.990000000001,5316740.64,59.82463902237606,9.386084583901773
21122,6346.08,5323086.72,59.896045918238315,9.413369713506139
23229,6336.43,5329423.149999999,59.96734423107844,9.440654843110504
23534,6320.88,5335744.029999999,60.038467573349244,9.46793997271487
22637,6298.37,5342042.399999999,60.10933763024925,9.495225102319237
22505,6286.39,5348328.789999999,60.18007288667203,9.522510231923603
22173,6267.39,5354596.179999999,60.25059435268856,9.549795361527966
84992,6252.35,5360848.529999998,60.32094658672034,9.577080491132332
23553,6244.85,5367093.379999998,60.39121442980226,9.604365620736699
21669,6239.4,5373332.779999998,60.461420948793986,9.631650750341064
22381,6225.38,5379558.159999998,60.53146971297014,9.65893587994543
21533,6217.650000000001,5385775.809999999,60.601431498207326,9.686221009549795
22826,6210.0,5391985.809999999,60.67130720467567,9.71350613915416
21668,6177.53,5398163.339999999,60.74081755459184,9.740791268758526
23382,6155.04,5404318.379999999,60.81007484417975,9.768076398362892
23541,6154.69,5410473.069999999,60.87932819552334,9.795361527967259
21871,6150.13,5416623.199999999,60.94853023716942,9.822646657571624
23480,6118.59,5422741.789999999,61.0173773867411,9.849931787175988
22834,6118.43,5428860.219999999,61.086222735972505,9.877216916780354
22631,6114.83,5434975.049999999,61.155027577548005,9.90450204638472
22303,6108.85,5441083.8999999985,61.22376513140616,9.931787175989086
75049L,6092.049999999999,5447175.949999998,61.292313649536666,9.959072305593452
22635,6053.049999999999,5453228.999999998,61.360423334728,9.986357435197817
21326,6052.0,5459280.999999998,61.42852120518636,10.013642564802183
47556B,6045.0,5465325.999999998,61.496540310758206,10.040927694406548
22663,6006.33,5471332.329999998,61.564124296592674,10.068212824010914
23307,5974.39,5477306.719999998,61.63134888950207,10.095497953615281
17003,5969.61,5483276.329999998,61.69851969724611,10.122783083219646
22654,5968.67,5489244.999999998,61.765679927991116,10.15006821282401
22620,5952.83,5495197.829999998,61.83266192505003,10.177353342428376
22943,5939.280000000001,5501137.1099999985,61.89949145579292,10.204638472032743
22783,5922.12,5507059.229999999,61.96612790004258,10.231923601637108
22508,5919.46,5512978.689999999,62.03273441363534,10.259208731241474
21975,5919.280000000001,5518897.969999999,62.09933890184532,10.28649386084584
22151,5912.19,5524810.159999999,62.16586361247738,10.313778990450205
21380,5901.3,5530711.459999999,62.23226578745027,10.34106412005457
23535,5898.61,5536610.069999999,62.29863769420248,10.368349249658936
71053,5893.45,5542503.52,62.364951539981206,10.395634379263303
21155,5874.95,5548378.47,62.431057221417,10.422919508867668
22895,5839.59,5554218.06,62.49676502765459,10.450204638472032
22356,5838.09,5560056.149999999,62.56245595570221,10.477489768076397
23169,5829.650000000001,5565885.8,62.62805191580097,10.504774897680765
47591D,5815.5599999999995,5571701.359999999,62.69348933343526,10.53206002728513
21535,5804.7,5577506.06,62.7588045529742,10.559345156889496
23172,5793.28,5583299.34,62.823991273226845,10.586630286493861
22979,5785.71,5589085.05,62.88909281488079,10.613915416098227
21484,5770.27,5594855.319999999,62.954020623699314,10.641200545702592
22779,5768.6,5600623.919999999,63.01892964146635,10.668485675306957
23247,5760.52,5606384.439999999,63.08374774205008,10.695770804911325
84030E,5729.66,5612114.099999999,63.14821860200554,10.723055934515688
23485,5719.0,5617833.099999999,63.21256951429096,10.750341064120054
21888,5718.21,5623551.309999999,63.27691153739633,10.77762619372442
23113,5695.86,5629247.169999999,63.341002075471174,10.804911323328787
62018,5691.5,5634938.669999999,63.40504355427385,10.832196452933152
23296,5684.650000000001,5640623.319999999,63.46900795600901,10.859481582537517
22784,5676.87,5646300.1899999995,63.53288481619885,10.886766712141881
21922,5674.14,5651974.329999999,63.59673095808295,10.914051841746248
84970L,5663.53,5657637.859999999,63.66045771490335,10.941336971350614
22485,5652.9,5663290.76,63.724064861617514,10.96862210095498
48129,5644.46,5668935.22,63.78757704038278,10.995907230559347
23204,5632.15,5674567.37,63.850950705469046,11.02319236016371
22971,5603.57,5680170.94,63.91400278477578,11.050477489768076
21156,5585.92,5685756.86,63.97685626404722,11.077762619372441
21672,5578.14,5691335.0,64.03962220177335,11.105047748976808
84988,5565.23,5696900.23,64.10224287454452,11.132332878581174
23311,5564.25,5702464.48,64.16485252023153,11.15961800818554
23312,5523.0,5707987.48,64.22699801569445,11.186903137789903
20723,5516.7,5713504.180000001,64.28907262275949,11.21418826739427
21912,5508.53,5719012.710000001,64.35105529994985,11.241473396998636
21094,5496.53,5724509.240000001,64.41290295162045,11.268758526603001
22584,5488.94,5729998.180000002,64.47466519964983,11.296043656207368
22740,5475.25,5735473.430000002,64.53627340606542,11.323328785811732
22150,5460.5,5740933.930000002,64.59771564361297,11.350613915416098
22751,5434.85,5746368.780000001,64.65886926411208,11.377899045020463
22668,5415.66,5751784.440000001,64.71980695630087,11.40518417462483
22827,5415.0,5757199.440000001,64.78073722208607,11.432469304229196
23118,5399.02,5762598.460000001,64.84148767888746,11.459754433833561
23135,5378.8,5767977.260000001,64.9020106176881,11.487039563437925
22796,5357.549999999999,5773334.8100000005,64.96229444879751,11.514324693042292
22946,5323.05,5778657.86,65.02219008153766,11.541609822646658
23531,5319.36,5783977.220000001,65.08204419393049,11.568894952251023
23126,5272.280000000001,5789249.500000001,65.14136855620085,11.596180081855389
22595,5267.8099999999995,5794517.3100000005,65.2006426214651,11.623465211459754
23583,5251.25,5799768.5600000005,65.2597303515121,11.65075034106412
82001S,5231.08,5804999.640000001,65.31859112616468,11.678035470668485
22349,5220.429999999999,5810220.07,65.37733206566845,11.705320600272852
22418,5209.17,5815429.24,65.43594630622621,11.732605729877218
23192,5197.169999999999,5820626.41,65.49442552126423,11.759890859481583
23133,5142.91,5825769.32,65.55229419591046,11.787175989085947
23158,5117.32,5830886.640000001,65.60987492863585,11.814461118690314
20718,5106.56,5835993.2,65.66733458847851,11.84174624829468
22179,5103.99,5841097.19,65.72476533035571,11.869031377899045
23188,5100.16,5846197.350000001,65.78215297658785,11.89631650750341
37449,5074.83,5851272.180000001,65.83925560645206,11.923601637107776
22466,5070.0,5856342.180000001,65.89630388854457,11.950886766712141
22904,5060.84,5861403.0200000005,65.95324910115701,11.978171896316507
22947,5047.6,5866450.62,66.01004533561266,12.005457025920874
23157,5031.55,5871482.17,66.06666097343566,12.03274215552524
23177,5029.8,5876511.97,66.12325692003702,12.060027285129603
22964,5026.240000000001,5881538.21,66.17981280906753,12.087312414733969
22623,5019.67,5886557.88,66.23629477162596,12.114597544338336
22780,5018.84,5891576.72,66.29276739491931,12.141882673942701
21671,5018.65,5896595.37,66.34923788030858,12.169167803547067
22141,5015.080000000001,5901610.45,66.40566819560571,12.196452933151432
21258,5014.23,5906624.680000001,66.46208894659522,12.223738062755798
23132,4989.08,5911613.760000001,66.51822670659958,12.251023192360163
22109,4985.55,5916599.3100000005,66.57432474659689,12.278308321964529
20676,4980.7300000000005,5921580.040000001,66.63036855134375,12.305593451568896
21670,4971.22,5926551.260000001,66.68630534836623,12.332878581173262
21844,4969.150000000001,5931520.410000001,66.74221885348655,12.360163710777625
22296,4962.429999999999,5936482.840000001,66.7980567443158,12.38744884038199
22302,4957.3,5941440.140000001,66.85383691173537,12.414733969986358
22907,4954.42,5946394.5600000005,66.9095846730302,12.442019099590723
21673,4929.95,5951324.510000001,66.96505709478602,12.469304229195089
22839,4924.66,5956249.170000001,67.02046999279189,12.496589358799454
23154,4922.01,5961171.180000001,67.07585307266213,12.52387448840382
22429,4916.04,5966087.220000001,67.1311689773363,12.551159618008187
23556,4912.05,5970999.2700000005,67.18643998602516,12.578444747612552
23310,4894.83,5975894.100000001,67.24151723309319,12.605729877216918
22366,4887.82,5980781.920000001,67.29651560275343,12.633015006821283
22957,4872.3,5985654.220000001,67.35133933940814,12.660300136425647
84212,4871.45,5990525.670000001,67.40615351175519,12.687585266030013
22365,4865.19,5995390.860000001,67.46089724578945,12.714870395634378
21242,4855.91,6000246.770000001,67.51553656008844,12.742155525238744
21164,4844.72,6005091.490000001,67.57004996309026,12.769440654843113
22120,4826.67,6009918.160000001,67.62436026520614,12.796725784447476
21124,4793.34,6014711.500000001,67.67829553394091,12.824010914051842
23263,4791.58,6019503.080000001,67.7322109989328,12.851296043656207
22464,4789.709999999999,6024292.790000001,67.78610542244785,12.878581173260573
23162,4789.24,6029082.030000001,67.83999455746338,12.905866302864938
22580,4775.780000000001,6033857.810000001,67.89373223885427,12.933151432469304
21907,4757.35,6038615.160000001,67.94726254355106,12.96043656207367
22646,4745.3099999999995,6043360.470000001,68.00065737264306,12.987721691678036
23554,4730.65,6048091.120000001,68.05388724555844,13.015006821282402
23555,4730.65,6052821.770000001,68.10711711847381,13.042291950886767
22207,4727.11,6057548.880000002,68.16030715886087,13.069577080491133
22297,4706.28,6062255.160000002,68.2132628174499,13.096862210095498
22271,4702.120000000001,6066957.280000002,68.26617166719208,13.124147339699862
21172,4701.0199999999995,6071658.300000002,68.31906813959495,13.151432469304227
23052,4694.75,6076353.050000002,68.37189406116374,13.178717598908596
22798,4684.06,6081037.110000001,68.4245996974987,13.206002728512962
22088,4683.1,6085720.210000001,68.47729453179208,13.233287858117325
22849,4672.46,6090392.670000001,68.52986964345796,13.260572987721691
23295,4670.63,6095063.300000001,68.58242416373207,13.287858117326056
22636,4656.3,6099719.600000001,68.63481744103134,13.315143246930422
21756,4644.530000000001,6104364.130000001,68.68707828080002,13.342428376534787
22998,4641.32,6109005.450000001,68.73930300124216,13.369713506139155
23314,4638.52,6113643.970000001,68.79149621572968,13.39699863574352
22488,4635.259999999999,6118279.23,68.84365274828433,13.424283765347885
23165,4617.9,6122897.130000001,68.89561394392044,13.451568894952251
21558,4609.5,6127506.630000001,68.94748062169272,13.478854024556616
23558,4604.2,6132110.830000001,68.99928766319377,13.506139154160982
22243,4595.099999999999,6136705.930000001,69.05099231034234,13.533424283765347
22848,4581.4,6141287.330000001,69.10254280335589,13.560709413369715
23234,4567.38,6145854.710000001,69.15393554155386,13.58799454297408
23159,4562.7300000000005,6150417.440000001,69.20527595736293,13.615279672578446
21390,4540.38,6154957.820000001,69.25636488814146,13.642564802182811
23286,4528.29,6159486.110000001,69.30731778070887,13.669849931787176
23569,4497.3,6163983.410000001,69.35792196987151,13.697135061391542
47599A,4481.62,6168465.030000001,69.40834972568837,13.724420190995906
22301,4478.34,6172943.370000001,69.45874057452983,13.751705320600271
22837,4474.55,6177417.920000001,69.50908877781129,13.77899045020464
82552,4456.57,6181874.490000001,69.55923466785569,13.806275579809006
23010,4444.75,6186319.240000001,69.60924755776313,13.83356070941337
21937,4430.5,6190749.740000001,69.65910010486586,13.860845839017735
21539,4414.8,6195164.540000001,69.70877599358025,13.8881309686221
22295,4390.469999999999,6199555.010000001,69.75817811805337,13.915416098226466
23285,4384.83,6203939.840000001,69.80751678053221,13.942701227830831
23176,4373.26,6208313.100000001,69.85672525590576,13.969986357435198
84050,4370.78,6212683.880000001,69.90590582600524,13.997271487039564
21932,4357.06,6217040.94,69.95493201692712,14.02455661664393
22938,4355.33,6221396.2700000005,70.00393874166993,14.051841746248295
23526,4346.82,6225743.090000001,70.05284971081497,14.07912687585266
23198,4341.19,6230084.280000001,70.101697330487,14.106412005457026
22689,4340.44,6234424.720000002,70.15053651106406,14.133697135061391
16014,4335.76,6238760.480000001,70.1993230316884,14.160982264665758
22142,4334.94,6243095.420000002,70.2481003255689,14.188267394270124
21498,4310.24,6247405.660000002,70.29659969192126,14.21555252387449
22606,4304.849999999999,6251710.510000002,70.34503840931099,14.242837653478855
23275,4291.17,6256001.680000002,70.3933231976082,14.27012278308322
21933,4289.26,6260290.940000001,70.44158649434354,14.297407912687584
21833,4278.12,6264569.060000001,70.48972444238805,14.32469304229195
23288,4261.889999999999,6268830.950000001,70.53767976841708,14.351978171896315
21428,4259.3,6273090.250000001,70.58560595143811,14.379263301500684
23503,4242.96,6277333.210000001,70.63334827470976,14.406548431105048
15056P,4242.26,6281575.470000001,70.68108272149274,14.433833560709413
23530,4241.25,6285816.720000001,70.72880580362784,14.461118690313779
22549,4235.59,6290052.3100000005,70.7764651987261,14.488403819918144
20974,4230.55,6294282.86,70.82406788310608,14.51568894952251
82551,4229.719999999999,6298512.58,70.87166122822094,14.542974079126875
20979,4227.26,6302739.84,70.91922689310425,14.570259208731242
23237,4208.05,6306947.89,70.9665764046347,14.597544338335608
22813,4203.33,6311151.22,71.01387280612738,14.624829467939973
22845,4201.74,6315352.96,71.0611513167387,14.652114597544339
23494,4194.900000000001,6319547.86,71.10835286280378,14.679399727148704
23389,4188.45,6323736.3100000005,71.15548183265197,14.70668485675307
23167,4184.179999999999,6327920.49,71.2025627559194,14.733969986357435
22082,4154.33,6332074.82,71.24930780320646,14.761255115961802
22626,4134.03,6336208.850000001,71.29582443232262,14.788540245566168
22417,4128.39,6340337.24,71.34227759944449,14.815825375170533
23404,4108.58,6344445.82,71.38850786193753,14.843110504774899
23205,4105.0199999999995,6348550.84,71.4346980668597,14.870395634379264
22942,4100.25,6352651.09,71.48083459913776,14.897680763983628
22898,4097.45,6356748.54,71.52693962546122,14.924965893587993
20975,4096.650000000001,6360845.19,71.57303565008338,14.952251023192359
84987,4075.7799999999997,6364920.970000001,71.61889684282244,14.979536152796728
23397,4069.9,6368990.870000001,71.66469187305682,15.006821282401091
23241,4060.0,6373050.870000001,71.71037550723742,15.034106412005457
21876,4049.61,6377100.480000001,71.75594223182216,15.061391541609822
22661,4011.19,6381111.670000002,71.8010766497012,15.088676671214188
21086,3999.09,6385110.760000002,71.84607491684781,15.115961800818553
22174,3997.91,6389108.670000002,71.89105990648498,15.143246930422919
22899,3984.78,6393093.450000002,71.93589715569931,15.170532060027286
20970,3979.88,6397073.330000002,71.98067926949308,15.197817189631651
23163,3949.7000000000003,6401023.030000002,72.02512179410468,15.225102319236017
22721,3942.82,6404965.850000002,72.06948690408494,15.252387448840382
23129,3933.1800000000003,6408899.030000002,72.11374354356435,15.279672578444748
22748,3916.9100000000003,6412815.940000002,72.15781711094326,15.306957708049113
22781,3909.1400000000003,6416725.080000002,72.20180324929811,15.334242837653477
22841,3887.53,6420612.610000002,72.24554622919615,15.361527967257846
23144,3879.9799999999996,6424492.590000003,72.28920425553804,15.388813096862211
23340,3879.45,6428372.040000003,72.3328563182528,15.416098226466577
23486,3879.15,6432251.190000003,72.37650500532956,15.443383356070942
23557,3867.85,6436119.040000003,72.42002654337522,15.470668485675306
21704,3856.3799999999997,6439975.420000003,72.46341901952826,15.497953615279672
72351B,3856.04,6443831.460000003,72.50680766995823,15.525238744884037
22061,3854.68,6447686.140000002,72.55018101749599,15.552523874488402
23255,3852.44,6451538.580000003,72.59352916027005,15.57980900409277
22772,3831.72,6455370.300000003,72.63664415898002,15.607094133697135
23306,3819.9399999999996,6459190.240000003,72.6796266076381,15.6343792633015
22956,3814.3700000000003,6463004.610000003,72.72254638195076,15.661664392905866
22550,3810.71,6466815.320000003,72.76542497347991,15.688949522510232
22117,3802.5,6470617.820000003,72.80821118504929,15.716234652114597
23012,3763.6400000000003,6474381.460000003,72.85056013897723,15.743519781718962
23050,3763.55,6478145.010000003,72.89290808021377,15.77080491132333
22489,3754.47,6481899.480000002,72.93515385214037,15.798090040927695
23193,3750.57,6485650.050000003,72.97735574077306,15.82537517053206
21154,3750.38,6489400.4300000025,73.01955549150169,15.852660300136426
23184,3749.5,6493149.9300000025,73.06174534035885,15.879945429740792
23130,3748.42,6496898.350000002,73.10392303691926,15.907230559345157
22493,3737.2799999999997,6500635.630000003,73.14597538478881,15.93451568894952
22951,3735.61,6504371.240000003,73.1880089416069,15.961800818553886
21257,3727.44,6508098.680000003,73.22995056855028,15.989085948158255
21874,3715.6099999999997,6511814.290000004,73.27175908283544,16.01637107776262
22274,3711.5000000000005,6515525.790000004,73.31352135088008,16.043656207366986
23309,3697.7000000000003,6519223.490000004,73.35512833957704,16.07094133697135
23351,3694.02,6522917.5100000035,73.3966939204479,16.098226466575717
22723,3686.1400000000003,6526603.650000003,73.43817083456082,16.125511596180083
22656,3685.0,6530288.650000003,73.47963492124937,16.152796725784448
22431,3682.7499999999995,6533971.400000003,73.52107369065295,16.180081855388813
23194,3679.67,6537651.070000003,73.56247780350648,16.20736698499318
23110,3673.7,6541324.770000003,73.60381474116393,16.234652114597544
22745,3673.15,6544997.920000004,73.64514549015173,16.26193724420191
72760B,3667.2299999999996,6548665.150000004,73.68640962654979,16.289222373806275
21098,3665.05,6552330.200000004,73.72764923331174,16.31650750341064
22980,3656.9399999999996,6555987.140000004,73.76879758532662,16.343792633015006
21892,3651.75,6559638.890000004,73.80988753880419,16.371077762619375
21749,3645.0000000000005,6563283.890000004,73.85090154042693,16.398362892223737
20677,3640.0800000000004,6566923.970000004,73.89186018158655,16.425648021828103
22649,3638.9,6570562.870000005,73.93280554523675,16.452933151432468
23131,3632.63,6574195.500000005,73.97368035805286,16.480218281036834
20682,3629.66,6577825.160000005,74.01452175205284,16.5075034106412
22236,3624.5999999999995,6581449.760000004,74.055306210292,16.534788540245565
23064,3617.6000000000004,6585067.360000004,74.09601190364464,16.56207366984993
22842,3609.8,6588677.160000004,74.13662983040943,16.5893587994543
22628,3607.3,6592284.460000004,74.17721962685762,16.616643929058664
23032,3606.8999999999996,6595891.360000004,74.21780492245516,16.64392905866303
23081,3606.39,6599497.750000004,74.25838447946809,16.671214188267395
85049A,3602.8,6603100.550000004,74.29892364134638,16.69849931787176
22053,3596.4199999999996,6606696.970000003,74.33939101465667,16.725784447476126
22350,3586.3199999999997,6610283.290000004,74.37974474148783,16.75306957708049
23049,3572.75,6613856.040000004,74.41994577696043,16.780354706684857
23092,3568.26,6617424.300000004,74.46009629038437,16.807639836289223
23299,3556.42,6620980.720000003,74.50011357862884,16.834924965893588
22854,3547.3,6624528.020000003,74.54002824747829,16.862210095497954
22896,3546.37,6628074.390000003,74.57993245184998,16.88949522510232
22596,3535.2,6631609.590000004,74.61971096996703,16.916780354706685
21260,3530.35,6635139.940000003,74.65943491526986,16.94406548431105
21746,3521.7000000000003,6638661.640000003,74.6990615296772,16.97135061391542
21527,3508.8,6642170.440000003,74.7385429916508,16.99863574351978
23497,3508.75,6645679.190000003,74.77802389101808,17.025920873124146
23127,3506.3900000000003,6649185.580000003,74.81747823536648,17.053206002728512
23089,3495.2699999999995,6652680.850000002,74.85680745606656,17.080491132332877
23191,3492.3499999999995,6656173.200000002,74.89610382055686,17.107776261937243
85049E,3492.2,6659665.400000002,74.93539849722815,17.13506139154161
22809,3476.36,6663141.760000003,74.97451494021338,17.162346521145974
84792,3470.5400000000004,6666612.300000003,75.01356589582154,17.189631650750343
22371,3468.63,6670080.9300000025,75.05259535986781,17.21691678035471
23111,3464.8,6673545.730000002,75.09158172826902,17.244201909959074
23349,3450.39,6676996.120000002,75.13040595352525,17.27148703956344
21531,3448.95,6680445.070000002,75.16921397571915,17.298772169167805
84508A,3445.5000000000005,6683890.570000002,75.2079831780761,17.32605729877217
22890,3445.4199999999996,6687335.990000002,75.24675148026292,17.353342428376532
23542,3442.68,6690778.670000002,75.28548895162272,17.3806275579809
21588,3442.5,6694221.170000002,75.32422439759974,17.407912687585267
22688,3442.04,6697663.210000002,75.3629546675985,17.435197817189632
23085,3437.7000000000003,6701100.910000002,75.40163610336762,17.462482946793997
23112,3437.3,6704538.210000002,75.44031303828608,17.489768076398363
23232,3436.92,6707975.130000002,75.47898569739641,17.51705320600273
21703,3431.35,6711406.480000001,75.51759568216133,17.544338335607094
22665,3422.0600000000004,6714828.540000001,75.5561011346697,17.57162346521146
23091,3419.5,6718248.040000001,75.59457778173389,17.598908594815825
22577,3415.8999999999996,6721663.940000001,75.63301392114214,17.62619372442019
21497,3409.0,6725072.940000001,75.67137242087652,17.653478854024556
21745,3400.94,6728473.880000002,75.70964022847016,17.68076398362892
22782,3399.95,6731873.830000002,75.74789689645843,17.708049113233287
22089,3395.55,6735269.380000002,75.78610405508942,17.735334242837652
21463,3393.4,6738662.780000002,75.82428702164815,17.762619372442018
21244,3359.47,6742022.250000002,75.86208820354979,17.789904502046387
22131,3358.72,6745380.970000002,75.89988094635646,17.817189631650752
22148,3355.35,6748736.320000001,75.93763576949631,17.844474761255118
23294,3336.94,6752073.260000002,75.97518344098464,17.871759890859483
23552,3336.7200000000003,6755409.980000001,76.0127286370051,17.89904502046385
21243,3329.0499999999997,6758739.030000001,76.05018752921418,17.92633015006821
22694,3328.8,6762067.830000001,76.0876436083916,17.953615279672576
22908,3326.39,6765394.220000001,76.12507256994382,17.980900409276945
23189,3319.35,6768713.57,76.16242231652444,18.00818553888131
23210,3311.5,6772025.07,76.19968373391089,18.035470668485676
23571,3300.8999999999996,6775325.970000001,76.23682587875493,18.06275579809004
23156,3297.2200000000003,6778623.19,76.27392661577288,18.090040927694407
22926,3295.7000000000003,6781918.890000001,76.31101024955835,18.117326057298772
23168,3284.42,6785203.3100000005,76.34796695935525,18.144611186903138
23536,3274.0299999999997,6788477.340000001,76.38480675955631,18.171896316507503
23009,3262.5499999999997,6791739.890000001,76.42151738534348,18.19918144611187
23332,3255.7499999999995,6794995.640000001,76.45815149666944,18.226466575716234
47567B,3248.07,6798243.710000001,76.49469919166279,18.2537517053206
21890,3247.16,6801490.870000001,76.53123664722088,18.281036834924965
22435,3245.79,6804736.660000001,76.56775868736547,18.30832196452933
22563,3244.6000000000004,6807981.260000001,76.60426733747934,18.335607094133696
22967,3224.65,6811205.910000001,76.64055150766666,18.36289222373806
22348,3221.79,6814427.700000001,76.67680349677175,18.39017735334243
21906,3220.81,6817648.510000001,76.71304445879272,18.417462482946796
22801,3212.1,6820860.61,76.74918741479063,18.44474761255116
23013,3211.09,6824071.7,76.78531900614061,18.472032742155527
23230,3196.5,6827268.2,76.82128642896285,18.499317871759892
22738,3193.03,6830461.23,76.85721480690562,18.526603001364254
23426,3186.78,6833648.010000001,76.89307285905686,18.55388813096862
20675,3178.65,6836826.660000001,76.92883943141847,18.58117326057299
22578,3164.0799999999995,6839990.740000001,76.96444206029486,18.608458390177354
23350,3154.4,6843145.1400000015,76.99993576858533,18.63574351978172
23388,3154.3500000000004,6846299.490000001,77.03542891426945,18.663028649386085
23239,3142.4,6849441.8900000015,77.07078759704015,18.69031377899045
22491,3120.64,6852562.530000001,77.10590143353507,18.717598908594816
22029,3120.14,6855682.670000001,77.14100964396664,18.74488403819918
23065,3102.8,6858785.470000001,77.17592274252219,18.772169167803547
22432,3092.7799999999997,6861878.250000001,77.21072309476877,18.799454297407912
23308,3091.61,6864969.860000001,77.24551028202715,18.826739427012278
22760,3089.85,6868059.710000001,77.28027766554264,18.854024556616643
85053,3087.5200000000004,6871147.23,77.31501883160304,18.88130968622101
23253,3082.1,6874229.33,77.34969901113703,18.908594815825374
23353,3068.8199999999997,6877298.15,77.38422976242919,18.93587994542974
23342,3051.5,6880349.65,77.41856562688781,18.963165075034105
22468,3032.39,6883382.04,77.45268646320625,18.990450204638474
22567,3017.5,6886399.54,77.48663975535895,19.01773533424284
22775,3017.37,6889416.91,77.52059158473517,19.045020463847205
82580,3016.9500000000003,6892433.86,77.55453868821822,19.07230559345157
22504,3012.4,6895446.260000001,77.58843459452503,19.099590723055933
22300,3011.64,6898457.9,77.62232194921557,19.126875852660298
22892,3000.35,6901458.25,77.6560822673963,19.154160982264663
22564,2999.19,6904457.44,77.68982953311011,19.181446111869032
22687,2991.7,6907449.140000001,77.72349252039535,19.208731241473398
23231,2986.5,6910435.640000001,77.75709699662204,19.236016371077763
22855,2982.02,6913417.66,77.79065106332135,19.26330150068213
16161P,2980.42,6916398.08,77.82418712661803,19.290586630286494
21135,2973.55,6919371.63,77.85764588780465,19.31787175989086
23346,2970.75,6922342.38,77.89107314303666,19.345156889495225
22669,2969.65,6925312.03,77.92448802092939,19.37244201909959
22812,2962.8199999999997,6928274.850000001,77.95782604679711,19.399727148703956
23323,2954.7000000000003,6931229.550000001,77.99107270539648,19.42701227830832
21385,2952.54,6934182.090000001,78.02429505940228,19.454297407912687
23014,2951.78,6937133.870000001,78.05750886179183,19.481582537517053
22962,2947.47,6940081.340000001,78.09067416751554,19.508867667121418
21974,2942.5099999999998,6943023.850000001,78.12378366269108,19.536152796725784
21868,2924.48,6945948.330000001,78.15669028202322,19.56343792633015
22180,2922.85,6948871.180000001,78.18957856038892,19.590723055934518
21429,2917.2,6951788.380000001,78.22240326423908,19.618008185538883
23035,2915.5899999999997,6954703.970000001,78.25520985216534,19.64529331514325
22244,2911.6499999999996,6957615.620000001,78.2879721067126,19.672578444747614
22311,2910.75,6960526.370000001,78.32072423434589,19.699863574351976
23461,2908.55,6963434.920000001,78.35345160730056,19.727148703956342
22212,2904.8700000000003,6966339.790000001,78.38613757242918,19.754433833560707
23242,2886.0800000000004,6969225.870000001,78.41861211009812,19.781718963165076
22065,2883.44,6972109.310000001,78.45105694215273,19.80900409276944
21716,2880.92,6974990.230000001,78.48347341884818,19.836289222373807
23390,2872.15,6977862.380000002,78.51579121439296,19.863574351978173
21561,2868.7799999999997,6980731.160000002,78.54807109027094,19.890859481582538
21658,2862.2200000000003,6983593.380000002,78.58027715219814,19.918144611186904
23393,2861.25,6986454.630000002,78.61247229956247,19.94542974079127
22460,2855.59,6989310.220000002,78.64460375989,19.972714870395635
22195,2836.9199999999996,6992147.1400000015,78.67652514301305,20.0
37370,2829.28,6994976.420000002,78.70836055988853,20.027285129604365
22465,2828.0799999999995,6997804.500000002,78.74018247421205,20.05457025920873
21935,2824.37,7000628.870000002,78.7719626431457,20.081855388813096
21238,2822.41,7003451.280000002,78.80372075791114,20.109140518417462
22894,2821.95,7006273.230000002,78.83547369669832,20.136425648021827
85132C,2817.7999999999997,7009091.030000002,78.86717993915991,20.163710777626193
22219,2814.37,7011905.400000002,78.8988475868271,20.190995907230562
21918,2814.2799999999997,7014719.6800000025,78.93051422180291,20.218281036834927
22800,2813.38,7017533.060000002,78.96217072986474,20.245566166439293
22079,2808.89,7020341.950000002,78.9937767158779,20.272851296043655
84692,2808.57,7023150.520000002,79.02537910121058,20.30013642564802
23182,2807.6899999999996,7025958.210000003,79.05697158467177,20.327421555252386
21499,2798.0,7028756.210000003,79.08845503502579,20.35470668485675
23329,2794.6499999999996,7031550.860000003,79.11990079075555,20.38199181446112
23056,2789.66,7034340.520000003,79.15129039837335,20.409276944065486
22972,2785.7599999999998,7037126.280000003,79.18263612269722,20.43656207366985
22810,2768.48,7039894.7600000035,79.21378741027266,20.463847203274216
23290,2757.15,7042651.910000004,79.24481121125321,20.491132332878582
23345,2754.5,7045406.410000004,79.27580519409815,20.518417462482947
22331,2750.96,7048157.370000004,79.30675934441476,20.545702592087313
23354,2750.93,7050908.300000004,79.33771315716757,20.57298772169168
22823,2745.0,7053653.300000004,79.36860024480937,20.600272851296044
22778,2743.75,7056397.050000004,79.39947326729286,20.62755798090041
23051,2741.35,7059138.400000003,79.43031928467241,20.654843110504775
79000,2741.2,7061879.600000003,79.46116361423296,20.68212824010914
21715,2736.75,7064616.350000003,79.49195787182994,20.709413369713506
47599B,2728.94,7067345.290000004,79.52266425031782,20.73669849931787
72807C,2727.97,7070073.2600000035,79.55335971424286,20.763983628922237
21381,2726.31,7072799.570000003,79.58403649963766,20.791268758526606
22746,2724.6200000000003,7075524.190000003,79.61469426893842,20.81855388813097
22965,2722.2200000000003,7078246.410000003,79.64532503313524,20.845839017735337
23190,2691.14,7080937.550000003,79.67560608123591,20.8731241473397
22843,2685.13,7083622.6800000025,79.70581950405546,20.900409276944064
22739,2676.39,7086299.070000002,79.7359345832881,20.92769440654843
21201,2672.25,7088971.320000002,79.76600307871645,20.954979536152795
22990,2670.54,7091641.860000002,79.79605233300823,20.98226466575716
23147,2669.95,7094311.810000002,79.8260949485453,21.00954979536153
20754,2668.38,7096980.190000002,79.85611989824352,21.036834924965895
22702,2661.8999999999996,7099642.090000003,79.8860719341611,21.06412005457026
22045,2652.34,7102294.4300000025,79.91591639974793,21.091405184174626
22604,2642.86,7104937.290000003,79.94565419517417,21.11869031377899
85178,2640.94,7107578.230000003,79.97537038651726,21.145975443383357
23427,2635.9,7110214.130000004,80.00502986714204,21.173260572987722
23211,2631.5,7112845.630000004,80.03463983840959,21.200545702592088
22430,2621.85,7115467.480000003,80.064141226655,21.227830832196453
22830,2610.29,7118077.770000003,80.0935125403164,21.25511596180082
22222,2599.2,7120676.970000003,80.12275906789328,21.282401091405184
22777,2598.4500000000003,7123275.420000004,80.1519971563752,21.30968622100955
21500,2593.0,7125868.420000004,80.1811739207669,21.336971350613915
21563,2591.02,7128459.440000003,80.21032840594783,21.36425648021828
23053,2589.9,7131049.340000004,80.23947028874693,21.39154160982265
22078,2584.8,7133634.140000003,80.26855478570012,21.418826739427015
23164,2579.21,7136213.350000003,80.29757638326538,21.446111869031377
22700,2578.78,7138792.130000004,80.32659314241617,21.473396998635742
22906,2578.6499999999996,7141370.780000004,80.35560843879051,21.500682128240108
23212,2577.63,7143948.410000004,80.38461225799566,21.527967257844473
21115,2567.61,7146516.020000004,80.41350333089183,21.55525238744884
22187,2562.27,7149078.290000004,80.4423343174317,21.582537517053204
23100,2562.1,7151640.390000003,80.47116339111004,21.609822646657573
23395,2555.73,7154196.120000004,80.49992078874166,21.63710777626194
21735,2551.95,7156748.070000004,80.52863565333456,21.664392905866304
21112,2551.83,7159299.900000004,80.55734916767227,21.69167803547067
20973,2545.3,7161845.200000004,80.58598920562297,21.718963165075035
21985,2542.17,7164387.370000004,80.61459402441727,21.7462482946794
72802C,2541.12,7166928.490000004,80.64318702847861,21.773533424283762
23266,2529.64,7169458.130000004,80.67165085812603,21.80081855388813
20829,2528.3900000000003,7171986.520000003,80.70010062261515,21.828103683492497
23146,2526.02,7174512.540000003,80.72852371956414,21.855388813096862
22072,2519.19,7177031.730000003,80.75686996448813,21.882673942701228
22930,2513.12,7179544.850000003,80.78514790900338,21.909959072305593
23489,2512.44,7182057.290000004,80.81341820207253,21.93724420190996
22925,2511.7200000000003,7184569.0100000035,80.84168039361047,21.964529331514324
22833,2503.5299999999997,7187072.540000004,80.8698504302312,21.991814461118693
22354,2502.82,7189575.360000004,80.898012477842,22.01909959072306
23333,2498.65,7192074.010000004,80.92612760408471,22.04638472032742
22582,2496.7599999999998,7194570.770000004,80.95422146380804,22.073669849931786
21976,2496.08,7197066.850000004,80.98230767208526,22.10095497953615
20828,2489.1,7199555.950000004,81.01031534051847,22.128240109140517
22433,2487.5299999999997,7202043.480000004,81.03830534311287,22.155525238744882
23292,2486.37,7204529.850000004,81.06628229324036,22.182810368349248
21240,2484.53,7207014.380000005,81.09423853945482,22.210095497953617
23196,2479.0,7209493.380000005,81.12213256140893,22.237380627557982
85184C,2466.63,7211960.010000004,81.14988739455644,22.264665757162348
22797,2459.04,7214419.0500000045,81.17755682406272,22.291950886766713
20717,2453.38,7216872.430000004,81.20516256653217,22.31923601637108
22963,2451.16,7219323.5900000045,81.23274332928047,22.346521145975444
22974,2443.14,7221766.730000004,81.26023384997306,22.373806275579806
22360,2438.2000000000003,7224204.930000004,81.28766878516004,22.401091405184175
23681,2432.55,7226637.480000004,81.31504014583146,22.42837653478854
23407,2426.72,7229064.200000004,81.34234590660455,22.455661664392906
22937,2420.0899999999997,7231484.290000004,81.36957706577797,22.48294679399727
47559B,2412.92,7233897.210000004,81.39672754720335,22.510231923601637
21810,2402.12,7236299.330000004,81.42375650566096,22.537517053206003
22822,2396.71,7238696.040000004,81.45072459011341,22.564802182810368
23264,2396.7,7241092.740000004,81.4776925620446,22.592087312414737
22945,2395.93,7243488.670000004,81.50465186983827,22.6193724420191
72351A,2384.76,7245873.430000003,81.53148549137731,22.646657571623464
22175,2379.05,7248252.480000003,81.5582548632732,22.67394270122783
22794,2373.0,7250625.480000003,81.58495615980289,22.701227830832195
21411,2371.2599999999998,7252996.740000003,81.61163787763222,22.72851296043656
21903,2356.38,7255353.120000003,81.63815216381705,22.755798090040926
21495,2356.0,7257709.120000003,81.66466217419378,22.78308321964529
21116,2339.19,7260048.310000003,81.6909830363216,22.81036834924966
16156S,2331.0,7262379.310000003,81.71721174353218,22.837653478854026
22327,2325.9500000000003,7264705.2600000035,81.74338362750319,22.86493860845839
21730,2319.19,7267024.450000004,81.7694794470981,22.892223738062757
23341,2317.1,7269341.550000004,81.79555174974831,22.919508867667123
22644,2315.73,7271657.280000004,81.821608636985,22.946793997271484
22610,2313.74,7273971.020000004,81.8476431324897,22.97407912687585
23437,2302.25,7276273.270000004,81.87354834105922,23.00136425648022
23570,2295.0,7278568.270000004,81.89937197171056,23.028649386084584
22774,2292.27,7280860.540000004,81.92516488405617,23.05593451568895
22902,2289.78,7283150.320000004,81.95092977860642,23.083219645293315
21110,2288.3,7285438.620000004,81.97667802000925,23.11050477489768
22927,2278.25,7287716.870000004,82.00231317753928,23.137789904502046
23396,2278.23,7289995.100000004,82.02794811002678,23.165075034106412
22933,2272.2000000000003,7292267.3000000045,82.0535151921906,23.192360163710777
23412,2269.14,7294536.440000004,82.0790478428469,23.219645293315143
22380,2266.35,7296802.790000004,82.10454910006985,23.246930422919508
22437,2261.65,7299064.440000004,82.12999747229756,23.274215552523874
22691,2260.69,7301325.130000005,82.15543504248372,23.30150068212824
22215,2254.5,7303579.630000005,82.18080296200591,23.328785811732605
23436,2251.65,7305831.280000005,82.20613881296718,23.35607094133697
35004B,2251.15,7308082.430000005,82.23146903786512,23.383356070941336
21875,2249.56,7310331.990000005,82.25678137188169,23.410641200545705
46000S,2248.95,7312580.940000005,82.28208684210102,23.43792633015007
23048,2248.1400000000003,7314829.080000005,82.30738319809775,23.465211459754435
23400,2247.36,7317076.440000005,82.33267077743571,23.4924965893588
22440,2244.06,7319320.500000005,82.35792122475574,23.519781718963166
22645,2243.94,7321564.440000005,82.38317032182056,23.54706684856753
20983,2240.31,7323804.750000005,82.40837857366566,23.574351978171894
22426,2228.05,7326032.8000000045,82.43344887443808,23.601637107776263
22672,2227.62,7328260.420000005,82.45851433679606,23.62892223738063
22773,2227.52,7330487.940000004,82.48357867394137,23.656207366984994
85062,2214.87,7332702.810000004,82.50850067168462,23.68349249658936
23316,2212.25,7334915.060000004,82.53339318885604,23.710777626193725
21107,2209.95,7337125.010000004,82.5582598261362,23.73806275579809
23498,2200.15,7339325.160000005,82.58301619257522,23.765347885402456
23079,2198.6,7341523.760000004,82.60775511821794,23.79263301500682
84509A,2194.64,7343718.400000004,82.63244948543914,23.819918144611187
22670,2192.74,7345911.140000004,82.65712247361972,23.847203274215552
23054,2189.7,7348100.8400000045,82.6817612553353,23.874488403819917
22329,2181.2999999999997,7350282.140000004,82.70630551918705,23.901773533424283
23330,2181.19,7352463.330000005,82.73084854530488,23.92905866302865
22939,2178.58,7354641.910000005,82.75536220337216,23.956343792633014
21811,2176.58,7356818.490000005,82.77985335718616,23.98362892223738
84832,2176.1,7358994.5900000045,82.80433910997935,24.01091405184175
22660,2157.33,7361151.920000005,82.82861366035542,24.038199181446114
22704,2157.0,7363308.920000005,82.85288449752967,24.06548431105048
23401,2155.51,7365464.430000004,82.87713856903525,24.092769440654845
23265,2153.71,7367618.140000004,82.90137238671285,24.120054570259207
23252,2153.34,7369771.480000004,82.9256020411036,24.147339699863572
21896,2152.2000000000003,7371923.680000004,82.94981886806997,24.174624829467938
23406,2148.54,7374072.220000004,82.97399451225283,24.201909959072307
23360,2148.2999999999997,7376220.520000004,82.99816745592527,24.229195088676672
22241,2147.78,7378368.3000000045,83.02233454849188,24.256480218281038
22476,2145.8199999999997,7380514.120000005,83.04647958689026,24.283765347885403
23438,2143.5,7382657.620000005,83.0705985203548,24.31105047748977
22851,2141.43,7384799.0500000045,83.0946941619172,24.338335607094134
21452,2140.15,7386939.200000005,83.1187754007575,24.3656207366985
21592,2135.32,7389074.520000005,83.14280229182611,24.392905866302865
22064,2132.7,7391207.220000005,83.16679970232289,24.42019099590723
23445,2131.0099999999998,7393338.230000005,83.19077809672565,24.447476125511596
21109,2129.4,7395467.6300000055,83.2147383752045,24.47476125511596
35961,2127.39,7397595.020000005,83.2386760369088,24.502046384720327
23093,2122.67,7399717.690000005,83.26256058857533,24.529331514324692
22030,2120.55,7401838.240000005,83.28642128573337,24.556616643929058
21625,2112.3900000000003,7403950.630000005,83.31019016553799,24.583901773533423
23233,2105.5,7406056.130000005,83.33388151819001,24.611186903137792
23501,2103.3,7408159.430000004,83.35754811616341,24.638472032742158
21313,2097.71,7410257.140000004,83.38115181474888,24.665757162346523
22548,2095.46,7412352.600000004,83.4047301960494,24.69304229195089
23020,2092.0,7414444.600000004,83.4282696449917,24.72032742155525
23046,2091.55,7416536.150000004,83.45180403047704,24.747612551159616
84568,2088.0,7418624.150000004,83.47529847091276,24.77489768076398
22425,2086.11,7420710.260000004,83.49877164482913,24.80218281036835
23128,2085.13,7422795.390000004,83.52223379166139,24.829467939972716
22378,2082.06,7424877.450000004,83.54566139446484,24.85675306957708
21934,2081.2,7426958.650000004,83.5690793204394,24.884038199181447
23029,2080.2,7429038.850000004,83.59248599428729,24.911323328785812
22737,2073.74,7431112.5900000045,83.61581997939706,24.938608458390178
23504,2073.73,7433186.320000005,83.63915385198557,24.965893587994543
22762,2070.95,7435257.270000005,83.66245644366201,24.99317871759891
21609,2069.2,7437326.470000005,83.68573934411681,25.020463847203274
22983,2067.75,7439394.220000005,83.70900592898796,25.04774897680764
85175,2065.22,7441459.440000005,83.7322440459787,25.075034106412
21794,2064.4700000000003,7443523.910000005,83.75547372387447,25.102319236016374
22441,2061.0,7445584.910000005,83.77866435689077,25.12960436562074
21239,2049.7,7447634.610000005,83.801727840876,25.156889495225105
21069,2047.8000000000002,7449682.410000005,83.82476994582058,25.18417462482947
22829,2046.85,7451729.260000004,83.84780136124485,25.211459754433836
22283,2043.04,7453772.3000000045,83.8707899060666,25.2387448840382
22128,2042.69,7455814.990000005,83.89377451264403,25.266030013642567
84596B,2040.19,7457855.180000005,83.91673098890486,25.29331514324693
22573,2036.56,7459891.740000005,83.93964661994593,25.320600272851294
37448,2035.55,7461927.290000005,83.9625508863391,25.34788540245566
22070,2030.68,7463957.970000004,83.98540035487552,25.375170532060025
22483,2029.9800000000002,7465987.950000005,84.00824194692329,25.40245566166439
22653,2020.71,7468008.660000005,84.03097923175706,25.429740791268756
22743,2018.8100000000002,7470027.470000004,84.05369513755018,25.45702592087312
20978,2009.43,7472036.900000004,84.07630549839537,25.484311050477487
22196,2008.6299999999999,7474045.530000004,84.09890685753926,25.51159618008186
22075,2004.9199999999998,7476050.450000004,84.12146647129329,25.538881309686225
22959,2003.92,7478054.370000004,84.14401483292066,25.566166439290587
21980,2002.7299999999998,7480057.100000004,84.16654980451735,25.593451568894952
23326,1999.5900000000001,7482056.690000004,84.18904944443635,25.620736698499318
23152,1998.51,7484055.200000004,84.21153693205858,25.648021828103683
22920,1997.7500000000002,7486052.950000004,84.23401586806456,25.67530695770805
21781,1997.55,7488050.500000004,84.2564925536452,25.702592087312414
82581,1997.13,7490047.630000004,84.27896451333267,25.72987721691678
21982,1995.05,7492042.680000003,84.3014130685967,25.757162346521145
23028,1990.2899999999997,7494032.970000003,84.3238080637379,25.78444747612551
22811,1987.9299999999998,7496020.900000003,84.34617650386022,25.811732605729876
23031,1987.7999999999997,7498008.700000003,84.36854348120607,25.83901773533424
85038,1985.8600000000001,7499994.560000003,84.39088862942624,25.866302864938607
84950,1983.17,7501977.730000003,84.41320350942573,25.893587994542973
23302,1980.7099999999998,7503958.440000003,84.43549070919367,25.92087312414734
23403,1980.31,7505938.750000003,84.45777340811095,25.948158253751707
23268,1980.1799999999998,7507918.9300000025,84.48005464425177,25.975443383356073
22914,1974.69,7509893.620000003,84.5022741062173,26.002728512960438
22185,1974.1999999999998,7511867.820000003,84.52448805464078,26.030013642564803
21878,1972.8999999999999,7513840.720000003,84.54668737529964,26.05729877216917
21078,1972.73,7515813.450000004,84.56888478309695,26.084583901773534
37500,1972.46,7517785.910000004,84.59107915282006,26.1118690313779
22224,1970.65,7519756.560000004,84.61325315619396,26.139154160982265
20977,1969.43,7521725.990000004,84.63541343197333,26.16643929058663
23424,1966.95,7523692.940000004,84.65754580247862,26.193724420190996
85174,1965.8700000000001,7525658.810000004,84.67966602068716,26.22100954979536
23490,1965.63,7527624.440000004,84.70178353838527,26.248294679399724
22935,1964.25,7529588.690000004,84.72388552814863,26.27557980900409
23066,1963.65,7531552.3400000045,84.74598076663601,26.302864938608455
23352,1961.01,7533513.350000004,84.76804629950904,26.330150068212827
22059,1960.47,7535473.820000004,84.79010575623367,26.357435197817193
22831,1960.2000000000003,7537434.020000004,84.81216217488411,26.384720327421558
21900,1959.13,7539393.150000004,84.83420655375905,26.412005457025924
23251,1955.45,7541348.600000004,84.85620952480792,26.43929058663029
11001,1953.0,7543301.600000004,84.87818492814651,26.46657571623465
23529,1952.3100000000002,7545253.910000004,84.90015256751772,26.493860845839016
22932,1950.9,7547204.810000004,84.92210434139037,26.521145975443382
23197,1950.74,7549155.5500000045,84.94405431492275,26.548431105047747
23227,1947.06,7551102.610000004,84.96596288062906,26.575716234652113
23374,1944.08,7553046.690000004,84.98783791499798,26.603001364256478
22863,1942.45,7554989.140000004,85.00969460840047,26.630286493860844
22824,1938.2500000000002,7556927.390000004,85.03150404287105,26.65757162346521
21033,1932.67,7558860.060000004,85.05325069047494,26.684856753069575
22732,1930.38,7560790.440000004,85.07497157070881,26.712141882673947
22478,1929.35,7562719.790000004,85.09668086125224,26.73942701227831
23500,1928.8,7564648.590000004,85.118383963126,26.766712141882675
21993,1927.3500000000001,7566575.940000003,85.14007074941614,26.79399727148704
23068,1927.2500000000002,7568503.190000003,85.16175641049361,26.821282401091405
22121,1924.94,7570428.130000004,85.18341607915855,26.84856753069577
22509,1923.85,7572351.980000003,85.20506348300542,26.875852660300136
23213,1921.94,7574273.920000004,85.2266893952904,26.903137789904502
23145,1919.3399999999997,7576193.2600000035,85.24828605204611,26.930422919508867
85049G,1917.58,7578110.840000004,85.26986290505893,26.957708049113233
20751,1917.0600000000002,7580027.900000003,85.29143390696589,26.9849931787176
22973,1914.5799999999997,7581942.480000003,85.31297700359876,27.012278308321964
22955,1912.3400000000001,7583854.820000003,85.33449489546796,27.03956343792633
23075,1910.5500000000002,7585765.370000003,85.35599264603044,27.066848567530695
22805,1906.68,7587672.050000003,85.37744685086281,27.09413369713506
23161,1896.6000000000001,7589568.650000002,85.3987876342586,27.12141882673943
21506,1895.76,7591464.410000002,85.42011896586801,27.148703956343795
23235,1895.66,7593360.070000002,85.44144917226475,27.17598908594816
23315,1894.7,7595254.770000002,85.46276857661992,27.203274215552526
16169E,1892.46,7597147.230000002,85.4840627762114,27.23055934515689
22744,1892.14,7599039.370000002,85.50535337512235,27.257844474761256
22592,1886.08,7600925.450000002,85.52657578614583,27.285129604365622
35004C,1882.65,7602808.100000002,85.54775960237492,27.312414733969987
22733,1882.31,7604690.410000002,85.56893959288094,27.339699863574353
84880,1881.15,7606571.560000002,85.59010653092007,27.36698499317872
23291,1880.14,7608451.700000002,85.61126210431127,27.394270122783084
22080,1877.55,7610329.250000002,85.63238853469446,27.421555252387446
22996,1875.12,7612204.370000002,85.65348762240991,27.44884038199181
21249,1874.4,7614078.770000002,85.67457860859417,27.476125511596177
22931,1873.51,7615952.280000002,85.69565958038572,27.503410641200542
40016,1870.7,7617822.980000002,85.7167089337014,27.530695770804915
23274,1870.1099999999997,7619693.090000003,85.73775164826235,27.55798090040928
22374,1870.0900000000001,7621563.1800000025,85.75879413778077,27.585266030013646
22792,1867.9099999999999,7623431.090000003,85.7798120976631,27.61255115961801
23491,1864.5,7625295.590000003,85.80079168779358,27.639836289222373
21556,1859.3999999999999,7627154.990000003,85.82171389207815,27.66712141882674
22763,1855.6999999999998,7629010.690000003,85.84259446349415,27.694406548431104
23289,1854.8500000000001,7630865.540000003,85.86346547060248,27.72169167803547
22574,1851.99,7632717.530000003,85.88430429662863,27.748976807639835
22897,1847.76,7634565.290000003,85.90509552615904,27.7762619372442
20992,1845.87,7636411.160000003,85.92586548917012,27.803547066848566
23094,1837.5,7638248.660000003,85.94654127188116,27.83083219645293
23359,1834.8,7640083.460000003,85.96718667385026,27.858117326057297
37450,1832.15,7641915.610000003,85.98780225768375,27.885402455661662
23357,1832.0,7643747.610000003,86.00841615369825,27.91268758526603
47504K,1825.99,7645573.600000003,86.02896242443161,27.939972714870397
22601,1824.87,7647398.470000003,86.04949609278312,27.967257844474762
22859,1822.7999999999997,7649221.270000003,86.07000646923247,27.994542974079128
22571,1807.6,7651028.870000003,86.09034581335682,28.021828103683493
22736,1807.31,7652836.1800000025,86.11068189436443,28.04911323328786
23367,1803.3000000000002,7654639.480000002,86.1309728543442,28.076398362892224
21042,1796.9,7656436.380000003,86.15119180071343,28.10368349249659
22747,1794.6000000000001,7658230.980000002,86.17138486719138,28.130968622100955
84968A,1787.85,7660018.830000002,86.19150198181448,28.15825375170532
22807,1786.1900000000003,7661805.020000002,86.21160041790733,28.185538881309686
10135,1784.19,7663589.210000003,86.23167634974692,28.21282401091405
22536,1780.92,7665370.130000003,86.25171548713236,28.240109140518417
22412,1778.4,7667148.530000003,86.27172626915866,28.267394270122782
23525,1777.89,7668926.420000003,86.29173131260038,28.294679399727148
23371,1775.22,7670701.640000002,86.31170631286393,28.321964529331517
21916,1771.12,7672472.760000003,86.33163517940825,28.349249658935882
23005,1767.72,7674240.480000002,86.35152578872197,28.376534788540248
22477,1765.6,7676006.080000002,86.37139254352721,28.403819918144613
37446,1764.8999999999999,7677770.980000002,86.39125142184379,28.43110504774898
22291,1761.7499999999998,7679532.730000002,86.41107485596144,28.458390177353344
51014A,1758.8899999999999,7681291.620000002,86.43086610899688,28.48567530695771
21622,1755.3000000000002,7683046.920000002,86.45061696689767,28.512960436562075
23148,1752.35,7684799.270000001,86.47033463102485,28.54024556616644
72802B,1749.94,7686549.210000002,86.49002517752682,28.567530695770806
21873,1748.59,7688297.800000002,86.5097005336578,28.594815825375168
21584,1743.35,7690041.150000001,86.52931692864517,28.622100954979533
22710,1742.5,7691783.650000001,86.54892375932491,28.6493860845839
21034,1740.3999999999999,7693524.050000002,86.56850696053867,28.676671214188264
22534,1735.5,7695259.550000002,86.58803502633188,28.70395634379263
22593,1735.27,7696994.820000001,86.60756050413595,28.731241473397002
21990,1734.6,7698729.420000001,86.62707844301517,28.758526603001368
22788,1734.05,7700463.470000001,86.64659019322475,28.785811732605733
15044D,1732.79,7702196.260000001,86.66608776575474,28.813096862210095
22639,1730.82,7703927.080000001,86.68556317159525,28.84038199181446
23228,1726.3,7705653.380000001,86.70498771782331,28.867667121418826
22588,1724.42,7707377.800000001,86.72439111005329,28.89495225102319
22186,1723.79,7709101.590000001,86.74378741344347,28.922237380627557
23090,1722.79,7710824.380000001,86.76317246470701,28.949522510231922
21845,1720.3000000000002,7712544.680000001,86.78252949817521,28.976807639836288
22803,1715.9,7714260.580000001,86.80183702228618,29.004092769440653
22858,1713.8999999999999,7715974.480000001,86.82112204214384,29.03137789904502
22562,1710.42,7717684.900000001,86.84036790460078,29.058663028649384
22986,1710.42,7719395.320000001,86.85961376705772,29.08594815825375
22115,1706.8100000000002,7721102.130000001,86.87881900933746,29.113233287858115
20982,1705.6599999999999,7722807.790000001,86.89801131167157,29.140518417462484
22712,1701.21,7724509.000000001,86.9171535420421,29.16780354706685
22119,1699.66,7726208.660000001,86.93627833161634,29.195088676671215
21471,1695.15,7727903.810000001,86.9553523740994,29.22237380627558
23244,1692.9099999999999,7729596.720000002,86.97440121181877,29.249658935879946
22027,1692.71,7731289.430000002,86.99344779911283,29.27694406548431
21586,1691.25,7732980.680000002,87.01247795830197,29.304229195088677
16161U,1687.5,7734668.180000002,87.0314659220162,29.331514324693043
21564,1686.5200000000002,7736354.700000001,87.05044285864629,29.358799454297408
23358,1686.15,7738040.8500000015,87.06941563198956,29.386084583901773
23073,1681.5,7739722.3500000015,87.08833608294391,29.41336971350614
21041,1678.5500000000002,7741400.900000001,87.10722334012465,29.440654843110504
21114,1674.03,7743074.930000002,87.12605973769297,29.46793997271487
21989,1672.6899999999998,7744747.620000002,87.14488105741157,29.495225102319232
23155,1669.3799999999999,7746417.000000002,87.16366513259098,29.522510231923604
22579,1664.2899999999997,7748081.290000002,87.18239193444576,29.54979536152797
21988,1663.3,7749744.590000002,87.20110759669517,29.577080491132335
51008,1662.95,7751407.540000002,87.21981932070024,29.6043656207367
22055,1661.78,7753069.320000002,87.23851787971715,29.631650750341066
21870,1658.89,7754728.210000002,87.25718392008804,29.65893587994543
70006,1656.05,7756384.260000002,87.27581800441926,29.686221009549797
23160,1651.8,7758036.060000001,87.29440426721224,29.713506139154163
21917,1651.14,7759687.200000001,87.31298310360164,29.740791268758528
23057,1646.14,7761333.340000001,87.3315056793578,29.76807639836289
22602,1645.7199999999998,7762979.0600000005,87.35002352922076,29.795361527967255
22414,1645.67,7764624.73,87.36854081647742,29.82264665757162
22832,1645.45,7766270.180000001,87.3870556282662,29.849931787175986
23370,1643.8600000000001,7767914.040000001,87.40555254917362,29.877216916780352
47570B,1642.68,7769556.720000001,87.42403619257159,29.904502046384717
21992,1640.29,7771197.010000001,87.44249294338688,29.93178717598909
21056,1640.1799999999998,7772837.19,87.46094845646823,29.959072305593455
21068,1637.71,7774474.9,87.47937617679679,29.986357435197817
20674,1632.81,7776107.71,87.49774876170477,30.013642564802183
21899,1629.8200000000002,7777737.53,87.51608770275408,30.040927694406548
22544,1627.04,7779364.57,87.53439536289132,30.068212824010914
23214,1624.83,7780989.4,87.55267815582867,30.09549795361528
23434,1624.5,7782613.9,87.57095723556422,30.122783083219645
21245,1618.03,7784231.930000001,87.58916351404041,30.15006821282401
21494,1617.23,7785849.160000001,87.60736079081525,30.177353342428376
23270,1612.85,7787462.010000001,87.62550878327538,30.20463847203274
21718,1612.42,7789074.430000001,87.64365193732107,30.231923601637106
23096,1606.7299999999998,7790681.160000001,87.66173106676615,30.259208731241472
22651,1602.7199999999998,7792283.880000001,87.67976507518335,30.286493860845837
85061W,1594.5,7793878.380000001,87.69770659111956,30.313778990450203
85035C,1592.7,7795471.080000001,87.7156278532278,30.341064120054572
85015,1590.1200000000001,7797061.200000001,87.73352008484927,30.368349249658937
22156,1586.4599999999998,7798647.660000001,87.75137113368726,30.395634379263303
21439,1574.98,7800222.6400000015,87.76909300811133,30.42291950886767
22789,1574.6399999999999,7801797.280000001,87.78681105681234,30.450204638472034
20981,1571.6499999999999,7803368.930000002,87.8044954616547,30.4774897680764
84356,1570.15,7804939.080000002,87.82216298830707,30.504774897680765
23101,1569.62,7806508.700000002,87.83982455133234,30.53206002728513
23217,1567.0,7808075.700000002,87.85745663378577,30.559345156889496
21534,1563.75,7809639.450000002,87.87505214682763,30.58663028649386
46000M,1562.4,7811201.850000002,87.8926324694985,30.613915416098227
22110,1562.06,7812763.910000002,87.91020896644632,30.641200545702592
22332,1561.05,7814324.960000002,87.92777409874621,30.668485675306954
22305,1559.44,7815884.400000002,87.94532111512223,30.69577080491132
85034C,1555.64,7817440.040000002,87.96282537341698,30.723055934515692
84596F,1553.25,7818993.290000002,87.98030273912904,30.750341064120057
22037,1552.96,7820546.250000002,87.9977768417244,30.777626193724423
23122,1552.6499999999999,7822098.900000002,88.01524745616048,30.80491132332879
23317,1547.95,7823646.850000002,88.03266518560133,30.832196452933154
37495,1547.4,7825194.250000003,88.05007672637252,30.85948158253752
23280,1546.08,7826740.330000003,88.06747341433655,30.886766712141885
23399,1539.6299999999999,7828279.960000003,88.08479752608372,30.91405184174625
21394,1538.62,7829818.580000003,88.10211027318296,30.941336971350612
22928,1535.5700000000002,7831354.150000003,88.11938870129595,30.968622100954978
23273,1533.84,7832887.990000003,88.13664766322982,30.995907230559343
21207,1532.2499999999998,7834420.240000003,88.15388873428233,31.02319236016371
22674,1531.71,7835951.950000003,88.17112372918646,31.050477489768074
22828,1530.0,7837481.950000003,88.18833948295402,31.07776261937244
22428,1528.73,7839010.680000003,88.20554094652076,31.105047748976805
22398,1528.29,7840538.970000003,88.22273745915174,31.132332878581177
22934,1527.2,7842066.170000004,88.23992170696471,31.15961800818554
23483,1526.62,7843592.790000004,88.25709942854421,31.186903137789905
23372,1520.22,7845113.0100000035,88.27420513651317,31.21418826739427
21544,1519.85,7846632.860000003,88.29130668119528,31.241473396998636
22292,1515.6499999999999,7848148.5100000035,88.30836096694549,31.268758526603
22479,1513.1,7849661.610000003,88.32538655977274,31.296043656207367
22434,1511.48,7851173.090000004,88.34239392415483,31.323328785811732
22377,1510.89,7852683.980000003,88.3593946497822,31.350613915416098
21981,1508.87,7854192.850000003,88.37637264611374,31.377899045020463
22852,1507.92,7855700.770000003,88.39333995292498,31.40518417462483
22361,1507.3500000000001,7857208.120000003,88.41030084602401,31.432469304229194
21967,1504.9799999999998,7858713.100000003,88.42723507158291,31.45975443383356
22891,1502.01,7860215.110000003,88.44413587832567,31.487039563437925
22165,1490.65,7861705.7600000035,88.46090886090974,31.51432469304229
22220,1489.55,7863195.310000003,88.47766946615448,31.54160982264666
22799,1489.3,7864684.610000003,88.49442725836758,31.568894952251025
22985,1487.0,7866171.610000003,88.51115917068938,31.59618008185539
23181,1484.25,7867655.860000003,88.52786013966292,31.623465211459756
22313,1482.89,7869138.750000003,88.5445458057442,31.65075034106412
15060B,1482.87,7870621.620000003,88.56123124678297,31.678035470668487
23462,1482.1499999999999,7872103.770000003,88.57790858629056,31.705320600272852
22594,1480.06,7873583.830000003,88.59456240885343,31.732605729877218
22913,1479.69,7875063.520000003,88.61121206812948,31.759890859481583
23226,1478.59,7876542.110000003,88.62784935006619,31.78717598908595
23394,1470.0,7878012.110000003,88.64438997623503,31.814461118690314
85049C,1468.85,7879480.960000003,88.66091766245822,31.841746248294676
22671,1463.6599999999999,7880944.620000003,88.67738695014413,31.86903137789904
18097C,1461.15,7882405.770000003,88.69382799499215,31.896316507503407
84818,1460.81,7883866.580000003,88.7102652141171,31.923601637107772
22154,1455.84,7885322.420000003,88.72664651017263,31.950886766712145
23391,1454.0,7886776.420000003,88.74300710231515,31.97817189631651
21591,1451.39,7888227.810000002,88.7593383264071,32.005457025920876
85206A,1446.8999999999999,7889674.710000003,88.77561902845044,32.03274215552524
21206,1446.6,7891121.310000002,88.79189635485577,32.06002728512961
23287,1445.5,7892566.810000002,88.80816130392178,32.08731241473397
21626,1444.95,7894011.760000003,88.82442006431816,32.11459754433834
21509,1444.75,7895456.510000003,88.84067657428919,32.1418826739427
22312,1443.1900000000003,7896899.700000003,88.85691553094266,32.16916780354707
22284,1442.1,7898341.800000003,88.87314222277809,32.196452933151434
23524,1441.98,7899783.780000003,88.88936756435831,32.2237380627558
72807B,1435.0,7901218.780000003,88.90551436609456,32.251023192360165
22314,1431.14,7902649.920000003,88.92161773462195,32.27830832196453
22530,1430.7,7904080.620000003,88.93771615221362,32.305593451568896
21713,1429.2,7905509.820000003,88.95379769161532,32.33287858117326
22095,1427.59,7906937.410000003,88.96986111509312,32.36016371077763
23267,1427.34,7908364.750000003,88.98592172553926,32.38744884038199
22282,1425.27,7909790.020000002,89.00195904408324,32.41473396998636
21898,1423.03,7911213.050000003,89.01797115786354,32.44201909959072
22364,1421.1200000000001,7912634.170000003,89.03396178008195,32.46930422919509
22176,1420.4,7914054.570000003,89.04994430076917,32.496589358799454
22675,1420.14,7915474.710000003,89.06592389590345,32.52387448840382
22085,1415.65,7916890.360000003,89.08185296898911,32.551159618008185
22526,1406.4,7918296.7600000035,89.0976779599033,32.57844474761255
22975,1405.97,7919702.730000003,89.11349811240302,32.605729877216916
22816,1405.08,7921107.810000003,89.12930825051004,32.63301500682128
72807A,1402.03,7922509.840000004,89.14508406963078,32.66030013642565
20963,1397.99,7923907.830000004,89.16081443015989,32.68758526603001
20668,1397.04,7925304.870000004,89.17653410116866,32.71487039563438
22853,1396.95,7926701.820000004,89.19225275948605,32.74215552523875
23368,1396.4,7928098.220000004,89.20796522913378,32.769440654843116
23527,1394.97,7929493.190000004,89.2236616082404,32.796725784447474
21192,1390.1999999999998,7930883.390000004,89.23930431470293,32.82401091405184
21792,1388.65,7932272.040000005,89.25492958036916,32.851296043656205
23528,1381.38,7933653.420000005,89.27047304307467,32.87858117326057
22285,1374.4499999999998,7935027.870000005,89.28593852854254,32.905866302864936
22458,1371.4299999999998,7936399.3000000045,89.30137003258793,32.9331514324693
22198,1370.4499999999998,7937769.750000005,89.31679050954921,32.96043656207367
23086,1367.79,7939137.540000005,89.33218105585361,32.98772169167803
21872,1365.73,7940503.270000005,89.34754842277712,33.0150068212824
84971S,1365.5,7941868.770000005,89.3629132017115,33.042291950886764
23546,1365.0,7943233.770000005,89.37827235458258,33.06957708049113
23348,1363.16,7944596.930000005,89.39361080354061,33.096862210095495
22047,1363.0,7945959.930000005,89.40894745215839,33.12414733969986
22731,1361.95,7947321.8800000055,89.42427228604318,33.15143246930423
22436,1359.65,7948681.530000006,89.43957124003668,33.1787175989086
22445,1359.3500000000001,7950040.8800000055,89.4548668183922,33.20600272851296
23250,1358.59,7951399.470000005,89.47015384513146,33.23328785811733
85034B,1357.44,7952756.910000006,89.48542793192509,33.260572987721694
22498,1356.6000000000001,7954113.510000005,89.50069256693232,33.28785811732606
22949,1355.75,7955469.260000005,89.51594763763191,33.315143246930425
23104,1355.5,7956824.760000005,89.53119989529984,33.34242837653479
21055,1350.24,7958175.000000006,89.54639296678162,33.369713506139156
21714,1348.75,7959523.750000006,89.56156927259468,33.39699863574352
23414,1348.01,7960871.760000005,89.57673725183403,33.42428376534789
22531,1347.66,7962219.4200000055,89.59190129282906,33.45156889495225
22583,1346.3999999999999,7963565.820000006,89.60705115614452,33.47885402455661
23334,1345.5,7964911.320000006,89.622190892546,33.50613915416098
85040A,1344.8899999999999,7966256.210000006,89.63732376515023,33.53342428376534
21537,1337.5,7967593.710000006,89.65237348453853,33.560709413369715
22358,1335.38,7968929.090000005,89.66739934941835,33.58799454297408
84032B,1333.15,7970262.240000006,89.68240012205577,33.615279672578446
22357,1332.6,7971594.840000005,89.6973947060235,33.64256480218281
22199,1327.25,7972922.090000005,89.7123290911137,33.669849931787176
22714,1324.8899999999999,7974246.980000005,89.72723692118501,33.69713506139154
23470,1323.4,7975570.3800000055,89.74212798558762,33.72442019099591
85232B,1321.6499999999999,7976892.030000006,89.75699935876861,33.75170532060027
21519,1320.9,7978212.930000006,89.7718622928546,33.77899045020464
23040,1318.5,7979531.430000006,89.78669822183664,33.806275579809004
23034,1314.95,7980846.380000006,89.8014942057691,33.83356070941337
72349B,1314.78,7982161.160000007,89.81628827684004,33.860845839017735
23271,1314.33,7983475.490000007,89.83107728445397,33.8881309686221
21578,1311.75,7984787.240000007,89.84583726158117,33.915416098226466
90057,1311.3600000000001,7986098.600000007,89.86059285037896,33.94270122783084
21829,1310.25,7987408.850000007,89.8753359493162,33.969986357435204
22399,1309.9,7988718.750000007,89.8900751100091,33.99727148703956
22818,1309.32,7990028.070000008,89.90480774446853,34.02455661664393
21507,1308.96,7991337.030000008,89.91953632816238,34.05184174624829
22982,1307.05,7992644.0800000075,89.93424342029434,34.07912687585266
22696,1303.4599999999998,7993947.5400000075,89.94891011729163,34.106412005457024
22076,1302.7199999999998,7995250.260000007,89.96356848771522,34.13369713506139
20961,1301.86,7996552.120000008,89.97821718130989,34.160982264665755
22600,1301.84,7997853.960000007,89.99286564986203,34.18826739427012
22676,1301.14,7999155.100000007,90.0075062419255,34.215552523874486
21705,1299.2099999999998,8000454.310000007,90.02212511738455,34.24283765347885
21832,1296.83,8001751.140000007,90.0367172127822,34.27012278308322
22071,1295.04,8003046.180000007,90.05128916687313,34.29740791268758
22306,1290.5700000000002,8004336.750000007,90.06581082395797,34.32469304229195
21111,1290.3,8005627.050000007,90.08032944296862,34.35197817189632
84510A,1289.34,8006916.390000007,90.09483725993769,34.379263301500686
22713,1286.92,8008203.310000007,90.10931784676026,34.40654843110505
23055,1286.72,8009490.030000007,90.12379618315751,34.43383356070942
22948,1284.86,8010774.890000007,90.13825359059922,34.46111869031378
21039,1284.6599999999999,8012059.550000007,90.15270874761558,34.48840381991815
22976,1282.34,8013341.890000007,90.16713779969812,34.51568894952251
35953,1281.1599999999999,8014623.050000007,90.18155357427123,34.54297407912688
22503,1279.2,8015902.250000007,90.19594729467612,34.570259208731244
21818,1279.04,8017181.2900000075,90.21033921474073,34.59754433833561
22227,1276.8500000000001,8018458.140000007,90.22470649264798,34.624829467939975
23119,1275.71,8019733.850000007,90.23906094313088,34.65211459754434
23000,1274.76,8021008.610000007,90.25340470409346,34.6793997271487
23249,1274.6999999999998,8022283.310000007,90.26774778992844,34.706684856753064
23538,1273.92,8023557.230000007,90.28208209910463,34.73396998635743
21200,1272.8999999999999,8024830.130000007,90.29640493111164,34.7612551159618
72802A,1271.67,8026101.800000007,90.31071392300288,34.78854024556617
21470,1271.13,8027372.930000007,90.32501683874573,34.81582537517053
23378,1270.59,8028643.520000007,90.33931367834018,34.8431105047749
21686,1268.3500000000001,8029911.870000007,90.35358531317095,34.870395634379264
84969,1267.99,8031179.860000007,90.36785289723615,34.89768076398363
22716,1267.23,8032447.090000007,90.38211192968508,34.924965893587995
35924,1262.1,8033709.190000007,90.39631323872432,34.95225102319236
22130,1260.53,8034969.720000007,90.41049688192474,34.979536152796726
84580,1256.3,8036226.020000007,90.42463292862944,35.00682128240109
23469,1255.7600000000002,8037481.780000007,90.43876289918575,35.03410641200546
21987,1254.74,8038736.520000007,90.45288139257288,35.06139154160982
21328,1253.9499999999998,8039990.470000007,90.46699099677996,35.08867667121419
22304,1252.76,8041243.230000007,90.48108721095633,35.11596180081855
47503A,1251.61,8042494.840000007,90.49517048518707,35.14324693042292
22461,1251.25,8043746.090000007,90.5092497086522,35.170532060027284
22591,1250.84,8044996.930000007,90.52332431874541,35.19781718963165
21897,1250.82,8046247.750000007,90.5373987037961,35.225102319236015
84795B,1249.65,8047497.400000008,90.55145992385862,35.25238744884038
21619,1247.5,8048744.900000008,90.56549695184883,35.279672578444746
22335,1246.3000000000002,8049991.200000008,90.57952047728708,35.30695770804911
22911,1243.99,8051235.190000008,90.59351801031276,35.33424283765348
84279P,1242.72,8052477.910000008,90.60750125313763,35.36152796725784
23373,1241.6599999999999,8053719.570000008,90.62147256870823,35.38881309686221
23221,1241.59,8054961.160000008,90.63544309662997,35.41609822646657
21793,1240.44,8056201.600000008,90.64940068460608,35.44338335607094
71038,1239.5,8057441.100000008,90.66334769558314,35.470668485675304
22473,1239.39,8058680.490000008,90.67729346882626,35.49795361527967
23505,1238.5,8059918.990000008,90.69122922767666,35.525238744884035
22742,1236.24,8061155.230000008,90.70513955672087,35.55252387448841
21577,1235.25,8062390.480000008,90.71903874615967,35.57980900409277
22419,1232.34,8063622.820000008,90.73290519190994,35.60709413369714
22299,1231.34,8064854.160000008,90.74676038553358,35.634379263301504
15044A,1230.5800000000002,8066084.740000008,90.76060702754096,35.66166439290587
22208,1229.12,8067313.860000008,90.77443724144342,35.688949522510235
85183B,1228.25,8068542.110000008,90.78825766599572,35.7162346521146
85054,1227.41,8069769.520000008,90.80206863876164,35.743519781718966
22922,1226.3999999999999,8070995.920000008,90.81586824687963,35.77080491132333
22472,1224.17,8072220.090000008,90.82964276275521,35.7980900409277
22363,1223.99,8073444.080000008,90.84341525324801,35.825375170532055
22770,1223.25,8074667.330000008,90.85717941716706,35.85266030013642
22912,1222.74,8075890.070000009,90.87093784250155,35.879945429740786
22905,1222.54,8077112.610000009,90.8846940174107,35.90723055934515
21422,1218.36,8078330.970000009,90.89840315843047,35.93451568894952
22576,1217.78,8079548.750000009,90.9121057732168,35.96180081855389
22449,1214.3300000000002,8080763.080000009,90.92576956816617,35.989085948158255
21123,1213.31,8081976.390000009,90.93942188594639,36.01637107776262
22475,1211.1000000000001,8083187.490000009,90.9530493365267,36.043656207366986
22200,1209.54,8084397.030000009,90.96665923378946,36.07094133697135
21528,1209.2,8085606.230000009,90.98026530532916,36.09822646657572
23366,1208.95,8086815.180000009,90.9938685638372,36.12551159618008
22443,1208.4,8088023.580000009,91.0074656336756,36.15279672578445
22609,1206.2,8089229.78000001,91.02103794883534,36.18008185538881
22278,1202.8500000000001,8090432.630000009,91.03457256937084,36.20736698499318
23138,1201.8999999999999,8091634.53000001,91.04809650038604,36.234652114597544
23444,1200.0,8092834.53000001,91.06159905236059,36.26193724420191
22929,1199.75,8094034.28000001,91.07509879130349,36.289222373806275
84968C,1198.5,8095232.78000001,91.08858446508809,36.31650750341064
22028,1198.45,8096431.23000001,91.10206957626635,36.343792633015006
21615,1193.75,8097624.98000001,91.11550180244936,36.37107776261937
22917,1191.15,8098816.13000001,91.12890477310312,36.39836289222374
21864,1190.3400000000001,8100006.47000001,91.14229862953428,36.4256480218281
84012,1190.0,8101196.47000001,91.15568866024239,36.45293315143247
21620,1188.75,8102385.22000001,91.16906462579219,36.480218281036834
84828,1187.41,8103572.63000001,91.18242551349228,36.5075034106412
21813,1187.1000000000001,8104759.73000001,91.19578291303311,36.534788540245565
21624,1184.8500000000001,8105944.580000009,91.20911499528897,36.56207366984993
22293,1184.6499999999999,8107129.23000001,91.22244482711953,36.589358799454295
23071,1180.1,8108309.330000009,91.23572346177384,36.61664392905866
22999,1178.34,8109487.670000009,91.24898229268527,36.643929058663026
22664,1178.18,8110665.850000009,91.26223932325641,36.67121418826739
22442,1177.8,8111843.650000009,91.27549207801944,36.69849931787176
23061,1177.46,8113021.110000009,91.28874100705941,36.72578444747612
23598,1175.0,8114196.110000009,91.30196225586783,36.753069577080495
22416,1174.8999999999999,8115371.010000009,91.3151823794636,36.78035470668486
22439,1172.9,8116543.910000009,91.32837999880607,36.807639836289226
22711,1171.34,8117715.250000009,91.34156006483096,36.83492496589359
22168,1171.3,8118886.550000009,91.3547396807708,36.86221009549796
51014C,1170.8999999999999,8120057.4500000095,91.36791479585999,36.88949522510232
22916,1168.4,8121225.85000001,91.38106178063255,36.91678035470669
21902,1168.2800000000002,8122394.13000001,91.39420741514992,36.944065484311054
23392,1165.28,8123559.41000001,91.40731929328734,36.97135061391542
20984,1161.1799999999998,8124720.59000001,91.42038503770551,36.998635743519785
22318,1161.0000000000002,8125881.59000001,91.43344875674092,37.02592087312414
20985,1155.88,8127037.47000001,91.44645486488787,37.05320600272851
22575,1154.25,8128191.72000001,91.4594426320684,37.080491132332874
21382,1151.8,8129343.52000001,91.47240283153864,37.10777626193724
23523,1151.43,8130494.9500000095,91.48535886772203,37.135061391541605
22613,1150.3799999999999,8131645.330000009,91.49830308917244,37.16234652114598
22708,1149.5,8132794.830000009,91.5112374087514,37.18963165075034
84536A,1147.0,8133941.830000009,91.52414359801375,37.21691678035471
84813,1146.97,8135088.800000009,91.5370494497123,37.244201909959074
21211,1143.35,8136232.150000009,91.54991456871238,37.27148703956344
21913,1142.53,8137374.680000009,91.56277046096864,37.298772169167805
21742,1142.4,8138517.080000009,91.57562489044842,37.32605729877217
37342,1142.29,8139659.370000009,91.58847808219427,37.353342428376536
21901,1140.26,8140799.630000009,91.60130843212303,37.3806275579809
10133,1138.99,8141938.620000009,91.61412449185094,37.40791268758527
23142,1137.65,8143076.27000001,91.62692547372917,37.43519781718963
23067,1137.1000000000001,8144213.370000009,91.63972026693773,37.462482946794
85159B,1134.5,8145347.870000009,91.652485804617,37.48976807639836
15039,1132.3,8146480.170000009,91.66522658761767,37.51705320600273
22977,1131.21,8147611.380000009,91.67795510580028,37.544338335607094
21986,1129.79,8148741.170000009,91.69066764596306,37.57162346521146
23539,1129.71,8149870.880000009,91.7033792859557,37.598908594815825
21706,1129.63,8151000.510000009,91.71609002577823,37.62619372442019
23559,1129.28,8152129.790000009,91.72879682735643,37.653478854024556
21012,1129.1000000000001,8153258.890000009,91.74150160355181,37.68076398362892
23507,1128.18,8154387.070000009,91.7541960277907,37.70804911323329
23405,1128.05,8155515.1200000085,91.76688898925312,37.73533424283765
21361,1127.85,8156642.970000008,91.7795797002902,37.76261937244202
22944,1125.94,8157768.9100000085,91.7922489197654,37.78990450204638
22650,1122.95,8158891.860000009,91.80488449538193,37.81718963165075
21744,1122.19,8160014.050000009,91.8175115193822,37.844474761255114
22918,1119.15,8161133.2000000095,91.83010433691749,37.87175989085948
21352,1118.65,8162251.85000001,91.84269152838944,37.899045020463845
23431,1113.1299999999999,8163364.98000001,91.8552166081223,37.92633015006821
22060,1111.05,8164476.03000001,91.86771828343174,37.95361527967258
84032A,1107.0100000000002,8165583.040000009,91.88017450014954,37.98090040927695
22063,1106.5500000000002,8166689.590000009,91.89262554088907,38.008185538881314
23506,1106.28,8167795.870000009,91.90507354355442,38.03547066848568
37447,1104.8899999999999,8168900.760000009,91.91750590576373,38.062755798090045
22754,1104.74,8170005.500000009,91.92993658015405,38.09004092769441
15058A,1104.6,8171110.100000009,91.94236567924663,38.117326057298776
22915,1104.36,8172214.460000009,91.95479207782881,38.14461118690314
22494,1102.64,8173317.100000009,91.96719912275316,38.1718963165075
22334,1101.44,8174418.540000009,91.97959266512555,38.199181446111865
22320,1100.21,8175518.750000009,91.99197236738216,38.22646657571623
23072,1099.0,8176617.750000009,92.00433845456553,38.253751705320596
22735,1097.88,8177715.630000009,92.01669193936706,38.28103683492496
85227,1097.73,8178813.36000001,92.02904373634958,38.30832196452933
22452,1094.8000000000002,8179908.160000009,92.04136256460103,38.33560709413369
21395,1094.34,8181002.500000009,92.05367621687424,38.362892223738065
21616,1093.75,8182096.250000009,92.06598323039272,38.39017735334243
22471,1092.73,8183188.98000001,92.07827876674202,38.417462482946796
22677,1092.51,8184281.49000001,92.09057182762346,38.44474761255116
23225,1089.6,8185371.090000009,92.10283214481635,38.47203274215553
47480,1089.58,8186460.670000009,92.11509223696672,38.49931787175989
22603,1088.1299999999999,8187548.800000009,92.12733601353345,38.52660300136426
82578,1087.46,8188636.260000009,92.13957225117532,38.55388813096862
23041,1079.0,8189715.260000009,92.15171329582579,38.58117326057299
84884A,1076.66,8190791.920000009,92.1638280104999,38.608458390177354
21700,1076.1,8191868.020000009,92.17593642398307,38.63574351978172
23515,1075.3799999999999,8192943.400000009,92.18803673593507,38.663028649386085
21830,1073.47,8194016.8700000085,92.20011555632517,38.69031377899045
23513,1072.96,8195089.830000008,92.2121886381307,38.717598908594816
22919,1070.25,8196160.080000008,92.22423122667301,38.74488403819918
21820,1068.59,8197228.670000008,92.23625513668509,38.77216916780355
22073,1067.1,8198295.770000008,92.24826228102846,38.79945429740791
23418,1066.88,8199362.650000008,92.26026694990396,38.82673942701228
23269,1065.3999999999999,8200428.050000008,92.27225496563206,38.85402455661664
22984,1063.66,8201491.710000008,92.28422340265978,38.88130968622101
23375,1059.9399999999998,8202551.650000009,92.29614998177638,38.908594815825374
21070,1058.54,8203610.190000009,92.30806080791567,38.93587994542974
22921,1055.95,8204666.140000009,92.31994249104694,38.963165075034105
21819,1053.46,8205719.600000009,92.33179615638288,38.99045020463847
16016,1053.45,8206773.050000009,92.34364970919755,39.017735334242836
23369,1053.29,8207826.340000009,92.35550146167195,39.0450204638472
22167,1050.0,8208876.340000009,92.36731619464969,39.07230559345157
22539,1049.1499999999999,8209925.49000001,92.37912136331978,39.09959072305593
85132B,1048.35,8210973.840000009,92.39091753028855,39.1268758526603
23511,1046.42,8212020.260000009,92.4026919806529,39.15416098226466
23432,1045.1999999999998,8213065.460000009,92.41445270342274,39.181446111869036
22375,1043.3,8214108.760000009,92.42619204715196,39.2087312414734
22572,1039.24,8215148.000000009,92.43788570724699,39.23601637107777
22997,1038.9,8216186.90000001,92.44957554161898,39.26330150068213
22802,1035.75,8217222.65000001,92.46122993179202,39.2905866302865
84968E,1035.06,8218257.710000009,92.47287655799767,39.31787175989086
21464,1034.0,8219291.710000009,92.48451125694908,39.34515688949523
21812,1032.15,8220323.86000001,92.4961251394662,39.37244201909959
22923,1031.85,8221355.710000009,92.50773564634532,39.39972714870395
22066,1029.1399999999999,8222384.850000009,92.51931565996124,39.42701227830832
23402,1027.92,8223412.770000009,92.53088194598263,39.454297407912684
23516,1025.01,8224437.780000009,92.54241548831551,39.48158253751705
21363,1024.65,8225462.430000009,92.55394497988279,39.508867667121415
23545,1023.5,8226485.930000009,92.56546153150443,39.53615279672578
21071,1020.98,8227506.910000009,92.57694972776692,39.56343792633015
21693,1020.7000000000002,8228527.61000001,92.58843477343395,39.59072305593452
21179,1019.59,8229547.2000000095,92.5999073292404,39.61800818553888
23026,1016.97,8230564.170000009,92.61135040447503,39.64529331514325
22611,1016.85,8231581.020000009,92.62279212945447,39.672578444747614
23411,1016.5500000000001,8232597.570000009,92.63423047879591,39.69986357435198
23544,1015.78,8233613.350000009,92.64566016399985,39.727148703956345
84944,1014.7499999999999,8234628.100000009,92.65707825951334,39.75443383356071
85036C,1013.52,8235641.6200000085,92.66848251491105,39.781718963165076
23508,1013.0400000000001,8236654.6600000085,92.67988136928797,39.80900409276944
23327,1012.0200000000001,8237666.680000008,92.69126874649571,39.83628922237381
22755,1010.2299999999999,8238676.9100000085,92.70263598239677,39.86357435197817
22474,1009.0400000000001,8239685.950000009,92.7139898282671,39.89085948158254
82567,1007.21,8240693.1600000085,92.72532308274567,39.918144611186904
23460,1007.0799999999999,8241700.240000009,92.7366548744478,39.94542974079127
22402,1005.72,8242705.960000008,92.74797136325768,39.972714870395635
23433,1003.17,8243709.130000008,92.7592591591446,40.0
23347,999.75,8244708.880000008,92.77050847275841,40.027285129604365
21984,999.5999999999999,8245708.480000008,92.78175609855322,40.05457025920873
20665,998.2000000000002,8246706.680000008,92.79298797137072,40.081855388813096
22686,997.2,8247703.880000008,92.80420859206157,40.10914051841746
23087,997.1800000000001,8248701.060000008,92.81542898770991,40.13642564802183
22203,996.13,8249697.190000008,92.82663756862524,40.16371077762619
23376,995.4599999999999,8250692.650000008,92.83783861061575,40.19099590723056
23102,995.3299999999999,8251687.980000008,92.84903818982978,40.218281036834924
21809,993.66,8252681.640000008,92.86021897799232,40.24556616643929
23365,991.45,8253673.090000008,92.87137489895497,40.272851296043655
23452,990.9,8254663.990000009,92.88252463124795,40.30013642564802
22153,987.42,8255651.4100000085,92.89363520614022,40.327421555252386
22362,987.23,8256638.640000009,92.90474364312843,40.35470668485675
21466,982.49,8257621.130000009,92.91579874503634,40.381991814461124
22081,978.37,8258599.500000009,92.92680748818246,40.40927694406549
22608,977.89,8259577.390000009,92.9378108303078,40.436562073669855
23281,976.22,8260553.610000009,92.94879538138163,40.46384720327422
21329,975.0999999999999,8261528.710000008,92.95976733007362,40.491132332878585
22597,973.39,8262502.100000008,92.97072003762904,40.518417462482944
22152,967.13,8263469.230000008,92.98160230687166,40.54570259208731
21508,966.07,8264435.300000008,92.99247264886006,40.572987721691675
22245,965.26,8265400.560000008,93.00333387662586,40.60027285129604
21407,965.0,8266365.560000008,93.01419217883874,40.627557980900406
22221,964.4,8267329.960000008,93.02504372977563,40.65484311050477
22242,964.3499999999999,8268294.310000008,93.03589471810618,40.68212824010914
85132A,963.3499999999999,8269257.660000008,93.04673445431008,40.7094133697135
22924,963.3,8270220.960000007,93.05757362790766,40.73669849931787
22459,962.73,8271183.690000008,93.06840638779306,40.76398362892224
22107,962.48,8272146.170000008,93.0792363346468,40.791268758526606
72817,961.4,8273107.570000009,93.09005412920375,40.81855388813097
22614,960.6099999999999,8274068.180000009,93.10086303458066,40.84583901773534
20967,960.0,8275028.180000009,93.11166507616029,40.8731241473397
23121,958.3199999999999,8275986.500000009,93.12244821416719,40.90040927694407
22673,956.83,8276943.330000009,93.13321458650536,40.92769440654843
21355,955.4,8277898.73000001,93.14396486830245,40.9549795361528
23518,954.9300000000001,8278853.660000009,93.1547098616,40.982264665757164
84819,951.79,8279805.4500000095,93.16541952321988,41.00954979536153
84968F,951.3,8280756.750000009,93.17612367129772,41.036834924965895
79302M,950.45,8281707.2000000095,93.1868182550679,41.06412005457026
22757,949.21,8282656.410000009,93.19749888620105,41.091405184174626
22453,948.7500000000001,8283605.160000009,93.20817434135593,41.11869031377899
23088,947.18,8284552.340000009,93.21883213067198,41.14597544338336
23033,943.75,8285496.090000009,93.22945132519364,41.17326057298772
85199S,943.13,8286439.220000009,93.24006354339677,41.20054570259209
51014L,941.3399999999999,8287380.560000009,93.25065562029322,41.22783083219645
21469,941.21,8288321.770000009,93.26124623441319,41.25511596180082
22589,940.49,8289262.260000009,93.27182874700199,41.282401091405184
22678,939.93,8290202.190000009,93.28240495839985,41.30968622100955
22758,939.52,8291141.710000008,93.2929765564258,41.336971350613915
84459B,938.12,8292079.830000008,93.30353240147446,41.36425648021828
23533,936.34,8293016.170000008,93.31406821773767,41.391541609822646
21447,936.25,8293952.420000008,93.32460302130949,41.41882673942701
22372,935.33,8294887.750000008,93.33512747292478,41.44611186903138
22444,934.26,8295822.010000008,93.34563988476458,41.47339699863574
21788,933.53,8296755.540000008,93.35614408255192,41.50068212824011
22857,933.26,8297688.800000008,93.36664524226507,41.52796725784447
22995,932.88,8298621.680000008,93.37714212617009,41.55525238744884
23331,932.2800000000001,8299553.960000008,93.38763225879913,41.58253751705321
21688,932.2000000000002,8300486.1600000085,93.39812149125804,41.60982264665758
21717,931.95,8301418.110000009,93.40860791068528,41.63710777626194
22094,930.0400000000001,8302348.150000009,93.41907283855062,41.66439290586631
22680,929.97,8303278.1200000085,93.4295369787671,41.69167803547067
21198,929.9099999999999,8304208.030000009,93.440000443856,41.71896316507503
10125,929.45,8305137.480000009,93.45045873296662,41.7462482946794
22046,929.0,8306066.480000009,93.46091195862026,41.77353342428376
21043,927.9499999999999,8306994.430000009,93.47135336954092,41.80081855388813
22338,924.95,8307919.380000009,93.48176102408165,41.82810368349249
22155,924.42,8308843.800000009,93.49216271499526,41.85538881309686
22860,923.9999999999999,8309767.800000009,93.50255968001566,41.882673942701224
23153,923.63,8310691.430000009,93.51295248174921,41.90995907230559
23512,921.46,8311612.890000009,93.52332086636794,41.937244201909955
23107,919.8000000000001,8312532.690000009,93.53367057245644,41.96452933151432
22091,919.6700000000001,8313452.360000009,93.54401881576847,41.99181446111869
23566,919.52,8314371.880000008,93.55436537126151,42.01909959072306
22024,918.91,8315290.790000008,93.5647050629573,42.046384720327424
22540,915.78,8316206.570000009,93.57500953549668,42.07366984993179
72800E,913.74,8317120.310000009,93.58529105369772,42.100954979536155
21224,913.7,8318034.010000009,93.59557212181367,42.12824010914052
20956,913.63,8318947.640000009,93.60585240228077,42.155525238744886
85106,912.9599999999999,8319860.600000009,93.61612514382301,42.18281036834925
22315,912.27,8320772.8700000085,93.62639012139788,42.21009549795362
22098,910.08,8321682.950000009,93.63663045681537,42.23738062755798
23514,909.14,8322592.090000008,93.64686021523383,42.26466575716235
84313C,908.15,8323500.240000009,93.65707883404691,42.29195088676671
84459A,906.14,8324406.380000008,93.66727483608544,42.31923601637108
22223,902.85,8325309.230000008,93.67743381862729,42.346521145975444
23510,901.74,8326210.970000008,93.68758031130857,42.37380627557981
22808,899.8000000000002,8327110.770000008,93.69770497486417,42.401091405184175
23419,895.0400000000001,8328005.810000008,93.70777607829692,42.42837653478854
15058C,894.35,8328900.160000008,93.71783941776229,42.455661664392906
85114A,893.25,8329793.410000008,93.72789037988835,42.48294679399727
21679,891.2199999999999,8330684.630000007,93.73791850019732,42.51023192360164
23540,890.54,8331575.170000007,93.74793896906017,42.537517053206
84823,890.4000000000001,8332465.570000008,93.7579578626253,42.56480218281037
21327,887.6999999999999,8333353.270000008,93.76794637544849,42.59208731241473
21354,885.95,8334239.220000008,93.77791519705005,42.6193724420191
16237,885.45,8335124.670000008,93.78787839258827,42.646657571623464
22994,882.24,8336006.9100000085,93.79780546879996,42.67394270122783
21682,881.1600000000001,8336888.070000009,93.80772039271488,42.701227830832195
82599,879.1800000000001,8337767.250000008,93.81761303741905,42.72851296043656
17091J,876.34,8338643.590000008,93.82747372608353,42.755798090040926
21683,876.1500000000001,8339519.740000009,93.83733227684397,42.7830832196453
15058B,866.25,8340385.990000009,93.8470794315506,42.810368349249664
85064,866.05,8341252.040000008,93.8568243358319,42.83765347885403
15044B,865.6500000000001,8342117.690000009,93.86656473926254,42.86493860845839
84843,864.35,8342982.040000008,93.87629051492856,42.892223738062754
21389,862.75,8343844.790000008,93.88599828719192,42.91950886766712
23517,860.88,8344705.670000008,93.89568501797848,42.946793997271484
47504H,860.88,8345566.550000008,93.90537174876503,42.97407912687585
23002,860.4,8346426.950000009,93.91505307853079,43.001364256480215
21462,859.2,8347286.150000009,93.92472090574458,43.02864938608458
23099,858.9000000000001,8348145.050000009,93.93438535732037,43.055934515688946
84509G,856.25,8349001.300000009,93.94401999076055,43.08321964529331
22161,855.9200000000001,8349857.220000009,93.95365091099895,43.11050477489768
84558A,855.5000000000001,8350712.720000009,93.96327710534413,43.13778990450204
21557,854.0400000000001,8351566.760000009,93.97288687158442,43.16507503410641
23532,853.47,8352420.230000009,93.98249022411254,43.19236016371078
21058,853.2199999999999,8353273.450000009,93.99209076360897,43.219645293315146
20886,851.4,8354124.850000009,94.00167082423494,43.24693042291951
22695,850.87,8354975.720000009,94.01124492123375,43.27421555252388
21246,849.45,8355825.170000009,94.02080304021275,43.30150068212824
21617,848.0,8356673.170000009,94.0303448436081,43.32878581173261
21391,846.6,8357519.770000009,94.03987089402615,43.356070941336974
22706,845.0,8358364.770000009,94.04937894104157,43.38335607094134
85180A,844.34,8359209.110000009,94.0588795616534,43.410641200545705
22310,841.79,8360050.900000009,94.06835148934228,43.43792633015007
72816,841.56,8360892.460000008,94.07782082904205,43.465211459754435
85034A,840.29,8361732.750000008,94.08727587854096,43.4924965893588
23502,838.98,8362571.730000009,94.09671618775398,43.519781718963166
21188,838.5000000000001,8363410.230000009,94.1061510959462,43.547066848567525
23178,838.47,8364248.700000009,94.11558566657462,43.5743519781719
23179,837.88,8365086.580000008,94.12501359844832,43.60163710777626
22307,835.61,8365922.190000009,94.13441598799454,43.62892223738063
85232D,827.7,8366749.890000009,94.143729373219,43.656207366984994
21065,827.15,8367577.040000009,94.1530365697738,43.68349249658936
22500,826.5500000000001,8368403.590000009,94.16233701505261,43.710777626193725
21399,826.14,8369229.730000009,94.1716328469595,43.73806275579809
21821,825.45,8370055.180000009,94.18092091489899,43.765347885402456
22286,824.3699999999999,8370879.550000009,94.19019683054172,43.79263301500682
20686,822.38,8371701.930000009,94.19945035445242,43.81991814461119
22761,821.3,8372523.230000009,94.20869172606633,43.84720327421555
22231,821.13,8373344.360000009,94.21793118481872,43.87448840381992
22210,820.91,8374165.270000009,94.22716816810326,43.90177353342428
23338,820.32,8374985.590000009,94.23639851263307,43.92905866302865
23479,819.65,8375805.24000001,94.24562131823802,43.956343792633014
23186,819.4599999999999,8376624.7000000095,94.25484198593892,43.983628922237386
21695,817.1500000000001,8377441.85000001,94.26403666122727,44.01091405184175
21694,817.0500000000001,8378258.90000001,94.27323021130294,44.03819918144612
85035B,816.25,8379075.15000001,94.28241475967731,44.065484311050476
84968D,814.92,8379890.07000001,94.29158434272324,44.09276944065484
21467,813.67,8380703.74000001,94.30073986061085,44.12005457025921
47580,813.6099999999999,8381517.35000001,94.30989470337087,44.14733969986357
85185B,812.7,8382330.05000001,94.31903930669564,44.17462482946794
79191C,812.53,8383142.58000001,94.32818199715888,44.2019099590723
22376,812.19,8383954.770000011,94.33732086189906,44.22919508867667
23380,811.77,8384766.54000001,94.34645500074606,44.256480218281034
84849D,809.51,8385576.05000001,94.35556370978682,44.2837653478854
22679,809.32,8386385.37000001,94.36467028092353,44.311050477489765
22211,806.7299999999999,8387192.100000011,94.37374770905224,44.33833560709413
85183A,805.75,8387997.850000011,94.38281411009682,44.365620736698496
22093,804.8100000000001,8388802.660000011,94.39186993414236,44.39290586630287
37340,803.74,8389606.400000012,94.4009137184124,44.420190995907234
22438,801.45,8390407.85000001,94.4099317353124,44.4474761255116
21642,800.9499999999999,8391208.80000001,94.41894412614907,44.474761255115965
22209,798.67,8392007.47000001,94.427930862137,44.50204638472033
22785,797.44,8392804.91000001,94.43690375800917,44.529331514324696
23022,795.6800000000001,8393600.59000001,94.44585685013843,44.55661664392906
22421,794.78,8394395.370000008,94.4547998153537,44.58390177353343
20931,794.45,8395189.820000008,94.46373906736719,44.61118690313779
22123,793.5999999999999,8395983.420000007,94.472668755073,44.63847203274216
84796B,793.3499999999999,8396776.770000007,94.48159562974719,44.66575716234652
79160,792.54,8397569.310000006,94.49051339019879,44.69304229195089
21191,788.0400000000001,8398357.350000005,94.49938051608045,44.720327421555254
22705,787.5,8399144.850000005,94.50824156581376,44.74761255115961
22681,785.57,8399930.420000006,94.51708089894265,44.77489768076398
22129,785.4599999999999,8400715.880000006,94.52591899433762,44.80218281036835
22190,785.13,8401501.010000007,94.53475337653077,44.829467939972716
22262,785.12,8402286.130000006,94.54358764620264,44.85675306957708
20846,784.22,8403070.350000007,94.55241178896057,44.88403819918145
72818,782.77,8403853.120000007,94.56121961613484,44.91132332878581
21291,782.0,8404635.120000007,94.57001877917158,44.93860845839018
21262,781.7500000000001,8405416.870000007,94.57881512917668,44.96589358799454
21648,780.14,8406197.010000007,94.58759336325788,44.99317871759891
23004,779.9,8406976.910000008,94.59636889682868,45.020463847203274
15044C,779.45,8407756.360000007,94.60513936694248,45.04774897680764
85159A,779.4499999999999,8408535.810000006,94.61390983705627,45.075034106412005
23472,777.9,8409313.710000006,94.6226628663738,45.10231923601637
35648,774.76,8410088.470000006,94.63138056401364,45.129604365620736
23220,774.43,8410862.900000006,94.64009454845169,45.1568894952251
84596G,774.18,8411637.080000006,94.64880571985806,45.184174624829474
22682,773.11,8412410.190000005,94.65750485148892,45.21145975443383
22074,772.9399999999999,8413183.130000005,94.66620207025827,45.2387448840382
22132,772.91,8413956.040000005,94.67489895146382,45.26603001364256
23409,771.72,8414727.760000005,94.68358244263867,45.29331514324693
85059,771.21,8415498.970000006,94.69226019522893,45.320600272851294
23324,770.4000000000001,8416269.370000007,94.70092883359659,45.34788540245566
22270,770.22,8417039.590000007,94.70959544658147,45.375170532060025
21927,769.9,8417809.490000008,94.71825845888583,45.40245566166439
22342,769.65,8418579.140000008,94.72691865815851,45.429740791268756
23106,769.27,8419348.410000008,94.73557458162306,45.45702592087312
22546,767.41,8420115.820000008,94.74420957613206,45.48431105047749
22936,766.88,8420882.700000009,94.75283860701394,45.51159618008185
21199,766.56,8421649.26000001,94.7614640372153,45.53888130968622
22817,763.08,8422412.34000001,94.77005031001592,45.56616643929058
84535B,762.99,8423175.33000001,94.77863557012515,45.593451568894956
22537,762.72,8423938.05000001,94.78721779216018,45.62073669849932
23458,762.4499999999999,8424700.50000001,94.79579697612101,45.64802182810369
84660A,761.9,8425462.40000001,94.8043699714122,45.67530695770805
21631,761.85,8426224.25000001,94.81294240409704,45.70259208731242
22252,761.57,8426985.82000001,94.82151168618643,45.72987721691678
23550,761.0,8427746.82000001,94.83007455456364,45.75716234652115
17084R,760.3199999999999,8428507.14000001,94.83862977149472,45.784447476125514
22819,758.88,8429266.02000001,94.84716878536344,45.81173260572988
22522,757.89,8430023.910000011,94.85569665962677,45.839017735334245
23423,757.5,8430781.410000011,94.86422014556072,45.86630286493861
20752,756.0000000000001,8431537.410000011,94.87272675330469,45.89358799454297
21287,755.13,8432292.540000012,94.8812235716985,45.920873124147334
23519,755.01,8433047.550000012,94.88971903983709,45.9481582537517
23487,753.9999999999999,8433801.550000012,94.89820314332776,45.975443383356065
21504,753.12,8434554.670000011,94.90667734494698,46.00272851296044
21408,752.51,8435307.18000001,94.91514468276895,46.0300136425648
22497,752.25,8436059.43000001,94.92360909503802,46.05729877216917
23017,751.4000000000001,8436810.830000011,94.93206394299942,46.084583901773534
21743,750.7,8437561.53000001,94.94051091447217,46.1118690313779
22325,750.3000000000001,8438311.830000011,94.94895338509427,46.139154160982265
85194L,746.28,8439058.11000001,94.95735062216724,46.16643929058663
22343,744.3399999999999,8439802.45000001,94.96572603011452,46.193724420190996
21125,743.75,8440546.20000001,94.97409479930708,46.22100954979536
21359,743.7,8441289.90000001,94.98246300589331,46.24829467939973
23413,743.4000000000001,8442033.30000001,94.99082783684155,46.27557980900409
22118,742.63,8442775.93000001,94.99918400365229,46.30286493860846
22815,742.2,8443518.13000001,95.00753533204855,46.330150068212824
21947,741.48,8444259.61000001,95.01587855891363,46.35743519781719
22519,741.0000000000001,8445000.61000001,95.02421638475792,46.384720327421554
21064,740.15,8445740.760000011,95.03254464629457,46.41200545702592
84519A,739.1899999999999,8446479.95000001,95.04086210578963,46.439290586630285
20802,730.4399999999999,8447210.39000001,95.04908110917653,46.46657571623465
85114C,730.05,8447940.44000001,95.05729572423405,46.493860845839016
22277,728.62,8448669.06000001,95.06549424875047,46.52114597544338
22480,728.52,8449397.58000001,95.07369164805422,46.54843110504775
21465,727.46,8450125.04000001,95.08187712010374,46.57571623465211
21949,725.49,8450850.53000001,95.09004042546377,46.60300136425648
72799E,725.19,8451575.72000001,95.09820035518578,46.630286493860844
21294,722.88,8452298.60000001,95.10633429249526,46.65757162346521
23335,722.5600000000001,8453021.160000011,95.11446462912421,46.684856753069575
22524,721.0,8453742.160000011,95.1225774124356,46.71214188267394
22683,720.57,8454462.730000012,95.13068535733254,46.739427012278306
84609,720.0,8455182.730000012,95.13878688851727,46.76671214188267
22523,716.55,8455899.280000012,95.14684959986508,46.793997271487044
22566,716.28,8456615.560000012,95.15490927313868,46.82128240109141
22587,715.6999999999999,8457331.260000011,95.16296242017884,46.848567530695775
22102,715.05,8458046.310000012,95.17100825333668,46.87585266030014
72803A,714.0,8458760.310000012,95.17904227176155,46.903137789904505
22182,713.8000000000001,8459474.110000012,95.1870740397611,46.93042291950887
21983,712.7299999999999,8460186.840000013,95.19509376798511,46.957708049113236
22400,711.87,8460898.710000012,95.20310381938022,46.9849931787176
22565,711.6099999999999,8461610.320000011,95.2111109452224,47.01227830832197
84817,710.64,8462320.960000012,95.21910715650174,47.03956343792633
23006,709.62,8463030.580000011,95.22709189061189,47.0668485675307
37501,708.9000000000001,8463739.480000012,95.23506852319086,47.09413369713506
20801,708.16,8464447.640000012,95.24303682919611,47.12141882673942
21288,707.95,8465155.590000011,95.25100277225475,47.14870395634379
85130B,707.7,8465863.29000001,95.25896590228174,47.17598908594815
22309,706.8299999999999,8466570.12000001,95.26691924295856,47.203274215552526
84006,706.3499999999999,8467276.47000001,95.27486718261459,47.23055934515689
22254,706.02,8467982.49000001,95.28281140906881,47.25784447476126
21905,705.3100000000001,8468687.80000001,95.29074764651313,47.28512960436562
23123,705.25,8469393.05000001,95.29868320882984,47.31241473396999
22316,705.0500000000001,8470098.10000001,95.30661652072125,47.33969986357435
21090,704.26,8470802.36000001,95.31454094343258,47.36698499317872
22581,704.02,8471506.38000001,95.32246266563351,47.394270122783084
22099,703.57,8472209.95000001,95.33037932437747,47.42155525238745
23564,703.51,8472913.46000001,95.33829530799382,47.448840381991815
85116,702.8000000000001,8473616.260000011,95.34620330260026,47.47612551159618
85212,702.4699999999999,8474318.730000012,95.3541075840049,47.503410641200546
22025,702.0,8475020.730000012,95.36200657691002,47.53069577080491
23325,701.4,8475722.130000012,95.36989881853916,47.55798090040928
10002,699.55,8476421.680000013,95.37777024373399,47.58526603001364
21636,699.45,8477121.130000012,95.38564054371616,47.61255115961801
20966,698.25,8477819.380000012,95.39349734114636,47.63983628922237
79164,697.62,8478517.000000011,95.40134704973676,47.66712141882674
21824,697.61,8479214.61000001,95.40919664580589,47.694406548431104
15034,697.0600000000001,8479911.670000011,95.4170400532054,47.72169167803547
21162,695.23,8480606.900000012,95.42486286921313,47.748976807639835
23187,695.06,8481301.960000012,95.43268377235933,47.7762619372442
22103,694.29,8481996.250000011,95.440496011368,47.803547066848566
21773,693.52,8482689.77000001,95.44829958623914,47.83083219645293
21204,691.3499999999999,8483381.12000001,95.4560787439955,47.8581173260573
23183,690.71,8484071.830000011,95.4638507003908,47.88540245566166
23222,690.64,8484762.470000012,95.47162186913722,47.91268758526603
21530,690.12,8485452.590000011,95.47938718677779,47.93997271487039
35471D,690.0,8486142.590000011,95.48715115416316,47.96725784447476
21823,687.5899999999999,8486830.18000001,95.49488800392331,47.99454297407913
20733,687.2,8487517.38000001,95.50262046535407,48.0218281036835
22097,685.5500000000001,8488202.93000001,95.51033436077587,48.04911323328786
21158,684.9599999999999,8488887.890000012,95.51804161744296,48.07639836289223
84660B,684.65,8489572.540000012,95.52574538595078,48.10368349249659
23114,684.0000000000001,8490256.540000012,95.53344184057629,48.13096862210096
23115,684.0,8490940.540000012,95.54113829520178,48.158253751705324
21680,683.4,8491623.940000013,95.5488279985513,48.18553888130969
85032A,679.1500000000001,8492303.090000013,95.55646988036257,48.212824010914055
84763,679.01,8492982.100000013,95.5641101868761,48.24010914051841
23562,678.27,8493660.370000012,95.57174216681592,48.26739427012278
22685,678.15,8494338.520000013,95.57937279650055,48.294679399727144
21708,677.5,8495016.020000013,95.58699611230284,48.32196452933151
85035A,677.04,8495693.060000012,95.59461425212689,48.349249658935875
22586,676.5999999999999,8496369.660000011,95.6022274410152,48.37653478854024
47593B,676.39,8497046.050000012,95.60983826695694,48.40381991814461
20748,675.75,8497721.800000012,95.61744189153761,48.43110504774898
21991,675.53,8498397.330000011,95.62504304065041,48.458390177353344
22341,672.6499999999999,8499069.980000012,95.63261178363848,48.48567530695771
21789,672.5799999999999,8499742.560000012,95.64017973897771,48.512960436562075
85231B,672.06,8500414.620000012,95.64774184321107,48.54024556616644
85049D,671.25,8501085.870000012,95.65529483322183,48.567530695770806
23223,670.1099999999999,8501755.980000012,95.66283499580821,48.59481582537517
85039B,669.91,8502425.890000012,95.67037290796928,48.62210095497954
23025,669.61,8503095.500000011,95.67790744449235,48.6493860845839
21209,669.12,8503764.62000001,95.68543646747335,48.67667121418827
21880,668.94,8504433.56000001,95.69296346507156,48.70395634379263
35646,668.88,8505102.44000001,95.70048978754218,48.731241473397
22336,667.71,8505770.150000012,95.70800294502465,48.758526603001364
84279B,666.93,8506437.080000011,95.71550732584831,48.78581173260573
21866,666.71,8507103.790000012,95.72300923120412,48.813096862210095
22268,664.74,8507768.530000012,95.73048896987042,48.84038199181446
23568,664.52,8508433.050000012,95.73796623306886,48.867667121418826
22518,663.3000000000001,8509096.350000013,95.7454297686728,48.89495225102319
23024,662.0600000000001,8509758.410000013,95.7528793516397,48.92223738062756
23597,661.7,8510420.110000012,95.76032488384101,48.94952251023192
23547,661.5,8511081.610000012,95.76776816561699,48.97680763983629
23454,658.5500000000001,8511740.160000013,95.77517825361936,49.00409276944065
23140,658.5400000000001,8512398.700000012,95.78258822910045,49.03137789904502
23042,658.35,8513057.050000012,95.7899960666775,49.058663028649384
21804,656.7,8513713.750000011,95.79738533824556,49.08594815825375
21066,656.37,8514370.12000001,95.80477089661184,49.113233287858115
85032B,655.8000000000001,8515025.920000011,95.81215004126594,49.14051841746248
84536B,655.34,8515681.260000011,95.81952400994179,49.167803547066846
21677,655.0,8516336.260000011,95.82689415289455,49.19508867667121
22267,654.7,8516990.96000001,95.83426092020935,49.222373806275584
21351,654.55,8517645.510000011,95.84162599970514,49.24965893587995
22451,654.1500000000001,8518299.660000011,95.84898657835026,49.276944065484315
21272,653.8199999999999,8518953.480000012,95.8563434437936,49.30422919508868
23522,652.17,8519605.650000012,95.86368174322799,49.331514324693046
23482,651.15,8520256.800000012,95.87100856549318,49.35879945429741
22856,650.28,8520907.080000011,95.8783255984082,49.38608458390178
21696,649.0000000000001,8521556.080000011,95.8856282286011,49.41336971350614
23521,648.62,8522204.70000001,95.89292658298587,49.4406548431105
22057,648.18,8522852.88000001,95.90021998643493,49.467939972714866
20996,648.12,8523501.00000001,95.90751271475638,49.49522510231923
21774,647.03,8524148.030000009,95.9147931782598,49.5225102319236
22217,646.26,8524794.290000008,95.92206497762568,49.54979536152796
22276,645.15,8525439.440000009,95.92932428713101,49.57708049113233
23408,644.8000000000001,8526084.24000001,95.93657965839202,49.6043656207367
23120,644.58,8526728.82000001,95.94383255418515,49.631650750341066
22251,642.94,8527371.76000001,95.95106699649058,49.65893587994543
21398,642.75,8528014.51000001,95.95829930089195,49.6862210095498
22281,642.6,8528657.110000009,95.96552991747433,49.71350613915416
22026,642.24,8529299.350000009,95.9727564832911,49.74079126875853
85019B,640.5,8529939.850000009,95.97996347040754,49.76807639836289
84800L,639.36,8530579.210000008,95.98715763009957,49.79536152796726
22454,639.0,8531218.210000008,95.99434773902603,49.822646657571624
22718,636.48,8531854.690000009,96.00150949259334,49.84993178717599
23456,634.1,8532488.790000008,96.00864446609923,49.877216916780355
70007,632.76,8533121.550000008,96.0157643617554,49.90450204638472
21613,632.7500000000001,8533754.300000008,96.02288414489031,49.931787175989086
17021,632.34,8534386.640000008,96.02999931465331,49.95907230559345
35923,631.71,8535018.350000009,96.03710739557654,49.98635743519782
22101,631.62,8535649.970000008,96.04421446380833,50.01364256480218
85036A,631.03,8536281.000000007,96.05131489328541,50.04092769440655
22287,630.66,8536911.660000008,96.05841115947564,50.068212824010914
72232,630.23,8537541.890000008,96.06550258725143,50.09549795361528
22535,630.1800000000001,8538172.070000008,96.07259345242086,50.122783083219645
21786,629.89,8538801.960000008,96.07968105447358,50.150068212824
23551,629.4599999999999,8539431.42000001,96.08676381811185,50.177353342428376
23019,629.0500000000001,8540060.47000001,96.09384196837819,50.20463847203275
22814,628.74,8540689.21000001,96.10091663048526,50.23192360163711
85173,628.4699999999999,8541317.68000001,96.10798825451813,50.25920873124148
20704,626.45,8541944.13000001,96.11503714925517,50.28649386084584
22321,625.5999999999999,8542569.73000001,96.12207647968458,50.31377899045021
84665,624.75,8543194.48000001,96.12910624580634,50.34106412005457
85114B,624.4499999999999,8543818.930000009,96.1361326362901,50.36834924965894
79163,621.87,8544440.800000008,96.1431299962871,50.3956343792633
22618,621.66,8545062.460000008,96.15012499333751,50.42291950886767
23224,620.4499999999999,8545682.910000008,96.1571063753147,50.45020463847203
85135C,620.1,8546303.010000007,96.16408381904755,50.4774897680764
85071B,618.35,8546921.360000007,96.17104157155876,50.50477489768076
79066K,618.13,8547539.490000008,96.17799684860213,50.532060027285134
22615,617.8399999999999,8548157.330000008,96.18494886252876,50.55934515688949
84581,615.76,8548773.090000007,96.19187747203198,50.58663028649386
22715,615.24,8549388.330000008,96.19880023042934,50.61391541609823
22753,613.78,8550002.110000007,96.20570656072178,50.64120054570259
23216,613.51,8550615.620000007,96.21260985294003,50.66848567530696
22701,613.24,8551228.860000007,96.2195101070841,50.69577080491132
23282,612.7199999999999,8551841.580000008,96.22640451012232,50.72305593451569
22393,612.28,8552453.860000007,96.23329396222479,50.75034106412005
21424,612.05,8553065.910000008,96.24018082633816,50.77762619372442
23453,611.85,8553677.760000007,96.24706544002619,50.80491132332878
85141,611.65,8554289.410000008,96.2539478032889,50.832196452933154
22450,610.6500000000001,8554900.060000008,96.26081891442495,50.85948158253751
23492,610.5,8555510.560000008,96.267688337742,50.886766712141885
23070,610.0500000000001,8556120.610000009,96.27455269760208,50.91405184174624
21054,608.5999999999999,8556729.210000008,96.28140074187851,50.941336971350616
21195,607.86,8557337.070000008,96.28824045958122,50.968622100954974
22481,607.74,8557944.810000008,96.29507882702873,50.99590723055935
79030G,607.74,8558552.550000008,96.30191719447625,51.02319236016372
21769,607.6500000000001,8559160.200000009,96.30875454923238,51.05047748976808
23435,606.28,8559766.480000008,96.31557648857498,51.07776261937245
22533,605.52,8560372.000000007,96.32238987630134,51.10504774897681
21628,605.4499999999999,8560977.450000007,96.32920247637882,51.132332878581174
21894,604.48,8561581.930000007,96.33600416189348,51.15961800818554
21126,604.19,8562186.120000007,96.3428025842914,51.186903137789905
22981,601.9499999999999,8562788.070000006,96.34957580192564,51.21418826739427
21707,601.22,8563389.290000007,96.35634080550743,51.241473396998636
21163,599.79,8563989.080000006,96.3630897185481,51.268758526602994
85177,599.76,8564588.840000005,96.36983829402497,51.29604365620737
22062,599.74,8565188.580000006,96.37658664445934,51.323328785811725
22520,599.25,8565787.830000006,96.38332948135164,51.3506139154161
85199L,598.37,8566386.200000005,96.39006241637247,51.377899045020456
22228,597.31,8566983.510000005,96.39678342413907,51.40518417462483
23027,596.96,8567580.470000006,96.40350049366137,51.4324693042292
22389,596.91,8568177.380000006,96.41021700057732,51.45975443383356
16225,596.84,8568774.220000006,96.4169327198444,51.48703956343793
23471,596.0,8569370.220000006,96.42363898732509,51.51432469304229
84789,595.8000000000001,8569966.020000007,96.43034300438048,51.54160982264666
22806,595.6500000000001,8570561.670000007,96.43704533361685,51.56889495225102
23124,595.15,8571156.820000008,96.4437420367899,51.596180081855394
21643,594.26,8571751.080000008,96.45042872557022,51.62346521145975
22893,591.84,8572342.920000007,96.45708818420408,51.650750341064125
21292,591.25,8572934.170000007,96.46374100408322,51.67803547066848
22862,590.75,8573524.920000007,96.47038819789901,51.705320600272856
84660C,590.57,8574115.490000008,96.47703336633204,51.732605729877214
23018,587.2,8574702.690000007,96.48364061509824,51.75989085948159
84754,586.46,8575289.150000008,96.49023953729076,51.787175989085945
22133,585.78,8575874.930000007,96.49683080803713,51.81446111869031
23520,585.63,8576460.560000008,96.50342039096452,51.84174624829468
84509B,585.0,8577045.560000008,96.51000288505212,51.86903137789904
22106,584.9,8577630.460000008,96.51658425392705,51.896316507503414
85039A,583.2499999999999,8578213.710000008,96.52314705679302,51.92360163710777
85144,582.7,8578796.410000008,96.52970367098933,51.950886766712145
21883,581.0600000000001,8579377.470000008,96.53624183169795,51.9781718963165
22163,580.94,8579958.410000008,96.54277864215136,52.005457025920876
22953,578.63,8580537.040000008,96.54928946019223,52.032742155525234
22021,577.4999999999999,8581114.540000008,96.55578756333,52.06002728512961
22684,576.9,8581691.440000009,96.56227891519177,52.087312414733965
22786,576.64,8582268.08000001,96.56876734150062,52.11459754433834
22448,576.3100000000001,8582844.39000001,96.57525205460767,52.141882673942696
21143,575.25,8583419.64000001,96.58172484046047,52.16916780354707
85125,574.75,8583994.39000001,96.58819200024995,52.19645293315143
22279,574.66,8584569.05000001,96.59465814734804,52.2237380627558
40001,573.7099999999999,8585142.760000011,96.60111360492583,52.251023192360165
22319,572.26,8585715.02000001,96.60755274691995,52.27830832196453
22403,569.36,8586284.38000001,96.61395925774681,52.305593451568896
22339,569.2900000000001,8586853.67000001,96.6203649809248,52.33287858117326
22035,569.02,8587422.690000009,96.62676766602858,52.36016371077763
22396,568.76,8587991.450000009,96.63316742557947,52.38744884038199
21627,568.0999999999999,8588559.550000008,96.63955975872676,52.41473396998636
21171,566.8,8589126.350000009,96.64593746410941,52.44201909959072
20893,566.55,8589692.90000001,96.65231235646041,52.46930422919509
23455,566.5400000000001,8590259.440000009,96.65868713629013,52.49658935879945
22105,566.5,8590825.940000009,96.66506146603477,52.52387448840382
21684,565.21,8591391.15000001,96.67142128053608,52.55115961800818
85032C,565.1,8591956.25000001,96.67777985730342,52.57844474761255
22288,565.0,8592521.25000001,96.68413730885811,52.60572987721691
22266,562.7,8593083.950000009,96.69046888052151,52.63301500682128
22067,562.53,8593646.480000008,96.69679853932337,52.660300136425654
22096,561.75,8594208.230000008,96.70311942146645,52.68758526603001
23428,559.5,8594767.730000008,96.70941498632459,52.714870395634385
35651,557.0999999999999,8595324.830000008,96.71568354607878,52.74215552523874
22246,555.18,8595880.010000007,96.72193050174981,52.769440654843116
84912B,555.0,8596435.010000007,96.72817543203804,52.796725784447474
21289,553.75,8596988.760000007,96.73440629716798,52.82401091405185
85036B,553.58,8597542.340000007,96.74063524943637,52.851296043656205
22525,553.5,8598095.840000007,96.74686330153463,52.87858117326058
22272,553.1,8598648.940000007,96.75308685278223,52.905866302864936
37327,547.98,8599196.920000007,96.75925279314143,52.9331514324693
85019A,547.25,8599744.170000007,96.76541051944815,52.96043656207367
22756,546.88,8600291.050000008,96.77156408246803,52.98772169167803
23549,546.0,8600837.050000008,96.77770774361646,53.015006821282405
84519B,545.99,8601383.040000008,96.78385129224361,53.042291950886764
85103,545.45,8601928.490000008,96.78998876472238,53.069577080491136
35810A,545.38,8602473.870000008,96.79612544955229,53.096862210095495
84929,545.1600000000001,8603019.030000009,96.80225965891434,53.12414733969987
23381,544.62,8603563.650000008,96.80838779212799,53.151432469304225
22825,544.5,8604108.150000008,96.81451457508643,53.1787175989086
85172,544.3199999999999,8604652.470000008,96.82063933266211,53.206002728512956
22258,543.9399999999999,8605196.410000008,96.82675981442964,53.23328785811733
23069,543.75,8605740.160000008,96.8328781582931,53.26057298772169
84352,543.35,8606283.510000007,96.83899200130591,53.28785811732606
20986,543.01,8606826.520000007,96.84510201859567,53.31514324693042
21159,542.36,8607368.880000006,96.85120472200309,53.34242837653479
85176,542.24,8607911.120000007,96.85730607515534,53.36971350613915
21948,541.82,8608452.940000007,96.86340270241438,53.39699863574352
18098C,540.5500000000001,8608993.490000008,96.86948503947261,53.424283765347894
20702,539.75,8609533.240000008,96.87555837482948,53.45156889495225
22514,537.0,8610070.240000008,96.8816007668381,53.47885402455662
22821,534.6600000000001,8610604.900000008,96.88761682887036,53.506139154160984
20772,534.46,8611139.360000009,96.89363064047731,53.53342428376535
20767,534.3199999999999,8611673.680000009,96.89964287678653,53.560709413369715
21205,532.9499999999999,8612206.630000008,96.90563969768222,53.58799454297408
21208,531.6899999999999,8612738.320000008,96.91162234089833,53.61527967257844
21448,531.3,8613269.620000008,96.91760059578507,53.64256480218281
21106,530.95,8613800.570000008,96.92357491242748,53.66984993178717
23473,530.8299999999999,8614331.400000008,96.9295478788147,53.69713506139154
22249,530.49,8614861.890000008,96.93551701947885,53.7244201909959
22136,530.25,8615392.140000008,96.94148345963262,53.75170532060027
22709,528.5,8615920.640000008,96.94743020856474,53.77899045020463
21633,528.45,8616449.090000007,96.95337639489054,53.806275579809004
22599,528.2099999999999,8616977.300000008,96.95931988070595,53.833560709413376
22275,527.85,8617505.150000008,96.96525931575574,53.860845839017735
21822,527.65,8618032.800000008,96.97119650038023,53.88813096862211
21747,527.53,8618560.330000008,96.9771323347495,53.915416098226466
85130D,526.38,8619086.710000008,96.98305522917316,53.94270122783084
22707,525.0,8619611.710000008,96.98896259566203,53.9699863574352
22482,523.52,8620135.230000008,96.99485330900346,53.99727148703957
20785,523.3000000000001,8620658.530000009,97.00074154687704,54.02455661664393
23272,522.7399999999999,8621181.270000009,97.0066234835597,54.0518417462483
75131,522.5600000000001,8621703.83000001,97.01250339485955,54.07912687585266
23499,522.48,8622226.31000001,97.01838240598929,54.10641200545703
37475,522.16,8622748.47000001,97.02425781643848,54.13369713506139
21187,522.0,8623270.47000001,97.0301314265474,54.160982264665755
21261,520.6500000000001,8623791.12000001,97.03598984628537,54.18826739427012
22269,520.48,8624311.60000001,97.04184635316182,54.215552523874486
84816,519.35,8624830.95000001,97.04769014513514,54.24283765347886
85049H,519.22,8625350.170000011,97.05353247433199,54.27012278308322
23451,519.0,8625869.170000011,97.059372328061,54.29740791268759
16235,518.1899999999999,8626387.36000001,97.06520306756741,54.32469304229195
20832,517.68,8626905.04000001,97.07102806848923,54.35197817189632
22264,517.07,8627422.11000001,97.0768462056138,54.37926330150068
22642,516.8,8627938.910000011,97.08266130466419,54.40654843110505
20932,516.25,8628455.160000011,97.08847021504491,54.43383356070941
22543,515.77,8628970.93000001,97.09427372440483,54.46111869031378
85187,515.4,8629486.330000011,97.1000730704779,54.48840381991814
22233,514.6999999999999,8630001.03000001,97.10586454006233,54.51568894952251
23016,512.85,8630513.88000001,97.11163519321244,54.54297407912687
85071A,512.8000000000001,8631026.68000001,97.11740528375626,54.570259208731244
22495,512.23,8631538.910000011,97.12316896058786,54.5975443383356
85107,511.35,8632050.260000011,97.12892273554802,54.624829467939975
21317,510.75,8632561.010000011,97.1346697592322,54.65211459754434
21926,509.9,8633070.910000011,97.14040721860871,54.679399727148706
22521,508.29999999999995,8633579.210000012,97.14612667458262,54.70668485675307
22719,508.07000000000005,8634087.280000012,97.15184354256738,54.73396998635744
23060,507.52000000000004,8634594.800000012,97.15755422188248,54.7612551159618
21784,507.44999999999993,8635102.250000011,97.16326411354872,54.78854024556617
35001G,506.58,8635608.830000011,97.16896421586478,54.81582537517053
22232,506.42999999999995,8636115.260000011,97.17466263036184,54.84311050477489
35971,504.64,8636619.900000012,97.1803409035522,54.870395634379264
23219,504.6,8637124.500000011,97.18601872665751,54.89768076398362
35599B,503.85,8637628.35000001,97.19168811066783,54.924965893587995
21925,503.75,8638132.10000001,97.19735636946548,54.95225102319235
22317,503.37000000000006,8638635.47000001,97.203020352455,54.979536152796726
85104,502.47999999999996,8639137.95000001,97.20867432105182,55.006821282401084
23139,502.38,8639640.330000011,97.21432716443597,55.03410641200546
22068,502.37999999999994,8640142.710000012,97.21998000782013,55.06139154160983
22420,499.90999999999997,8640642.620000012,97.22560505845146,55.08867667121419
23457,498.6,8641141.220000012,97.2312153687969,55.11596180081856
84031A,498.53000000000003,8641639.750000011,97.23682489149344,55.14324693042292
22050,498.5,8642138.250000011,97.24243407662621,55.17053206002729
21383,497.25000000000006,8642635.500000011,97.24802919660067,55.19781718963165
85170D,497.21000000000004,8643132.710000012,97.25362386649007,55.22510231923602
85169A,496.72,8643629.430000013,97.25921302283741,55.25238744884038
79067,496.25,8644125.680000013,97.26479689068523,55.279672578444746
23398,495.83,8644621.510000013,97.27037603263985,55.30695770804911
21264,495.29999999999995,8645116.810000014,97.27594921096735,55.33424283765348
22820,494.83000000000004,8645611.640000014,97.28151710079533,55.36152796725784
22116,493.39000000000004,8646105.030000014,97.28706878756095,55.38881309686221
85017B,491.55,8646596.580000015,97.29259977041353,55.41609822646657
21446,490.0,8647086.580000015,97.29811331246981,55.44338335607094
22166,489.9000000000001,8647576.480000015,97.30362572931344,55.47066848567531
21638,489.30000000000007,8648065.780000016,97.30913139488106,55.49795361527967
22515,488.70000000000005,8648554.480000015,97.3146303091727,55.52523874488404
20866,487.34,8649041.820000015,97.3201139205721,55.5525238744884
22717,487.08,8649528.900000015,97.32559460641858,55.57980900409277
21059,487.04999999999995,8650015.950000016,97.33107495470125,55.60709413369713
21251,486.75000000000006,8650502.700000016,97.33655192734594,55.634379263301504
21277,485.9,8650988.600000016,97.34201933568298,55.66166439290586
23484,483.66,8651472.260000017,97.34746153925632,55.688949522510235
20764,483.63,8651955.890000017,97.35290340526588,55.71623465211459
23660,483.44999999999993,8652439.340000017,97.35834324589263,55.743519781718966
84820,483.05,8652922.390000017,97.36377858566873,55.770804911323324
22861,481.79999999999995,8653404.190000018,97.36919986028651,55.7980900409277
23691,481.5,8653885.690000018,97.3746177592663,55.82537517053206
23045,481.40000000000003,8654367.090000018,97.38003453303344,55.85266030013643
22127,479.7,8654846.790000018,97.38543217818525,55.87994542974079
21096,479.25,8655326.040000018,97.3908247598801,55.90723055934516
84625C,478.15,8655804.190000018,97.39620496423564,55.934515688949524
22181,477.96999999999997,8656282.160000019,97.40158314320837,55.96180081855388
22359,477.7900000000001,8656759.950000018,97.4069592967983,55.989085948158255
85025C,476.34999999999997,8657236.300000018,97.41231924732587,56.016371077762614
22023,476.25,8657712.550000018,97.41767807264077,56.043656207366986
23021,475.95000000000005,8658188.500000017,97.42303352231767,56.070941336971345
21587,475.65,8658664.150000017,97.42838559635659,56.09822646657572
22496,474.14000000000004,8659138.290000018,97.43372067968427,56.125511596180075
22559,472.77,8659611.060000017,97.43904034759845,56.15279672578445
23180,471.90000000000003,8660082.960000018,97.44435022616244,56.180081855388806
85231G,471.45,8660554.410000017,97.44965504126945,56.20736698499318
21618,471.25,8661025.660000017,97.45495760595112,56.23465211459755
85025B,471.15,8661496.810000017,97.46025904542014,56.26193724420191
84625A,470.75,8661967.560000017,97.46555598403849,56.28922237380628
23043,468.75,8662436.310000017,97.47083041840355,56.31650750341064
21468,468.67,8662904.980000017,97.47610395259848,56.34379263301501
23377,468.0,8663372.980000017,97.48136994786856,56.37107776261937
85032D,467.50000000000006,8663840.480000017,97.48663031707532,56.398362892223744
85049F,467.5,8664307.980000017,97.49189068628206,56.4256480218281
23136,467.05,8664775.030000018,97.49714599203185,56.452933151432475
22183,466.95000000000005,8665241.980000017,97.50240017256894,56.480218281036834
23218,465.81,8665707.790000018,97.50764152568166,56.5075034106412
35599D,465.38,8666173.170000019,97.51287804037995,56.534788540245565
21084,463.85,8666637.020000018,97.51809733932444,56.56207366984993
21476,463.45,8667100.470000017,97.52331213741827,56.589358799454295
21634,462.6,8667563.070000017,97.52851737120446,56.61664392905866
21803,462.41999999999996,8668025.490000017,97.53372057960786,56.64392905866303
85131A,462.17,8668487.660000017,97.53892097497959,56.67121418826739
21630,461.3,8668948.960000018,97.54411158100115,56.698499317871764
21215,460.70000000000005,8669409.660000017,97.54929543574671,56.72578444747612
22255,460.7,8669870.360000016,97.55447929049227,56.753069577080495
85016,459.0,8670329.360000016,97.55964401662254,56.780354706684854
23561,458.63,8670787.990000017,97.56480457946596,56.807639836289226
21865,457.08000000000004,8671245.070000017,97.56994770151306,56.834924965893585
22324,456.35999999999996,8671701.430000016,97.57508272202898,56.86221009549796
22511,455.87,8672157.300000016,97.58021222900284,56.889495225102316
21014,455.56999999999994,8672612.870000016,97.58533836033872,56.91678035470669
23548,451.5,8673064.370000016,97.59041869551915,56.94406548431105
22194,450.5,8673514.870000016,97.59548777857293,56.97135061391542
35004G,448.3,8673963.170000017,97.6005321069481,56.99863574351978
85194S,447.75000000000006,8674410.920000017,97.6055702466536,57.02592087312415
71279,447.65000000000003,8674858.570000017,97.61060726114646,57.053206002728516
23560,447.07,8675305.640000017,97.61563774940585,57.08049113233288
23537,446.70000000000005,8675752.340000017,97.62066407437837,57.107776261937246
21472,446.25,8676198.590000017,97.6256853358939,57.13506139154161
21397,445.26,8676643.850000016,97.63069545780407,57.16234652114598
23074,444.02000000000004,8677087.870000016,97.63569162707718,57.189631650750336
17096,443.76000000000005,8677531.630000016,97.64068487079737,57.21691678035471
23125,443.25,8677974.880000016,97.64567237593297,57.24420190995907
21675,442.71,8678417.590000017,97.6506538049202,57.27148703956344
22261,442.35999999999996,8678859.950000016,97.65563129566308,57.2987721691678
84596L,440.94,8679300.890000015,97.66059280838613,57.32605729877217
21650,440.89000000000004,8679741.780000016,97.66555375850285,57.35334242837653
84707A,440.73999999999995,8680182.520000016,97.67051302080057,57.3806275579809
21473,438.9,8680621.420000017,97.67545157918528,57.40791268758526
21640,437.16999999999996,8681058.590000017,97.68037067139088,57.43519781718963
72819,436.4,8681494.990000017,97.68528109945895,57.462482946794005
23425,435.43,8681930.420000017,97.6901806129642,57.48976807639836
23565,435.0,8682365.420000017,97.69507528805497,57.517053206002736
35598B,433.70000000000005,8682799.120000016,97.69995533538109,57.544338335607094
17107D,433.5,8683232.620000016,97.7048331322819,57.57162346521147
35598D,433.22,8683665.840000017,97.70970777858726,57.598908594815825
23509,433.2,8684099.040000016,97.71458219985007,57.62619372442019
22446,432.99,8684532.030000016,97.7194542581663,57.653478854024556
21709,430.06,8684962.090000017,97.72429334775144,57.68076398362892
22647,429.84999999999997,8685391.940000016,97.72913007439,57.70804911323329
20705,428.85,8685820.790000016,97.7339555489019,57.73533424283765
23379,428.01,8686248.800000016,97.73877157162742,57.76261937244202
21654,427.86,8686676.660000015,97.74358590653395,57.78990450204638
22903,427.43,8687104.090000015,97.74839540302602,57.81718963165075
84674,426.3,8687530.390000015,97.75319218461499,57.844474761255114
22340,425.15999999999997,8687955.550000016,97.75797613877958,57.87175989085949
21062,425.0,8688380.550000016,97.7627582926039,57.899045020463845
85130C,424.06,8688804.610000016,97.76752986942918,57.92633015006822
21972,423.4,8689228.010000017,97.77229401985088,57.953615279672576
17012B,422.54999999999995,8689650.560000017,97.77704860596492,57.98090040927695
77101A,421.97,8690072.530000018,97.78179666584552,58.00818553888131
90154,421.75,8690494.280000018,97.78654225025825,58.03547066848568
23058,421.02000000000004,8690915.300000018,97.79127962061851,58.06275579809004
21417,420.88,8691336.180000018,97.79601541568107,58.09004092769441
23117,420.75,8691756.930000018,97.80074974796716,58.11732605729877
84976,420.68,8692177.610000018,97.80548329260435,58.14461118690314
21711,420.1,8692597.710000018,97.81021031100812,58.1718963165075
21802,418.74,8693016.450000018,97.81492202651964,58.19918144611187
21662,416.3,8693432.750000019,97.81960628684216,58.22646657571623
85111,416.07,8693848.820000019,97.82428795917554,58.2537517053206
23336,415.97,8694264.79000002,97.82896850629626,58.28103683492497
23044,415.00000000000006,8694679.79000002,97.83363813885413,58.30832196452933
20766,414.58,8695094.37000002,97.8383030455188,58.3356070941337
35241,413.95000000000005,8695508.320000019,97.84296086334369,58.36289222373806
82616B,413.83,8695922.150000019,97.84761733091338,58.39017735334243
90209C,413.7,8696335.850000018,97.8522723357066,58.41746248294679
23459,412.5,8696748.350000018,97.85691383794786,58.44474761255116
21710,412.41,8697160.760000018,97.86155432749771,58.47203274215552
21063,412.10999999999996,8697572.870000018,97.86619144140958,58.49931787175989
20839,411.84,8697984.710000018,97.87082551724724,58.52660300136425
21739,411.54,8698396.250000017,97.87545621744691,58.55388813096862
23023,411.43999999999994,8698807.690000016,97.88008579243392,58.58117326057298
21426,411.30000000000007,8699218.990000017,97.88471379212321,58.608458390177354
22051,409.5,8699628.490000017,97.88932153798451,58.63574351978173
20658,408.75,8700037.240000017,97.89392084475085,58.663028649386085
21358,408.75,8700445.990000017,97.89852015151719,58.69031377899046
20761,408.67,8700854.660000017,97.90311855811339,58.717598908594816
21219,408.59,8701263.250000017,97.90771606453946,58.74488403819919
23422,407.68,8701670.930000016,97.91230333153028,58.77216916780355
84916,407.4,8702078.330000017,97.91688744792565,58.79945429740792
84821,407.15,8702485.480000017,97.92146875128935,58.82673942701228
46775D,406.79999999999995,8702892.280000018,97.92604611640874,58.85402455661664
22247,406.39,8703298.670000019,97.93061886815619,58.88130968622101
20681,406.25,8703704.920000019,97.93519004460592,58.908594815825374
22390,405.62,8704110.540000018,97.93975413221584,58.93587994542974
23415,405.59999999999997,8704516.140000017,97.94431799478323,58.963165075034105
21817,405.14000000000004,8704921.280000018,97.94887668137238,58.990450204638464
22513,404.98,8705326.260000018,97.95343356762127,59.017735334242836
90200D,404.5,8705730.760000018,97.95798505284937,59.04502046384721
21576,403.67,8706134.430000018,97.96252719881234,59.07230559345157
21202,403.2,8706537.630000018,97.96706405627577,59.09959072305594
84086C,401.20000000000005,8706938.830000017,97.97157840948593,59.1268758526603
22510,400.87,8707339.700000016,97.97608904949429,59.15416098226467
84917,400.5,8707740.200000016,97.9805955262158,59.18144611186903
21374,400.0,8708140.200000016,97.98509637687398,59.2087312414734
20840,399.28,8708539.480000015,97.98958912600098,59.23601637107776
23466,398.25,8708937.730000015,97.99407028543754,59.26330150068213
85136A,397.5,8709335.230000015,97.9985430057791,59.29058663028649
22422,396.6,8709731.830000015,98.00300559920669,59.31787175989086
85127,396.0,8710127.830000015,98.0074614413583,59.34515688949522
21629,395.45000000000005,8710523.280000014,98.01191109484024,59.372442019099594
22638,394.41999999999996,8710917.700000014,98.01634915863174,59.39972714870395
84806B,394.15999999999997,8711311.860000014,98.02078429687032,59.427012278308325
22048,393.5,8711705.360000014,98.02521200870532,59.45429740791269
84849B,392.08,8712097.440000014,98.02962374252047,59.481582537517056
22545,390.69,8712488.130000014,98.03401983587958,59.50886766712142
21828,388.75,8712876.880000014,98.038394100113,59.53615279672578
84520B,388.69,8713265.570000013,98.04276768921882,59.56343792633015
84360,388.3,8713653.870000014,98.04713688999527,59.59072305593451
84974,388.04999999999995,8714041.920000015,98.05150327774005,59.61800818553888
84826,386.83,8714428.750000015,98.05585593789033,59.64529331514324
21741,386.45000000000005,8714815.200000014,98.06020432223245,59.672578444747614
84912A,386.25,8715201.450000014,98.06455045614926,59.69986357435197
82616C,385.52,8715586.970000014,98.06888837601362,59.727148703956345
85088,385.27000000000004,8715972.240000013,98.0732234828463,59.754433833560704
22337,383.95000000000005,8716356.190000013,98.07754373687183,59.781718963165076
20803,383.91,8716740.100000013,98.0818635408123,59.809004092769435
18007,383.76,8717123.860000012,98.08618165693376,59.83628922237381
47421,382.92,8717506.780000012,98.09049032126883,59.86357435197818
47585A,382.5,8717889.280000012,98.09479425971072,59.89085948158254
20762,382.46,8718271.740000013,98.09909774806755,59.91814461118691
85180B,381.0,8718652.740000013,98.10338480831948,59.94542974079127
21373,380.25,8719032.990000013,98.10766342947642,59.972714870395635
16045,380.0,8719412.990000013,98.1119392376017,60.0
21015,377.3299999999999,8719790.320000013,98.11618500254883,60.027285129604365
85078,376.50000000000006,8720166.820000013,98.12042142823086,60.05457025920873
84687,376.5,8720543.320000013,98.12465785391286,60.081855388813096
22250,375.78999999999996,8720919.110000012,98.12888629058496,60.10914051841746
21415,375.73,8721294.840000013,98.13311405212947,60.13642564802183
35809A,374.10999999999996,8721668.950000012,98.1373235852288,60.16371077762619
85135B,373.65000000000003,8722042.600000013,98.14152794234987,60.19099590723056
20716,373.5,8722416.100000013,98.14573061165196,60.21828103683492
22344,372.74,8722788.840000013,98.14992472933778,60.24556616643929
21581,371.25,8723160.090000013,98.15410208135492,60.27285129604366
23039,370.79999999999995,8723530.890000014,98.15827436991506,60.30013642564802
21318,369.0,8723899.890000014,98.16242640464723,60.32742155525239
21562,368.35,8724268.240000013,98.16657112549709,60.35470668485675
21641,367.97999999999996,8724636.220000014,98.17071168306009,60.381991814461124
84600,367.6,8725003.820000013,98.17484796481497,60.40927694406548
21635,367.5,8725371.320000013,98.17898312135718,60.436562073669855
20765,367.34,8725738.660000013,98.18311647755912,60.46384720327421
16011,367.29,8726105.950000012,98.18724927115471,60.491132332878585
22517,366.90000000000003,8726472.850000013,98.19137767642096,60.518417462482944
21808,366.25,8726839.100000013,98.19549876780485,60.545702592087316
85170C,366.23,8727205.330000013,98.19961963414623,60.572987721691675
22201,366.0,8727571.330000013,98.20373791249847,60.60027285129605
21846,365.62,8727936.950000012,98.20785191504258,60.627557980900406
47574A,365.5,8728302.450000012,98.21196456733149,60.65484311050477
72799F,365.05,8728667.500000013,98.21607215616342,60.682128240109144
72598,364.95,8729032.450000012,98.22017861978269,60.7094133697135
21194,364.6,8729397.050000012,98.2242811451576,60.736698499317875
35637A,363.7,8729760.750000011,98.22837354361856,60.76398362892223
17012D,362.95,8730123.70000001,98.23245750298453,60.791268758526606
21356,361.9,8730485.60000001,98.23652964761752,60.818553888130964
16008,360.71,8730846.310000012,98.24058840221981,60.84583901773534
22532,360.06,8731206.370000012,98.24463984293979,60.873124147339695
21365,360.0,8731566.370000012,98.24869060853216,60.90040927694407
84632,359.70000000000005,8731926.070000011,98.25273799848652,60.927694406548426
23429,358.6,8732284.670000011,98.25677301110159,60.9549795361528
21285,357.62,8732642.29000001,98.26079699663252,60.98226466575716
22308,356.89,8732999.18000001,98.26481276811103,61.00954979536153
22230,356.16999999999996,8733355.35000001,98.26882043805834,61.03683492496589
21348,355.65,8733711.000000011,98.27282225689981,61.06412005457026
85169C,353.72,8734064.720000012,98.27680235913685,61.09140518417463
22260,351.62,8734416.340000011,98.28075883190792,61.11869031377899
23337,351.52000000000004,8734767.86000001,98.28471417946633,61.145975443383364
21061,350.2,8735118.06000001,98.28865467421757,61.17326057298772
85163A,349.95,8735468.01000001,98.29259235593713,61.20054570259209
85232A,349.5,8735817.51000001,98.29652497419973,61.22783083219645
22405,348.69,8736166.200000009,98.30044847823973,61.25511596180082
20998,348.25000000000006,8736514.450000009,98.30436703134401,61.282401091405184
22516,348.00000000000006,8736862.450000009,98.30828277141663,61.30968622100955
23576,346.34999999999997,8737208.800000008,98.3121799454803,61.33697135061391
23150,346.11,8737554.910000008,98.31607441903355,61.36425648021828
21088,345.42,8737900.330000008,98.31996112861943,61.39154160982264
21421,345.14,8738245.470000008,98.32384468760984,61.41882673942701
21689,345.0,8738590.470000008,98.32772667130253,61.446111869031384
21664,342.72,8738933.190000009,98.33158300014647,61.47339699863574
21579,342.0,8739275.190000009,98.33543122745922,61.500682128240115
17012C,341.79999999999995,8739616.99000001,98.33927720434666,61.52796725784447
22640,341.66999999999996,8739958.66000001,98.34312171845761,61.555252387448846
84766,340.7,8740299.360000009,98.34695531800571,61.582537517053204
84031B,338.09000000000003,8740637.450000009,98.35075954950328,61.60982264665758
84569D,337.42,8740974.870000008,98.35455624207599,61.637107776261935
22406,336.89,8741311.76000001,98.35834697102158,61.66439290586631
23661,336.59999999999997,8741648.360000009,98.36213443685044,61.691678035470666
90149,335.28000000000003,8741983.640000008,98.36590704987212,61.71896316507504
22229,334.27,8742317.910000008,98.3696682982459,61.7462482946794
84931B,334.04999999999995,8742651.960000008,98.37342707115184,61.77353342428377
85163B,333.6,8742985.560000008,98.37718078060075,61.80081855388813
23047,333.5,8743319.060000008,98.380933364837,61.8281036834925
21129,332.3,8743651.360000009,98.38467244652132,61.855388813096866
22265,331.50000000000006,8743982.860000009,98.38840252650428,61.882673942701224
22322,331.5,8744314.360000009,98.39213260648727,61.9099590723056
22643,331.28999999999996,8744645.650000008,98.39586032352362,61.937244201909955
23420,330.72,8744976.370000008,98.39958162684782,61.96452933151433
21867,330.02,8745306.390000008,98.40329505368335,61.991814461118686
84616,329.45,8745635.840000007,98.4070020668067,62.01909959072306
17012F,329.05,8745964.890000008,98.4107045790794,62.04638472032742
22529,328.92,8746293.810000008,98.41440562857562,62.07366984993179
47310M,326.73,8746620.540000008,98.4180820359145,62.10095497953615
16259,326.56,8746947.100000009,98.42175653039185,62.12824010914052
85230B,326.23999999999995,8747273.34000001,98.42542742418865,62.15552523874488
84913B,325.5,8747598.84000001,98.42908999141176,62.18281036834925
84663A,324.04,8747922.880000008,98.43273613052995,62.21009549795361
84926E,322.88,8748245.76000001,98.43636921718124,62.23738062755798
21197,322.71,8748568.47000001,98.44000039097102,62.264665757162355
22256,321.25,8748889.72000001,98.44361513665586,62.29195088676671
22248,320.53999999999996,8749210.26000001,98.44722189333079,62.31923601637108
21884,318.81,8749529.07000001,98.45080918382664,62.346521145975444
84951B,318.44,8749847.51000001,98.45439231103562,62.37380627557981
22345,317.90999999999997,8750165.42000001,98.45796947461749,62.401091405184175
20768,317.71,8750483.13000001,98.46154438777403,62.42837653478854
23116,317.70000000000005,8750800.83000001,98.46511918840928,62.455661664392906
21724,316.2,8751117.030000009,98.46867711085456,62.48294679399727
23421,316.16,8751433.190000009,98.4722345832148,62.51023192360164
21881,315.55,8751748.74000001,98.47578519177779,62.537517053206
23037,315.28999999999996,8752064.030000009,98.47933287478781,62.56480218281036
84659A,314.31,8752378.34000001,98.48286953071377,62.59208731241473
84951A,314.27,8752692.610000009,98.48640573655463,62.61937244201909
21263,313.95,8753006.560000008,98.48993834171496,62.646657571623464
21775,313.91,8753320.470000008,98.49347049679025,62.67394270122784
85071C,313.78,8753634.250000007,98.49700118908905,62.701227830832195
22162,312.7,8753946.950000007,98.50051972909108,62.72851296043657
23339,312.0,8754258.950000007,98.50403039260446,62.755798090040926
21723,311.95,8754570.900000006,98.50754049351151,62.7830832196453
21284,311.84000000000003,8754882.740000006,98.51104935668464,62.81036834924966
22092,311.56,8755194.300000006,98.5145550692623,62.83765347885403
90200E,311.0,8755505.300000006,98.51805448064904,62.86493860845839
16219,309.9,8755815.200000007,98.52154151469648,62.89222373806276
21320,309.66,8756124.860000007,98.52502584823351,62.91950886766712
22346,309.12,8756433.980000006,98.52850410562215,62.94679399727149
84658,308.48,8756742.460000006,98.53197516164974,62.97407912687585
23478,307.18,8757049.640000006,98.53543158991269,63.001364256480215
21841,306.0,8757355.640000006,98.5388747406662,63.02864938608458
23575,305.4,8757661.040000007,98.54231114014374,63.055934515688946
22040,304.5,8757965.540000007,98.54573741270728,63.08321964529332
22100,304.17,8758269.710000006,98.54915997206903,63.11050477489768
21060,302.59999999999997,8758572.310000006,98.55256486559195,63.13778990450205
22204,302.5,8758874.810000006,98.5559686339022,63.16507503410641
21879,301.93,8759176.740000006,98.55936598850026,63.19236016371078
21220,299.56,8759476.300000006,98.56273667555818,63.21964529331514
21761,299.5,8759775.800000006,98.5661066874885,63.24693042291951
23440,299.36,8760075.160000006,98.56947512412108,63.27421555252387
85213,297.89,8760373.050000006,98.5728270201275,63.30150068212824
23015,297.0,8760670.050000006,98.57616890174121,63.3287858117326
85208,296.64000000000004,8760966.690000007,98.57950673258932,63.356070941336974
85205B,295.8,8761262.490000008,98.58283511165106,63.38335607094133
20934,294.3,8761556.790000008,98.58614661252282,63.410641200545705
35095A,293.82,8761850.610000009,98.5894527123738,63.43792633015006
17129F,291.25,8762141.860000009,98.5927298942593,63.465211459754435
21131,290.25,8762432.110000009,98.59599582401815,63.49249658935881
22598,290.16999999999996,8762722.280000009,98.59926085360686,63.519781718963166
23410,290.1,8763012.380000008,98.60252509554671,63.54706684856753
16015,289.98,8763302.360000009,98.60578798723137,63.5743519781719
85024B,289.65,8763592.01000001,98.60904716571423,63.60163710777626
22486,288.94,8763880.950000009,98.61229835518716,63.62892223738063
21503,288.92,8764169.870000008,98.61554931961757,63.656207366984994
84358,287.74,8764457.610000009,98.61878700653854,63.68349249658935
23695,286.62,8764744.230000008,98.62201209107765,63.710777626193725
23430,285.25,8765029.480000008,98.62522176020327,63.73806275579808
90160C,284.95000000000005,8765314.430000007,98.62842805369088,63.765347885402456
90200B,284.75,8765599.180000007,98.63163209675318,63.792633015006814
21128,284.16,8765883.340000007,98.63482950106076,63.81991814461119
35912B,283.89,8766167.230000008,98.63802386729415,63.847203274215545
37413,283.71,8766450.940000009,98.64121620814474,63.87448840381992
22043,283.32,8766734.26000001,98.64440416066594,63.90177353342429
20838,282.94,8767017.200000009,98.647587837379,63.92905866302865
84915,281.95,8767299.150000008,98.6507603744867,63.95634379263302
84924A,281.13,8767580.280000009,98.65392368485053,63.98362892223738
22547,279.51,8767859.790000008,98.65706876676921,64.01091405184175
21286,279.37,8768139.160000008,98.66021227339013,64.0381991814461
71101E,278.5,8768417.660000008,98.6633459906609,64.06548431105048
85136C,278.25,8768695.910000008,98.6664768949,64.09276944065483
35095B,277.44,8768973.350000007,98.66959868491651,64.12005457025921
16169M,277.2,8769250.550000006,98.67271777442264,64.14733969986356
72122,276.45,8769527.000000006,98.67582842483377,64.17462482946794
23579,276.15,8769803.150000006,98.67893569960691,64.2019099590723
21371,274.65,8770077.800000006,98.68202609619009,64.22919508867668
20936,272.98,8770350.780000007,98.68509770172179,64.25648021828103
20831,272.34000000000003,8770623.120000007,98.6881621058924,64.2837653478854
21189,272.25,8770895.370000007,98.69122549737163,64.31105047748977
21850,271.8,8771167.170000007,98.69428382539388,64.33833560709414
21248,271.15,8771438.320000008,98.6973348395338,64.3656207366985
82613D,270.85,8771709.170000007,98.70038247803572,64.39290586630287
22049,270.5,8771979.670000007,98.70342617829331,64.42019099590723
35001W,270.02000000000004,8772249.690000007,98.70646447753012,64.4474761255116
22409,270.0,8772519.690000007,98.7095025517244,64.47476125511596
84509C,269.55,8772789.240000008,98.7125355624617,64.50204638472033
21454,269.45,8773058.690000007,98.7155674479863,64.5293315143247
21644,268.75,8773327.440000007,98.71859145702227,64.55661664392906
82613B,267.6,8773595.040000007,98.72160252611259,64.58390177353343
21445,267.5,8773862.540000007,98.72461246999026,64.61118690313779
85230E,267.45,8774129.990000006,98.72762185126159,64.63847203274216
21785,267.1,8774397.090000005,98.73062729428858,64.66575716234652
84926D,266.64,8774663.730000006,98.73362756133733,64.69304229195089
16236,266.56,8774930.290000007,98.73662692821595,64.72032742155525
84920,266.25,8775196.540000007,98.73962280693532,64.74761255115962
23481,266.21,8775462.750000007,98.74261823556961,64.77489768076398
72800B,265.65999999999997,8775728.410000008,98.74560747553424,64.80218281036835
16238,265.09,8775993.500000007,98.74859030178669,64.82946793997272
21167,264.6,8776258.100000007,98.75156761449708,64.85675306957708
85019C,262.25,8776520.350000007,98.75451848470985,64.88403819918145
21221,262.14,8776782.490000008,98.7574681171887,64.91132332878581
84598,262.08,8777044.570000008,98.76041707453994,64.93860845839018
72586,262.08,8777306.650000008,98.76336603189118,64.96589358799454
84849A,261.95,8777568.600000007,98.76631352646595,64.99317871759891
79051A,261.63,8777830.230000008,98.76925742036022,65.02046384720327
79337,259.96,8778090.190000009,98.77218252320299,65.04774897680764
21403,258.71999999999997,8778348.91000001,98.7750936734087,65.075034106412
17013D,257.88,8778606.79000001,98.77799537182806,65.10231923601637
22765,257.37,8778864.16000001,98.78089133166279,65.12960436562074
85230G,257.03999999999996,8779121.200000009,98.78378357829573,65.1568894952251
21250,257.0,8779378.200000009,98.78667537484361,65.18417462482947
84708B,256.75,8779634.950000009,98.78956435835984,65.21145975443383
85188A,256.7,8779891.650000008,98.79245277926971,65.2387448840382
20770,256.65,8780148.300000008,98.79534063757328,65.26603001364256
71270,256.21,8780404.51000001,98.79822354494112,65.29331514324693
16012,256.2,8780660.710000008,98.80110633978768,65.3206002728513
21719,255.85,8780916.560000008,98.80398519638992,65.34788540245566
90062,255.0,8781171.560000008,98.80685448868451,65.37517053206003
22134,254.76,8781426.320000008,98.80972108046872,65.40245566166439
23137,253.24,8781679.560000008,98.81257056902041,65.42974079126876
16218,253.2,8781932.760000007,98.81541960748703,65.45702592087312
21386,253.01,8782185.770000007,98.8182665080496,65.4843110504775
20854,252.79999999999998,8782438.570000008,98.82111104566559,65.51159618008185
84596E,252.63,8782691.200000009,98.82395367042004,65.53888130968623
84341B,252.23,8782943.430000009,98.82679179432384,65.56616643929058
21222,252.18,8783195.610000009,98.82962935562128,65.59345156889495
84876B,251.25,8783446.860000009,98.83245645244095,65.62073669849931
21849,250.84000000000003,8783697.700000009,98.83527893588871,65.64802182810368
20684,250.25,8783947.950000009,98.83809478058173,65.67530695770805
84858C,250.05,8784198.00000001,98.84090837484943,65.70259208731241
47563A,250.0,8784448.00000001,98.8437214065108,65.72987721691678
21666,249.60000000000002,8784697.600000009,98.8465299373215,65.75716234652114
21265,249.59999999999997,8784947.200000009,98.8493384681322,65.78444747612551
22703,249.42000000000002,8785196.620000008,98.85214497356012,65.81173260572987
85204,248.88,8785445.50000001,98.85494540283966,65.83901773533424
84859A,248.20999999999998,8785693.71000001,98.85773829319433,65.8663028649386
23476,247.5,8785941.21000001,98.86052319453908,65.89358799454298
84952B,247.46,8786188.670000011,98.86330764579878,65.92087312414733
20755,247.35,8786436.02000001,98.86609085932454,65.94815825375171
21067,246.88,8786682.900000012,98.86886878435078,65.97544338335607
22214,246.7,8786929.60000001,98.8716446839942,66.00272851296045
22108,246.53,8787176.13000001,98.87441867077611,66.0300136425648
23474,246.51,8787422.64000001,98.87719243251549,66.05729877216918
78124,246.5,8787669.14000001,98.87996608173358,66.08458390177353
35964,245.61,8787914.75000001,98.88272971655897,66.1118690313779
21190,245.20000000000002,8788159.950000009,98.88548873801243,66.13915416098226
79190B,245.1,8788405.050000008,98.88824663425324,66.16643929058664
17012A,244.89999999999998,8788649.950000009,98.8910022800687,66.19372442019099
35954,244.23000000000002,8788894.180000009,98.89375038695934,66.22100954979537
20669,243.75,8789137.930000009,98.89649309282917,66.24829467939972
23149,241.53000000000003,8789379.460000008,98.89921081897785,66.27557980900409
22259,240.96,8789620.42000001,98.90192213141434,66.30286493860847
85129D,240.13,8789860.55000001,98.90462410458572,66.33015006821282
23495,240.0,8790100.55000001,98.90732461498064,66.3574351978172
84569A,239.96,8790340.510000011,98.9100246752905,66.38472032742155
22052,239.82,8790580.330000011,98.91272316030262,66.41200545702593
20622,238.08,8790818.410000011,98.91540206661436,66.43929058663028
21269,238.0,8791056.410000011,98.91808007275598,66.46657571623466
85203,237.54,8791293.95000001,98.92075290291935,66.49386084583901
22069,237.47999999999996,8791531.43000001,98.92342505795511,66.52114597544339
21632,237.00000000000003,8791768.43000001,98.92609181197008,66.54843110504774
85169D,236.48000000000002,8792004.910000011,98.92875271487921,66.57571623465212
72131,236.39999999999998,8792241.310000012,98.9314127176182,66.60300136425647
84247E,236.00000000000003,8792477.310000012,98.93406821950653,66.63028649386085
47351B,234.5,8792711.810000012,98.9367068432049,66.6575716234652
82613C,234.2,8792946.010000011,98.93934209126526,66.68485675306958
23567,233.75,8793179.760000011,98.94197227586864,66.71214188267395
20615,233.34,8793413.10000001,98.94459784710008,66.73942701227831
21725,232.89999999999998,8793646.000000011,98.94721846739581,66.76671214188268
85023B,232.8,8793878.800000012,98.9498379624789,66.79399727148704
90058B,232.56,8794111.360000012,98.95245475705157,66.82128240109141
23475,232.39999999999998,8794343.760000013,98.95506975128397,66.84856753069577
22512,232.25,8794576.010000013,98.95768305769738,66.87585266030014
84559A,231.98,8794807.990000013,98.9602933260366,66.9031377899045
23447,231.89999999999998,8795039.890000014,98.9629026942057,66.93042291950887
20867,231.47,8795271.360000014,98.96550722396033,66.95770804911322
23465,231.0,8795502.360000014,98.96810646521543,66.9849931787176
20856,231.0,8795733.360000014,98.97070570647053,67.01227830832195
21973,230.54999999999998,8795963.910000015,98.97329988426866,67.03956343792633
47021G,230.39999999999998,8796194.310000015,98.97589237424778,67.06684856753068
20897,230.35,8796424.660000015,98.97848430162055,67.09413369713506
21455,230.35,8796655.010000015,98.98107622899333,67.12141882673943
23446,230.24999999999997,8796885.260000015,98.98366703115346,67.1487039563438
72800C,229.95999999999998,8797115.220000016,98.98625457019685,67.17598908594816
21442,229.45999999999998,8797344.680000016,98.98883648317694,67.20327421555253
21051,228.83,8797573.510000017,98.99141130731721,67.23055934515689
85200,228.75,8797802.260000017,98.99398523128737,67.25784447476126
23036,227.5,8798029.760000017,98.9965450900992,67.28512960436562
85093,227.49,8798257.250000017,98.99910483638979,67.31241473396999
16216,227.14,8798484.390000017,99.00166064443604,67.33969986357435
84678,227.1,8798711.490000017,99.00421600239723,67.36698499317872
22641,225.92,8798937.410000017,99.00675808284896,67.39427012278308
23003,225.78,8799163.190000016,99.00929858800298,67.42155525238745
84661B,225.48999999999998,8799388.680000016,99.01183583004027,67.44884038199181
84952C,225.0,8799613.680000016,99.0143675585355,67.47612551159618
22447,223.95000000000002,8799837.630000016,99.01688747229773,67.50341064120055
22280,223.63,8800061.260000017,99.01940378537947,67.53069577080491
21441,223.3,8800284.560000017,99.02191638525942,67.55798090040928
90161B,222.75,8800507.310000017,99.0244227964697,67.58526603001364
90161C,222.75,8800730.060000017,99.02692920767997,67.61255115961801
85040B,222.74999999999997,8800952.810000017,99.02943561889025,67.63983628922237
21647,222.60000000000002,8801175.410000017,99.03194034228152,67.66712141882674
90160D,222.4,8801397.810000017,99.03444281524749,67.6944065484311
84218,222.29999999999998,8801620.110000018,99.03694416300077,67.72169167803547
85161,221.39999999999998,8801841.510000018,99.03943538384009,67.74897680763983
84422,220.41,8802061.920000019,99.04191546507401,67.7762619372442
72800D,216.74999999999997,8802278.670000019,99.04435436352442,67.80354706684857
37482P,216.26999999999998,8802494.940000018,99.04678786095403,67.83083219645293
20782,215.87,8802710.810000017,99.04921685753297,67.8581173260573
79030D,215.64,8802926.450000018,99.05164326612281,67.88540245566168
90160A,215.45000000000002,8803141.900000017,99.05406753680856,67.91268758526603
23141,215.00000000000003,8803356.900000017,99.05648674403734,67.93997271487041
23580,214.5,8803571.400000017,99.05890032520279,67.96725784447476
85124C,214.2,8803785.600000016,99.06131053073025,67.99454297407912
21293,214.13000000000002,8803999.730000017,99.06371994860885,68.02182810368349
20794,213.14999999999998,8804212.880000018,99.06611833940333,68.04911323328785
22410,212.88,8804425.760000018,99.06851369212363,68.07639836289222
17084N,212.75,8804638.510000018,99.07090758206746,68.10368349249659
21547,212.40000000000003,8804850.910000019,99.07329753376696,68.13096862210095
84051,211.95,8805062.860000018,99.07568242200945,68.15825375170532
84584,211.64999999999998,8805274.510000018,99.07806393461397,68.18553888130968
75178,210.19,8805484.700000018,99.08042901911357,68.21282401091405
84563B,209.55,8805694.250000019,99.08278690225214,68.24010914051841
22164,209.45000000000005,8805903.700000018,99.08514366017802,68.26739427012278
85124B,209.1,8806112.800000018,99.08749647985958,68.29467939972716
84931A,209.1,8806321.900000017,99.08984929954116,68.32196452933151
90147,208.95,8806530.850000016,99.09220043140371,68.34924965893589
72127,208.1,8806738.950000016,99.09454199895863,68.37653478854024
84592,206.50000000000003,8806945.450000016,99.09686556311091,68.40381991814462
20619,206.23000000000002,8807151.680000016,99.09918608918902,68.43110504774897
85071D,205.98,8807357.660000017,99.10150380223546,68.45839017735335
84596J,205.28,8807562.940000016,99.10381363879323,68.4856753069577
47422,205.02,8807767.960000016,99.10612054979808,68.51296043656208
21324,203.55,8807971.510000017,99.10841092017677,68.54024556616643
85230A,203.27999999999997,8808174.790000016,99.11069825248126,68.56753069577081
21580,202.5,8808377.290000016,99.11297680812696,68.59481582537516
21758,202.4,8808579.690000016,99.11525423856,68.62210095497954
84919,201.55,8808781.240000017,99.1175221046854,68.6493860845839
21456,201.25,8808982.490000017,99.11978659517281,68.67667121418826
21147,200.94,8809183.430000016,99.12204759750094,68.70395634379264
85186A,200.34,8809383.770000016,99.1243018485531,68.73124147339699
44235,200.04,8809583.810000015,99.12655272396724,68.75852660300137
22954,200.0,8809783.810000015,99.12880314929635,68.78581173260572
16156L,199.5,8809983.310000015,99.1310479485621,68.8130968622101
22038,199.5,8810182.810000015,99.13329274782787,68.84038199181445
84857C,198.35,8810381.160000015,99.135524607148,68.86766712141883
84926A,198.08999999999997,8810579.250000015,99.1377535409152,68.89495225102318
84563A,198.05,8810777.300000016,99.13998202459734,68.92223738062756
21458,197.5,8810974.800000016,99.14220431960982,68.94952251023192
22044,196.44,8811171.240000015,99.14441468736806,68.9768076398363
21726,196.35,8811367.590000015,99.14662404243488,69.00409276944065
85170B,195.9,8811563.490000015,99.14882833404474,69.03137789904503
20707,195.52,8811759.010000015,99.15102834984644,69.05866302864938
21657,194.60000000000002,8811953.610000014,99.15321801369166,69.08594815825376
47367B,194.55,8812148.160000015,99.15540711493054,69.11323328785812
22257,194.39,8812342.550000016,99.15759441582915,69.14051841746249
21360,194.15,8812536.700000016,99.15977901621737,69.16780354706685
35911A,194.14999999999998,8812730.850000016,99.1619636166056,69.19508867667122
20780,192.86,8812923.710000016,99.16413370175043,69.22237380627558
21801,191.94,8813115.650000015,99.16629343493877,69.24965893587995
21651,191.84999999999997,8813307.500000015,99.16845215543569,69.27694406548432
85169B,191.49,8813498.990000015,99.17060682516703,69.30422919508868
21000,191.25,8813690.240000015,99.17275879438799,69.33151432469305
21676,191.04999999999998,8813881.290000016,99.1749085131836,69.3587994542974
20652,191.01,8814072.300000016,99.17705778189415,69.38608458390178
22137,191.0,8814263.300000016,99.17920693808344,69.41336971350613
22394,190.79999999999998,8814454.100000016,99.1813538438474,69.44065484311051
21945,190.79,8814644.890000015,99.18350063709008,69.46793997271486
20902,190.35,8814835.240000015,99.18564247939705,69.49522510231924
21882,189.98000000000002,8815025.220000016,99.18778015841716,69.5225102319236
20763,189.96,8815215.180000016,99.18991761239472,69.54979536152797
21815,189.95,8815405.130000016,99.19205495385103,69.57708049113234
21253,189.59000000000003,8815594.720000016,99.19418824454173,69.6043656207367
90209B,189.0,8815783.720000016,99.19631489647773,69.63165075034107
90201B,188.8,8815972.520000016,99.1984392979884,69.65893587994543
21161,188.5,8816161.020000016,99.20056032386107,69.6862210095498
84804B,188.37000000000003,8816349.390000015,99.20267988695728,69.71350613915416
85179A,188.31,8816537.700000016,99.20479877492589,69.74079126875853
21425,188.05,8816725.750000017,99.20691473734158,69.7680763983629
90184B,187.95,8816913.700000016,99.20902957454459,69.79536152796726
21520,187.62,8817101.320000015,99.21114069854579,69.82264665757162
84876D,187.5,8817288.820000015,99.21325047229182,69.84993178717599
16048,186.72,8817475.540000016,99.21535146937907,69.87721691678036
85045,186.15,8817661.690000016,99.21744605275413,69.90450204638472
22391,186.05999999999997,8817847.750000017,99.2195396234378,69.93178717598909
84535A,185.1,8818032.850000016,99.22162239207987,69.95907230559345
20819,183.71,8818216.560000017,99.2236895202659,69.98635743519782
84559B,183.6,8818400.160000017,99.22575541071801,70.01364256480218
22216,182.31,8818582.470000017,99.22780678592676,70.04092769440655
35965,181.87,8818764.340000017,99.22985321019976,70.06821282401091
20771,180.91,8818945.250000017,99.2318888324312,70.09549795361528
22541,180.62,8819125.870000016,99.23392119154587,70.12278308321964
84804A,180.58,8819306.450000016,99.23595310057553,70.15006821282401
22157,180.2,8819486.650000015,99.23798073379703,70.17735334242838
23697,179.64,8819666.290000016,99.24000206582762,70.20463847203274
78033,179.35,8819845.640000015,99.24202013474148,70.2319236016371
84707B,178.56,8820024.200000016,99.2440293144753,70.25920873124147
84796A,178.5,8820202.700000016,99.24603781908152,70.28649386084584
21270,178.5,8820381.200000016,99.24804632368773,70.3137789904502
84926F,178.0,8820559.200000016,99.25004920223063,70.34106412005457
21944,177.88,8820737.080000017,99.25205073051833,70.36834924965893
47594B,177.45,8820914.530000016,99.25404742039157,70.3956343792633
84859C,176.39,8821090.920000017,99.25603218301056,70.42291950886766
84313B,175.8,8821266.720000017,99.25801030687484,70.45020463847203
21378,175.04999999999998,8821441.770000018,99.25997999164414,70.4774897680764
84691,174.5,8821616.270000018,99.26194348774378,70.50477489768076
84800M,174.31,8821790.580000019,99.26390484593935,70.53206002728513
90200A,174.25,8821964.830000019,99.26586552900733,70.55934515688949
21807,173.88,8822138.71000002,99.26782204878845,70.58663028649386
21026,173.62,8822312.330000019,99.26977564301663,70.61391541609822
85186C,173.46,8822485.79000002,99.27172743690456,70.64120054570259
21911,173.24999999999997,8822659.04000002,99.27367686784588,70.66848567530695
20769,173.11999999999998,8822832.160000019,99.27562483601075,70.69577080491133
84637,172.55,8823004.71000002,99.27756639046342,70.72305593451568
20847,172.5,8823177.21000002,99.27950738230976,70.75034106412006
84913A,172.05,8823349.26000002,99.28144331069913,70.77762619372442
82011C,172.05,8823521.310000021,99.28337923908849,70.8049113233288
84963A,171.8,8823693.110000022,99.28531235444619,70.83219645293315
85214,169.95,8823863.060000021,99.28722465336958,70.85948158253753
21763,169.75,8824032.810000021,99.28913470186764,70.88676671214188
21656,169.64999999999998,8824202.460000021,99.29104362515305,70.91405184174626
21275,169.5,8824371.960000021,99.29295086061946,70.94133697135061
84875B,168.75,8824540.710000021,99.29484965699088,70.96862210095497
21364,168.75,8824709.460000021,99.2967484533623,70.99590723055934
90114,168.29999999999998,8824877.760000022,99.29864218627674,71.0231923601637
62086A,167.7,8825045.460000021,99.30052916791517,71.05047748976807
84927F,166.35,8825211.810000021,99.30240095918265,71.07776261937244
21306,166.27999999999997,8825378.09000002,99.30427196280125,71.10504774897682
21279,165.75,8825543.84000002,99.30613700279274,71.13233287858117
21280,165.75,8825709.59000002,99.30800204278421,71.15961800818555
BANK CHARGES,165.001,8825874.59100002,99.30985865493285,71.1869031377899
47469,164.51,8826039.10100002,99.31170974228729,71.21418826739428
46118,164.04999999999998,8826203.151000021,99.31355565366349,71.24147339699863
85020,163.8,8826366.951000022,99.31539875200802,71.26875852660301
90209A,163.8,8826530.751000023,99.31724185035257,71.29604365620736
85145,163.75,8826694.501000023,99.31908438609076,71.32332878581174
72801C,163.38,8826857.881000023,99.32092275854211,71.35061391541609
47481,163.37,8827021.251000023,99.32276101847216,71.37789904502047
47578A,163.2,8827184.451000022,99.32459736554068,71.40518417462482
35914,162.25,8827346.701000022,99.32642302308892,71.4324693042292
21333,162.25,8827508.951000022,99.32824868063716,71.45975443383355
21427,161.70000000000002,8827670.651000021,99.33006814951571,71.48703956343793
21750,161.70000000000002,8827832.35100002,99.33188761839428,71.5143246930423
84507C,160.64999999999998,8827993.00100002,99.33369527253988,71.54160982264666
85027L,160.5,8828153.50100002,99.33550123886647,71.56889495225103
37476,160.39,8828313.891000021,99.33730596745914,71.5961800818554
23305,159.9,8828473.791000022,99.33910518250975,71.62346521145976
21367,159.51,8828633.301000021,99.34090000923096,71.65075034106411
20868,159.26000000000002,8828792.561000021,99.34269202292053,71.67803547066849
90082B,158.75,8828951.311000021,99.34447829802549,71.70532060027284
72225C,158.64,8829109.951000022,99.34626333539654,71.73260572987722
22031,158.61,8829268.561000021,99.34804803520377,71.75989085948157
21311,158.23,8829426.791000022,99.3498284592029,71.78717598908595
84877B,157.5,8829584.291000022,99.35160066914955,71.8144611186903
20830,157.5,8829741.791000022,99.35337287909621,71.84174624829468
23143,156.8,8829898.591000022,99.35513721255423,71.86903137789903
23468,156.75,8830055.341000022,99.35690098340591,71.89631650750341
20777,156.75,8830212.091000022,99.35866475425759,71.92360163710778
16258A,156.53,8830368.621000022,99.36042604964139,71.95088676671215
71403,156.35000000000002,8830524.971000021,99.3621853196424,71.97817189631651
22889,156.18,8830681.151000021,99.36394267678189,72.00545702592088
21379,155.61,8830836.76100002,99.36569362020919,72.03274215552524
84799,155.48,8830992.24100002,99.36744310086002,72.0600272851296
21402,155.4,8831147.641000021,99.36919168134072,72.08731241473397
23416,155.06999999999996,8831302.711000022,99.37093654861965,72.11459754433834
35810B,155.03,8831457.74100002,99.37268096581349,72.1418826739427
40003,154.95,8831612.69100002,99.3744244828372,72.16916780354707
21316,153.64000000000001,8831766.33100002,99.376153259575,72.19645293315143
90161D,153.45000000000002,8831919.78100002,99.37787989840875,72.2237380627558
90201C,153.4,8832073.18100002,99.37960597463616,72.25102319236017
18094C,153.1,8832226.28100002,99.38132867522559,72.27830832196453
84827,153.09,8832379.37100002,99.38305126329374,72.3055934515689
22353,153.0,8832532.37100002,99.3847728386705,72.33287858117326
21145,152.5,8832684.87100002,99.38648878798392,72.36016371077763
22289,152.5,8832837.37100002,99.38820473729736,72.38744884038199
20781,152.13,8832989.50100002,99.38991652332393,72.41473396998636
85211,151.92,8833141.42100002,99.39162594640393,72.44201909959072
22032,151.62,8833293.04100002,99.3933319938459,72.46930422919509
22042,151.2,8833444.241000019,99.39503331539468,72.49658935879945
22538,151.07999999999998,8833595.32100002,99.39673328668829,72.52387448840382
22415,151.05,8833746.37100002,99.39843292041809,72.55115961800819
35967,150.54000000000002,8833896.911000019,99.40012681556328,72.57844474761255
35915B,150.14999999999998,8834047.06100002,99.4018163223791,72.60572987721692
84629,150.0,8834197.06100002,99.40350414137593,72.63301500682128
84963B,149.85000000000002,8834346.911000019,99.40519027255374,72.66030013642565
85168B,149.67,8834496.581000019,99.40687437834877,72.68758526603001
21376,149.65,8834646.23100002,99.40855825910127,72.71487039563438
84711B,149.25,8834795.48100002,99.41023763900311,72.74215552523874
47471,148.88,8834944.36100002,99.41191285561808,72.76944065484311
21721,148.75,8835093.11100002,99.4135866094566,72.79672578444747
21028,148.29,8835241.40100002,99.41525518731686,72.82401091405184
84712B,147.87,8835389.271000018,99.41691903928391,72.8512960436562
85146,147.85000000000002,8835537.121000018,99.41858266620844,72.87858117326057
84683,147.35000000000002,8835684.471000018,99.42024066706965,72.90586630286494
21196,146.84999999999997,8835831.321000017,99.42189304186752,72.9331514324693
46000R,146.45,8835977.771000016,99.42354091581474,72.96043656207367
21459,146.25,8836124.021000016,99.42518653933664,72.98772169167803
22202,146.25,8836270.271000016,99.42683216285855,73.0150068212824
84952A,146.21,8836416.481000017,99.42847733629539,73.04229195088676
35957,146.04000000000002,8836562.521000016,99.43012059687068,73.06957708049113
90160B,145.95000000000002,8836708.471000016,99.43176284475457,73.09686221009551
90119,145.76999999999998,8836854.241000015,99.43340306725568,73.12414733969986
72128,145.53,8836999.771000015,99.4350405892464,73.15143246930424
47343A,145.17,8837144.941000015,99.4366740604715,73.17871759890859
90198A,144.5,8837289.441000015,99.43829999277179,73.20600272851297
84688,144.5,8837433.941000015,99.43992592507205,73.23328785811732
21457,143.75,8837577.691000015,99.44154341827733,73.2605729877217
21332,143.3,8837720.991000015,99.44315584802564,73.28785811732605
79190A,142.8,8837863.791000016,99.44476265171062,73.31514324693043
21001,142.8,8838006.591000017,99.4463694553956,73.34242837653478
84508B,142.79999999999998,8838149.391000018,99.44797625908059,73.36971350613915
21132,142.75,8838292.141000018,99.44958250015922,73.39699863574351
21369,142.5,8838434.641000018,99.4511859282062,73.42428376534788
20837,142.47,8838577.111000018,99.45278901868939,73.45156889495225
23694,141.84,8838718.951000018,99.45438502033278,73.47885402455661
21117,141.75,8838860.701000018,99.45598000928477,73.50613915416099
21614,141.60000000000002,8839002.301000018,99.45757331041777,73.53342428376534
21030,141.17,8839143.471000018,99.4591617731363,73.56070941336972
84247G,141.12,8839284.591000017,99.4607496732485,73.58799454297407
22033,141.12,8839425.711000016,99.4623375733607,73.61527967257845
20836,141.1,8839566.811000016,99.46392524843037,73.6425648021828
16054,140.52,8839707.331000015,99.4655063972666,73.66984993178718
21555,140.25,8839847.581000015,99.46708450802862,73.69713506139153
21331,140.25,8839987.831000015,99.46866261879065,73.72442019099591
22408,140.25,8840128.081000015,99.47024072955267,73.75170532060027
20659,139.56,8840267.641000016,99.47181107634732,73.77899045020465
82011B,139.35,8840406.991000015,99.47337906019537,73.806275579809
21344,139.29999999999998,8840546.291000016,99.47494648143709,73.83356070941338
84711A,139.29999999999998,8840685.591000017,99.4765139026788,73.86084583901773
75011,138.76,8840824.351000017,99.47807524777213,73.88813096862211
84192,138.75,8840963.101000017,99.4796364803442,73.91541609822647
21851,138.72,8841101.821000017,99.48119737535247,73.94270122783084
90201A,138.65,8841240.471000018,99.48275748271185,73.9699863574352
35653,138.65,8841379.121000018,99.48431759007124,73.99727148703957
35922,138.6,8841517.721000018,99.4858771348243,74.02455661664393
23304,138.45,8841656.171000017,99.48743499175836,74.05184174624829
16168M,138.18,8841794.351000017,99.48898981061824,74.07912687585267
17038,138.1,8841932.451000016,99.49054372930797,74.10641200545702
20618,137.88000000000002,8842070.331000017,99.49209517252984,74.1336971350614
23417,137.76,8842208.091000017,99.49364526549654,74.16098226466575
20617,137.74,8842345.831000017,99.49519513342068,74.18826739427013
22769,137.7,8842483.531000016,99.49674455125975,74.21555252387448
21736,137.22000000000003,8842620.751000017,99.49828856807805,74.24283765347886
21637,136.25,8842757.001000017,99.49982167033349,74.27012278308321
90185D,136.0,8842893.001000017,99.50135195955727,74.29740791268759
85118,135.74,8843028.741000017,99.50287932322813,74.32469304229195
84429A,135.70000000000002,8843164.441000016,99.5044062368139,74.35197817189632
90201D,135.70000000000002,8843300.141000016,99.5059331503997,74.37926330150069
90143,135.0,8843435.141000016,99.50745218749684,74.40654843110505
84744,135.0,8843570.141000016,99.50897122459398,74.43383356070942
20694,135.0,8843705.141000016,99.5104902616911,74.46111869031378
21942,134.54999999999998,8843839.691000016,99.51200423533126,74.48840381991815
22869,134.54999999999998,8843974.241000017,99.51351820897142,74.51568894952251
20758,134.29999999999998,8844108.541000018,99.51502936957992,74.54297407912688
46000U,133.75,8844242.291000018,99.51653434151875,74.57025920873124
90082A,133.35,8844375.641000018,99.51803481260691,74.59754433833561
84661A,132.99,8844508.631000018,99.51953123292951,74.62482946793997
20757,132.53,8844641.161000017,99.52102247727382,74.65211459754434
62096A,132.5,8844773.661000017,99.52251338405435,74.6793997271487
21401,132.29999999999998,8844905.961000018,99.52400204040954,74.70668485675307
84638,132.05,8845038.011000019,99.52548788373309,74.73396998635744
90030B,131.8,8845169.81100002,99.52697091402497,74.7612551159618
90120C,131.75,8845301.56100002,99.5284533817105,74.78854024556617
79191B,130.9,8845432.46100002,99.5299262850884,74.81582537517053
22395,130.26,8845562.72100002,99.53139198710524,74.8431105047749
84508C,130.04999999999998,8845692.77100002,99.53285532617548,74.87039563437926
85039C,129.94,8845822.71100002,99.5343174275118,74.89768076398363
21319,129.51,8845952.22100002,99.53577469043364,74.924965893588
22870,128.7,8846080.921000019,99.53722283913291,74.95225102319236
21368,128.4,8846209.32100002,99.53866761219419,74.97953615279673
20826,128.4,8846337.72100002,99.54011238525547,75.00682128240109
85095,128.26,8846465.98100002,99.54155558301902,75.03410641200546
84993A,128.1,8846594.081000019,99.5429969804423,75.06139154160982
84882,127.5,8846721.581000019,99.54443162658958,75.08867667121419
90198B,127.5,8846849.081000019,99.54586627273689,75.11596180081855
22124,127.42,8846976.501000019,99.54730001871405,75.14324693042292
21025,127.25,8847103.751000019,99.5487318518297,75.17053206002728
84631,127.2,8847230.951000018,99.55016312233899,75.19781718963165
85130A,127.04999999999998,8847358.001000019,99.55159270502931,75.22510231923602
20903,127.0,8847485.001000019,99.55302172511328,75.25238744884038
21738,126.85000000000001,8847611.851000018,99.55444905737825,75.27967257844475
72130,126.79,8847738.641000018,99.55587571451562,75.30695770804911
23303,126.75,8847865.391000018,99.55730192156793,75.33424283765348
20654,126.69,8847992.081000017,99.55872745349264,75.36152796725784
85067,126.64999999999999,8848118.731000017,99.56015253533229,75.38881309686221
20823,126.4,8848245.131000018,99.56157480414028,75.41609822646657
90210D,125.0,8848370.131000018,99.56298131997097,75.44338335607094
90145,124.95,8848495.081000017,99.56438727319531,75.4706684856753
22263,124.83,8848619.911000017,99.56579187616447,75.49795361527967
85202,124.32,8848744.231000017,99.56719074054902,75.52523874488404
85129B,124.11,8848868.341000017,99.56858724198699,75.55252387448841
72799C,123.68,8848992.021000016,99.5699789050105,75.57980900409277
21377,123.20999999999998,8849115.231000017,99.57136527953449,75.60709413369715
90058A,123.12,8849238.351000017,99.57275064136708,75.6343792633015
20616,122.78,8849361.131000016,99.5741321774766,75.66166439290586
85094,122.75000000000001,8849483.881000016,99.57551337602233,75.68894952251023
85055,122.75,8849606.631000016,99.57689457456806,75.7162346521146
84510C,122.42,8849729.051000016,99.578272059912,75.74351978171896
20735,121.3,8849850.351000017,99.5796369428741,75.77080491132332
84877D,121.25,8849971.601000017,99.58100126322987,75.79809004092769
20845,120.64999999999999,8850092.251000017,99.58235883230965,75.82537517053206
85131B,120.38,8850212.631000018,99.58371336331524,75.85266030013642
84800S,120.07000000000001,8850332.701000018,99.58506440616156,75.87994542974079
22104,120.07,8850452.771000018,99.58641544900789,75.90723055934517
35972,120.0,8850572.771000018,99.58776570420534,75.93451568894952
20696,120.0,8850692.771000018,99.58911595940279,75.9618008185539
44234,119.99999999999999,8850812.771000018,99.59046621460026,75.98908594815825
21027,119.95,8850932.721000018,99.59181590719137,76.01637107776263
23463,119.39999999999999,8851052.121000018,99.59315941111284,76.04365620736698
85087,119.36000000000001,8851171.481000017,99.59450246494924,76.07094133697136
85135A,119.25,8851290.731000017,99.59584428105171,76.09822646657571
84709B,119.0,8851409.731000017,99.59718328412252,76.12551159618009
84741C,117.0,8851526.731000017,99.59849978294004,76.15279672578444
21698,116.62,8851643.351000017,99.59981200594943,76.18008185538882
72780,116.44999999999999,8851759.801000016,99.60112231609727,76.20736698499317
51020A,116.32999999999998,8851876.131000016,99.60243127598994,76.23465211459755
90210C,115.9,8851992.031000016,99.60373539746816,76.2619372442019
21418,115.25,8852107.281000016,99.60503220506405,76.28922237380628
21826,115.0,8852222.281000016,99.60632619962828,76.31650750341065
23185,114.85,8852337.131000016,99.60761850637351,76.343792633015
22135,114.54,8852451.671000015,99.60890732495947,76.37107776261938
10080,114.41,8852566.081000015,99.61019468076898,76.39836289222373
84673B,114.21000000000001,8852680.291000016,99.61147978615317,76.42564802182811
90191,113.9,8852794.191000016,99.61276140337809,76.45293315143246
90192,113.85000000000001,8852908.041000016,99.61404245799667,76.48021828103684
47518F,113.64,8853021.681000017,99.61532114966867,76.50750341064119
84228,113.28,8853134.961000016,99.61659579057506,76.53478854024557
85131D,113.09,8853248.051000016,99.61786829357739,76.56207366984992
84576,111.14999999999999,8853359.201000016,99.61911896745404,76.5893587994543
22882,110.28999999999999,8853469.491000015,99.62035996450176,76.61664392905865
23496,110.0,8853579.491000015,99.62159769843277,76.64392905866303
84925F,109.92999999999999,8853689.421000015,99.6228346447149,76.67121418826738
84595E,109.79999999999998,8853799.221000016,99.62407012822058,76.69849931787176
21400,109.74,8853908.961000016,99.62530493659865,76.72578444747613
84865,109.65,8854018.611000016,99.62653873228533,76.7530695770805
84846A,109.20000000000002,8854127.811000016,99.627767464515,76.78035470668486
35638B,109.2,8854237.011000015,99.6289961967447,76.80763983628923
23578,109.2,8854346.211000014,99.63022492897437,76.83492496589359
22878,109.2,8854455.411000013,99.63145366120403,76.86221009549796
22877,109.2,8854564.611000013,99.63268239343371,76.88949522510232
20655,109.11,8854673.721000012,99.63391011297199,76.91678035470669
17090A,107.44999999999999,8854781.171000011,99.63511915398004,76.94406548431105
21375,107.30000000000001,8854888.471000012,99.6363265071691,76.97135061391542
22872,107.25,8854995.721000012,99.63753329775183,76.99863574351978
21518,106.97999999999999,8855102.701000012,99.63873705026037,77.02592087312414
23477,106.25,8855208.951000012,99.63993258871645,77.05320600272852
85215,105.95000000000002,8855314.901000012,99.64112475153453,77.08049113233287
22874,105.3,8855420.201000012,99.6423096004703,77.10777626193725
16052,105.28999999999999,8855525.491000012,99.6434943368848,77.13506139154161
23574,105.0,8855630.491000012,99.64467581018258,77.16234652114598
22039,105.0,8855735.491000012,99.64585728348034,77.18963165075034
21904,105.0,8855840.491000012,99.64703875677812,77.21691678035471
84461,104.55,8855945.041000012,99.64821516661891,77.24420190995907
23151,104.41000000000001,8856049.451000012,99.64939000116196,77.27148703956344
20775,103.94999999999999,8856153.401000012,99.65055965972675,77.2987721691678
22868,103.35,8856256.751000011,99.65172256701555,77.32605729877217
90014A,103.19999999999999,8856359.95100001,99.65288378648538,77.35334242837654
21814,102.95,8856462.90100001,99.65404219292351,77.3806275579809
22885,102.49,8856565.39100001,99.6551954233834,77.40791268758527
22881,102.49,8856667.88100001,99.6563486538433,77.43519781718963
90196A,102.0,8856769.88100001,99.65749637076114,77.462482946794
21366,102.0,8856871.88100001,99.65864408767897,77.48976807639836
90199C,101.6,8856973.48100001,99.65978730374616,77.51705320600273
22871,101.39999999999999,8857074.88100001,99.66092826938801,77.5443383356071
22876,101.39999999999999,8857176.28100001,99.66206923502986,77.57162346521146
47594A,101.39999999999999,8857277.681000011,99.66321020067171,77.59890859481582
84457,101.14999999999999,8857378.831000011,99.66434835328191,77.62619372442019
35819B,101.08,8857479.911000011,99.66548571824323,77.65347885402456
84509E,101.06,8857580.971000012,99.66662285816203,77.68076398362892
21157,100.80000000000001,8857681.771000013,99.66775707252789,77.70804911323329
16033,100.79999999999998,8857782.571000014,99.66889128689377,77.73533424283765
20796,100.64999999999999,8857883.221000014,99.67002381344065,77.76261937244202
22883,100.53999999999999,8857983.761000013,99.67115510225356,77.78990450204638
85129C,99.88,8858083.641000014,99.67227896466292,77.81718963165075
22875,99.45,8858183.091000013,99.67339798865781,77.84447476125511
35818P,99.18,8858282.271000013,99.6745139745785,77.87175989085948
17091A,98.91,8858381.181000013,99.67562692242501,77.89904502046384
84906,98.6,8858479.781000013,99.67673638211224,77.92633015006821
90184C,98.44999999999999,8858578.231000012,99.67784415398047,77.95361527967259
84723,97.95,8858676.181000011,99.6789462997854,77.98090040927694
84806A,96.88999999999999,8858773.071000012,99.68003651833608,78.00818553888132
22407,96.82,8858869.891000012,99.68112594923791,78.03547066848567
84801A,96.60000000000001,8858966.491000012,99.68221290467186,78.06275579809004
79190D,95.34,8859061.831000011,99.68328568242623,78.0900409276944
90195A,95.2,8859157.03100001,99.68435688488286,78.11732605729877
84666,94.80000000000001,8859251.831000011,99.68542358648887,78.14461118690313
22884,94.69,8859346.52100001,99.68648905036092,78.1718963165075
84898F,94.50000000000001,8859441.02100001,99.68755237632891,78.19918144611187
46776F,94.05000000000001,8859535.071000012,99.68861063883992,78.22646657571623
90125A,93.89999999999999,8859628.971000012,99.68966721353195,78.2537517053206
84569B,93.75,8859722.721000012,99.69072210040495,78.28103683492496
90185A,93.5,8859816.221000012,99.6917741742463,78.30832196452933
90063A,93.5,8859909.721000012,99.69282624808766,78.33560709413369
85167B,93.0,8860002.721000012,99.69387269586568,78.36289222373807
22886,92.74,8860095.461000012,99.6949162180908,78.39017735334242
20731,92.5,8860187.961000012,99.69595703980549,78.4174624829468
20795,92.4,8860280.361000013,99.69699673630754,78.44474761255115
20773,92.39999999999999,8860372.761000013,99.69803643280957,78.47203274215553
82615,91.8,8860464.561000014,99.69906937803565,78.49931787175989
22873,91.64999999999999,8860556.211000014,99.7001006354427,78.52660300136426
90032,90.67,8860646.881000014,99.70112086576565,78.55388813096862
85230F,90.33999999999999,8860737.221000014,99.7021373828868,78.581173260573
47503H,90.13,8860827.351000015,99.70315153706136,78.60845839017735
84748,90.0,8860917.351000015,99.70416422845946,78.63574351978173
37343,89.69999999999999,8861007.051000014,99.70517354421955,78.66302864938608
85179C,89.65,8861096.701000014,99.70618229737332,78.69031377899046
90010E,89.5,8861186.201000014,99.70718936270808,78.71759890859482
35400,89.5,8861275.701000014,99.70819642804285,78.74488403819917
90185C,89.25,8861364.951000014,99.70920068034597,78.77216916780355
90148,89.25,8861454.201000014,99.71020493264908,78.7994542974079
21281,89.24999999999999,8861543.451000014,99.71120918495218,78.82673942701228
90019A,89.10000000000001,8861632.551000014,99.71221174943629,78.85402455661664
21678,88.39999999999999,8861720.951000014,99.71320643743175,78.88130968622102
84984A,88.35000000000001,8861809.301000014,99.71420056282088,78.90859481582537
21370,88.2,8861897.501000013,99.71519300039098,78.93587994542975
90036D,87.45,8861984.951000012,99.71617699886613,78.9631650750341
90180A,87.35,8862072.301000012,99.71715987212862,78.99045020463848
21038,86.75,8862159.051000012,99.7181359941151,79.01773533424283
20774,85.8,8862244.851000013,99.71910142658129,79.04502046384721
90014B,85.5,8862330.351000013,99.72006348340948,79.07230559345156
75172,85.31,8862415.661000013,99.72102340233361,79.09959072305594
90200C,85.0,8862500.661000013,99.72197983309847,79.1268758526603
90120B,85.0,8862585.661000013,99.72293626386333,79.15416098226467
22880,84.94,8862670.601000013,99.72389201950061,79.18144611186904
84527,84.44999999999999,8862755.051000012,99.7248422615958,79.2087312414734
35933,84.36,8862839.411000011,99.7257914909996,79.23601637107777
90122C,84.15,8862923.561000012,99.72673835745682,79.26330150068213
16169K,84.0,8863007.561000012,99.72768353609504,79.2905866302865
21420,83.87,8863091.431000011,99.7286272519568,79.31787175989086
35920,83.75,8863175.181000011,99.72956961756336,79.34515688949523
21032,83.63,8863258.811000012,99.73051063291472,79.3724420190996
90123A,83.3,8863342.111000013,99.73144793506428,79.39972714870396
23442,83.2,8863425.311000012,99.73238411200118,79.42701227830831
21003,82.55,8863507.861000013,99.73331297505578,79.45429740791269
82613A,82.5,8863590.361000013,99.73424127550403,79.48158253751704
21690,82.5,8863672.861000013,99.73516957595227,79.50886766712142
35638A,82.1,8863754.961000012,99.73609337554987,79.53615279672579
16049,82.08,8863837.041000012,99.73701695010493,79.56343792633015
84531B,81.50999999999999,8863918.551000012,99.7379341109478,79.59072305593452
21349,81.0,8863999.551000012,99.73884553320607,79.61800818553888
35915C,80.85,8864080.401000012,99.73975526764536,79.64529331514325
90016A,80.75,8864161.151000012,99.74066387687198,79.67257844474761
21095,80.75,8864241.901000012,99.7415724860986,79.69986357435198
90175C,80.55,8864322.451000012,99.7424788448999,79.72714870395635
90175A,80.55,8864403.001000013,99.74338520370121,79.75443383356071
84809A,79.80000000000001,8864482.801000014,99.74428312340753,79.78171896316508
90162B,79.65,8864562.451000014,99.74517935529484,79.80900409276944
23464,79.2,8864641.651000014,99.74607052372515,79.83628922237381
20821,79.2,8864720.851000013,99.74696169215547,79.86357435197817
84984B,79.05000000000001,8864799.901000014,99.7478511727668,79.89085948158254
21278,79.05,8864878.951000014,99.74874065337814,79.9181446111869
84507B,79.05,8864958.001000015,99.74963013398947,79.94542974079127
84685,78.75,8865036.751000015,99.75051623896279,79.97271487039563
85131C,78.71,8865115.461000016,99.75140189385107,80.0
90123C,77.35,8865192.811000016,99.7522722458471,80.02728512960437
22887,77.14,8865269.951000016,99.75314023489653,80.05457025920873
90016B,76.5,8865346.451000016,99.7540010225849,80.0818553888131
20657,76.39,8865422.841000017,99.75486057253936,80.10914051841746
20941,76.25,8865499.091000017,99.75571854719608,80.13642564802183
90170,75.89999999999999,8865574.991000017,99.75657258360847,80.16371077762619
21372,75.73,8865650.721000018,99.75742470715933,80.19099590723056
23467,75.67,8865726.391000018,99.7582761555826,80.21828103683492
79403,75.64999999999999,8865802.041000018,99.75912737896333,80.24556616643929
20798,75.60000000000001,8865877.641000018,99.75997803973773,80.27285129604365
84847,75.0,8865952.641000018,99.76082194923613,80.30013642564802
84870B,75.0,8866027.641000018,99.76166585873455,80.32742155525239
84870C,75.0,8866102.641000018,99.76250976823296,80.35470668485675
85096,75.0,8866177.641000018,99.76335367773137,80.38199181446112
22764,74.85,8866252.491000017,99.76419589941078,80.40927694406548
20997,74.25,8866326.741000017,99.76503136981421,80.43656207366985
90081A,74.25,8866400.991000017,99.76586684021763,80.46384720327421
46776B,74.25,8866475.241000017,99.76670231062106,80.49113233287858
90030C,74.0,8866549.241000017,99.76753496799282,80.51841746248294
20699,73.94999999999999,8866623.191000016,99.76836706275824,80.54570259208731
20894,73.75,8866696.941000016,99.76919690709835,80.57298772169167
20898,73.75,8866770.691000016,99.77002675143845,80.60027285129604
17084P,73.29,8866843.981000016,99.7708514198003,80.6275579809004
72801D,72.5,8866916.481000016,99.77166719898209,80.65484311050477
46000P,72.25,8866988.731000016,99.77248016513222,80.68212824010914
90018A,72.25,8867060.981000016,99.77329313128234,80.7094133697135
90030A,72.0,8867132.981000016,99.77410328440082,80.73669849931787
84927E,71.82000000000001,8867204.801000016,99.7749114121365,80.76398362892225
84531A,71.75999999999999,8867276.561000016,99.77571886474458,80.7912687585266
90178A,71.69999999999999,8867348.261000015,99.77652564222505,80.81855388813098
90184A,71.6,8867419.861000014,99.77733129449287,80.84583901773533
90098,71.39999999999999,8867491.261000015,99.77813469633536,80.87312414733971
22888,71.28999999999999,8867562.551000014,99.7789368604439,80.90040927694406
20933,71.05,8867633.601000015,99.77973632404206,80.92769440654844
21100,70.95,8867704.551000014,99.78053466242756,80.95497953615279
47589,70.85000000000001,8867775.401000014,99.78133187560039,80.98226466575717
51020B,70.57,8867845.971000014,99.78212593817776,81.00954979536152
90164A,70.35,8867916.321000014,99.78291752528726,81.03683492496589
84661C,70.10000000000001,8867986.421000013,99.78370629936511,81.06412005457025
16161G,70.0,8868056.421000013,99.78449394823029,81.09140518417462
84881,69.85,8868126.271000013,99.78527990927647,81.11869031377898
90124C,69.64999999999999,8868195.921000013,99.78606361989732,81.14597544338335
81952V,69.35,8868265.271000013,99.78684395488018,81.17326057298773
22879,69.34,8868334.611000013,99.78762417734178,81.20054570259208
90158,69.30000000000001,8868403.911000013,99.78840394971832,81.22783083219646
46776A,69.30000000000001,8868473.211000014,99.78918372209486,81.25511596180081
46776E,69.3,8868542.511000015,99.78996349447141,81.28240109140519
84249A,68.84,8868611.351000015,99.79073809086967,81.30968622100954
84231,68.25,8868679.601000015,99.79150604851323,81.33697135061392
85198,68.06,8868747.661000015,99.79227186825273,81.36425648021827
90063B,68.0,8868815.661000015,99.79303701286462,81.39154160982265
90151,68.0,8868883.661000015,99.7938021574765,81.418826739427
22184,68.0,8868951.661000015,99.7945673020884,81.44611186903138
17014A,67.83,8869019.491000015,99.79533053383875,81.47339699863574
35921,67.5,8869086.991000015,99.79609005238733,81.50068212824011
90003D,67.5,8869154.491000015,99.79684957093589,81.52796725784448
85049B,67.5,8869221.991000015,99.79760908948447,81.55525238744885
72811,67.25,8869289.241000015,99.79836579500137,81.58253751705321
85197,67.2,8869356.441000015,99.79912193791193,81.60982264665758
90108,67.2,8869423.641000014,99.79987808082251,81.63710777626194
35819P,66.55,8869490.191000015,99.80062690985078,81.66439290586631
84686,66.39,8869556.581000015,99.80137393853877,81.69167803547067
90164B,65.7,8869622.281000014,99.80211320325937,81.71896316507502
90000A,65.45,8869687.731000014,99.80284965494832,81.7462482946794
90125D,65.39999999999999,8869753.131000014,99.80358554403092,81.77353342428376
84247K,64.9,8869818.031000014,99.80431580705022,81.80081855388813
84247N,64.9,8869882.931000015,99.80504607006951,81.82810368349249
90073,64.35000000000001,8869947.281000014,99.80577014441914,81.85538881309687
90146,63.75,8870011.031000014,99.8064874674928,81.88267394270122
85026B,63.75,8870074.781000014,99.80720479056644,81.9099590723056
21692,63.75,8870138.531000014,99.80792211364009,81.93724420190996
84875D,63.75,8870202.281000014,99.80863943671375,81.96452933151433
85188B,63.74999999999999,8870266.031000014,99.80935675978739,81.9918144611187
90125C,63.3,8870329.331000015,99.81006901940405,82.01909959072306
35815P,63.28000000000001,8870392.611000014,99.81078105397818,82.04638472032742
22145,63.0,8870455.611000014,99.81148993795684,82.07366984993179
84452,62.9,8870518.511000015,99.81219769672283,82.10095497953616
47591B,62.699999999999996,8870581.211000014,99.8129032050635,82.12824010914052
90010B,62.64999999999999,8870643.861000014,99.81360815079785,82.15552523874489
90010A,62.64999999999999,8870706.511000015,99.81431309653219,82.18281036834925
35637C,62.6,8870769.111000014,99.8150174796602,82.21009549795362
40046A,62.5,8870831.611000014,99.81572073757553,82.23738062755798
84760S,62.349999999999994,8870893.961000014,99.81642230767187,82.26466575716235
17011F,62.150000000000006,8870956.111000014,99.8171216273429,82.29195088676671
21087,62.120000000000005,8871018.231000014,99.81782060945011,82.31923601637108
90129B,61.95000000000001,8871080.181000013,99.81851767869577,82.34652114597544
20848,61.95,8871142.131000012,99.81921474794146,82.37380627557981
71496A,61.86000000000001,8871203.991000012,99.81991080449573,82.40109140518418
16151A,61.25,8871265.241000012,99.82059999725277,82.42837653478854
21655,60.84,8871326.081000011,99.82128457663788,82.4556616643929
84859B,60.68,8871386.761000011,99.82196735568273,82.48294679399727
84984D,60.45,8871447.21100001,99.82264754673842,82.51023192360164
37479B,60.33,8871507.54100001,99.82332638753896,82.537517053206
37467,60.04,8871567.58100001,99.82400196522275,82.56480218281037
90173,60.0,8871627.58100001,99.82467709282147,82.59208731241473
82011A,60.0,8871687.58100001,99.8253522204202,82.6193724420191
90013A,60.0,8871747.58100001,99.82602734801893,82.64665757162346
46126A,60.0,8871807.58100001,99.82670247561765,82.67394270122783
90124A,59.699999999999996,8871867.281000009,99.82737422757837,82.7012278308322
84910A,59.5,8871926.781000009,99.82804372911377,82.72851296043656
84985A,59.449999999999996,8871986.231000008,99.82871266804285,82.75579809004093
90206C,59.400000000000006,8872045.631000008,99.82938104436559,82.78308321964529
46776D,59.400000000000006,8872105.031000009,99.83004942068834,82.81036834924966
84905,59.400000000000006,8872164.43100001,99.83071779701108,82.83765347885402
21910,59.39999999999999,8872223.83100001,99.83138617333383,82.86493860845839
90183A,59.00000000000001,8872282.83100001,99.83205004880591,82.89222373806275
79071B,59.0,8872341.83100001,99.832713924278,82.91950886766712
90166,58.900000000000006,8872400.73100001,99.8333766745374,82.94679399727148
21946,58.9,8872459.63100001,99.83403942479684,82.97407912687585
20760,58.65,8872518.28100001,99.8346993620246,83.00136425648022
90210B,58.6,8872576.88100001,99.83535873664601,83.02864938608458
71495B,58.56,8872635.44100001,99.83601766118238,83.05593451568895
71406C,57.96,8872693.401000012,99.83666983444276,83.08321964529331
84466,57.5,8872750.901000012,99.83731683172488,83.11050477489768
84597C,57.5,8872808.401000012,99.837963829007,83.13778990450204
85006,57.25,8872865.651000012,99.83860801325744,83.16507503410642
90204,56.95,8872922.601000011,99.8392488218699,83.19236016371077
44236,56.52,8872979.12100001,99.83988479206789,83.21964529331515
47341B,56.25,8873035.37100001,99.8405177241917,83.2469304229195
84874B,56.1,8873091.47100001,99.84114896849651,83.27421555252388
85008,55.95,8873147.42100001,99.84177852498232,83.30150068212824
90214A,55.71,8873203.13100001,99.84240538095774,83.32878581173262
84679,55.7,8873258.83100001,99.84303212441189,83.35607094133697
90036E,55.650000000000006,8873314.48100001,99.84365830525971,83.38335607094135
21777,55.65,8873370.13100001,99.84428448610754,83.4106412005457
21002,55.25,8873425.38100001,99.84490616610469,83.43792633015006
90185B,55.25,8873480.63100001,99.84552784610186,83.46521145975443
21722,55.24999999999999,8873535.88100001,99.84614952609901,83.4924965893588
84750B,54.99,8873590.87100001,99.84676828054326,83.51978171896316
20835,54.779999999999994,8873645.65100001,99.84738467204089,83.54706684856752
72132,54.599999999999994,8873700.25100001,99.84799903815572,83.5743519781719
90081C,54.45,8873754.701000009,99.84861171645156,83.60163710777626
46776C,54.45,8873809.151000008,99.84922439474741,83.62892223738064
16046,54.4,8873863.551000008,99.84983651043692,83.65620736698499
20759,54.4,8873917.951000009,99.85044862612644,83.68349249658937
37333,54.3,8873972.25100001,99.8510596166033,83.71077762619372
20869,54.21000000000001,8874026.46100001,99.85166959438875,83.7380627557981
20793,54.0,8874080.46100001,99.85227720922761,83.76534788540245
79323B,54.0,8874134.46100001,99.85288482406646,83.79263301500683
84927A,53.85,8874188.31100001,99.85349075108631,83.81991814461118
72801G,53.75,8874242.06100001,99.85409555289351,83.84720327421556
20851,53.550000000000004,8874295.61100001,99.85469810427539,83.87448840381991
82095,53.550000000000004,8874349.161000011,99.85530065565726,83.90177353342429
47586A,53.55,8874402.711000012,99.85590320703913,83.92905866302864
20756,53.55,8874456.261000013,99.856505758421,83.95634379263302
20857,52.8,8874509.061000014,99.85709987070788,83.98362892223739
35968,52.760000000000005,8874561.821000014,99.8576935329097,84.01091405184175
84805B,52.5,8874614.321000014,99.8582842695586,84.03819918144612
84842,52.5,8874666.821000014,99.85887500620748,84.06548431105048
84805A,52.5,8874719.321000014,99.85946574285637,84.09276944065485
90176D,52.5,8874771.821000014,99.86005647950526,84.1200545702592
37479P,52.5,8874824.321000014,99.86064721615413,84.14733969986358
90039D,52.5,8874876.821000014,99.86123795280302,84.17462482946793
35649,51.82,8874928.641000014,99.8618210380058,84.20190995907231
85028S,51.599999999999994,8874980.241000013,99.8624016477407,84.22919508867666
84597B,51.25,8875031.491000013,99.86297831923127,84.25648021828104
90194,51.0,8875082.491000013,99.8635521776902,84.28376534788539
90196B,51.0,8875133.491000013,99.86412603614912,84.31105047748977
90099,51.0,8875184.491000013,99.86469989460804,84.33833560709414
84872A,50.849999999999994,8875235.341000013,99.86527206524795,84.3656207366985
90199A,50.8,8875286.141000014,99.86584367328155,84.39290586630287
20910,50.8,8875336.941000015,99.86641528131514,84.42019099590723
21460,50.699999999999996,8875387.641000014,99.86698576413606,84.4474761255116
17007B,50.400000000000006,8875438.041000014,99.86755287131899,84.47476125511596
47348A,50.31,8875488.351000015,99.86811896581054,84.50204638472033
44242B,50.28,8875538.631000014,99.86868472273827,84.5293315143247
35265,50.25,8875588.881000014,99.8692501421022,84.55661664392906
90129C,50.150000000000006,8875639.031000014,99.86981443625348,84.58390177353343
90177D,50.150000000000006,8875689.181000015,99.87037873040475,84.61118690313779
72812,49.980000000000004,8875739.161000015,99.8709411116945,84.63847203274216
21031,49.96,8875789.121000016,99.87150326794172,84.66575716234652
90086,49.93,8875839.051000016,99.87206508662511,84.69304229195089
84497,48.75,8875887.801000016,99.87261362779908,84.72032742155525
72133,48.75,8875936.551000016,99.87316216897305,84.74761255115962
21943,48.449999999999996,8875985.001000015,99.87370733450902,84.77489768076398
21720,48.449999999999996,8876033.451000014,99.87425250004497,84.80218281036835
84402B,48.19,8876081.641000014,99.87479474002802,84.82946793997272
90031,48.0,8876129.641000014,99.875334842107,84.85675306957708
21816,47.849999999999994,8876177.491000013,99.87587325636699,84.88403819918145
90036A,47.7,8876225.191000013,99.87640998280797,84.91132332878581
90036C,47.7,8876272.891000012,99.87694670924895,84.93860845839018
90123B,47.6,8876320.491000012,99.87748231047726,84.96589358799454
90070,47.6,8876368.091000011,99.87801791170558,84.99317871759891
17084J,47.25,8876415.341000011,99.87854957468957,85.02046384720327
84086B,47.2,8876462.54100001,99.87908067506724,85.04774897680764
84715,47.2,8876509.74100001,99.8796117754449,85.075034106412
84706F,47.2,8876556.941000009,99.88014287582256,85.10231923601637
90129F,47.2,8876604.141000008,99.88067397620021,85.12960436562074
72134,47.18,8876651.321000008,99.88120485153534,85.1568894952251
84750A,46.8,8876698.121000009,99.88173145106236,85.18417462482947
84857B,46.8,8876744.92100001,99.88225805058939,85.21145975443383
84549,46.349999999999994,8876791.271000009,99.88277958665938,85.2387448840382
84801B,46.2,8876837.471000008,99.8832994349104,85.26603001364256
85160B,46.11,8876883.581000008,99.88381827047002,85.29331514324693
85031A,45.9,8876929.481000008,99.88433474308304,85.3206002728513
35916C,45.9,8876975.381000008,99.88485121569607,85.34788540245566
21089,45.730000000000004,8877021.111000009,99.88536577544758,85.37517053206003
84247L,45.36,8877066.471000008,99.88587617191222,85.40245566166439
35833P,45.0,8877111.471000008,99.88638251761127,85.42974079126876
90155,45.0,8877156.471000008,99.8868888633103,85.45702592087312
90003C,45.0,8877201.471000008,99.88739520900936,85.48431105047749
21413,45.0,8877246.471000008,99.88790155470839,85.51159618008185
90161A,44.550000000000004,8877291.021000009,99.88840283695046,85.53888130968622
21847,44.550000000000004,8877335.57100001,99.88890411919252,85.5661664392906
90133,44.55,8877380.12100001,99.88940540143459,85.59345156889495
90142D,44.55,8877424.671000011,99.88990668367666,85.62073669849933
90082D,44.449999999999996,8877469.12100001,99.89040684070604,85.64802182810368
85185D,44.25000000000001,8877513.37100001,99.89090474731009,85.67530695770806
20653,43.67,8877557.04100001,99.8913961276807,85.70259208731241
47344B,43.66,8877600.70100001,99.89188739553005,85.72987721691678
79063C,43.65,8877644.351000011,99.89237855085813,85.75716234652114
20697,43.349999999999994,8877687.70100001,99.8928663305482,85.78444747612551
46138B,43.15,8877730.851000011,99.89335185981297,85.81173260572987
90035A,43.0,8877773.851000011,99.89383570125871,85.83901773533424
79144B,42.54,8877816.39100001,99.8943143667262,85.8663028649386
22987,42.0,8877858.39100001,99.89478695604531,85.89358799454297
17084A,42.0,8877900.39100001,99.89525954536442,85.92087312414733
90050,41.7,8877942.09100001,99.89572875904554,85.9481582537517
90051,41.7,8877983.791000009,99.89619797272663,85.97544338335608
15030,41.47,8878025.26100001,99.89666459841862,86.00272851296043
90162C,41.300000000000004,8878066.56100001,99.8971293112491,86.03001364256481
90064B,41.25,8878107.81100001,99.89759346147322,86.05729877216916
90013C,41.25,8878149.06100001,99.89805761169734,86.08458390177354
84921,41.25,8878190.31100001,99.89852176192147,86.11186903137789
75013B,41.24999999999999,8878231.56100001,99.8989859121456,86.13915416098227
23448,41.24999999999999,8878272.81100001,99.89945006236972,86.16643929058662
20662,40.97,8878313.78100001,99.8999110619984,86.193724420191
84673A,40.95,8878354.73100001,99.90037183658453,86.22100954979535
90174,40.8,8878395.53100001,99.90083092335166,86.24829467939973
20698,40.8,8878436.331000011,99.9012900101188,86.27557980900409
90065A,40.5,8878476.831000011,99.90174572124795,86.30286493860847
10120,40.32,8878517.151000012,99.9021994069943,86.33015006821282
17012E,40.05,8878557.201000012,99.90265005466645,86.3574351978172
85092,40.05,8878597.251000013,99.9031007023386,86.38472032742156
90214C,40.04,8878637.291000012,99.90355123748948,86.41200545702591
90124B,39.8,8878677.091000013,99.90399907212999,86.43929058663029
84725,39.65,8878716.741000013,99.9044452189515,86.46657571623464
90122A,39.6,8878756.341000013,99.90489080316664,86.49386084583902
84927D,39.39,8878795.731000014,99.9053340244352,86.52114597544337
84575A,39.3,8878835.031000014,99.90577623301239,86.54843110504775
21307,39.199999999999996,8878874.231000014,99.90621731637688,86.5757162346521
84534B,39.1,8878913.331000013,99.90665727452871,86.60300136425649
35910A,39.0,8878952.331000013,99.90709610746788,86.63028649386084
47341A,38.75,8878991.081000013,99.9075321273754,86.65757162346522
21393,38.67,8879029.751000013,99.90796724711278,86.68485675306957
16207A,38.35000000000001,8879068.101000013,99.90839876616963,86.71214188267395
90177C,38.35000000000001,8879106.451000012,99.90883028522649,86.7394270122783
85089,38.35,8879144.801000012,99.90926180428332,86.76671214188268
84907,38.25,8879183.051000012,99.90969219812752,86.79399727148704
84925D,38.25,8879221.301000012,99.9101225919717,86.82128240109141
84617,38.25,8879259.551000012,99.9105529858159,86.84856753069577
90101,38.25,8879297.801000012,99.91098337966008,86.87585266030014
85086A,38.25,8879336.051000012,99.91141377350428,86.9031377899045
21392,38.13,8879374.181000013,99.91184281709327,86.93042291950887
23038,38.029999999999994,8879412.211000012,99.91227073546959,86.95770804911324
81952B,38.0,8879450.211000012,99.91269831628212,86.9849931787176
84033,37.95,8879488.161000011,99.91312533448831,87.01227830832197
84809B,37.800000000000004,8879525.961000012,99.91355066487552,87.03956343792633
90002D,37.5,8879563.461000012,99.91397261962473,87.0668485675307
20700,37.5,8879600.961000012,99.91439457437392,87.09413369713505
90072,37.5,8879638.461000012,99.91481652912313,87.12141882673943
72709,37.4,8879675.861000013,99.91523735865967,87.1487039563438
47420,37.24,8879713.101000013,99.91565638785596,87.17598908594816
84751B,37.11,8879750.211000012,99.91607395427576,87.20327421555253
71510,36.519999999999996,8879786.731000012,99.91648488194085,87.23055934515689
17090D,36.25,8879822.981000012,99.91689277153174,87.25784447476126
90210A,35.9,8879858.881000012,99.91729672287832,87.28512960436562
85216,35.75,8879894.631000012,99.9176989864059,87.31241473396999
90000D,35.7,8879930.331000011,99.91810068732713,87.33969986357435
35911B,35.7,8879966.03100001,99.91850238824837,87.36698499317872
84798A,35.699999999999996,8880001.73100001,99.9189040891696,87.39427012278308
90186B,35.400000000000006,8880037.13100001,99.91930241445286,87.42155525238745
90012B,35.400000000000006,8880072.53100001,99.9197007397361,87.44884038199181
90202D,35.400000000000006,8880107.931000011,99.92009906501936,87.47612551159618
20661,35.07,8880143.001000011,99.92049367710082,87.50341064120055
72369A,35.0,8880178.001000011,99.92088750153341,87.53069577080491
90049,34.77,8880212.77100001,99.92127873797688,87.55798090040928
90214K,34.75,8880247.52100001,99.92166974937781,87.58526603001364
79063D,34.72,8880282.241000012,99.92206042321494,87.61255115961801
90157,34.65,8880316.891000012,99.92245030940322,87.63983628922237
71495A,34.56,8880351.451000012,99.92283918290008,87.66712141882674
84226,34.510000000000005,8880385.961000012,99.9232274937906,87.6944065484311
20827,34.32,8880420.281000013,99.92361366677709,87.72169167803547
84251G,34.2,8880454.481000012,99.92399848950836,87.74897680763983
84922,34.0,8880488.481000012,99.9243810618143,87.7762619372442
90024B,34.0,8880522.481000012,99.92476363412025,87.80354706684857
90023,34.0,8880556.481000012,99.92514620642619,87.83083219645293
90018B,34.0,8880590.481000012,99.92552877873214,87.8581173260573
84873A,33.9,8880624.381000012,99.92591022582543,87.88540245566166
20980,33.75,8880658.131000012,99.92628998509971,87.91268758526603
90087,33.66,8880691.791000012,99.9266687316826,87.9399727148704
81950B,33.64,8880725.431000013,99.92704725322295,87.96725784447477
72783,33.6,8880759.031000013,99.92742532467824,87.99454297407912
37423,33.18,8880792.211000012,99.92779867024034,88.0218281036835
90094,33.15,8880825.361000013,99.92817167823864,88.04911323328785
62094B,33.15,8880858.511000013,99.92854468623695,88.07639836289223
90014C,32.8,8880891.311000014,99.92891375599092,88.10368349249659
17109D,32.349999999999994,8880923.661000013,99.9292777622879,88.13096862210095
84824,31.9,8880955.561000014,99.92963670512789,88.15825375170532
90036B,31.8,8880987.361000014,99.92999452275522,88.18553888130968
90036F,31.8,8881019.161000015,99.93035234038256,88.21282401091405
37444A,31.130000000000003,8881050.291000016,99.93070261908504,88.24010914051841
79406,30.8,8881081.091000017,99.93104918458573,88.26739427012278
44228,30.599999999999998,8881111.691000016,99.93139349966108,88.29467939972714
85018D,30.599999999999998,8881142.291000016,99.93173781473642,88.32196452933151
37444C,30.45,8881172.741000015,99.93208044199277,88.34924965893588
35610C,30.0,8881202.741000015,99.93241800579213,88.37653478854025
35610B,30.0,8881232.741000015,99.9327555695915,88.4038199181446
90163A,30.0,8881262.741000015,99.93309313339086,88.43110504774899
90003E,30.0,8881292.741000015,99.93343069719023,88.45839017735334
21486,30.0,8881322.741000015,99.93376826098958,88.48567530695772
90022,30.0,8881352.741000015,99.93410582478896,88.51296043656207
20878,30.0,8881382.741000015,99.9344433885883,88.54024556616645
21310,29.95,8881412.691000015,99.93478038978134,88.5675306957708
21667,29.9,8881442.591000015,99.93511682836804,88.59481582537518
90136,29.849999999999998,8881472.441000015,99.9354527043484,88.62210095497953
90180B,29.849999999999998,8881502.291000014,99.93578858032876,88.64938608458391
84251B,29.830000000000002,8881532.121000014,99.9361242312666,88.67667121418826
90211A,29.75,8881561.871000014,99.93645898203431,88.70395634379264
90206A,29.700000000000003,8881591.571000014,99.93679317019567,88.73124147339699
90135,29.700000000000003,8881621.271000013,99.93712735835703,88.75852660300137
90141B,29.700000000000003,8881650.971000012,99.93746154651839,88.78581173260574
21757,29.700000000000003,8881680.671000011,99.93779573467975,88.81309686221009
21040,29.7,8881710.37100001,99.93812992284111,88.84038199181447
35816P,29.64,8881740.011000011,99.9384634358749,88.86766712141882
17136A,29.59,8881769.601000011,99.93879638630233,88.8949522510232
90067A,29.500000000000004,8881799.101000011,99.93912832403838,88.92223738062755
90162D,29.500000000000004,8881828.601000011,99.93946026177441,88.94952251023193
84465,29.5,8881858.101000011,99.93979219951046,88.97680763983628
82605,29.400000000000002,8881887.501000011,99.94012301203384,89.00409276944066
20670,29.28,8881916.78100001,99.940452474302,89.03137789904501
85030,29.25,8881946.03100001,99.94078159900639,89.05866302864939
90214L,29.189999999999998,8881975.22100001,99.94111004858317,89.08594815825374
35913B,28.9,8882004.12100001,99.94143523504322,89.11323328785812
17165D,28.35,8882032.47100001,99.94175423283362,89.14051841746247
16254,27.91,8882060.38100001,99.94206827968829,89.16780354706685
84613A,27.900000000000002,8882088.28100001,99.9423822140217,89.19508867667122
90131,27.8,8882116.081000011,99.94269502314246,89.22237380627558
90214E,27.25,8882143.331000011,99.94300164359355,89.24965893587995
90116,27.04,8882170.37100001,99.94330590109803,89.27694406548432
79323P,27.0,8882197.37100001,99.94360970851746,89.30422919508868
23702,27.0,8882224.37100001,99.94391351593688,89.33151432469305
84199,26.88,8882251.251000011,99.94421597310112,89.35879945429741
90175D,26.849999999999998,8882278.101000011,99.94451809270156,89.38608458390178
35598A,26.550000000000004,8882304.651000012,99.944816836664,89.41336971350614
90130B,26.55,8882331.201000012,99.94511558062644,89.44065484311051
84675,26.55,8882357.751000013,99.94541432458888,89.46793997271487
90205A,26.4,8882384.151000014,99.94571138073233,89.49522510231922
84539,26.4,8882410.551000014,99.94600843687577,89.5225102319236
72140E,26.349999999999998,8882436.901000014,99.94630493041288,89.54979536152796
90144,26.25,8882463.151000014,99.94660029873732,89.57708049113234
90064A,26.25,8882489.401000014,99.94689566706178,89.6043656207367
85017C,26.17,8882515.571000014,99.94719013521608,89.63165075034107
21011,26.099999999999998,8882541.671000013,99.94748381572153,89.65893587994543
84510E,26.05,8882567.721000014,99.94777693362064,89.6862210095498
90214S,26.0,8882593.721000014,99.94806948891343,89.71350613915416
90214D,25.71,8882619.431000015,99.9483587810895,89.74079126875853
84706D,25.7,8882645.131000014,99.94864796074427,89.7680763983629
84968B,25.5,8882670.631000014,99.94893488997373,89.79536152796726
84840,25.5,8882696.131000014,99.94922181920319,89.82264665757162
90029,25.5,8882721.631000014,99.94950874843265,89.84993178717599
90026D,25.5,8882747.131000014,99.94979567766211,89.87721691678036
90026C,25.5,8882772.631000014,99.95008260689157,89.90450204638472
90018C,25.5,8882798.131000014,99.95036953612103,89.93178717598909
90208,25.499999999999996,8882823.631000014,99.95065646535049,89.95907230559345
84803B,25.35,8882848.981000014,99.95094170676094,89.98635743519782
35910B,25.349999999999998,8882874.331000013,99.9512269481714,90.01364256480218
90125B,24.9,8882899.231000014,99.95150712612488,90.04092769440655
90043,24.810000000000002,8882924.041000014,99.95178629138695,90.06821282401091
84854,24.75,8882948.791000014,99.95206478152143,90.09549795361528
20820,24.75,8882973.541000014,99.9523432716559,90.12278308321964
84548,24.75,8882998.291000014,99.95262176179038,90.15006821282401
90079,24.75,8883023.041000014,99.95290025192486,90.17735334242838
20778,24.75,8883047.791000014,99.95317874205934,90.20463847203274
37468,24.57,8883072.361000014,99.95345520681101,90.2319236016371
90040C,24.5,8883096.861000014,99.95373088391383,90.25920873124147
79144C,24.06,8883120.921000015,99.95400161008094,90.28649386084584
84993B,23.94,8883144.861000014,99.95427098599282,90.3137789904502
22125,23.8,8883168.661000015,99.95453878660699,90.34106412005457
90211B,23.8,8883192.461000016,99.95480658722116,90.36834924965895
21357,23.75,8883216.211000016,99.955073825229,90.3956343792633
90012A,23.6,8883239.811000016,99.95533937541782,90.42291950886766
35909B,23.6,8883263.411000015,99.95560492560665,90.45020463847203
35909A,23.6,8883287.011000015,99.95587047579548,90.4774897680764
90129D,23.6,8883310.611000014,99.95613602598429,90.50477489768076
21336,23.6,8883334.211000014,99.95640157617312,90.53206002728513
47369A,23.6,8883357.811000014,99.95666712636196,90.55934515688949
84522,23.4,8883381.211000014,99.95693042612547,90.58663028649386
85195,23.1,8883404.311000014,99.95719035025098,90.61391541609822
85206B,23.099999999999998,8883427.411000013,99.95745027437648,90.64120054570259
90212C,22.5,8883449.911000013,99.957703447226,90.66848567530695
90176E,22.5,8883472.411000013,99.95795662007552,90.69577080491132
90038A,22.5,8883494.911000013,99.95820979292505,90.72305593451568
90038C,22.5,8883517.411000013,99.95846296577457,90.75034106412005
90003B,22.5,8883539.911000013,99.9587161386241,90.77762619372443
90039A,22.5,8883562.411000013,99.95896931147362,90.80491132332878
90038B,22.5,8883584.911000013,99.95922248432313,90.83219645293316
20701,22.5,8883607.411000013,99.95947565717267,90.85948158253751
90039B,22.5,8883629.911000013,99.95972883002219,90.88676671214189
90214M,22.23,8883652.141000014,99.95997896479753,90.91405184174624
84306,21.9,8883674.041000014,99.96022538637106,90.94133697135062
90035C,21.5,8883695.541000014,99.96046730709394,90.96862210095497
84387A,21.45,8883716.991000013,99.96070866521048,90.99590723055935
20695,21.25,8883738.241000013,99.96094777290169,91.0231923601637
90001D,21.25,8883759.491000013,99.9611868805929,91.05047748976808
79191D,21.249999999999996,8883780.741000013,99.96142598828412,91.07776261937244
16169P,21.0,8883801.741000013,99.96166228294368,91.1050477489768
90040A,21.0,8883822.741000013,99.96189857760324,91.13233287858117
23692,21.0,8883843.741000013,99.96213487226278,91.15961800818553
17001,20.88,8883864.621000014,99.96236981666715,91.18690313778991
90195B,20.849999999999998,8883885.471000014,99.96260442350771,91.21418826739426
90202C,20.650000000000002,8883906.121000014,99.96283677992294,91.24147339699864
90129A,20.650000000000002,8883926.771000015,99.96306913633818,91.268758526603
90177B,20.650000000000002,8883947.421000015,99.9633014927534,91.29604365620737
90202B,20.650000000000002,8883968.071000015,99.96353384916864,91.32332878581173
90011B,20.650000000000002,8883988.721000016,99.96376620558387,91.3506139154161
90085,20.4,8884009.121000016,99.96399574896745,91.37789904502046
90096,20.4,8884029.521000016,99.96422529235102,91.40518417462484
90103,20.4,8884049.921000017,99.96445483573459,91.43246930422919
90093,20.39,8884070.311000017,99.96468426659689,91.45975443383357
20818,20.0,8884090.311000017,99.96490930912981,91.48703956343792
21681,19.9,8884110.211000018,99.96513322645005,91.5143246930423
35817P,19.86,8884130.071000017,99.96535669368522,91.54160982264665
90019C,19.8,8884149.871000018,99.96557948579282,91.56889495225103
90141A,19.8,8884169.671000019,99.96580227790041,91.5961800818554
90141C,19.8,8884189.47100002,99.96602507000799,91.62346521145976
90138,19.8,8884209.27100002,99.96624786211558,91.65075034106412
85024C,19.799999999999997,8884229.071000021,99.96647065422317,91.67803547066849
22351,19.799999999999997,8884248.871000022,99.96669344633075,91.70532060027286
37487B,19.72,8884268.591000022,99.96691533826821,91.73260572987722
85028L,19.5,8884288.091000022,99.9671347547378,91.75989085948159
79062D,19.4,8884307.491000023,99.96735304599473,91.78717598908594
85047,19.049999999999997,8884326.541000023,99.96756739900732,91.81446111869032
20901,19.049999999999997,8884345.591000024,99.96778175201993,91.84174624829467
72051S,18.9,8884364.491000025,99.96799441721353,91.86903137789905
90214I,18.77,8884383.261000024,99.96820561963067,91.8963165075034
21416,18.75,8884402.011000024,99.96841659700527,91.92360163710778
21538,18.75,8884420.761000024,99.96862757437988,91.95088676671213
21018,18.7,8884439.461000023,99.96883798914814,91.97817189631651
90214Y,18.65,8884458.111000024,99.96904784131007,92.00545702592088
90214G,18.5,8884476.611000024,99.96925600565302,92.03274215552524
35607B,18.240000000000002,8884494.851000024,99.96946124444304,92.0600272851296
72821,18.15,8884513.001000024,99.96966547054166,92.08731241473397
90074,17.9,8884530.901000025,99.96986688360862,92.11459754433834
90060D,17.85,8884548.751000024,99.97006773406923,92.1418826739427
90123D,17.85,8884566.601000024,99.97026858452985,92.16916780354707
21661,17.85,8884584.451000024,99.97046943499046,92.19645293315143
90000B,17.85,8884602.301000023,99.97067028545108,92.2237380627558
90179A,17.85,8884620.151000023,99.9708711359117,92.25102319236017
90152A,17.85,8884638.001000023,99.97107198637232,92.27830832196453
84798B,17.849999999999998,8884655.851000022,99.97127283683294,92.3055934515689
20935,17.700000000000003,8884673.551000021,99.97147199947455,92.33287858117326
90202A,17.700000000000003,8884691.25100002,99.97167116211617,92.36016371077763
90162A,17.700000000000003,8884708.95100002,99.97187032475779,92.38744884038199
90129E,17.700000000000003,8884726.65100002,99.97206948739941,92.41473396998636
90182C,17.700000000000003,8884744.351000018,99.97226865004102,92.44201909959072
90168,17.700000000000003,8884762.051000018,99.97246781268262,92.46930422919509
90177A,17.700000000000003,8884779.751000017,99.97266697532426,92.49658935879945
90177E,17.700000000000003,8884797.451000016,99.97286613796587,92.52387448840382
20664,17.700000000000003,8884815.151000015,99.97306530060747,92.55115961800819
90190B,17.700000000000003,8884832.851000015,99.9732644632491,92.57844474761255
90190A,17.700000000000003,8884850.551000014,99.97346362589072,92.60572987721692
79331,17.5,8884868.051000014,99.97366053810701,92.63301500682128
35597D,17.48,8884885.531000014,99.97385722528078,92.66030013642565
90214J,17.23,8884902.761000015,99.9740510994229,92.68758526603001
37489D,17.16,8884919.921000015,99.97424418591613,92.71487039563438
90028,17.0,8884936.921000015,99.9744354720691,92.74215552523874
90026A,17.0,8884953.921000015,99.97462675822207,92.76944065484311
90026B,17.0,8884970.921000015,99.97481804437504,92.79672578444747
47574B,17.0,8884987.921000015,99.97500933052802,92.82401091405184
35916A,17.0,8885004.921000015,99.975200616681,92.8512960436562
35645,17.0,8885021.921000015,99.97539190283396,92.87858117326057
90024F,17.0,8885038.921000015,99.97558318898695,92.90586630286494
90024C,17.0,8885055.921000015,99.97577447513991,92.9331514324693
90001B,17.0,8885072.921000015,99.97596576129288,92.96043656207367
37489B,16.77,8885089.691000015,99.97615445945672,92.98772169167803
90059E,16.499999999999996,8885106.191000015,99.97634011954636,93.0150068212824
35647,16.25,8885122.441000015,99.97652296660435,93.04229195088676
16248B,16.25,8885138.691000015,99.97670581366235,93.06957708049113
84795C,15.9,8885154.591000015,99.97688472247602,93.0968622100955
85136B,15.9,8885170.491000015,99.97706363128968,93.12414733969986
84562A,15.9,8885186.391000016,99.97724254010335,93.15143246930423
20816,15.6,8885201.991000015,99.97741807327901,93.1787175989086
78034B,15.6,8885217.591000015,99.97759360645468,93.20600272851296
21461,15.6,8885233.191000015,99.97776913963034,93.23328785811734
90076,15.299999999999999,8885248.491000015,99.97794129716803,93.26057298772169
44092C,15.299999999999999,8885263.791000016,99.9781134547057,93.28785811732607
90118,15.299999999999999,8885279.091000017,99.9782856122434,93.31514324693042
90037B,15.299999999999999,8885294.391000018,99.97845776978109,93.3424283765348
90169,15.299999999999999,8885309.691000018,99.97862992731876,93.36971350613915
72024U,15.120000000000001,8885324.811000017,99.97880005947364,93.39699863574353
90214H,15.02,8885339.831000017,99.97896906641584,93.42428376534788
17191A,15.0,8885354.831000017,99.97913784831553,93.45156889495226
84877A,15.0,8885369.831000017,99.9793066302152,93.47885402455661
90189A,15.0,8885384.831000017,99.9794754121149,93.50613915416098
90176A,15.0,8885399.831000017,99.97964419401457,93.53342428376534
90163B,15.0,8885414.831000017,99.97981297591426,93.56070941336971
90176B,15.0,8885429.831000017,99.97998175781395,93.58799454297409
90176C,15.0,8885444.831000017,99.98015053971362,93.61527967257844
84415A,15.0,8885459.831000017,99.9803193216133,93.64256480218282
84705C,15.0,8885474.831000017,99.98048810351298,93.66984993178717
84462,15.0,8885489.831000017,99.98065688541267,93.69713506139155
90069,15.0,8885504.831000017,99.98082566731235,93.7244201909959
90078,15.0,8885519.831000017,99.98099444921202,93.75170532060028
23449,15.0,8885534.831000017,99.98116323111171,93.77899045020463
90048,14.850000000000001,8885549.681000017,99.98133032519239,93.80627557980901
90156,14.850000000000001,8885564.531000016,99.98149741927307,93.83356070941336
90046,14.850000000000001,8885579.381000016,99.98166451335375,93.86084583901774
90197B,14.850000000000001,8885594.231000016,99.98183160743443,93.8881309686221
90141D,14.850000000000001,8885609.081000015,99.98199870151512,93.91541609822647
84989A,14.850000000000001,8885623.931000015,99.98216579559579,93.94270122783082
90141E,14.850000000000001,8885638.781000014,99.98233288967647,93.9699863574352
85031C,14.850000000000001,8885653.631000014,99.98249998375715,93.99727148703957
90159,14.850000000000001,8885668.481000014,99.98266707783785,94.02455661664393
90059B,14.85,8885683.331000013,99.98283417191853,94.0518417462483
90059F,14.85,8885698.181000013,99.9830012659992,94.07912687585267
84593,14.750000000000002,8885712.931000013,99.98316723486722,94.10641200545703
90190C,14.75,8885727.681000013,99.98333320373524,94.1336971350614
16202B,14.5,8885742.181000013,99.9834963595716,94.16098226466576
85084,14.45,8885756.631000012,99.98365895280162,94.18826739427011
37489A,14.43,8885771.061000012,99.98382132098911,94.21555252387449
47593A,14.37,8885785.431000011,99.98398301404899,94.24283765347884
62043B,14.11,8885799.54100001,99.98414178155596,94.27012278308322
90040B,14.0,8885813.54100001,99.984299311329,94.29740791268758
90083,13.69,8885827.23100001,99.98445335294277,94.32469304229195
79336,13.680000000000003,8885840.91100001,99.98460728203527,94.3519781718963
37489C,13.65,8885854.56100001,99.98476087356399,94.37926330150069
84745B,13.44,8885868.00100001,99.9849121021461,94.40654843110505
84745A,13.44,8885881.441000009,99.98506333072821,94.43383356070942
90187B,13.4,8885894.84100001,99.98521410922527,94.46111869031378
37491C,13.2,8885908.041000009,99.98536263729697,94.48840381991815
90059C,13.2,8885921.241000008,99.98551116536868,94.51568894952251
84388,13.14,8885934.381000008,99.98565901831282,94.54297407912688
18097A,12.75,8885947.131000008,99.98580248292754,94.57025920873124
20892,12.75,8885959.881000008,99.98594594754226,94.59754433833561
90199B,12.7,8885972.581000008,99.98608884955065,94.62482946793997
90199D,12.7,8885985.281000007,99.98623175155905,94.65211459754434
84415B,12.5,8885997.781000007,99.98637240314211,94.6793997271487
20671,12.5,8886010.281000007,99.98651305472518,94.70668485675307
79329,12.18,8886022.461000007,99.98665010562772,94.73396998635744
90178B,11.95,8886034.411000006,99.98678456854113,94.7612551159618
90021,11.95,8886046.361000005,99.98691903145453,94.78854024556617
84620,11.9,8886058.261000006,99.98705293176162,94.81582537517053
84614A,11.9,8886070.161000006,99.9871868320687,94.8431105047749
44092B,11.899999999999999,8886082.061000006,99.98732073237578,94.87039563437926
21488,11.850000000000001,8886093.911000006,99.98745407007654,94.89768076398363
90186A,11.8,8886105.711000007,99.98758684517097,94.924965893588
90027D,11.8,8886117.511000007,99.98771962026538,94.95225102319236
90027A,11.8,8886129.311000008,99.98785239535981,94.97953615279673
20666,11.8,8886141.111000009,99.98798517045422,95.00682128240109
37444B,11.8,8886152.91100001,99.98811794554867,95.03410641200546
35818B,11.780000000000001,8886164.691000009,99.98825049560052,95.06139154160982
16043,11.759999999999998,8886176.451000009,99.98838282060987,95.08867667121419
47369B,11.690000000000001,8886188.141000008,99.98851435797036,95.11596180081855
20663,11.690000000000001,8886199.831000008,99.98864589533085,95.14324693042292
72798C,11.549999999999999,8886211.381000008,99.9887758573936,95.17053206002728
71050,11.549999999999999,8886222.93100001,99.98890581945636,95.19781718963165
17164B,11.34,8886234.271000009,99.98903341857253,95.22510231923602
16207B,11.31,8886245.58100001,99.98916068012488,95.25238744884038
84746,11.25,8886256.83100001,99.98928726654965,95.27967257844475
90212B,11.25,8886268.08100001,99.98941385297442,95.30695770804911
21836,11.25,8886279.33100001,99.98954043939918,95.33424283765348
16162L,11.05,8886290.38100001,99.98966477539861,95.36152796725784
90214P,10.999999999999998,8886301.38100001,99.98978854879171,95.38881309686221
37488A,10.92,8886312.30100001,99.98991142201469,95.41609822646657
16162M,10.92,8886323.22100001,99.99003429523765,95.44338335607094
79026B,10.61,8886333.83100001,99.99015368030135,95.4706684856753
16161M,10.5,8886344.33100001,99.99027182763113,95.49795361527967
16169N,10.5,8886354.83100001,99.9903899749609,95.52523874488404
84016,10.5,8886365.33100001,99.99050812229069,95.5525238744884
35966,10.260000000000002,8886375.59100001,99.99062356911006,95.57980900409277
85109,10.2,8886385.791000009,99.99073834080184,95.60709413369713
35958,10.2,8886395.991000008,99.99085311249361,95.63437926330151
40005B,10.2,8886406.191000007,99.9909678841854,95.66166439290586
37471,10.2,8886416.391000006,99.99108265587716,95.68894952251024
44089C,10.08,8886426.471000006,99.99119607731375,95.7162346521146
90214N,10.02,8886436.491000006,99.99130882362273,95.74351978171897
21226,10.0,8886446.491000006,99.99142134488919,95.77080491132332
35610A,10.0,8886456.491000006,99.99153386615565,95.79809004092769
84689,9.95,8886466.441000005,99.99164582481576,95.82537517053206
90019B,9.9,8886476.341000006,99.99175722086956,95.85266030013642
90205C,9.899999999999999,8886486.241000006,99.99186861692336,95.87994542974079
90059A,9.899999999999999,8886496.141000006,99.99198001297714,95.90723055934515
90059D,9.899999999999999,8886506.041000007,99.99209140903093,95.93451568894952
44242A,9.48,8886515.521000007,99.99219807919154,95.96180081855388
23441,9.24,8886524.761000007,99.99230204884175,95.98908594815826
35809B,9.18,8886533.941000007,99.99240534336435,96.01637107776261
90181A,8.95,8886542.891000006,99.99250604989783,96.043656207367
45013,8.850000000000001,8886551.741000006,99.99260563121862,96.07094133697134
84773,8.850000000000001,8886560.591000006,99.99270521253943,96.09822646657572
20906,8.850000000000001,8886569.441000005,99.99280479386024,96.12551159618008
16206B,8.75,8886578.191000005,99.99290324996839,96.15279672578446
81950V,8.6,8886586.791000005,99.99300001825753,96.1800818553888
84732B,8.58,8886595.371000005,99.99309656150416,96.20736698499319
90120D,8.5,8886603.871000005,99.99319220458064,96.23465211459754
71143,8.5,8886612.371000005,99.99328784765713,96.26193724420192
90102,8.5,8886620.871000005,99.9933834907336,96.28922237380627
90001A,8.5,8886629.371000005,99.9934791338101,96.31650750341065
90024D,8.5,8886637.871000005,99.99357477688659,96.343792633015
44265,8.5,8886646.371000005,99.99367041996308,96.37107776261938
90001C,8.5,8886654.871000005,99.99376606303956,96.39836289222374
90167,8.5,8886663.371000005,99.99386170611605,96.42564802182811
84975,8.45,8886671.821000004,99.9939567865862,96.45293315143248
47503J,7.95,8886679.771000003,99.99404624099301,96.48021828103683
84924F,7.9,8886687.671000004,99.99413513279352,96.5075034106412
16244B,7.85,8886695.521000003,99.99422346198769,96.53478854024556
85189,7.6499999999999995,8886703.171000004,99.99430954075652,96.56207366984994
90042A,7.6499999999999995,8886710.821000004,99.99439561952536,96.58935879945429
79149B,7.56,8886718.381000005,99.99448068560281,96.61664392905867
37379A,7.5,8886725.881000005,99.99456507655266,96.64392905866302
16202E,7.5,8886733.381000005,99.9946494675025,96.6712141882674
21827,7.5,8886740.881000005,99.99473385845234,96.69849931787175
72815,7.5,8886748.381000005,99.99481824940217,96.72578444747613
90025A,7.5,8886755.881000005,99.99490264035201,96.75306957708048
62097B,7.469999999999999,8886763.351000005,99.99498669373807,96.78035470668486
71496B,7.37,8886770.721000005,99.99506962191144,96.80763983628923
10124G,7.14,8886777.861000005,99.99514996209568,96.83492496589359
90041,7.0,8886784.861000005,99.9952287269822,96.86221009549796
84802B,6.76,8886791.621000005,99.99530479135834,96.88949522510232
90065B,6.75,8886798.371000005,99.99538074321318,96.91678035470669
10124A,6.72,8886805.091000006,99.99545635750425,96.94406548431105
62074B,6.72,8886811.811000006,99.99553197179532,96.97135061391542
37491B,6.6,8886818.411000006,99.99560623583118,96.99863574351978
20678,6.6,8886825.011000006,99.99568049986702,97.02592087312415
85224,6.300000000000001,8886831.311000006,99.99575138826489,97.05320600272852
44089A,6.3,8886837.611000007,99.99582227666278,97.08049113233288
90214R,6.27,8886843.881000007,99.99589282749683,97.10777626193725
85225,6.25,8886850.131000007,99.99596315328837,97.13506139154161
21228,6.25,8886856.381000007,99.9960334790799,97.16234652114596
35591T,6.25,8886862.631000007,99.99610380487144,97.18963165075034
90214V,5.9799999999999995,8886868.611000007,99.99617109258878,97.21691678035471
90179C,5.95,8886874.561000006,99.99623804274232,97.24420190995907
90152C,5.95,8886880.511000006,99.99630499289584,97.27148703956344
90060B,5.95,8886886.461000005,99.99637194304938,97.2987721691678
90152B,5.95,8886892.411000004,99.9964388932029,97.32605729877217
35443,5.949999999999999,8886898.361000003,99.99650584335645,97.35334242837654
84499,5.949999999999999,8886904.311000003,99.99657279350997,97.3806275579809
35598C,5.9,8886910.211000003,99.99663918105719,97.40791268758527
79161A,5.9,8886916.111000003,99.9967055686044,97.43519781718963
37462E,5.59,8886921.701000003,99.99676846799235,97.462482946794
47013C,5.5,8886927.201000003,99.99683035468891,97.48976807639836
21839,5.45,8886932.651000002,99.99689167877911,97.51705320600273
35004P,5.45,8886938.101000002,99.99695300286932,97.5443383356071
81953P,5.32,8886943.421000002,99.99701286418308,97.57162346521146
20964,5.1,8886948.521000002,99.99707025002897,97.59890859481582
16020C,5.1,8886953.621000001,99.99712763587485,97.62619372442019
35916B,5.1,8886958.721,99.99718502172074,97.65347885402456
90033,5.1,8886963.821,99.99724240756663,97.68076398362892
85017A,5.1,8886968.921,99.99729979341252,97.70804911323329
90188,5.1,8886974.021,99.9973571792584,97.73533424283765
37509,5.1,8886979.121,99.9974145651043,97.76261937244202
90122B,4.95,8886984.070999999,99.99747026313118,97.78990450204638
85031B,4.95,8886989.020999998,99.99752596115806,97.81718963165075
35650,4.95,8886993.970999997,99.99758165918496,97.84447476125511
90214B,4.7299999999999995,8886998.700999998,99.99763488174399,97.87175989085948
84613C,4.65,8887003.350999998,99.99768720413289,97.89904502046384
71215,4.62,8887007.970999997,99.997739188958,97.92633015006821
79151B,4.62,8887012.590999996,99.99779117378309,97.95361527967258
84251C,4.5600000000000005,8887017.150999997,99.9978424834806,97.98090040927694
35607A,4.5600000000000005,8887021.710999997,99.9978937931781,98.0081855388813
84206A,4.5600000000000005,8887026.270999998,99.9979451028756,98.03547066848569
84732D,4.29,8887030.560999997,99.9979933744989,98.06275579809004
22218,4.25,8887034.810999997,99.99804119603715,98.09004092769442
20703,4.25,8887039.060999997,99.9980890175754,98.11732605729877
79157V,4.25,8887043.310999997,99.99813683911364,98.14461118690315
21895,4.25,8887047.560999997,99.99818466065187,98.1718963165075
20861,4.2,8887051.760999996,99.99823191958377,98.19918144611187
47016,4.2,8887055.960999995,99.99827917851569,98.22646657571623
17174,3.7800000000000002,8887059.740999995,99.9983217115544,98.2537517053206
44091A,3.78,8887063.520999994,99.9983642445931,98.28103683492496
90214F,3.7699999999999996,8887067.290999994,99.99840666511056,98.30832196452933
37464,3.75,8887071.040999994,99.99844886058547,98.33560709413369
79192A,3.75,8887074.790999994,99.9984910560604,98.36289222373806
90039C,3.75,8887078.540999994,99.99853325153532,98.39017735334242
90025F,3.75,8887082.290999994,99.99857544701024,98.41746248294679
35271S,3.6100000000000003,8887085.900999993,99.99861606718741,98.44474761255117
16010,3.5999999999999996,8887089.500999993,99.99865657484335,98.47203274215552
16202A,3.5,8887093.000999993,99.9986959572866,98.4993178717599
90214O,3.4799999999999995,8887096.480999993,99.99873511468734,98.52660300136425
90214U,3.4799999999999995,8887099.960999994,99.99877427208807,98.55388813096863
90214Z,3.4799999999999995,8887103.440999994,99.99881342948879,98.58117326057298
90214W,3.4799999999999995,8887106.920999995,99.99885258688953,98.60845839017736
90214T,3.4799999999999995,8887110.400999995,99.99889174429026,98.63574351978171
79157B,3.4,8887113.800999995,99.99893000152086,98.66302864938609
84802A,3.38,8887117.180999996,99.99896803370892,98.69031377899044
37491D,3.3,8887120.480999997,99.99900516572686,98.71759890859482
10123C,3.25,8887123.730999997,99.99904173513846,98.74488403819917
47013A,3.0399999999999996,8887126.770999996,99.99907594160345,98.77216916780355
23630,2.99,8887129.760999996,99.99910958546214,98.79945429740792
90130A,2.95,8887132.710999995,99.99914277923573,98.82673942701228
90011A,2.95,8887135.660999995,99.99917597300933,98.85402455661665
90183C,2.95,8887138.610999994,99.99920916678292,98.881309686221
20667,2.95,8887141.560999993,99.99924236055651,98.90859481582538
90165B,2.55,8887144.110999994,99.99927105347946,98.93587994542973
90055,2.55,8887146.660999995,99.99929974640241,98.96316507503411
90054,2.55,8887149.210999995,99.99932843932538,98.99045020463846
90100,2.55,8887151.760999996,99.99935713224833,99.01773533424284
17028J,2.52,8887154.280999996,99.99938548760747,99.0450204638472
62096B,2.5,8887156.780999996,99.99941361792408,99.07230559345157
84201B,2.47,8887159.250999996,99.99944141067691,99.09959072305593
90089,2.47,8887161.720999997,99.99946920342973,99.1268758526603
37330,2.34,8887164.060999997,99.99949553340608,99.15416098226466
46115B,2.2800000000000002,8887166.340999996,99.99952118825483,99.18144611186904
77079,2.12,8887168.460999995,99.9995450427633,99.2087312414734
21414,2.1,8887170.560999995,99.99956867222926,99.23601637107777
85170A,2.1,8887172.660999995,99.9995923016952,99.26330150068213
90125E,2.1,8887174.760999994,99.99961593116116,99.2905866302865
47579,2.1,8887176.860999994,99.9996395606271,99.31787175989086
81953B,2.09,8887178.950999994,99.99966307757178,99.34515688949523
84731,2.04,8887180.990999993,99.99968603191014,99.3724420190996
22323,1.95,8887182.940999992,99.99970797355708,99.39972714870396
22146,1.95,8887184.890999991,99.99972991520404,99.42701227830833
23664,1.65,8887186.540999992,99.99974848121302,99.45429740791269
84551,1.65,8887188.190999992,99.99976704722198,99.48158253751706
84550,1.65,8887189.840999993,99.99978561323096,99.50886766712142
37351,1.56,8887191.400999993,99.99980316654852,99.53615279672579
84206C,1.52,8887192.920999993,99.99982026978101,99.56343792633014
22034,1.26,8887194.180999992,99.99983444746059,99.59072305593452
84743C,1.25,8887195.430999992,99.9998485126189,99.61800818553888
90071,1.25,8887196.680999992,99.9998625777772,99.64529331514325
84569C,1.25,8887197.930999992,99.9998766429355,99.67257844474761
35597A,1.25,8887199.180999992,99.99989070809382,99.69986357435198
35597B,1.25,8887200.430999992,99.99990477325213,99.72714870395635
90128B,1.25,8887201.680999992,99.99991883841042,99.75443383356071
37461,1.25,8887202.930999992,99.99993290356873,99.78171896316508
84990,1.1,8887204.030999992,99.99994528090804,99.80900409276944
84206B,0.95,8887204.980999991,99.99995597042835,99.83628922237381
84201C,0.95,8887205.93099999,99.99996665994864,99.86357435197817
90084,0.85,8887206.78099999,99.99997622425629,99.89085948158254
90104,0.85,8887207.63099999,99.99998578856393,99.9181446111869
21268,0.84,8887208.47099999,99.99999524035032,99.94542974079127
84227,0.42,8887208.89099999,99.99999996624351,99.97271487039563
PADS,0.003,8887208.89399999,99.9999999999999,100.0
