StockCode,TotalRevenue,TotalQuantity,Orders,Customers,AverageUnitPrice,Description,RevenuePercentage
10002,699.55,823,49,40,0.85,INFLATABLE POLITICAL GLOBE,0.007871425194835753
10080,114.41,291,21,19,0.41190476190476194,GROOVY CACTUS INFLATABLE,0.001287355809507767
10120,40.32,192,29,25,0.21,DOGGY RUBBER,0.0004536857463451899
10123C,3.25,5,3,3,0.65,HEARTS WRAPPING TAPE,3.656941159776456e-05
10124A,6.72,16,5,5,0.42000000000000004,SPOTS ON RED BOOKCOVER TAPE,7.561429105753164e-05
10124G,7.14,17,4,4,0.42,ARMY CAMO BOOKCOVER TAPE,8.034018424862738e-05
10125,929.45,1225,61,49,0.7817460317460317,MINI FUNKY DESIGN TAPES,0.010458289110628393
10133,1138.99,2373,122,101,0.5292622950819672,COLOURING PENCILS BROWN TUBE,0.01281605972791934
10135,1784.19,1936,117,92,1.1968067226890755,COLOURING PENCILS BROWN TUBE,0.020075931839574016
11001,1953.0,1252,62,44,1.851875,ASSTD DESIGN RACING CAR PEN,0.021975403338595136
15030,41.47,143,12,11,0.29,FAN BLACK FRAME,0.0004666256919874758
15034,697.0600000000001,6419,91,70,0.13692307692307693,PAPER POCKET TRAVELING FAN,0.007843407399488545
15036,16044.44,21876,324,194,0.8050153846153846,ASSORTED COLOURS SILK FAN,0.18053407083558082
15039,1132.3,1558,70,58,0.8362857142857143,SANDALWOOD FAN,0.012740783000661173
15044A,1230.5800000000002,422,78,53,3.017692307692308,PINK PAPER PARASOL,0.013846642007377574
15044B,865.6500000000001,307,48,36,2.9333333333333336,BLUE PAPER PARASOL,0.00974040343064766
15044C,779.45,271,60,43,2.943333333333334,PURPLE PAPER PARASOL,0.00877047011380849
15044D,1732.79,629,73,53,2.9615068493150685,RED PAPER PARASOL,0.01949757252999706
15056BL,15218.67,2779,291,142,5.8937113402061865,EDWARDIAN PARASOL BLACK,0.17124240221555434
15056N,20672.91,3822,378,184,5.864236842105263,EDWARDIAN PARASOL NATURAL,0.2326142014503209
15056P,4242.26,767,135,87,5.941185185185185,EDWARDIAN PARASOL PINK,0.047734446782994676
15058A,1104.6,148,51,40,7.8088235294117645,BLUE POLKADOT GARDEN PARASOL,0.012429099092581762
15058B,866.25,115,41,32,7.8621951219512205,PINK POLKADOT GARDEN PARASOL,0.009747154706634939
15058C,894.35,193,30,26,6.35,ICE CREAM DESIGN GARDEN PARASOL,0.010063339465372535
15060B,1482.87,411,95,68,3.820315789473684,FAIRY CAKE DESIGN UMBRELLA,0.016685441038762194
16008,360.71,2892,70,54,0.13614285714285712,SMALL FOLDING SCISSOR(POINTED EDGE),0.004058754602286048
16010,3.5999999999999996,30,3,3,0.12,FOLDING CAMPING SCISSOR W/KNIF & S,4.050765592367766e-05
16011,367.29,1749,46,38,0.21,ANIMAL STICKERS,0.004132793595613214
16012,256.2,1220,35,33,0.21,FOOD/DRINK SPONGE STICKERS,0.002882794846568394
16014,4335.76,13328,54,34,0.4014814814814815,SMALL CHINESE STYLE SCISSOR,0.04878652062434575
16015,289.98,662,24,19,0.48833333333333334,MEDIUM CHINESE STYLE SCISSOR,0.0032628916846522363
16016,1053.45,1273,65,41,0.8460000000000001,LARGE CHINESE STYLE SCISSOR,0.011853552814666178
16020C,5.1,6,2,1,0.85,CLEAR STATIONERY BOX SET,5.738584589187669e-05
16033,100.79999999999998,840,4,4,0.12,MINI HIGHLIGHTER PENS,0.0011342143658629746
16043,11.759999999999998,98,2,2,0.12,POP ART PUSH DOWN RUBBER,0.00013232500935068036
16045,380.0,8900,68,61,0.043478260869565216,POPART WOODEN PENCILS ASST,0.004275808125277087
16046,54.4,64,13,13,0.85,TEATIME PEN CASE & PENS,0.0006121156895133515
16048,186.72,1436,47,41,0.13249999999999998,TEATIME ROUND PENCIL SHARPENER,0.002100997087241415
16049,82.08,504,5,5,0.24,TEATIME GEL PENS ASST,0.0009235745550598508
16052,105.28999999999999,467,6,5,0.305,TEATIME PUSH DOWN RUBBER,0.001184736414501117
16054,140.52,1166,33,29,0.1290909090909091,POPART RECT PENCIL SHARPENER ASST,0.0015811488362208852
16151A,61.25,49,3,3,1.25,FLOWERS HANDBAG blue and orange,0.0006891927570347936
16156L,199.5,475,18,17,0.42,WRAP CAROUSEL,0.0022447992657704707
16156S,2331.0,5800,167,135,0.4168862275449102,WRAP PINK FAIRY CAKES,0.02622870721058129
16161G,70.0,700,22,22,0.1,WRAP BAD HAIR DAY,0.0007876488651826212
16161M,10.5,25,1,1,0.42,WRAP  PINK FLOCK,0.0001181473297773932
16161P,2980.42,7201,248,189,0.41943548387096774,WRAP ENGLISH ROSE,0.03353606329667983
16161U,1687.5,4075,134,105,0.41955223880597015,WRAP SUKI AND FRIENDS,0.018987963714223906
16162L,11.05,17,6,5,0.65,THE KING GIFT BAG,0.00012433599943239952
16162M,10.92,26,7,6,0.42,THE KING GIFT BAG 25x24x12cm,0.0001228732229684889
16168M,138.18,329,20,19,0.42000000000000004,FUNKY MONKEY GIFT BAG MEDIUM,0.0015548188598704946
16169E,1892.46,4563,149,143,0.41919999999999996,WRAP 50'S  CHRISTMAS,0.021294199591478623
16169K,84.0,200,8,8,0.42,WRAP FOLK ART,0.0009451786382191456
16169M,277.2,660,25,24,0.42,WRAP DAISY CARPET,0.00311908950612318
16169N,10.5,25,1,1,0.42,WRAP BLUE RUSSIAN FOLKART,0.0001181473297773932
16169P,21.0,50,2,2,0.42,WRAP GREEN RUSSIAN FOLKART,0.0002362946595547864
16202A,3.5,7,2,2,0.5,PASTEL PINK PHOTO ALBUM,3.9382443259131063e-05
16202B,14.5,29,2,2,0.5,PASTEL BLUE PHOTO ALBUM,0.00016315583635925727
16202E,7.5,15,3,3,0.5,BLACK PHOTO ALBUM,8.439094984099513e-05
16206B,8.75,7,2,2,1.25,RED PURSE WITH PINK HEART,9.845610814782766e-05
16207A,38.35000000000001,13,5,4,2.95,PINK STRAWBERRY HANDBAG,0.00043151905685362185
16207B,11.31,4,3,3,2.7866666666666666,PINK HEART RED HANDBAG,0.00012726155236022067
16216,227.14,3316,41,38,0.09463414634146342,LETTER SHAPE PENCIL SHARPENER,0.0025558080462511515
16218,253.2,3760,50,43,0.0732,CARTOON  PENCIL SHARPENERS,0.002849038466631996
16219,309.9,2915,47,41,0.09085106382978722,HOUSE SHAPE PENCIL SHARPENER,0.003487034047429919
16225,596.84,760,75,57,1.1866666666666668,RATTLE SNAKE EGGS,0.006715719267079939
16235,518.1899999999999,2629,80,68,0.21400000000000002,RECYCLED PENCIL WITH RABBIT ERASER,0.005830739506414035
16236,266.56,1296,73,59,0.20931506849315068,KITTY PENCIL ERASERS,0.002999366878615422
16237,885.45,4595,162,109,0.2060843373493976,SLEEPING CAT ERASERS,0.009963195538227887
16238,265.09,1259,78,61,0.2362820512820513,PARTY TIME PENCIL ERASERS,0.0029828262524465867
16244B,7.85,7,2,2,1.225,MAXWELL 2 TONE BLUE 60 PAGE PHOTO A,8.832919416690825e-05
16248B,16.25,13,7,7,1.25,BLUE HOLE PUNCH,0.00018284705798882282
16254,27.91,31,9,7,1.0233333333333332,TRANSPARENT ACRYLIC TAPE DISPENSER,0.0003140468546749566
16258A,156.53,445,38,29,0.45921052631578946,SWIRLY CIRCULAR RUBBERS IN BAG,0.0017612953838147959
16259,326.56,3380,31,28,0.0967741935483871,PIECE OF CAMO STATIONERY SET,0.003674494477343383
17001,20.88,72,1,1,0.29,HEAVENS SCENT FRAGRANCE OILS ASSTD,0.00023494440435733045
17003,5969.61,22927,206,136,0.3202403846153846,BROCADE RING PURSE,0.0671708077440404
17007B,50.400000000000006,24,2,2,2.1,S/3 POT POURI CUSHIONS BLUE COLOURS,0.0005671071829314874
17011F,62.150000000000006,80,6,6,1.1333333333333335,ORIGAMI SANDLEWOOD INCENSE+FLOWER,0.000699319671015713
17012A,244.89999999999998,270,24,21,1.1079999999999999,ORIGAMI VANILLA INCENSE/CANDLE SET,0.0027556458154746276
17012B,422.54999999999995,455,36,33,1.0763888888888888,ORIGAMI JASMINE INCENSE/CANDLE SET,0.004754586114041666
17012C,341.79999999999995,362,43,37,1.1186046511627907,ORIGAMI LAVENDER INCENSE/CANDL SET,0.0038459768874202845
17012D,362.95,385,44,35,1.0818181818181818,ORIGAMI ROSE INCENSE/CANDLE SET,0.0040839593659718915
17012E,40.05,35,3,3,1.8666666666666665,ORIGAMI OPIUM INCENSE/CANDLE SET,0.000450647672150914
17012F,329.05,365,42,33,1.0035714285714286,ORIGAMI SANDLEWOOD INCENSE/CAND SET,0.0037025122726905934
17013D,257.88,532,11,10,0.8672727272727272,ORIGAMI ROSE INCENSE IN TUBE,0.0029016984193327767
17014A,67.83,154,7,7,0.6071428571428571,ORIGAMI VANILLA INCENSE CONES,0.00076323175036196
17021,632.34,2391,47,30,0.29411764705882354,NAMASTE SWAGAT INCENSE,0.007115169762993983
17028J,2.52,6,1,1,0.42,INCENSE BAZAAR PEACH,2.835535914657437e-05
17038,138.1,1501,19,18,0.09526315789473684,PORCELAIN BUDAH INCENSE HOLDER,0.0015539186897388572
17084A,42.0,200,7,7,0.21,TRANQUILITY MASALA INCENSE,0.0004725893191095728
17084J,47.25,225,8,8,0.21,LOVE POTION MASALA INCENSE,0.0005316629839982694
17084N,212.75,1025,32,25,0.2084375,FAIRY DREAMS INCENSE,0.0023938899438228954
17084P,73.29,349,13,12,0.21,DRAGONS BLOOD INCENSE,0.0008246683618462046
17084R,760.3199999999999,4032,27,16,0.20259259259259257,ASSORTED INCENSE PACK,0.008555216931080722
17090A,107.44999999999999,109,10,9,1.17,LAVENDER INCENSE 40 CONES IN TIN,0.0012090410080553237
17090D,36.25,29,12,6,1.25,VANILLA INCENSE 40 CONES IN TIN,0.00040788959089814317
17091A,98.91,171,25,19,0.7976000000000001,LAVENDER INCENSE IN TIN,0.0011129478465030439
17091J,876.34,2066,87,66,0.5476923076923077,VANILLA INCENSE IN TIN,0.009860688664487692
17096,443.76000000000005,2516,13,12,0.20076923076923076,ASSORTED LAQUERED INCENSE HOLDERS,0.004993243720192001
17107D,433.5,170,46,42,2.55,"FLOWER FAIRY,5 SUMMER B'DRAW LINERS",0.004877796900809519
17109D,32.349999999999994,61,5,4,0.9039999999999999,FLOWER FAIRY INCENSE BOUQUET,0.00036400629698082567
17129F,291.25,427,19,11,0.8436842105263158,BLUE GLASS GEMS IN BAG,0.003277181885491978
17136A,29.59,352,17,16,0.10294117647058823,BLUE STONES ON WIRE FOR CANDLE,0.0003329504274393395
17164B,11.34,27,9,9,0.42,ASS COL SMALL SAND GECKO P'WEIGHT,0.00012759911615958466
17165D,28.35,27,7,6,1.05,ASS COL LARGE SAND FROG P'WEIGHT,0.0003189977903989617
17174,3.7800000000000002,9,3,3,0.42,ASSTD RASTA KEY-CHAINS,4.253303871986155e-05
17191A,15.0,4,2,1,3.75,ROSE FLOWER CANDLE+INCENSE 16X16CM,0.00016878189968199027
18007,383.76,5856,17,15,0.16666666666666666,ESSENTIAL BALM 3.5g TIN IN ENVELOPE,0.004318116121464039
18094C,153.1,134,15,13,1.1966666666666665,WHITE AND BLUE CERAMIC OIL BURNER,0.0017227005894208474
18097A,12.75,5,4,4,2.55,PINK TALL PORCELAIN T-LIGHT HOLDER,0.00014346461472969173
18097C,1461.15,669,52,43,2.503846153846154,WHITE TALL PORCELAIN T-LIGHT HOLDER,0.016441044848022675
18098C,540.5500000000001,193,36,24,2.918421052631579,PORCELAIN BUTTERFLY OIL BURNER,0.006082337058206657
20615,233.34,231,35,28,1.4831428571428573,BLUE POLKADOT PASSPORT COVER,0.002625571231453041
20616,122.78,134,25,19,1.3172,CHERRY BLOSSOM PASSPORT COVER,0.0013815361095303178
20617,137.74,66,26,20,2.224615384615385,FIRST CLASS PASSPORT COVER,0.0015498679241464895
20618,137.88000000000002,68,28,20,2.0707142857142857,QUEEN OF THE SKIES PASSPORT COVER,0.0015514432218768548
20619,206.23000000000002,142,22,16,2.309090909090909,TROPICAL PASSPORT COVER,0.0023205260780944574
20622,238.08,162,32,24,1.99,VIPPASSPORT COVER,0.00267890631175255
20652,191.01,147,33,26,1.4333333333333333,BLUE POLKADOT LUGGAGE TAG,0.002149268710550464
20653,43.67,33,6,5,1.6533333333333333,CHERRY BLOSSOM LUGGAGE TAG,0.0004913803706075011
20654,126.69,105,23,21,1.2341666666666666,FIRST CLASS LUGGAGE TAG,0.0014255319247140899
20655,109.11,89,34,20,1.31,QUEEN OF SKIES LUGGAGE TAG,0.0012277195382867975
20657,76.39,61,22,20,1.3513636363636363,TROPICAL LUGGAGE TAG,0.0008595499544471491
20658,408.75,327,59,44,1.25,RED RETROSPOT LUGGAGE TAG,0.004599306766334235
20659,139.56,94,29,18,1.5499999999999998,ECONOMY LUGGAGE TAG,0.0015703467946412374
20661,35.07,9,5,3,4.654,BLUE POLKADOT PURSE,0.00039461208145649327
20662,40.97,11,5,4,4.086,FIRST CLASS HOLIDAY PURSE,0.0004609996286647428
20663,11.690000000000001,3,3,3,3.896666666666667,QUEEN OF THE SKIES HOLIDAY PURSE,0.00013153736048549777
20664,17.700000000000003,6,3,3,2.9500000000000006,TROPICAL HOLIDAY PURSE,0.00019916264162474855
20665,998.2000000000002,340,73,58,2.944520547945206,RED RETROSPOT PURSE,0.011231872817504183
20666,11.8,4,4,4,2.95,ECONOMY HOLIDAY PURSE,0.00013277509441649902
20667,2.95,1,1,1,2.95,CHERRY BLOSSOM PURSE,3.3193773604124755e-05
20668,1397.04,12618,181,111,0.11847826086956523,DISCO BALL CHRISTMAS DECORATION,0.015719671008781844
20669,243.75,195,42,36,1.25,RED HEART LUGGAGE TAG,0.0027427058698323422
20670,29.28,8,6,5,3.896666666666667,VIP HOLIDAY PURSE,0.000329462268179245
20671,12.5,10,2,2,1.25,BLUE TEATIME PRINT BOWL,0.00014065158306832525
20674,1632.81,1360,149,101,1.2517333333333334,GREEN POLKADOT BOWL,0.01837258490798337
20675,3178.65,2728,223,149,1.2418666666666667,BLUE POLKADOT BOWL,0.035766572361610564
20676,4980.7300000000005,4310,298,185,1.2437123745819398,RED RETROSPOT BOWL,0.05604380474687197
20677,3640.0800000000004,3157,220,133,1.2584234234234235,PINK POLKADOT BOWL,0.04095864115962795
20678,6.6,4,1,1,1.65,LARGE BLACK DIAMANTE HAIRSLIDE,7.426403586007572e-05
20679,9055.87,1630,270,141,5.920369003690038,EDWARDIAN PARASOL RED,0.10189779612487637
20681,406.25,125,33,29,3.25,PINK POLKADOT CHILDRENS UMBRELLA,0.00457117644972057
20682,3629.66,1140,182,138,3.312950819672131,RED RETROSPOT CHILDRENS UMBRELLA,0.04084139399998219
20684,250.25,77,32,30,3.25,STRAWBERRY DREAM CHILDS UMBRELLA,0.0028158446930278713
20685,25364.85,3897,576,329,7.758093587521664,DOORMAT RED RETROSPOT,0.28540850454324873
20686,822.38,252,64,51,3.3028125,DOLLY MIXTURE CHILDREN'S UMBRELLA,0.009253523910698344
20694,135.0,36,10,9,3.75,FLORAL PINK MONSTER,0.0015190370971379125
20695,21.25,5,4,4,4.25,FLORAL BLUE MONSTER,0.0002391076912161529
20696,120.0,32,10,10,3.75,FLORAL SOFT CAR TOY,0.0013502551974559221
20697,43.349999999999994,17,9,8,2.55,LITTLE GREEN MONSTER SOFT TOY,0.00048777969008095183
20698,40.8,16,7,7,2.55,LITTLE PINK MONSTER SOFT TOY,0.00045908676713501354
20699,73.94999999999999,29,11,11,2.55,MOUSEY LONG LEGS SOFT TOY,0.0008320947654322119
20700,37.5,10,4,4,3.75,GREEN CAT FLORAL CUSHION COVER,0.0004219547492049757
20701,22.5,6,3,3,3.75,PINK CAT FLORAL CUSHION COVER,0.0002531728495229854
20702,539.75,127,40,31,4.25,PINK PADDED MOBILE,0.006073335356890284
20703,4.25,1,1,1,4.25,BLUE PADDED SOFT MOBILE,4.782153824323057e-05
20704,626.45,211,39,38,4.77051282051282,MR ROBOT SOFT TOY,0.007048894737052188
20705,428.85,143,28,27,4.807142857142857,MRS ROBOT SOFT TOY,0.0048254745119081024
20707,195.52,155,31,20,1.5438709677419356,CRAZY DAISY HEART DECORATION,0.002200015801721516
20711,7689.28,4198,245,152,2.01331983805668,JUMBO BAG TOYS,0.08652075237244894
20712,15511.6,8187,492,248,2.0361971830985914,JUMBO BAG WOODLAND ANIMALS,0.1745384876738107
20713,19047.02,10451,411,207,2.018870192307692,JUMBO BAG OWLS,0.21431948125872416
20716,373.5,314,34,31,1.2445714285714287,PARTY FOOD SHOPPER BAG,0.004202669302081558
20717,2453.38,2034,231,150,1.2760425531914894,STRAWBERRY SHOPPER BAG,0.027605742469453423
20718,5106.56,4257,384,236,1.2659948320413437,RED RETROSPOT SHOPPER BAG,0.05745965984267096
20719,7261.94,9219,531,238,0.8454089219330855,WOODLAND CHARLOTTE BAG,0.08171226857177549
20723,5516.7,6842,492,230,0.8602217741935484,STRAWBERRY CHARLOTTE BAG,0.06207460706504238
20724,10122.45,12805,739,335,0.8493048128342245,RED RETROSPOT CHARLOTTE BAG,0.11389908936239751
20725,28158.8,17776,1289,532,1.6590490797546014,LUNCH BAG RED RETROSPOT,0.31684638378434854
20726,14497.51,9091,820,372,1.6593862815884475,LUNCH BAG WOODLAND,0.16312781856391007
20727,17950.3,11246,1052,458,1.6436920222634508,LUNCH BAG  BLACK SKULL.,0.20197904892410865
20728,17214.53,10789,966,479,1.6569600818833161,LUNCH BAG CARS BLUE,0.19370007170217413
20731,92.5,74,8,8,1.25,POSY CANDY BAG,0.0010408217147056067
20733,687.2,916,46,30,0.8387234042553192,GOLD MINI TAPE MEASURE,0.007732461430764248
20735,121.3,158,30,11,0.8456666666666667,BLACK MINI TAPE MEASURE,0.001364882962095028
20748,675.75,53,30,26,12.75,KENSINGTON COFFEE SET,0.007603624580673662
20749,12107.51,1717,365,239,7.790109289617486,ASSORTED COLOUR MINI CASES,0.13623523588124628
20750,12208.85,1711,365,235,7.748907103825136,RED RETROSPOT MINI CASES,0.1373755263954978
20751,1917.0600000000002,941,171,127,2.0953409090909094,FUNKY WASHING UP GLOVES ASSORTED,0.02157100190695709
20752,756.0000000000001,360,115,91,2.1,BLUE POLKADOT WASHING UP GLOVES,0.008506607743972312
20754,2668.38,1355,239,153,2.089834710743802,RETROSPOT RED WASHING UP GLOVES,0.030024949698228616
20755,247.35,291,50,44,0.85,BLUE PAISLEY POCKET BOOK,0.00278321352575602
20756,53.55,63,22,20,0.85,GREEN FERN POCKET BOOK,0.0006025513818647053
20757,132.53,155,30,30,0.8751612903225806,RED DAISY POCKET BOOK,0.0014912443443236114
20758,134.29999999999998,158,41,35,0.85,ABSTRACT CIRCLES POCKET BOOK,0.001511160608486086
20759,54.4,64,20,17,0.85,CHRYSANTHEMUM POCKET BOOK,0.0006121156895133515
20760,58.65,69,21,18,0.85,GARDEN PATH POCKET BOOK,0.000659937227756582
20761,408.67,107,52,46,3.821346153846154,BLUE PAISLEY SKETCHBOOK,0.004598406596202598
20762,382.46,101,51,42,3.8227450980392157,GREEN FERN SKETCHBOOK,0.004303488356824934
20763,189.96,71,25,24,3.6984,DAISY SKETCHBOOK,0.002137453977572725
20764,483.63,126,60,45,3.9324590163934428,ABSTRACT CIRCLES SKETCHBOOK,0.005441866009546731
20765,367.34,94,51,45,3.968235294117647,CHRYSANTHEMUM SKETCHBOOK,0.004133356201945488
20766,414.58,111,47,41,3.887916666666667,GARDEN PATH SKETCHBOOK,0.004664906664677302
20767,534.3199999999999,214,58,50,2.625344827586207,BLUE PAISLEY JOURNAL,0.006012236309205402
20768,317.71,130,36,31,2.6044444444444443,GREEN FERN JOURNAL,0.0035749131565310085
20769,173.11999999999998,66,26,21,2.6426923076923075,DAISY JOURNAL,0.0019479681648630768
20770,256.65,107,28,24,2.533928571428571,ABSTRACT CIRCLE JOURNAL,0.0028878583035588535
20771,180.91,70,27,21,2.639259259259259,CHRYSANTHEMUM  JOURNAL,0.0020356222314312574
20772,534.46,218,46,40,2.592608695652174,GARDEN PATH JOURNAL,0.006013811606935769
20773,92.39999999999999,56,23,21,1.6499999999999997,BLUE PAISLEY NOTEBOOK,0.00103969650204106
20774,85.8,52,22,21,1.65,GREEN FERN NOTEBOOK,0.0009654324661809844
20775,103.94999999999999,63,20,19,1.65,DAISY NOTEBOOK,0.0011696585647961925
20777,156.75,95,36,32,1.65,CHRYSANTHEMUM NOTEBOOK,0.0017637708516767985
20778,24.75,15,8,8,1.65,GARDEN PATH NOTEBOOK,0.00027849013447528393
20780,192.86,36,17,13,5.737777777777778,BLACK EAR MUFF HEADPHONES,0.0021700851448445764
20781,152.13,29,20,19,5.136,GOLD EAR MUFF HEADPHONES,0.0017117860265747455
20782,215.87,39,17,12,5.593529411764706,CAMOUFLAGE EAR MUFF HEADPHONES,0.0024289965789567494
20785,523.3000000000001,14,5,4,39.15,FUSCHIA RETRO BAR STOOL,0.005888237873572368
20793,54.0,8,4,4,6.75,BLUE TILED TRAY,0.000607614838855165
20794,213.14999999999998,85,15,15,2.5218749999999996,BLUE  TILE HOOK,0.002398390794481082
20795,92.4,44,8,6,2.1,LARGE BLUE PROVENCAL CERAMIC BALL,0.0010396965020410603
20796,100.64999999999999,61,8,8,1.65,SMALL BLUE PROVENCAL CERAMIC BALL,0.0011325265468661546
20798,75.60000000000001,36,5,5,2.1,CLEAR MILKSHAKE GLASS,0.0008506607743972311
20801,708.16,848,54,47,0.9405454545454546,LARGE PINK GLASS SUNDAE DISH,0.007968306005253214
20802,730.4399999999999,648,44,40,1.4686363636363635,SMALL GLASS SUNDAE DISH CLEAR,0.0082190033869142
20803,383.91,911,31,26,0.5196774193548387,SMALL PINK GLASS SUNDAE DISH,0.004319803940460859
20816,15.6,8,2,1,1.95,GOLD FLOWER CUSHION COVER,0.0001755331756692699
20818,20.0,12,2,2,2.5,GOLD TEDDY BEAR,0.00022504253290932036
20819,183.71,48,16,14,3.981875,SILVER TEDDY BEAR,0.0020671281860385623
20820,24.75,5,2,2,4.95,SILVER LOOKING MIRROR,0.00027849013447528393
20821,79.2,16,5,5,4.95,GOLDIE LOOKING MIRROR,0.0008911684303209087
20823,126.4,160,7,6,0.79,GOLD WINE GOBLET,0.0014222688079869048
20826,128.4,276,8,7,0.8225,SILVER APERITIF GLASS,0.0014447730612778369
20827,34.32,88,2,1,0.39,GOLD APERITIF GLASS,0.00038617298647239374
20828,2489.1,1010,177,116,2.5402173913043478,GLITTER BUTTERFLY CLIPS,0.028007668433229466
20829,2528.3900000000003,1264,163,90,2.153095238095238,GLITTER HANGING BUTTERFLY STRING,0.028449764489129833
20830,157.5,75,20,19,2.1,SILVER PHOTO FRAME,0.0017722099466608977
20831,272.34000000000003,169,24,19,1.8645833333333333,GOLD PHOTO FRAME,0.003064404170626216
20832,517.68,1010,55,47,0.5778571428571428,RED FLOCK LOVE HEART PHOTO FRAME,0.005825000921824848
20835,54.779999999999994,66,7,7,0.83,FRENCH LATTICE CUSHION COVER,0.0006163914976386284
20836,141.1,170,17,14,0.83,FRENCH PAISLEY CUSHION COVER,0.0015876750696752551
20837,142.47,141,15,14,0.9713333333333334,FRENCH FLORAL CUSHION COVER,0.0016030904831795438
20838,282.94,330,33,30,0.9239393939393938,FRENCH LATTICE CUSHION COVER,0.0031836767130681556
20839,411.84,452,49,44,0.9855102040816326,FRENCH PAISLEY CUSHION COVER,0.004634075837668725
20840,399.28,464,43,35,0.9609090909090909,FRENCH FLORAL CUSHION COVER,0.004492749127001672
20845,120.64999999999999,19,11,7,6.35,ZINC HEART LATTICE 2 WALL PLANTER,0.0013575690797754752
20846,784.22,646,62,50,1.2601587301587303,ZINC HEART LATTICE T-LIGHT HOLDER,0.008824142757907362
20847,172.5,46,14,12,3.75,ZINC HEART LATTICE CHARGER LARGE,0.0019409918463428881
20848,61.95,21,8,7,2.95,ZINC HEART LATTICE CHARGER SMALL,0.0006970692456866198
20851,53.550000000000004,9,7,5,5.95,ZINC HEART LATTICE TRAY OVAL,0.0006025513818647053
20854,252.79999999999998,164,17,16,1.638235294117647,BLUE PATCH PURSE PINK HEART,0.002844537615973809
20856,231.0,140,27,26,1.65,DENIM PATCH PURSE PINK BUTTERFLY,0.0025992412551026503
20857,52.8,32,8,7,1.65,BLUE ROSE PATCH PURSE PINK BUTTERFL,0.0005941122868806058
20861,4.2,2,2,2,2.1,GOLD COSMETIC BAG PINK STAR,4.725893191095728e-05
20866,487.34,408,37,34,1.305135135135135,BLUE ROSE FABRIC MIRROR,0.005483611399401409
20867,231.47,187,25,23,1.2424,PINK ROSE FABRIC MIRROR,0.002604529754626019
20868,159.26000000000002,381,31,29,0.567741935483871,SILVER FABRIC MIRROR,0.0017920136895569181
20869,54.21000000000001,139,17,17,0.39,GOLD FABRIC MIRROR,0.000609977785450713
20878,30.0,24,7,7,1.25,SET/9 CHRISTMAS T-LIGHTS SCENTED,0.00033756379936398053
20886,851.4,452,77,56,1.946153846153846,BOX OF 9 PEBBLE CANDLES,0.009580060625949767
20892,12.75,1,1,1,12.75,SET/3 TALL GLASS CANDLE HOLDER PINK,0.00014346461472969173
20893,566.55,258,19,16,2.478947368421052,HANGING BAUBLE T-LIGHT HOLDER SMALL,0.006374892350988773
20894,73.75,25,9,9,2.95,HANGING BAUBLE T-LIGHT HOLDER LARGE,0.0008298443401031189
20897,230.35,85,8,8,2.9000000000000004,VINTAGE NOTEBOOK PARIS DAYS,0.0025919273727830973
20898,73.75,25,4,4,2.95,VINTAGE NOTEBOOK TRAVELOGUE,0.0008298443401031189
20901,19.049999999999997,3,2,2,6.35,VINTAGE KEEPSAKE BOX PINK FLOWER,0.00021435301259612762
20902,190.35,33,6,6,6.216666666666666,VINTAGE KEEPSAKE BOX PARIS DAYS,0.0021418423069644566
20903,127.0,20,10,10,6.35,VINTAGE KEEPSAKE BOX TRAVELOGUE,0.0014290200839741844
20906,8.850000000000001,3,2,2,2.95,VINTAGE NOTEBOOK BEAUTY GIRL,9.958132081237427e-05
20910,50.8,8,3,2,6.349999999999999,VINTAGE PHOTO ALBUM PARIS DAYS,0.0005716080335896737
20914,17271.530000000002,6159,764,356,2.9525322997416024,SET/5 RED RETROSPOT LID GLASS BOWLS,0.19434144292096572
20931,794.45,263,37,35,3.114864864864865,BLUE POT PLANT CANDLE,0.00893925201349048
20932,516.25,189,22,22,3.0090909090909093,PINK POT PLANT CANDLE,0.005808910380721832
20933,71.05,23,9,9,3.127777777777778,YELLOW POT PLANT CANDLE,0.0007994635981603606
20934,294.3,54,20,20,5.45,SET/3 POT PLANT CANDLES,0.0033115008717606496
20935,17.700000000000003,6,4,4,2.95,ROUND CACTUS CANDLE,0.00019916264162474855
20936,272.98,92,26,21,3.0876923076923077,FORKED CACTUS CANDLE,0.003071605531679314
20941,76.25,61,17,13,1.25,FROG CANDLE,0.000857974656716784
20956,913.63,728,59,51,1.2903333333333333,PORCELAIN T-LIGHT HOLDERS ASSORTED,0.010280280467097119
20961,1301.86,1026,127,82,1.316171875,STRAWBERRY BATH SPONGE,0.01464869359466639
20963,1397.99,1100,122,83,1.32744,APPLE BATH SPONGE,0.015730360529095037
20964,5.1,2,1,1,2.55,POLYESTER FILLER PAD 60x40cm,5.738584589187669e-05
20966,698.25,589,41,28,1.2453658536585366,SANDWICH BATH SPONGE,0.007856797430196648
20967,960.0,256,75,63,3.75,GREY FLORAL FELTCRAFT SHOULDER BAG,0.010802041579647377
20969,6726.81,1874,257,157,3.8198054474708174,RED FLORAL FELTCRAFT SHOULDER BAG,0.07569091803998727
20970,3979.88,1080,230,141,3.781038961038961,PINK FLORAL FELTCRAFT SHOULDER BAG,0.044782113793757294
20971,11619.39,10217,457,277,1.2698047722342733,PINK BLUE FELT CRAFT TRINKET BOX,0.1307428478230614
20972,8617.24,7106,535,312,1.2748613678373384,PINK CREAM FELT CRAFT TRINKET BOX,0.0969622758143756
20973,2545.3,3998,276,191,0.6657342657342658,12 PENCIL SMALL TUBE WOODLAND,0.028640037950704657
20974,4230.55,6727,291,195,0.6483277591973244,12 PENCILS SMALL TUBE SKULL,0.04760268437997627
20975,4096.650000000001,6393,307,231,0.6490353697749196,12 PENCILS SMALL TUBE RED RETROSPOT,0.04609602462214837
20977,1969.43,1595,142,111,1.2486713286713287,36 PENCILS TUBE WOODLAND,0.02216027577938014
20978,2009.43,1627,179,133,1.2489560439560439,36 PENCILS TUBE SKULLS,0.022610360845198782
20979,4227.26,3518,230,164,1.244217391304348,36 PENCILS TUBE RED RETROSPOT,0.04756566488331269
20980,33.75,27,11,10,1.25,36 PENCILS TUBE POSY,0.0003797592742844781
20981,1571.6499999999999,1849,208,157,0.85,12 PENCILS TALL TUBE WOODLAND,0.017684404842346665
20982,1705.6599999999999,2014,215,158,0.8494036697247705,12 PENCILS TALL TUBE SKULLS,0.019192302334105567
20983,2240.31,2643,234,185,0.8494650205761316,12 PENCILS TALL TUBE RED RETROSPOT,0.025208251845103974
20984,1161.1799999999998,3782,167,135,0.3644508670520231,12 PENCILS TALL TUBE POSY,0.013065744418182229
20985,1155.88,1013,87,65,1.2791304347826087,HEART CALCULATOR,0.013006108146961263
20986,543.01,459,58,40,1.3231147540983605,BLUE CALCULATOR RULER,0.006110017289754503
20992,1845.87,4339,244,162,0.45910852713178296,JAZZ HEARTS PURSE NOTEBOOK,0.02076996301106636
20996,648.12,3054,184,124,0.2532972972972973,JAZZ HEARTS ADDRESS BOOK,0.0072927283214594355
20997,74.25,15,5,4,4.95,ROSE DU SUD CUSHION COVER,0.0008354704034258519
20998,348.25000000000006,119,28,27,2.935714285714286,ROSE DU SUD OVEN GLOVE,0.003918553104283542
21000,191.25,45,16,16,4.25,ROSE DU SUD COSMETICS BAG,0.002151969220945376
21001,142.8,24,12,12,5.95,ROSE DU SUD WASHBAG,0.0016068036849725476
21002,55.25,13,5,5,4.25,ROSE DU SUD DRAWSTRING BAG,0.0006216799971619975
21003,82.55,13,6,6,6.349999999999999,ROSE DU SUD CUSHION COVER,0.0009288630545832198
21011,26.099999999999998,18,2,2,1.45,GLITTER SNOW PEAR TREE DECORATION,0.0002936805054466631
21012,1129.1000000000001,565,80,66,2.085,ANTIQUE ALL GLASS CANDLESTICK,0.012704776195395683
21014,455.56999999999994,1233,66,64,0.41,SWISS CHALET TREE DECORATION,0.005126131335874954
21015,377.3299999999999,1249,66,59,0.3234328358208955,DARK BIRD HOUSE TREE DECORATION,0.004245764947133692
21018,18.7,22,4,4,0.85,BIRD BOX CHRISTMAS TREE DECORATION,0.00021041476827021453
21025,127.25,100,16,14,1.465,SPACE FROG,0.0014318331156355508
21026,173.62,140,22,20,1.3513636363636363,SPACE OWL,0.0019535942281858104
21027,119.95,99,17,16,1.2394444444444443,NINJA RABBIT PINK,0.001349692591123649
21028,148.29,116,21,15,1.52,NINJA RABBIT BLACK,0.0016685778602561559
21030,141.17,111,21,19,1.305,SPACE CADET RED,0.0015884627185404376
21031,49.96,39,10,9,1.371,SPACE CADET BLACK,0.0005621562472074823
21032,83.63,64,15,13,1.492,SPACE CADET WHITE,0.000941015351360323
21033,1932.67,921,108,75,2.3205555555555555,JUMBO BAG CHARLIE AND LOLA TOYS,0.02174664760389281
21034,1740.3999999999999,1832,859,480,0.95,REX CASH+CARRY JUMBO SHOPPER,0.019583201213769056
21035,6807.01,2315,219,151,3.2909049773755656,SET/2 RED RETROSPOT TEA TOWELS,0.07659333859695365
21038,86.75,77,23,20,1.1656521739130437,SET/4 MODERN VINTAGE COTTON NAPKINS,0.0009761219864941771
21039,1284.6599999999999,510,77,57,2.7124675324675325,RED RETROSPOT SHOPPING BAG,0.014455157016364373
21040,29.7,22,8,8,1.67,MODERN VINTAGE COTTON SHOPPING BAG,0.0003341881613703407
21041,1678.5500000000002,569,138,100,2.95,RED RETROSPOT OVEN GLOVE DOUBLE,0.018887257180746988
21042,1796.9,302,105,71,5.95,RED RETROSPOT APRON,0.02021894636923789
21043,927.9499999999999,441,57,52,2.300877192982456,APRON MODERN VINTAGE COTTON,0.01044141092066019
21051,228.83,108,24,23,2.1845833333333333,RIBBONS PURSE,0.002574824140281989
21054,608.5999999999999,68,27,24,8.95,NURSE'S BAG SOFT TOY,0.006848044276430618
21055,1350.24,144,82,63,9.511951219512193,TOOL BOX SOFT TOY,0.015193071481774036
21056,1640.1799999999998,174,66,46,9.749393939393938,DOCTOR'S BAG SOFT TOY,0.018455513081360453
21058,853.2199999999999,1046,87,68,0.8646067415730337,PARTY INVITES WOODLAND,0.009600539496444516
21059,487.04999999999995,573,77,67,0.8500000000000001,PARTY INVITES DINOSAURS,0.005480348282674224
21060,302.59999999999997,356,53,47,0.85,PARTY INVITES BALLOON GIRL,0.0034048935229180166
21061,350.2,412,52,49,0.8499999999999999,PARTY INVITES FOOTBALL,0.0039404947512422
21062,425.0,500,61,55,0.85,PARTY INVITES SPACEMAN,0.004782153824323058
21063,412.10999999999996,483,81,64,0.8692592592592592,PARTY INVITES JAZZ HEARTS,0.004637113911863001
21064,740.15,171,54,40,5.026785714285714,BOOM BOX SPEAKER BOYS,0.008328261536641674
21065,827.15,485,40,31,4.271428571428571,BOOM BOX SPEAKER GIRLS,0.009307196554797217
21066,656.37,687,41,32,1.234390243902439,VINTAGE RED MUG,0.007385558366284531
21067,246.88,201,41,30,1.2454761904761906,VINTAGE RED TEATIME MUG,0.0027779250262326507
21068,1637.71,1535,125,81,1.2177777777777778,VINTAGE BILLBOARD LOVE/HATE MUG,0.018427720328546154
21069,2047.8000000000002,1867,51,35,1.2350980392156863,VINTAGE BILLBOARD TEA MUG,0.023042104944585313
21070,1058.54,1032,77,51,1.3275641025641025,VINTAGE BILLBOARD MUG,0.011910826139291598
21071,1020.98,845,107,72,1.2314678899082567,VINTAGE BILLBOARD DRINK ME MUG,0.011488196262487897
21078,1972.73,2483,201,148,0.8504950495049504,SET/20 STRAWBERRY PAPER NAPKINS,0.02219740779731018
21080,9649.99,12305,732,427,0.8390080428954423,SET/20 RED RETROSPOT PAPER NAPKINS,0.10858290960748063
21084,463.85,2199,103,90,0.25754716981132075,SET/6 COLLAGE PAPER CUPS,0.0052192989444994125
21086,3999.09,6573,285,167,0.6589041095890411,SET/6 RED SPOTTY PAPER CUPS,0.044998267146616706
21087,62.120000000000005,126,10,10,0.466,SET/6 POSIES PAPER CUPS,0.0006989821072163492
21088,345.42,1576,74,67,0.257027027027027,SET/6 FRUIT SALAD PAPER CUPS,0.0038867095858768725
21089,45.730000000000004,231,24,23,0.22833333333333336,SET/6 GREEN SPRING PAPER CUPS,0.0005145597514971611
21090,704.26,1664,116,98,0.4594017094017094,SET/6 COLLAGE PAPER PLATES,0.007924422711335899
21094,5496.53,7351,325,179,0.8289634146341462,SET/6 RED SPOTTY PAPER PLATES,0.061847651670603326
21095,80.75,95,9,9,0.85,SET/6 POSIES PAPER PLATES,0.000908609226621381
21096,479.25,1143,70,63,0.4482857142857143,SET/6 FRUIT SALAD  PAPER PLATES,0.00539258169483959
21098,3665.05,3164,163,115,1.3046285714285715,CHRISTMAS TOILET ROLL,0.04123960676196523
21100,70.95,43,8,7,1.65,CHARLIE AND LOLA CHARLOTTE BAG,0.0007983383854958141
21106,530.95,193,34,30,2.9042857142857144,CREAM SLICE FLANNEL CHOCOLATE SPOT,0.005974316642410183
21107,2209.95,837,62,48,2.8674603174603175,CREAM SLICE FLANNEL PINK SPOT,0.024866637280147624
21108,17291.57,10070,192,160,1.3961139896373056,FAIRY CAKE FLANNEL ASSORTED COLOUR,0.19456693553894083
21109,2129.4,836,68,54,4.172222222222222,LARGE CAKE TOWEL CHOCOLATE SPOTS,0.023960278478855342
21110,2288.3,774,78,62,5.461392405063291,LARGE CAKE TOWEL PINK SPOTS,0.025748241402819894
21111,1290.3,788,50,46,2.1598039215686278,"SWISS ROLL TOWEL, CHOCOLATE  SPOTS",0.014518619010644803
21112,2551.83,1245,46,37,2.5917391304347825,SWISS ROLL TOWEL PINK  SPOTS,0.028713514337699548
21114,1674.03,1327,128,105,1.3224806201550388,LAVENDER SCENTED FABRIC HEART,0.01883639756830948
21115,2567.61,519,129,104,5.874307692307692,ROSE CARAVAN DOORSTOP,0.028891072896165007
21116,2339.19,489,117,81,4.948644067796611,OWL DOORSTOP,0.026320862127807657
21117,141.75,109,14,11,1.6428571428571428,BLOND DOLL DOORSTOP,0.0015949889519948082
21121,7794.18,6498,336,238,1.2466470588235294,SET/10 RED POLKADOT PARTY CANDLES,0.08770110045755833
21122,6346.08,5251,304,214,1.2514516129032258,SET/10 PINK POLKADOT PARTY CANDLES,0.071406895862259
21123,1213.31,973,97,66,1.2374,SET/10 IVORY POLKADOT PARTY CANDLES,0.013652317780210374
21124,4793.34,3966,227,180,1.2475,SET/10 BLUE POLKADOT PARTY CANDLES,0.05393526873477809
21125,743.75,595,67,59,1.25,SET 6 FOOTBALL CELEBRATION CANDLES,0.008368769192565352
21126,604.19,487,67,57,1.2472058823529413,SET OF 6 GIRLS CELEBRATION CANDLES,0.006798422397924114
21128,284.16,47,16,12,6.9193750000000005,GOLD FISHING GNOME,0.0031974043075756243
21129,332.3,45,20,13,8.2775,SILVER FISHING GNOME,0.003739081684288358
21131,290.25,93,17,11,3.8676470588235294,GOLD STANDING GNOME,0.003265929758846512
21132,142.75,35,16,13,3.875,SILVER STANDING GNOME,0.001606241078640274
21135,2973.55,2707,162,122,1.6656287425149698,VICTORIAN  METAL POSTCARD SPRING,0.03345876118662548
21136,7454.22,4454,352,259,1.6926536312849163,PAINTED METAL PEARS ASSORTED,0.08387582748316572
21137,39045.8,11401,313,140,3.659681528662421,BLACK RECORD COVER FRAME,0.43934828657353714
21143,575.25,295,26,26,1.95,ANTIQUE GLASS HEART DECORATION,0.006472785852804327
21145,152.5,122,8,8,1.25,ANTIQUE GLASS PLACE SETTING,0.001715949313433568
21147,200.94,89,21,11,2.2800000000000002,JINGLE BELLS TREE DECORATION,0.0022610023281399417
21154,3750.38,3186,262,175,1.2948689138576779,RED RETROSPOT OVEN GLOVE,0.04219975072862285
21155,5874.95,2458,354,205,2.520891364902507,RED RETROSPOT PEG BAG,0.06610568143578058
21156,5585.92,3038,292,202,2.000853242320819,RETROSPOT CHILDRENS APRON,0.06285347927144154
21157,100.80000000000001,48,14,12,2.1,RED RETROSPOT WASHBAG,0.0011342143658629748
21158,684.9599999999999,1422,146,103,0.6216556291390729,MOODY GIRL DOOR HANGER,0.007707256667078404
21159,542.36,1108,108,73,0.6942592592592592,MOODY BOY  DOOR HANGER,0.00610270340743495
21161,188.5,130,34,25,1.45,KEEP OUT BOYS DOOR HANGER,0.0021210258726703443
21162,695.23,1413,137,98,0.6111510791366906,TOXIC AREA  DOOR HANGER,0.00782281600772734
21163,599.79,1171,110,86,0.6968421052631579,DO NOT TOUCH MY STUFF DOOR HANGER,0.006748913040684063
21164,4844.72,1712,246,166,2.938145161290323,HOME SWEET HOME METAL SIGN,0.054513403001822135
21165,6401.93,4025,359,178,1.6722465753424658,BEWARE OF THE CAT METAL SIGN,0.07203532713540828
21166,20232.13,10169,602,287,2.0385831960461287,COOK WITH WINE METAL SIGN,0.2276544890675324
21167,264.6,1260,25,20,0.21,WHITE SAGE INCENSE,0.002977312710390309
21169,6743.98,4270,342,191,1.6720689655172414,YOU'RE CONFUSING ME METAL SIGN,0.07588411705448991
21171,566.8,424,60,43,1.4333333333333333,BATHROOM METAL SIGN,0.006377705382650138
21172,4701.0199999999995,3330,371,236,1.487248677248677,PARTY METAL SIGN,0.052896472402868655
21174,8364.64,3922,371,225,2.07,POTTERING IN THE SHED METAL SIGN,0.09411998862373087
21175,26063.34,11975,692,343,2.466460431654676,GIN + TONIC DIET METAL SIGN,0.29326800248384033
21179,1019.59,1783,166,122,0.7450000000000001,NO JUNK MAIL METAL SIGN,0.011472555806450698
21181,23865.820000000003,11932,694,361,2.072354609929078,PLEASE ONE PERSON METAL SIGN,0.26854122913789585
21187,522.0,328,33,30,1.638235294117647,WHITE BELL HONEYCOMB PAPER GARLAND,0.005873610108933262
21188,838.5000000000001,294,33,27,2.926470588235294,3D HEARTS  HONEYCOMB PAPER GARLAND,0.009434908192223257
21189,272.25,165,29,27,1.65,WHITE HONEYCOMB PAPER GARLAND,0.0030633914792281237
21190,245.20000000000002,168,7,6,1.5928571428571427,PINK HEARTS PAPER GARLAND,0.002759021453468268
21191,788.0400000000001,394,44,38,2.0813636363636365,LARGE WHITE HONEYCOMB PAPER BELL,0.008867125881693042
21192,1390.1999999999998,924,39,32,1.6214285714285712,WHITE BELL HONEYCOMB PAPER,0.015642706462526856
21194,364.6,436,41,37,0.9261904761904761,PINK  HONEYCOMB PAPER FAN,0.004102525374936911
21195,607.86,417,24,21,1.8675,PINK  HONEYCOMB PAPER BALL,0.006839717702712975
21196,146.84999999999997,89,9,9,1.65,ROUND WHITE CONFETTI IN TUBE,0.0016523747978866843
21197,322.71,243,13,13,1.5246153846153847,MULTICOLOUR  CONFETTI IN TUBE,0.0036311737897583387
21198,929.9099999999999,963,50,47,1.3754,WHITE HEART CONFETTI IN TUBE,0.010463465088885304
21199,766.56,864,48,45,1.3948979591836734,PINK  HEART CONFETTI IN TUBE,0.008625430201348431
21200,1272.8999999999999,1010,39,33,1.5012820512820513,MULTICOLOUR HONEYCOMB PAPER GARLAND,0.014322832007013694
21201,2672.25,1175,72,44,2.502,TROPICAL  HONEYCOMB PAPER GARLAND,0.030068495428346567
21202,403.2,448,20,20,1.45,DOLLY HONEYCOMB GARLAND,0.004536857463451898
21204,691.3499999999999,419,51,44,1.65,DAISIES  HONEYCOMB GARLAND,0.007779157756342931
21205,532.9499999999999,209,48,43,2.55,MULTICOLOUR 3D BALLS GARLAND,0.005996820895701114
21206,1446.6,1220,75,55,1.5487012987012987,STRAWBERRY HONEYCOMB  GARLAND,0.016277326405331142
21207,1532.2499999999998,981,84,74,1.6288235294117646,SKULL AND CROSSBONES  GARLAND,0.017241071052515305
21208,531.6899999999999,873,56,50,0.626140350877193,PASTEL COLOUR HONEYCOMB FAN,0.005982643216127827
21209,669.12,1142,57,48,0.6794736842105262,MULTICOLOUR HONEYCOMB FAN,0.007529022981014222
21210,7943.0199999999995,5677,365,244,1.463013698630137,SET OF 72 RETROSPOT PAPER  DOILIES,0.0893758669874695
21211,1143.35,815,66,58,1.4440298507462686,SET OF 72 SKULL PAPER  DOILIES,0.012865119000093572
21212,16381.880000000001,33670,1029,635,0.5481809523809524,PACK OF 72 RETROSPOT CAKE CASES,0.18433098845082688
21213,6855.46,14302,499,295,0.5405742574257426,PACK OF 72 SKULL CAKE CASES,0.07713850413292647
21215,460.70000000000005,866,63,51,0.54796875,IVORY PAPER CUP CAKE CASES,0.0051838547455661955
21216,8330.12,1836,241,150,4.8976734693877555,"SET 3 RETROSPOT TEA,COFFEE,SUGAR",0.0937315652119294
21217,9178.3,974,257,167,9.860505836575873,RED RETROSPOT ROUND CAKE TINS,0.10327539399008076
21218,7071.2,2058,203,130,3.755631067961165,RED SPOTTY BISCUIT TIN,0.07956603793541932
21219,408.59,323,42,35,1.3625581395348838,SET/4 BADGES BALLOON GIRL,0.00459750642607096
21220,299.56,229,41,34,1.397560975609756,SET/4 BADGES DOGS,0.0033706870579158004
21221,262.14,201,24,24,1.3004166666666668,SET/4 BADGES CUTE CREATURES,0.002949632478842462
21222,252.18,194,35,26,1.4852777777777777,SET/4 BADGES BEETLES,0.0028375612974536205
21224,913.7,734,81,58,1.247710843373494,SET/4 SKULL BADGES,0.010281068115962303
21226,10.0,8,4,4,1.25,POCKET MIRROR WOODLAND,0.00011252126645466018
21228,6.25,5,2,2,1.25,"POCKET MIRROR ""GLAMOROUS""",7.032579153416262e-05
21231,6864.610000000001,5748,381,215,1.2735248041775458,SWEETHEART CERAMIC TRINKET BOX,0.0772414610917325
21232,12195.06,10354,582,312,1.2564906303236796,STRAWBERRY CERAMIC TRINKET BOX,0.13722035956905682
21238,2822.41,3519,277,160,0.8476785714285714,RED RETROSPOT CUP,0.031758114765429744
21239,2049.7,2572,201,141,0.8461576354679802,PINK  POLKADOT CUP,0.023063483985211696
21240,2484.53,3153,215,149,0.8410138248847926,BLUE POLKADOT CUP,0.02795624621445969
21242,4855.91,3071,222,148,1.6737837837837837,RED RETROSPOT PLATE,0.054639314298984894
21243,3329.0499999999997,2113,148,103,1.6722818791946308,PINK  POLKADOT PLATE,0.03745889220908865
21244,3359.47,2131,147,107,1.672162162162162,BLUE POLKADOT PLATE,0.03780118190164372
21245,1618.03,1011,100,72,1.6963366336633663,GREEN POLKADOT PLATE,0.018206278476163382
21246,849.45,175,39,33,4.932051282051282,RED RETROSPOT BIG BOWL,0.00955811897899111
21248,271.15,187,52,45,1.4499999999999997,DOOR HANGER  MUM + DADS ROOM,0.003051014139918111
21249,1874.4,672,79,68,2.9145569620253164,WOODLAND  HEIGHT CHART STICKERS,0.021090986184261504
21250,257.0,92,17,15,2.926470588235294,SET OF SKULL WALL STICKERS,0.002891796547884767
21251,486.75000000000006,165,35,32,2.95,DINOSAUR HEIGHT CHART STICKER SET,0.005476972644680585
21253,189.59000000000003,65,16,14,2.8150000000000004,SET OF PICTURE FRAME  STICKERS,0.0021332906907139027
21257,3727.44,488,152,100,7.981633986928105,VICTORIAN SEWING BOX MEDIUM,0.04194162694337586
21258,5014.23,425,106,61,12.952358490566038,VICTORIAN SEWING BOX LARGE,0.056420750989495075
21259,6402.360000000001,1123,237,133,5.927257383966245,VICTORIAN SEWING BOX SMALL,0.07204016554986582
21260,3530.35,1129,148,104,3.2376666666666667,FIRST AID TIN,0.03972394530282096
21261,520.6500000000001,167,27,24,3.468518518518519,GREEN GOOSE FEATHER CHRISTMAS TREE,0.005858419737961884
21262,781.7500000000001,265,50,43,2.95,WHITE GOOSE FEATHER CHRISTMAS TREE,0.008796350005093063
21263,313.95,161,36,32,1.9499999999999997,GREEN GOOSE FEATHER TREE 60CM,0.003532605160344056
21264,495.29999999999995,254,42,37,1.9499999999999997,WHITE GOOSE FEATHER TREE 60CM,0.005573178327499318
21265,249.59999999999997,128,16,15,1.95,PINK GOOSE FEATHER TREE 60CM,0.002808530810708318
21268,0.84,2,1,1,0.42,VINTAGE BLUE TINSEL REEL,9.451786382191456e-06
21269,238.0,28,18,17,8.5,ANTIQUE CREAM CUTLERY SHELF,0.0026780061416209126
21270,178.5,14,13,12,12.75,ANTIQUE CREAM CUTLERY CUPBOARD,0.0020085046062156844
21272,653.8199999999999,498,60,49,1.251290322580645,SALLE DE BAIN HOOK,0.007356865443338591
21275,169.5,10,9,9,16.95,ZINC TOP  2 DOOR WOODEN SHELF,0.00190723546640649
21277,485.9,23,20,19,21.302500000000002,FRENCH STYLE EMBOSSED HEART CABINET,0.005467408337031938
21278,79.05,31,7,7,2.55,VINTAGE KITCHEN PRINT PUDDINGS,0.0008894806113240888
21279,165.75,65,12,12,2.55,VINTAGE KITCHEN PRINT FRUITS,0.0018650399914859925
21280,165.75,65,12,12,2.55,VINTAGE KITCHEN PRINT VEGETABLES,0.0018650399914859925
21281,89.24999999999999,35,6,6,2.55,VINTAGE KITCHEN PRINT SEAFOOD,0.001004252303107842
21284,311.84000000000003,384,25,24,1.1832,RETROSPOT CANDLE  SMALL,0.0035088631731221235
21285,357.62,350,33,26,1.6400000000000001,RETROSPOT CANDLE  MEDIUM,0.004023985530951558
21286,279.37,255,18,17,1.2577777777777777,RETROSPOT CANDLE  LARGE,0.003143506620943842
21287,755.13,1788,54,47,0.508888888888889,SCENTED VELVET LOUNGE CANDLE,0.008496818393790755
21288,707.95,253,40,33,2.91,STRIPEY CHOCOLATE NESTING BOXES,0.007965943058657669
21289,553.75,443,19,19,1.25,LARGE STRIPES CHOCOLATE GIFT BAG,0.006230865129926808
21291,782.0,920,40,32,0.85,SMALL POLKADOT CHOCOLATE GIFT BAG,0.008799163036754426
21292,591.25,865,26,25,0.8165384615384615,SMALL STRIPES CHOCOLATE GIFT BAG,0.006652819879131784
21293,214.13000000000002,101,18,14,2.2068421052631577,MIRRORED DOVE WALL DECORATION,0.002409417878593639
21294,722.88,1536,58,46,0.519,ETCHED GLASS COASTER,0.008133937309474476
21306,166.27999999999997,486,36,35,0.5413888888888888,SET/4 DAISY MIRROR MAGNETS,0.0018710036186080894
21307,39.199999999999996,79,13,11,1.2646153846153847,SET/4 BUTTERFLY MIRROR MAGNETS,0.0004410833645022679
21310,29.95,1,1,1,29.95,CAPIZ CHANDELIER,0.0003370011930317073
21311,158.23,452,44,40,0.5313333333333333,SET/4 BIRD MIRROR MAGNETS,0.001780423999112088
21313,2097.71,2828,129,96,0.8344186046511628,GLASS HEART T-LIGHT HOLDER,0.02360369858546052
21314,7399.960000000001,3664,342,215,2.093615160349854,SMALL GLASS HEART TRINKET POT,0.08326528709138273
21316,153.64000000000001,148,9,9,1.51,SMALL CHUNKY GLASS ROMAN  BOWL,0.0017287767378093993
21317,510.75,95,26,23,5.412962962962963,GLASS SPHERE CANDLE STAND MEDIUM,0.005747023684171769
21318,369.0,678,40,38,0.8817073170731707,GLASS CHALICE BLUE SMALL,0.00415203473217696
21319,129.51,147,12,12,1.2133333333333332,GLASS CHALICE GREEN  SMALL,0.001457262921854304
21320,309.66,186,11,10,1.595,GLASS CHALICE GREEN  LARGE,0.0034843335370350072
21324,203.55,69,20,20,2.95,HANGING MEDINA LANTERN SMALL,0.0022903703786846083
21326,6052.0,10040,277,168,0.6393992932862191,AGED GLASS SILVER T-LIGHT HOLDER,0.06809787045836034
21327,887.6999999999999,538,145,99,1.65,SKULLS WRITING SET,0.009988512823180183
21328,1253.9499999999998,755,187,135,1.6847089947089946,BALLOONS  WRITING SET,0.014109604207082111
21329,975.0999999999999,586,168,120,1.688816568047337,DINOSAURS  WRITING SET,0.010971948691993914
21331,140.25,11,7,7,12.75,MOROCCAN BEATEN METAL DISH LARGE,0.0015781107620266093
21332,143.3,14,8,8,10.55,MOROCCAN BEATEN METAL MIRROR,0.0016124297482952806
21333,162.25,55,15,15,2.95,CLASSIC WHITE FRAME,0.0018256575482268615
21336,23.6,8,3,3,2.9500000000000006,GOLD WASHBAG,0.00026555018883299804
21340,10123.16,925,260,179,12.18528735632184,CLASSIC METAL BIRDCAGE PLANT HOLDER,0.11390707837231578
21344,139.29999999999998,14,5,5,9.95,MOROCCAN BEATEN METAL DISH,0.001567421241713416
21348,355.65,139,5,5,2.79,PINK SPOTS CHOCOLATE NESTING BOXES,0.004001818841459989
21349,81.0,12,7,7,6.75,IVY HEART WREATH,0.0009114222582827476
21351,654.55,101,31,27,6.701515151515152,CINAMMON & ORANGE WREATH,0.0073650794957897826
21352,1118.65,311,37,35,4.366216216216216,EUCALYPTUS & PINECONE  WREATH,0.012587191471950563
21354,885.95,751,68,55,1.223529411764706,TOAST ITS - BEST MUM,0.00996882160155062
21355,955.4,772,107,95,1.2445454545454546,TOAST ITS - I LOVE YOU,0.010750281797078234
21356,361.9,303,53,37,1.1868518518518518,TOAST ITS - FAIRY FLOWER,0.004072144632994152
21357,23.75,19,10,9,1.25,TOAST ITS - DINOSAUR,0.00026723800782981795
21358,408.75,327,59,54,1.25,TOAST ITS - HAPPY BIRTHDAY,0.004599306766334235
21359,743.7,126,26,22,7.988461538461538,RELAX LARGE WOOD LETTERS,0.008368206586233079
21360,194.15,37,14,14,7.378571428571428,JOY LARGE WOOD LETTERS,0.0021846003882172275
21361,1127.85,91,54,42,12.716666666666667,LOVE LARGE WOOD LETTERS,0.012690711037088848
21363,1024.65,207,90,67,4.95,HOME SMALL WOOD LETTERS,0.011529491567276758
21364,168.75,25,21,19,6.75,PEACE SMALL WOOD LETTERS,0.0018987963714223908
21365,360.0,348,42,35,1.0999999999999999,MIRRORED WALL ART STARS,0.004050765592367766
21366,102.0,24,10,9,4.25,MIRRORED WALL ART PHOTO FRAMES,0.0011477169178375339
21367,159.51,163,35,29,1.56,MIRRORED WALL ART GENTS,0.0017948267212182845
21368,128.4,160,30,25,0.8733333333333333,MIRRORED WALL ART LADIES,0.0014447730612778369
21369,142.5,98,13,12,1.6346153846153846,MIRRORED WALL ART SPLODGES,0.0016034280469789076
21370,88.2,15,8,7,4.94,MIRRORED WALL ART FOXY,0.0009924375701301027
21371,274.65,275,32,27,1.0875,MIRRORED WALL ART POPPIES,0.003090396583177242
21372,75.73,67,25,18,1.3292000000000002,MIRRORED WALL ART TABLE LAMP,0.0008521235508611416
21373,380.25,507,45,41,0.75,MIRRORED WALL ART SNOWFLAKES,0.004278621156938453
21374,400.0,294,40,37,1.6875,MIRRORED WALL ART SKULLS,0.004500850658186408
21375,107.30000000000001,22,10,9,4.6863636363636365,LARGE CAMPHOR WOOD FIELD MUSHROOM,0.0012073531890585039
21376,149.65,29,13,13,5.126923076923077,LARGE  TALL CAMPHOR WOOD TOADSTOOL,0.0016838807524939899
21377,123.20999999999998,93,19,18,1.4510526315789474,SMALL CAMPHOR WOOD FIELD  MUSHROOM,0.001386374523987868
21378,175.04999999999998,129,22,21,1.478181818181818,SMALL TALL CAMPHOR WOOD TOADSTOOL,0.0019696847692888264
21379,155.61,141,23,22,1.1378260869565218,CAMPHOR WOOD PORTOBELLO MUSHROOM,0.0017509434273009674
21380,5901.3,2090,232,138,2.9746551724137933,WOODEN HAPPY BIRTHDAY GARLAND,0.06640217497288861
21381,2726.31,1695,138,88,1.6882857142857142,MINI WOODEN HAPPY BIRTHDAY GARLAND,0.030676785394800458
21382,1151.8,1040,93,64,1.6627659574468086,SET/4 SPRING FLOWER DECORATION,0.012960199470247761
21383,497.25000000000006,765,77,75,0.65,PACK OF 12 STICKY BUNNIES,0.005595119974457979
21385,2952.54,3558,205,153,0.8597196261682243,IVORY HANGING DECORATION  HEART,0.033222354005804235
21386,253.01,689,46,42,0.45399999999999996,IVORY HANGING DECORATION  EGG,0.0028469005625693573
21389,862.75,1015,94,81,0.85,IVORY HANGING DECORATION  BIRD,0.009707772263375809
21390,4540.38,3778,174,120,1.2637569060773481,FILIGRIS HEART WITH BUTTERFLY,0.05108893077854101
21391,846.6,965,75,69,0.9954545454545455,FRENCH LAVENDER SCENT HEART,0.009526050418051532
21392,38.13,32,6,5,1.3671428571428572,RED POLKADOT PUDDING BOWL,0.0004290435889916193
21393,38.67,29,7,7,1.45875,BLUE POLKADOT PUDDING BOWL,0.00043511973738017095
21394,1538.62,3822,114,88,0.4419298245614035,RED POLKADOT BEAKER,0.017312747099246927
21395,1094.34,2806,78,63,0.39,BLUE POLKADOT BEAKER,0.012313652273199282
21397,445.26,1016,44,43,0.5268181818181819,BLUE POLKADOT EGG CUP,0.005010121910160199
21398,642.75,1499,49,43,0.6691836734693878,RED POLKADOT COFFEE  MUG,0.007232304401373284
21399,826.14,2035,62,50,0.5554838709677419,BLUE POLKADOT COFFEE MUG,0.009295831906885297
21400,109.74,837,48,42,0.1575,RED PUDDING SPOON,0.0012348083780734408
21401,132.29999999999998,1010,58,48,0.15050847457627117,BLUE PUDDING SPOON,0.001488656355195154
21402,155.4,1290,61,54,0.12491803278688525,RED  EGG  SPOON,0.0017485804807054193
21403,258.71999999999997,1718,71,58,0.13183098591549294,BLUE EGG  SPOON,0.002911150205714968
21407,965.0,233,94,79,4.220744680851064,BROWN CHECK CAT DOORSTOP,0.010858302212874708
21408,752.51,221,65,50,4.074,SPOTTY PINK DUCK DOORSTOP,0.008467337821979634
21411,2371.2599999999998,714,185,147,3.897914438502674,GINGHAM HEART  DOORSTOP RED,0.026681717829327746
21413,45.0,36,10,8,1.25,PERIWINKLE T-LIGHT HOLDER,0.0005063456990459708
21414,2.1,1,1,1,2.1,SCALLOP SHELL SOAP DISH,2.362946595547864e-05
21415,375.73,202,30,25,1.969,CLAM SHELL SMALL,0.004227761544500947
21416,18.75,5,4,4,3.75,CLAM SHELL LARGE,0.00021097737460248786
21417,420.88,289,32,24,1.7725,COCKLE SHELL DISH,0.004735795062543738
21418,115.25,59,12,11,2.0084615384615385,STARFISH SOAP DISH,0.0012968075958899586
21420,83.87,47,13,12,2.8985714285714286,OYSTER TRINKET BOX,0.000943715861755235
21421,345.14,298,13,11,1.2353846153846153,PORCELAIN ROSE LARGE,0.003883558990416142
21422,1218.36,1560,46,32,0.9093478260869565,PORCELAIN ROSE SMALL,0.013709141019769977
21424,612.05,227,22,19,2.8772727272727274,WOODLAND STORAGE BOX LARGE,0.006886864113357476
21425,188.05,67,16,12,2.9250000000000003,SKULLS STORAGE BOX LARGE,0.002115962415679885
21426,411.30000000000007,213,17,15,2.0444444444444447,WOODLAND STORAGE BOX SMALL,0.004627999689280174
21427,161.70000000000002,77,25,21,2.1,SKULLS STORAGE BOX SMALL,0.0018194688785718553
21428,4259.3,1098,182,117,4.180824175824176,SET3 BOOK BOX GREEN GINGHAM FLOWER,0.047926183021033415
21429,2917.2,1612,217,147,1.88018018018018,RED GINGHAM ROSE JEWELLERY BOX,0.03282470385015347
21430,9401.82,2698,319,186,3.694423676012461,SET/3 RED GINGHAM ROSE STORAGE BOX,0.10579046933787532
21439,1574.98,1322,77,51,1.2475641025641027,BASKET OF TOADSTOOLS,0.017721874424076068
21441,223.3,376,38,34,0.7626315789473684,BLUE BIRDHOUSE DECORATION,0.002512599879932562
21442,229.45999999999998,386,36,31,0.7144444444444444,GREEN BIRDHOUSE DECORATION,0.0025819129800686326
21445,267.5,214,21,17,1.25,12 PINK ROSE PEG PLACE SETTINGS,0.00300994387766216
21446,490.0,392,75,47,1.25,12 RED ROSE PEG PLACE SETTINGS,0.005513542056278349
21447,936.25,749,91,56,1.25,12 IVORY ROSE PEG PLACE SETTINGS,0.010534803571817561
21448,531.3,322,62,46,1.65,12 DAISY PEGS IN WOOD BOX,0.005978254886736095
21452,2140.15,745,133,109,2.9440740740740745,TOADSTOOL MONEY BOX,0.024081238840294103
21454,269.45,317,43,41,0.85,PAINTED PINK RABBIT,0.003031885524620819
21455,230.35,271,32,32,0.85,PAINTED YELLOW WOODEN DAISY,0.0025919273727830973
21456,201.25,161,19,17,1.25,2 PICTURE BOOK EGGS EASTER CHICKS,0.002264490487400036
21457,143.75,115,16,15,1.25,2 PICTURE BOOK EGGS EASTER DUCKS,0.00161749320528574
21458,197.5,158,19,18,1.25,2 PICTURE BOOK EGGS EASTER BUNNY,0.0022222950124795387
21459,146.25,75,18,16,1.9500000000000002,YELLOW EASTER EGG HUNT START POST,0.0016456235218994051
21460,50.699999999999996,26,9,9,1.9500000000000002,GREEN EASTER EGG HUNT START POST,0.0005704828209251271
21461,15.6,8,4,4,1.95,BLUE EASTER EGG HUNT START POST,0.0001755331756692699
21462,859.2,192,67,57,5.890298507462687,"NURSERY A,B,C PAINTED LETTERS",0.009667827213784404
21463,3393.4,642,129,77,5.791472868217054,MIRRORED DISCO BALL,0.038182966558724385
21464,1034.0,244,102,57,4.245098039215686,DISCO BALL ROTATOR BATTERY OPERATED,0.011634698951411863
21465,727.46,193,63,55,3.808888888888889,PINK FLOWER CROCHET FOOD COVER,0.00818547204951071
21466,982.49,267,91,71,3.8954945054945056,RED FLOWER CROCHET FOOD COVER,0.011055101907903908
21467,813.67,215,78,58,3.8451282051282054,CHERRY CROCHET FOOD COVER,0.009155517887616335
21468,468.67,123,50,43,3.8983999999999996,BUTTERFLY CROCHET FOOD COVER,0.005273534194930559
21469,941.21,250,71,57,3.8022535211267603,POLKA DOT RAFFIA FOOD COVER,0.010590614119979072
21470,1271.13,336,114,77,3.8476315789473685,FLOWER VINE RAFFIA FOOD COVER,0.014302915742851221
21471,1695.15,493,92,77,3.723913043478261,STRAWBERRY RAFFIA FOOD COVER,0.019074042483061722
21472,446.25,119,33,29,3.75,LADYBIRD + BEE RAFFIA FOOD COVER,0.00502126151553921
21473,438.9,22,18,16,19.95,SWEETHEART CREAM STEEL TABLE RECT,0.004938558384695035
21476,463.45,31,18,14,14.949999999999998,STEEL SWEETHEART ROUND TABLE CREAM,0.005214798093841226
21479,10215.47,2699,378,252,4.0185051546391755,WHITE SKULL HOT WATER BOTTLE,0.11494576218295874
21481,9196.050000000001,2919,379,253,3.3612041884816755,FAWN BLUE HOT WATER BOTTLE,0.10347511923803779
21484,5770.27,1545,282,205,3.9038888888888885,CHICK GREY HOT WATER BOTTLE,0.0649278088185332
21485,15827.18,3326,533,371,4.958964879852126,RETROSPOT HEART HOT WATER BOTTLE,0.17808943380058687
21486,30.0,8,4,4,3.75,PINK HEART DOTS HOT WATER BOTTLE,0.00033756379936398053
21488,11.850000000000001,3,2,2,3.95,RED WHITE SCARF  HOT WATER BOTTLE,0.00013333770074877235
21494,1617.23,1222,126,79,1.3704651162790698,ROTATING LEAVES T-LIGHT HOLDER,0.01819727677484701
21495,2356.0,5800,165,102,0.41769696969696973,SKULLS AND CROSSBONES WRAP,0.026510010376717942
21497,3409.0,8550,230,177,0.4182608695652174,FANCY FONTS BIRTHDAY WRAP,0.038358499734393654
21498,4310.24,10522,335,238,0.41802985074626864,RED RETROSPOT WRAP,0.04849936635235345
21499,2798.0,6900,215,175,0.41693023255813955,BLUE POLKADOT WRAP,0.031483450354013925
21500,2593.0,6350,213,162,0.4169014084507042,PINK POLKADOT WRAP,0.029176764391693383
21503,288.92,726,23,22,0.4165217391304348,TOYBOX  WRAP,0.003250964430408042
21504,753.12,1860,96,74,0.41687499999999994,SKULLS GREETING CARD,0.008474201619233368
21506,1895.76,4704,250,171,0.41856,"FANCY FONT BIRTHDAY CARD,",0.021331331609408657
21507,1308.96,3194,198,139,0.43207070707070705,"ELEPHANT, BIRTHDAY CARD,",0.014728583693849199
21508,966.07,2381,145,108,0.42758620689655175,VINTAGE KID DOLLY CARD,0.010870341988385358
21509,1444.75,3581,203,142,0.4317241379310345,COWBOYS AND INDIANS BIRTHDAY CARD,0.01625650997103703
21518,106.97999999999999,265,17,16,0.41647058823529415,BANK ACCOUNT  GREETING  CARD,0.0012037525085319546
21519,1320.9,3217,191,100,0.4178010471204188,GIN & TONIC DIET GREETING CARD,0.014862934085996066
21520,187.62,457,33,29,0.41818181818181815,BOOZE & WOMEN GREETING CARD,0.0021111240012223345
21523,19149.07,3087,397,203,7.865163727959699,DOORMAT FANCY FONT HOME SWEET HOME,0.21546776078289398
21524,12055.32,1657,405,251,7.963530864197531,DOORMAT SPOTTY HOME SWEET HOME,0.1356479873916194
21527,3508.8,464,133,95,7.860447761194029,RED RETROSPOT TRADITIONAL TEAPOT,0.039481461973611166
21528,1209.2,176,86,62,6.926744186046512,DAIRY MAID TRADITIONAL TEAPOT,0.013606071539697511
21530,690.12,756,83,64,1.072857142857143,DAIRY MAID TOASTRACK,0.007765317640569008
21531,3448.95,1469,206,143,2.506730769230769,RED RETROSPOT SUGAR JAM BOWL,0.03880802219388003
21533,6217.650000000001,1307,310,209,4.882475884244373,RETROSPOT LARGE MILK JUG,0.0699617852371818
21534,1563.75,321,124,94,4.9332,DAIRY MAID LARGE MILK JUG,0.017595513041847487
21535,5804.7,2450,310,204,2.5341853035143767,RED RETROSPOT SMALL MILK JUG,0.0653152195389366
21537,1337.5,326,57,50,4.232456140350878,RED RETROSPOT PUDDING BOWL,0.0150497193883108
21538,18.75,5,2,2,3.75,DAIRY MAID  PUDDING BOWL,0.00021097737460248786
21539,4414.8,936,211,123,4.903990610328639,RED RETROSPOT BUTTER DISH,0.049675888714403385
21544,1519.85,1869,113,80,0.8447368421052631,SKULLS  WATER TRANSFER TATTOOS,0.017101544682111527
21547,212.40000000000003,72,16,13,2.95,CERAMIC BIRDHOUSE CRESTED TIT SMALL,0.002389951699496983
21555,140.25,55,12,11,2.55,CERAMIC STRAWBERRY TRINKET TRAY,0.0015781107620266093
21556,1859.3999999999999,804,47,38,2.524468085106383,CERAMIC STRAWBERRY MONEY BOX,0.020922204284579516
21557,854.0400000000001,300,51,26,3.2153846153846155,SET OF 6 FUNKY BEAKERS,0.0096097662402938
21558,4609.5,1940,265,167,2.5299256505576206,SKULL LUNCH BOX WITH CUTLERY,0.051866677772275604
21559,8721.89,3711,426,233,2.5574133949191684,STRAWBERRY LUNCH BOX WITH CUTLERY,0.0981398108678236
21561,2868.7799999999997,1227,167,116,2.563571428571428,DINOSAUR LUNCH BOX WITH CUTLERY,0.03227987587798
21562,368.35,319,25,20,1.2272,HAWAIIAN GRASS SKIRT,0.004144720849857409
21563,2591.02,1358,134,95,2.7335820895522387,RED HEART SHAPE LOVE BUCKET,0.029154485180935365
21564,1686.5200000000002,1016,103,63,2.743009708737864,PINK  HEART SHAPE LOVE BUCKET,0.018976936630111352
21576,403.67,177,46,40,2.367826086956522,LETS GO SHOPPING COTTON TOTE BAG,0.004542145962975268
21577,1235.25,549,116,94,2.25,SAVE THE PLANET COTTON TOTE BAG,0.0138991894388119
21578,1311.75,583,82,68,2.25,WOODLAND DESIGN  COTTON TOTE BAG,0.01475997712719005
21579,342.0,152,32,30,2.25,LOLITA  DESIGN  COTTON TOTE BAG,0.003848227312749378
21580,202.5,90,24,21,2.25,RABBIT  DESIGN  COTTON TOTE BAG,0.002278555645706869
21581,371.25,165,40,33,2.25,SKULLS  DESIGN  COTTON TOTE BAG,0.0041773520171292594
21584,1743.35,1059,146,119,1.6487012987012986,RETROSPOT SMALL TUBE MATCHES,0.019616394987373182
21586,1691.25,731,66,54,2.502272727272727,KINGS CHOICE GIANT TUBE MATCHES,0.019030159189144403
21587,475.65,195,26,25,2.5344827586206895,COSY HOUR GIANT TUBE MATCHES,0.005352074038915911
21588,3442.5,1494,132,99,2.5266666666666664,RETROSPOT GIANT TUBE MATCHES,0.03873544597701677
21591,1451.39,1183,143,114,1.2487333333333333,COSY HOUR CIGAR BOX MATCHES,0.016331224091962925
21592,2135.32,2138,210,156,1.1293548387096775,RETROSPOT CIGAR BOX MATCHES,0.0240268910685965
21609,2069.2,760,73,59,2.922972972972973,SET 12 LAVENDER  BOTANICAL T-LIGHTS,0.023282900454798285
21613,632.7500000000001,221,38,37,2.9394736842105265,S/12 VANILLA  BOTANICAL T-LIGHTS,0.007119783134918624
21614,141.60000000000002,48,7,7,2.95,SET OF 12 ROSE BOTANICAL T-LIGHTS,0.0015933011329979884
21615,1193.75,839,100,86,1.6868932038834952,4 LAVENDER BOTANICAL DINNER CANDLES,0.01343222618302506
21616,1093.75,755,104,84,1.6898148148148149,4 PEAR BOTANICAL DINNER CANDLES,0.012307013518478458
21617,848.0,470,76,62,2.2884615384615383,4 LILY  BOTANICAL DINNER CANDLES,0.009541803395355184
21618,471.25,301,51,48,1.9956140350877194,4 WILDFLOWER BOTANICAL CANDLES,0.005302564681675862
21619,1247.5,896,121,99,1.6188524590163935,4 VANILLA BOTANICAL CANDLES,0.014037027990218857
21620,1188.75,795,124,97,1.746031746031746,SET OF 4 ROSE BOTANICAL CANDLES,0.01337596554979773
21621,20945.16,2538,391,267,8.505375,VINTAGE UNION JACK BUNTING,0.235677592929549
21622,1755.3000000000002,358,92,76,4.942391304347826,VINTAGE UNION JACK CUSHION COVER,0.019750857900786505
21623,22679.28,3252,205,139,9.764536585365853,VINTAGE UNION JACK MEMOBOARD,0.2551901307879845
21624,1184.8500000000001,203,82,72,5.9261904761904765,VINTAGE UNION JACK DOORSTOP,0.013332082255880414
21625,2112.3900000000003,303,113,97,6.995438596491228,VINTAGE UNION JACK APRON,0.023768879804615967
21626,1444.95,741,74,64,1.95,VINTAGE UNION JACK PENNANT,0.016258760396366125
21627,568.0999999999999,38,24,14,14.949999999999998,ELEPHANT CARNIVAL POUFFE,0.006392333147289245
21628,605.4499999999999,43,16,14,14.674999999999999,TRIANGULAR POUFFE VINTAGE,0.0068126000774974
21629,395.45000000000005,51,25,13,7.87,SQUARE FLOOR CUSHION VINTAGE RED,0.004449653481949537
21630,461.3,54,22,13,8.813636363636363,FLOOR CUSHION ELEPHANT CARNIVAL,0.005190606021553475
21631,761.85,155,16,15,7.25,HIPPY CHIC DECORATIVE PARASOL,0.008572432684848287
21632,237.00000000000003,60,5,5,3.95,VINTAGE PINK DECORATIVE PARASOL,0.0026667540149754466
21633,528.45,87,14,13,10.235714285714286,SUNFLOWER DECORATIVE PARASOL,0.005946186325796517
21634,462.6,948,23,22,0.5769565217391304,ASSORTED MINI MADRAS NOTEBOOK,0.005205233786192581
21635,367.5,270,15,15,1.9166666666666667,MADRAS NOTEBOOK LARGE,0.004135156542208762
21636,699.45,911,71,60,0.7993150684931507,MADRAS NOTEBOOK MEDIUM,0.007870299982171206
21637,136.25,109,6,6,1.25,ASSORTED SANSKRIT MINI NOTEBOOK,0.0015331022554447452
21638,489.30000000000007,233,31,25,2.1,ASSORTED TUTTI FRUTTI NOTEBOOK,0.005505665567626524
21640,437.16999999999996,529,46,38,0.8475,ASSORTED TUTTI FRUTTI  FOB NOTEBOOK,0.0049190922055983785
21641,367.97999999999996,1102,23,19,0.4791304347826087,ASSORTED TUTTI FRUTTI KEYRING BALL,0.004140557562998585
21642,800.9499999999999,2451,90,79,0.3752173913043478,ASSORTED TUTTI FRUTTI PEN,0.009012390836686007
21643,594.26,490,31,27,1.2377419354838708,ASSORTED TUTTI FRUTTI MIRROR,0.006686688780334636
21644,268.75,215,32,29,1.25,ASSORTED TUTTI FRUTTI HEART BOX,0.003024009035968993
21647,222.60000000000002,106,24,21,2.1,ASSORTED TUTTI FRUTTI LARGE PURSE,0.002504723391280736
21648,780.14,646,31,26,1.2377419354838708,ASSORTED TUTTI FRUTTI SMALL PURSE,0.00877823408119386
21650,440.89000000000004,2197,61,48,0.24411764705882355,ASSORTED TUTTI FRUTTI BRACELET,0.004960950116719513
21651,191.84999999999997,125,10,9,1.6099999999999999,HANGING GLASS ETCHED TEALIGHT,0.0021587204969326554
21654,427.86,934,47,40,0.655,RIDGED GLASS FINGER BOWL,0.004814334906529091
21655,60.84,36,2,1,1.69,HANGING RIDGE GLASS T-LIGHT HOLDER,0.0006845793851101526
21656,169.64999999999998,117,17,15,1.45,RIDGED GLASS POSY VASE,0.00190892328540331
21657,194.60000000000002,28,15,11,6.95,MILK BOTTLE WITH GLASS STOPPER,0.002189663845207688
21658,2862.2200000000003,770,126,82,3.89992125984252,GLASS  BEURRE DISH,0.03220606192718575
21661,17.85,3,3,3,5.95,VINTAGE GLASS TEA CADDY,0.00020085046062156845
21662,416.3,74,16,14,5.91875,VINTAGE GLASS COFFEE CADDY,0.004684260322507503
21664,342.72,96,17,15,3.73,RIDGED GLASS STORAGE JAR CREAM LID,0.003856328843934114
21666,249.60000000000002,384,33,21,0.65,RIDGED GLASS T-LIGHT HOLDER,0.0028085308107083187
21667,29.9,2,1,1,14.95,GLASS CAKE COVER AND PLATE,0.00033643858669943393
21668,6177.53,5001,333,169,1.305029761904762,RED STRIPE CERAMIC DRAWER KNOB,0.06951034991616568
21669,6239.4,4936,351,167,1.3255710306406685,BLUE STRIPE CERAMIC DRAWER KNOB,0.07020651899172067
21670,4971.22,3962,289,158,1.2992758620689655,BLUE SPOT CERAMIC DRAWER KNOB,0.05593679702247358
21671,5018.65,4061,279,164,1.2883214285714286,RED SPOT CERAMIC DRAWER KNOB,0.05647048538926803
21672,5578.14,4534,307,159,1.2922508038585208,WHITE SPOT RED CERAMIC DRAWER KNOB,0.06276593772613982
21673,4929.95,3971,276,154,1.2998924731182797,WHITE SPOT BLUE CERAMIC DRAWER KNOB,0.055472421755815196
21675,442.71,519,51,45,0.9392156862745098,BUTTERFLIES STICKERS,0.00498142898721426
21676,191.04999999999998,211,32,21,1.09375,FLOWERS  STICKERS,0.002149718795616283
21677,655.0,766,80,62,0.916625,HEARTS  STICKERS,0.007370142952780242
21678,88.39999999999999,104,16,16,0.85,PAISLEY PATTERN  STICKERS,0.000994687995459196
21679,891.2199999999999,1054,87,67,0.8485057471264367,SKULLS  STICKERS,0.010028120308972224
21680,683.4,804,53,43,0.85,WOODLAND  STICKERS,0.007689703349511477
21681,19.9,2,2,2,9.95,GIANT MEDINA STAMPED METAL BOWL,0.00022391732024477375
21682,881.1600000000001,177,50,42,5.0502,LARGE MEDINA STAMPED METAL BOWL,0.009914923914918838
21683,876.1500000000001,297,48,39,2.9500000000000006,MEDIUM MEDINA STAMPED METAL BOWL,0.009858550760425053
21684,565.21,752,36,27,0.8888888888888888,SMALL MEDINA STAMPED METAL BOWL,0.006359814501283849
21686,1268.3500000000001,33,18,6,39.672222222222224,MEDINA STAMPED METAL STOOL,0.014271634830776828
21688,932.2000000000002,316,39,36,2.95,SILVER PLATE CANDLE BOWL SMALL,0.010489232458903423
21689,345.0,92,23,22,3.75,SILVER VANILLA  FLOWER CANDLE POT,0.0038819836926857762
21690,82.5,22,7,6,3.75,SILVER  CANDLEPOT JARDIN,0.0009283004482509465
21692,63.75,17,7,7,3.75,SILVER LATTICE VANILLA CANDLE POT,0.0007173230736484586
21693,1020.7000000000002,346,43,40,2.95,SMALL HAMMERED SILVER CANDLEPOT,0.011485045667027167
21694,817.0500000000001,303,20,18,2.91,SMALL REGAL  SILVER CANDLEPOT,0.00919355007567801
21695,817.1500000000001,277,35,35,2.95,SMALL SILVER FLOWER CANDLE POT,0.009194675288342558
21696,649.0000000000001,220,29,27,2.95,SMALL SILVER TRELLIS CANDLEPOT,0.007302630192907448
21698,116.62,266,22,22,0.49454545454545457,MOCK LOBSTER FRIDGE MAGNET,0.001312223009394247
21700,1076.1,1266,85,58,0.85,BIG DOUGHNUT FRIDGE MAGNETS,0.012108413483185981
21703,3431.35,9272,243,175,0.4274898785425101,BAG 125g SWIRLY MARBLES,0.03860998476491982
21704,3856.3799999999997,5004,197,137,0.8637878787878788,BAG 250g SWIRLY MARBLES,0.04339247615304224
21705,1299.2099999999998,1377,110,89,1.5144642857142858,BAG 500g SWIRLY MARBLES,0.014618875459055904
21706,1129.63,228,68,53,5.076764705882353,FOLDING UMBRELLA RED/WHITE POLKADOT,0.01271073982251778
21707,601.22,120,47,44,5.148297872340425,FOLDING UMBRELLA BLACKBLUE POLKADOT,0.00676500358178708
21708,677.5,138,32,28,4.90625,FOLDING UMBRELLA CREAM POLKADOT,0.0076233158023032285
21709,430.06,87,31,30,5.089032258064516,FOLDING UMBRELLA CHOCOLATE POLKADOT,0.004839089585149115
21710,412.41,84,31,29,5.066451612903226,FOLDING UMBRELLA PINKWHITE POLKADOT,0.004640489549856641
21711,420.1,86,23,22,4.889130434782609,FOLDING UMBRELLA WHITE/RED POLKADOT,0.004727018403760275
21713,1429.2,692,125,103,2.098031496062992,CITRONELLA CANDLE FLOWERPOT,0.016081539401700033
21714,1348.75,1079,126,106,1.25,CITRONELLA CANDLE GARDEN POT,0.015176305813072293
21715,2736.75,1141,138,116,2.5176258992805756,GIRLS VINTAGE TIN SEASIDE BUCKET,0.030794257596979124
21716,2880.92,1190,137,112,2.5523357664233575,BOYS VINTAGE TIN SEASIDE BUCKET,0.03241647669545596
21717,931.95,405,38,34,2.5026315789473683,EASTER TIN BUCKET,0.010486419427242056
21718,1612.42,1288,143,106,1.2668055555555555,RED METAL BEACH SPADE,0.01814315404568232
21719,255.85,301,34,29,0.85,LOVELY BONBON STICKER SHEET,0.0028788566022424807
21720,48.449999999999996,57,8,8,0.85,CAKE SHOP  STICKER SHEET,0.0005451655359728286
21721,148.75,175,20,19,0.85,CANDY SHOP  STICKER SHEET,0.0016737538385130702
21722,55.24999999999999,65,15,13,0.85,SWEET PUDDING STICKER SHEET,0.0006216799971619974
21723,311.95,367,38,29,0.85,ALPHABET HEARTS STICKER SHEET,0.003510100907053125
21724,316.2,372,57,43,0.85,PANDA AND BUNNIES STICKER SHEET,0.003557922445296355
21725,232.89999999999998,274,32,26,0.85,SWEETIES  STICKERS,0.0026206202957290356
21726,196.35,231,36,29,0.85,MULTI HEARTS  STICKERS,0.002209355066837253
21730,2319.19,497,119,79,4.929243697478992,GLASS STAR FROSTED T-LIGHT HOLDER,0.026095819594898338
21731,19831.71,12863,522,266,1.6596212121212122,RED TOADSTOOL LED NIGHT LIGHT,0.22314891251615487
21733,22595.190000000002,7749,679,385,2.9483744557329463,RED HANGING HEART T-LIGHT HOLDER,0.2542439394583674
21735,2551.95,210,82,60,12.535975609756099,TWO DOOR CURIO CABINET,0.028714864592897005
21736,137.22000000000003,80,5,5,1.8150000000000002,GOLD SCROLL GLASS T-LIGHT HOLDER,0.0015440168182908475
21738,126.85000000000001,43,18,17,2.95,COSY SLIPPER SHOES SMALL  RED,0.0014273322649773646
21739,411.54,141,48,38,2.878541666666667,COSY SLIPPER SHOES SMALL GREEN,0.004630700199675086
21741,386.45000000000005,131,28,27,2.95,COSY SLIPPER SHOES LARGE GREEN,0.004348384342140343
21742,1142.4,192,89,75,5.95,LARGE ROUND WICKER PLATTER,0.012854429479780381
21743,750.7,274,31,28,2.924193548387097,STAR PORTABLE TABLE LIGHT,0.00844697147275134
21744,1122.19,365,80,66,3.1924390243902443,SNOWFLAKE PORTABLE TABLE LIGHT,0.012627024000275513
21745,3400.94,926,205,115,3.7783495145631067,GAOLERS KEYS DECORATIVE GARDEN,0.03826780759363121
21746,3521.7000000000003,2974,185,122,1.2572192513368983,SMALL RED RETROSPOT WINDMILL,0.03962661440733768
21747,527.53,437,42,31,1.2407142857142857,SMALL SKULL WINDMILL,0.005935834369282689
21749,3645.0000000000005,1900,107,80,2.074299065420561,LARGE RED RETROSPOT WINDMILL,0.041014001622723645
21750,161.70000000000002,77,16,15,2.1,LARGE SKULL WINDMILL,0.0018194688785718553
21754,15504.51,2633,691,360,6.018143884892086,HOME BUILDING BLOCK WORD,0.17445871009589434
21755,11398.710000000001,1923,555,337,6.018232142857143,LOVE BUILDING BLOCK WORD,0.12825972851493997
21756,4644.530000000001,778,242,168,6.03880658436214,BATH BUILDING BLOCK WORD,0.052260839768666294
21757,29.700000000000003,6,3,3,4.95,LIGHTHOUSE PRINTED METAL SIGN,0.0003341881613703408
21758,202.4,32,14,13,6.414285714285714,VINTAGE SHELLS PRINT,0.0022774304330423225
21761,299.5,10,10,10,29.95,WOOD AND GLASS MEDICINE CABINET,0.003370011930317073
21763,169.75,6,4,4,27.4625,VINTAGE WOODEN BAR STOOL,0.0019100484980678566
21769,607.6500000000001,11,2,2,66.36,VINTAGE POST OFFICE CABINET,0.006837354756117428
21770,7296.51,1574,341,263,4.944181286549708,OPEN CLOSED METAL SIGN,0.08210125458990926
21773,693.52,920,59,50,1.0779661016949154,DECORATIVE ROSE BATHROOM BOTTLE,0.007803574871163593
21774,647.03,835,52,39,1.150576923076923,DECORATIVE CATS BATHROOM BOTTLE,0.007280463503415878
21775,313.91,283,41,34,1.2297560975609756,DECORATIVE FLORE BATHROOM BOTTLE,0.003532155075278238
21777,55.65,7,3,3,7.95,RECIPE BOX WITH METAL HEART,0.0006261808478201839
21781,1997.55,137,81,51,14.868518518518517,MA CAMPAGNE CUTLERY BOX,0.022476685580650645
21784,507.44999999999993,51,38,20,9.95,SHOE SHINE BOX,0.00570989166624173
21785,267.1,410,4,3,0.8,RAIN PONCHO,0.0030054430270039737
21786,629.89,1586,88,55,0.4564516129032258,POLKADOT RAIN HAT,0.0070876020527125905
21787,6962.08,8752,180,115,0.8634054054054053,RAIN PONCHO RETROSPOT,0.07833820587586605
21788,933.53,1199,66,59,0.852686567164179,KIDS RAIN MAC BLUE,0.010504197787341891
21789,672.5799999999999,796,67,55,0.8585294117647058,KIDS RAIN MAC PINK,0.007567955339207535
21790,10441.47,13329,722,449,0.8515458276333789,VINTAGE SNAP CARDS,0.11748874280483405
21791,8500.16,7118,485,342,1.271002044989775,VINTAGE HEADS AND TAILS CARD GAME,0.09564487682672443
21792,1388.65,331,70,58,4.59,CLASSIC FRENCH STYLE BASKET GREEN,0.01562526566622639
21793,1240.44,296,66,57,4.293582089552239,CLASSIC FRENCH STYLE BASKET BROWN,0.01395758797610187
21794,2064.4700000000003,501,93,79,4.395913978494623,CLASSIC FRENCH STYLE BASKET NATURAL,0.023229677895765233
21801,191.94,457,22,22,0.42,CHRISTMAS TREE DECORATION WITH BELL,0.0021597331883307478
21802,418.74,997,46,45,0.42,CHRISTMAS TREE HEART DECORATION,0.004711715511522441
21803,462.41999999999996,1101,49,46,0.42,CHRISTMAS TREE STAR DECORATION,0.005203208403396395
21804,656.7,178,40,37,3.7236585365853654,WHITE CHRISTMAS GARLAND STARS TREES,0.007389271568077535
21807,173.88,414,25,24,0.42,WHITE CHRISTMAS STAR DECORATION,0.001956519781113631
21808,366.25,99,21,21,3.630952380952381,"CHRISTMAS GARLAND STARS,TREES",0.00412109138390193
21809,993.66,1857,85,72,0.7421348314606742,CHRISTMAS HANGING TREE WITH BELL,0.011180788162533765
21810,2402.12,5200,173,129,0.5715760869565217,CHRISTMAS HANGING STAR WITH BELL,0.027028958457606833
21811,2176.58,4328,155,119,0.6293865030674847,HANGING HEART WITH BELL,0.024491153813988427
21812,1032.15,217,42,36,4.9,GARLAND WITH HEARTS AND BELLS,0.011613882517117752
21813,1187.1000000000001,250,40,38,4.898780487804878,GARLAND WITH STARS AND BELLS,0.013357399540832711
21814,102.95,71,12,11,1.4499999999999997,HEART T-LIGHT HOLDER,0.0011584064381507267
21815,189.95,131,18,15,1.45,STAR  T-LIGHT HOLDER,0.00213734145630627
21816,47.849999999999994,33,7,6,1.45,CHRISTMAS TREE T-LIGHT HOLDER,0.000538414259985549
21817,405.14000000000004,902,54,48,0.5029824561403509,GLITTER CHRISTMAS TREE,0.0045586865891441035
21818,1279.04,2696,147,117,0.5132098765432099,GLITTER HEART DECORATION,0.014391920064616858
21819,1053.46,2462,118,95,0.49283464566929136,GLITTER CHRISTMAS STAR,0.011853665335932632
21820,1068.59,288,58,49,3.793833333333333,GLITTER HEART GARLAND WITH BELLS,0.012023910012078531
21821,825.45,223,40,35,3.732439024390244,GLITTER STAR GARLAND WITH BELLS,0.009288067939499926
21822,527.65,573,58,45,1.028709677419355,GLITTER CHRISTMAS TREE WITH BELLS,0.0059371846244801445
21823,687.5899999999999,1195,69,61,0.7526315789473684,PAINTED METAL HEART WITH HOLLY BELL,0.0077368497601559795
21824,697.61,1449,73,63,0.5992105263157894,PAINTED METAL STAR WITH HOLLY BELLS,0.007849596069143549
21826,115.0,92,18,16,1.25,EIGHT PIECE DINOSAUR SET,0.0012939945642285922
21827,7.5,6,3,3,1.25,EIGHT PIECE CREEPY CRAWLIE SET,8.439094984099513e-05
21828,388.75,311,68,53,1.25,EIGHT PIECE SNAKE  SET,0.004374264233424915
21829,1310.25,6354,131,104,0.21227272727272728,DINOSAUR KEYRINGS ASSORTED,0.01474309893722185
21830,1073.47,2551,88,63,0.4382222222222222,ASSORTED CREEPY CRAWLIES,0.012078820390108406
21832,1296.83,779,115,83,1.7348275862068965,CHOCOLATE CALCULATOR,0.014592095397639697
21833,4278.12,2628,120,87,1.6816666666666664,CAMOUFLAGE LED TORCH,0.04813794804450108
21836,11.25,3,2,2,3.75,GINGHAM OVEN GLOVE RED HEART,0.0001265864247614927
21839,5.45,1,1,1,5.45,MUMMY MOUSE RED GINGHAM RIBBON,6.13240902177898e-05
21841,306.0,72,20,19,4.25,BABY MOUSE RED GINGHAM DRESS,0.0034431507535126016
21843,17918.8,1808,421,260,10.862559241706162,RED RETROSPOT CAKE STAND,0.20162460693477646
21844,4969.150000000001,1813,134,99,2.9025925925925926,RED RETROSPOT MUG,0.055913505120317473
21845,1720.3000000000002,1906,82,63,1.101219512195122,DAIRY MAID STRIPE MUG,0.019357033468195194
21846,365.62,72,24,12,5.616666666666667,PINK DIAMANTE PEN IN GIFT BOX,0.004114002544115285
21847,44.550000000000004,9,5,5,4.95,GREEN  DIAMANTE PEN IN GIFT BOX,0.0005012822420555112
21849,250.84000000000003,50,22,16,5.089166666666666,SILVER DIAMANTE PEN IN GIFT BOX,0.0028224834477486964
21850,271.8,60,21,12,4.916666666666667,BLUE  DIAMANTE PEN IN GIFT BOX,0.0030583280222376643
21851,138.72,26,15,12,5.617999999999999,LILAC DIAMANTE PEN IN GIFT BOX,0.001560895008259046
21864,1190.3400000000001,609,96,65,2.0748979591836734,UNION JACK FLAG PASSPORT COVER,0.013393856431164022
21865,457.08000000000004,220,68,52,2.0881159420289856,PINK UNION JACK  PASSPORT COVER,0.005143122047109608
21866,666.71,534,106,79,1.3029906542056073,UNION JACK FLAG LUGGAGE TAG,0.007501905355798649
21867,330.02,261,75,56,1.276547619047619,PINK UNION JACK  LUGGAGE TAG,0.0037134268355366955
21868,2924.48,2344,232,153,1.335579399141631,POTTING SHED TEA MUG,0.032906619332132465
21870,1658.89,1349,137,97,1.2472661870503599,I CAN ONLY PLEASE ONE PERSON MUG,0.018666040370897127
21871,6150.13,5264,270,133,1.3753284671532846,SAVE THE PLANET MUG,0.06920204164607992
21872,1365.73,1265,119,81,1.3589166666666666,GLAMOROUS  MUG,0.015367366923512305
21873,1748.59,1583,88,62,1.2793181818181818,IF YOU CAN'T STAND THE HEAT MUG,0.019675356130995424
21874,3715.6099999999997,2845,194,110,1.3487113402061854,GIN AND TONIC MUG,0.04180851428515999
21875,2249.56,2000,111,83,1.3656249999999999,KINGS CHOICE MUG,0.025312334016574536
21876,4049.61,3541,197,141,1.3846464646464645,POTTERING MUG,0.04556672458474565
21877,6698.56,5340,293,174,1.4184353741496598,HOME SWEET HOME MUG,0.07537304546225286
21878,1972.8999999999999,2396,152,120,0.8525,PACK OF 6 SANDCASTLE FLAGS ASSORTED,0.022199320658839904
21879,301.93,1025,57,52,0.4596551724137931,HEARTS GIFT TAPE,0.003397354598065555
21880,668.94,1458,99,84,0.5488000000000001,RED RETROSPOT TAPE,0.00752699759821804
21881,315.55,975,45,37,0.5708888888888889,CUTE CATS TAPE,0.003550608562976802
21882,189.98000000000002,598,38,35,0.5202564102564102,SKULLS TAPE,0.0021376790201056346
21883,581.0600000000001,1368,93,82,0.5566666666666668,STARS GIFT TAPE,0.006538160708614485
21884,318.81,1017,44,43,0.5036363636363637,CAKES AND BOWS GIFT  TAPE,0.0035872904958410214
21888,5718.21,1551,280,210,3.83375,BINGO SET,0.06434202310537024
21889,7200.95,5766,449,336,1.2802603036876357,WOODEN BOX OF DOMINOES,0.08102600136766852
21890,3247.16,1070,173,143,3.241818181818182,S/6 WOODEN SKITTLES IN COTTON BAG,0.03653745555809144
21891,9998.32,7904,340,264,1.3939884393063584,TRADITIONAL WOODEN SKIPPING ROPE,0.1125023628818958
21892,3651.75,2910,295,235,1.2969767441860465,TRADITIONAL WOODEN CATCH CUP GAME,0.041089953477580536
21894,604.48,471,71,57,1.3172222222222223,POTTING SHED SEED ENVELOPES,0.006801685514651299
21895,4.25,1,1,1,4.25,POTTING SHED SOW 'N' GROW SET,4.782153824323057e-05
21896,2152.2000000000003,946,89,79,2.1061111111111113,POTTING SHED TWINE,0.02421682696637197
21897,1250.82,402,2,1,2.88,POTTING SHED CANDLE CITRONELLA,0.014074385050681806
21898,1423.03,445,7,6,3.0157142857142856,POTTING SHED ROSE CANDLE,0.01601211378029751
21899,1629.8200000000002,2600,218,148,0.6799547511312217,GARAGE KEY FOB,0.01833894104931343
21900,1959.13,3081,265,166,0.6859398496240602,"KEY FOB , SHED",0.022044378874931842
21901,1140.26,1742,234,143,0.6779668049792532,"KEY FOB , BACK DOOR",0.012830349928759081
21902,1168.2800000000002,1902,161,114,0.6784146341463415,"KEY FOB , FRONT  DOOR",0.013145634517365041
21903,2356.38,1127,153,113,2.2381045751633986,MAN FLU METAL SIGN,0.02651428618484322
21904,105.0,50,23,21,2.1,HOUSE WRECKING METAL SIGN,0.001181473297773932
21905,705.3100000000001,684,110,84,1.2827272727272727,MORE BUTTER METAL SIGN,0.007936237444313638
21906,3220.81,483,94,71,6.732736842105263,PHARMACIE FIRST AID TIN,0.036240962020983404
21907,4757.35,2292,329,208,2.1131515151515154,I'M ON HOLIDAY METAL SIGN,0.053530304696807765
21908,7204.320000000001,3633,374,220,2.140395778364116,CHOCOLATE THIS WAY METAL SIGN,0.08106392103446376
21910,59.39999999999999,36,8,8,1.65,WAY OUT METAL SIGN,0.0006683763227406813
21911,173.24999999999997,105,20,18,1.65,GARDEN METAL SIGN,0.0019494309413269873
21912,5508.53,1571,268,201,3.8400373134328363,VINTAGE SNAKES & LADDERS,0.061982677190348924
21913,1142.53,305,89,72,3.8293258426966292,VINTAGE SEASIDE JIGSAW PUZZLES,0.012855892256244289
21914,9218.88,7431,517,306,1.2808778625954198,BLUE HARMONICA IN BOX,0.10373200528935377
21915,23756.43,20945,561,349,1.2612056737588653,RED  HARMONICA IN BOX,0.2673103590041483
21916,1771.12,4362,248,156,0.43220472440944885,SET 12 RETRO WHITE CHALK STICKS,0.019928866544317775
21917,1651.14,4090,186,132,0.4275268817204301,SET 12 KIDS  WHITE CHALK STICKS,0.01857883638939476
21918,2814.2799999999997,7012,282,193,0.42715789473684207,SET 12 KIDS COLOUR  CHALK STICKS,0.031666634975802105
21922,5674.14,758,167,113,7.950238095238096,UNION STRIPE WITH FRINGE  HAMMOCK,0.06384614188410456
21925,503.75,403,65,38,1.25,UNION STRIPE CUSHION COVER,0.005668258797653507
21926,509.9,414,60,35,1.2468333333333335,RED/CREAM STRIPE CUSHION COVER,0.005737459376523123
21927,769.9,622,98,41,1.2480808080808081,BLUE/CREAM STRIPE CUSHION COVER,0.008663012304344287
21928,18053.48,9699,542,264,2.034697247706422,JUMBO BAG SCANDINAVIAN BLUE PAISLEY,0.20314004335138786
21929,18427.9,9888,602,308,2.0408760330578515,JUMBO BAG PINK VINTAGE PAISLEY,0.20735306460998326
21930,10865.83,5694,471,220,2.027384937238494,JUMBO STORAGE BAG SKULLS,0.12226369526810402
21931,21784.84,11513,774,333,2.0288589743589744,JUMBO STORAGE BAG SUKI,0.24512577863121396
21932,4357.06,2463,319,218,1.854953560371517,SCANDINAVIAN PAISLEY PICNIC BAG,0.049026190921894176
21933,4289.26,2406,283,198,1.8455172413793102,PINK VINTAGE PAISLEY PICNIC BAG,0.04826329673533158
21934,2081.2,1288,143,85,1.6458041958041958,SKULL SHOULDER BAG,0.023417925974543875
21935,2824.37,1763,204,121,1.6440487804878048,SUKI  SHOULDER BAG,0.03178016893365486
21936,10365.76,3756,385,223,2.949378238341969,RED RETROSPOT PICNIC BAG,0.11663684429650584
21937,4430.5,1590,206,146,2.9268115942028987,STRAWBERRY   PICNIC BAG,0.04985254710273719
21942,134.54999999999998,161,23,14,0.83,SKULLS DESIGN FLANNEL,0.0015139736401474527
21943,48.449999999999996,57,10,7,0.85,CAKES AND RABBITS DESIGN FLANNEL,0.0005451655359728286
21944,177.88,232,33,24,0.7688235294117647,KITTENS DESIGN FLANNEL,0.0020015282876954953
21945,190.79,225,29,27,0.8346666666666667,STRAWBERRIES  DESIGN FLANNEL,0.0021467932426884615
21946,58.9,72,11,8,0.8081818181818182,PARTY TIME DESIGN FLANNEL,0.0006627502594179485
21947,741.48,594,82,62,1.3603488372093022,SET OF 6 HEART CHOPSTICKS,0.008343226865080143
21948,541.82,417,54,37,1.404,SET OF 6 CAKE CHOPSTICKS,0.006096627259046398
21949,725.49,613,59,46,1.305084745762712,SET OF 6 STRAWBERRY CHOPSTICKS,0.008163305360019142
21955,6619.41,1157,155,108,7.755064102564102,DOORMAT UNION JACK GUNS AND ROSES,0.07448243963826422
21967,1504.9799999999998,5162,173,129,0.32386363636363635,PACK OF 12 SKULL TISSUES,0.016934225558893446
21972,423.4,292,39,35,1.45,SET OF 36 DINOSAUR PAPER DOILIES,0.004764150421690312
21973,230.54999999999998,159,30,25,1.45,SET OF 36 MUSHROOM PAPER DOILIES,0.0025941777981121905
21974,2942.5099999999998,2036,229,177,1.494061135371179,SET OF 36 PAISLEY FLOWER DOILIES,0.033109495175550216
21975,5919.280000000001,12106,529,287,0.5587661141804788,PACK OF 60 DINOSAUR CAKE CASES,0.0666044882099741
21976,2496.08,4936,276,181,0.5523843416370107,PACK OF 60 MUSHROOM CAKE CASES,0.02808620827721482
21977,11611.0,24230,669,410,0.5514201183431954,PACK OF 60 PINK PAISLEY CAKE CASES,0.13064844248050594
21980,2002.7299999999998,6521,250,192,0.32844,PACK OF 12 RED RETROSPOT TISSUES,0.02253497159667416
21981,1508.87,5281,190,143,0.3369270833333333,PACK OF 12 WOODLAND TISSUES,0.016977996331544308
21982,1995.05,6907,259,182,0.3419924812030075,PACK OF 12 SUKI TISSUES,0.02244855526403698
21983,712.7299999999999,2223,124,98,0.352258064516129,PACK OF 12 BLUE PAISLEY TISSUES,0.008019728224022995
21984,999.5999999999999,3294,157,123,0.3552830188679245,PACK OF 12 PINK PAISLEY TISSUES,0.011247625794807831
21985,2542.17,8541,354,262,0.334438202247191,PACK OF 12 HEARTS DESIGN TISSUES,0.028604818794304352
21986,1129.79,3985,155,118,0.33987261146496817,PACK OF 12 PINK POLKADOT TISSUES,0.012712540162781054
21987,1254.74,2050,147,106,0.6476315789473684,PACK OF 6 SKULL PAPER CUPS,0.014118493387132032
21988,1663.3,2194,147,101,0.8401342281879194,PACK OF 6 SKULL PAPER PLATES,0.018715662249403627
21989,1672.6899999999998,2065,205,130,0.8464903846153846,PACK OF 20 SKULL PAPER NAPKINS,0.018821319718604554
21990,1734.6,1212,177,127,1.5006666666666666,MODERN FLORAL STATIONERY SET,0.019517938879225354
21991,675.53,471,102,80,1.5112621359223302,BOHEMIAN COLLAGE STATIONERY SET,0.00760114911281166
21992,1640.29,1151,199,160,1.5270243902439025,VINTAGE PAISLEY STATIONERY SET,0.018456750815291457
21993,1927.3500000000001,1360,205,151,1.5254589371980676,FLORAL FOLK STATIONERY SET,0.021686786290138933
22021,577.4999999999999,350,64,60,1.65,BLUE FELT EASTER EGG BASKET,0.0064981031377566245
22023,476.25,1131,84,71,0.4296470588235294,EMPIRE BIRTHDAY CARD,0.005358825314903191
22024,918.91,2280,129,90,0.42852713178294577,RAINY LADIES BIRTHDAY CARD,0.010339691695785178
22025,702.0,1764,87,73,0.4152272727272727,RING OF ROSES BIRTHDAY CARD,0.007898992905117145
22026,642.24,1560,100,71,0.4182,BANQUET BIRTHDAY  CARD,0.007226565816784096
22027,1692.71,4141,262,180,0.42441064638783266,TEA PARTY BIRTHDAY CARD,0.019046587294046784
22028,1198.45,2903,185,124,0.4309677419354839,PENNY FARTHING BIRTHDAY CARD,0.01348511117825875
22029,3120.14,7834,394,234,0.4234683544303797,SPACEBOY BIRTHDAY CARD,0.03510821043158434
22030,2120.55,5337,242,179,0.41921810699588474,SWALLOWS GREETING CARD,0.023860697158042968
22031,158.61,363,32,28,0.47125,BOTANICAL LAVENDER BIRTHDAY CARD,0.0017846998072373653
22032,151.62,361,31,28,0.42,BOTANICAL LILY GREETING CARD,0.001706047441985558
22033,141.12,336,21,20,0.42000000000000004,BOTANICAL ROSE GREETING CARD,0.0015879001122081646
22034,1.26,3,1,1,0.42,ROBIN CHRISTMAS CARD,1.4177679573287185e-05
22035,569.02,1394,87,65,0.42666666666666664,VINTAGE CARAVAN GREETING CARD,0.006402685103803074
22037,1552.96,3747,257,173,0.42065891472868217,ROBOT BIRTHDAY CARD,0.01747410259534291
22038,199.5,475,19,19,0.42,BOTANICAL LAVENDER GIFT WRAP,0.0022447992657704707
22039,105.0,250,7,6,0.42,BOTANICAL LILY GIFT WRAP,0.001181473297773932
22040,304.5,725,28,27,0.42,BOTANICAL ROSE GIFT WRAP,0.0034262725635444023
22041,8450.82,3812,196,73,2.492964824120603,"RECORD FRAME 7"" SINGLE SIZE",0.09508969689803713
22042,151.2,360,25,24,0.42,CHRISTMAS CARD SINGING ANGEL,0.0017013215487944617
22043,283.32,1188,43,40,0.23674418604651162,CHRISTMAS CARD SCREEN PRINT,0.0031879525211934326
22044,196.44,816,36,35,0.2602777777777778,CHRISTMAS CARD STACK OF PRESENTS,0.0022103677582353447
22045,2652.34,6477,206,148,0.4186407766990291,SPACEBOY GIFT WRAP,0.02984446558683534
22046,929.0,2250,75,62,0.4189333333333333,TEA PARTY  WRAPPING PAPER,0.010453225653637932
22047,1363.0,3350,105,93,0.41790476190476183,EMPIRE GIFT WRAP,0.015336648617770182
22048,393.5,975,32,32,0.4175,BIRTHDAY BANQUET GIFT WRAP,0.0044277118349908785
22049,270.5,1000,31,26,0.26419354838709674,WRAP CHRISTMAS SCREEN PRINT,0.0030437002575985582
22050,498.5,1225,40,37,0.418,PINK PAISLEY ROSE GIFT WRAP,0.0056091851327648105
22051,409.5,975,39,36,0.42,BLUE SCANDINAVIAN PAISLEY WRAP,0.004607745861318334
22052,239.82,571,23,22,0.42,VINTAGE CARAVAN GIFT WRAP,0.0026984850121156605
22053,3596.4199999999996,4236,26,23,1.2261538461538461,EMPIRE DESIGN ROSETTE,0.040467373310286894
22055,1661.78,1246,142,102,1.4532876712328766,MINI CAKE STAND  HANGING STRAWBERY,0.01869855901690252
22057,648.18,578,56,46,1.2457142857142858,CERAMIC PLATE STRAWBERRY DESIGN,0.0072934034490581634
22059,1960.47,1739,142,85,1.2993150684931507,CERAMIC STRAWBERRY DESIGN MUG,0.022059456724636765
22060,1111.05,231,34,31,5.28,LARGE CAKE STAND HANGING HEARTS,0.01250167530944502
22061,3854.68,564,129,86,8.989844961240308,LARGE CAKE STAND  HANGING STRAWBERY,0.043373347537744945
22062,599.74,554,52,43,1.164736842105263,CERAMIC BOWL WITH LOVE HEART DESIGN,0.006748350434351791
22063,1106.5500000000002,537,81,56,2.7042857142857146,CERAMIC BOWL WITH STRAWBERRY DESIGN,0.012451040739540425
22064,2132.7,1602,164,85,1.6364705882352941,PINK DOUGHNUT TRINKET POT,0.023997410496785374
22065,2883.44,6418,164,132,0.6191954022988505,CHRISTMAS PUDDING TRINKET POT,0.03244483205460254
22066,1029.1399999999999,2232,131,99,0.6193333333333333,LOVE HEART TRINKET POT,0.011580013615914897
22067,562.53,385,48,32,1.51734693877551,CHOC TRUFFLE GOLD TRINKET POT,0.006329658801874
22068,502.37999999999994,432,81,56,1.4195121951219511,BLACK PIRATE TREASURE CHEST,0.005652843384149218
22069,237.47999999999996,218,37,26,1.417894736842105,BROWN  PIRATE TREASURE CHEST,0.00267215503576527
22070,2030.68,873,84,62,3.895882352941176,SMALL RED RETROSPOT MUG IN BOX,0.022849468536414935
22071,1295.04,710,72,64,3.628243243243243,SMALL WHITE RETROSPOT MUG IN BOX,0.014571954090944313
22072,2519.19,807,139,90,3.4602097902097904,RED RETROSPOT TEA CUP AND SAUCER,0.02834624492399154
22073,1067.1,298,45,38,3.7040425531914893,RED RETROSPOT STORAGE JAR,0.012007144343376788
22074,772.9399999999999,1000,75,61,1.2107894736842104,6 RIBBONS SHIMMERING PINKS,0.008697218769346505
22075,2004.9199999999998,1538,120,96,1.5267213114754097,6 RIBBONS ELEGANT CHRISTMAS,0.02255961375402773
22076,1302.7199999999998,1034,113,96,1.4291150442477873,6 RIBBONS EMPIRE,0.01465837042358149
22077,14969.839999999998,8594,726,413,1.7792577597840753,6 RIBBONS RUSTIC CHARM,0.168442535542363
22078,2584.8,1288,143,105,2.0932432432432435,RIBBON REEL LACE DESIGN,0.02908449695320057
22079,2808.89,1701,225,190,1.6994736842105262,RIBBON REEL HEARTS DESIGN,0.03160598601318305
22080,1877.55,1167,126,116,1.6468749999999999,RIBBON REEL POLKADOTS,0.02112643038319472
22081,978.37,585,89,74,1.741111111111111,RIBBON REEL FLORA + FAUNA,0.01100874314612459
22082,4154.33,2525,334,250,1.6825882352941175,RIBBON REEL STRIPES DESIGN,0.04674504728705885
22083,11935.310000000001,4265,444,294,2.9541348314606743,PAPER CHAIN KIT RETROSPOT,0.13429761967289705
22084,13411.550000000001,4885,374,277,2.9068421052631583,PAPER CHAIN KIT EMPIRE,0.1509084591119998
22085,1415.65,507,73,62,2.9283783783783788,PAPER CHAIN KIT SKULLS,0.015929073085653972
22086,42584.130000000005,15591,980,613,2.9369990029910267,PAPER CHAIN KIT 50'S CHRISTMAS,0.47916202384698886
22087,10243.400000000001,3772,257,155,2.8797709923664123,PAPER BUNTING WHITE LACE,0.11526003408016663
22088,4683.1,1698,169,115,2.905555555555556,PAPER BUNTING COLOURED LACE,0.05269483429338192
22089,3395.55,1189,180,142,2.934615384615385,PAPER BUNTING VINTAGE PAISLEY,0.03820715863101214
22090,18785.99,6877,567,325,2.9045359019264447,PAPER BUNTING RETROSPOT,0.2113823386404582
22091,919.6700000000001,1937,130,97,0.5529230769230769,EMPIRE TISSUE BOX,0.010348243312035734
22092,311.56,666,88,75,0.5076136363636364,BLUE PAISLEY TISSUE BOX,0.003505712577661393
22093,804.8100000000001,1823,153,114,0.5210967741935484,MOTORING TISSUE BOX,0.009055824045537508
22094,930.0400000000001,2081,145,117,0.5692567567567568,RED RETROSPOT TISSUE BOX,0.010464927865349218
22095,1427.59,1571,102,72,0.6488990825688074,LADS ONLY TISSUE BOX,0.016063423477800834
22096,561.75,1357,109,89,0.5224778761061947,PINK PAISLEY SQUARE TISSUE BOX,0.006320882143090536
22097,685.5500000000001,1577,132,103,0.5312857142857143,SWALLOW SQUARE TISSUE BOX,0.007713895421799229
22098,910.08,1955,143,98,0.6672483221476511,BOUDOIR SQUARE TISSUE BOX,0.010240335417505715
22099,703.57,1399,122,96,0.6066929133858268,CARAVAN SQUARE TISSUE BOX,0.007916658743950528
22100,304.17,727,38,34,0.6389473684210527,SKULLS SQUARE TISSUE BOX,0.0034225593617513987
22101,631.62,837,24,21,1.9366666666666668,MIRROR MOSAIC VOTIVE HOLDER,0.007107068231809247
22102,715.05,1533,18,13,1.51,MIRROR MOSAIC T-LIGHT HOLDER,0.008045833157840476
22103,694.29,1153,15,12,1.4553333333333331,MIRROR MOSAIC T-LIGHT HOLDER ROUND,0.007812239008680602
22104,120.07,151,12,9,1.3641666666666667,MIRROR MOSAIC CANDLE PLATE,0.0013510428463211048
22105,566.5,506,10,9,3.59,MIRROR MOSAIC GOBLET CANDLE HOLDER,0.006374329744656499
22106,584.9,286,12,9,5.566666666666666,MIRROR MOSAIC HURRICANE LAMP,0.006581368874933074
22107,962.48,291,69,44,3.5616666666666665,PIZZA PLATE IN BOX,0.010829946853728133
22108,246.53,101,28,16,2.855,PING! MICROWAVE PLATE,0.0027739867819067377
22109,4985.55,1381,158,100,3.837515527950311,FULL ENGLISH BREAKFAST PLATE,0.05609803999730311
22110,1562.06,617,154,116,2.5775308641975307,BIRD HOUSE HOT WATER BOTTLE,0.01757649694781665
22111,20049.9,4248,656,425,4.902571860816944,SCOTTIE DOG HOT WATER BOTTLE,0.22560401402892916
22112,23584.64,5152,700,382,4.87300283286119,CHOCOLATE HOT WATER BOTTLE,0.2653773561677237
22113,12148.9,3145,511,337,4.03241054613936,GREY HEART HOT WATER BOTTLE,0.13670096140310212
22114,15386.07,3729,514,325,4.213062015503876,HOT WATER BOTTLE TEA AND SYMPATHY,0.17312600821600535
22115,1706.8100000000002,1495,183,152,1.5037297297297296,METAL SIGN EMPIRE TEA,0.019205242279747858
22116,493.39000000000004,505,90,65,1.2240000000000002,METAL SIGN HIS DINNER IS SERVED,0.005551686765606479
22117,3802.5,1290,72,58,2.785416666666667,METAL SIGN HER DINNER IS SERVED,0.04278621156938453
22118,742.63,217,78,67,4.2676923076923075,JOY WOODEN BLOCK LETTERS,0.00835616681072243
22119,1699.66,342,103,82,6.1648571428571435,PEACE WOODEN BLOCK LETTERS,0.019124789574232776
22120,4826.67,502,167,121,9.865329341317365,WELCOME  WOODEN BLOCK LETTERS,0.05431030211587147
22121,1924.94,332,114,94,6.063391304347827,NOEL WOODEN BLOCK LETTERS,0.02165966866492336
22123,793.5999999999999,442,72,59,2.1576712328767123,PING MICROWAVE APRON,0.008929687705841832
22124,127.42,78,23,14,2.2886956521739132,SET OF 2 TEA TOWELS PING MICROWAVE,0.00143374597716528
22125,23.8,4,1,1,5.95,UNION JACK HOT WATER BOTTLE,0.00026780061416209125
22127,479.7,402,20,20,1.2409523809523808,PARTY CONES CARNIVAL ASSORTED,0.005397645151830049
22128,2042.69,1729,72,62,1.2368055555555555,PARTY CONES CANDY ASSORTED,0.022984606577426982
22129,785.4599999999999,986,36,33,0.9697222222222222,PARTY CONES CANDY TREE DECORATION,0.008838095394947738
22130,1260.53,1505,88,78,0.8485714285714285,PARTY CONE CHRISTMAS DECORATION,0.014183643200409279
22131,3358.72,1884,180,115,2.0398378378378377,FOOD CONTAINER SET 3 LOVE HEART,0.037792742806659625
22132,772.91,935,83,60,0.8562650602409638,RED LOVE HEART SHAPE CUP,0.00869688120554714
22133,585.78,702,60,41,0.8738333333333334,PINK LOVE HEART SHAPE CUP,0.006591270746381084
22134,254.76,636,55,29,0.4628571428571428,MINI LADLE LOVE HEART RED,0.0028665917841989227
22135,114.54,261,48,22,0.46270833333333333,MINI LADLE LOVE HEART PINK,0.0012888185859716778
22136,530.25,333,50,37,1.646153846153846,LOVE HEART SOCK HANGER,0.005966440153758356
22137,191.0,68,11,9,2.913636363636364,BATHROOM SET LOVE HEART DESIGN,0.0021491561892840096
22138,22953.100000000002,4786,854,581,4.989149184149185,BAKING SET 9 PIECE RETROSPOT,0.2582711881060461
22139,20426.23,4239,823,488,4.998460606060607,RETROSPOT TEA SET CERAMIC 11 PC,0.22983852684941736
22141,5015.080000000001,2443,348,256,2.1466197183098594,CHRISTMAS CRAFT TREE TOP ANGEL,0.056430315297143735
22142,4334.94,3070,321,259,1.4966666666666666,CHRISTMAS CRAFT WHITE FAIRY,0.04877729388049646
22144,7109.200000000001,3459,421,319,2.148,CHRISTMAS CRAFT LITTLE FRIENDS,0.07999361874794703
22145,63.0,30,1,1,2.1,CHRISTMAS CRAFT HEART STOCKING,0.0007088839786643592
22146,1.95,1,1,1,1.95,EASTER CRAFT IVY WREATH WITH CHICK,2.1941646958658736e-05
22147,8308.75,6123,436,287,1.464311111111111,FELTCRAFT BUTTERFLY HEARTS,0.09349110726551578
22148,3355.35,1813,159,148,1.9370370370370371,EASTER CRAFT 4 CHICKS,0.037754823139864405
22149,11549.59,5882,461,337,2.103468950749465,FELTCRAFT 6 FLOWER FRIENDS,0.12995744938320786
22150,5460.5,2914,402,288,1.9642857142857142,3 STRIPEY MICE FELTCRAFT,0.06144223754756719
22151,5912.19,14853,289,174,0.42983108108108103,PLACE SETTING WHITE HEART,0.06652471063205774
22152,967.13,2350,93,70,0.4318556701030928,PLACE SETTING WHITE STAR,0.010882269242629552
22153,987.42,2399,86,61,0.4186813186813187,ANGEL DECORATION STARS ON DRESS,0.011110574892266056
22154,1455.84,3528,111,87,0.4194782608695652,ANGEL DECORATION 3 BUTTONS,0.01638129605553525
22155,924.42,2201,85,67,0.42,STAR DECORATION RUSTIC,0.010401690913601696
22156,1586.4599999999998,1873,152,106,0.86656050955414,HEART DECORATION WITH PEARLS,0.017851048837966017
22157,180.2,212,11,11,0.85,ANGEL DECORATION WITH LACE PADDED,0.0020276332215129764
22158,8013.71,2845,261,196,2.9765648854961833,3 HEARTS HANGING DECORATION RUSTIC,0.09017127982003749
22161,855.9200000000001,4138,153,118,0.23141176470588237,HEART DECORATION RUSTIC HANGING,0.009630920238387275
22162,312.7,106,27,21,2.95,HEART GARLAND RUSTIC PADDED,0.003518540002037224
22163,580.94,626,49,41,1.3829411764705883,HEART STRING MEMO HOLDER HANGING,0.006536810453417029
22164,209.45000000000005,71,12,11,2.9500000000000006,STRING OF STARS CARD HOLDER,0.002356757925892858
22165,1490.65,267,38,27,10.328947368421053,"DIAMANTE HEART SHAPED WALL MIRROR,",0.01677298258406392
22166,489.9000000000001,122,16,13,7.6375,WALL MIRROR RECTANGLE DIAMANTE PINK,0.005512416843613803
22167,1050.0,120,58,41,9.84655172413793,OVAL WALL MIRROR DIAMANTE,0.01181473297773932
22168,1171.3,139,75,69,8.488666666666667,ORGANISER WOOD ANTIQUE WHITE,0.013179615939834348
22169,8408.14,1074,286,165,8.388251748251749,FAMILY ALBUM WHITE PICTURE FRAME,0.09460945613280865
22170,6378.150000000001,1023,225,142,6.747155555555555,PICTURE FRAME WOOD TRIPLE PORTRAIT,0.0717677515637791
22171,12160.08,1706,304,172,8.364671052631579,3 HOOK PHOTO SHELF ANTIQUE WHITE,0.13682676017899842
22173,6267.39,2149,337,210,3.067294117647059,METAL 4 HOOK HANGER FRENCH CHATEAU,0.07052146601652727
22174,3997.91,2667,169,104,1.728081395348837,PHOTO CUBE,0.044984989637175045
22175,2379.05,839,139,84,2.9413669064748205,PINK OWL SOFT TOY,0.02676937189589593
22176,1420.4,488,98,62,2.946,BLUE OWL SOFT TOY,0.015982520687219934
22178,28735.36,22404,815,403,1.4308302808302806,VICTORIAN GLASS HANGING T-LIGHT,0.32333390992305844
22179,5103.99,795,178,98,6.733093922651934,SET 10 NIGHT OWL LIGHTS,0.057430741877192104
22180,2922.85,299,131,92,9.91679389312977,RETROSPOT LAMP,0.03288827836570035
22181,477.96999999999997,577,46,40,0.8471739130434782,SNOWSTORM PHOTO FRAME FRIDGE MAGNET,0.005378178972733393
22182,713.8000000000001,204,36,30,4.436111111111112,CAKE STAND VICTORIAN FILIGREE SMALL,0.008031767999533644
22183,466.95000000000005,74,17,16,6.435294117647059,CAKE STAND VICTORIAN FILIGREE MED,0.005254180537100358
22184,68.0,8,4,3,8.5,CAKE STAND VICTORIAN FILIGREE LARGE,0.0007651446118916892
22185,1974.1999999999998,1390,126,111,1.5909375,SLATE TILE NATURAL HANGING,0.022213948423479013
22186,1723.79,801,118,111,2.3194117647058823,RED STAR CARD HOLDER,0.01939630339018787
22187,2562.27,1183,145,123,2.560612244897959,GREEN CHRISTMAS TREE CARD HOLDER,0.028830986539878214
22188,12257.95,4843,166,123,3.7978915662650605,BLACK HEART CARD HOLDER,0.1379280058137902
22189,22687.920000000002,8188,452,274,3.876057268722467,CREAM HEART CARD HOLDER,0.2552873491622014
22190,785.13,566,52,38,1.8186538461538464,LOCAL CAFE MUG,0.008834382193154735
22191,11527.7,1419,391,239,8.461167512690356,IVORY DINER WALL CLOCK,0.12971114033093864
22192,7528.93,907,338,179,8.483816568047338,BLUE DINER WALL CLOCK,0.08471647386484848
22193,11048.890000000001,1349,416,206,8.49733173076923,RED DINER WALL CLOCK,0.12432350957182305
22194,450.5,53,33,24,8.5,BLACK DINER WALL CLOCK,0.0050690830537824414
22195,2836.9199999999996,1696,220,148,1.7356888888888888,LARGE HEART MEASURING SPOONS,0.03192138312305545
22196,2008.6299999999999,2379,247,146,0.8705533596837944,SMALL HEART MEASURING SPOONS,0.022601359143882407
22197,37206.88,49160,1035,407,0.8392075471698113,POPCORN HOLDER,0.4186565258426566
22198,1370.4499999999998,873,53,42,1.6273584905660377,LARGE POPCORN HOLDER,0.015420476961278904
22199,1327.25,383,98,71,3.8010204081632653,FRYING PAN RED RETROSPOT,0.014934385090194771
22200,1209.54,326,76,51,3.886883116883117,FRYING PAN PINK POLKADOT,0.013609897262756968
22201,366.0,108,40,29,3.7875,FRYING PAN BLUE POLKADOT,0.004118278352240563
22202,146.25,39,17,16,3.75,MILK PAN PINK POLKADOT,0.0016456235218994051
22203,996.13,310,91,75,3.556813186813187,MILK PAN RED RETROSPOT,0.011208580915348066
22204,302.5,96,30,23,3.346774193548387,MILK PAN BLUE POLKADOT,0.0034037683102534706
22207,4727.11,1199,113,68,4.4386725663716815,FRYING PAN UNION FLAG,0.053190040387048866
22208,1229.12,1283,199,148,0.9914146341463413,WOOD STAMP SET THANK YOU,0.013830213902475193
22209,798.67,820,121,100,0.9953278688524589,WOOD STAMP SET HAPPY BIRTHDAY,0.008986735987934345
22210,820.91,912,142,117,0.9662837837837838,WOOD STAMP SET BEST WISHES,0.009236983284529508
22211,806.7299999999999,782,126,101,0.9824427480916029,WOOD STAMP SET FLOWERS,0.0090774281286968
22212,2904.8700000000003,1416,253,145,2.1098449612403103,FOUR HOOK  WHITE LOVEBIRDS,0.03268596512861488
22214,246.7,114,21,18,2.3823809523809523,CANDLE PLATE LACE WHITE,0.0027758996434364665
22215,2254.5,330,89,71,7.41123595505618,CAKE STAND WHITE TWO TIER LACE,0.025367919522203138
22216,182.31,327,20,17,0.7144999999999999,T-LIGHT HOLDER WHITE LACE,0.00205137520873491
22217,646.26,764,64,63,0.9946875000000001,T-LIGHT HOLDER HANGING LACE,0.00727179936589887
22218,4.25,1,1,1,4.25,CAKE STAND LACE WHITE,4.782153824323057e-05
22219,2814.37,3367,311,190,0.86096875,LOVEBIRD HANGING DECORATION WHITE,0.0316676476672002
22220,1489.55,213,74,64,8.397297297297296,CAKE STAND LOVEBIRD 2 TIER WHITE,0.016760605244753906
22221,964.4,124,44,37,9.121590909090909,CAKE STAND LOVEBIRD 2 TIER PINK,0.010851550936887428
22222,2599.2,824,149,104,4.307046979865772,CAKE PLATE LOVEBIRD WHITE,0.029246527576895276
22223,902.85,315,42,34,4.096511627906977,CAKE PLATE LOVEBIRD PINK,0.010158982541858996
22224,1970.65,687,115,89,2.9051724137931036,WHITE LOVEBIRD LANTERN,0.022174003373887613
22227,1276.8500000000001,1969,170,83,0.6648351648351648,HANGING HEART MIRROR DECORATION,0.014367277907263287
22228,597.31,851,93,81,0.6966666666666665,BUNNY WOODEN PAINTED WITH BIRD,0.006721007766603307
22229,334.27,495,62,54,0.6703125,BUNNY WOODEN PAINTED WITH FLOWER,0.003761248373779926
22230,356.16999999999996,925,63,50,0.5484615384615384,JIGSAW TREE WITH WATERING CAN,0.0040076699473156315
22231,821.13,867,106,93,0.9371559633027522,JIGSAW TREE WITH BIRDHOUSE,0.009239458752391513
22232,506.42999999999995,623,61,54,0.9027868852459017,JIGSAW TOADSTOOLS 3 PIECE,0.0056984144970633555
22233,514.6999999999999,540,77,70,1.02725,JIGSAW RABBIT AND BIRDHOUSE,0.005791469584421359
22236,3624.5999999999995,308,88,67,12.525,CAKE STAND 3 TIER MAGIC GARDEN,0.04078445823915612
22241,2147.78,1762,165,125,1.2477245508982036,GARLAND WOODEN HAPPY EASTER,0.02416709256659901
22242,964.3499999999999,631,27,23,1.6277777777777775,5 HOOK HANGER MAGIC TOADSTOOL,0.010850988330555155
22243,4595.099999999999,3054,108,71,1.6318181818181818,5 HOOK HANGER RED MAGIC TOADSTOOL,0.051704647148580904
22244,2911.6499999999996,1615,94,66,1.924736842105263,3 HOOK HANGER MAGIC GARDEN,0.03276225454727113
22245,965.26,1198,56,44,0.8431578947368421,"HOOK, 1 HANGER ,MAGIC GARDEN",0.010861227765802528
22246,555.18,278,36,31,2.192222222222222,MAGIC GARDEN FELT GARLAND,0.006246955671029824
22247,406.39,483,56,54,0.8477966101694915,BUNNY DECORATION MAGIC GARDEN,0.004572751747450935
22248,320.53999999999996,382,44,43,0.8471739130434782,DECORATION  PINK CHICK MAGIC GARDEN,0.003606756674937677
22249,530.49,629,75,73,0.8483333333333334,DECORATION WHITE CHICK MAGIC GARDEN,0.005969140664153268
22250,375.78999999999996,447,57,57,0.8477586206896552,DECORATION  BUTTERFLY  MAGIC GARDEN,0.004228436672099675
22251,642.94,518,72,66,1.2474324324324324,BIRDHOUSE DECORATION MAGIC GARDEN,0.007234442305435923
22252,761.57,643,67,48,1.236231884057971,BIRDCAGE DECORATION TEALIGHT HOLDER,0.008569282089387556
22254,706.02,594,41,33,1.2453658536585366,FELT TOADSTOOL LARGE,0.007944226454231918
22255,460.7,542,44,33,0.85,FELT TOADSTOOL  SMALL,0.005183854745566195
22256,321.25,257,33,32,1.25,FELT FARM ANIMAL CHICKEN,0.0036147456848559583
22257,194.39,283,16,16,1.1577777777777778,FELT FARM ANIMAL SHEEP,0.0021873008986121392
22258,543.9399999999999,722,36,35,1.1347222222222222,FELT FARM ANIMAL RABBIT,0.006120481767534786
22259,240.96,384,16,16,1.0547058823529412,FELT FARM ANIMAL HEN,0.002711312436491492
22260,351.62,410,47,37,0.9124,FELT EGG COSY BLUE RABBIT,0.0039564727710787615
22261,442.35999999999996,514,70,61,0.8927397260273973,FELT EGG COSY WHITE RABBIT,0.004977490742888347
22262,785.12,920,90,62,0.866421052631579,FELT EGG COSY CHICKEN,0.008834269671888282
22263,124.83,255,18,14,0.868,FELT EGG COSY LADYBIRD,0.001404602969153523
22264,517.07,1391,40,38,0.6614285714285715,FELT FARM ANIMAL WHITE BUNNY,0.005818137124571115
22265,331.50000000000006,510,48,42,0.65,EASTER DECORATION NATURAL CHICK,0.003730079982971986
22266,562.7,1860,78,69,0.46058823529411763,EASTER DECORATION HANGING BUNNY,0.00633157166340373
22267,654.7,828,75,67,0.9683116883116883,EASTER DECORATION EGG BUNNY,0.007366767314786603
22268,664.74,1836,95,73,0.5686868686868687,EASTER DECORATION SITTING BUNNY,0.007479738666307082
22269,520.48,840,87,62,0.9270454545454545,EGG CUP NATURAL CHICKEN,0.0058565068764321535
22270,770.22,210,42,35,3.7418181818181817,HAPPY EASTER HANGING DECORATION,0.008666612984870838
22271,4702.120000000001,1648,256,181,2.967519379844961,FELTCRAFT DOLL ROSIE,0.05290884974217869
22272,553.1,194,46,43,2.9414893617021276,FELTCRAFT DOLL MARIA,0.006223551247607256
22273,11748.24,4464,293,211,2.9673220338983053,FELTCRAFT DOLL MOLLY,0.13219268434132972
22274,3711.5000000000005,1294,231,168,2.988787878787879,FELTCRAFT DOLL EMILY,0.04176226804464713
22275,527.85,69,1,1,7.65,WEEKEND BAG VINTAGE ROSE PAISLEY,0.005939435049809238
22276,645.15,253,62,53,2.55,WASH BAG VINTAGE ROSE PAISLEY,0.007259309505322401
22277,728.62,355,63,54,2.224920634920635,COSMETIC BAG VINTAGE ROSE PAISLEY,0.008198524516419451
22278,1202.8500000000001,243,82,59,4.95,OVERNIGHT BAG VINTAGE ROSE PAISLEY,0.013534620535498804
22279,574.66,477,46,43,1.27125,POCKET BAG BLUE PAISLEY RED SPOT,0.006466147098083502
22280,223.63,176,30,26,1.3670967741935485,POCKET BAG PINK PAISELY BROWN SPOT,0.0025163130817255656
22281,642.6,108,43,35,5.95,EASTER TREE YELLOW BIRDS,0.007230616582376464
22282,1425.27,111,64,39,12.91265625,12 EGG HOUSE PAINTED WOOD,0.016037318543983353
22283,2043.04,256,117,82,8.017008547008547,6 EGG HOUSE PAINTED WOOD,0.022988544821752895
22284,1442.1,874,99,78,1.65,HEN HOUSE DECORATION,0.016226691835426545
22285,1374.4499999999998,833,90,74,1.65,HANGING HEN ON NEST DECORATION,0.015465485467860767
22286,824.3699999999999,1025,79,64,1.0917721518987342,DECORATION WOBBLY RABBIT METAL,0.00927591564272282
22287,630.66,748,57,51,1.141578947368421,DECORATION WOBBLY CHICKEN,0.0070962661902296
22288,565.0,452,39,37,1.25,HANGING METAL RABBIT DECORATION,0.0063574515546883
22289,152.5,122,19,19,1.25,HANGING METAL CHICKEN DECORATION,0.001715949313433568
22291,1761.7499999999998,1215,90,72,1.45,HANGING CHICK CREAM DECORATION,0.019823434117649755
22292,1515.6499999999999,1085,88,76,1.4478260869565216,HANGING CHICK  YELLOW DECORATION,0.01705428575020057
22293,1184.6499999999999,817,82,63,1.45,HANGING CHICK GREEN DECORATION,0.013329831830551317
22294,6574.82,5362,246,162,1.245511811023622,HEART FILIGREE DOVE  SMALL,0.0739807073111429
22295,4390.469999999999,2719,212,155,1.6691627906976745,HEART FILIGREE DOVE LARGE,0.04940212447311919
22296,4962.429999999999,3039,270,189,1.6588888888888889,HEART IVORY TRELLIS LARGE,0.055837890829259926
22297,4706.28,3856,221,157,1.257345132743363,HEART IVORY TRELLIS SMALL,0.05295565858902382
22299,1231.34,1316,42,38,1.0452380952380953,PIG KEYRING WITH LIGHT & SOUND,0.013855193623628127
22300,3011.64,1436,143,100,2.5337062937062935,COFFEE MUG DOG + BALL DESIGN,0.03388735469055128
22301,4478.34,2098,181,123,2.5197237569060773,COFFEE MUG CAT + BIRD DESIGN,0.05039084884145629
22302,4957.3,2287,190,134,2.5197905759162302,COFFEE MUG PEARS  DESIGN,0.05578016741956869
22303,6108.85,2764,229,155,2.5190434782608695,COFFEE MUG APPLES DESIGN,0.0687375538581551
22304,1252.76,738,47,38,2.6125531914893614,COFFEE MUG BLUE PAISLEY DESIGN,0.01409621417637401
22305,1559.44,684,44,35,2.693863636363636,COFFEE MUG PINK PAISLEY DESIGN,0.01754701637600553
22306,1290.5700000000002,1126,99,85,1.1482178217821781,SILVER MUG BONE CHINA TREE OF LIFE,0.014521657084839082
22307,835.61,729,61,53,1.162741935483871,GOLD MUG BONE CHINA TREE OF LIFE,0.00940238954621786
22308,356.89,145,36,27,2.8052777777777775,TEA COSY BLUE STRIPE,0.0040157714785003665
22309,706.8299999999999,292,64,48,2.647384615384615,TEA COSY RED  STRIPE,0.007953340676814746
22310,841.79,531,51,29,1.7896226415094338,IVORY KNITTED MUG COSY,0.00947192768888684
22311,2910.75,1049,93,61,3.159684210526316,OFFICE MUG WARMER BLACK+SILVER,0.03275212763329021
22312,1443.1900000000003,499,93,61,3.016595744680851,OFFICE MUG WARMER POLKADOT,0.016238956653470107
22313,1482.89,553,54,41,2.8417857142857144,OFFICE MUG WARMER PINK,0.016685666081295104
22314,1431.14,516,93,58,3.0390526315789477,OFFICE MUG WARMER CHOC+BLUE,0.01610336852739224
22315,912.27,759,119,90,1.2468333333333335,200 RED + WHITE BENDY STRAWS,0.010264977574859285
22316,705.0500000000001,637,41,28,1.2360975609756097,200 BENDY SKULL STRAWS,0.007933311891385818
22317,503.37000000000006,171,39,35,3.0751282051282054,FIVE CATS HANGING DECORATION,0.005663982989528231
22318,1161.0000000000002,396,89,67,2.941111111111111,FIVE HEART HANGING DECORATION,0.013063719035386051
22319,572.26,1322,61,53,0.5670491803278689,HAIRCLIPS FORTIES FABRIC ASSORTED,0.006439141994134384
22320,1100.21,183,69,56,6.1146376811594205,BIRDS MOBILE VINTAGE DESIGN,0.012379702256608168
22321,625.5999999999999,736,57,45,0.85,BIRD DECORATION RED RETROSPOT,0.00703933042940354
22322,331.5,390,37,30,0.85,BIRD DECORATION GREEN POLKADOT,0.003730079982971985
22323,1.95,1,1,1,1.95,PINK POLKADOT KIDS BAG,2.1941646958658736e-05
22324,456.35999999999996,228,29,20,2.4486666666666665,BLUE POLKADOT KIDS BAG,0.005135020515924871
22325,750.3000000000001,152,58,49,4.93793103448276,MOBILE VINTAGE HEARTS,0.008442470622093155
22326,22101.77,8075,595,281,2.9354362416107382,ROUND SNACK BOXES SET OF4 WOODLAND,0.24869191512896147
22327,2325.9500000000003,821,162,106,2.9403030303030304,ROUND SNACK BOXES SET OF 4 SKULLS,0.026171883971021694
22328,17569.59,6469,458,227,2.927527114967462,ROUND SNACK BOXES SET OF 4 FRUITS,0.1976952517889133
22329,2181.2999999999997,1386,151,103,1.6394736842105262,ROUND CONTAINER SET OF 5 RETROSPOT,0.024544263851755024
22331,2750.96,1768,143,101,1.656153846153846,WOODLAND PARTY BAG + STICKER SET,0.0309541503166112
22332,1561.05,981,129,92,1.6438461538461537,SKULLS PARTY BAG + STICKER SET,0.017565132299904727
22333,6745.929999999999,4389,267,167,1.634,RETROSPOT PARTY BAG + STICKER SET,0.07590605870144858
22334,1101.44,684,91,77,1.663478260869565,DINOSAUR PARTY BAG + STICKER SET,0.012393542372382094
22335,1246.3000000000002,2018,123,88,0.66015625,HEART DECORATION PAINTED ZINC,0.0140235254382443
22336,667.71,2281,49,47,0.44461538461538463,DOVE DECORATION PAINTED ZINC,0.007513157482444116
22337,383.95000000000005,635,26,24,0.6870370370370371,ANGEL DECORATION PAINTED ZINC,0.004320254025526678
22338,924.95,4175,116,94,0.3158333333333333,STAR DECORATION PAINTED ZINC,0.010407654540723794
22339,569.2900000000001,2283,51,44,0.26854545454545453,CHRISTMAS TREE PAINTED ZINC,0.006405723177997351
22340,425.15999999999997,980,61,53,0.44868852459016395,NOEL GARLAND PAINTED ZINC,0.004783954164586332
22341,672.6499999999999,405,41,37,1.8002439024390244,LOVE GARLAND PAINTED ZINC,0.007568742988072716
22342,769.65,833,52,49,0.9826923076923078,HOME GARLAND PAINTED ZINC,0.008660199272682922
22343,744.3399999999999,1702,63,48,0.5561904761904761,PARTY PIZZA DISH RED RETROSPOT,0.008375407947286174
22344,372.74,1046,46,34,0.5860869565217391,PARTY PIZZA DISH PINK POLKADOT,0.004194117685831004
22345,317.90999999999997,969,41,29,0.5490697674418604,PARTY PIZZA DISH BLUE POLKADOT,0.0035771635818601017
22346,309.12,882,32,23,0.5551515151515152,PARTY PIZZA DISH GREEN POLKADOT,0.0034782573886464555
22348,3221.79,3861,254,144,0.866692607003891,TEA BAG PLATE RED RETROSPOT,0.036251989105095965
22349,5220.429999999999,1339,114,85,3.762434782608696,DOG BOWL CHASING BALL DESIGN,0.05874093950379016
22350,3586.3199999999997,1356,88,63,2.5531460674157302,ILLUSTRATED CAT BOWL,0.04035372683116769
22351,19.799999999999997,12,1,1,1.65,DOTCOMGIFTSHOP TEA TOWEL,0.00022279210758022712
22352,6705.04,2848,324,185,2.554723926380368,LUNCH BOX WITH CUTLERY RETROSPOT,0.07544595924291547
22353,153.0,60,24,23,2.55,LUNCH BOX WITH CUTLERY FAIRY CAKES,0.0017215753767563008
22354,2502.82,700,65,43,3.8087692307692307,RETROSPOT PADDED SEAT CUSHION,0.028162047610805263
22355,7114.85,8947,585,249,0.8513220338983051,CHARLOTTE BAG SUKI DESIGN,0.0800571932634939
22356,5838.09,7303,487,220,0.8615789473684211,CHARLOTTE BAG PINK POLKADOT,0.0656909280476287
22357,1332.6,324,87,69,4.2058620689655175,KINGS CHOICE BISCUIT TIN,0.014994583967748014
22358,1335.38,454,110,87,2.9975675675675677,KINGS CHOICE TEA CADDY,0.015025864879822414
22359,477.7900000000001,161,62,47,2.9958064516129035,GLASS JAR KINGS CHOICE,0.00537615358993721
22360,2438.2000000000003,880,143,102,3.015277777777778,GLASS JAR ENGLISH CONFECTIONERY,0.02743493518697525
22361,1507.3500000000001,537,123,92,2.9370967741935488,GLASS JAR DAISY FRESH COTTON WOOL,0.016960893099043205
22362,987.23,349,81,62,3.015185185185185,GLASS JAR PEACOCK BATH SALTS,0.011108436988203418
22363,1223.99,453,57,46,2.971016949152543,GLASS JAR MARMALADE,0.013772490492783951
22364,1421.1200000000001,516,95,69,2.9970833333333338,GLASS JAR DIGESTIVE BISCUITS,0.015990622218404672
22365,4865.19,729,126,83,7.862063492063492,DOORMAT RESPECTABLE HOUSE,0.05474373403425481
22366,4887.82,722,156,104,7.803141025641025,DOORMAT AIRMAIL,0.054998369660241714
22367,6560.79,3537,448,298,1.9843680709534366,CHILDRENS APRON SPACEBOY DESIGN,0.073822839974307
22371,3468.63,825,247,144,4.366706827309237,AIRLINE BAG VINTAGE TOKYO 78,0.0390294640462628
22372,935.33,221,101,81,4.318118811881188,AIRLINE BAG VINTAGE WORLD CHAMPION,0.010524451615303732
22374,1870.0900000000001,445,156,108,4.262356687898089,AIRLINE BAG VINTAGE JET SET RED,0.021042489518419548
22375,1043.3,250,96,67,4.234375,AIRLINE BAG VINTAGE JET SET BROWN,0.011739343729214697
22376,812.19,191,82,66,4.290952380952381,AIRLINE BAG VINTAGE JET SET WHITE,0.009138864740181047
22377,1510.89,1038,105,83,1.9532380952380952,BOTTLE BAG RETROSPOT,0.017000725627368155
22378,2082.06,1680,103,69,1.83375,WALL TIDY RETROSPOT,0.02342760280345898
22379,11913.03,6074,407,187,2.125110024449878,RECYCLING BAG RETROSPOT,0.13404692229123605
22380,2266.35,1152,195,114,2.1285714285714286,TOY TIDY SPACEBOY,0.025501257222951913
22381,6225.38,3167,289,133,2.124505119453925,TOY TIDY PINK POLKADOT,0.07004876417615125
22382,15820.15,9875,988,490,1.6557603222557904,LUNCH BAG SPACEBOY DESIGN,0.17801033135026922
22383,18667.6,11688,1043,434,1.651354656632173,LUNCH BAG SUKI DESIGN,0.21005019936690145
22384,16303.3,10226,931,444,1.6517428267800212,LUNCH BAG PINK POLKADOT,0.18344679633902614
22385,15320.75,8231,477,247,2.036376811594203,JUMBO BAG SPACEBOY DESIGN,0.17239101930352352
22386,37254.36,20148,871,372,2.018337104072398,JUMBO BAG PINK POLKADOT,0.41919077681578343
22389,596.91,329,36,36,1.9886111111111109,PAPERWEIGHT SAVE THE PLANET,0.006716506915945121
22390,405.62,259,30,24,2.356666666666667,PAPERWEIGHT CHILDHOOD MEMORIES,0.004564087609933927
22391,186.05999999999997,146,18,18,1.5977777777777777,PAPERWEIGHT HOME SWEET HOME,0.0020935706836554074
22393,612.28,485,49,43,1.9755102040816326,PAPERWEIGHT VINTAGE COLLAGE,0.006889452102485934
22394,190.79999999999998,160,16,16,1.61375,PAPERWEIGHT KINGS CHOICE,0.002146905763954916
22395,130.26,134,15,15,1.3153333333333335,PAPERWEIGHT VINTAGE PAISLEY,0.0014657020168384034
22396,568.76,1176,107,87,0.631588785046729,MAGNETS PACK OF 4 RETRO PHOTO,0.006399759550875253
22398,1528.29,2544,228,167,0.6372294372294371,MAGNETS PACK OF 4 SWALLOWS,0.01719651263099926
22399,1309.9,1130,87,71,1.2390804597701148,MAGNETS PACK OF 4 CHILDHOOD MEMORY,0.01473916069289594
22400,711.87,1386,143,112,0.5846206896551723,MAGNETS PACK OF 4 HOME SWEET HOME,0.008010051395107895
22402,1005.72,1701,144,107,0.6233793103448276,MAGNETS PACK OF 4 VINTAGE COLLAGE,0.011316488809878086
22403,569.36,1222,85,72,0.5850588235294119,MAGNETS PACK OF 4 VINTAGE LABELS,0.006406510826862532
22405,348.69,345,54,46,1.1225925925925926,MONEY BOX POCKET MONEY DESIGN,0.003923504040007546
22406,336.89,319,64,49,1.215625,MONEY BOX KINGS CHOICE DESIGN,0.0037907289455910466
22407,96.82,93,23,17,1.2278260869565216,MONEY BOX FIRST ADE DESIGN,0.0010894309018140197
22408,140.25,136,22,20,1.1877272727272727,MONEY BOX CONFECTIONERY DESIGN,0.0015781107620266093
22409,270.0,216,45,36,1.25,MONEY BOX BISCUITS DESIGN,0.003038074194275825
22410,212.88,223,46,34,1.1454347826086957,MONEY BOX HOUSEKEEPING DESIGN,0.0023953527202868062
22411,20116.38,10490,790,375,2.037440100882724,JUMBO SHOPPER VINTAGE RED PAISLEY,0.2263520554083197
22412,1778.4,874,113,73,2.093421052631579,METAL SIGN NEIGHBOURHOOD WITCH,0.020010782026296768
22413,10638.45,3687,351,228,2.9645070422535214,METAL SIGN TAKE IT OR LEAVE IT,0.11970518671145798
22414,1645.67,253,70,37,8.289,DOORMAT NEIGHBOURHOOD WITCH,0.018517287256644064
22415,151.05,19,13,13,7.950000000000001,WHITE TISSUE REAM,0.0016996337297976423
22416,1174.8999999999999,850,63,54,1.4436507936507936,SET OF 36 DOILIES SPACEBOY DESIGN,0.013220123595758025
22417,4128.39,8097,407,270,0.5528019323671498,PACK OF 60 SPACEBOY CAKE CASES,0.04645316712187546
22418,5209.17,6267,242,179,0.8724691358024691,10 COLOUR SPACEBOY PEN,0.058614240557762216
22419,1232.34,2803,157,94,0.44703703703703707,LIPSTICK PEN RED,0.013866445750273593
22420,499.90999999999997,1198,84,55,0.47779069767441856,LIPSTICK PEN BABY PINK,0.005625050631334917
22421,794.78,1924,120,80,0.4568852459016393,LIPSTICK PEN FUSCHIA,0.008942965215283481
22422,396.6,970,73,53,0.6606578947368421,TOOTHPASTE TUBE PEN,0.004462593427591823
22423,142264.75,12374,1703,881,12.482895504962055,REGENCY CAKESTAND 3 TIER,1.6007809841855618
22424,8493.5,711,326,189,12.658220858895705,ENAMEL BREAD BIN CREAM,0.09556993766326563
22425,2086.11,434,141,110,4.960709219858156,ENAMEL COLANDER CREAM,0.02347317391637312
22426,2228.05,659,144,104,3.661724137931035,ENAMEL WASH BOWL CREAM,0.025070300772430564
22427,11421.130000000001,1991,441,311,5.9109909909909915,ENAMEL FLOWER JUG CREAM,0.12851200119433132
22428,1528.73,221,92,75,7.015,ENAMEL FIRE BUCKET CREAM,0.017201463566723266
22429,4916.04,1184,315,227,4.259589905362776,ENAMEL MEASURING JUG CREAM,0.05531590467417677
22430,2621.85,539,161,131,4.928395061728395,ENAMEL WATERING CAN CREAM,0.029501388245415084
22431,3682.7499999999995,1979,275,159,1.970649819494585,WATERING CAN BLUE ELEPHANT,0.041438769403589974
22432,3092.7799999999997,1644,234,158,1.9490677966101693,WATERING CAN PINK BUNNY,0.03480035224656439
22433,2487.5299999999997,1341,189,121,1.950418848167539,WATERING CAN GREEN DINOSAUR,0.02799000259439608
22434,1511.48,774,112,94,1.9694642857142857,BALLOON PUMP WITH 10 BALLOONS,0.017007364382088976
22435,3245.79,2671,213,153,1.2559534883720929,SET OF 9 HEART SHAPED BALLOONS,0.036522040144587146
22436,1359.65,2089,139,105,0.6626760563380282,12 COLOURED PARTY BALLOONS,0.015298953993507874
22437,2261.65,2725,173,140,0.8477586206896551,SET OF 9 BLACK SKULL BALLOONS,0.025448372227718223
22438,801.45,887,68,66,1.5042857142857142,BALLOON ART MAKE YOUR OWN FLOWERS,0.009018016900008741
22439,1172.9,1762,156,116,0.690625,6 ROCKET BALLOONS,0.013197619342467094
22440,2244.06,5873,138,100,0.4174468085106383,BALLOON WATER BOMB PACK OF 35,0.025250447320024474
22441,2061.0,990,167,130,2.0970414201183436,GROW YOUR OWN BASIL IN ENAMEL MUG,0.023190633016305466
22442,1177.8,292,74,68,6.295945945945946,GROW YOUR OWN FLOWERS SET OF 3,0.013252754763029876
22443,1208.4,152,80,60,7.95,GROW YOUR OWN HERBS SET OF 3,0.013597069838381139
22444,934.26,762,33,29,1.2442424242424244,GROW YOUR OWN PLANT IN A CAN,0.010512411839793083
22445,1359.3500000000001,469,93,72,3.0577551020408165,PENCIL CASE LIFE IS BEAUTIFUL,0.015295578355514235
22446,432.99,161,38,25,3.2551219512195124,PIN CUSHION BABUSHKA PINK,0.0048720583162203315
22447,223.95000000000002,75,16,16,3.0875,PIN CUSHION BABUSHKA BLUE,0.002519913762252115
22448,576.3100000000001,187,34,29,3.199411764705882,PIN CUSHION BABUSHKA RED,0.0064847131070485215
22449,1214.3300000000002,364,87,65,3.3252272727272727,SILK PURSE BABUSHKA PINK,0.013663794949388752
22450,610.6500000000001,183,52,41,3.3424528301886793,SILK PURSE BABUSHKA BLUE,0.006871111136053825
22451,654.1500000000001,201,38,35,3.3394736842105264,SILK PURSE BABUSHKA RED,0.007360578645131597
22452,1094.8000000000002,388,66,53,2.8935294117647063,MEASURING TAPE BABUSHKA PINK,0.0123188282514562
22453,948.7500000000001,333,46,38,2.9239130434782608,MEASURING TAPE BABUSHKA BLUE,0.010675455154885886
22454,639.0,228,37,31,2.918421052631579,MEASURING TAPE BABUSHKA RED,0.007190108926452786
22456,6813.400000000001,1448,303,220,4.887828947368422,NATURAL SLATE CHALKBOARD LARGE,0.07666523968621818
22457,24089.170000000002,8427,967,587,2.975267489711934,NATURAL SLATE HEART CHALKBOARD,0.2710543916241607
22458,1371.4299999999998,513,14,12,2.57,CAST IRON HOOK GARDEN FORK,0.01543150404539146
22459,962.73,375,15,12,2.529333333333333,CAST IRON HOOK GARDEN TROWEL,0.0108327598853895
22460,2855.59,2368,162,118,1.286604938271605,EMBOSSED GLASS TEALIGHT HOLDER,0.032131460327526305
22461,1251.25,231,45,35,7.7411111111111115,SAVOY ART DECO CLOCK,0.014079223465139354
22464,4789.709999999999,3179,277,191,1.5950179211469533,HANGING METAL HEART LANTERN,0.05389442351505504
22465,2828.0799999999995,1958,159,119,1.530496894409938,HANGING METAL STAR LANTERN,0.03182191432350953
22466,5070.0,2928,150,114,1.9274834437086092,FAIRY TALE COTTAGE NIGHT LIGHT,0.05704828209251271
22467,17488.55,7652,570,262,2.498700173310225,GUMBALL COAT RACK,0.19678337944556476
22468,3032.39,467,116,82,6.758103448275863,BABUSHKA LIGHTS STRING OF 10,0.0341208363184447
22469,28217.089999999997,16768,961,573,1.6394279877425946,HEART OF WICKER SMALL,0.3175022702465127
22470,28479.65,9577,801,485,2.956905055487053,HEART OF WICKER LARGE,0.3204566286185463
22471,1092.73,359,64,53,4.3521875,TV DINNER TRAY AIR HOSTESS,0.012295536349300085
22472,1224.17,291,80,58,4.759,TV DINNER TRAY DOLLY GIRL,0.013774515875580139
22473,1239.39,437,79,58,4.238607594936709,TV DINNER TRAY VINTAGE PAISLEY,0.013945773243124132
22474,1009.0400000000001,244,83,70,4.597469879518073,SPACEBOY TV DINNER TRAY,0.011353845870341031
22475,1211.1000000000001,278,109,49,4.637272727272728,SKULL DESIGN TV DINNER TRAY,0.013627450580323898
22476,2145.8199999999997,810,78,61,4.96025641025641,EMPIRE UNION JACK TV DINNER TRAY,0.02414503839837389
22477,1765.6,1280,70,63,1.2565714285714285,WATERING CAN GARDEN MARKER,0.019866754805234803
22478,1929.35,1411,76,59,1.2560526315789473,BIRDHOUSE GARDEN MARKER,0.021709290543429863
22479,1513.1,1078,54,48,1.2585185185185184,DAISY GARDEN MARKER,0.017025592827254632
22480,728.52,612,67,57,1.2443283582089553,RED TEA TOWEL CLASSIC DESIGN,0.008197399303754904
22481,607.74,692,84,68,1.0524418604651162,BLACK TEA TOWEL CLASSIC DESIGN,0.006838367447515518
22482,523.52,448,48,40,1.2420833333333332,BLUE TEA TOWEL CLASSIC DESIGN,0.00589071334143437
22483,2029.9800000000002,722,130,91,2.9813846153846155,RED GINGHAM TEDDY BEAR,0.02284159204776311
22485,5652.9,462,165,142,12.629999999999999,SET OF 2 WOODEN MARKET CRATES,0.06360714671415485
22486,288.94,52,10,9,7.904000000000001,PLASMATRONIC LAMP,0.0032511894729409514
22487,6768.86,723,379,278,9.769815303430079,WHITE WOOD GARDEN PLANT LADDER,0.07616406996542911
22488,4635.259999999999,2910,309,211,1.6542443729903538,NATURAL SLATE RECTANGLE CHALKBOARD,0.05215653255466281
22489,3754.47,9313,318,232,0.4321495327102804,PACK OF 12 TRADITIONAL CRAYONS,0.0422457719266028
22491,3120.64,3898,200,162,0.8557920792079208,PACK OF 12 COLOURED PENCILS,0.035113836494907076
22492,16039.240000000002,26076,325,213,0.656523076923077,MINI PAINT SET VINTAGE,0.1804755597770244
22493,3737.2799999999997,2352,176,125,1.7007865168539327,PAINT YOUR OWN CANVAS SET,0.04205234786956724
22494,1102.64,890,119,79,1.3484873949579832,EMERGENCY FIRST AID TIN,0.012407044924356653
22495,512.23,241,65,60,2.5844615384615386,SET OF 2 ROUND TINS CAMEMBERT,0.005763676831607059
22496,474.14000000000004,242,69,63,2.6682608695652177,SET OF 2 ROUND TINS DUTCH CHEESE,0.005335083327681258
22497,752.25,177,59,50,4.25,SET OF 2 TINS VINTAGE BATHROOM,0.008464412269051813
22498,1356.6000000000001,228,96,68,5.95,WOODEN REGATTA BUNTING,0.015264635007239201
22499,9928.83,1734,296,217,5.945016722408027,WOODEN UNION JACK BUNTING,0.11172045260130237
22500,826.5500000000001,235,85,78,4.122941176470588,SET OF 2 TINS JARDIN DE PROVENCE,0.009300445278809938
22501,10799.0,1192,257,187,9.778482490272372,PICNIC BASKET WICKER LARGE,0.12151171564438754
22502,47348.35,1485,234,175,11.264194915254237,PICNIC BASKET WICKER SMALL,0.532769630653851
22503,1279.2,64,16,15,23.95,CABIN BAG VINTAGE PAISLEY,0.014393720404880132
22504,3012.4,160,39,31,22.50897435897436,CABIN BAG VINTAGE RETROSPOT,0.03389590630680184
22505,6286.39,1361,262,186,4.924393939393939,MEMO BOARD COTTAGE DESIGN,0.07073525642279113
22507,12411.02,2786,348,230,4.937327586206897,MEMO BOARD RETROSPOT  DESIGN,0.13965036883941168
22508,5919.46,1511,236,177,3.838093220338983,DOORSTOP RETROSPOT HEART,0.06660651359277028
22509,1923.85,203,80,71,11.7625,SEWING BOX RETROSPOT DESIGN,0.0216474038468798
22510,400.87,209,41,34,2.4070731707317075,GINGHAM BABUSHKA DOORSTOP,0.004510640008367963
22511,455.87,245,48,44,2.3329166666666667,RETROSPOT BABUSHKA DOORSTOP,0.005129506973868594
22512,232.25,117,32,28,2.6490625,DOORSTOP RACING CAR DESIGN,0.002613306413409483
22513,404.98,134,51,37,3.780980392156863,DOORSTOP FOOTBALL DESIGN,0.004556886248880829
22514,537.0,260,75,61,2.0966666666666667,CHILDS GARDEN SPADE BLUE,0.0060423920086152515
22515,488.70000000000005,237,63,53,2.096031746031746,CHILDS GARDEN SPADE PINK,0.005498914291639244
22516,348.00000000000006,170,41,35,2.094186046511628,CHILDS GARDEN RAKE BLUE,0.003915740072622175
22517,366.90000000000003,179,54,48,2.0953703703703703,CHILDS GARDEN RAKE PINK,0.004128405266221482
22518,663.3000000000001,333,57,44,2.0824561403508772,CHILDS GARDEN BRUSH BLUE,0.007463535603937611
22519,741.0000000000001,370,65,53,2.0846153846153848,CHILDS GARDEN BRUSH PINK,0.008337825844290322
22520,599.25,705,105,88,0.85,CHILDS GARDEN TROWEL BLUE,0.006742836892295511
22521,508.29999999999995,598,94,81,0.85,CHILDS GARDEN TROWEL PINK,0.005719455973890376
22522,757.89,921,120,100,0.8489344262295081,CHILDS GARDEN FORK BLUE,0.008527874263332241
22523,716.55,843,118,98,0.85,CHILDS GARDEN FORK PINK,0.008062711347808674
22524,721.0,592,65,55,1.247121212121212,CHILDRENS GARDEN GLOVES BLUE,0.008112783311381
22525,553.5,458,52,42,1.246346153846154,CHILDRENS GARDEN GLOVES PINK,0.006228052098265441
22526,1406.4,112,67,55,12.72313432835821,WHEELBARROW FOR CHILDREN,0.01582499091418341
22529,328.92,814,61,52,0.4180327868852459,MAGIC DRAWING SLATE GO TO THE FAIR,0.003701049496226683
22530,1430.7,3511,181,143,0.4160655737704918,MAGIC DRAWING SLATE DOLLY GIRL,0.016098417591668236
22531,1347.66,3291,163,127,0.4196341463414634,MAGIC DRAWING SLATE CIRCUS PARADE,0.015164040995028735
22532,360.06,1063,66,54,0.4133823529411765,MAGIC DRAWING SLATE LEAP FROG,0.004051440719966495
22533,605.52,1740,78,68,0.41115384615384615,MAGIC DRAWING SLATE BAKE A CAKE,0.006813387726362583
22534,1735.5,4331,202,172,0.41739130434782606,MAGIC DRAWING SLATE SPACEBOY,0.019528065793206276
22535,630.1800000000001,1713,110,88,0.41481818181818175,MAGIC DRAWING SLATE BUNNIES,0.0070908651694397765
22536,1780.92,4718,144,109,0.41275862068965513,MAGIC DRAWING SLATE PURDEY,0.020039137385443342
22537,762.72,1816,135,115,0.42,MAGIC DRAWING SLATE DINOSAUR,0.008582222035029842
22538,151.07999999999998,386,26,25,0.41115384615384615,MINI JIGSAW GO TO THE FAIR,0.001699971293597006
22539,1049.1499999999999,2821,85,74,0.403448275862069,MINI JIGSAW DOLLY GIRL,0.011805168670090672
22540,915.78,2451,65,50,0.41215384615384615,MINI JIGSAW CIRCUS PARADE,0.01030447253938487
22541,180.62,465,21,19,0.4257142857142857,MINI JIGSAW LEAP FROG,0.0020323591147040723
22543,515.77,1434,39,32,0.3758974358974359,MINI JIGSAW BAKE A CAKE,0.005803509359932008
22544,1627.04,4411,124,101,0.41056,MINI JIGSAW SPACEBOY,0.018307660137239033
22545,390.69,1088,47,40,0.4004255319148936,MINI JIGSAW BUNNIES,0.004396093359117119
22546,767.41,2064,59,50,0.39864406779661016,MINI JIGSAW PURDEY,0.008634994508997077
22547,279.51,738,50,41,0.43764705882352944,MINI JIGSAW DINOSAUR,0.0031450819186742067
22548,2095.46,1871,179,149,1.2591758241758242,HEADS AND TAILS SPORTING FUN,0.023578381300508225
22549,4235.59,2991,244,195,1.5166666666666666,PICTURE DOMINOES,0.047659395098269414
22550,3810.71,1102,176,136,3.83,HOLIDAY FUN LUDO,0.04287859152914381
22551,12138.599999999999,7656,579,339,1.6571672354948803,PLASTERS IN TIN SPACEBOY,0.1365850644986538
22553,6461.249999999999,4009,439,281,1.6464365256124722,PLASTERS IN TIN SKULLS,0.0727028032880173
22554,11620.929999999998,7297,587,351,1.6501344537815126,PLASTERS IN TIN WOODLAND ANIMALS,0.1307601760980954
22555,9444.14,5874,449,294,1.6487719298245613,PLASTERS IN TIN STRONGMAN,0.10626665933751143
22556,9588.71,5947,521,305,1.6582732447817836,PLASTERS IN TIN CIRCUS PARADE,0.10789337928664645
22557,7331.839999999999,4564,480,315,1.6786298568507156,PLASTERS IN TIN VINTAGE PAISLEY,0.08249879222429357
22558,12525.21,8405,639,363,1.5957165109034268,CLOTHES PEGS RETROSPOT PACK 24,0.14093524918105743
22559,472.77,387,39,33,1.3643589743589744,SEASIDE FLYING DISC,0.0053196679141769695
22560,9281.47,7990,336,229,1.272857142857143,TRADITIONAL MODELLING CLAY,0.10443627589609347
22561,9064.619999999999,5690,395,288,1.6562376237623762,WOODEN SCHOOL COLOURING SET,0.10199625223302416
22562,1710.42,1390,190,149,1.2651052631578947,MONSTERS STENCIL CRAFT,0.01924586245693799
22563,3244.6000000000004,2777,252,171,1.2560392156862745,HAPPY STENCIL CRAFT,0.03650865011387905
22564,2999.19,2668,165,120,1.2604848484848483,ALPHABET STENCIL CRAFT,0.03374726571381523
22565,711.6099999999999,817,108,85,0.921559633027523,FELTCRAFT HAIRBANDS PINK AND WHITE,0.008007125842180073
22566,716.28,828,118,94,0.8951239669421488,FELTCRAFT HAIRBAND PINK AND PURPLE,0.008059673273614398
22567,3017.5,2346,182,135,1.3523913043478262,20 DOLLY PEGS RETROSPOT,0.03395329215269371
22568,11756.8,3277,417,244,3.786205250596659,FELTCRAFT CUSHION OWL,0.13228900254541487
22569,9632.98,2692,294,192,3.7369932432432433,FELTCRAFT CUSHION BUTTERFLY,0.10839151093324124
22570,10672.31,3012,324,202,3.7371253822629966,FELTCRAFT CUSHION RABBIT,0.12008618371967343
22571,1807.6,2200,176,152,0.8463888888888889,ROCKING HORSE RED CHRISTMAS,0.020339344124344377
22572,1039.24,1252,126,114,0.847984496124031,ROCKING HORSE GREEN CHRISTMAS,0.011693660095034105
22573,2036.56,2440,154,127,0.9087096774193548,STAR WOODEN CHRISTMAS DECORATION,0.022915631041090272
22574,1851.99,2121,157,131,0.8982389937106918,HEART WOODEN CHRISTMAS DECORATION,0.02083882602613661
22575,1154.25,619,76,61,1.9383116883116882,METAL MERRY CHRISTMAS WREATH,0.012987767180529151
22576,1217.78,1418,125,102,0.8913178294573643,SWALLOW WOODEN CHRISTMAS DECORATION,0.013702614786315606
22577,3415.8999999999996,9782,463,343,0.4231941544885177,WOODEN HEART CHRISTMAS SCANDINAVIAN,0.03843613940824737
22578,3164.0799999999995,9628,433,332,0.37855875831485586,WOODEN STAR CHRISTMAS SCANDINAVIAN,0.035602628876386114
22579,1664.2899999999997,4805,276,226,0.40540069686411145,WOODEN TREE CHRISTMAS SCANDINAVIAN,0.01872680185478264
22580,4775.780000000001,834,166,126,6.0849397590361445,ADVENT CALENDAR GINGHAM SACK,0.05373768139088372
22581,704.02,1088,98,83,0.7408823529411764,WOOD STOCKING CHRISTMAS SCANDISPOT,0.007921722200940987
22582,2496.7599999999998,1029,77,73,2.5691139240506327,PACK OF 6 SWEETIE GIFT BOXES,0.028093859723333732
22583,1346.3999999999999,528,77,73,2.55,PACK OF 6 HANDBAG GIFT BOXES,0.015149863315455446
22584,5488.94,2238,153,127,2.582337662337662,PACK OF 6 PANNETONE GIFT BOXES,0.06176224802936425
22585,7135.95,6051,319,241,1.259093655589124,PACK OF 6 BIRDY GIFT TAGS,0.08029461313571323
22586,676.5999999999999,796,117,100,0.85,FELTCRAFT HAIRBAND PINK AND BLUE,0.007613188888322307
22587,715.6999999999999,842,120,103,0.85,FELTCRAFT HAIRBAND RED AND BLUE,0.008053147040160028
22588,1724.42,602,135,110,2.9497037037037037,CARD HOLDER GINGHAM HEART,0.019403392229974514
22589,940.49,323,57,46,3.1558620689655172,CARDHOLDER GINGHAM STAR,0.010582512588794337
22591,1250.84,374,63,53,3.7039682539682537,CARDHOLDER GINGHAM CHRISTMAS TREE,0.014074610093214713
22592,1886.08,506,91,79,3.926153846153846,CARDHOLDER HOLLY WREATH METAL,0.021222411023480547
22593,1735.27,2047,138,106,0.9094285714285714,CHRISTMAS GINGHAM STAR,0.019525477804077818
22594,1480.06,1744,125,93,0.9222222222222223,CHRISTMAS GINGHAM TREE,0.016653822562888436
22595,5267.8099999999995,6503,361,274,0.8588315217391305,GINGHAM HEART DECORATION,0.059274065264252336
22596,3535.2,3264,234,196,1.1650210970464137,CHRISTMAS STAR WISH LIST CHALKBOARD,0.039778518117051465
22597,973.39,2533,118,95,0.5016393442622951,MUSICAL ZINC HEART DECORATION,0.010952707555430168
22598,290.16999999999996,811,51,42,0.475,CHRISTMAS MUSICAL ZINC TREE,0.003265029588714874
22599,528.2099999999999,1489,70,58,0.47901408450704225,CHRISTMAS MUSICAL ZINC STAR,0.005943485815401605
22600,1301.84,1538,143,120,0.8924305555555555,CHRISTMAS RETROSPOT STAR WOOD,0.014648468552133479
22601,1824.87,2235,150,121,0.8987499999999999,CHRISTMAS RETROSPOT ANGEL WOOD,0.02053366835151157
22602,1645.7199999999998,1960,174,141,0.8608333333333332,RETROSPOT WOODEN HEART DECORATION,0.018517849862976332
22603,1088.1299999999999,1293,125,111,0.89,CHRISTMAS RETROSPOT TREE WOOD,0.012243776566730938
22604,2642.86,1171,108,77,2.535357142857143,SET OF 4 NAPKIN CHARMS CUTLERY,0.02973779542623632
22605,9555.98,709,240,181,14.353443983402489,WOODEN CROQUET GARDEN SET,0.10752509718154035
22606,4304.849999999999,303,132,110,15.204135338345864,WOODEN SKITTLES GARDEN SET,0.04843871738973439
22607,11561.34,1265,303,224,9.77453947368421,WOODEN ROUNDERS GARDEN SET,0.13008966187129212
22608,977.89,4897,84,63,0.20833333333333334,PENS ASSORTED FUNKY JEWELED,0.011003342125334764
22609,1206.2,5564,118,89,0.27487394957983197,PENS ASSORTED SPACEBALL,0.013572315159761112
22610,2313.74,9110,171,123,0.2294186046511628,PENS ASSORTED FUNNY FACE,0.026034495504680545
22611,1016.85,219,40,36,4.898780487804878,VINTAGE UNION JACK SHOPPING BAG,0.011441724979442121
22613,1150.3799999999999,1488,114,82,0.8474782608695651,PACK OF 20 SPACEBOY NAPKINS,0.012944221450411197
22614,960.6099999999999,2955,170,132,0.34630057803468206,PACK OF 12 SPACEBOY TISSUES,0.010808905376901112
22615,617.8399999999999,2022,69,61,0.33347826086956517,PACK OF 12 CIRCUS PARADE TISSUES,0.006952013926634725
22616,7261.7699999999995,25329,382,195,0.32581632653061227,PACK OF 12 LONDON TISSUES,0.08171035571024576
22617,10210.890000000001,2153,424,296,5.038665105386418,BAKING SET SPACEBOY DESIGN,0.11489422744292252
22618,621.66,66,25,23,9.8916,COOKING SET RETROSPOT,0.006994997050420405
22619,8571.25,2290,339,250,3.869649122807018,SET OF 6 SOLDIER SKITTLES,0.09644479050995061
22620,5952.83,4486,364,260,1.4299191374663074,4 TRADITIONAL SPINNING TOPS,0.06698199705892947
22621,9294.57,5893,509,366,1.6412909441233139,TRADITIONAL KNITTING NANCY,0.1045836787551491
22622,13035.66,1295,231,174,11.122554112554113,BOX OF VINTAGE ALPHABET BLOCKS,0.14667889722723557
22623,5019.67,918,219,165,5.82972602739726,BOX OF VINTAGE JIGSAW BLOCKS,0.05648196255844642
22624,14638.73,1765,620,376,8.585887096774194,IVORY KITCHEN SCALES,0.16471684388878277
22625,11836.23,1469,448,292,8.441473214285715,RED KITCHEN SCALES,0.13318275896486426
22626,4134.03,501,183,134,8.507267759562842,BLACK KITCHEN SCALES,0.04651662911615588
22627,6574.29,789,304,193,8.470526315789474,MINT KITCHEN SCALES,0.0739747436840208
22628,3607.3,774,118,85,4.932352941176471,PICNIC BOXES SET OF 3 RETROSPOT,0.04058979644818957
22629,24673.14,13908,704,322,1.9308744710860366,SPACEBOY LUNCH BOX,0.2776252960213135
22630,20104.09,11323,616,287,1.9508988764044946,DOLLY GIRL LUNCH BOX,0.22621376677184696
22631,6114.83,3371,256,168,1.93988416988417,CIRCUS PARADE LUNCH BOX,0.06880484157549496
22632,8738.52,4388,359,260,2.076448087431694,HAND WARMER RED RETROSPOT,0.09832693373393774
22633,9516.960000000001,4730,441,300,2.0825714285714287,HAND WARMER UNION JACK,0.1070860391998343
22634,6652.0,728,203,155,9.70951219512195,CHILDS BREAKFAST SET SPACEBOY,0.07484914644563996
22635,6053.049999999999,656,180,143,9.789779005524862,CHILDS BREAKFAST SET DOLLY GIRL,0.06810968519133807
22636,4656.3,565,182,141,8.425274725274726,CHILDS BREAKFAST SET CIRCUS PARADE,0.05239327729928342
22637,6298.37,2615,262,188,2.528091603053435,PIGGY BANK RETROSPOT,0.07087005690000381
22638,394.41999999999996,255,38,37,2.246052631578947,SET OF 4 NAPKIN CHARMS CROWNS,0.004438063791504706
22639,1730.82,762,127,101,2.4765384615384614,SET OF 4 NAPKIN CHARMS HEARTS,0.019475405840505493
22640,341.66999999999996,185,41,33,2.3797560975609753,SET OF 4 NAPKIN CHARMS 3 KEYS,0.003844514110956374
22641,225.92,112,24,23,2.4058333333333333,SET OF 4 NAPKIN CHARMS INSTRUMENT,0.0025420804517436828
22642,516.8,253,43,39,2.2315555555555555,SET OF 4 NAPKIN CHARMS STARS,0.005815099050376838
22643,331.28999999999996,183,30,29,2.0826666666666664,SET OF 4 NAPKIN CHARMS LEAVES,0.003727717036376437
22644,2315.73,2043,188,146,1.3367021276595743,CERAMIC CHERRY CAKE MONEY BANK,0.02605688723670502
22645,2243.94,1748,233,161,1.4098290598290597,CERAMIC HEART FAIRY CAKE MONEY BANK,0.025249097064827017
22646,4745.3099999999995,3919,279,185,1.3881560283687941,CERAMIC STRAWBERRY CAKE MONEY BANK,0.053394829091996346
22647,429.84999999999997,721,36,34,0.9299999999999999,CERAMIC LOVE HEART MONEY BANK,0.004836726638553568
22649,3638.9,748,160,86,4.928658536585366,STRAWBERRY FAIRY CAKE TEAPOT,0.0409453636501863
22650,1122.95,791,106,78,1.4424528301886792,CERAMIC PIRATE CHEST MONEY BANK,0.012635575616526068
22651,1602.7199999999998,1992,94,73,0.8942553191489362,GENTLEMAN SHIRT REPAIR KIT,0.018034008417221296
22652,7779.11,4859,394,263,1.6593702770780856,TRAVEL SEWING KIT,0.08753153090901115
22653,2020.71,1071,118,73,1.939090909090909,BUTTON BOX,0.02273728483375964
22654,5968.67,1057,222,157,6.071434977578476,DELUXE SEWING KIT,0.06716023074499367
22655,8125.0,60,38,34,143.42105263157896,VINTAGE RED KITCHEN CABINET,0.09142352899441139
22656,3685.0,26,20,17,146.75,VINTAGE BLUE KITCHEN CABINET,0.041464086688542276
22659,19316.17,11075,504,213,1.9266666666666665,LUNCH BOX I LOVE LONDON,0.21734799114535133
22660,2157.33,327,69,56,7.934782608695652,DOORMAT I LOVE LONDON,0.024274550376063204
22661,4011.19,5065,343,172,0.8455043227665706,CHARLOTTE BAG DOLLY GIRL DESIGN,0.04513441787902684
22662,10330.99,6527,598,310,1.656006600660066,LUNCH BAG DOLLY GIRL DESIGN,0.11624560785304298
22663,6006.33,3096,317,171,2.0553312302839117,JUMBO BAG DOLLY GIRL DESIGN,0.06758398583446192
22664,1178.18,642,102,62,2.1175490196078433,TOY TIDY DOLLY GIRL DESIGN,0.013257030571155154
22665,3422.0600000000004,1218,231,163,2.9801298701298706,RECIPE BOX BLUE SKETCHBOOK DESIGN,0.03850545250838345
22666,20838.620000000003,7366,828,471,2.962523923444976,RECIPE BOX PANTRY YELLOW DESIGN,0.2344787913567411
22667,7896.85,2851,441,233,2.9214285714285717,RECIPE BOX RETROSPOT,0.08885635630024834
22668,5415.66,1954,204,162,2.974313725490196,PINK BABY BUNTING,0.0609376921887845
22669,2969.65,1027,167,143,2.9428143712574855,RED BABY BUNTING,0.03341487789270816
22670,2192.74,1753,208,141,1.2654761904761904,FRENCH WC SIGN BLUE METAL,0.024672988180579152
22671,1463.6599999999999,918,103,75,1.7098058252427184,FRENCH LAUNDRY SIGN BLUE METAL,0.016469287685902792
22672,2227.62,1382,158,125,1.65775,FRENCH BATHROOM SIGN BLUE METAL,0.025065462357973013
22673,956.83,769,110,85,1.2683783783783784,FRENCH GARDEN SIGN BLUE METAL,0.010766372338181252
22674,1531.71,1270,144,106,1.2543537414965986,FRENCH TOILET SIGN BLUE METAL,0.017234994904126756
22675,1420.14,1173,123,94,1.30352,FRENCH KITCHEN SIGN BLUE METAL,0.01597959513429211
22676,1301.14,1038,138,61,1.2758695652173913,FRENCH BLUE METAL DOOR SIGN 1,0.014640592063481657
22677,1092.51,874,113,59,1.2601769911504426,FRENCH BLUE METAL DOOR SIGN 2,0.012293060881438079
22678,939.93,750,102,59,1.2731372549019608,FRENCH BLUE METAL DOOR SIGN 3,0.010576211397872874
22679,809.32,646,91,54,1.2759340659340659,FRENCH BLUE METAL DOOR SIGN 4,0.009106571136708558
22680,929.97,743,100,61,1.2731372549019608,FRENCH BLUE METAL DOOR SIGN 5,0.010464140216484034
22681,785.57,627,81,45,1.278433734939759,FRENCH BLUE METAL DOOR SIGN 6,0.00883933312887874
22682,773.11,618,79,52,1.264375,FRENCH BLUE METAL DOOR SIGN 7,0.008699131630876234
22683,720.57,575,80,54,1.2795,FRENCH BLUE METAL DOOR SIGN 8,0.00810794489692345
22684,576.9,462,60,41,1.2489999999999999,FRENCH BLUE METAL DOOR SIGN 9,0.006491351861769346
22685,678.15,543,70,49,1.249142857142857,FRENCH BLUE METAL DOOR SIGN 0,0.00763062968462278
22686,997.2,859,73,39,1.2554794520547945,FRENCH BLUE METAL DOOR SIGN No,0.011220620690858715
22687,2991.7,568,35,30,8.836,DOORMAT CHRISTMAS VILLAGE,0.033662987285240684
22688,3442.04,700,27,26,7.9585185185185185,DOORMAT PEACE ON EARTH BLUE,0.03873026999875986
22689,4340.44,614,112,94,8.764513274336283,DOORMAT MERRY CHRISTMAS RED,0.048839180577046525
22690,9619.99,1595,261,198,7.8720610687022905,DOORMAT HOME SWEET HOME BLUE,0.10824534580811665
22691,2260.69,343,95,65,7.94042105263158,DOORMAT WELCOME SUNRISE,0.025437570186138573
22692,9451.58,1376,338,231,7.915147928994084,DOORMAT WELCOME TO OUR HOME,0.10635037515975372
22693,17226.2,15940,239,167,1.2353974895397488,GROW A FLYTRAP OR SUNFLOWER IN TIN,0.19383138402012673
22694,3328.8,1608,303,228,2.096753246753247,WICKER STAR,0.037456079177427284
22695,850.87,695,96,82,1.333469387755102,WICKER WREATH SMALL,0.00957409699882767
22696,1303.4599999999998,692,123,108,1.989375,WICKER WREATH LARGE,0.014666696997299136
22697,17735.54,6406,691,387,2.942057142857143,GREEN REGENCY TEACUP AND SAUCER,0.19956254220572842
22698,14663.29,5307,556,319,2.9347584973166367,PINK REGENCY TEACUP AND SAUCER,0.1649931961191954
22699,24827.25,9119,783,423,2.92314791403287,ROSES REGENCY TEACUP AND SAUCER,0.2793593612586462
22700,2578.78,1192,48,41,2.3668750000000003,BLACK AND WHITE DOG BOWL,0.029016759150794862
22701,613.24,436,52,39,2.240754716981132,PINK DOG BOWL,0.006900254144065582
22702,2661.8999999999996,1357,43,35,1.7930232558139536,BLACK AND WHITE CAT BOWL,0.029952035917565994
22703,249.42000000000002,168,40,30,1.61,PINK CAT BOWL,0.0028065054279121345
22704,2157.0,5250,173,129,0.4190751445086705,WRAP RED APPLES,0.024270837174270202
22705,787.5,1875,74,61,0.42,WRAP GREEN PEARS,0.00886104973330449
22706,845.0,2050,69,64,0.41884057971014493,WRAP COWBOYS,0.009508047015418786
22707,525.0,1250,47,41,0.42,WRAP MONSTER FUN,0.00590736648886966
22708,1149.5,2775,99,79,0.41919191919191917,WRAP DOLLY GIRL,0.012934319578963188
22709,528.5,1325,39,38,0.41641025641025636,WRAP WEDDING DAY,0.005946748932128791
22710,1742.5,4425,100,79,0.41619999999999996,WRAP I LOVE LONDON,0.01960683067972454
22711,1171.34,2827,100,89,0.4192,WRAP CIRCUS PARADE,0.013180066024900166
22712,1701.21,4271,213,141,0.4355868544600939,CARD DOLLY GIRL,0.019142230370533246
22713,1286.92,3249,149,109,0.42146666666666666,CARD I LOVE LONDON,0.014480586822583129
22714,1324.8899999999999,3367,155,125,0.4206451612903226,CARD BIRTHDAY COWBOY,0.014907830071311473
22715,615.24,1506,98,78,0.4181632653061224,CARD WEDDING DAY,0.006922758397356513
22716,1267.23,3076,214,167,0.4243457943925234,CARD CIRCUS PARADE,0.014259032448933902
22717,487.08,1170,87,69,0.41931034482758617,CARD DOG AND BALL,0.005480685846473588
22718,636.48,1536,104,70,0.4188461538461538,CARD CAT AND TREE,0.007161753567306211
22719,508.07000000000005,463,34,25,1.1941176470588235,GUMBALL MONOCHROME COAT RACK,0.005716867984761921
22720,33298.3,7010,1146,640,4.953637152777778,SET OF 3 CAKE TINS PANTRY DESIGN,0.37467668867872117
22721,3942.82,908,246,183,4.831295546558704,SET OF 3 CAKE TINS SKETCHBOOK,0.04436510998027633
22722,20482.600000000002,5360,653,393,3.9169683257918555,SET OF 6 SPICE TINS PANTRY DESIGN,0.2304728092284223
22723,3686.1400000000003,1054,235,170,3.7472268907563024,SET OF 6 HERB TINS SKETCHBOOK,0.041476914112918116
22725,6559.26,1772,322,171,3.8015384615384615,ALARM CLOCK BAKELIKE CHOCOLATE,0.07380562422053943
22726,20839.15,5630,789,322,3.7915809284818067,ALARM CLOCK BAKELIKE GREEN,0.23448475498386318
22727,25868.95,7206,877,388,3.7669525959367944,ALARM CLOCK BAKELIKE RED,0.2910807015852282
22728,18539.09,5066,613,291,3.7872697899838452,ALARM CLOCK BAKELIKE PINK,0.20860418857169263
22729,7984.38,2179,359,179,3.7664285714285715,ALARM CLOCK BAKELIKE ORANGE,0.08984125494552597
22730,10259.36,2721,468,241,3.7555531914893616,ALARM CLOCK BAKELIKE IVORY,0.11543961802142826
22731,1361.95,1075,105,85,1.350943396226415,3D CHRISTMAS STAMPS STICKERS,0.015324833884792444
22732,1930.38,1522,126,102,1.3437795275590552,3D VINTAGE CHRISTMAS STICKERS,0.021720880233874695
22733,1882.31,1471,141,119,1.3340277777777778,3D TRADITIONAL CHRISTMAS STICKERS,0.021179990506027143
22734,8040.27,2839,329,278,2.89165191740413,SET OF 6 RIBBONS VINTAGE CHRISTMAS,0.09047013630374107
22735,1097.88,668,86,73,1.7409090909090907,RIBBON REEL SOCKS AND MITTENS,0.012353484801524236
22736,1807.31,1091,152,130,1.7242105263157894,RIBBON REEL MAKING SNOWMEN,0.02033608100761719
22737,2073.74,1226,187,148,1.7367724867724867,RIBBON REEL CHRISTMAS PRESENT,0.0233339851097687
22738,3193.03,1991,176,147,1.6999435028248586,RIBBON REEL SNOWY VILLAGE,0.035928377942772365
22739,2676.39,1571,204,168,1.7441062801932365,RIBBON REEL CHRISTMAS SOCK BAUBLE,0.030115079232658794
22740,5475.25,6625,107,89,0.8451401869158878,POLKADOT PEN,0.06160820641558782
22741,7010.94,8328,155,107,0.8541935483870968,FUNKY DIVA PEN,0.07888798478376352
22742,1236.24,624,88,77,2.6263636363636365,MAKE YOUR OWN PLAYTIME CARD KIT,0.013910329044190912
22743,2018.8100000000002,863,148,115,2.8079865771812083,MAKE YOUR OWN FLOWERPOWER CARD KIT,0.022715905793133255
22744,1892.14,830,146,123,2.689189189189189,MAKE YOUR OWN MONSOON CARD KIT,0.021290598910952075
22745,3673.15,1780,316,216,2.1152201257861636,POPPY'S PLAYHOUSE BEDROOM,0.04133074898779351
22746,2724.6200000000003,1315,252,179,2.129130434782609,POPPY'S PLAYHOUSE LIVINGROOM,0.03065776930076963
22747,1794.6000000000001,876,169,123,2.0956140350877193,POPPY'S PLAYHOUSE BATHROOM,0.02019306647795332
22748,3916.9100000000003,1887,346,233,2.12621776504298,POPPY'S PLAYHOUSE KITCHEN,0.04407356737889231
22749,8022.76,2210,401,275,3.7540686274509807,FELTCRAFT PRINCESS CHARLOTTE DOLL,0.09027311156617895
22750,7095.69,1945,378,247,3.7669291338582678,FELTCRAFT PRINCESS LOLA DOLL,0.07984160251696677
22751,5434.85,1511,251,184,3.7944268774703556,FELTCRAFT PRINCESS OLIVIA DOLL,0.061153620499111
22752,12639.79,1651,297,188,8.403545150501671,SET 7 BABUSHKA NESTING BOXES,0.14222451785209494
22753,613.78,917,166,98,0.7711976047904191,SMALL YELLOW BABUSHKA NOTEBOOK,0.0069063302924541325
22754,1104.74,1800,194,120,0.7683505154639175,SMALL RED BABUSHKA NOTEBOOK,0.012430674390312129
22755,1010.2299999999999,1574,193,110,0.7906666666666667,SMALL PURPLE BABUSHKA NOTEBOOK,0.011367235901049134
22756,546.88,554,93,68,1.1112903225806452,LARGE YELLOW BABUSHKA NOTEBOOK,0.006153563019872456
22757,949.21,1008,113,81,1.1206194690265487,LARGE RED BABUSHKA NOTEBOOK,0.0106806311331428
22758,939.52,1120,127,85,1.115625,LARGE PURPLE BABUSHKA NOTEBOOK,0.010571598025948233
22759,8267.25,5197,319,253,1.688532110091743,SET OF 3 NOTEBOOKS IN PARCEL,0.09302414400972894
22760,3089.85,259,66,50,12.504545454545454,"TRAY, BREAKFAST IN BED",0.034767383515493175
22761,821.3,34,24,21,24.575,CHEST 7 DRAWER MA CAMPAGNE,0.00924137161392124
22762,2070.95,145,87,74,14.772988505747126,CUPBOARD 3 DRAWER MA CAMPAGNE,0.02330259167642785
22763,1855.6999999999998,190,93,76,9.903225806451612,KEY CABINET MA CAMPAGNE,0.020880571415991287
22764,74.85,3,2,2,24.95,"RUSTIC WOODEN CABINET, GLASS DOORS",0.0008422216794131314
22765,257.37,25,3,3,13.263333333333334,NEWSPAPER STAND,0.0028959598347435894
22766,9277.28,3176,454,278,2.955098468271335,PHOTO FRAME CORNICE,0.104389129485449
22767,6932.83,761,208,152,9.849230769230768,TRIPLE PHOTO FRAME CORNICE,0.07800908117148618
22768,7636.889999999999,836,233,184,9.909401709401708,FAMILY PHOTO FRAME CORNICE,0.08593125345749297
22769,137.7,6,3,3,23.95,CHALKBOARD KITCHEN ORGANISER,0.0015494178390806706
22770,1223.25,83,55,44,14.909999999999998,MIRROR CORNICE,0.013764163919066309
22771,6803.17,5657,321,168,1.2447400611620794,CLEAR DRAWER KNOB ACRYLIC EDWARDIAN,0.07655013043063505
22772,3831.72,3269,170,84,1.2471345029239767,PINK DRAWER KNOB ACRYLIC EDWARDIAN,0.043114998709965054
22773,2227.52,1840,145,82,1.2489261744966442,GREEN DRAWER KNOB ACRYLIC EDWARDIAN,0.025064337145308466
22774,2292.27,1983,97,56,1.238673469387755,RED DRAWER KNOB ACRYLIC EDWARDIAN,0.025792912345602388
22775,3017.37,2492,145,79,1.25751677852349,PURPLE DRAWERKNOB ACRYLIC EDWARDIAN,0.0339518293762298
22776,10560.65,1115,449,327,9.859777777777778,SWEETHEART CAKESTAND 3 TIER,0.11882977125844071
22777,2598.4500000000003,331,42,37,8.338095238095239,GLASS CLOCHE LARGE,0.029238088481911177
22778,2743.75,757,107,80,3.87,GLASS CLOCHE SMALL,0.030873022483497388
22779,5768.6,1532,147,88,4.18261744966443,WOODEN OWLS LIGHT GARLAND,0.06490901776703528
22780,5018.84,1340,130,82,4.1843939393939396,LIGHT GARLAND BUTTERFILES PINK,0.05647262329333067
22781,3909.1400000000003,532,160,118,7.702687500000001,GUMBALL MAGAZINE RACK,0.043986138354857034
22782,3399.95,241,74,65,19.355405405405406,SET 3 WICKER STORAGE BASKETS,0.03825666798825219
22783,5922.12,462,32,29,13.858125,SET 3 WICKER OVAL BASKETS W LIDS,0.06663644424964722
22784,5676.87,1205,259,192,4.981178707224334,LANTERN CREAM GAZEBO,0.06387686018984667
22785,797.44,212,54,48,6.388148148148148,SQUARECUSHION COVER PINK UNION JACK,0.008972895872160422
22786,576.64,108,37,31,5.934864864864865,CUSHION COVER PINK UNION JACK,0.0064884263088415255
22788,1734.05,205,46,33,9.81804347826087,BROCANTE COAT RACK,0.01951175020957035
22789,1574.6399999999999,822,126,101,1.9896850393700787,T-LIGHT HOLDER SWEETHEART HANGING,0.01771804870101661
22791,8288.890000000001,7264,260,184,1.23360153256705,T-LIGHT GLASS FLUTED ANTIQUE,0.09326764003033684
22792,1867.9099999999999,2289,128,100,0.865234375,FLUTED ANTIQUE CANDLE HOLDER,0.02101795988233243
22794,2373.0,300,157,114,7.94235668789809,SWEETHEART WIRE MAGAZINE RACK,0.02670129652969086
22795,7077.900000000001,1098,287,170,6.686551724137931,SWEETHEART RECIPE BOOK STAND,0.07964142718394393
22796,5357.549999999999,552,212,146,9.895794392523364,PHOTO FRAME 3 CLASSIC HANGING,0.06028383110941646
22797,2459.04,146,79,63,17.080886075949365,CHEST OF DRAWERS GINGHAM HEART,0.027669429506266757
22798,4684.06,1642,188,126,2.9761702127659575,ANTIQUE GLASS DRESSING TABLE POT,0.05270563633496156
22799,1489.3,197,79,70,8.127215189873418,SWEETHEART WIRE FRUIT BOWL,0.01675779221309254
22800,2813.38,764,138,109,3.7959420289855075,ANTIQUE TALL SWIRLGLASS TRINKET POT,0.031656508061821194
22801,3212.1,887,159,123,3.764601226993865,ANTIQUE GLASS PEDESTAL BOWL,0.0361429559979014
22802,1035.75,65,34,30,18.008823529411764,FAUX FUR CHOCOLATE THROW,0.011654390173041429
22803,1715.9,46,25,18,38.102000000000004,IVORY EMBROIDERED QUILT,0.019307524110955144
22804,7215.46,2858,409,252,2.980096618357488,CANDLEHOLDER PINK HANGING HEART,0.08118926972529424
22805,1906.68,1560,122,77,1.2453278688524592,BLUE DRAWER KNOB ACRYLIC EDWARDIAN,0.02145420483237715
22806,595.6500000000001,243,28,28,2.632142857142857,SET OF 6 T-LIGHTS WEDDING CAKE,0.006702329236371836
22807,1786.1900000000003,669,107,74,2.79348623853211,SET OF 6 T-LIGHTS TOADSTOOLS,0.020098436092864953
22808,899.8000000000002,320,54,51,2.855555555555556,SET OF 6 T-LIGHTS EASTER CHICKS,0.010124663555590326
22809,3476.36,1184,173,141,3.128742857142857,SET OF 6 T-LIGHTS SANTA,0.03911644298523225
22810,2768.48,900,137,106,3.1647826086956523,SET OF 6 T-LIGHTS SNOWMEN,0.03115128757543976
22811,1987.9299999999998,775,55,37,3.0098214285714286,SET OF 6 T-LIGHTS CACTI,0.02236844012232126
22812,2962.8199999999997,1570,122,98,2.1433333333333335,PACK 3 BOXES CHRISTMAS PANNETONE,0.033338025867719626
22813,4203.33,2265,154,116,2.0618181818181816,PACK 3 BOXES BIRD PANNETONE,0.04729640149268668
22814,628.74,1569,95,75,0.4168421052631579,CARD PARTY GAMES,0.007074662107070305
22815,742.2,1798,113,79,0.4184070796460177,CARD PSYCHEDELIC APPLES,0.008351328396264878
22816,1405.08,3402,176,158,0.41830508474576267,CARD MOTORBIKE SANTA,0.01581013810701139
22817,763.08,1858,126,79,0.4180952380952381,CARD SUKI BIRTHDAY,0.00858627280062221
22818,1309.32,3138,162,151,0.4192592592592593,CARD CHRISTMAS VILLAGE,0.014732634459441568
22819,758.88,1848,126,94,0.41857142857142854,"BIRTHDAY CARD, RETRO SPOT",0.008539013868711252
22820,494.83000000000004,761,45,42,0.653913043478261,GIFT BAG BIRTHDAY,0.00556788982797595
22821,534.6600000000001,822,66,52,0.6554545454545454,GIFT BAG PSYCHEDELIC APPLES,0.006016062032264862
22822,2396.71,416,144,121,5.9465972222222225,CREAM WALL PLANTER HEART SHAPED,0.02696808445245486
22823,2745.0,24,13,13,118.07692307692308,CHEST NATURAL WOOD 20 DRAWERS,0.030887087641804218
22824,1938.2500000000002,55,43,42,35.67093023255814,3 TIER SWEETHEART GARDEN SHELF,0.021809434470574512
22825,544.5,70,25,23,7.902,DECORATIVE PLANT POT WITH FRIEZE,0.006126782958456247
22826,6210.0,58,41,33,114.02439024390245,LOVE SEAT ANTIQUE WHITE METAL,0.06987570646834397
22827,5415.0,35,26,21,158.07692307692307,RUSTIC  SEVENTEEN DRAWER SIDEBOARD,0.060930265785198494
22828,1530.0,10,7,7,156.42857142857142,REGENCY MIRROR WITH SHUTTERS,0.017215753767563007
22829,2046.85,213,97,80,9.860309278350515,SWEETHEART WIRE WALL TIDY,0.023031415424272117
22830,2610.29,131,6,5,21.771666666666665,UTILTY CABINET WITH HOOKS,0.02937131366139349
22831,1960.2000000000003,684,104,91,2.9462264150943396,WHITE BROCANTE SOAP DISH,0.022056418650442493
22832,1645.45,155,69,64,10.726811594202898,BROCANTE SHELF WITH HOOKS,0.018514811788782063
22833,2503.5299999999997,75,4,4,45.635000000000005,HALL CABINET WITH 3 DRAWERS,0.02817003662072354
22834,6118.43,4604,288,199,1.8825255972696247,HAND WARMER BABUSHKA DESIGN,0.06884534923141866
22835,13685.130000000001,2939,505,316,4.8586390532544375,HOT WATER BOTTLE I AM SO POORLY,0.1539868159196664
22837,4474.55,991,134,108,4.62037037037037,HOT WATER BOTTLE BABUSHKA,0.05034820328146997
22838,8737.78,652,136,115,14.75470588235294,3 TIER CAKE TIN RED AND CREAM,0.09831860716022008
22839,4924.66,362,136,107,14.93992700729927,3 TIER CAKE TIN GREEN AND CREAM,0.05541289800586068
22840,6576.88,888,250,193,7.92104,ROUND CAKE TIN VINTAGE RED,0.07400388669203255
22841,3887.53,515,199,156,7.958844221105528,ROUND CAKE TIN VINTAGE GREEN,0.04374297989804852
22842,3609.8,572,146,120,6.640410958904109,BISCUIT TIN VINTAGE RED,0.04061792676480324
22843,2685.13,433,114,92,6.693684210526317,BISCUIT TIN VINTAGE GREEN,0.030213422819540172
22844,6753.85,823,292,176,8.53778156996587,VINTAGE CREAM DOG FOOD CONTAINER,0.07599517554448068
22845,4201.74,703,235,155,6.380550847457627,VINTAGE CREAM CAT FOOD CONTAINER,0.047278510611320386
22846,9597.31,626,249,158,16.34538152610442,BREAD BIN DINER STYLE RED,0.10799014757579747
22847,13191.689999999999,851,342,214,16.523333333333333,BREAD BIN DINER STYLE IVORY,0.1484345665477276
22848,4581.4,301,111,68,16.20882882882883,BREAD BIN DINER STYLE PINK,0.051550493013538014
22849,4672.46,306,119,79,16.24983193277311,BREAD BIN DINER STYLE MINT,0.052575111665874155
22851,2141.43,2601,286,198,0.863448275862069,SET 20 NAPKINS FAIRY CAKES DESIGN,0.024095641562400294
22852,1507.92,354,108,83,4.248796296296296,DOG BOWL VINTAGE CREAM,0.01696730681123112
22853,1396.95,431,101,76,3.247029702970297,CAT BOWL VINTAGE CREAM,0.015718658317383755
22854,3547.3,750,147,123,4.917114093959731,CREAM SWEETHEART EGG HOLDER,0.03991466884946161
22855,2982.02,2506,179,152,1.2351396648044692,FINE WICKER HEART,0.03355406669931258
22856,650.28,564,22,21,1.2413636363636362,ASSORTED EASTER DECORATIONS  BELLS,0.007317032915013642
22857,933.26,1142,58,56,0.8455172413793103,ASSORTED EASTER GIFT TAGS,0.010501159713147617
22858,1713.8999999999999,1078,110,103,1.6445945945945943,EASTER TIN KEEPSAKE,0.019285019857664207
22859,1822.7999999999997,1144,127,111,1.6453488372093024,EASTER TIN BUNNY BOUQUET,0.020510376449355456
22860,923.9999999999999,560,85,82,1.65,EASTER TIN CHICKS PINK DAISY,0.0103969650204106
22861,481.79999999999995,292,38,36,1.65,EASTER TIN CHICKS IN GARDEN,0.005421274617785527
22862,590.75,139,45,42,4.25,LOVE HEART NAPKIN BOX,0.00664719381580905
22863,1942.45,691,93,77,2.928494623655914,SOAP DISH BROCANTE,0.02185669340248547
22865,16113.730000000001,8056,572,375,2.1128938356164384,HAND WARMER OWL DESIGN,0.18131373069084517
22866,12204.660000000002,6097,471,329,2.088904958677686,HAND WARMER SCOTTY DOG DESIGN,0.1373283799848533
22867,12064.630000000001,5993,474,333,2.1101871101871104,HAND WARMER BIRD DESIGN,0.1357527446906887
22868,103.35,53,10,10,1.95,NUMBER TILE COTTAGE GARDEN 0,0.001162907288808913
22869,134.54999999999998,69,19,18,1.95,NUMBER TILE COTTAGE GARDEN 1,0.0015139736401474527
22870,128.7,66,15,14,1.95,NUMBER TILE COTTAGE GARDEN 2,0.0014481486992714765
22871,101.39999999999999,52,10,10,1.95,NUMBER TILE COTTAGE GARDEN 3,0.0011409656418502542
22872,107.25,55,13,13,1.9499999999999997,NUMBER TILE COTTAGE GARDEN 4,0.0012067905827262305
22873,91.64999999999999,47,13,12,1.9499999999999997,NUMBER TILE COTTAGE GARDEN 5,0.0010312574070569605
22874,105.3,54,11,10,1.95,NUMBER TILE COTTAGE GARDEN 6,0.0011848489357675716
22875,99.45,51,14,14,1.95,NUMBER TILE COTTAGE GARDEN 7,0.0011190239948915956
22876,101.39999999999999,52,11,11,1.95,NUMBER TILE COTTAGE GARDEN 8,0.0011409656418502542
22877,109.2,56,13,12,1.9499999999999997,NUMBER TILE COTTAGE GARDEN 9,0.0012287322296848893
22878,109.2,52,11,10,2.1,NUMBER TILE COTTAGE GARDEN No,0.0012287322296848893
22879,69.34,62,8,6,1.595,NUMBER TILE VINTAGE FONT 0,0.0007802224615966137
22880,84.94,70,11,8,1.6918181818181817,NUMBER TILE VINTAGE FONT 1,0.0009557556372658836
22881,102.49,79,13,9,1.7315384615384615,NUMBER TILE VINTAGE FONT 2,0.0011532304598938121
22882,110.28999999999999,83,20,13,1.8079999999999998,NUMBER TILE VINTAGE FONT 3,0.001240997047728447
22883,100.53999999999999,78,11,9,1.6918181818181817,NUMBER TILE VINTAGE FONT 4,0.0011312888129351535
22884,94.69,75,16,12,1.7725,NUMBER TILE VINTAGE FONT 5,0.0010654638720591773
22885,102.49,79,12,10,1.7133333333333332,NUMBER TILE VINTAGE FONT 6,0.0011532304598938121
22886,92.74,74,13,8,1.7315384615384615,NUMBER TILE VINTAGE FONT 7,0.0010435222251005184
22887,77.14,66,11,8,1.6918181818181817,NUMBER TILE VINTAGE FONT 8,0.0008679890494312488
22888,71.28999999999999,63,8,7,1.595,NUMBER TILE VINTAGE FONT 9,0.0008021641085552724
22889,156.18,143,7,6,1.7242857142857144,NUMBER TILE VINTAGE FONT No,0.0017573571394888829
22890,3445.4199999999996,360,143,94,10.00847222222222,NOVELTY BISCUITS CAKE STAND 3 TIER,0.03876830218682152
22891,1502.01,341,104,69,4.628846153846154,TEA FOR ONE POLKADOT,0.016900806742756413
22892,3000.35,2455,196,117,1.2451530612244899,SET OF SALT AND PEPPER TOADSTOOLS,0.03376031818072397
22893,591.84,1464,65,45,0.41727272727272724,MINI CAKE STAND T-LIGHT HOLDER,0.006659458633852609
22894,2821.95,291,109,82,9.696363636363635,TABLECLOTH RED APPLES DESIGN,0.03175293878717283
22895,5839.59,1975,238,163,3.1868333333333334,SET OF 2 TEA TOWELS APPLE AND PEARS,0.06570780623759692
22896,3546.37,1490,221,144,2.5926457399103136,PEG BAG APPLES DESIGN,0.03990420437168132
22897,1847.76,1296,172,135,1.549421965317919,OVEN MITT APPLES DESIGN,0.02079122953042629
22898,4097.45,2189,277,201,1.946774193548387,CHILDRENS APRON APPLES DESIGN,0.046105026323464735
22899,3984.78,1981,259,190,2.1264367816091956,CHILDREN'S APRON DOLLY GIRL,0.044837249214320085
22900,13030.7,4568,368,194,3.122936507936508,SET 2 TEA TOWELS I LOVE LONDON,0.14662308667907406
22902,2289.78,1204,94,71,2.052021276595745,TOTE BAG I LOVE LONDON,0.02576489455025518
22903,427.43,153,32,21,2.7590625,CALENDAR FAMILY FAVOURITES,0.0048094964920715405
22904,5060.84,1764,234,162,2.977510548523207,CALENDAR PAPER CUT DESIGN,0.05694521261244025
22905,1222.54,477,67,50,2.7483823529411766,CALENDAR IN SEASON DESIGN,0.013756174909148027
22906,2578.6499999999996,1621,187,150,1.6417525773195876,12 MESSAGE CARDS WITH ENVELOPES,0.029015296374330944
22907,4954.42,6088,533,357,0.8506498194945848,PACK OF 20 NAPKINS PANTRY DESIGN,0.05574776129482975
22908,3326.39,4229,313,212,0.84778125,PACK OF 20 NAPKINS RED APPLES,0.03742896155221171
22909,6520.91,8111,489,368,0.8453585657370518,SET OF 20 VINTAGE CHRISTMAS NAPKINS,0.07337410516368582
22910,25639.77,9423,697,470,2.9364022662889515,PAPER CHAIN KIT VINTAGE CHRISTMAS,0.2885019392006203
22911,1243.99,437,81,68,2.975185185185185,PAPER CHAIN KIT LONDON,0.013997533025693272
22912,1222.74,270,90,74,4.9326373626373625,YELLOW COAT RACK PARIS FASHION,0.013758425334477119
22913,1479.69,327,95,78,4.926,RED COAT RACK PARIS FASHION,0.016649659276029613
22914,1974.69,427,134,106,4.933111111111112,BLUE COAT RACK PARIS FASHION,0.022219461965535293
22915,1104.36,2928,133,110,0.39932835820895524,ASSORTED BOTTLE TOP  MAGNETS,0.01242639858218685
22916,1168.4,1816,186,130,0.649476439790576,HERB MARKER THYME,0.013146984772562497
22917,1191.15,1851,190,132,0.649476439790576,HERB MARKER ROSEMARY,0.013402970653746848
22918,1119.15,1771,187,130,0.6489473684210527,HERB MARKER PARSLEY,0.012592817535273297
22919,1070.25,1665,191,132,0.6494845360824743,HERB MARKER MINT,0.012042588542310006
22920,1997.7500000000002,3325,188,133,0.6489473684210527,HERB MARKER BASIL,0.022478936005979742
22921,1055.95,1643,166,116,0.6494011976047904,HERB MARKER CHIVES,0.011881683131279843
22922,1226.3999999999999,1482,88,73,0.8563636363636363,FRIDGE MAGNETS US DINER ASSORTED,0.013799608117999525
22923,1031.85,1269,75,64,0.8448,FRIDGE MAGNETS LES ENFANTS ASSORTED,0.011610506879124112
22924,963.3,1170,74,63,0.8464864864864865,FRIDGE MAGNETS LA VIE EN ROSE,0.010839173597577415
22925,2511.7200000000003,426,162,125,5.9838036809815955,BLUE GIANT GARDEN THERMOMETER,0.028262191537949913
22926,3295.7000000000003,566,182,140,5.939071038251367,IVORY GIANT GARDEN THERMOMETER,0.03708363378546236
22927,2278.25,395,129,94,5.934496124031008,GREEN GIANT GARDEN THERMOMETER,0.025635157530032954
22928,1535.5700000000002,251,88,62,6.382499999999999,YELLOW GIANT GARDEN THERMOMETER,0.017278428112978257
22929,1199.75,19,13,13,63.91538461538461,SCHOOL DESK AND CHAIR,0.013499738942897854
22930,2513.12,1040,145,120,2.5655479452054792,BAKING MOULD HEART MILK CHOCOLATE,0.028277944515253558
22931,1873.51,792,110,95,2.5514414414414412,BAKING MOULD HEART WHITE CHOCOLATE,0.02108097179154704
22932,1950.9,872,64,51,2.5007812499999997,BAKING MOULD TOFFEE CUP CHOCOLATE,0.021951773872639656
22933,2272.2000000000003,876,91,82,2.922826086956522,BAKING MOULD EASTER EGG MILK CHOC,0.02556708216382789
22934,1527.2,560,69,65,2.9152173913043478,BAKING MOULD EASTER EGG WHITE CHOC,0.017184247812955702
22935,1964.25,673,52,46,3.1634615384615383,BAKING MOULD ROSE MILK CHOCOLATE,0.022101989763356627
22936,766.88,258,33,30,3.3037142857142854,BAKING MOULD ROSE WHITE CHOCOLATE,0.00862903088187498
22937,2420.0899999999997,939,136,122,2.6128776978417267,BAKING MOULD CHOCOLATE CUPCAKES,0.027231159173425855
22938,4355.33,2321,170,160,1.9417441860465117,CUPCAKE LACE PAPER SET 6,0.049006724742797506
22939,2178.58,446,102,77,5.279803921568627,APRON APPLE DELIGHT,0.024513658067279356
22940,7658.93,1881,302,240,4.353571428571429,FELTCRAFT CHRISTMAS FAIRY,0.08617925032875906
22941,12133.0,1570,253,205,8.447233201581028,CHRISTMAS LIGHTS 10 REINDEER,0.1365220525894392
22942,4100.25,580,131,111,7.437786259541985,CHRISTMAS LIGHTS 10 SANTAS,0.046136532278072045
22943,5939.280000000001,1274,159,128,4.97062893081761,CHRISTMAS LIGHTS 10 VINTAGE BAUBLES,0.06682953074288342
22944,1125.94,2704,57,50,0.519,CHRISTMAS METAL POSTCARD WITH BELLS,0.012669219475196012
22945,2395.93,2857,136,118,0.8922302158273381,CHRISTMAS METAL TAGS ASSORTED,0.026959307793671398
22946,5323.05,369,89,64,16.319444444444443,WOODEN ADVENT CALENDAR CREAM,0.0598956327401479
22947,5047.6,536,104,81,10.323076923076922,WOODEN ADVENT CALENDAR RED,0.05679623445565428
22948,1284.86,1454,98,69,0.9241346153846154,METAL DECORATION NAUGHTY CHILDREN,0.014457407441693469
22949,1355.75,935,86,81,1.45,36 DOILIES DOLLY GIRL,0.015255070699590555
22950,7043.95,5179,166,156,1.4367469879518073,36 DOILIES VINTAGE CHRISTMAS,0.07925941748433035
22951,3735.61,7211,354,237,0.5632033426183845,60 CAKE CASES DOLLY GIRL DESIGN,0.04203355681806932
22952,7418.400000000001,14736,467,343,0.5424166666666667,60 CAKE CASES VINTAGE CHRISTMAS,0.08347277630672512
22953,578.63,460,82,61,1.2791566265060241,BIRTHDAY PARTY CORDON BARRIER TAPE,0.006510818040866001
22954,200.0,160,28,20,1.25,HEN PARTY CORDON BARRIER TAPE,0.002250425329093204
22955,1912.3400000000001,997,106,91,2.0110185185185183,36 FOIL STAR CAKE CASES,0.021517891869190488
22956,3814.3700000000003,1998,170,144,2.0497109826589597,36 FOIL HEART CAKE CASES,0.04291977431266622
22957,4872.3,1746,196,179,2.92979797979798,SET 3 PAPER VINTAGE CHICK PAPER EGG,0.05482373665470408
22959,2003.92,4876,140,133,0.4184285714285714,WRAP CHRISTMAS VILLAGE,0.022548361627382264
22960,32616.22,8140,878,573,4.18311717861206,JAM MAKING SET WITH JARS,0.3670018381363817
22961,21147.55,15039,868,537,1.4717126436781607,JAM MAKING SET PRINTED,0.23795491084132486
22962,2947.47,3675,246,180,0.8457723577235773,JAM JAR WITH PINK LID,0.03316530572371172
22963,2451.16,3070,210,165,0.845047619047619,JAM JAR WITH GREEN LID,0.027580762748300482
22964,5026.240000000001,2510,296,216,2.134046822742475,3 PIECE SPACEBOY COOKIE CUTTER SET,0.05655588903050713
22965,2722.2200000000003,1316,206,171,2.1257971014492756,3 TRADITIONAl BISCUIT CUTTERS  SET,0.030630764196820506
22966,8615.130000000001,7196,554,388,1.2614159292035398,GINGERBREAD MAN COOKIE CUTTER,0.09693853382715367
22967,3224.65,1159,131,122,2.9286259541984734,SET 3 SONG BIRD PAPER EGGS ASSORTED,0.036284170187302
22968,6565.0,728,144,118,9.718402777777776,ROSE COTTAGE KEEPSAKE BOX,0.07387021142748441
22969,17504.2,12080,518,429,1.4507335907335908,HOMEMADE JAM SCENTED CANDLES,0.1969594752275663
22970,9582.15,4213,276,180,2.4917266187050355,LONDON BUS COFFEE MUG,0.10781956533585221
22971,5603.57,2365,233,164,2.5219574468085106,QUEENS GUARD COFFEE MUG,0.06305207930673402
22972,2785.7599999999998,1712,180,139,1.6535359116022097,CHILDREN'S SPACEBOY MUG,0.03134572432387341
22973,1914.5799999999997,1186,110,81,1.6723423423423422,CHILDREN'S CIRCUS PARADE MUG,0.021543096632876325
22974,2443.14,1514,157,126,1.6864556962025314,CHILDRENS DOLLY GIRL MUG,0.027490520692603847
22975,1405.97,1118,142,110,1.2752083333333333,SPACEBOY CHILDRENS EGG CUP,0.01582015249972586
22976,1282.34,1022,112,77,1.26070796460177,CIRCUS PARADE CHILDRENS EGG CUP,0.014429052082546892
22977,1131.21,904,111,98,1.2608035714285715,DOLLY GIRL CHILDRENS EGG CUP,0.012728518182617615
22978,9180.529999999999,2406,197,153,3.752284263959391,PANTRY ROLLING PIN,0.10330048623250013
22979,5785.71,3913,304,225,1.4965686274509804,PANTRY WASHING UP BRUSH,0.0651015416539392
22980,3656.9399999999996,2286,242,198,1.674590163934426,PANTRY SCRUBBING BRUSH,0.04114835201487049
22981,601.9499999999999,435,72,58,1.4473333333333334,PANTRY APPLE CORER,0.006773217634238269
22982,1307.05,1044,146,120,1.3150000000000002,PANTRY PASTRY BRUSH,0.014707092131956359
22983,2067.75,5026,332,223,0.42737951807228913,CARD BILLBOARD FONT,0.02326658487116236
22984,1063.66,2654,140,91,0.42157142857142854,CARD GINGHAM ROSE,0.011968437027716387
22985,1487.0,3750,96,77,0.4183333333333333,WRAP BILLBOARD FONTS DESIGN,0.01673191232180797
22986,1710.42,4101,154,124,0.41961038961038966,WRAP GINGHAM ROSE,0.01924586245693799
22987,42.0,100,4,4,0.42,WRAP SUMMER ROSE DESIGN,0.0004725893191095728
22988,10070.220000000001,8757,327,197,1.2576060606060606,SOLDIERS EGG CUP,0.11331139078770483
22989,8310.17,2693,311,241,3.2294637223974765,SET 2 PANTRY DESIGN TEA TOWELS,0.09350708528535234
22990,2670.54,602,140,117,4.760140845070423,COTTON APRON PANTRY DESIGN,0.030049254291782825
22991,6816.84,3708,234,185,2.0506694560669456,GIRAFFE WOODEN RULER,0.07670394700187858
22992,8944.439999999999,4914,285,217,1.9620819112627985,REVOLVER WOODEN RULER,0.10064397165277207
22993,14151.42,11769,866,431,1.2570034052213395,SET OF 4 PANTRY JELLY MOULDS,0.15923357005318073
22994,882.24,2104,160,89,0.4196273291925466,TRAVEL CARD WALLET RETROSPOT,0.00992707621169594
22995,932.88,2228,183,90,0.4193513513513513,TRAVEL CARD WALLET SUKI,0.01049688390502234
22996,1875.12,4540,292,155,0.4193959731543624,TRAVEL CARD WALLET VINTAGE TICKET,0.02109908771544624
22997,1038.9,2477,181,101,0.41967032967032963,TRAVEL CARD WALLET UNION JACK,0.011689834371974647
22998,4641.32,11645,437,217,0.42781818181818176,TRAVEL CARD WALLET KEEP CALM,0.05222472044213433
22999,1178.34,2809,185,108,0.41968085106382974,TRAVEL CARD WALLET VINTAGE LEAF,0.013258830911418428
23000,1274.76,3042,205,125,0.41970873786407764,TRAVEL CARD WALLET TRANSPORT,0.014343760962574264
23002,860.4,2052,140,85,0.41957746478873237,TRAVEL CARD WALLET SKULLS,0.009681329765758962
23003,225.78,541,52,38,0.41886792452830185,TRAVEL CARD WALLET VINTAGE ROSE,0.0025405051540133175
23004,779.9,1853,123,73,0.42976190476190473,TRAVEL CARD WALLET PANTRY,0.008775533570798947
23005,1767.72,4346,175,105,0.4193258426966292,TRAVEL CARD WALLET I LOVE LONDON,0.019890609313723193
23006,709.62,1693,130,88,0.4195384615384615,TRAVEL CARD WALLET FLOWER MEADOW,0.007984734110155597
23007,7048.549999999999,449,142,110,16.513380281690143,SPACEBOY BABY GIFT SET,0.0793111772668995
23008,6534.049999999999,419,120,99,16.416666666666668,DOLLY GIRL BABY GIFT SET,0.07352195810780723
23009,3262.5499999999997,209,61,48,16.425409836065572,I LOVE LONDON BABY GIFT SET,0.036710625787165156
23010,4444.75,285,89,73,16.47808988764045,CIRCUS PARADE BABY GIFT SET,0.05001288990743508
23012,3763.6400000000003,1014,198,151,3.8817000000000004,GLASS APOTHECARY BOTTLE PERFUME,0.042348953927941725
23013,3211.09,865,180,135,3.885580110497238,GLASS APOTHECARY BOTTLE TONIC,0.03613159134998948
23014,2951.78,798,160,122,3.9079012345679014,GLASS APOTHECARY BOTTLE ELIXIR,0.03321380238955369
23015,297.0,36,15,15,8.25,CORDIAL GLASS JUG,0.0033418816137034076
23016,512.85,69,19,19,7.723684210526316,GLASS TWIST BON BON JAR,0.005770653150127248
23017,751.4000000000001,64,21,20,12.178571428571429,APOTHECARY MEASURING JAR,0.008454847961403169
23018,587.2,50,20,19,12.2975,LARGE APOTHECARY MEASURING JAR,0.006607248766217647
23019,629.0500000000001,81,28,26,8.078571428571427,SMALL APOTHECARY MEASURING JAR,0.007078150266330399
23020,2092.0,176,72,67,12.33125,GLASS  SONGBIRD STORAGE JAR,0.02353944894231491
23021,475.95000000000005,117,25,24,4.134,GLASS BONNE JAM JAR,0.005355449676909552
23022,795.6800000000001,416,21,19,2.0295652173913044,SMALL BONNE JAM JAR  T-LIGHT HOLDER,0.008953092129264402
23023,411.43999999999994,260,23,23,1.7039130434782608,RIDGED BONNE JAM JAR T-LIGHT HOLDER,0.0046295749870105376
23024,662.0600000000001,254,10,8,2.73,LARGE BONNE JAM JAR  T-LIGHT HOLDER,0.007449582966897233
23025,669.61,317,46,40,2.1245652173913046,DRAWER KNOB VINTAGE GLASS BALL,0.007534536523070501
23026,1016.97,503,53,43,2.106727272727273,DRAWER KNOB VINTAGE GLASS STAR,0.011443075234639577
23027,596.96,287,27,26,2.08,DRAWER KNOB VINTAGE GLASS HEXAGON,0.006717069522277394
23028,1990.2899999999997,1241,114,88,1.6590434782608694,DRAWER KNOB CRACKLE GLAZE BLUE,0.02239499514120456
23029,2080.2,1284,138,97,1.6471014492753622,DRAWER KNOB CRACKLE GLAZE GREEN,0.02340667384789841
23031,1987.7999999999997,1228,138,93,1.6471014492753622,DRAWER KNOB CRACKLE GLAZE PINK,0.02236697734585735
23032,3606.8999999999996,2250,182,117,1.6446236559139784,DRAWER KNOB CRACKLE GLAZE IVORY,0.04058529559753138
23033,943.75,679,59,42,1.4398305084745764,DRAWER KNOB CERAMIC RED,0.010619194521658555
23034,1314.95,935,78,57,1.4425,DRAWER KNOB CERAMIC BLACK,0.014795983932455542
23035,2915.5899999999997,2071,166,110,1.4538323353293412,DRAWER KNOB CERAMIC IVORY,0.032806587926254266
23036,227.5,182,15,14,1.25,T-LIGHT HOLDER SILVER PETIT FOUR,0.0025598588118435194
23037,315.28999999999996,193,18,17,1.7299999999999998,CANDLE HOLDER SILVER MADELINE,0.003547683010048981
23038,38.029999999999994,41,6,4,1.2299999999999998,T-LIGHT HOLDER SILVER SAUCER,0.00042791837632707265
23039,370.79999999999995,192,22,22,1.9369565217391302,T-LIGHT HOLDER SILVER HEART HANDLE,0.004172288560138799
23040,1318.5,246,36,33,5.728947368421053,PAPER LANTERN 9 POINT SNOW STAR,0.014835928982046944
23041,1079.0,260,48,46,4.15,PAPER LANTERN 9 POINT SNOW STAR,0.012141044650457834
23042,658.35,99,25,25,6.65,PAPER LANTERN 7 POINT SNOW STAR,0.007407837577042554
23043,468.75,75,19,18,6.25,PAPER LANTERN 9 POINT HOLLY STAR L,0.005274434365062196
23044,415.00000000000006,100,24,24,4.15,PAPER LANTERN 9 POINT HOLLY STAR S,0.004669632557868398
23045,481.40000000000003,116,23,22,4.15,PAPER LANTERN 5 POINT STAR MOON,0.005416773767127341
23046,2091.55,347,34,31,6.623529411764706,PAPER LANTERN 9 POINT DELUXE STAR,0.023534385485324452
23047,333.5,58,25,25,5.75,PAPER LANTERN 5 POINT SEQUIN STAR,0.003752584236262917
23048,2248.1400000000003,560,85,81,4.192500000000001,SET OF 10 LANTERNS FAIRY LIGHT STAR,0.02529635599673798
23049,3572.75,435,169,103,8.24526627218935,RECYCLED ACAPULCO MAT RED,0.04020103547258872
23050,3763.55,459,176,116,8.240909090909092,RECYCLED ACAPULCO MAT GREEN,0.04234794123654364
23051,2741.35,335,133,95,8.237969924812031,RECYCLED ACAPULCO MAT BLUE,0.03084601737954827
23052,4694.75,571,221,147,8.246380090497738,RECYCLED ACAPULCO MAT TURQUOISE,0.052825921568801594
23053,2589.9,318,129,105,8.231395348837209,RECYCLED ACAPULCO MAT PINK,0.02914188279909244
23054,2189.7,266,109,81,8.242660550458716,RECYCLED ACAPULCO MAT LAVENDER,0.02463878171557694
23055,1286.72,560,36,33,5.562894736842105,IVORY CHANDELIER T-LIGHT HOLDER,0.014478336397254037
23056,2789.66,866,37,33,6.155526315789474,FLOWERS CHANDELIER T-LIGHT HOLDER,0.031389607617790735
23057,1646.14,674,41,38,4.576585365853659,BEADED CHANDELIER T-LIGHT HOLDER,0.018522575756167434
23058,421.02000000000004,486,44,39,1.1129545454545455,CHRISTMAS HANGING SNOWFLAKE,0.004737370360274103
23060,507.52000000000004,244,39,34,2.08,HEART BEADED TRELLIS DECORATION,0.005710679315106914
23061,1177.46,946,88,76,1.2476136363636365,VINTAGE EMBOSSED HEART,0.013248929039970419
23064,3617.6000000000004,220,22,20,43.01136363636363,CINDERELLA CHANDELIER,0.04070569335263787
23065,3102.8,256,92,81,12.470652173913043,LARGE DECO JEWELLERY STAND,0.03491309855555196
23066,1963.65,245,76,69,8.228947368421052,SMALL DECO JEWELLERY STAND,0.02209523848736935
23067,1137.1000000000001,274,71,63,4.15,HANGING ENGRAVED METAL HEART,0.012794793208559412
23068,1927.2500000000002,801,130,106,2.4775757575757575,ALUMINIUM STAMPED HEART,0.021685661077474386
23069,543.75,87,31,27,6.25,EDWARDIAN PHOTO FRAME,0.006118343863472148
23070,610.0500000000001,147,33,29,4.15,EDWARDIAN HEART PHOTO FRAME,0.006864359860066545
23071,1180.1,313,17,16,10.31388888888889,MARIE ANTOINETTE TRINKET BOX GOLD,0.013278634654314447
23072,1099.0,326,22,21,10.772727272727273,MARIE ANTOINETTE TRINKET BOX SILVER,0.012366087183367154
23073,1681.5,141,59,49,12.408474576271187,GEORGIAN TRINKET BOX,0.01892045095435111
23074,444.02000000000004,221,35,32,2.0634285714285716,EMBOSSED HEART TRINKET BOX,0.004996169273119822
23075,1910.5500000000002,465,77,61,4.144805194805195,PARLOUR CERAMIC WALL HOOK,0.021497750562495106
23076,9638.16,7896,248,202,1.2449193548387096,ICE CREAM SUNDAE LIP GLOSS,0.10844979694926477
23077,11615.7,9642,308,217,1.241818181818182,DOUGHNUT LIP GLOSS,0.13070132747573965
23078,8077.31,6607,213,159,1.2450704225352112,ICE CREAM PEN LIP GLOSS,0.09088691507468913
23079,2198.6,248,104,83,8.936666666666666,TOADSTOOL BEDSIDE LIGHT,0.024738925642721586
23080,7920.78,998,221,148,8.358977777777778,RED METAL BOX TOP SECRET,0.08912561969087433
23081,3606.39,453,115,80,8.337043478260869,GREEN METAL BOX ARMY SUPPLIES,0.04057955701294219
23082,8110.68,2260,263,205,3.722639405204461,SET 6 PAPER TABLE LANTERN HEARTS,0.09126239854084833
23083,6735.88,1859,209,161,3.761132075471698,SET 6 PAPER TABLE LANTERN STARS,0.07579297482866164
23084,51251.24,27153,801,450,2.0127703523693805,RABBIT NIGHT LIGHT,0.5766854432171737
23085,3437.7000000000003,369,72,64,10.069230769230769,ANTIQUE SILVER BAUBLE LAMP,0.03868143576911853
23086,1367.79,1191,36,31,1.2325,ZINC  STAR T-LIGHT HOLDER,0.015390546304401965
23087,997.1800000000001,830,49,43,1.237142857142857,ZINC  HEART T-LIGHT HOLDER,0.011220395648325806
23088,947.18,760,57,52,1.306315789473684,ZINC HEART FLOWER T-LIGHT HOLDER,0.010657789316052503
23089,3495.2699999999995,2135,134,101,1.7758394160583941,GLASS BON BON JAR,0.039329220700098005
23090,1722.79,2129,122,96,0.8575999999999999,VINTAGE GLASS T-LIGHT HOLDER,0.0193850512635424
23091,3419.5,559,192,160,6.287616580310881,ZINC HERB GARDEN CONTAINER,0.03847664706417105
23092,3568.26,507,125,96,7.80144,LARGE ANTIQUE WHITE PHOTO FRAME,0.040150513423950575
23093,2122.67,915,123,105,2.472845528455285,SMALL PARISIENNE HEART PHOTO FRAME,0.023884551666531355
23094,1837.5,147,74,65,12.5,LE GRAND TRAY CHIC SET,0.02067578271104381
23096,1606.7299999999998,993,117,89,1.728974358974359,PETIT TRAY CHIC,0.018079129445069612
23099,858.9000000000001,132,54,46,6.584545454545455,FRENCH CARRIAGE LANTERN,0.009664451575790765
23100,2562.1,2090,213,180,1.246164383561644,SILVER BELLS TABLE DECORATION,0.028829073678348482
23101,1569.62,1942,190,175,0.8265445026178011,SILVER STARS TABLE DECORATION,0.01766156302525637
23102,995.3299999999999,1231,139,128,0.8268794326241135,SILVER HEARTS TABLE DECORATION,0.011199579214031691
23103,6442.949999999999,3931,316,231,1.6475535168195719,JINGLE BELL HEART DECORATION,0.07249688937040527
23104,1355.5,116,44,38,12.30909090909091,IVORY CAFE HANGING LAMP,0.015252257667929188
23106,769.27,283,50,49,2.772,ZINC HEARTS PLANT POT HOLDER,0.008655923464557643
23107,919.8000000000001,340,61,60,2.7391803278688527,WHITE HEARTS WIRE PLANT POT HOLDER,0.010349706088499644
23108,12972.73,2192,351,271,6.147840909090909,SET OF 10 LED DOLLY LIGHTS,0.1459708008974364
23109,6484.900000000001,2310,228,178,2.904655172413793,PACK OF SIX LED TEA LIGHTS,0.0729689160831826
23110,3673.7,662,219,157,5.713636363636364,PARISIENNE KEY CABINET,0.04133693765744851
23111,3464.8,296,124,80,12.281600000000001,PARISIENNE SEWING BOX,0.03898636840121066
23112,3437.3,471,183,134,7.453551912568306,PARISIENNE CURIO CABINET,0.038676934918460346
23113,5695.86,1138,43,39,4.92,PANTRY CHOPPING BOARD,0.06409053807484406
23114,684.0000000000001,144,41,40,4.930487804878049,VINTAGE LEAF CHOPPING BOARD,0.007696454625498758
23115,684.0,144,38,38,4.928947368421053,RED APPLES CHOPPING BOARD,0.007696454625498756
23116,317.70000000000005,70,17,17,4.902941176470589,VEGETABLE GARDEN CHOPPING BOARD,0.0035748006352645544
23117,420.75,85,39,39,4.95,POPPY FIELDS CHOPPING BOARD,0.004734332286079827
23118,5399.02,765,225,154,7.4600888888888885,PARISIENNE JEWELLERY DRAWER,0.06075045680140395
23119,1275.71,2155,116,97,0.6479310344827586,PACK OF 6 LARGE FRUIT STRAWS,0.014354450482887453
23120,644.58,1617,79,69,0.41857142857142854,PACK OF 6 SMALL FRUIT STRAWS,0.0072528957931344866
23121,958.3199999999999,2460,87,81,0.41608695652173916,PACK OF 6 COCKTAIL PARASOL STRAWS,0.010783138006882994
23122,1552.6499999999999,2091,94,89,0.8202061855670103,PARTY CHARMS 50 PIECES,0.01747061443608281
23123,705.25,899,68,64,0.8235294117647058,COCKTAIL SWORDS 50 PIECES,0.00793556231671491
23124,595.15,503,24,23,1.24125,18PC WOODEN CUTLERY SET DISPOSABLE,0.006696703173049101
23125,443.25,405,16,15,1.236875,6PC WOOD PLATE SET DISPOSABLE,0.0049875051356028125
23126,5272.280000000001,1084,271,198,5.0150549450549455,FELTCRAFT GIRL AMELIE KIT,0.05932436227035759
23127,3506.3900000000003,713,182,146,4.968695652173913,FELTCRAFT GIRL NICOLE KIT,0.03945434434839559
23128,2085.13,431,129,112,4.970697674418605,FELTCRAFT BOY JEAN-PAUL KIT,0.023462146832260562
23129,3933.1800000000003,942,165,138,4.418727272727273,HEART SHAPED HOLLY WREATH,0.04425663947941404
23130,3748.42,918,167,139,4.234790419161677,MISTLETOE HEART WREATH GREEN,0.04217769656039773
23131,3632.63,893,108,91,4.207614678899083,MISTLETOE HEART WREATH CREAM,0.040874812816119224
23132,4989.08,1008,141,115,5.735531914893618,SMALL IVORY HEART WALL ORGANISER,0.05613776000436161
23133,5142.91,759,134,94,7.992164179104478,LARGE IVORY HEART WALL ORGANISER,0.05786867464623364
23134,6414.48,1064,37,29,7.6710810810810806,LARGE ZINC HEART WALL ORGANISER,0.07217654132480886
23135,5378.8,1538,42,31,5.191190476190476,SMALL ZINC HEART WALL ORGANISER,0.06052293880063263
23136,467.05,127,44,39,3.7290909090909095,IVORY WIRE SWEETHEART LETTER TRAY,0.005255305749764904
23137,253.24,80,20,18,3.4539999999999997,ZINC WIRE SWEETHEART LETTER TRAY,0.0028494885516978145
23138,1201.8999999999999,870,75,60,1.4448051948051948,SINGLE WIRE HOOK IVORY HEART,0.013523931015185607
23139,502.38,406,22,20,1.2482608695652175,SINGLE WIRE HOOK PINK HEART,0.005652843384149218
23140,658.5400000000001,160,35,29,4.256857142857143,TRIPLE WIRE HOOK IVORY HEART,0.007409975481105193
23141,215.00000000000003,68,18,18,3.5900000000000003,TRIPLE WIRE HOOK PINK HEART,0.0024192072287751946
23142,1137.65,116,36,34,10.330555555555556,IVORY WIRE KITCHEN ORGANISER,0.012800981878214416
23143,156.8,25,12,12,7.175000000000001,ZINC WIRE KITCHEN ORGANISER,0.0017643334580090717
23144,3879.9799999999996,4894,237,180,0.8369747899159663,ZINC T-LIGHT HOLDER STARS SMALL,0.04365802634187524
23145,1919.3399999999997,2054,150,128,0.960728476821192,ZINC T-LIGHT HOLDER STAR LARGE,0.021596656755708744
23146,2526.02,778,211,151,3.2825233644859817,TRIPLE HOOK ANTIQUE IVORY ROSE,0.028423096948980073
23147,2669.95,1843,250,170,1.4492125984251967,SINGLE ANTIQUE ROSE HOOK IVORY,0.030042615537061994
23148,1752.35,2113,234,143,0.8299585062240663,MINIATURE ANTIQUE ROSE HOOK IVORY,0.01971766412718238
23149,241.53000000000003,97,19,17,2.49,ANTIQUE IVORY WIRE BOWL SMALL,0.002717726148679408
23150,346.11,139,40,33,2.49,IVORY SWEETHEART SOAP DISH,0.0038944735532622436
23151,104.41000000000001,59,19,18,1.953157894736842,ZINC SWEETHEART SOAP DISH,0.001174834543053107
23152,1998.51,541,149,108,3.7428,IVORY SWEETHEART WIRE LETTER RACK,0.022487487622230292
23153,923.63,248,78,67,3.7883333333333336,ZINC SWEETHEART WIRE LETTER RACK,0.010392801733551778
23154,4922.01,2441,214,141,2.0809589041095893,SET OF 4 JAM JAR MAGNETS,0.0553830798702502
23155,1669.3799999999999,2094,111,84,0.8220720720720721,KNICKERBOCKERGLORY MAGNET ASSORTED,0.018784075179408062
23156,3297.2200000000003,1631,184,117,2.0946236559139786,SET OF 5 MINI GROCERY MAGNETS,0.037100737017963466
23157,5031.55,2530,145,111,2.150794701986755,SET OF 6 NATIVITY MAGNETS,0.056615637822994544
23158,5117.32,2536,187,96,2.167593582887701,SET OF 5 LUCKY CAT MAGNETS,0.057580732725376164
23159,4562.7300000000005,2255,195,121,2.0822448979591837,SET OF 5 PANCAKE DAY MAGNETS,0.05134041580906717
23160,1651.8,1392,60,50,1.2289999999999999,REGENCY TEA SPOON,0.01858626279298077
23161,1896.6000000000001,1608,68,58,1.2283823529411766,REGENCY CAKE FORK,0.021340783395790854
23162,4789.24,1362,142,96,3.7471830985915493,REGENCY TEA STRAINER,0.05388913501553168
23163,3949.7000000000003,1714,134,95,2.4349253731343286,REGENCY SUGAR TONGS,0.04444252461159714
23164,2579.21,564,80,70,4.922625,REGENCY CAKE SLICE,0.029021597565252414
23165,4617.9,2950,220,167,1.6319819819819819,LARGE CERAMIC TOP STORAGE JAR,0.051961195636097524
23166,81416.73000000001,77916,195,138,1.2203030303030302,MEDIUM CERAMIC TOP STORAGE JAR,0.9161113570197128
23167,4184.179999999999,5666,177,129,0.8270652173913042,SMALL CERAMIC TOP STORAGE JAR,0.047080923267426
23168,3284.42,2849,220,140,1.228018018018018,CLASSIC CAFE SUGAR DISPENSER,0.0369567097969015
23169,5829.650000000001,1451,262,203,4.113498098859316,CLASSIC GLASS COOKIE JAR,0.06559596009874098
23170,10170.99,6563,328,224,1.657560975609756,REGENCY TEA PLATE ROSES,0.11444526758976842
23171,9184.9,5966,270,195,1.6725830258302583,REGENCY TEA PLATE GREEN,0.10334965802594083
23172,5793.28,3688,224,160,1.6405357142857142,REGENCY TEA PLATE PINK,0.06518672025264537
23173,23033.52,2662,354,248,9.70313725490196,REGENCY TEAPOT ROSES,0.25917608413087445
23174,11567.24,2954,268,190,4.126641791044777,REGENCY SUGAR BOWL GREEN,0.13015604941850034
23175,8995.0,3062,272,206,3.1948529411764706,REGENCY MILK JUG PINK,0.10121287917596684
23176,4373.26,2088,186,159,2.2636898395721925,ABC TREASURE BOOK BOX,0.04920847537355072
23177,5029.8,2428,214,174,2.241705069124424,TREASURE ISLAND BOOK BOX,0.05659594660136499
23178,838.47,309,55,50,2.8387272727272728,JAM CLOCK MAGNET,0.009434570628423893
23179,837.88,304,40,36,2.9330000000000003,CLOCK MAGNET MUM'S KITCHEN,0.009427931873703067
23180,471.90000000000003,104,36,29,4.766666666666667,MUM'S KITCHEN CLOCK,0.005309878563995415
23181,1484.25,185,69,60,8.184782608695652,BULL DOG BOTTLE TOP WALL CLOCK,0.01670096897353294
23182,2807.6899999999996,3378,254,140,0.8792635658914728,TOILET SIGN OCCUPIED OR VACANT,0.031592483461208486
23183,690.71,178,58,45,4.056610169491526,MOTHER'S KITCHEN SPOON REST,0.007771956395289834
23184,3749.5,778,197,129,5.097939698492462,BULL DOG BOTTLE OPENER,0.04218984885717483
23185,114.85,317,30,27,0.3516129032258064,FRENCH STYLE STORAGE JAR JAM,0.0012923067452317721
23186,819.4599999999999,1982,70,57,0.3409859154929577,FRENCH STYLE STORAGE JAR CAFE,0.009220667700893583
23187,695.06,2338,74,66,0.3154666666666667,FRENCH STYLE STORAGE JAR BONBONS,0.00782090314619761
23188,5100.16,3096,282,207,1.705944055944056,VINTAGE  2 METER FOLDING RULER,0.05738764623213997
23189,3319.35,1215,113,89,2.858421052631579,SET OF 12 FORK CANDLES,0.037349746580627625
23190,2691.14,1678,179,145,1.6513333333333333,BUNDLE OF 3 SCHOOL EXERCISE BOOKS,0.03028104810067942
23191,3492.3499999999995,2159,245,182,1.6754980079681272,BUNDLE OF 3 RETRO NOTE BOOKS,0.039296364490293244
23192,5197.169999999999,3269,312,224,1.6541509433962263,BUNDLE OF 3 ALPHABET EXERCISE BOOKS,0.05847921503801662
23193,3750.57,1847,137,109,2.265912408759124,BUFFALO BILL TREASURE BOOK BOX,0.04220188863268549
23194,3679.67,1750,170,142,2.249884393063584,GYMKHANA TREASURE BOOK BOX,0.04140411285352195
23196,2479.0,1756,233,170,1.444142259414226,VINTAGE LEAF MAGNETIC NOTEPAD,0.02789402195411026
23197,1950.74,1354,183,116,1.5423913043478261,SKETCHBOOK MAGNETIC SHOPPING LIST,0.021949973532376384
23198,4341.19,3063,374,259,1.4806544502617802,PANTRY MAGNETIC  SHOPPING LIST,0.04884761967203062
23199,26426.3,13875,718,344,2.0620027624309394,JUMBO BAG APPLES,0.29735207437107863
23200,13034.92,6729,470,262,2.0720718816067656,JUMBO BAG PEARS,0.1466705706535179
23201,24160.44,12533,752,396,2.0582430647291945,JUMBO BAG ALPHABET,0.271856330690183
23202,20921.55,10695,772,377,2.078562259306804,JUMBO BAG VINTAGE LEAF,0.23541193021944956
23203,37646.94,19498,1080,505,2.055206232813932,JUMBO BAG VINTAGE DOILY,0.4236081366942605
23204,5632.15,7039,425,199,0.8429976580796252,CHARLOTTE BAG APPLES DESIGN,0.06337366508626144
23205,4105.0199999999995,5150,345,201,0.8518731988472622,CHARLOTTE BAG VINTAGE ALPHABET,0.04619020492217091
23206,18220.5,11530,866,401,1.6413439635535307,LUNCH BAG APPLE DESIGN,0.20501937354371358
23207,11994.41,7533,647,377,1.652969696969697,LUNCH BAG ALPHABET DESIGN,0.13496262035764406
23208,9950.35,6191,597,305,1.6450331125827813,LUNCH BAG VINTAGE LEAF DESIGN,0.1119625983667128
23209,20786.21,12985,1006,469,1.6463529411764706,LUNCH BAG VINTAGE DOILY,0.23388906739925222
23210,3311.5,2750,154,115,1.2435975609756096,WHITE ROCKING HORSE HAND PAINTED,0.03726141738646072
23211,2631.5,2206,116,82,1.2411016949152542,RED ROCKING HORSE HAND PAINTED,0.029609971267543826
23212,2577.63,2175,145,104,1.2388,HEART WREATH DECORATION WITH BELL,0.029003819205152572
23213,1921.94,1594,121,95,1.2432258064516128,STAR WREATH DECORATION WITH BELL,0.02162591228498696
23214,1624.83,772,92,79,2.1870967741935483,JINGLE BELL HEART ANTIQUE GOLD,0.01828279293735255
23215,6955.8,3544,197,162,2.14015,JINGLE BELL HEART ANTIQUE SILVER,0.07826754252053253
23216,613.51,518,40,32,1.348048780487805,LAUREL HEART ANTIQUE GOLD,0.0069032922182598565
23217,1567.0,1290,84,64,1.4022093023255815,LAUREL HEART ANTIQUE SILVER,0.01763208245344525
23218,465.81,372,33,27,1.383939393939394,LAUREL STAR ANTIQUE GOLD,0.005241353112724526
23219,504.6,404,49,41,1.3117307692307691,LAUREL STAR ANTIQUE SILVER,0.0056778231053021535
23220,774.43,929,77,55,0.9106410256410257,REINDEER HEART DECORATION GOLD,0.008713984438048248
23221,1241.59,1461,110,85,0.9132456140350877,REINDEER HEART DECORATION SILVER,0.013970527921744155
23222,690.64,776,64,49,0.9616666666666667,CHRISTMAS TREE HANGING GOLD,0.007771168746424651
23223,670.1099999999999,745,67,51,0.9460294117647059,CHRISTMAS TREE HANGING SILVER,0.007540162586393233
23224,620.4499999999999,719,59,44,0.9328813559322033,CHERUB HEART DECORATION GOLD,0.006981381977179391
23225,1089.6,1296,69,46,0.9579710144927536,CHERUB HEART DECORATION SILVER,0.012260317192899772
23226,1478.59,1199,71,56,1.24125,FILIGREE HEART DAISY WHITE,0.0166372819367196
23227,1947.06,1592,87,61,1.26816091954023,FILIGREE HEART BUTTERFLY WHITE,0.021908565706321066
23228,1726.3,1397,78,58,1.3925316455696204,FILIGREE HEART BIRD WHITE,0.019424546228067986
23229,6336.43,1804,219,186,3.7842009132420094,VINTAGE DONKEY TAIL GAME,0.07129831284013025
23230,3196.5,7925,232,178,0.41732758620689653,WRAP ALPHABET DESIGN,0.03596742282223213
23231,2986.5,7225,257,190,0.4190661478599222,WRAP DOILEY DESIGN,0.03360447622668426
23232,3436.92,8526,238,188,0.417489539748954,WRAP VINTAGE LEAF DESIGN,0.038672659110335066
23233,2105.5,5175,158,130,0.41861635220125787,WRAP POPPIES  DESIGN,0.023691352652028704
23234,4567.38,1632,232,201,2.926051502145923,BISCUIT TIN VINTAGE CHRISTMAS,0.05139273819796859
23235,1895.66,726,96,88,2.7495833333333337,STORAGE TIN VINTAGE LEAF,0.021330206396744114
23236,6782.070000000001,2443,284,203,2.9339024390243904,STORAGE TIN VINTAGE DOILY,0.07631271055841572
23237,4208.05,1043,169,131,4.133431952662722,SET OF 4 KNICK KNACK TINS LEAF,0.04734951153045328
23238,7116.650000000001,1775,233,150,4.133122362869199,SET OF 4 KNICK KNACK TINS LONDON,0.08007744709145574
23239,3142.4,812,155,125,3.9050632911392404,SET OF 4 KNICK KNACK TINS POPPIES,0.03535868277071242
23240,16394.9,4094,485,323,4.132995951417005,SET OF 4 KNICK KNACK TINS DOILY,0.18447749113975084
23241,4060.0,2005,284,183,2.0751916376306623,TREASURE TIN GYMKHANA DESIGN,0.045683634180592035
23242,2886.0800000000004,1430,187,132,2.0739473684210528,TREASURE TIN BUFFALO BILL,0.032474537668946576
23243,22109.08,4658,385,275,4.887694300518135,SET OF TEA COFFEE SUGAR TINS PANTRY,0.24877416817473985
23244,1692.9099999999999,925,105,87,1.9743809523809523,ROUND STORAGE TIN VINTAGE LEAF,0.019048837719375874
23245,26566.280000000002,5844,718,472,4.932690707350902,SET OF 3 REGENCY CAKE TINS,0.298927147058911
23247,5760.52,2048,271,231,2.9715498154981552,BISCUIT TIN 50'S CHRISTMAS,0.06481810058373992
23249,1274.6999999999998,790,68,57,1.6441176470588235,VINTAGE RED ENAMEL TRIM PLATE,0.014343085834975532
23250,1358.59,1103,89,64,1.2476404494382023,VINTAGE RED TRIM ENAMEL BOWL,0.015287026739263678
23251,1955.45,1645,102,80,1.2397058823529412,VINTAGE RED ENAMEL TRIM MUG,0.022002971048876527
23252,2153.34,586,125,104,3.7426399999999997,VINTAGE RED ENAMEL TRIM JUG,0.0242296543907478
23253,3082.1,214,47,44,15.656382978723405,16 PIECE CUTLERY SET PANTRY DESIGN,0.034680179533990815
23254,6674.950000000001,1657,276,204,4.142805755395684,CHILDRENS CUTLERY DOLLY GIRL,0.07510738275215341
23255,3852.44,962,143,116,4.164965034965035,CHILDRENS CUTLERY CIRCUS PARADE,0.04334814277405911
23256,8115.4800000000005,2016,324,232,4.151646341463414,CHILDRENS CUTLERY SPACEBOY,0.09131640874874657
23263,4791.58,3717,389,269,1.3180143540669855,SET OF 3 WOODEN HEART DECORATIONS,0.05391546499188206
23264,2396.7,1842,249,177,1.3229924242424242,SET OF 3 WOODEN SLEIGH DECORATIONS,0.026967971931188404
23265,2153.71,1665,246,180,1.31984496124031,SET OF 3 WOODEN TREE DECORATIONS,0.02423381767760662
23266,2529.64,1964,274,201,1.3111301369863015,SET OF 3 WOODEN STOCKING DECORATION,0.028463829647436656
23267,1427.34,1158,91,79,1.2477659574468085,SET OF 4 SANTA PLACE SETTINGS,0.016060610446139465
23268,1980.1799999999998,1434,78,68,1.5176923076923077,SET OF 2 CERAMIC CHRISTMAS REINDEER,0.022281236140818898
23269,1065.3999999999999,748,76,63,1.4474025974025975,SET OF 2 CERAMIC CHRISTMAS TREES,0.011988015728079495
23270,1612.85,1157,118,96,1.4433884297520663,SET OF 2 CERAMIC PAINTED HEARTS,0.018147992460139865
23271,1314.33,1619,75,69,0.8367532467532467,CHRISTMAS TABLE SILVER CANDLE SPIKE,0.014789007613935352
23272,522.7399999999999,352,35,34,1.5637142857142856,TREE T-LIGHT HOLDER WILLIE WINKIE,0.005881936682650905
23273,1533.84,928,97,88,1.6793877551020406,HEART T-LIGHT HOLDER WILLIE WINKIE,0.017258961933881597
23274,1870.1099999999997,1139,98,85,1.7453535353535352,STAR T-LIGHT HOLDER WILLIE WINKIE,0.02104271456095245
23275,4291.17,3613,270,171,1.2882374100719425,SET OF 3 HANGING OWLS OLLIE BEAK,0.048284788297224414
23280,1546.08,1994,133,87,0.8339552238805971,FOLDING BUTTERFLY MIRROR HOT PINK,0.017396687964022103
23281,976.22,1270,91,56,0.8229787234042553,FOLDING BUTTERFLY MIRROR RED,0.010984551073836838
23282,612.7199999999999,753,102,67,0.8738461538461538,FOLDING BUTTERFLY MIRROR IVORY,0.006894403038209938
23283,6600.27,967,209,146,7.912870813397129,DOORMAT VINTAGE LEAF,0.07426707393427001
23284,35880.85,5338,648,378,7.91196319018405,DOORMAT KEEP CALM AND COME IN,0.40373586834696934
23285,4384.83,4679,132,108,0.8465909090909091,PINK VINTAGE SPOT BEAKER,0.049338662478838766
23286,4528.29,4901,164,125,0.8464634146341463,BLUE VINTAGE SPOT BEAKER,0.05095289256739732
23287,1445.5,1774,146,114,0.845608108108108,RED VINTAGE SPOT BEAKER,0.01626494906602113
23288,4261.889999999999,4505,134,107,0.8485925925925926,GREEN VINTAGE SPOT BEAKER,0.04795532602904516
23289,1854.8500000000001,1553,141,111,1.245774647887324,DOLLY GIRL CHILDRENS BOWL,0.020871007108342648
23290,2757.15,2367,174,125,1.2419540229885058,SPACEBOY CHILDRENS BOWL,0.031023800980546634
23291,1880.14,1548,144,104,1.2695172413793103,DOLLY GIRL CHILDRENS CUP,0.02115557339120648
23292,2486.37,2081,164,113,1.2635151515151515,SPACEBOY CHILDRENS CUP,0.02797695012748734
23293,6457.0,8228,465,323,0.8238758029978587,SET OF 12 FAIRY CAKE BAKING CASES,0.07265498174977408
23294,3336.94,4264,291,214,0.8247796610169491,SET OF 6 SNACK LOAF BAKING CASES,0.03754767148832138
23295,4670.63,5957,359,250,0.8245753424657534,SET OF 12 MINI LOAF BAKING CASES,0.052554520274112955
23296,5684.650000000001,4877,319,243,1.2395975232198142,SET OF 6 TEA TIME BAKING CASES,0.0639644017351484
23297,6677.0,4260,140,123,1.6359154929577464,SET 40 HEART SHAPE PETIT FOUR CASES,0.0751304496117766
23298,36144.25,7779,1009,573,4.9164936336924585,SPOTTY BUNTING,0.40669967850538513
23299,3556.42,980,122,110,3.7931147540983607,FOOD COVER WITH BEADS SET 2,0.04001728824446826
23300,9933.689999999999,6285,635,351,1.665467289719626,GARDENERS KNEELING PAD CUP OF TEA,0.11177513793679932
23301,12463.779999999999,7722,756,405,1.6639238845144355,GARDENERS KNEELING PAD KEEP CALM,0.14024403104122646
23302,1980.7099999999998,1473,187,140,1.5788947368421054,KNEELING MAT HOUSEWORK  DESIGN,0.022287199767940996
23303,126.75,65,6,6,1.95,SET 4 PICNIC CUTLERY FONDANT,0.0014262070523128178
23304,138.45,71,9,9,1.9500000000000002,SET 4 PICNIC CUTLERY CHERRY,0.0015578569340647702
23305,159.9,82,9,9,1.9500000000000002,SET 4 PICNIC CUTLERY BLUEBERRY,0.0017992150506100165
23306,3819.9399999999996,2692,209,182,1.4610900473933648,SET OF 36 DOILIES PANTRY DESIGN,0.04298244865808146
23307,5974.39,11661,504,366,0.5563178294573643,SET OF 60 PANTRY DESIGN CAKE CASES,0.06722459290940573
23308,3091.61,5955,305,209,0.5637820512820513,SET OF 60 VINTAGE LEAF CAKE CASES,0.0347871872583892
23309,3697.7000000000003,7670,294,178,0.5688925081433225,SET OF 60 I LOVE LONDON CAKE CASES,0.0416069886969397
23310,4894.83,11891,213,146,0.4292523364485981,BUBBLEGUM RING ASSORTED,0.055077247068026434
23311,5564.25,2199,281,246,2.545246478873239,VINTAGE CHRISTMAS STOCKING,0.0626096456870343
23312,5523.0,1364,193,168,4.139847715736041,VINTAGE CHRISTMAS GIFT SACK,0.062145495462908824
23313,12960.12,2748,359,254,4.951311475409836,VINTAGE CHRISTMAS BUNTING,0.14582891158043707
23314,4638.52,391,104,87,12.439714285714286,VINTAGE CHRISTMAS TABLECLOTH,0.05219321448752704
23315,1894.7,202,76,63,9.83157894736842,IVORY REFECTORY CLOCK,0.021319404355164464
23316,2212.25,235,95,75,9.817368421052631,RED REFECTORY CLOCK,0.0248925171714322
23317,1547.95,161,70,56,9.872857142857141,BLUE REFECTORY CLOCK,0.017417729440849124
23318,8345.43,3645,329,270,2.456955223880597,BOX OF 6 MINI VINTAGE CRACKERS,0.09390383527087148
23319,8169.4800000000005,3520,365,300,2.463619302949062,BOX OF 6 MINI 50'S CRACKERS,0.09192402358760174
23320,6907.52,2628,310,260,2.658634920634921,GIANT 50'S CHRISTMAS CRACKER,0.07772428984608944
23321,6798.099999999999,4262,582,378,1.6436241610738254,SMALL WHITE HEART OF WICKER,0.07649308214854254
23322,8137.500000000001,2892,511,350,2.947562862669246,LARGE WHITE HEART OF WICKER,0.09156418057747974
23323,2954.7000000000003,1422,270,210,2.096402877697842,WHITE WICKER STAR,0.03324665859935845
23324,770.4000000000001,381,39,38,2.068205128205128,RUSTIC STRAWBERRY JAM POT LARGE,0.008668638367667021
23325,701.4,444,30,27,1.6233333333333333,RUSTIC STRAWBERRY JAM POT SMALL,0.007892241629129864
23326,1999.5900000000001,3369,55,52,0.6192727272727273,HANGING MINI COLOURED BOTTLES,0.022499639919007396
23327,1012.0200000000001,1710,34,33,0.6185714285714285,HANGING CLEAR MINI BOTTLE,0.011387377207744522
23328,7495.29,2063,281,195,3.7212280701754383,SET 6 SCHOOL MILK BOTTLES IN CRATE,0.084337952324495
23329,2794.6499999999996,1701,215,168,1.6482758620689655,DECORATIVE WICKER HEART LARGE,0.031445755729751605
23330,2181.19,1751,195,158,1.2489603960396038,DECORATIVE WICKER HEART MEDIUM,0.024543026117824027
23331,932.2800000000001,1492,81,67,0.6290697674418605,DECORATIVE WICKER HEART SMALL,0.010490132629035061
23332,3255.7499999999995,1979,267,207,1.6485507246376812,IVORY WICKER HEART LARGE,0.036634111325975986
23333,2498.65,2009,216,179,1.2481415929203539,IVORY WICKER HEART MEDIUM,0.028115126242693668
23334,1345.5,2154,95,83,0.6284158415841584,IVORY WICKER HEART SMALL,0.015139736401474526
23335,722.5600000000001,358,81,62,2.074390243902439,EGG FRYING PAN IVORY,0.008130336628947927
23336,415.97,199,63,46,2.1120312500000002,EGG FRYING PAN PINK,0.0046805471207145
23337,351.52000000000004,169,60,49,2.08,EGG FRYING PAN MINT,0.003955347558414216
23338,820.32,405,91,62,2.0749450549450548,EGG FRYING PAN RED,0.009230344529808686
23339,312.0,150,58,43,2.08,EGG FRYING PAN BLUE,0.003510663513385398
23340,3879.45,2453,122,112,1.645121951219512,VINTAGE CHRISTMAS CAKE FRILL,0.043652062714753144
23341,2317.1,281,98,75,8.456632653061224,PINK DINER WALL CLOCK,0.02607230265020931
23342,3051.5,365,155,105,8.483548387096775,MINT DINER WALL CLOCK,0.03433586445863956
23343,9742.1,4905,385,286,2.0784223918575067,JUMBO BAG VINTAGE CHRISTMAS,0.10961934299279451
23344,17636.04,8933,586,391,2.070135135135135,JUMBO BAG 50'S CHRISTMAS,0.19844295560450453
23345,2754.5,2394,133,100,1.2437037037037038,DOLLY GIRL BEAKER,0.03099398284493615
23346,2970.75,2567,138,106,1.2439285714285715,SPACEBOY BEAKER,0.03342725523201818
23347,999.75,827,70,51,1.247605633802817,I LOVE LONDON BEAKER,0.011249313613804652
23348,1363.16,676,122,95,2.0706451612903227,CHILDRENS TOY COOKING UTENSIL SET,0.01533844895803346
23349,3450.39,2847,246,214,1.245,ROLL WRAP VINTAGE CHRISTMAS,0.0388242252562495
23350,3154.4,2584,246,205,1.2466666666666668,ROLL WRAP VINTAGE SPOT,0.03549370829045801
23351,3694.02,3054,271,242,1.2438909090909092,ROLL WRAP 50'S CHRISTMAS,0.04156558087088438
23352,1961.01,1593,162,151,1.2474233128834356,ROLL WRAP 50'S RED CHRISTMAS,0.022065532873025318
23353,3068.8199999999997,3726,253,227,0.8295719844357976,6 GIFT TAGS VINTAGE CHRISTMAS,0.03453075129213903
23354,2750.93,3343,261,235,0.8295910780669145,6 GIFT TAGS 50'S CHRISTMAS,0.03095381275281183
23355,24302.550000000003,5313,719,474,4.866142270861833,HOT WATER BOTTLE KEEP CALM,0.27345537040777024
23356,12954.75,2325,449,316,5.891176470588236,LOVE HOT WATER BOTTLE,0.14576848766035091
23357,1832.0,432,88,79,4.479213483146068,HOT WATER BOTTLE SEX BOMB,0.020613896014493746
23358,1686.15,527,67,61,3.437761194029851,HOT STUFF HOT WATER BOTTLE,0.01897277334325253
23359,1834.8,976,76,73,1.9302631578947367,SET OF 12 T-LIGHTS VINTAGE DOILY,0.02064540196910105
23360,2148.2999999999997,1146,107,94,1.941743119266055,SET 8 CANDLES VINTAGE DOILY,0.024172943672454643
23365,991.45,1529,128,107,0.649236641221374,SET 12 COLOUR PENCILS LOVE LONDON,0.011155920962647285
23366,1208.95,1919,141,115,0.6493055555555556,SET 12 COLOURING PENCILS DOILY,0.013603258508036143
23367,1803.3000000000002,2778,231,184,0.6495726495726496,SET 12 COLOUR PENCILS SPACEBOY,0.020290959979768874
23368,1396.4,2152,178,134,0.6494505494505495,SET 12 COLOUR PENCILS DOLLY GIRL,0.01571246964772875
23369,1053.29,901,95,80,1.2441836734693879,SET 36 COLOUR PENCILS LOVE LONDON,0.011851752474402902
23370,1643.8600000000001,1354,106,86,1.2464814814814815,SET 36 COLOURING PENCILS DOILY,0.01849692090741577
23371,1775.22,1498,133,98,1.2443283582089553,SET 36 COLOUR PENCILS SPACEBOY,0.019975000263564188
23372,1520.22,1294,99,76,1.2426213592233009,SET 36 COLOUR PENCILS DOLLY GIRL,0.017105707968970353
23373,1241.6599999999999,1563,88,86,0.8177272727272726,VINTAGE CHRISTMAS PAPER GIFT BAG,0.013971315570609336
23374,1944.08,2444,122,108,0.8175409836065574,RED SPOT PAPER GIFT BAG,0.021875034368917575
23375,1059.9399999999998,1317,88,85,0.8188636363636363,50'S CHRISTMAS PAPER GIFT BAG,0.01192657911659525
23376,995.4599999999999,2630,113,104,0.38940170940170943,PACK OF 12 VINTAGE CHRISTMAS TISSUE,0.0112010419904956
23377,468.0,1200,80,69,0.39,PACK OF 12 DOLLY GIRL TISSUES,0.005265995270078097
23378,1270.59,3413,144,127,0.3890728476821192,PACK OF 12 50'S CHRISTMAS TISSUES,0.014296839594462669
23379,428.01,1175,50,49,0.38862745098039214,PACK OF 12 RED APPLE TISSUES,0.004816022725525911
23380,811.77,2159,94,86,0.3892708333333334,PACK OF 12 VINTAGE DOILY TISSUES,0.00913413884698995
23381,544.62,1474,64,59,0.3889230769230769,PACK OF 12 VINTAGE LEAF TISSUES,0.006128133213653703
23382,6155.04,1712,163,136,3.710731707317073,BOX OF 6 CHRISTMAS CAKE DECORATIONS,0.06925728958790917
23388,3154.3500000000004,789,135,115,4.138148148148149,WOODLAND MINI BACKPACK,0.03549314568412574
23389,4188.45,1043,205,159,4.142270531400967,SPACEBOY MINI BACKPACK,0.04712896984820214
23390,2872.15,721,146,117,4.139261744966443,DOLLY GIRL MINI BACKPACK,0.03231779554477523
23391,1454.0,360,69,58,4.138571428571429,I LOVE LONDON MINI BACKPACK,0.01636059214250759
23392,1165.28,587,78,70,2.0726582278481014,SPACEBOY ROCKET LOLLY MAKERS,0.013111878137428644
23393,2861.25,763,201,165,3.75,HOME SWEET HOME CUSHION COVER,0.03219514736433965
23394,1470.0,392,119,90,3.75,POSTE FRANCE CUSHION COVER,0.01654062616883505
23395,2555.73,683,175,141,3.7473863636363633,BELLE JARDINIERE CUSHION COVER,0.02875739763161687
23396,2278.23,609,164,134,3.7472781065088756,LE JARDIN BOTANIQUE CUSHION COVER,0.02563493248750005
23397,4069.9,434,176,139,9.84772727272727,FOOT STOOL HOME SWEET HOME,0.04579503023438215
23398,495.83,587,57,53,0.847936507936508,HANGING HEART BONHEUR,0.005579141954621416
23399,1539.6299999999999,1815,176,146,0.8492972972972973,HOME SWEET HOME HANGING HEART,0.017324111747158845
23400,2247.36,448,95,76,6.153333333333333,SHELF WITH 4 HOOKS HOME SWEET HOME,0.025287579337954513
23401,2155.51,443,70,59,6.0931428571428565,RUSTIC MIRROR WITH LACE HEART,0.02425407150556846
23402,1027.92,280,55,47,3.7416363636363634,HOME SWEET HOME 3 PEG HANGER,0.01156628602140743
23403,1980.31,595,110,80,3.7067567567567568,LETTER HOLDER HOME SWEET HOME,0.022282698917282812
23404,4108.58,969,136,104,4.863676470588236,HOME SWEET HOME BLACKBOARD,0.04623026249302877
23405,1128.05,235,57,54,4.908620689655172,HOME SWEET HOME 2 DRAWER CABINET,0.012692961462417942
23406,2148.54,434,94,65,6.1423404255319145,HOME SWEET HOME KEY HOLDER,0.024175644182849558
23407,2426.72,248,118,103,9.925254237288135,SET OF 2 TRAYS HOME SWEET HOME,0.027305760773085296
23408,644.8000000000001,310,59,53,2.08,PHOTO FRAME LINEN AND LACE SMALL,0.00725537126099649
23409,771.72,208,41,39,3.7275609756097565,PHOTO FRAME LINEN AND LACE LARGE,0.008683491174839035
23410,290.1,36,18,16,8.027777777777779,CURIO CABINET LINEN AND LACE,0.0032642419398496926
23411,1016.5500000000001,217,46,42,4.915957446808511,TRELLIS COAT RACK,0.011438349341448483
23412,2269.14,351,71,64,7.394583333333333,HEART MIRROR ANTIQUE WHITE,0.02553265065629276
23413,743.4000000000001,156,43,34,4.894186046511629,VINTAGE COFFEE GRINDER BOX,0.008364830948239439
23414,1348.01,139,62,58,9.90290322580645,ZINC BOX SIGN HOME,0.015167979239354647
23415,405.59999999999997,326,45,42,1.3699999999999999,HOME SWEET HOME HOOK,0.004563862567401017
23416,155.06999999999996,123,18,18,1.16,CHAMBRE HOOK,0.0017448672789124153
23417,137.76,140,21,21,1.1345454545454545,BATHROOM HOOK,0.0015500929666793987
23418,1066.88,533,60,55,2.0655,LAVENDER TOILETTE BOTTLE,0.012004668875514787
23419,895.0400000000001,437,61,56,2.0752459016393443,HOME SWEET HOME BOTTLE,0.010071103432757906
23420,330.72,159,28,26,2.08,PANTRY HOOK TEA STRAINER,0.003721303324188522
23421,316.16,152,26,24,2.08,PANTRY HOOK SPATULA,0.0035574723602305367
23422,407.68,196,31,29,2.08,PANTRY HOOK BALLOON WHISK,0.004587266990823586
23423,757.5,202,51,47,3.75,PANTRY 3 HOOK ROLLING PIN HANGER,0.008523485933940509
23424,1966.95,409,103,87,4.926699029126214,GINGHAM RECIPE BOOK BOX,0.022132370505299384
23425,435.43,237,35,35,2.052857142857143,STORAGE TIN HOME SWEET HOME,0.004899513505235268
23426,3186.78,1230,171,126,2.854450867052023,METAL SIGN DROP YOUR PANTS,0.0358580521512382
23427,2635.9,227,106,87,12.30373831775701,STOOL HOME SWEET HOME,0.02965948062478388
23428,559.5,70,26,25,8.107692307692307,IVORY RETRO KITCHEN WALL CLOCK,0.006295564858138238
23429,358.6,44,20,19,8.15,RED RETRO KITCHEN WALL CLOCK,0.004035012615064114
23430,285.25,35,17,16,8.15,BLUE RETRO KITCHEN WALL CLOCK,0.003209669125619182
23431,1113.1299999999999,1427,67,63,0.8252173913043478,NATURAL HANGING QUILTED HEARTS,0.012525079732867588
23432,1045.1999999999998,1272,70,65,0.8268571428571428,PRETTY HANGING QUILTED HEARTS,0.011760722769841081
23433,1003.17,1215,82,76,0.8286585365853659,HANGING QUILTED PATCHWORK APPLES,0.011287795886932146
23434,1624.5,1782,134,129,0.9046666666666667,3 RAFFIA RIBBONS 50'S CHRISTMAS,0.018279079735559547
23435,606.28,676,44,40,0.9072727272727273,3 RAFFIA RIBBONS VINTAGE CHRISTMAS,0.0068219393426131375
23436,2251.65,1929,92,91,1.2408695652173913,VINTAGE CHRISTMAS GIFT BAG LARGE,0.025335850961263565
23437,2302.25,1909,111,108,1.248108108108108,50'S CHRISTMAS GIFT BAG LARGE,0.02590520856952414
23438,2143.5,1782,98,88,1.247857142857143,RED SPOT GIFT BAG LARGE,0.02411893346455641
23439,7574.1,3721,371,268,2.0941709844559586,HAND WARMER RED LOVE HEART,0.08522473242542417
23440,299.36,164,5,5,2.022,PAINT YOUR OWN EGGS IN CRATE,0.0033684366325867072
23441,9.24,22,3,3,0.42,HAND PAINTED HANGING EASTER EGG,0.00010396965020410602
23442,83.2,40,7,7,2.08,12 HANGING EGGS HAND PAINTED,0.0009361769369027727
23444,1200.0,79,79,63,15.189873417721518,Next Day Carriage,0.013502551974559223
23445,2131.0099999999998,2647,94,81,0.8265263157894737,ICE CREAM BUBBLES,0.023978394402754538
23446,230.24999999999997,157,3,3,1.5833333333333333,BLUE BUNNY EASTER EGG BASKET,0.0025908021601185505
23447,231.89999999999998,158,4,4,1.5999999999999999,PINK BUNNY EASTER EGG BASKET,0.0026093681690835696
23448,41.24999999999999,25,3,3,1.6499999999999997,CREAM BUNNY EASTER EGG BASKET,0.0004641502241254732
23449,15.0,12,1,1,1.25,SET OF 6 EASTER RAINBOW CHICKS,0.00016878189968199027
23451,519.0,268,44,38,1.9433333333333334,SQUARE MINI PORTRAIT FRAME,0.005839853728996864
23452,990.9,510,81,69,1.9462962962962964,HEART MINI PORTRAIT FRAME,0.011149732292992277
23453,611.85,315,46,40,1.9437499999999999,OVAL  MINI PORTRAIT FRAME,0.006884613688028384
23454,658.5500000000001,161,46,41,4.141836734693878,THREE MINI HANGING FRAMES,0.007410088002371647
23455,566.5400000000001,206,34,32,2.8671428571428574,SMALL PARLOUR PICTURE FRAME,0.006374779829722319
23456,634.1,158,36,33,4.116666666666667,MEDIUM PARLOUR PICTURE FRAME,0.007134973505890003
23457,498.6,104,29,27,4.9189655172413795,LARGE PARLOUR PICTURE FRAME,0.005610310345429357
23458,762.4499999999999,51,30,30,14.95,DOLLY CABINET 3 DRAWERS,0.008579183960835565
23459,412.5,33,19,19,12.5,DOLLY CABINET 2 DRAWERS,0.004641502241254733
23460,1007.0799999999999,108,43,41,9.900930232558139,SWEETHEART WALL TIDY,0.011331791702115918
23461,2908.55,829,83,75,4.1359550561797755,SWEETHEART BIRD HOUSE,0.03272737295467019
23462,1482.1499999999999,77,44,43,19.745454545454546,ROCOCO WALL MIRROR WHITE,0.01667733950757746
23463,119.39999999999999,12,7,7,9.95,VINTAGE ZINC WATERING CAN,0.0013435039214686425
23464,79.2,16,6,6,4.95,VINTAGE ZINC WATERING CAN SMALL,0.0008911684303209087
23465,231.0,28,15,15,8.25,TUSCAN VILLA BIRD FEEDER,0.0025992412551026503
23466,398.25,49,21,20,8.214285714285714,TUSCAN VILLA DOVECOTE BIRD FEEDER,0.004481159436556842
23467,75.67,23,5,5,3.29,VINTAGE ZINC PLANTER,0.0008514484232624137
23468,156.75,19,11,11,8.25,TUSCAN VILLA BIRD TABLE,0.0017637708516767985
23469,1255.7600000000002,320,63,61,4.122698412698413,CARD HOLDER LOVE BIRD SMALL,0.01412997055631041
23470,1323.4,220,75,70,6.2156,CARD HOLDER LOVE BIRD LARGE,0.01489106440260973
23471,596.0,64,26,26,9.753846153846153,SIX DRAWER OFFICE TIDY,0.006706267480697747
23472,777.9,54,30,29,14.786666666666665,NINE DRAWER OFFICE TIDY,0.008753029317508015
23473,530.8299999999999,665,43,41,0.8274418604651163,WOODLAND SMALL RED FELT HEART,0.005972966387212726
23474,246.51,297,27,26,0.83,WOODLAND SMALL BLUE FELT HEART,0.0027737617393738282
23475,232.39999999999998,280,26,25,0.83,WOODLAND SMALL PINK FELT HEART,0.0026149942324063024
23476,247.5,198,18,18,1.25,WOODLAND LARGE RED FELT HEART,0.0027849013447528398
23477,106.25,85,8,8,1.25,WOODLAND LARGE BLUE FELT HEART,0.0011955384560807644
23478,307.18,278,10,9,1.2289999999999999,WOODLAND LARGE PINK FELT HEART,0.0034564282629542514
23479,819.65,109,40,35,7.775,WIRE EGG BASKET,0.009222805604956223
23480,6118.59,1717,173,143,3.726477272727273,MINI LIGHTS WOODLAND MUSHROOMS,0.06884714957168193
23481,266.21,217,27,23,1.2429999999999999,PEARLISED IVORY HEART SMALL,0.0029954286342895086
23482,651.15,415,36,32,1.6388888888888888,PEARLISED IVORY HEART LARGE,0.007326822265195198
23483,1526.62,1310,66,57,1.2280597014925374,HANGING  BUTTERFLY T-LIGHT HOLDER,0.017177721579501332
23484,483.66,174,25,25,2.8592307692307695,HEART TRELLIS TRIPLE T-LIGHT HOLDER,0.005442203573346095
23485,5719.0,259,80,70,24.16,BOTANICAL GARDENS WALL CLOCK,0.06435091228542017
23486,3879.15,267,68,64,16.44705882352941,ANTIQUE HEART SHELF UNIT,0.04364868707675951
23487,753.9999999999999,78,42,41,9.869047619047619,SWEET HEART CAKE CARRIER,0.008484103490681377
23489,2512.44,876,137,125,2.8872027972027974,VINTAGE BELLS GARLAND,0.028270293069134644
23490,1965.63,533,95,83,3.740315789473684,T-LIGHT HOLDER HANGING LOVE BIRD,0.02211751769812737
23491,1864.5,226,76,64,8.25,VINTAGE JINGLE BELLS HEART,0.020979590130471393
23492,610.5,74,26,24,8.25,VINTAGE JINGLE BELLS WREATH,0.006869423317057004
23493,6736.2,3516,349,282,1.9483240223463687,VINTAGE DOILY TRAVEL SEWING KIT,0.0757965755091882
23494,4194.900000000001,722,176,145,5.933050847457627,VINTAGE DOILY DELUXE SEWING KIT,0.04720154606506541
23495,240.0,192,24,21,1.25,SET OF 3 PANTRY WOODEN SPOONS,0.0027005103949118443
23496,110.0,88,22,21,1.25,PANTRY KITCHEN THERMOMETER,0.0012377339310012622
23497,3508.75,2511,172,150,1.4383050847457626,CLASSIC CHROME BICYCLE BELL,0.039480899367278895
23498,2200.15,1587,86,77,1.4402247191011237,CLASSIC BICYCLE CLIPS,0.024756366439022064
23499,522.48,1244,93,86,0.42,SET 12 VINTAGE DOILY CHALK,0.0058790111297230855
23500,1928.8,1580,84,76,1.2428409090909092,KEY RING BASEBALL BOOT ASSORTED,0.021703101873774857
23501,2103.3,1770,85,77,1.2379310344827588,KEY RING BASEBALL BOOT UNION JACK,0.02366659797340868
23502,838.98,690,87,80,1.2452272727272726,PLAYING CARDS VINTAGE DOILY,0.00944030921301308
23503,4242.96,3432,327,284,1.24811377245509,PLAYING CARDS KEEP CALM & CARRY ON,0.0477423232716465
23504,2073.73,1661,190,164,1.2489447236180904,PLAYING CARDS JUBILEE UNION JACK,0.02333387258850225
23505,1238.5,1058,104,93,1.2420754716981133,PLAYING CARDS I LOVE LONDON,0.013935758850409664
23506,1106.28,2694,127,114,0.41909090909090907,MINI PLAYING CARDS SPACEBOY,0.012448002665346148
23507,1128.18,2839,101,91,0.41834862385321103,MINI PLAYING CARDS BUFFALO BILL,0.012694424238881853
23508,1013.0400000000001,2472,106,95,0.4189473684210526,MINI PLAYING CARDS DOLLY GIRL,0.011398854376922897
23509,433.2,1040,54,51,0.4178181818181818,MINI PLAYING CARDS FUN FAIR,0.00487442126281588
23510,901.74,2297,95,90,0.41879999999999995,MINI PLAYING CARDS GYMKHANA,0.010146492681282527
23511,1046.42,524,85,83,2.0732558139534887,EMBROIDERED RIBBON REEL EMILY,0.011774450364348552
23512,921.46,484,49,46,2.0622448979591836,EMBROIDERED RIBBON REEL ROSIE,0.010368384618731118
23513,1072.96,556,62,59,2.0706451612903227,EMBROIDERED RIBBON REEL SUSIE,0.01207308180551922
23514,909.14,458,62,57,2.0706451612903227,EMBROIDERED RIBBON REEL SALLY,0.010229758418458976
23515,1075.3799999999999,558,59,58,2.0655,EMBROIDERED RIBBON REEL DAISY,0.012100311952001246
23516,1025.01,291,40,39,3.7280952380952384,EMBROIDERED RIBBON REEL SOPHIE,0.011533542332869124
23517,860.88,312,51,50,2.8743137254901963,EMBROIDERED RIBBON REEL REBECCA,0.009686730786548785
23518,954.9300000000001,357,41,40,2.870487804878049,EMBROIDERED RIBBON REEL RACHEL,0.010744993297554866
23519,755.01,219,19,18,3.701578947368421,EMBROIDERED RIBBON REEL CLAIRE,0.008495468138593299
23520,585.63,165,30,30,3.734666666666667,EMBROIDERED RIBBON REEL RUBY,0.006589582927384265
23521,648.62,388,22,21,2.618181818181818,WALL ART CAT AND BIRD,0.00729835438478217
23522,652.17,341,21,20,2.575714285714286,WALL ART DOG AND BALL,0.007338299434373572
23523,1151.43,357,38,35,3.656315789473684,WALL ART TREASURE AHOY,0.012956036183388937
23524,1441.98,465,51,42,3.6588235294117646,WALL ART HORSE & PONY,0.01622534158022909
23525,1777.89,567,44,38,3.6584090909090907,WALL ART BUFFALO BILL,0.02000504344170758
23526,4346.82,882,91,79,5.814565217391305,WALL ART DOG LICENCE,0.0489109691450446
23527,1394.97,415,43,40,3.6818604651162787,WALL ART ANIMALS AND NATURE,0.015696379106625732
23528,1381.38,462,34,30,3.626764705882353,WALL ART SPACEBOY,0.01554346270551385
23529,1952.3100000000002,629,30,26,3.6103333333333336,WALL ART DOLLY GIRL,0.021967639371209765
23530,4241.25,1037,74,60,4.7518918918918915,WALL ART ONLY ONE PERSON,0.04772308213508275
23531,5319.36,960,97,77,6.744897959183674,WALL ART BIG LOVE,0.05985411239282612
23532,853.47,205,26,23,4.470769230769231,WALL ART WORK REST AND PLAY,0.009603352528105884
23533,936.34,210,31,27,5.151935483870968,WALL ART GARDEN HAVEN,0.010535816263215652
23534,6320.88,1206,194,159,5.881230769230768,WALL ART STOP FOR TEA,0.07112334227079325
23535,5898.61,1123,162,135,5.866196319018405,WALL ART BICYCLE SAFETY,0.06637190675221231
23536,3274.0299999999997,613,74,68,5.869864864864865,WALL ART VILLAGE SHOW,0.0368398002010551
23537,446.70000000000005,98,21,20,4.835714285714286,WALL ART I LOVE LONDON,0.005026324972529671
23538,1273.92,326,27,25,4.78925925925926,WALL ART VINTAGE HEART,0.014334309176192071
23539,1129.71,237,35,32,5.797428571428571,WALL ART LOVES' SECRET,0.012711639992649416
23540,890.54,146,10,9,6.142,WALL ART THE MAGIC FOREST,0.010020468862853307
23541,6154.69,829,120,97,8.1105,WALL ART CLASSIC PUDDINGS,0.06925335134358324
23542,3442.68,484,70,55,8.045714285714286,WALL ART 70'S ALPHABET,0.038737471359812946
23543,6869.47,1227,94,81,7.858958333333334,WALL ART KEEP CALM,0.07729614642722946
23544,1015.78,164,20,17,7.523000000000001,WALL ART MID CENTURY MODERN,0.011429685203931473
23545,1023.5,2475,83,76,0.419047619047619,WRAP RED VINTAGE DOILY,0.011516551621634471
23546,1365.0,3250,120,106,0.42,WRAP PAISLEY PARK,0.015359152871061117
23547,661.5,1575,62,57,0.42,WRAP FLOWER SHOP,0.007443281775975772
23548,451.5,1075,43,42,0.42,WRAP MAGIC FOREST,0.005080335180427908
23549,546.0,1300,51,46,0.42,WRAP BIRD GARDEN,0.006143661148424446
23550,761.0,1850,63,60,0.41873015873015873,WRAP ALPHABET POSTER,0.00856286837719964
23551,629.4599999999999,1614,95,88,0.38999999999999996,PACK OF 12 PAISLEY PARK TISSUES,0.00708276363825504
23552,3336.7200000000003,1730,103,93,2.062181818181818,BICYCLE PUNCTURE REPAIR KIT,0.03754519602045937
23553,6244.85,557,62,50,12.375,LANDMARK FRAME CAMDEN TOWN,0.07026784308193847
23554,4730.65,419,54,49,12.385185185185184,LANDMARK FRAME OXFORD STREET,0.05322987291537382
23555,4730.65,419,48,45,12.405102040816328,LANDMARK FRAME NOTTING HILL,0.05322987291537382
23556,4912.05,435,52,46,12.38076923076923,LANDMARK FRAME COVENT GARDEN,0.05527100868886136
23557,3867.85,347,29,25,12.39310344827586,LANDMARK FRAME BAKER STREET,0.04352153804566574
23558,4604.2,410,47,43,12.401063829787235,LANDMARK FRAME LONDON BRIDGE,0.05180704150105463
23559,1129.28,563,75,69,2.0722666666666667,WOODLAND BUNNIES LOLLY MAKERS,0.012706801578191864
23560,447.07,163,20,20,2.87,SET OF 6 RIBBONS COUNTRY STYLE,0.005030488259388493
23561,458.63,167,13,13,2.8592307692307695,SET OF 6 RIBBONS PARTY,0.00516056284341008
23562,678.27,243,37,37,2.8791891891891894,SET OF 6 RIBBONS PERFECTLY PRETTY,0.007631979939820236
23564,703.51,587,42,39,1.2449999999999999,EGG CUP MILKMAID INGRID,0.0079159836163518
23565,435.0,348,31,28,1.25,EGG CUP MILKMAID HELGA,0.004894675090777718
23566,919.52,784,46,44,1.2408695652173913,EGG CUP MILKMAID HEIDI,0.010346555493038912
23567,233.75,187,18,15,1.25,EGG CUP HENRIETTA HEN PINK,0.002630184603377682
23568,664.52,580,28,24,1.2349999999999999,EGG CUP HENRIETTA HEN CREAM,0.0074772631984450786
23569,4497.3,926,174,152,4.9455056179775285,TRADTIONAL ALPHABET STAMP SET,0.05060418916265433
23570,2295.0,1836,231,203,1.25,TRADITIONAL PICK UP STICKS GAME,0.025823630651344513
23571,3300.8999999999996,2018,216,195,1.6490950226244343,TRADITIONAL NAUGHTS & CROSSES,0.03714214484401878
23574,105.0,14,14,9,7.5,PACKING CHARGE,0.001181473297773932
23575,305.4,164,22,22,1.9375,SNACK TRAY PAISLEY PARK,0.0034363994775253215
23576,346.34999999999997,185,29,28,1.94,SNACK TRAY RED VINTAGE DOILY,0.0038971740636571553
23578,109.2,56,11,11,1.95,SNACK TRAY RED GINGHAM,0.0012287322296848893
23579,276.15,149,24,22,1.9375,SNACK TRAY I LOVE LONDON,0.0031072747731454406
23580,214.5,110,21,20,1.9499999999999997,SNACK TRAY HAPPY FOREST,0.002413581165452461
23581,8498.04,4358,302,230,2.059223300970874,JUMBO BAG PAISLEY PARK,0.09562102231823606
23582,8508.220000000001,4434,234,186,2.0663713080168775,VINTAGE DOILY JUMBO BAG RED,0.0957355689674869
23583,5251.25,3305,298,233,1.6447540983606557,LUNCH BAG PAISLEY PARK,0.059087730047003434
23597,661.7,246,28,28,2.9071428571428575,PAPER BUNTING PAISLEY PARK,0.007445532201304865
23598,1175.0,420,42,40,2.930952380952381,PAPER BUNTING VINTAGE PARTY,0.013221248808422572
23630,2.99,1,1,1,2.99,SET 10 CARDS HANGING BAUBLES 17080,3.36438586699434e-05
23660,483.44999999999993,293,31,30,1.65,HENRIETTA HEN MUG,0.005439840626750546
23661,336.59999999999997,204,23,23,1.6499999999999997,MILK MAIDS MUG,0.0037874658288638615
23664,1.65,1,1,1,1.65,FLOWER SHOP DESIGN MUG,1.856600896501893e-05
23681,2432.55,1547,118,105,1.6415966386554621,LUNCH BAG RED VINTAGE DOILY,0.027371360671428365
23691,481.5,1175,38,36,0.4184210526315789,WRAP KEEP CALM BIRTHDAY,0.005417898979791888
23692,21.0,50,2,2,0.42,WRAP A PRETTY THANK YOU,0.0002362946595547864
23694,141.84,348,24,23,0.4175,PAISLEY PARK CARD,0.0015960016433929003
23695,286.62,703,44,41,0.41727272727272724,DOILY THANK YOU CARD,0.0032250845391234703
23697,179.64,438,26,26,0.41777777777777775,A PRETTY THANK YOU CARD,0.0020213320305915152
23702,27.0,4,3,3,8.5,High Resolution Image,0.0003038074194275825
23843,168469.6,80995,1,1,2.08,"PAPER CRAFT , LITTLE BIRDIE",1.895641275111002
35001G,506.58,156,24,23,3.602692307692308,HAND OPEN SHAPE GOLD,0.005700102316060176
35001W,270.02000000000004,92,5,5,3.0840000000000005,HAND OPEN SHAPE DECO.WHITE,0.003038299236808735
35004B,2251.15,475,47,30,5.1000000000000005,SET OF 3 BLACK FLYING DUCKS,0.025330224897940828
35004C,1882.65,393,38,28,5.239473684210527,SET OF 3 COLOURED  FLYING DUCKS,0.0211838162290866
35004G,448.3,126,20,16,5.3,SET OF 3 GOLD FLYING DUCKS,0.005044328375162417
35004P,5.45,1,1,1,5.45,SET OF 3 PINK FLYING DUCKS,6.13240902177898e-05
35095A,293.82,811,34,29,0.41617647058823526,BLUE VICTORIAN FABRIC OVAL BOX,0.0033060998509708258
35095B,277.44,772,41,36,0.4168292682926829,RED VICTORIAN FABRIC OVAL BOX,0.003121790016518092
35241,413.95000000000005,89,30,27,4.786666666666666,ENAMEL BLUE RIM BISCUIT BIN,0.004657817824890659
35265,50.25,16,11,11,2.3181818181818183,COLOURFUL FLOWER FRUIT BOWL,0.0005654193639346674
35271S,3.6100000000000003,19,2,2,0.19,GOLD PRINT PAPER BAG,4.062017719013233e-05
35400,89.5,10,5,5,8.95,WOODEN BOX ADVENT CALENDAR,0.0010070653347692086
35443,5.949999999999999,7,5,5,0.85,RASTA IN BATH W SPLIFF ASHTRAY,6.69501535405228e-05
35471D,690.0,1654,137,114,0.47482758620689663,SET OF 3 BIRD LIGHT PINK FEATHER,0.0077639673853715525
35591T,6.25,5,4,4,1.25,TURQUOISE CHRISTMAS TREE,7.032579153416262e-05
35597A,1.25,1,1,1,1.25,DUSTY PINK CHRISTMAS TREE 30CM,1.4065158306832522e-05
35597B,1.25,1,1,1,1.25,BLACKCHRISTMAS TREE 30CM,1.4065158306832522e-05
35597D,17.48,46,2,2,0.38,PINK/WHITE CHRISTMAS TREE 30CM,0.000196687173762746
35598A,26.550000000000004,9,2,2,2.95,DUSTY PINK CHRISTMAS TREE 60CM,0.00029874396243712286
35598B,433.70000000000005,554,22,20,1.2772727272727273,BLACK CHRISTMAS TREE 60CM,0.004880047326138613
35598C,5.9,2,2,2,2.95,WHITE CHRISTMAS TREE 60CM,6.638754720824951e-05
35598D,433.22,660,24,23,0.7504166666666667,PINK/WHITE CHRISTMAS TREE 60CM,0.0048746463053487895
35599B,503.85,209,23,19,3.033478260869565,BLACK CHRISTMAS TREE 120CM,0.005669384010318054
35599D,465.38,186,19,17,2.573157894736842,PINK AND WHITE CHRISTMAS TREE 120CM,0.005236514698266976
35607A,4.5600000000000005,24,1,1,0.19,PINK FLUFFY CHRISTMAS DECORATION,5.1309697503325056e-05
35607B,18.240000000000002,96,7,7,0.19,BLACK FEATHER CHRISTMAS DECORATION,0.00020523879001330022
35610A,10.0,8,1,1,1.25,PINK CHRISTMAS FLOCK DROPLET,0.00011252126645466018
35610B,30.0,24,1,1,1.25,BLACK CHRISTMAS FLOCK DROPLET,0.00033756379936398053
35610C,30.0,24,1,1,1.25,WHITE CHRISTMAS FLOCK DROPLET,0.00033756379936398053
35637A,363.7,166,24,23,2.6166666666666667,IVORY STRING CURTAIN WITH POLE,0.004092398460955991
35637C,62.6,28,7,7,2.5214285714285714,PINK STRING CURTAIN WITH POLE,0.0007043831280061728
35638A,82.1,38,5,5,3.55,PINK AND BLACK STRING CURTAIN,0.0009237995975927601
35638B,109.2,56,4,4,1.95,PINK/BLUE STRING CURTAIN,0.0012287322296848893
35645,17.0,4,3,2,4.25,VINTAGE BEAD PINK JEWEL BOX,0.0001912861529729223
35646,668.88,513,44,32,1.4330434782608696,VINTAGE BEAD PINK EVENING BAG,0.007526322470619311
35647,16.25,13,2,2,1.25,VINTAGE BEAD PINK SHADE,0.00018284705798882282
35648,774.76,812,60,40,0.995079365079365,VINTAGE BEAD PINK PURSE,0.008717697639841253
35649,51.82,16,6,5,3.095714285714286,VINTAGE BEAD COSMETIC BAG,0.0005830852027680491
35650,4.95,1,1,1,4.95,VINTAGE BEAD PINK JEWEL STAND,5.5698026895056794e-05
35651,557.0999999999999,330,33,29,1.8352941176470587,VINTAGE BEAD PINK SCARF,0.006268559754189118
35653,138.65,47,17,11,2.95,VINTAGE BEAD NOTEBOOK,0.0015601073593938637
35809A,374.10999999999996,388,40,37,1.1087804878048781,ENAMEL PINK TEA CONTAINER,0.004209533099335292
35809B,9.18,8,3,3,1.6766666666666667,ENAMEL BLUE RIM TEA CONTAINER,0.00010329452260537804
35810A,545.38,602,52,46,1.021698113207547,ENAMEL PINK COFFEE CONTAINER,0.006136684829904258
35810B,155.03,147,21,18,1.1928571428571428,ENAMEL BLUE RIM COFFEE CONTAINER,0.0017444171938465968
35815P,63.28000000000001,162,5,5,0.724,"ACRYLIC JEWEL SNOWFLAKE, PINK",0.0007120345741250898
35816P,29.64,78,2,2,0.38,"ACRYLIC JEWEL ANGEL,PINK",0.0003335130337716128
35817P,19.86,18,2,2,1.4649999999999999,"ACRYLIC JEWEL SNOWFLAKE,PINK",0.00022346723517895512
35818B,11.780000000000001,31,3,3,0.38000000000000006,"ACRYLIC JEWEL ICICLE, BLUE",0.0001325500518835897
35818P,99.18,261,17,15,0.38,"ACRYLIC JEWEL ICICLE, PINK",0.0011159859206973197
35819B,101.08,266,22,19,0.38,"ACRYLIC HANGING JEWEL,BLUE",0.0011373649613237052
35819P,66.55,95,7,7,0.5042857142857143,"ACRYLIC HANGING JEWEL,PINK",0.0007488290282557635
35833P,45.0,36,11,8,1.25,4 PINK FLOCK CHRISTMAS BALLS,0.0005063456990459708
35909A,23.6,8,3,3,2.9500000000000006,RABBIT EASTER DECORATION,0.00026555018883299804
35909B,23.6,8,2,2,2.95,PINK FLOWERS RABBIT EASTER,0.00026555018883299804
35910A,39.0,20,4,4,1.95,MULTICOLOUR EASTER RABBIT,0.0004388329391731747
35910B,25.349999999999998,13,3,3,1.95,PINK FLOWERS RABBIT EASTER,0.00028524141046256356
35911A,194.14999999999998,205,25,23,1.0984,MULTICOLOUR RABBIT EGG WARMER,0.0021846003882172275
35911B,35.7,17,4,4,2.1,PINK/FLOWER RABBIT EGG WARMER,0.0004017009212431369
35912B,283.89,249,18,15,1.228888888888889,WHITE/PINK CHICK DECORATION,0.0031943662333813482
35913B,28.9,34,9,8,0.85,WHITE/PINK CHICK EASTER DECORATION,0.0003251864600539679
35914,162.25,135,18,16,1.2666666666666666,PINK CHICK EGG WARMER + EGG CUP,0.0018256575482268615
35915B,150.14999999999998,91,14,14,1.65,BLUE KNITTED HEN,0.0016895068158167225
35915C,80.85,49,8,8,1.65,PEACH KNITTED HEN,0.0009097344392859276
35916A,17.0,20,3,3,0.85,YELLOW FELT HANGING HEART W FLOWER,0.0001912861529729223
35916B,5.1,6,1,1,0.85,BLUE FELT HANGING HEART WITH FLOWER,5.738584589187669e-05
35916C,45.9,54,5,5,0.85,PINK FELT HANGING HEART W FLOWER,0.0005164726130268902
35920,83.75,67,11,11,1.25,FOUR RABBIT EASTER DECORATIONS,0.0009423656065577791
35921,67.5,54,11,9,1.25,EASTER BUNNY HANGING GARLAND,0.0007595185485689563
35922,138.6,28,10,10,4.95,EASTER BUNNY WREATH,0.00155954475306159
35923,631.71,1265,41,30,0.48333333333333334,CANDY HEART HANGING DECORATION,0.007108080923207339
35924,1262.1,724,31,25,2.0006060606060605,HANGING FAIRY CAKE DECORATION,0.014201309039242662
35933,84.36,222,16,15,0.38,PINK STOCKING CHRISTMAS DECORATION,0.0009492294038115133
35953,1281.1599999999999,3016,85,81,0.48772727272727273,FOLKART STAR CHRISTMAS DECORATIONS,0.014415774573105243
35954,244.23000000000002,1076,32,30,0.2596969696969697,SMALL FOLKART STAR CHRISTMAS DEC,0.002748106890622166
35957,146.04000000000002,558,7,7,0.32142857142857145,SMALLFOLKART BAUBLE CHRISTMAS DEC,0.0016432605753038574
35958,10.2,12,3,3,0.85,FOLKART ZINC STAR CHRISTMAS DEC,0.00011477169178375339
35961,2127.39,2679,153,116,0.846687898089172,FOLKART ZINC HEART CHRISTMAS DEC,0.023937661704297952
35964,245.61,621,37,34,0.43500000000000005,FOLKART CLIP ON STARS,0.002763634825392909
35965,181.87,181,28,22,1.4071428571428573,FOLKART HEART NAPKIN RINGS,0.002046424273010905
35966,10.260000000000002,27,2,2,0.38,FOLKART CHRISTMAS TREE T-LIGHT HOLD,0.00011544681938248136
35967,150.54000000000002,381,29,24,0.39655172413793105,FOLK ART METAL STAR T-LIGHT HOLDER,0.0016938951452084548
35968,52.760000000000005,145,18,14,0.37,FOLK ART METAL HEART T-LIGHT HOLDER,0.0005936622018147872
35970,7631.31,4627,339,270,1.7356976744186043,ZINC FOLKART SLEIGH BELLS,0.0858684665908113
35971,504.64,423,53,39,1.4080357142857143,ROSE FOLKART HEART DECORATIONS,0.0056782731903679716
35972,120.0,96,16,14,1.25,DAISY FOLKART HEART DECORATION,0.0013502551974559221
37327,547.98,1374,45,36,0.41957446808510634,ASSTD MULTICOLOUR CIRCLES MUG,0.0061659403591824685
37330,2.34,6,1,1,0.39,BIG POLKADOT MUG,2.6329976350390484e-05
37333,54.3,14,11,9,3.5863636363636364,"RETRO ""TEA FOR ONE""",0.0006109904768488047
37340,803.74,2042,63,59,0.40437500000000004,MULTICOLOUR SPRING FLOWER MUG,0.009043784270026858
37342,1142.29,1435,63,50,0.795625,POLKADOT COFFEE CUP & SAUCER PINK,0.012853191745849379
37343,89.69999999999999,62,8,8,1.4925,POLKADOT MUG PINK,0.0010093157600983018
37351,1.56,4,1,1,0.39,ORANGE FLOWER MUG,1.755331756692699e-05
37370,2829.28,2504,113,72,1.233189655172414,RETRO COFFEE MUGS ASSORTED,0.0318354168754841
37379A,7.5,6,1,1,1.25,PINK CHERRY BLOSSOM CUP & SAUCER,8.439094984099513e-05
37413,283.71,701,79,52,0.4112345679012346,ICON MUG REVOLUTIONARY,0.003192340850585164
37423,33.18,78,3,3,0.5433333333333333,WHITE WITH BLACK CATS PLATE,0.0003733455620965625
37444A,31.130000000000003,47,14,9,0.9385714285714286,YELLOW BREAKFAST CUP AND SAUCER,0.0003502787024733572
37444B,11.8,4,3,2,2.9500000000000006,BLUE BREAKFAST CUP AND SAUCER,0.00013277509441649902
37444C,30.45,19,7,5,1.487142857142857,PINK BREAKFAST CUP AND SAUCER,0.00034262725635444025
37446,1764.8999999999999,1290,148,93,1.4316993464052286,MINI CAKE STAND WITH HANGING CAKES,0.019858878316582975
37447,1104.8899999999999,757,76,51,1.483684210526316,CERAMIC CAKE DESIGN SPOTTED PLATE,0.012432362209308948
37448,2035.55,1399,154,78,1.4823566878980892,CERAMIC CAKE DESIGN SPOTTED MUG,0.022904266393178354
37449,5074.83,561,152,106,9.757499999999999,CERAMIC CAKE STAND + HANGING CAKES,0.05710262986421031
37450,1832.15,665,98,47,2.89,CERAMIC CAKE BOWL + HANGING CAKES,0.020615583833490568
37461,1.25,1,1,1,1.25,FUNKY MONKEY MUG,1.4065158306832522e-05
37462E,5.59,27,4,4,0.2475,"PET MUG, GOLDFISH",6.289938794815504e-05
37464,3.75,3,2,2,1.25,ROBOT MUG IN DISPLAY BOX,4.2195474920497567e-05
37467,60.04,128,11,11,0.5154545454545455,PIG MUG IN TWO COLOUR DESIGNS,0.0006755776837937798
37468,24.57,63,12,11,0.38999999999999996,HARDMAN MUG 3 ASSORTED,0.00027646475167910007
37471,10.2,12,1,1,0.85,MULTICOLOUR POLKADOT PLATE,0.00011477169178375339
37475,522.16,56,29,27,9.748620689655171,SET/4 COLOURFUL MIXING BOWLS,0.005875410449196536
37476,160.39,17,9,9,9.787777777777777,CONDIMENT TRAY 4 BOWLS AND 4 SPOONS,0.0018047285926662947
37479B,60.33,127,17,16,0.898235294117647,CUBIC MUG FLOCK BLUE ON BROWN,0.0006788408005209648
37479P,52.5,118,20,15,0.5957142857142858,CUBIC MUG FLOCK PINK ON BROWN,0.000590736648886966
37482P,216.26999999999998,477,34,30,0.6368571428571428,CUBIC MUG PINK POLKADOT,0.002433497429614936
37487B,19.72,68,2,2,0.29,YELLOW/ORANGE FLOWER DESIGN PLATE,0.00022189193744858986
37488A,10.92,28,3,3,0.38999999999999996,YELLOW PINK FLOWER DESIGN BIG BOWL,0.0001228732229684889
37489A,14.43,33,14,14,0.494,YELLOW/PINK FLOWER DESIGN BIG MUG,0.00016236818749407466
37489B,16.77,31,12,12,0.65,BLUE/YELLOW FLOWER DESIGN BIG MUG,0.00018869816384446512
37489C,13.65,23,8,8,0.78,GREEN/BLUE FLOWER DESIGN BIG MUG,0.00015359152871061117
37489D,17.16,40,16,16,0.48176470588235293,PINK/GREEN FLOWER DESIGN BIG MUG,0.00019308649323619687
37491B,6.6,4,1,1,1.65,BLUE/YELLOW CERAMIC CANDLE HOLDER,7.426403586007572e-05
37491C,13.2,8,1,1,1.65,GREEN/BLUE CERAMIC CANDLE HOLDER,0.00014852807172015145
37491D,3.3,2,1,1,1.65,PURPLE/BLUE CERAMIC CANDLE HOLDER,3.713201793003786e-05
37495,1547.4,428,84,75,3.7309523809523806,FAIRY CAKE BIRTHDAY CANDLE SET,0.01741154077119412
37500,1972.46,338,80,53,6.266,TEA TIME TEAPOT IN GIFT BOX,0.022194369723115902
37501,708.9000000000001,102,29,28,6.95,TEA TIME TEA SET IN GIFT BOX,0.007976632578970862
37509,5.1,2,2,2,2.55,NEW ENGLAND MUG W GIFT BOX,5.738584589187669e-05
40001,573.7099999999999,755,35,23,0.82,WHITE BAMBOO RIBS LAMPSHADE,0.0064554575777703085
40003,154.95,147,11,10,1.2227272727272727,WHITE BAMBOO RIBS LAMPSHADE,0.0017435170237149595
40005B,10.2,12,4,4,0.85,BLUE ORGANDY ROUND LAMPSHADE W BEA,0.00011477169178375339
40016,1870.7,5524,75,54,0.5113333333333333,CHINESE DRAGON PAPER LANTERNS,0.021049353315673282
40046A,62.5,50,6,6,1.25,RED DAISY PAPER LAMPSHADE,0.0007032579153416262
44089A,6.3,15,4,4,0.42,PINK GAUZE BUTTERFLY LAMPSHADE,7.088839786643591e-05
44089C,10.08,24,6,6,0.42,LILAC GAUZE BUTTERFLY LAMPSHADE,0.00011342143658629748
44091A,3.78,9,3,3,0.42,BLUE CRUSOE CHECK LAMPSHADE,4.253303871986155e-05
44092B,11.899999999999999,14,5,4,0.85,BLUE WHITE PLASTIC RINGS LAMPSHADE,0.0001339003070810456
44092C,15.299999999999999,18,6,5,0.85,PURPLE/COPPER HANGING LAMPSHADE,0.00017215753767563008
44228,30.599999999999998,36,2,2,0.85,CANNABIS LEAF BEAD CURTAIN,0.00034431507535126016
44234,119.99999999999999,640,19,17,0.207,ASSORTED CIRCULAR MOBILE,0.0013502551974559221
44235,200.04,538,13,11,0.41600000000000004,ASSORTED COLOURED CIRCLE MOBILE,0.002250875414159022
44236,56.52,52,6,6,1.3414285714285714,PINK/PURPLE CIRCLE CURTAIN,0.0006359701980017394
44242A,9.48,12,1,1,0.79,LILAC FEATHERS CURTAIN,0.00010667016059901787
44242B,50.28,52,3,3,0.9433333333333334,PINK FEATHERS CURTAIN,0.0005657569277340315
44265,8.5,2,1,1,4.25,M/COLOUR POM-POM CURTAIN,9.564307648646115e-05
45013,8.850000000000001,3,2,2,2.95,FOLDING SHOE TIDY,9.958132081237427e-05
46000M,1562.4,1008,133,92,1.55,POLYESTER FILLER PAD 45x45cm,0.01758032267087611
46000P,72.25,17,5,5,4.25,POLYESTER FILLER PAD 65CMx65CM,0.0008129661501349199
46000R,146.45,101,37,22,1.45,POLYESTER FILLER PAD 45x30cm,0.0016478739472284983
46000S,2248.95,1551,182,128,1.45,POLYESTER FILLER PAD 40x40cm,0.025305470219320798
46000U,133.75,107,26,16,1.25,POLYESTER FILLER PAD 30CMx30CM,0.00150497193883108
46115B,2.2800000000000002,12,2,1,0.19,GREEN POP ART MAO CUSHION COVER,2.5654848751662528e-05
46118,164.04999999999998,193,18,12,0.85,FUNKY MONKEY CUSHION COVER,0.0018459113761887004
46126A,60.0,48,6,5,1.25,ELVIS WALLHANGING / CURTAIN,0.0006751275987279611
46138B,43.15,43,12,8,1.0333333333333334,BLUE CHENILLE SHAGGY CUSHION COVER,0.0004855292647518587
46775D,406.79999999999995,24,13,12,16.95,SUNSET COLOUR CHUNKY KNITTED THROW,0.004577365119375575
46776A,69.30000000000001,14,6,6,4.95,WOVEN BUBBLE GUM CUSHION COVER,0.0007797723765307952
46776B,74.25,15,7,6,4.95,WOVEN BERRIES CUSHION COVER,0.0008354704034258519
46776C,54.45,11,6,6,4.95,WOVEN FROST CUSHION COVER,0.0006126782958456248
46776D,59.400000000000006,12,3,3,4.95,WOVEN SUNSET CUSHION COVER,0.0006683763227406816
46776E,69.3,14,5,5,4.95,WOVEN CANDY CUSHION COVER,0.000779772376530795
46776F,94.05000000000001,19,8,6,4.95,WOVEN ROSE GARDEN CUSHION COVER,0.0010582625110060792
47013A,3.0399999999999996,14,4,4,0.205,WINE BOTTLE DRESSING LT.BLUE,3.4206465002216695e-05
47013C,5.5,43,7,7,0.1442857142857143,WINE BOTTLE DRESSING DARK BLUE,6.188669655006311e-05
47016,4.2,2,1,1,2.1,LIGHT DECORATION BATTERY OPERATED,4.725893191095728e-05
47021G,230.39999999999998,518,15,12,0.6193333333333334,SET/6 BEAD COASTERS GAUZE BAG GOLD,0.0025924899791153703
47310M,326.73,265,47,23,1.3279166666666666,SMALL POP BOX FUNKY MONKEY,0.0036764073388731123
47341A,38.75,27,5,5,1.75,FUSCHIA TABLE RUN FLOWER,0.00043601990751180816
47341B,56.25,45,11,11,1.25,BLUE TABLE RUN FLOWER,0.0006329321238074635
47343A,145.17,159,14,13,0.9714285714285714,FUSCHIA FLOWER PURSE WITH BEADS,0.0016334712251223017
47344B,43.66,44,6,6,0.9700000000000001,BLUE FLOWER DES PURSE,0.0004912678493410463
47348A,50.31,97,15,11,0.702,FUSCHIA VOILE POINTY SHOE DEC,0.0005660944915333954
47351B,234.5,86,9,7,2.905555555555556,BLUE  VOILE LAMPSHADE,0.0026386236983617813
47367B,194.55,57,11,11,3.6772727272727277,PAIR PADDED HANGERS PINK CHECK,0.002189101238875414
47369A,23.6,8,6,6,2.9500000000000006,PINK GREEN EMBROIDERY COSMETIC BAG,0.00026555018883299804
47369B,11.690000000000001,3,3,3,3.896666666666667,BLUE GREEN EMBROIDERY COSMETIC BAG,0.00013153736048549777
47420,37.24,196,13,11,0.19,ASSORTED COLOUR SUCTION CUP HOOK,0.0004190291962771546
47421,382.92,970,54,16,0.41600000000000004,ASSORTED COLOUR LIZARD SUCTION HOOK,0.004308664335081848
47422,205.02,519,42,16,0.416,ASSORTED MONKEY SUCTION CUP HOOK,0.002306911004853443
47469,164.51,355,11,10,0.6335714285714287,ASSORTED SHAPES PHOTO CLIP SILVER,0.0018510873544456145
47471,148.88,262,24,19,0.7075,RAINBOW PEGS PHOTO CLIP STRING,0.0016752166149769806
47480,1089.58,690,52,29,1.8553846153846152,HANGING PHOTO CLIP ROPE LADDER,0.012260092150366865
47481,163.37,221,19,15,0.8410526315789474,50CM METAL STRING WITH  7 CLIPS,0.0018382599300697834
47503A,1251.61,2730,161,123,0.503855421686747,ASS FLORAL PRINT MULTI SCREWDRIVER,0.014083274230731723
47503H,90.13,95,32,30,1.1214285714285714,ASS FLORAL PRINT SPIRIT LEVEL,0.0010141541745558522
47503J,7.95,1,1,1,7.95,SET/3 FLORAL GARDEN TOOLS IN BAG,8.945440683145485e-05
47504H,860.88,948,92,68,1.2371739130434782,ENGLISH ROSE SPIRIT LEVEL,0.009686730786548785
47504K,1825.99,1957,174,141,1.0948314606741574,ENGLISH ROSE GARDEN SECATEURS,0.020546270733354497
47518F,113.64,827,28,19,0.14142857142857143,ICON PLACEMAT POP ART ELVIS,0.0012786916719907584
47556B,6045.0,2600,2,1,2.325,TEA TIME TEA TOWELS,0.06801910557184208
47559B,2412.92,2001,241,152,1.2812345679012345,TEA TIME OVEN GLOVE,0.027150481425377865
47563A,250.0,198,45,31,1.3055555555555556,RETRO LONGBOARD IRONING BOARD COVER,0.0028130316613665047
47566,68785.23000000001,15279,1379,708,4.876220302375811,PARTY BUNTING,0.7739801192975087
47566B,10430.400000000001,2288,313,192,4.860191082802548,TEA TIME PARTY BUNTING,0.11736418176286878
47567B,3248.07,585,120,81,5.950082644628099,TEA TIME KITCHEN APRON,0.03654769499333881
47570B,1642.68,180,26,23,10.400769230769232,TEA TIME TABLE CLOTH,0.01848364339797412
47574A,365.5,422,50,36,1.2303921568627452,ENGLISH ROSE SCENTED HANGING FLOWER,0.00411265228891783
47574B,17.0,4,2,2,4.25,ENGLISH ROSE SCENTED HANGING HEART,0.0001912861529729223
47578A,163.2,192,27,26,0.85,ENGLISH ROSE SMALL SCENTED FLOWER,0.0018363470685400542
47579,2.1,1,1,1,2.1,TEA TIME BREAKFAST BASKET,2.362946595547864e-05
47580,813.6099999999999,328,76,55,2.569868421052631,TEA TIME DES TEA COSY,0.009154842760017606
47585A,382.5,102,27,23,3.75,PINK FAIRY CAKE CUSHION COVER,0.004303938441890752
47586A,53.55,21,8,7,2.55,PINK FAIRY CAKE CUSHION COVER,0.0006025513818647053
47589,70.85000000000001,13,3,3,5.45,CONGRATULATIONS BUNTING,0.0007972131728312675
47590A,10096.62,1948,355,228,5.468084507042254,BLUE HAPPY BIRTHDAY BUNTING,0.11360844693114511
47590B,11666.35,2283,359,238,5.412222222222223,PINK HAPPY BIRTHDAY BUNTING,0.1312712476903325
47591B,62.699999999999996,38,10,9,1.65,SCOTTIES CHILDRENS APRON,0.0007055083406707194
47591D,5815.5599999999995,3140,397,250,1.9740806045340051,PINK FAIRY CAKE CHILDRENS APRON,0.06543741763430636
47593A,14.37,33,12,10,0.5853846153846154,CAROUSEL PONIES BABY BIB,0.00016169305989534668
47593B,676.39,1663,94,68,0.4895833333333333,SCOTTIE DOGS BABY BIB,0.00761082594172676
47594A,101.39999999999999,52,26,26,1.9499999999999997,CAROUSEL DESIGN WASHBAG,0.0011409656418502542
47594B,177.45,91,30,26,1.95,SCOTTIES DESIGN WASHBAG,0.001996689873237945
47599A,4481.62,2409,144,102,2.069109589041096,PINK PARTY BAGS,0.05042775581685342
47599B,2728.94,1451,108,69,2.0772222222222223,BLUE PARTY BAGS,0.03070637848787804
48111,6690.8,1104,174,111,7.788914285714285,DOORMAT 3 SMILEY CATS,0.07528572895948404
48116,8045.2699999999995,1418,141,88,7.6978723404255325,DOORMAT MULTICOLOUR STRIPE,0.09052639693696839
48129,5644.46,880,182,125,7.966775956284153,DOORMAT TOPIARY,0.06351217876526713
48138,23622.54,3614,516,313,7.796138996138996,DOORMAT UNION FLAG,0.26580381176758683
48173C,9797.75,1784,173,105,7.738554913294798,DOORMAT BLACK FLOCK,0.11024552384061469
48184,13447.1,1972,356,227,7.776011235955057,DOORMAT ENGLISH ROSE,0.15130847221424612
48185,21171.79,3427,241,143,7.906198347107438,DOORMAT FAIRY CAKE,0.238227662391211
48187,22783.8,3698,531,314,7.813996247654783,DOORMAT NEW ENGLAND,0.25636620306496866
48188,11536.25,2027,252,163,7.909246031746032,DOORMAT WELCOME PUPPIES,0.12980734601375735
48194,19924.66,3268,480,286,7.949064449064449,DOORMAT HEARTS,0.22419479768785097
51008,1662.95,511,19,16,3.4236842105263157,AFGHAN SLIPPER SOCK PAIR,0.018711724005077715
51014A,1758.8899999999999,3573,157,106,0.5129936305732484,"FEATHER PEN,HOT PINK",0.019791253035443726
51014C,1170.8999999999999,2438,110,71,0.5413513513513514,"FEATHER PEN,COAL BLACK",0.013175115089176159
51014L,941.3399999999999,1924,105,72,0.5336792452830189,"FEATHER PEN,LIGHT PINK",0.010592076896442981
51020A,116.32999999999998,325,18,16,0.5566666666666666,SUMMER FUN DESIGN SHOWER CAP,0.0013089598926670617
51020B,70.57,197,15,13,0.6739999999999999,STRIPY DESIGN SHOWER CAP,0.0007940625773705369
62018,5691.5,4402,59,39,1.8076271186440676,SOMBRERO,0.06404147880266985
62043B,14.11,17,5,5,0.8299999999999998,BLUE CHECK BAG W HANDLE 34X20CM,0.00015876750696752553
62074B,6.72,16,4,4,0.42,ELEPHANT CLIP W SUCTION CUP,7.561429105753164e-05
62086A,167.7,86,13,13,1.9499999999999997,PINK RETRO BIG FLOWER BAG,0.0018869816384446513
62094B,33.15,13,3,2,2.55,TURQ ICE CREAM BUM BAG,0.0003730079982971985
62096A,132.5,106,8,7,1.25,PINK/YELLOW FLOWERS HANDBAG,0.0014909067805242474
62096B,2.5,2,1,1,1.25,PURPLE/TURQ FLOWERS HANDBAG,2.8130316613665044e-05
62097B,7.469999999999999,9,3,2,0.83,BLUE STRIPES SHOULDER BAG,8.405338604163115e-05
70006,1656.05,2619,78,72,1.2315,LOVE HEART POCKET WARMER,0.018634084331224002
70007,632.76,728,53,46,1.385925925925926,HI TEC ALPINE HAND WARMER,0.007119895656185079
71038,1239.5,238,47,34,5.3999999999999995,WHITE HANGING BEADS CANDLE HOLDER,0.01394701097705513
71050,11.549999999999999,33,6,5,0.3499999999999999,SMALL SINGLE FLAME CANDLE HOLDER,0.0001299620627551325
71053,5893.45,1633,250,149,3.7688326848249027,WHITE METAL LANTERN,0.06631384577872171
71101E,278.5,346,22,17,0.8322727272727272,STANDING FAIRY POLE SUPPORT,0.003133717270762286
71143,8.5,10,1,1,0.85,SILVER BOOK MARK WITH BEADS,9.564307648646115e-05
71215,4.62,11,2,2,0.42,METAL BASE FOR CANDLES,5.198482510205301e-05
71270,256.21,204,31,16,1.2878125,PHOTO CLIP LINE,0.0028829073678348486
71279,447.65000000000003,155,27,20,2.935714285714286,PINK GLASS CANDLEHOLDER,0.005037014492842863
71403,156.35000000000002,53,13,12,2.95,"PINK/WHITE ""KEEP CLEAN"" BULLET BIN",0.0017592700010186121
71406C,57.96,138,21,13,0.42000000000000004,BLACK ORANGE SQUEEZER,0.0006521732603712104
71459,10031.45,12941,379,226,0.8327105263157895,HANGING JAM JAR T-LIGHT HOLDER,0.1128751458376601
71477,20041.22,6650,263,155,3.5367293233082706,COLOUR GLASS. STAR T-LIGHT HOLDER,0.2255063455696465
71495A,34.56,96,2,2,0.36,CD WALL TIDY BLUE OFFICE,0.00038887349686730563
71495B,58.56,160,5,4,0.384,CD WALL TIDY RED FLOWERS,0.00065892453635849
71496A,61.86000000000001,114,5,5,0.554,A4 WALL TIDY BLUE OFFICE,0.000696056554288528
71496B,7.37,13,4,4,0.56,A4 WALL TIDY RED FLOWERS,8.292817337708456e-05
71510,36.519999999999996,52,8,5,0.8099999999999999,SQUARE METAL CANDLEHOLDER BASE,0.00041092766509241897
72024U,15.120000000000001,72,3,3,0.21,LILAC VOTIVE CANDLE,0.0001701321548794462
72051S,18.9,45,5,5,0.42000000000000004,BAG OF SILVER STONES,0.0002126651935993077
72122,276.45,291,44,38,0.95,COFFEE SCENT PILLAR CANDLE,0.0031106504111390806
72127,208.1,168,29,25,1.2436666666666667,COLUMBIAN CANDLE ROUND,0.0023415675549214787
72128,145.53,189,33,28,0.8372727272727273,COLUMBIAN CANDLE ROUND,0.0016375219907146697
72130,126.79,215,24,20,0.6356,COLUMBIAN CANDLE ROUND,0.0014266571373786365
72131,236.39999999999998,136,18,14,1.8999999999999997,COLUMBIAN CANDLE RECTANGLE,0.0026600027389881665
72132,54.599999999999994,28,12,9,1.95,COLUMBIAN CUBE CANDLE,0.0006143661148424446
72133,48.75,39,13,11,1.25,COLUMBIAN CANDLE RECTANGLE,0.0005485411739664684
72134,47.18,98,8,6,0.7424999999999999,COLUMBIAN  CUBE CANDLE,0.0005308753351330867
72140E,26.349999999999998,31,8,8,0.85,BEST DAD CANDLE LETTERS,0.00029649353710802954
72225C,158.64,600,16,12,0.27999999999999997,LAVENDER SCENT CAKE CANDLE,0.0017850373710367293
72232,630.23,3317,65,45,0.19,FENG SHUI PILLAR CANDLE,0.007091427775772049
72349B,1314.78,687,91,51,2.0823655913978496,SET/6 PURPLE BUTTERFLY T-LIGHTS,0.014794071070925813
72351A,2384.76,1234,133,78,2.0819117647058825,SET/6 TURQUOISE BUTTERFLY T-LIGHTS,0.026833621539041546
72351B,3856.04,2058,156,87,2.0712738853503185,SET/6 PINK  BUTTERFLY T-LIGHTS,0.043388650429982786
72369A,35.0,28,3,3,1.25,PINK CLEAR GLASS CANDLE PLATE,0.0003938244325913106
72586,262.08,624,37,36,0.42,SET OF 6 HALLOWEEN GHOST T-LIGHTS,0.002948957351243734
72598,364.95,459,41,38,0.8402325581395349,SET/12 TAPER CANDLES,0.004106463619262824
72709,37.4,44,7,4,0.85,IVORY SCULPTED RND CANDLE,0.00042082953654042906
72741,7758.95,5783,249,195,1.4284,GRAND CHOCOLATECANDLE,0.08730468803583856
72760B,3667.2299999999996,385,135,104,9.885111111111112,VINTAGE CREAM 3 BASKET CAKE STAND,0.04126413639805235
72780,116.44999999999999,137,20,18,0.85,BLACK SILOUETTE CANDLE PLATE,0.0013103101478645178
72783,33.6,16,2,2,2.1,BLACK SIL'T SQU CANDLE PLATE,0.0003780714552876582
72798C,11.549999999999999,7,3,3,1.6499999999999997,SET/4 GARDEN ROSE DINNER CANDLE,0.0001299620627551325
72799C,123.68,80,18,17,2.23,PINK PILLAR CANDLE SILVER FLOCK,0.0013916630235112372
72799E,725.19,393,48,43,2.5532653061224493,IVORY PILLAR CANDLE SILVER FLOCK,0.008159929722025503
72799F,365.05,127,21,19,2.930952380952381,IVORY PILLAR CANDLE GOLD FLOCK,0.00410758883192737
72800B,265.65999999999997,138,36,31,2.312162162162162,4 PURPLE FLOCK DINNER CANDLES,0.002989239964634502
72800C,229.95999999999998,124,30,26,2.2566666666666664,4 PINK DINNER CANDLE SILVER FLOCK,0.0025875390433913654
72800D,216.74999999999997,85,29,20,2.55,4 BLUE DINNER CANDLES SILVER FLOCK,0.002438898450404759
72800E,913.74,450,96,62,2.308989898989899,4 IVORY DINNER CANDLES SILVER FLOCK,0.010281518201028121
72801C,163.38,138,14,13,1.2364285714285714,4 ROSE PINK DINNER CANDLES,0.001838372451336238
72801D,72.5,58,12,10,1.25,4 SKY BLUE DINNER CANDLES,0.0008157791817962863
72801G,53.75,43,11,9,1.25,4 BURGUNDY WINE DINNER CANDLES,0.0006048018071937985
72802A,1271.67,315,55,44,4.3878571428571425,ROSE SCENT CANDLE IN JEWELLED BOX,0.014308991891239773
72802B,1749.94,968,75,54,4.0116000000000005,OCEAN SCENT CANDLE IN JEWELLED BOX,0.019690546501966805
72802C,2541.12,1374,88,63,4.036666666666667,VANILLA SCENT CANDLE JEWELLED BOX,0.028593004061326605
72803A,714.0,528,40,30,4.15625,ROSE SCENT CANDLE JEWELLED DRAWER,0.008034018424862737
72807A,1402.03,339,66,53,4.230298507462686,SET/3 ROSE CANDLE IN JEWELLED BOX,0.01577581912074272
72807B,1435.0,348,78,56,4.2335,SET/3 OCEAN SCENT CANDLE JEWEL BOX,0.01614680173624374
72807C,2727.97,669,112,83,4.226428571428571,SET/3 VANILLA SCENTED CANDLE IN BOX,0.030695463925031932
72811,67.25,49,6,6,1.45,SMALL ZINC/GLASS CANDLEHOLDER,0.0007567055169075897
72812,49.980000000000004,18,4,3,3.115,LARGE ZINC GLASS CANDLEHOLDER,0.0005623812897403917
72815,7.5,2,1,1,3.75,3 WICK CHRISTMAS BRIAR CANDLE,8.439094984099513e-05
72816,841.56,826,31,26,1.2583870967741935,SET/3 CHRISTMAS DECOUPAGE CANDLES,0.009469339699758382
72817,961.4,1048,94,74,0.935,SET OF 2 CHRISTMAS DECOUPAGE CANDLE,0.010817794556951029
72818,782.77,1821,63,51,0.5966153846153847,CHRISTMAS DECOUPAGE CANDLE,0.008807827174271435
72819,436.4,208,30,28,2.188333333333333,CUPID DESIGN SCENTED CANDLES,0.00491042806808137
72821,18.15,11,4,4,1.65,CUPID SCENTED CANDLE IN GLASS,0.00020422609861520824
75011,138.76,172,12,9,0.7999999999999999,BLUE DAISY MOBILE,0.0015613450933248646
75013B,41.24999999999999,25,6,6,1.65,"STRING OF 8 BUTTERFLIES,PINK",0.0004641502241254732
75049L,6092.049999999999,6809,118,71,1.1155737704918032,LARGE CIRCULAR MIRROR MOBILE,0.06854851813051126
75131,522.5600000000001,488,13,13,1.5692307692307692,METAL TUBE CHIME ON BAMBOO,0.005879911299854723
75172,85.31,93,8,8,1.53,PAINTED SEA SHELL METAL WINDCHIME,0.0009599189241247062
75178,210.19,455,9,6,0.9733333333333333,ASSTD COL BUTTERFLY/CRYSTAL W/CHIME,0.0023650844996105026
77079,2.12,1,1,1,2.12,DOLPHIN WINDMILL,2.385450848838796e-05
77101A,421.97,385,20,16,1.231,UNION FLAG WINDSOCK,0.0047480598805872964
78033,179.35,37,7,6,5.464285714285714,FLAG OF ST GEORGE CHAIR,0.00201806891386433
78034B,15.6,8,6,6,1.95,BLUE NETTING STORAGE HANGER,0.0001755331756692699
78124,246.5,190,17,16,1.338235294117647,MAGAZINE RACK GEBRA ASSORTED,0.0027736492181073737
79000,2741.2,3784,95,69,0.8205263157894737,MOROCCAN TEA GLASS,0.03084432956055145
79026B,10.61,25,9,7,0.4855555555555556,"S/4 ICON COASTER,ELVIS LIVES",0.00011938506370839445
79030D,215.64,456,30,26,0.5579999999999999,TUMBLER BAROQUE,0.0024264085898282922
79030G,607.74,1358,52,44,0.5596153846153846,TUMBLER NEW ENGLAND,0.006838367447515518
79051A,261.63,783,37,32,0.33421052631578946,SMOKEY GREY COLOUR D.O.F. GLASS,0.0029438938942532747
79062D,19.4,52,4,4,0.38,"RETRO TIN ASHTRAY,REVOLUTIONARY",0.00021829125692204073
79063C,43.65,235,14,13,0.18928571428571428,"RETRO PILL BOX KEY CHAIN,THE KING",0.0004911553280745918
79063D,34.72,188,10,9,0.189,"RETRO PILL BOX , REVOLUTIONARY",0.00039067383713058015
79066K,618.13,739,110,69,0.9029090909090909,RETRO MOD TRAY,0.00695527704336191
79067,496.25,143,18,16,3.7055555555555557,CORONA MEXICAN TRAY,0.005583867847812512
79071B,59.0,20,11,10,2.95,ENGLISH ROSE METAL WASTE BIN,0.000663875472082495
79144B,42.54,107,15,14,0.41333333333333333,PAINTED LIGHTBULB STAR+ MOON,0.00047866546749812444
79144C,24.06,63,6,5,0.4033333333333333,PAINTED LIGHTBULB RAINBOW DESIGN,0.0002707261670899124
79149B,7.56,18,8,8,0.42,SILICON STAR BULB  BLUE,8.50660774397231e-05
79151B,4.62,11,2,2,0.42,"SILICON CUBE 25W, BLUE",5.198482510205301e-05
79157B,3.4,4,2,2,0.85,UBO-LIGHT TRIOBASE BLUE,3.8257230594584466e-05
79157V,4.25,5,3,3,0.85,UBO-LIGHT TRIOBASE PURPLE,4.782153824323057e-05
79160,792.54,443,48,30,2.0598039215686272,HEART SHAPE WIRELESS DOORBELL,0.008917760451597638
79161A,5.9,2,2,2,2.95,ST GEORGE SET OF 10 PARTY LIGHTS,6.638754720824951e-05
79163,621.87,1517,33,25,0.5045454545454545,BLACK CHAMPAGNE GLASS,0.006997359997015953
79164,697.62,1666,19,12,0.642,BLACK WINE GLASS,0.007849708590410004
79190A,142.8,340,34,24,0.42,RETRO PLASTIC 70'S TRAY,0.0016068036849725476
79190B,245.1,655,35,24,0.41714285714285715,RETRO PLASTIC POLKA TRAY,0.0027578962408037213
79190D,95.34,227,25,16,0.42,RETRO PLASTIC DAISY TRAY,0.0010727777543787303
79191B,130.9,154,26,23,0.8499999999999999,RETRO PLASTIC POLKA TRAY,0.001472903377891502
79191C,812.53,1105,65,57,0.8364615384615384,RETRO PLASTIC ELEPHANT TRAY,0.009142690463240503
79191D,21.249999999999996,25,7,7,0.85,RETRO PLASTIC DAISY TRAY,0.00023910769121615288
79192A,3.75,3,2,2,1.25,RETRO PLASTIC 70'S TRAY,4.2195474920497567e-05
79302M,950.45,355,47,26,2.85,"ART LIGHTS,FUNK MONKEY",0.010694583770183178
79321,46265.11,9646,519,205,5.4284452975047985,CHILLI LIGHTS,0.5205808769864164
79323B,54.0,8,1,1,6.75,BLACK CHERRY LIGHTS,0.000607614838855165
79323P,27.0,4,1,1,6.75,PINK CHERRY LIGHTS,0.0003038074194275825
79329,12.18,12,2,2,1.015,PINK FLOCK GLASS CANDLEHOLDER,0.0001370509025417761
79331,17.5,26,3,3,0.8033333333333333,PINK FLOCK GLASS CANDLEHOLDER,0.0001969122162956553
79336,13.680000000000003,36,3,2,0.38000000000000006,LIGHT PINK FLOCK GLASS CANDLEHOLDER,0.00015392909250997518
79337,259.96,644,10,9,0.634,BLUE FLOCK GLASS CANDLEHOLDER,0.002925102842755346
79403,75.64999999999999,89,11,9,0.85,FROSTED WHITE BASE,0.0008512233807295041
79406,30.8,140,6,6,0.22,FROSTED WHITE BASE,0.00034656550068035336
81950B,33.64,116,8,8,0.29,FLOWER BLUE CLOCK WITH SUCKER,0.00037852154035347685
81950V,8.6,20,6,6,0.57,FLOWER PURPLE CLOCK W/SUCKER,9.676828915100775e-05
81952B,38.0,200,9,9,0.19,ROUND BLUE CLOCK WITH SUCKER,0.0004275808125277087
81952V,69.35,365,24,22,0.19,ROUND PURPLE CLOCK WITH SUCKER,0.0007803349828630683
81953B,2.09,11,3,2,0.19,ROUND BLUE CLOCK WITH SUCKER,2.3516944689023978e-05
81953P,5.32,28,3,2,0.19000000000000003,ROUND ARTICULATED PINK CLOCK W/SUCK,5.986131375387922e-05
82001S,5231.08,1508,105,49,3.827547169811321,VINYL RECORD FRAME SILVER,0.05886077465256438
82011A,60.0,16,10,8,3.75,"BATHROOM SCALES, TROPICAL BEACH",0.0006751275987279611
82011B,139.35,41,19,11,3.6657894736842107,BATHROOM SCALES RUBBER DUCKS,0.0015679838480456897
82011C,172.05,51,20,17,3.6700000000000004,BATHROOM SCALES FOOTPRINTS IN SAND,0.0019359283893524285
82095,53.550000000000004,7,4,4,7.65,HEART BUTTONS JEWELLERY BOX,0.0006025513818647053
82482,19945.45,8256,876,410,2.6547505668934237,WOODEN PICTURE FRAME WHITE FINISH,0.22442872940081018
82483,14573.720000000001,2324,509,241,6.7284375,WOOD 2 DRAWER CABINET WHITE FINISH,0.16398534313556104
82484,34414.71,5913,604,285,7.462615894039735,WOOD BLACK BOARD ANT WHITE FINISH,0.3872386753869858
82486,17467.33,2071,559,235,8.681103202846975,WOOD S/3 CABINET ANT WHITE FINISH,0.196544609318148
82494L,17583.77,6268,811,392,2.9328921568627453,WOODEN FRAME ANTIQUE WHITE,0.197854806944746
82551,4229.719999999999,2791,253,156,1.4927450980392156,LAUNDRY 15C METAL SIGN,0.047593345114860526
82552,4456.57,2918,292,184,1.4685472972972973,WASHROOM METAL SIGN,0.05014589004438449
82567,1007.21,495,149,86,2.0566442953020134,"AIRLINE LOUNGE,METAL SIGN",0.01133325447857983
82578,1087.46,1954,220,142,0.5614864864864865,KITCHEN METAL SIGN,0.012236237641878478
82580,3016.9500000000003,5503,383,210,0.5642487046632124,BATHROOM METAL SIGN,0.03394710348303871
82581,1997.13,3749,302,172,0.5550495049504951,TOILET METAL SIGN,0.02247195968745955
82582,8548.02,4288,374,176,2.109095744680851,AREA PATROLLED METAL SIGN,0.09618340360797645
82583,12731.34,6367,385,206,2.081275510204082,HOT BATHS METAL SIGN,0.14325465004648733
82599,879.1800000000001,421,85,67,2.0952873563218395,FANNY'S REST STOPMETAL SIGN,0.009892644704160816
82600,12095.28,5832,419,221,2.0834834123222747,NO SINGING METAL SIGN,0.13609762237237225
82605,29.400000000000002,14,3,3,2.1,OLD DOC RUSSEL METAL SIGN,0.00033081252337670096
82613A,82.5,66,14,13,1.25,"METAL SIGN,CUPCAKE SINGLE HOOK",0.0009283004482509465
82613B,267.6,400,45,39,1.0286666666666666,"METAL SIGN,CUPCAKE SINGLE HOOK",0.0030110690903267065
82613C,234.2,360,37,33,1.0032432432432432,"METAL SIGN,CUPCAKE SINGLE HOOK",0.0026352480603681417
82613D,270.85,469,50,43,0.9512,METAL SIGN CUPCAKE SINGLE HOOK,0.0030476385019244717
82615,91.8,36,1,1,2.55,PINK MARSHMALLOW SCARF KNITTING KIT,0.0010329452260537805
82616B,413.83,307,47,35,1.6657142857142857,FRAPPUCINO SCARF KNITTING KIT,0.004656467569693202
82616C,385.52,277,52,40,1.5763461538461538,MIDNIGHT GLAMOUR SCARF KNITTING KIT,0.004337919864360059
84006,706.3499999999999,831,77,46,0.8500000000000001,MAGIC TREE -PAPER FLOWERS,0.007947939656024921
84012,1190.0,1212,94,78,1.0826315789473684,MAGIC SHEEP WOOL GROWING FROM PAPER,0.013390030708104562
84016,10.5,25,1,1,0.42,FLAG OF ST GEORGE CAR FLAG,0.0001181473297773932
84029E,13311.26,3676,321,228,4.054829721362229,RED WOOLLY HOTTIE WHITE HEART.,0.149779983330726
84029G,9313.17,2465,319,211,4.000835913312693,KNITTED UNION FLAG HOT WATER BOTTLE,0.10479296831075477
84030E,5729.66,1414,277,198,4.272078853046596,ENGLISH ROSE HOT WATER BOTTLE,0.06447085995546083
84031A,498.53000000000003,173,49,34,3.967551020408163,CHARLIE+LOLA RED HOT WATER BOTTLE,0.005609522696564175
84031B,338.09000000000003,93,37,29,4.000270270270271,CHARLIE LOLA BLUE HOT WATER BOTTLE,0.0038042314975656063
84032A,1107.0100000000002,447,105,78,2.7401886792452834,CHARLIE+LOLA PINK HOT WATER BOTTLE,0.012456216717797338
84032B,1333.15,651,130,106,2.6450000000000005,CHARLIE + LOLA RED HOT WATER BOTTLE,0.015000772637403025
84033,37.95,23,7,7,1.65,FLAG OF ST GEORGE,0.0004270182061954355
84050,4370.78,3134,200,139,1.6407389162561576,PINK HEART SHAPE EGG FRYING PAN,0.04918057009946996
84051,211.95,279,24,24,0.8416,ASS COLOUR GLOWING TIARAS,0.0023848882425065226
84077,13558.409999999998,54319,472,307,0.2926059322033898,WORLD WAR 2 GLIDERS ASSTD DESIGNS,0.1525609464311529
84078A,13007.150000000001,357,106,79,38.86509433962265,SET/4 WHITE RETRO STORAGE CUBES,0.14635809909657335
84086B,47.2,16,7,3,2.95,YELLOW/BLUE RETRO RADIO,0.0005311003776659961
84086C,401.20000000000005,136,19,13,2.95,PINK/PURPLE RETRO RADIO,0.004514353210160967
84192,138.75,111,25,19,1.25,ASSORTED COLOUR METAL CAT,0.0015612325720584098
84199,26.88,128,28,28,0.21,GLOW IN DARK DOLPHINS,0.0003024571642301266
84201B,2.47,13,2,2,0.19,HAPPY BIRTHDAY CARD STRIPEY TEDDY,2.7792752814301068e-05
84201C,0.95,5,1,1,0.19,HAPPY BIRTHDAY CARD TEDDY/CAKE,1.0689520313192717e-05
84206A,4.5600000000000005,24,3,3,0.19000000000000003,3 BLACK CATS W HEARTS BLANK CARD,5.1309697503325056e-05
84206B,0.95,5,1,1,0.19,CAT WITH SUNGLASSES BLANK CARD,1.0689520313192717e-05
84206C,1.52,8,2,2,0.19,CHAMPAGNE TRAY BLANK CARD,1.7103232501108347e-05
84212,4871.45,10297,103,72,0.61873786407767,"ASSORTED FLOWER COLOUR ""LEIS""",0.054814172347055434
84218,222.29999999999998,122,40,37,1.9434999999999998,BOX/12 CHICK & EGG IN BASKET,0.002501347753287096
84226,34.510000000000005,49,9,9,0.8266666666666667,HEN HOUSE W FAMILY IN BARN & NEST,0.00038831089053503233
84227,0.42,1,1,1,0.42,HEN HOUSE W CHICK IN NEST,4.725893191095728e-06
84228,113.28,284,19,16,0.41736842105263156,HEN HOUSE W CHICK STANDING,0.0012746409063983906
84231,68.25,105,18,13,0.65,EASTER BUNNY WITH BASKET ON BACK,0.0007679576435530558
84247E,236.00000000000003,80,23,23,2.95,PACK OF 12 CHRISTMAS FUN CARDS,0.0026555018883299805
84247G,141.12,336,23,17,0.42,"DECOUPAGE,GREETING CARD,",0.0015879001122081646
84247K,64.9,22,9,7,2.95,"FOLK ART GREETING CARD,pack/12",0.0007302630192907448
84247L,45.36,108,8,8,0.42,FAWN AND MUSHROOM GREETING CARD,0.0005103964646383386
84247N,64.9,22,18,16,2.95,PACK/12 BLUE FOLKART CARDS,0.0007302630192907448
84249A,68.84,160,13,12,0.483076923076923,"GREETING CARD,SQUARE, DOUGHNUTS",0.0007745963982738809
84251B,29.830000000000002,157,14,12,0.19,"GREETING CARD, STICKY GORDON",0.0003356509378342514
84251C,4.5600000000000005,24,2,2,0.19,"GREETING CARD, TWO SISTERS.",5.1309697503325056e-05
84251G,34.2,180,15,15,0.19,"GREETING CARD, OVERCROWDED POOL.",0.00038482273127493784
84279B,666.93,179,57,48,3.7436842105263155,CHERRY BLOSSOM DECORATIVE FLASK,0.007504380823660652
84279P,1242.72,336,94,79,3.7348421052631577,CHERRY BLOSSOM  DECORATIVE FLASK,0.013983242824853533
84306,21.9,2,2,2,10.95,S/3 PINK SQUARE PLANTERS ROSES,0.0002464215735357058
84313B,175.8,76,13,6,3.1884615384615387,BLUE TV TRAY TABLE,0.0019781238642729263
84313C,908.15,461,24,17,2.2375,ORANGE TV TRAY TABLE,0.010218618813079965
84341B,252.23,618,33,30,0.5044117647058823,SMALL PINK MAGIC CHRISTMAS TREE,0.002838123903785894
84347,17554.27,7892,305,192,2.6070625,ROTATING SILVER ANGELS T-LIGHT HLDR,0.19752286920870477
84352,543.35,33,22,14,16.768181818181816,SILVER CHRISTMAS TREE BAUBLE STAND,0.006113843012813962
84356,1570.15,337,46,32,5.645652173913043,POMPOM CURTAIN,0.01766752665237847
84358,287.74,32,12,6,9.341666666666667,FLOOR LAMP SHADE WOOD BASE,0.0032376869209663926
84360,388.3,74,17,9,5.797058823529412,TABLE LAMP WHITE SHADE WOOD BASE,0.004369200776434455
84375,8676.27,4139,416,290,2.1499522673031026,SET OF 20 KIDS COOKIE CUTTERS,0.09762648885025746
84378,7719.34,6001,521,376,1.3282954545454546,SET OF 3 HEART COOKIE CUTTERS,0.08685899129941166
84380,6711.0,5287,498,325,1.3282306163021869,SET OF 3 BUTTERFLY COOKIE CUTTERS,0.07551302191772245
84387A,21.45,11,1,1,1.95,BIRD ON BRANCH CANVAS SCREEN,0.0002413581165452461
84388,13.14,24,6,6,1.02,WISE MAN STAR SHAPE EGG PAN,0.00014785294412142348
84402B,48.19,61,3,3,0.79,PURPLE DRESS JEWELLERY STAND,0.0005422399830450074
84406B,7121.2300000000005,1917,241,133,3.8149382716049387,CREAM CUPID HEARTS COAT HANGER,0.08012898183149197
84415A,15.0,12,2,2,1.25,PINK FLOCK SUEDE CUSHION COVER,0.00016878189968199027
84415B,12.5,6,2,2,2.5,BLUE FLOCK CUSHION COVER,0.00014065158306832525
84422,220.41,551,8,8,0.4475,PINK/BLUE DISC/MIRROR STRING,0.0024800812339271653
84429A,135.70000000000002,46,14,13,2.95,MEDIUM PINK BUDDHA HEAD,0.001526913585789739
84452,62.9,74,16,14,0.85,METAL RABBIT LADDER EASTER,0.0007077587659998126
84457,101.14999999999999,119,21,21,0.85,SET/3 RABBITS FLOWER SKIPPPING ROPE,0.0011381526101888876
84459A,906.14,670,53,50,1.477142857142857,PINK METAL CHICKEN HEART,0.010196002038522578
84459B,938.12,676,60,54,1.4821311475409835,YELLOW METAL CHICKEN HEART,0.010555845048644581
84461,104.55,41,14,13,2.55,12 PINK HEN+CHICKS IN BASKET,0.0011764098407834721
84462,15.0,12,6,6,1.25,3 PINK HEN+CHICKS IN BASKET,0.00016878189968199027
84465,29.5,10,7,7,2.95,15 PINK FLUFFY CHICKS IN BOX,0.0003319377360412475
84466,57.5,46,10,8,1.25,TOP SECRET PEN SET,0.0006469972821142961
84497,48.75,13,7,7,3.75,BUTTONS AND STRIPES NOTEBOOK,0.0005485411739664684
84499,5.949999999999999,7,2,2,0.85,BLACK FLOWER CANDLE PLATE,6.69501535405228e-05
84507B,79.05,31,14,10,2.55,STRIPES DESIGN MONKEY DOLL,0.0008894806113240888
84507C,160.64999999999998,63,25,11,2.55,BLUE CIRCLES DESIGN MONKEY DOLL,0.0018076541455941157
84508A,3445.5000000000005,1630,35,17,2.4085714285714284,CAMOUFLAGE DESIGN TEDDY,0.03876920235695317
84508B,142.79999999999998,56,30,21,2.55,STRIPES DESIGN TEDDY,0.0016068036849725474
84508C,130.04999999999998,51,20,14,2.55,BLUE CIRCLES DESIGN TEDDY,0.0014633390702428555
84509A,2194.64,612,139,103,3.80705035971223,SET OF 4 ENGLISH ROSE PLACEMATS,0.02469436722120554
84509B,585.0,156,48,37,3.75,SET OF 4 FAIRY CAKE PLACEMATS,0.0065824940875976205
84509C,269.55,77,23,20,3.715217391304348,SET OF 4 POLKADOT PLACEMATS,0.003033010737285365
84509E,101.06,70,8,7,2.385,SET OF 4 CAROUSEL PLACEMATS,0.001137139918790796
84509G,856.25,491,46,42,2.717391304347826,SET OF 4 FAIRY CAKE PLACEMATS,0.00963463344018028
84510A,1289.34,1058,144,100,1.2722602739726028,SET OF 4 ENGLISH ROSE COASTERS,0.014507816969065156
84510C,122.42,96,32,25,1.325625,SET OF 4 POLKADOT COASTERS,0.00137748534393795
84510E,26.05,25,9,9,1.018888888888889,SET OF 4 GREEN CAROUSEL COASTERS,0.0002931178991143898
84519A,739.1899999999999,477,61,45,1.4506557377049178,TOMATO CHARLIE+LOLA COASTER SET,0.008317459495062025
84519B,545.99,425,91,63,1.336304347826087,CARROT CHARLIE+LOLA COASTER SET,0.006143548627157991
84520B,388.69,481,54,51,0.8461818181818181,PACK 20 ENGLISH ROSE PAPER NAPKINS,0.004373589105826186
84522,23.4,12,6,6,1.95,PINK PARTY SUNGLASSES,0.00026329976350390483
84527,84.44999999999999,47,6,6,1.9000000000000001,FLAMES SUNGLASSES PINK LENSES,0.0009502420952096052
84531A,71.75999999999999,140,25,24,0.6900000000000001,PINK KNITTED EGG COSY,0.0008074526080786414
84531B,81.50999999999999,149,25,24,0.7020000000000001,BLUE KNITTED EGG COSY,0.000917160842871935
84534B,39.1,46,5,5,0.85,FAIRY CAKE NOTEBOOK A5 SIZE,0.0004399581518377214
84535A,185.1,398,20,19,0.6385,ENGLISH ROSE NOTEBOOK A6 SIZE,0.00208276864207576
84535B,762.99,1272,108,80,0.6680733944954129,FAIRY CAKES NOTEBOOK A6 SIZE,0.008585260109224117
84536A,1147.0,2729,221,140,0.42364444444444443,ENGLISH ROSE NOTEBOOK A7 SIZE,0.012906189262349523
84536B,655.34,1684,99,74,0.4303,FAIRY CAKES NOTEBOOK A7 SIZE,0.007373968675839701
84539,26.4,16,1,1,1.65,KNITTED RABBIT DOLL,0.0002970561434403029
84548,24.75,15,3,3,1.65,CROCHET BEAR RED/BLUE  KEYRING,0.00027849013447528393
84549,46.349999999999994,31,3,3,1.5833333333333333,CROCHET WHITE RABBIT KEYRING,0.0005215360700173498
84550,1.65,1,1,1,1.65,CROCHET LILAC/RED BEAR KEYRING,1.856600896501893e-05
84551,1.65,1,1,1,1.65,CROCHET DOG KEYRING,1.856600896501893e-05
84558A,855.5000000000001,290,60,49,2.95,3D DOG PICTURE PLAYING CARDS,0.00962619434519618
84559A,231.98,272,42,34,0.8685714285714285,3D SHEET OF DOG STICKERS,0.002610268339215207
84559B,183.6,216,43,36,0.85,3D SHEET OF CAT STICKERS,0.002065890452107561
84562A,15.9,2,2,2,7.95,PINK/WHITE RIBBED MELAMINE JUG,0.0001789088136629097
84563A,198.05,59,14,11,4.021428571428571,PINK & WHITE BREAKFAST TRAY,0.0022284836821345453
84563B,209.55,69,21,18,3.2357142857142858,BLUE & WHITE BREAKFAST TRAY,0.002357883138557404
84568,2088.0,11040,23,18,0.20304347826086958,GIRLS ALPHABET IRON ON PATCHES,0.02349444043573305
84569A,239.96,191,26,26,1.2965384615384616,PACK 3 IRON ON DOG PATCHES,0.0027000603098460262
84569B,93.75,75,11,11,1.25,PACK 3 FIRE ENGINE/CAR PATCHES,0.0010548868730124394
84569C,1.25,1,1,1,1.25,PACK 4 FLOWER/BUTTERFLY PATCHES,1.4065158306832522e-05
84569D,337.42,268,34,32,1.2855882352941177,PACK 6 HEART/ICE-CREAM PATCHES,0.0037966925727131442
84575A,39.3,14,4,4,3.95,PINK DOG CANNISTER,0.00044220857716681454
84576,111.14999999999999,57,9,8,1.9500000000000002,BLUE CAT BISCUIT BARREL PINK HEART,0.001250673876643548
84580,1256.3,334,120,91,3.765573770491803,MOUSE TOY WITH PINK T-SHIRT,0.014136046704698958
84581,615.76,164,70,60,3.7608571428571427,DOG TOY WITH PINK CROCHET SKIRT,0.006928609503212155
84584,211.64999999999998,83,18,18,2.55,PINK GINGHAM CAT WITH SCARF,0.0023815126045128826
84592,206.50000000000003,70,17,15,2.95,CROCHET ROSE PURSE WITH SUEDE BACK,0.002323564152288733
84593,14.750000000000002,5,1,1,2.95,CROCHET ROSE DES CLOTHES HANGER,0.00016596886802062378
84595E,109.79999999999998,64,9,8,2.1166666666666667,LARGE TORTILLA DESIGN RED BOWL,0.0012354835056721687
84596B,2040.19,4436,361,189,0.48358695652173916,SMALL DOLLY MIX DESIGN ORANGE BOWL,0.022956476260813315
84596E,252.63,391,35,33,0.7702857142857144,SMALL LICORICE DES PINK BOWL,0.0028426247544440803
84596F,1553.25,3285,288,166,0.49737373737373736,SMALL MARSHMALLOWS PINK BOWL,0.017477365712070092
84596G,774.18,1660,158,84,0.4859375,SMALL CHOCOLATES PINK BOWL,0.008711171406386881
84596J,205.28,469,27,21,0.5122222222222222,MIXED NUTS LIGHT GREEN BOWL,0.0023098365577812643
84596L,440.94,1038,79,49,0.48303797468354426,BISCUITS SMALL BOWL LIGHT BLUE,0.004961512723051786
84597B,51.25,41,5,3,1.25,RETRO BROWN BALL ASHTRAY,0.0005766714905801334
84597C,57.5,46,13,11,1.25,RETRO PINK BALL ASHTRAY,0.0006469972821142961
84598,262.08,1248,5,5,0.21000000000000002,BOYS ALPHABET IRON ON PATCHES,0.002948957351243734
84600,367.6,48,20,16,7.85,NEW BAROQUE JEWELLERY BOX,0.004136281754873308
84609,720.0,90,17,16,8.352941176470589,TALL ROCOCO CANDLE HOLDER,0.008101531184735533
84613A,27.900000000000002,6,3,3,4.65,PINK NEW BAROQUE FLOCK CANDLESTICK,0.0003139343334085019
84613C,4.65,1,1,1,4.65,BLUE NEW BAROQUE FLOCK CANDLESTICK,5.232238890141699e-05
84614A,11.9,2,1,1,5.95,PINK BAROQUE FLOCK CANDLE HOLDER,0.00013390030708104563
84616,329.45,11,6,6,29.95,SILVER ROCCOCO CHANDELIER,0.00370701312334878
84617,38.25,3,3,3,12.75,NEW BAROQUE BLACK BOXES,0.0004303938441890752
84620,11.9,2,1,1,5.95,BLUE GINGHAM ROSE CUSHION COVER,0.00013390030708104563
84625A,470.75,455,31,24,1.4596774193548387,PINK NEW BAROQUECANDLESTICK CANDLE,0.005296938618353128
84625C,478.15,439,28,20,1.5250000000000001,BLUE NEW BAROQUE CANDLESTICK CANDLE,0.005380204355529577
84629,150.0,20,10,10,10.05,WHITE 3 FRAME BIRDS AND TREE,0.0016878189968199029
84631,127.2,16,9,7,7.949999999999999,FRUIT TREE AND BIRDS WALL PLAQUE,0.0014312705093032776
84632,359.70000000000005,6,5,5,59.95,DECORATIVE HANGING SHELVING UNIT,0.004047389954374128
84637,172.55,29,13,11,5.950000000000001,KITCHEN FLOWER POTS WALL PLAQUE,0.0019415544526751617
84638,132.05,19,12,11,6.95,SMALL KITCHEN FLOWER POTS PLAQUE,0.001485843323533788
84658,308.48,44,16,14,7.028823529411765,WHITE STITCHED CUSHION COVER,0.0034710560275933574
84659A,314.31,134,22,19,2.4695454545454543,WHITE TRAVEL ALARM CLOCK,0.0035366559259364244
84660A,761.9,837,36,30,1.3680555555555556,WHITE STITCHED WALL CLOCK,0.008572995291180559
84660B,684.65,695,29,20,1.3410344827586207,BLACK STITCHED WALL CLOCK,0.00770376850781831
84660C,590.57,639,27,20,1.0018518518518518,PINK STITCHED WALL CLOCK,0.006645168433012868
84661A,132.99,94,11,10,2.129090909090909,WHITE SQUARE TABLE CLOCK,0.001496420322580526
84661B,225.48999999999998,95,12,10,2.5658333333333334,BLACK SQUARE TABLE CLOCK,0.0025372420372861324
84661C,70.10000000000001,62,5,5,1.494,PINK SQUARE TABLE CLOCK,0.000788774077847168
84663A,324.04,260,25,21,2.1212,GRASS HOPPER WOODEN WALL CLOCK,0.0036461391181968087
84665,624.75,105,17,14,5.95,SQUARE CHERRY BLOSSOM CABINET,0.007029766121754896
84666,94.80000000000001,24,4,4,3.95,SQUARE CHERRY BLOSSOM CABINET,0.0010667016059901788
84673A,40.95,63,25,21,0.6500000000000001,PINK FLY SWAT,0.00046077458613183345
84673B,114.21000000000001,135,42,31,0.86,BLUE FLY SWAT,0.001285105384178674
84674,426.3,186,40,31,2.825609756097561,FLYING PIG WATERING CAN,0.004796781588962164
84675,26.55,9,2,2,2.95,FROG KING WATERING CAN,0.0002987439624371228
84678,227.1,138,10,10,2.1599999999999997,CLASSICAL ROSE SMALL VASE,0.002555357961185333
84679,55.7,6,2,2,11.95,CLASSICAL ROSE TABLE LAMP,0.0006267434541524573
84683,147.35000000000002,187,7,6,0.9928571428571429,CLASSICAL ROSE CANDLESTAND,0.0016580008612094182
84685,78.75,21,9,6,3.75,BEACH HUT KEY CABINET,0.0008861049733304489
84686,66.39,49,8,7,2.9525,BEACH HUT MIRROR,0.000747028687992489
84687,376.5,70,20,16,5.7,BEACH HUT SHELF W 3 DRAWERS,0.004236425682017956
84688,144.5,34,8,7,4.25,BEACH HUT DESIGN BLACKBOARD,0.0016259323002698399
84689,9.95,3,2,2,3.975,S/2 BEACH HUT TREASURE CHESTS,0.00011195866012238688
84691,174.5,242,4,2,0.7525,PACK 20 DOLLY PEGS,0.00196349609963382
84692,2808.57,6803,364,209,0.430972972972973,BOX OF 24 COCKTAIL PARASOLS,0.031602385332656496
84705C,15.0,12,1,1,1.25,PINK FLOCK PHOTO FRAME,0.00016878189968199027
84706D,25.7,6,3,3,4.283333333333333,CHERRY BLOSSOM TABLE CLOCK,0.00028917965478847667
84706F,47.2,16,10,9,2.95,RED PEONY TABLE CLOCK,0.0005311003776659961
84707A,440.73999999999995,66,25,21,9.5512,SILVER JEWELLED MIRROR TRINKET TRAY,0.004959262297722692
84707B,178.56,29,13,13,8.873846153846154,PINK JEWELLED MIRROR TRINKET TRAY,0.0020091797338144123
84708B,256.75,53,14,13,4.8500000000000005,PINK JEWELLED PHOTO FRAME,0.0028889835162234003
84709B,119.0,20,11,11,5.95,PINK OVAL JEWELLED MIRROR,0.0013390030708104563
84711A,139.29999999999998,14,7,7,9.95,SILVER OVAL SHAPE TRINKET BOX,0.001567421241713416
84711B,149.25,15,8,7,9.95,PINK OVAL SHAPE TRINKET BOX,0.0016793799018358032
84712B,147.87,19,11,9,7.805454545454546,PINK JEWELLED PHOTO FRAME,0.0016638519670650602
84715,47.2,16,3,3,2.9500000000000006,SET OF 6 ICE CREAM SKITTLES,0.0005311003776659961
84723,97.95,41,6,5,3.9499999999999997,CHERRY BLOSSOM CANVAS ART PICTURE,0.0011021458049233965
84725,39.65,41,18,16,1.2444444444444445,FREESTYLE CANVAS ART PICTURE,0.00044614682149272765
84731,2.04,2,2,2,1.02,3 BIRDS CANVAS SCREEN,2.2954338356750676e-05
84732B,8.58,22,2,2,0.39,CUTE BIRD CEATURE SCREEN,9.654324661809843e-05
84732D,4.29,11,2,2,0.39,CUTE RABBIT CEATURE SCREEN,4.827162330904922e-05
84741C,117.0,60,14,14,1.95,CITRUS GARLAND FELT FLOWERS,0.0013164988175195242
84743C,1.25,1,1,1,1.25,ORANGE FELT VASE + FLOWERS,1.4065158306832522e-05
84744,135.0,108,18,17,1.25,S/6 SEW ON CROCHET FLOWERS,0.0015190370971379125
84745A,13.44,32,5,5,0.42000000000000004,PINK HANGING GINGHAM EASTER HEN,0.0001512285821150633
84745B,13.44,32,5,5,0.42000000000000004,BLUE HANGING GINGHAM EASTER HEN,0.0001512285821150633
84746,11.25,3,1,1,3.75,PINK EASTER HENS+FLOWER,0.0001265864247614927
84748,90.0,24,8,7,3.75,FOLK FELT HANGING MULTICOL GARLAND,0.0010126913980919416
84750A,46.8,24,1,1,1.95,PINK SMALL GLASS CAKE STAND,0.0005265995270078097
84750B,54.99,61,12,12,1.17,BLACK SMALL GLASS CAKE STAND,0.0006187544442341764
84751B,37.11,17,8,8,1.9,BLACK MEDIUM GLASS CAKE STAND,0.0004175664198132439
84754,586.46,502,36,35,1.2397297297297296,S/15 SILVER GLASS BAUBLES IN BAG,0.006598922192500002
84755,9566.51,15563,529,318,0.648377358490566,COLOUR GLASS T-LIGHT HOLDER HANGING,0.10764358207511712
84760S,62.349999999999994,43,8,8,1.45,SMALL HANGING GLASS+ZINC LANTERN,0.0007015700963448061
84763,679.01,573,49,39,1.2422448979591836,ZINC FINISH 15CM PLANTER POTS,0.007640306513537882
84766,340.7,146,14,11,3.3785714285714286,SILVER ROCOCO CANDLE STICK,0.0038335995481102725
84773,8.850000000000001,3,1,1,2.95,RED ROSE AND LACE C/COVER,9.958132081237427e-05
84789,595.8000000000001,180,43,33,3.6383720930232557,ENCHANTED BIRD PLANT CAGE,0.0067040170553686555
84792,3470.5400000000004,774,190,125,4.666197916666667,ENCHANTED BIRD COATHANGER 5 HOOK,0.03905095560815564
84795B,1249.65,167,40,33,7.8,SUNSET CHECK HAMMOCK,0.014061220062506612
84795C,15.9,2,1,1,7.95,OCEAN STRIPE HAMMOCK,0.0001789088136629097
84796A,178.5,14,10,10,12.75,PINK HAWAIIAN PICNIC HAMPER FOR 2,0.0020085046062156844
84796B,793.3499999999999,69,17,16,12.43235294117647,BLUE SAVANNAH PICNIC HAMPER FOR 2,0.008926874674180465
84798A,35.699999999999996,14,3,3,2.55,PINK FOXGLOVE ARTIIFCIAL FLOWER,0.00040170092124313685
84798B,17.849999999999998,7,2,2,2.55,PURPLE FOXGLOVE ARTIIFCIAL FLOWER,0.00020085046062156842
84799,155.48,220,9,9,0.9733333333333333,SPRIG LAVENDER ARTIFICIAL FLOWER,0.0017494806508370564
84800L,639.36,360,22,20,1.9245454545454548,LARGE WHITE/PINK ROSE ART FLOWER,0.007194159692045154
84800M,174.31,127,11,11,1.5372727272727273,MEDIUM WHITE/PINK ROSE ART FLOWER,0.001961358195571182
84800S,120.07000000000001,107,9,9,1.2077777777777778,SMALL WHITE/PINK ROSE ART FLOWER,0.001351042846321105
84801A,96.60000000000001,46,5,5,2.1,PINK HYDRANGEA ART FLOWER,0.0010869554339520175
84801B,46.2,22,3,3,2.1,WHITE HYDRANGEA ART FLOWER,0.0005198482510205302
84802A,3.38,2,1,1,1.69,WHITE ANEMONE ARTIFICIAL FLOWER,3.8032188061675144e-05
84802B,6.76,4,1,1,1.69,PURPLE ANEMONE ARTIFICIAL FLOWER,7.606437612335029e-05
84803B,25.35,15,3,3,1.6900000000000002,WHITE ALLIUM  ARTIFICIAL FLOWER,0.00028524141046256356
84804A,180.58,70,8,8,2.68,CREAM DELPHINIUM ARTIFICIAL FLOWER,0.002031909029638254
84804B,188.37000000000003,99,6,6,2.23,BLUE DELPHINIUM ARTIFICIAL FLOWER,0.0021195630962064344
84805A,52.5,30,3,3,2.0833333333333335,CREAM CLIMBING HYDRANGA ART FLOWER,0.000590736648886966
84805B,52.5,38,3,3,2.0833333333333335,BLUE CLIMBING HYDRANGA ART FLOWER,0.000590736648886966
84806A,96.88999999999999,137,11,11,1.0645454545454545,PINK CANDYSTUFT ARTIFICIAL FLOWER,0.0010902185506792023
84806B,394.15999999999997,296,19,18,1.3836842105263158,WHITE CANDYSTUFT ARTIFICIAL FLOWER,0.004435138238576886
84809A,79.80000000000001,38,5,5,2.1,WHITE CHRYSANTHEMUMS ART FLOWER,0.0008979197063081884
84809B,37.800000000000004,18,1,1,2.1,PINK CHRYSANTHEMUMS ART FLOWER,0.00042533038719861553
84813,1146.97,145,22,20,9.359545454545454,SET OF 4 DIAMOND NAPKIN RINGS,0.01290585169855016
84816,519.35,13,10,10,39.95,DANISH ROSE BEDSIDE CABINET,0.0058437919733227775
84817,710.64,951,55,48,1.4351785714285714,DANISH ROSE DECORATIVE PLATE,0.00799621127933397
84818,1460.81,1423,99,79,1.3489898989898987,DANISH ROSE PHOTO FRAME,0.016437219124963213
84819,951.79,811,62,56,2.2196774193548388,DANISH ROSE ROUND SEWING BOX,0.010709661619888101
84820,483.05,259,31,31,3.877741935483871,DANISH ROSE TRINKET TRAYS,0.0054353397760923605
84821,407.15,935,40,35,0.614390243902439,DANISH ROSE DELUXE COASTER,0.004581303363701489
84823,890.4000000000001,112,25,25,7.95,DANISH ROSE FOLDING CHAIR,0.010018893565122944
84824,31.9,2,2,2,15.95,DANISH ROSE UMBRELLA STAND,0.00035894283999036595
84826,386.83,1159,30,28,0.54875,ASSTD DESIGN 3D PAPER STICKERS,0.00435266015026562
84827,153.09,509,14,12,0.465,ASS DES PHONE SPONGE CRAFT STICKER,0.0017225880681543929
84828,1187.41,950,111,82,1.3108849557522124,JUNGLE POPSICLES ICE LOLLY MOULDS,0.013360887700092805
84832,2176.1,2606,188,137,0.8724607329842932,ZINC WILLIE WINKIE  CANDLE STICK,0.0244857527931986
84836,7099.93,5750,476,311,1.255514403292181,ZINC METAL HEART DECORATION,0.07988931153394356
84840,25.5,3,3,3,8.5,SWEETHEART CARRY-ALL BASKET,0.00028692922945938346
84842,52.5,14,9,8,3.75,HELLO SAILOR BATHROOM SET,0.000590736648886966
84843,864.35,161,41,36,5.857142857142857,WHITE SOAP RACK WITH 2 BOTTLES,0.009725775666008553
84846A,109.20000000000002,52,10,9,2.1,SCENTED CANDLE IN DIGITALIS TIN,0.0012287322296848893
84847,75.0,20,11,9,3.75,FLORAL BATHROOM SET,0.0008439094984099514
84849A,261.95,155,31,25,1.69,HELLO SAILOR BLUE SOAP HOLDER,0.0029474945747798233
84849B,392.08,232,57,41,1.69,FAIRY SOAP SOAP HOLDER,0.004411733815154317
84849D,809.51,479,102,64,1.69,HOT BATHS SOAP HOLDER,0.009108709040771197
84854,24.75,5,1,1,4.95,GIRLY PINK TOOL SET,0.00027849013447528393
84857B,46.8,24,1,1,1.95,BLUE MONTE CARLO HANDBAG,0.0005265995270078097
84857C,198.35,95,8,8,2.76875,PINK MONTE CARLO HANDBAG,0.0022318593201281845
84858C,250.05,185,5,4,4.07,PINK RIVIERA HANDBAG,0.002813594267698778
84859A,248.20999999999998,123,30,24,2.2196774193548388,SILVER DISCO HANDBAG,0.0027928903546711203
84859B,60.68,30,10,10,2.168,BLUE DISCO HANDBAG,0.0006827790448468781
84859C,176.39,83,21,17,2.348095238095238,PINK DISCO HANDBAG,0.001984762618993751
84865,109.65,24,11,8,5.9772727272727275,NEW BAROQUE BLACK PHOTO ALBUM,0.001233795686675349
84870B,75.0,20,10,9,3.75,BLUE GEISHA GIRL,0.0008439094984099514
84870C,75.0,20,10,10,3.75,GREEN GEISHA GIRL,0.0008439094984099514
84872A,50.849999999999994,3,3,3,16.95,TEATIME FUNKY FLOWER BACKPACK FOR 2,0.0005721706399219469
84873A,33.9,2,2,2,16.95,FUNKY FLOWER PICNIC BAG FOR 4,0.00038144709328129803
84874B,56.1,34,7,7,1.65,BLUE TRAVEL FIRST AID KIT,0.0006312443048106436
84875B,168.75,125,15,14,1.5833333333333333,GREEN SQUARE COMPACT MIRROR,0.0018987963714223908
84875D,63.75,51,8,8,1.25,BLUE SQUARE COMPACT MIRROR,0.0007173230736484586
84876B,251.25,201,20,17,1.25,GREEN HEART COMPACT MIRROR,0.0028270968196733373
84876D,187.5,124,12,12,2.2916666666666665,BLUE HEART COMPACT MIRROR,0.0021097737460248787
84877A,15.0,12,1,1,1.25,PINK ROUND COMPACT MIRROR,0.00016878189968199027
84877B,157.5,126,9,8,1.25,GREEN ROUND COMPACT MIRROR,0.0017722099466608977
84877D,121.25,87,11,11,1.7045454545454546,BLUE ROUND COMPACT MIRROR,0.0013643203557627548
84879,56413.03,35263,1375,678,1.6807096774193548,ASSORTED COLOUR BIRD ORNAMENT,0.6347665580144738
84880,1881.15,301,65,51,7.047727272727272,WHITE WIRE EGG HOLDER,0.021166938039118403
84881,69.85,11,5,5,6.35,BLUE WIRE SPIRAL CANDLE HOLDER,0.0007859610461858013
84882,127.5,34,15,12,3.75,GREEN WIRE STANDING CANDLE HOLDER,0.0014346461472969172
84884A,1076.66,286,64,52,4.028125,ANT WHITE WIRE HEART SPIRAL,0.012114714674107446
84898F,94.50000000000001,45,18,15,2.1,YELLOW FLOWERS FELT HANDBAG KIT,0.001063325967996539
84905,59.400000000000006,12,2,2,4.95,PINK BUTTERFLY CUSHION COVER,0.0006683763227406816
84906,98.6,28,10,9,4.35,PINK B'FLY C/COVER W BOBBLES,0.0011094596872429493
84907,38.25,5,3,3,7.650000000000001,PINK YELLOW PATCH CUSHION COVER,0.0004303938441890752
84910A,59.5,10,6,6,5.95,PINK PAISLEY CUSHION COVER,0.0006695015354052282
84912A,386.25,103,38,25,3.75,PINK ROSE WASHBAG,0.00434613391681125
84912B,555.0,148,46,32,3.75,GREEN ROSE WASHBAG,0.006244930288233639
84913A,172.05,37,10,10,4.65,SOFT PINK ROSE TOWEL,0.0019359283893524285
84913B,325.5,70,20,19,4.65,MINT GREEN ROSE TOWEL,0.003662567223099189
84915,281.95,199,11,8,2.89,HAND TOWEL PINK FLOWER AND DAISY,0.0031725371076891436
84916,407.4,212,18,17,3.8055555555555554,HAND TOWEL PALE BLUE W FLOWERS,0.004584116395362855
84917,400.5,170,14,13,3.2642857142857147,WHITE HAND TOWEL WITH BUTTERFLY,0.00450647672150914
84919,201.55,29,9,9,6.95,BLUE CUSHION COVER WITH FLOWER,0.0022678661253936762
84920,266.25,71,26,22,3.75,PINK FLOWER FABRIC PONY,0.0029958787193553275
84921,41.25,11,5,5,3.75,CREAM AND PINK FLOWERS PONY,0.00046415022412547326
84922,34.0,8,5,5,4.25,PINK BUTTERFLY WASHBAG,0.0003825723059458446
84924A,281.13,72,24,21,4.059166666666667,WAKE UP COCKEREL CALENDAR SIGN,0.003163310363839862
84924F,7.9,10,3,3,0.79,PSYCHEDELIC METAL SIGN CALENDAR,8.889180049918155e-05
84925D,38.25,15,10,8,2.55,LA PALMIERA WALL THERMOMETER,0.0004303938441890752
84925F,109.92999999999999,79,14,14,1.9214285714285713,PSYCHEDELIC WALL THERMOMETER,0.0012369462821360793
84926A,198.08999999999997,597,31,24,0.47580645161290325,WAKE UP COCKEREL TILE COASTER,0.0022289337672003634
84926D,266.64,705,31,25,0.6515624999999999,LA PALMIERA TILE COASTER,0.003000267048747059
84926E,322.88,966,37,32,0.44054054054054054,FLOWERS TILE COASTER,0.003633086651288068
84926F,178.0,423,23,18,0.9091304347826087,PSYCHEDELIC TILE COASTER,0.002002878542892951
84927A,53.85,46,14,12,1.4892857142857143,WAKE UP COCKEREL TILE HOOK,0.0006059270198583451
84927D,39.39,44,11,9,0.8563636363636363,LA PALMIERA TILE HOOK,0.0004432212685649065
84927E,71.82000000000001,57,11,10,1.53,FLOWERS TILE HOOK,0.0008081277356773695
84927F,166.35,295,40,36,0.7971428571428573,PSYCHEDELIC TILE HOOK,0.0018717912674732723
84929,545.1600000000001,2244,62,57,0.2770967741935484,ASSTD FRUIT+FLOWERS FRIDGE MAGNETS,0.006134209362042255
84931A,209.1,82,22,20,2.55,PINK SCOTTIE DOG W FLOWER PATTERN,0.0023528196815669443
84931B,334.04999999999995,131,25,21,2.55,BLUE SCOTTIE DOG W FLOWER PATTERN,0.0037587729059179228
84944,1014.7499999999999,563,71,62,2.1555555555555554,SET OF 6 KASHMIR FOLKART BAUBLES,0.011418095513486642
84945,8259.25,10267,306,208,0.8538585209003215,MULTI COLOUR SILVER T-LIGHT HOLDER,0.09293412699656521
84946,19193.170000000002,16436,677,415,1.2384604105571848,ANTIQUE SILVER T-LIGHT GLASS,0.21596397956795904
84947,9271.84,8219,278,177,1.2456890459363958,ANTIQUE SILVER TEA GLASS ENGRAVED,0.10432791791649765
84949,7173.449999999999,4653,250,165,1.6325396825396825,SILVER HANGING T-LIGHT HOLDER,0.08071656788491821
84950,1983.17,3349,87,66,0.6763636363636364,ASSORTED COLOUR T-LIGHT HOLDER,0.022314879999488845
84951A,314.27,362,33,26,1.0033333333333334,SET OF 4 PISTACHIO LOVEBIRD COASTER,0.003536205840870605
84951B,318.44,334,31,24,1.0784375,SET OF 4 BLACK LOVEBIRD COASTERS,0.003583127208982199
84952A,146.21,38,6,6,4.368333333333333,CLEAR LOVE BIRD T-LIGHT HOLDER,0.0016451734368335864
84952B,247.46,145,13,10,3.266153846153846,BLACK LOVE BIRD T-LIGHT HOLDER,0.002784451259687021
84952C,225.0,140,9,7,3.0,MIRROR LOVE BIRD T-LIGHT HOLDER,0.002531728495229854
84963A,171.8,4,1,1,42.95,PINK PAINTED KASHMIRI CHAIR,0.001933115357691062
84963B,149.85000000000002,3,1,1,49.95,BLUE PAINTED KASHMIRI CHAIR,0.001686131177823083
84968A,1787.85,147,48,32,12.676530612244898,SET OF 16 VINTAGE ROSE CUTLERY,0.02011711462309642
84968B,25.5,2,2,2,12.75,SET OF 16 VINTAGE IVORY CUTLERY,0.00028692922945938346
84968C,1198.5,94,48,36,12.75,SET OF 16 VINTAGE PISTACHIO CUTLERY,0.013485673784591022
84968D,814.92,62,31,27,13.537741935483872,SET OF 16 VINTAGE RED CUTLERY,0.009169583045923168
84968E,1035.06,87,22,15,13.141363636363637,SET OF 16 VINTAGE BLACK CUTLERY,0.011646626205656057
84968F,951.3,78,30,25,12.69,SET OF 16 VINTAGE SKY BLUE CUTLERY,0.010704148077831823
84969,1267.99,295,73,48,4.402876712328767,BOX OF 6 ASSORTED COLOUR TEASPOONS,0.014267584065184457
84970L,5663.53,5699,336,234,1.0274777448071217,SINGLE HEART ZINC T-LIGHT HOLDER,0.06372675682039616
84970S,6808.49,8444,412,271,0.8687864077669902,HANGING HEART ZINC T-LIGHT HOLDER,0.07660999174438893
84971S,1365.5,1654,114,69,0.8574782608695652,SMALL HEART FLOWERS HOOK,0.015364778934383847
84974,388.04999999999995,39,28,26,9.95,S/2 ZINC HEART DESIGN PLANTERS,0.004366387744773088
84975,8.45,5,2,2,1.69,HEART SHAPED MIRROR,9.508047015418784e-05
84976,420.68,502,29,27,1.000344827586207,RECTANGULAR SHAPED MIRROR,0.004733544637214645
84978,12650.970000000001,10961,572,304,1.2278856152512998,HANGING HEART JAR T-LIGHT HOLDER,0.14235031662799125
84984A,88.35000000000001,19,6,4,4.65,GREEN PEONY CUSHION COVER,0.0009941253891269227
84984B,79.05000000000001,17,5,4,4.65,RED PEONY CUSHION COVER,0.000889480611324089
84984D,60.45,13,4,3,4.65,ORIENTAL RED CUSHION COVER,0.0006801910557184209
84985A,59.449999999999996,41,18,15,1.45,SET OF 72 GREEN PAPER DOILIES,0.0006689389290729547
84987,4075.7799999999997,2926,240,201,1.4633749999999999,SET OF 36 TEATIME PAPER DOILIES,0.045861192739057484
84988,5565.23,3953,307,209,1.4693181818181817,SET OF 72 PINK HEART PAPER DOILIES,0.06262067277114684
84989A,14.850000000000001,27,17,16,0.55,75 GREEN FAIRY CAKE CASES,0.0001670940806851704
84990,1.1,2,2,2,0.55,60 GOLD AND SILVER FAIRY CAKE CASES,1.237733931001262e-05
84991,8604.62,17664,657,414,0.5481696428571429,60 TEATIME FAIRY CAKE CASES,0.09682027397610982
84992,6252.35,13029,501,325,0.556116504854369,72 SWEETHEART FAIRY CAKE CASES,0.07035223403177945
84993A,128.1,305,33,30,0.42,75 GREEN PETIT FOUR CASES,0.001441397423284197
84993B,23.94,57,17,16,0.42,75 BLACK PETIT FOUR CASES,0.0002693759118924565
84997A,9618.29,2525,234,143,4.080854700854701,CHILDRENS CUTLERY POLKADOT GREEN,0.10822621719281936
84997B,15158.81,4035,326,202,4.044181818181818,CHILDRENS CUTLERY RETROSPOT RED,0.17056884991455673
84997C,14040.59,3693,308,202,4.01935064935065,CHILDRENS CUTLERY POLKADOT BLUE,0.15798649685706373
84997D,18798.7,4920,424,248,4.08536299765808,CHILDRENS CUTLERY POLKADOT PINK,0.21152535317012205
85006,57.25,55,9,9,1.55,SET 4 NURSERY DES ROUND BOXES,0.0006441842504529296
85008,55.95,12,7,7,4.457142857142857,SET OF 3 CONEY ISLAND OVAL BOXES,0.0006295564858138238
85014A,6361.990000000001,1132,256,183,6.0967578125,BLACK/BLUE POLKADOT UMBRELLA,0.07158591719718836
85014B,10217.720000000001,1841,303,210,6.093861386138614,RED RETROSPOT UMBRELLA,0.11497107946791107
85015,1590.1200000000001,2128,113,103,1.0183185840707965,SET OF 12  VINTAGE POSTCARD SET,0.017892231621488428
85016,459.0,522,25,22,1.7139999999999997,SET OF 6 VINTAGE NOTELETS KIT,0.005164726130268903
85017A,5.1,6,2,2,0.85,ENVELOPE 50 ROMANTIC IMAGES,5.738584589187669e-05
85017B,491.55,947,74,65,0.4998666666666667,ENVELOPE 50 BLOSSOM IMAGES,0.005530982852578821
85017C,26.17,49,10,10,0.6154545454545454,ENVELOPE 50 CURIOUS IMAGES,0.00029446815431184573
85018D,30.599999999999998,12,7,6,2.55,YULETIDE IMAGES S/6 PAPER BOXES,0.00034431507535126016
85019A,547.25,409,28,25,1.7857142857142858,ROMANTIC IMAGES NOTEBOOK SET,0.006157726306731279
85019B,640.5,498,25,21,1.37,BLOSSOM  IMAGES NOTEBOOK SET,0.0072069871164209855
85019C,262.25,181,10,9,2.45,CURIOUS  IMAGES NOTEBOOK SET,0.0029508702127734633
85020,163.8,78,16,11,2.1,ROUND PINK HEART MIRROR,0.0018430983445273338
85023B,232.8,104,12,10,2.5124999999999997,EAU DE NILE JEWELLED PHOTOFRAME,0.002619495083064489
85024B,289.65,193,12,12,1.633333333333333,EAU DE NILE JEWELLED PHOTOFRAME,0.003259178482859232
85024C,19.799999999999997,12,9,8,1.65,PINK SMALL JEWELLED PHOTOFRAME,0.00022279210758022712
85025B,471.15,303,21,20,1.6404761904761902,EAU DE NILE HEART SHAPE PHOTO FRAME,0.005301439469011314
85025C,476.34999999999997,307,28,27,1.643103448275862,PINK HEART SHAPE PHOTO FRAME,0.005359950527567737
85026B,63.75,75,9,9,0.85,EAU DE NILE JEWELLED T-LIGHT HOLDER,0.0007173230736484586
85027L,160.5,70,18,17,2.95,FRENCH CHATEAU LARGE PLATTER,0.001805966326597296
85028L,19.5,10,4,4,1.95,FRENCH CHATEAU LARGE FRUIT BOWL,0.00021941646958658736
85028S,51.599999999999994,24,8,8,2.025,FRENCH CHATEAU SMALL FRUITBOWL,0.0005806097349060466
85030,29.25,15,6,6,1.95,FRENCH CHATEAU OVAL PLATTER,0.00032912470437988106
85031A,45.9,16,7,7,3.892857142857143,ROMANTIC IMAGES SCRAP BOOK SET,0.0005164726130268902
85031B,4.95,1,1,1,4.95,BLOSSOM IMAGES SCRAP BOOK SET,5.5698026895056794e-05
85031C,14.850000000000001,3,1,1,4.95,CURIOUS IMAGES SCRAP BOOK SET,0.0001670940806851704
85032A,679.1500000000001,737,96,82,0.7708333333333334,ROMANTIC IMAGES GIFT WRAP SET,0.007641881811268247
85032B,655.8000000000001,739,93,84,0.7591397849462367,BLOSSOM IMAGES GIFT WRAP SET,0.007379144654096616
85032C,565.1,595,84,72,0.7864705882352943,CURIOUS IMAGES GIFT WRAP SET,0.006358576767352847
85032D,467.50000000000006,630,58,57,0.871186440677966,YULETIDE IMAGES GIFT WRAP SET,0.0052603692067553645
85034A,840.29,489,67,58,2.2916438356164384,3 GARDENIA MORRIS BOXED CANDLES,0.009455049498918641
85034B,1357.44,880,90,80,2.0891304347826085,3 WHITE CHOC MORRIS BOXED CANDLES,0.015274086793621392
85034C,1555.64,1068,131,109,1.798695652173913,3 ROSE MORRIS BOXED CANDLES,0.01750425829475276
85035A,677.04,260,71,59,3.3316216216216215,GARDENIA 3 WICK MORRIS BOXED CANDLE,0.007618139824046313
85035B,816.25,557,43,38,2.5755813953488373,CHOCOLATE 3 WICK MORRIS BOX CANDLE,0.009184548374361638
85035C,1592.7,1090,107,86,2.2063963963963964,ROSE 3 WICK MORRIS BOX CANDLE,0.01792126210823373
85036A,631.03,199,52,48,3.5028571428571427,GARDENIA 1 WICK MORRIS BOXED CANDLE,0.007100429477088422
85036B,553.58,352,42,40,2.078809523809524,CHOCOLATE 1 WICK MORRIS BOX CANDLE,0.006228952268397078
85036C,1013.52,726,76,66,2.3345569620253164,ROSE 1 WICK MORRIS BOXED CANDLE,0.011404255397712719
85038,1985.8600000000001,1014,110,70,2.1428947368421056,6 CHOCOLATE LOVE HEART T-LIGHTS,0.02234514822016515
85039A,583.2499999999999,443,40,26,1.59825,SET/4 RED MINI ROSE CANDLE IN BOWL,0.006562802865968055
85039B,669.91,491,51,38,1.6151923076923076,S/4 IVORY MINI ROSE CANDLE IN BOWL,0.007537912161064141
85039C,129.94,222,12,9,1.3358333333333332,S/4 BLACK MINI ROSE CANDLE IN BOWL,0.0014621013363118544
85040A,1344.8899999999999,805,125,86,1.7115384615384615,S/4 PINK FLOWER CANDLES IN BOWL,0.015132872604220794
85040B,222.74999999999997,135,34,28,1.65,SET/4 BLUE FLOWER CANDLES IN BOWL,0.0025064112102775554
85045,186.15,41,10,9,4.880000000000001,GREEN CHRISTMAS TREE STRING 20LIGHT,0.0020945833750534997
85047,19.049999999999997,3,2,2,6.35,WHITE BEADED GARLAND STRING 20LIGHT,0.00021435301259612762
85048,9374.7,1266,214,170,7.769444444444445,15CM CHRISTMAS GLASS BALL 20 LIGHTS,0.10548531166325029
85049A,3602.8,2903,266,204,1.2925461254612545,TRADITIONAL CHRISTMAS RIBBONS,0.04053916187828497
85049B,67.5,54,13,13,1.25,LUSH GREENS RIBBONS,0.0007595185485689563
85049C,1468.85,1196,205,162,1.2548571428571427,ROMANTIC PINKS RIBBONS,0.01652768622319276
85049D,671.25,537,102,85,1.25,BRIGHT BLUES RIBBONS,0.007552990010769065
85049E,3492.2,2741,335,248,1.2920234604105572,SCANDINAVIAN REDS RIBBONS,0.03929467667129643
85049F,467.5,374,85,70,1.25,BABY BOOM RIBBONS,0.005260369206755364
85049G,1917.58,1573,227,161,1.2739240506329115,CHOCOLATE BOX RIBBONS,0.021576853012812727
85049H,519.22,447,73,58,1.194078947368421,URBAN BLACK RIBBONS,0.005842329196858866
85053,3087.5200000000004,1541,233,157,2.1339495798319326,FRENCH ENAMEL CANDLEHOLDER,0.03474116606040925
85054,1227.41,549,87,66,2.784772727272727,FRENCH ENAMEL POT W LID,0.013810972765911447
85055,122.75,37,10,9,3.6700000000000004,FRENCH ENAMEL UTENSIL HOLDER,0.0013811985457309536
85059,771.21,290,79,62,3.358875,FRENCH ENAMEL WATER BASIN,0.008677752590249848
85061W,1594.5,1968,108,77,0.8562608695652174,WHITE JEWELLED HEART DECORATION,0.017941515936195567
85062,2214.87,1368,132,97,1.666842105263158,PEARL CRYSTAL PUMPKIN T-LIGHT HLDR,0.02492199774324332
85064,866.05,205,23,20,5.381739130434783,CREAM SWEETHEART LETTER RACK,0.009744904281305845
85066,20448.17,1696,445,289,12.647355555555556,CREAM SWEETHEART MINI CHEST,0.23008539850801887
85067,126.64999999999999,7,5,5,18.55,CREAM SWEETHEART WALL CABINET,0.0014250818396482712
85071A,512.8000000000001,976,90,77,0.723804347826087,BLUE CHARLIE+LOLA PERSONAL DOORSIGN,0.0057700905437949755
85071B,618.35,1245,103,88,0.6335238095238095,RED CHARLIE+LOLA PERSONAL DOORSIGN,0.006957752511223913
85071C,313.78,607,72,62,0.7483561643835616,"CHARLIE+LOLA""EXTREMELY BUSY"" SIGN",0.003530692298814327
85071D,205.98,362,64,58,0.6845454545454546,CHARLIE+LOLA MY ROOM DOOR SIGN,0.0023177130464330903
85078,376.50000000000006,1746,65,46,0.2989230769230769,SCANDINAVIAN 3 HEARTS NAPKIN RING,0.004236425682017956
85084,14.45,17,6,6,0.85,HOLLY TOP CHRISTMAS STOCKING,0.00016259323002698394
85086A,38.25,45,8,8,0.85,CANDY SPOT HEART DECORATION,0.0004303938441890752
85087,119.36000000000001,40,7,7,2.9985714285714287,CANDY SPOT CUSHION COVER,0.0013430538364028243
85088,385.27000000000004,188,20,18,2.2738095238095237,CANDY SPOT HAND BAG,0.004335106832698694
85089,38.35,13,5,5,2.95,CANDY SPOT BUNNY,0.00043151905685362185
85092,40.05,27,2,2,2.3,CANDY SPOT TEA COSY,0.000450647672150914
85093,227.49,451,20,20,0.5947619047619048,CANDY SPOT EGG WARMER HARE,0.0025597462905770645
85094,122.75000000000001,501,30,29,0.29600000000000004,CANDY SPOT EGG WARMER RABBIT,0.0013811985457309538
85095,128.26,66,10,9,2.356,THREE CANVAS LUGGAGE TAGS,0.0014431977635474714
85096,75.0,20,11,10,3.75,HILDA CANDY SPOT RABBIT,0.0008439094984099514
85099B,85040.54000000001,46078,1600,635,2.015969040247678,JUMBO BAG RED RETROSPOT,0.9568869260788189
85099C,23630.58,12771,649,306,2.0121189024390245,JUMBO  BAG BAROQUE BLACK WHITE,0.2658942788658164
85099F,30569.32,16771,654,315,2.006326219512195,JUMBO BAG STRAWBERRY,0.3439698601057773
85103,545.45,91,6,6,6.3500000000000005,SILVER T-LIGHT SETTING,0.0061374724787694405
85104,502.47999999999996,196,14,13,3.084285714285714,SILVER GLASS T-LIGHT SET,0.005653968596813765
85106,912.9599999999999,528,9,9,2.4544444444444444,CUT GLASS HEXAGON T-LIGHT HOLDER,0.010272741542244656
85107,511.35,241,25,21,2.4225925925925926,CUT GLASS T-LIGHT HOLDER OCTAGON,0.005753774960159049
85109,10.2,12,1,1,0.85,PINK BOUDOIR T-LIGHT HOLDER,0.00011477169178375339
85111,416.07,1395,51,40,0.30846153846153845,SILVER GLITTER FLOWER VOTIVE HOLDER,0.004681672333379046
85114A,893.25,585,42,20,1.630952380952381,BLACK ENCHANTED FOREST PLACEMAT,0.010050962126062522
85114B,624.4499999999999,393,51,36,1.642156862745098,IVORY ENCHANTED FOREST PLACEMAT,0.007026390483761255
85114C,730.05,457,60,37,1.6436507936507936,RED ENCHANTED FOREST PLACEMAT,0.008214615057522466
85116,702.8000000000001,694,37,30,1.231578947368421,BLACK CANDELABRA T-LIGHT HOLDER,0.007907994606433518
85118,135.74,142,6,5,1.105,HEART T-LIGHT HOLDER,0.0015273636708555574
85123A,100547.45,36763,1978,856,2.8927681660899656,WHITE HANGING HEART T-LIGHT HOLDER,1.1313726412786622
85124B,209.1,82,29,23,2.55,BLUE JUICY FRUIT PHOTO FRAME,0.0023528196815669443
85124C,214.2,84,31,23,2.55,GREEN JUICY FRUIT PHOTO FRAME,0.0024102055274588213
85125,574.75,127,18,14,4.794444444444444,SMALL ROUND CUT GLASS CANDLESTICK,0.006467159789481594
85127,396.0,80,19,17,4.95,SMALL SQUARE CUT GLASS CANDLESTICK,0.004455842151604543
85129B,124.11,101,16,10,1.389375,BEADED CRYSTAL HEART GREEN SMALL,0.0013965014379687876
85129C,99.88,77,12,8,1.5525,BEADED CRYSTAL HEART BLUE SMALL,0.0011238624093491457
85129D,240.13,165,34,16,1.4991176470588234,BEADED CRYSTAL HEART PINK SMALL,0.002701973171375755
85130A,127.04999999999998,77,10,10,1.65,BEADED PEARL HEART WHITE LARGE,0.0014295826903064576
85130B,707.7,816,50,44,0.9564,BEADED CRYSTAL HEART GREEN LARGE,0.007963130026996303
85130C,424.06,478,43,37,0.9268181818181819,BEADED CRYSTAL HEART BLUE  LARGE,0.00477157682527632
85130D,526.38,552,51,41,1.1207692307692307,BEADED CRYSTAL HEART PINK LARGE,0.005922894423640403
85131A,462.17,469,25,19,1.2092,BEADED PEARL HEART WHITE ON STICK,0.00520039537173503
85131B,120.38,142,13,2,0.8946153846153846,BEADED CRYSTAL HEART GREEN ON STICK,0.0013545310055811993
85131C,78.71,73,11,5,1.0036363636363637,BEADED CRYSTAL HEART BLUE ON STICK,0.0008856548882646302
85131D,113.09,115,12,5,1.005,BEADED CRYSTAL HEART PINK ON STICK,0.0012725030023357522
85132A,963.3499999999999,453,51,38,2.8911764705882352,CHARLIE + LOLA BISCUITS TINS,0.010839736203909687
85132B,1048.35,513,60,44,2.75,CHARLIE AND LOLA TABLE TINS,0.011796166968774299
85132C,2817.7999999999997,1404,126,96,2.3279527559055118,CHARLIE AND LOLA FIGURES TINS,0.03170624246159414
85135A,119.25,15,6,6,7.95,YELLOW DRAGONFLY HELICOPTER,0.0013418161024718227
85135B,373.65000000000003,47,34,28,7.95,BLUE DRAGONFLY HELICOPTER,0.004204357121078378
85135C,620.1,78,49,41,7.95,RED DRAGONFLY HELICOPTER,0.006977443732853478
85136A,397.5,50,37,35,7.95,YELLOW SHARK HELICOPTER,0.004472720341572743
85136B,15.9,2,2,2,7.95,BLUE SHARK HELICOPTER,0.0001789088136629097
85136C,278.25,35,25,20,7.95,RED SHARK HELICOPTER,0.0031309042391009195
85141,611.65,119,38,32,5.692105263157895,JARDIN ETCHED GLASS FRUITBOWL,0.006882363262699291
85144,582.7,220,41,38,3.9690476190476187,JARDIN ETCHED GLASS CHEESE DISH,0.006556614196313049
85145,163.75,37,13,12,5.303846153846154,JARDIN ETCHED GLASS LARGE BELL JAR,0.0018425357381950606
85146,147.85000000000002,43,8,8,3.6166666666666663,JARDIN ETCHED GLASS SMALL BELL JAR,0.0016636269245321512
85150,8696.58,3898,367,196,2.5139673913043477,LADIES & GENTLEMEN METAL SIGN,0.09785501954242687
85152,15484.51,8138,590,270,2.1021452702702703,HAND OVER THE CHOCOLATE   SIGN,0.17423366756298503
85159A,779.4499999999999,451,45,38,1.9744444444444442,"BLACK TEA,COFFEE,SUGAR JARS",0.008770470113808488
85159B,1134.5,622,59,45,2.090677966101695,"WHITE TEA,COFFEE,SUGAR JARS",0.0127655376792812
85160B,46.11,105,15,15,0.44375000000000003,BLACK BIRD GARDEN DESIGN MUG,0.0005188355596224382
85161,221.39999999999998,12,9,8,18.727777777777774,ACRYLIC GEOMETRIC LAMP,0.0024912208393061764
85163A,349.95,45,18,15,11.572222222222223,WHITE BAROQUE WALL CLOCK,0.0039376817195808335
85163B,333.6,44,14,10,11.235714285714286,BLACK BAROQUE WALL CLOCK,0.0037537094489274643
85167B,93.0,48,7,7,3.392857142857143,BLACK GRAND BAROQUE PHOTO FRAME,0.0010464477780283397
85168B,149.67,17,7,5,9.06142857142857,BLACK BAROQUE CARRIAGE CLOCK,0.0016841057950268991
85169A,496.72,502,48,44,1.1691836734693877,IVORY LOVE BIRD CANDLE,0.005589156347335881
85169B,191.49,201,25,17,1.1504,BLACK LOVE BIRD CANDLE,0.0021546697313402884
85169C,353.72,336,21,14,1.1833333333333333,EAU DE NIL LOVE BIRD CANDLE,0.0039801022370342404
85169D,236.48000000000002,232,22,20,1.1659090909090908,PINK LOVE BIRD CANDLE,0.0026609029091198043
85170A,2.1,1,1,1,2.1,SET/6 IVORY BIRD T-LIGHT CANDLES,2.362946595547864e-05
85170B,195.9,179,23,13,1.8282608695652176,SET/6 BLACK BIRD T-LIGHT CANDLES,0.002204291609846793
85170C,366.23,252,29,26,1.9544827586206897,SET/6 EAU DE NIL BIRD T-LIGHTS,0.004120866341369021
85170D,497.21000000000004,355,51,30,2.1970588235294115,SET/6 PINK BIRD T-LIGHT CANDLES,0.005594669889392159
85172,544.3199999999999,1296,40,34,0.42,HYACINTH BULB T-LIGHT CANDLES,0.006124757575660063
85173,628.4699999999999,434,49,40,2.167,SET/6 FROG PRINCE T-LIGHT CANDLES,0.007071624032876028
85174,1965.8700000000001,493,80,55,5.038,S/4 CACTI CANDLES,0.022120218208522283
85175,2065.22,5185,130,84,0.4194615384615385,CACTI T-LIGHT CANDLES,0.023238116990749326
85176,542.24,626,75,50,0.9228,SEWING SUSAN 21 NEEDLE SET,0.006101353152237494
85177,599.76,774,42,40,0.8821428571428571,BASKET OF FLOWERS SEWING KIT,0.006748575476884699
85178,2640.94,2370,98,77,1.2705050505050506,VICTORIAN SEWING KIT,0.029716191343077025
85179A,188.31,119,17,15,2.9770588235294118,GREEN BITTY LIGHT CHAIN,0.002118887968607706
85179C,89.65,69,7,7,1.7357142857142858,PINK BITTY LIGHT CHAIN,0.0010087531537660286
85180A,844.34,434,37,32,3.0521052631578947,RED HEARTS LIGHT CHAIN,0.009500620611832778
85180B,381.0,196,21,19,3.354761904761905,PINK HEARTS LIGHT CHAIN,0.004287060251922554
85183A,805.75,657,81,60,1.3283132530120483,CHARLIE & LOLA WASTEPAPER BIN BLUE,0.009066401044584244
85183B,1228.25,977,106,84,1.4042056074766356,CHARLIE & LOLA WASTEPAPER BIN FLORA,0.013820424552293637
85184C,2466.63,1519,136,116,2.5513138686131387,S/4 VALENTINE DECOUPAGE HEART BOX,0.027754833147505847
85185B,812.7,282,59,51,2.9370967741935488,PINK HORSE SOCK PUPPET,0.009144603324770234
85185D,44.25000000000001,15,8,7,2.95,FROG SOCK PUPPET,0.0004979066040618715
85186A,200.34,477,37,35,0.42,EASTER BUNNY GARLAND OF FLOWERS,0.002254251052152662
85186C,173.46,413,33,32,0.42,BUNNY EGG GARLAND,0.001951793887922536
85187,515.4,324,58,53,1.6433333333333333,S/12 MINI RABBIT EASTER,0.005799346073073186
85188A,256.7,302,34,29,0.85,GREEN METAL SWINGING BUNNY,0.002888420909891127
85188B,63.74999999999999,75,8,8,0.85,PINK METAL SWINGING BUNNY,0.0007173230736484586
85189,7.6499999999999995,9,3,2,0.85,HANGING BUTTERFLY  EGG,8.607876883781504e-05
85194L,746.28,900,56,52,0.8476785714285714,HANGING SPRING FLOWER EGG LARGE,0.00839723707297838
85194S,447.75000000000006,1163,55,50,0.466,HANGING SPRING FLOWER EGG SMALL,0.005038139705507411
85195,23.1,11,3,3,2.1,HANGING HEART BASKET,0.0002599241255102651
85197,67.2,32,18,18,2.1,SET OF 12 MINI BUNNIES IN A BUCKET,0.0007561429105753164
85198,68.06,86,6,6,0.815,ASSORTED FARMYARD ANIMALS IN BUCKET,0.0007658197394904172
85199L,598.37,925,65,52,0.6481538461538462,LARGE HANGING IVORY & RED WOOD BIRD,0.0067329350208475015
85199S,943.13,2227,157,101,0.44249999999999995,SMALL HANGING IVORY/RED WOOD BIRD,0.010612218203138365
85200,228.75,183,26,24,1.25,BUNNY EGG BOX,0.0025739239701503516
85202,124.32,296,39,34,0.42,HANGING WOOD AND FELT HEART,0.0013988643845643353
85203,237.54,569,49,45,0.41888888888888887,HANGING WOOD AND FELT BUTTERFLY,0.002672830163363998
85204,248.88,1871,42,40,0.1883720930232558,HANGING WOOD AND FELT FLOWER,0.0028004292795235828
85205B,295.8,116,24,22,2.55,PINK FELT EASTER RABBIT GARLAND,0.003328379061728848
85206A,1446.8999999999999,914,103,99,1.6423076923076922,CREAM FELT EASTER EGG BASKET,0.016280702043324782
85206B,23.099999999999998,14,4,4,1.65,PINK FELT EASTER EGG BASKET,0.000259924125510265
85208,296.64000000000004,160,24,22,2.0829166666666667,SET/12 FUNKY FELT FLOWER PEG IN BAG,0.0033378308481110406
85211,151.92,142,17,15,1.2321052631578948,S/4 GROOVY CAT MAGNETS,0.0017094230799791974
85212,702.4699999999999,2427,70,60,0.3677142857142857,MINI PAINTED GARDEN DECORATION,0.007904281404640513
85213,297.89,809,24,23,0.5233333333333333,MINI  ZINC GARDEN DECORATIONS,0.0033518960064178724
85214,169.95,103,43,36,1.6500000000000001,TUB 24 PINK FLOWER PEGS,0.0019122989233969496
85215,105.95000000000002,163,8,8,0.65,ASSORTED CHEESE FRIDGE MAGNETS,0.001192162818087125
85216,35.75,55,8,6,0.65,ASSORTED CAKES FRIDGE MAGNETS,0.0004022635275754102
85224,6.300000000000001,3,1,1,2.1,ASSORTED COLOUR SILK GLASSES CASE,7.088839786643593e-05
85225,6.25,6,3,3,1.0833333333333333,BLING KEY RING STAND,7.032579153416262e-05
85227,1097.73,1311,147,115,0.8744370860927152,SET OF 6 3D KIT CARDS FOR KIDS,0.012351796982527414
85230A,203.27999999999997,840,18,14,0.2633333333333333,OPIUM SCENTED VOTIVE CANDLE,0.002287332304490332
85230B,326.23999999999995,1264,38,30,0.27736842105263154,CINNAMON SCENTED VOTIVE CANDLE,0.003670893796816833
85230E,267.45,1101,24,17,0.26666666666666666,STRAWBRY SCENTED VOTIVE CANDLE,0.0030093812713298867
85230F,90.33999999999999,338,12,11,0.27666666666666667,JASMINE VOTIVE CANDLE,0.0010165171211513999
85230G,257.03999999999996,1032,25,20,0.2708,ORANGE VOTIVE CANDLE,0.002892246632950585
85231B,672.06,798,108,74,0.8898198198198198,CINAMMON SET OF 9 T-LIGHTS,0.007562104233351892
85231G,471.45,573,66,49,0.8577611940298507,ORANGE SCENTED SET/9 T-LIGHTS,0.005304815107004954
85232A,349.5,74,25,22,4.922000000000001,SET/3 POLKADOT STACKING TINS,0.003932618262590374
85232B,1321.6499999999999,267,9,7,4.95,SET OF 3 BABUSHKA STACKING TINS,0.014871373180980162
85232D,827.7,174,53,45,4.923584905660377,SET/3 DECOUPAGE STACKING TINS,0.009313385224452225
90000A,65.45,11,6,6,5.95,RASPBERRY ANT COPPER FLOWER NECKLAC,0.000736451688945751
90000B,17.85,3,2,2,5.95,MIDNIGHT BLUE COPPER FLOWER NECKLAC,0.00020085046062156845
90000D,35.7,6,4,4,5.95,COPPER/OLIVE GREEN FLOWER NECKLACE,0.0004017009212431369
90001A,8.5,2,1,1,4.25,ANTIQUE RASPBERRY FLOWER EARRINGS,9.564307648646115e-05
90001B,17.0,4,2,2,4.25,ANTIQUE MID BLUE FLOWER EARRINGS,0.0001912861529729223
90001C,8.5,2,2,2,4.25,ANTIQUE OPAL WHITE FLOWER EARRINGS,9.564307648646115e-05
90001D,21.25,5,3,3,4.25,ANTIQUE OLIVE GREEN FLOWER EARRINGS,0.0002391076912161529
90002D,37.5,10,6,5,3.75,FLOWER BURST SILVER RING CRYSTAL,0.0004219547492049757
90003B,22.5,6,3,3,3.75,ROSE COLOUR PAIR HEART HAIR SLIDES,0.0002531728495229854
90003C,45.0,12,5,5,3.75,MIDNIGHT BLUE PAIR HEART HAIR SLIDE,0.0005063456990459708
90003D,67.5,18,7,7,3.75,CRYSTAL PAIR HEART HAIR SLIDES,0.0007595185485689563
90003E,30.0,8,2,2,3.75,GREEN PAIR HEART HAIR SLIDES,0.00033756379936398053
90010A,62.64999999999999,7,5,5,8.95,MIDNIGHT BLUE GLASS/SILVER BRACELET,0.000704945734338446
90010B,62.64999999999999,7,3,3,8.95,BLACK/WHITE GLASS/SILVER BRACELET,0.000704945734338446
90010E,89.5,10,7,7,8.95,AMBER GLASS/SILVER BRACELET,0.0010070653347692086
90011A,2.95,1,1,1,2.95,MIDNIGHT BLUE CRYSTAL DROP EARRINGS,3.3193773604124755e-05
90011B,20.650000000000002,7,2,2,2.95,BLACK CRYSTAL DROP EARRINGS,0.00023235641522887333
90012A,23.6,8,2,2,2.95,MIDNIGHT BLUE DROP CRYSTAL NECKLACE,0.00026555018883299804
90012B,35.400000000000006,12,2,2,2.95,BLACK DROP CRYSTAL NECKLACE,0.0003983252832494971
90013A,60.0,16,3,3,3.75,MIDNIGHT BLUE VINTAGE EARRINGS,0.0006751275987279611
90013C,41.25,11,4,4,3.75,GREEN VINTAGE EARRINGS,0.00046415022412547326
90014A,103.19999999999999,16,10,8,7.85,SILVER/MOP ORBIT NECKLACE,0.001161219469812093
90014B,85.5,10,8,7,8.2,GOLD M PEARL  ORBIT NECKLACE,0.0009620568281873445
90014C,32.8,4,3,3,7.616666666666666,SILVER/BLACK ORBIT NECKLACE,0.0003690697539712854
90016A,80.75,14,4,4,7.4375,SILVER/M.O.P PENDANT ORBIT NECKLACE,0.000908609226621381
90016B,76.5,9,8,6,8.5,GOLD/M.O.P PENDANT ORBIT NECKLACE,0.0008607876883781504
90018A,72.25,17,9,8,4.25,SILVER M.O.P ORBIT DROP EARRINGS,0.0008129661501349199
90018B,34.0,8,5,5,4.25,GOLD M.O.P ORBIT DROP EARRINGS,0.0003825723059458446
90018C,25.5,6,3,3,4.25,SILVER BLACK ORBIT DROP EARRINGS,0.00028692922945938346
90019A,89.10000000000001,18,9,8,4.95,SILVER M.O.P ORBIT BRACELET,0.0010025644841110224
90019B,9.9,2,2,2,4.95,GOLD M.O.P ORBIT BRACELET,0.00011139605379011359
90019C,19.8,4,3,3,4.95,SILVER BLACK ORBIT BRACELET,0.00022279210758022717
90021,11.95,1,1,1,11.95,LASER CUT MULTI STRAND NECKLACE,0.00013446291341331893
90022,30.0,8,4,4,3.75,EDWARDIAN DROP EARRINGS JET BLACK,0.00033756379936398053
90023,34.0,8,4,2,4.25,FILIGREE DIAMANTE EARRINGS,0.0003825723059458446
90024B,34.0,4,2,2,8.5,NEW BAROQUE B'FLY NECKLACE RED,0.0003825723059458446
90024C,17.0,2,1,1,8.5,NEW BAROQUE B'FLY NECKLACE GREEN,0.0001912861529729223
90024D,8.5,1,1,1,8.5,NEW BAROQUE B'FLY NECKLACE PINK,9.564307648646115e-05
90024F,17.0,2,1,1,8.5,NEW BAROQUE B'FLY NECKLACE CRYSTAL,0.0001912861529729223
90025A,7.5,2,2,2,3.75,BAROQUE BUTTERFLY EARRINGS BLACK,8.439094984099513e-05
90025F,3.75,1,1,1,3.75,BAROQUE BUTTERFLY EARRINGS CRYSTAL,4.2195474920497567e-05
90026A,17.0,2,1,1,8.5,GLASS BEAD HOOP NECKLACE BLACK,0.0001912861529729223
90026B,17.0,2,2,2,8.5,GLASS BEAD HOOP NECKLACE MONTANA,0.0001912861529729223
90026C,25.5,3,2,2,8.5,GLASS BEAD HOOP NECKLACE GREEN,0.00028692922945938346
90026D,25.5,3,3,3,8.5,GLASS BEAD HOOP NECKLACE AMETHYST,0.00028692922945938346
90027A,11.8,4,1,1,2.95,GLASS BEAD HOOP EARRINGS BLACK,0.00013277509441649902
90027D,11.8,4,1,1,2.95,GLASS BEAD HOOP EARRINGS AMETHYST,0.00013277509441649902
90028,17.0,2,1,1,8.5,NEW BAROQUE LARGE NECKLACE BLK/WHIT,0.0001912861529729223
90029,25.5,3,2,2,8.5,NEW BAROQUE SMALL NECKLACE BLACK,0.00028692922945938346
90030A,72.0,72,7,7,1.0,SPOTTED WHITE NATURAL SEED NECKLACE,0.0008101531184735533
90030B,131.8,112,15,13,1.3299999999999998,RED KUKUI COCONUT SEED NECKLACE,0.0014830302918724214
90030C,74.0,74,8,8,1.0,BROWN KUKUI COCONUT SEED NECKLACE,0.0008326573717644853
90031,48.0,48,5,5,1.0,BILI NUT AND WOOD NECKLACE,0.0005401020789823689
90032,90.67,19,6,4,5.73,IVORY SHELL HEART NECKLACE,0.0010202303229444039
90033,5.1,2,1,1,2.55,IVORY SHELL HEART EARRINGS,5.738584589187669e-05
90035A,43.0,4,2,1,10.75,"PEARL & SHELL 42""NECKL. GREEN",0.0004838414457550388
90035C,21.5,2,1,1,10.75,"PEARL & SHELL 42""NECKL. IVORY",0.0002419207228775194
90036A,47.7,6,4,3,7.95,FLOWER GARLAND NECKLACE RED,0.0005367264409887291
90036B,31.8,4,2,2,7.95,"FLOWER GLASS GARLAND NECKL.36""GREEN",0.0003578176273258194
90036C,47.7,6,2,2,7.95,"FLOWER GLASS GARLAND NECKL.36""BLUE",0.0005367264409887291
90036D,87.45,11,4,4,7.95,"FLOWER GLASS GARLAND NECKL.36""BLACK",0.0009839984751460033
90036E,55.650000000000006,7,5,4,7.95,"FLOWER GLASS GARLD NECKL36""AMETHYST",0.000626180847820184
90036F,31.8,4,1,1,7.95,"FLOWER GLASS GARLD NECKL36""TURQUOIS",0.0003578176273258194
90037B,15.299999999999999,6,1,1,2.55,TINY CRYSTAL BRACELET GREEN,0.00017215753767563008
90038A,22.5,6,1,1,3.75,GLASS AND PAINTED BEADS BRACELET TO,0.0002531728495229854
90038B,22.5,6,1,1,3.75,GLASS AND PAINTED BEADS BRACELET OL,0.0002531728495229854
90038C,22.5,6,1,1,3.75,GLASS AND BEADS BRACELET IVORY,0.0002531728495229854
90039A,22.5,6,1,1,3.75,FIRE POLISHED GLASS BRACELET RED,0.0002531728495229854
90039B,22.5,6,1,1,3.75,FIRE POLISHED GLASS BRACELET MONTAN,0.0002531728495229854
90039C,3.75,1,1,1,3.75,FIRE POLISHED GLASS BRACELET BLACK,4.2195474920497567e-05
90039D,52.5,14,2,2,3.75,FIRE POLISHED GLASS BRACELET GREEN,0.000590736648886966
90040A,21.0,6,2,2,3.5,MURANO STYLE GLASS BRACELET RED,0.0002362946595547864
90040B,14.0,4,2,2,3.5,MURANO STYLE GLASS BRACELET BLACK,0.00015752977303652425
90040C,24.5,7,3,3,3.5,MURANO STYLE GLASS BRACELET GOLD,0.0002756771028139175
90041,7.0,2,1,1,3.5,PEARL AND CHERRY QUARTZ BRACLET,7.876488651826213e-05
90042A,7.6499999999999995,3,2,1,2.55,FRESHWATER PEARL BRACELET GOLD,8.607876883781504e-05
90043,24.810000000000002,4,2,2,7.455,COPPER AND BRASS BAG CHARM,0.00027916526207401196
90046,14.850000000000001,3,1,1,4.95,WHITE WITH METAL BAG CHARM,0.0001670940806851704
90048,14.850000000000001,3,1,1,4.95,GREEN WITH METAL BAG CHARM,0.0001670940806851704
90049,34.77,5,3,2,8.290000000000001,IVORY GOLD METAL BAG CHARM,0.0003912364434628535
90050,41.7,6,2,2,6.95,CRACKED GLAZE NECKLACE IVORY,0.00046921368111593303
90051,41.7,6,3,3,6.95,CRACKED GLAZE NECKLACE RED,0.00046921368111593303
90054,2.55,1,1,1,2.55,CRACKED GLAZE EARRINGS RED,2.8692922945938346e-05
90055,2.55,1,1,1,2.55,CRACKED GLAZE EARRINGS BROWN,2.8692922945938346e-05
90057,1311.3600000000001,1008,22,21,1.3472727272727274,DIAMANTE RING ASSORTED IN BOX.,0.01475558879779832
90058A,123.12,324,7,7,0.38,CRYSTAL STUD EARRINGS CLEAR DISPLAY,0.0013853618325897763
90058B,232.56,612,15,15,0.38,CRYSTAL STUD EARRINGS ASSORTED COL,0.002616794572669577
90059A,9.899999999999999,6,1,1,1.65,DIAMANTE HAIR GRIP PACK/2 CRYSTAL,0.00011139605379011356
90059B,14.85,9,3,3,1.6499999999999997,DIAMANTE HAIR GRIP PACK/2 BLACK DIA,0.00016709408068517036
90059C,13.2,8,3,3,1.6499999999999997,DIAMANTE HAIR GRIP PACK/2 MONTANA,0.00014852807172015145
90059D,9.899999999999999,6,1,1,1.65,DIAMANTE HAIR GRIP PACK/2 PERIDOT,0.00011139605379011356
90059E,16.499999999999996,10,3,3,1.6499999999999997,DIAMANTE HAIR GRIP PACK/2 RUBY,0.00018566008965018927
90059F,14.85,9,3,3,1.6499999999999997,DIAMANTE HAIR GRIP PACK/2 LT ROSE,0.00016709408068517036
90060B,5.95,1,1,1,5.95,FIRE POLISHED GLASS NECKL GOLD,6.695015354052281e-05
90060D,17.85,3,3,3,5.95,FIRE POLISHED GLASS NECKL BRONZE,0.00020085046062156845
90062,255.0,20,6,6,12.75,CARNIVAL BRACELET,0.0028692922945938344
90063A,93.5,11,7,7,8.5,WHITE VINT ART DECO CRYSTAL NECKLAC,0.0010520738413510727
90063B,68.0,8,5,5,8.5,BLACK VINT ART DEC CRYSTAL NECKLACE,0.0007651446118916892
90064A,26.25,7,3,3,3.75,WHITE VINTAGE CRYSTAL EARRINGS,0.000295368324443483
90064B,41.25,11,6,6,3.75,BLACK VINTAGE  CRYSTAL EARRINGS,0.00046415022412547326
90065A,40.5,6,3,3,6.75,WHITE VINTAGE CRYSTAL BRACELET,0.0004557111291413738
90065B,6.75,1,1,1,6.75,BLACK VINT ART DEC CRYSTAL BRACELET,7.595185485689563e-05
90067A,29.500000000000004,10,3,3,2.9500000000000006,PINK VINTAGE VICTORIAN EARRINGS,0.00033193773604124757
90069,15.0,2,1,1,7.5,RUBY GLASS CLUSTER NECKLACE,0.00016878189968199027
90070,47.6,8,3,3,5.95,RUBY GLASS CLUSTER BRACELET,0.0005356012283241825
90071,1.25,1,1,1,1.25,RUBY GLASS CLUSTER EARRINGS,1.4065158306832522e-05
90072,37.5,10,3,2,3.75,RUBY DROP CHANDELIER EARRINGS,0.0004219547492049757
90073,64.35000000000001,13,4,4,4.95,VINTAGE ENAMEL & CRYSTAL EARRINGS,0.0007240743496357383
90074,17.9,2,1,1,8.95,BLACK DIAMOND CLUSTER NECKLACE,0.0002014130669538417
90076,15.299999999999999,6,1,1,2.55,MONTANA DIAMOND CLUSTER EARRINGS,0.00017215753767563008
90078,15.0,2,1,1,7.5,PINK/WHITE GLASS DEMI CHOKER,0.00016878189968199027
90079,24.75,5,2,2,4.95,VINTAGE ENAMEL & CRYSTAL NECKLACE,0.00027849013447528393
90081A,74.25,15,8,7,4.95,LILY BROOCH AMETHYST COLOUR,0.0008354704034258519
90081C,54.45,11,6,6,4.95,LILY BROOCH OLIVE COLOUR,0.0006126782958456248
90082A,133.35,21,10,8,6.35,DIAMANTE BOW BROOCH GREEN COLOUR,0.0015004710881728936
90082B,158.75,25,10,8,6.35,DIAMANTE BOW BROOCH RED COLOUR,0.0017862751049677304
90082D,44.449999999999996,7,4,4,6.35,DIAMANTE BOW BROOCH BLACK COLOUR,0.0005001570293909645
90083,13.69,19,4,2,1.27,CRYSTAL CZECH CROSS PHONE CHARM,0.00015404161377642977
90084,0.85,1,1,1,0.85,PINK CRYSTAL GUITAR PHONE CHARM,9.564307648646117e-06
90085,20.4,24,2,2,0.85,CRYSTAL STILETTO PHONE CHARM,0.00022954338356750677
90086,49.93,85,11,5,1.2863636363636362,CRYSTAL FROG PHONE CHARM,0.0005618186834081184
90087,33.66,90,8,4,1.1724999999999999,CRYSTAL SEA HORSE PHONE CHARM,0.0003787465828863862
90089,2.47,13,2,2,0.19,PINK CRYSTAL SKULL PHONE CHARM,2.7792752814301068e-05
90093,20.39,47,6,5,0.89,CLEAR CRYSTAL STAR PHONE CHARM,0.00022943086230105213
90094,33.15,13,12,12,2.55,NECKLACE+BRACELET SET FRUIT SALAD,0.0003730079982971985
90096,20.4,8,3,3,2.55,NECKLACE+BRACELET SET BLUE BLOSSOM,0.00022954338356750677
90098,71.39999999999999,28,9,9,2.55,NECKLACE+BRACELET PINK BUTTERFLY,0.0008034018424862737
90099,51.0,20,13,12,2.55,NECKLACE+BRACELET SET BLUE HIBISCUS,0.0005738584589187669
90100,2.55,1,1,1,2.55,NECKLACE+BRACELET SET PINK DAISY,2.8692922945938346e-05
90101,38.25,15,4,3,2.55,WHITE FRANGIPANI NECKLACE,0.0004303938441890752
90102,8.5,10,1,1,0.85,WHITE FRANGIPANI HAIR CLIP,9.564307648646115e-05
90103,20.4,8,2,2,2.55,PURPLE FRANGIPANI NECKLACE,0.00022954338356750677
90104,0.85,1,1,1,0.85,PURPLE FRANGIPANI HAIRCLIP,9.564307648646117e-06
90108,67.2,64,6,6,1.05,BLUE BLOSSOM HAIR CLIP,0.0007561429105753164
90114,168.29999999999998,66,11,11,2.55,SUMMER DAISIES BAG CHARM,0.0018937329144319308
90116,27.04,16,3,3,1.6900000000000002,FRUIT SALAD BAG CHARM,0.00030425750449340115
90118,15.299999999999999,6,1,1,2.55,PINK DAISY BAG CHARM,0.00017215753767563008
90119,145.76999999999998,59,15,3,2.472,METALIC LEAVES BAG CHARMS,0.0016402225011095811
90120B,85.0,20,5,5,4.25,BLUE MURANO TWIST BRACELET,0.0009564307648646116
90120C,131.75,31,7,6,4.25,GREEN MURANO TWIST BRACELET,0.001482467685540148
90120D,8.5,2,2,2,4.25,WHITE MURANO TWIST BRACELET,9.564307648646115e-05
90122A,39.6,8,3,3,4.95,PINK CRYSTAL+GLASS BRACELET,0.00044558421516045435
90122B,4.95,1,1,1,4.95,JADE CRYSTAL+GLASS BRACELET,5.5698026895056794e-05
90122C,84.15,17,5,3,4.95,TURQUOISE CRYSTAL+GLASS BRACELET,0.0009468664572159656
90123A,83.3,14,8,8,5.95,PINK HEART OF GLASS BRACELET,0.0009373021495673194
90123B,47.6,8,4,4,5.95,TURQUOISE HEART OF GLASS BRACELET,0.0005356012283241825
90123C,77.35,13,5,5,5.95,GREEN HEART OF GLASS BRACELET,0.0008703519960267965
90123D,17.85,3,2,2,5.95,WHITE HEART OF GLASS BRACELET,0.00020085046062156845
90124A,59.699999999999996,6,4,4,9.95,PINK MURANO TWIST NECKLACE,0.0006717519607343213
90124B,39.8,4,3,3,9.95,BLUE MURANO TWIST NECKLACE,0.0004478346404895475
90124C,69.64999999999999,7,4,4,9.95,GREEN MURANO TWIST NECKLACE,0.000783710620856708
90125A,93.89999999999999,109,6,4,1.0583333333333333,PINK BERTIE GLASS BEAD BAG CHARM,0.001056574692009259
90125B,24.9,19,3,3,1.6833333333333336,AQUA BERTIE GLASS BEAD BAG CHARM,0.00028017795347210384
90125C,63.3,73,3,2,1.2666666666666666,TURQUOISE BERTIE GLASS BEAD CHARM,0.000712259616657999
90125D,65.39999999999999,74,5,3,1.35,PURPLE BERTIE GLASS BEAD BAG CHARM,0.0007358890826134775
90125E,2.1,1,1,1,2.1,AMBER BERTIE GLASS BEAD BAG CHARM,2.362946595547864e-05
90128B,1.25,1,1,1,1.25,BLUE LEAVES AND BEADS PHONE CHARM,1.4065158306832522e-05
90129A,20.650000000000002,7,3,3,2.9500000000000006,PINK GLASS TASSLE BAG CHARM,0.00023235641522887333
90129B,61.95000000000001,21,6,6,2.9500000000000006,TURQUOISE GLASS TASSLE BAG CHARM,0.00069706924568662
90129C,50.150000000000006,17,6,6,2.9500000000000006,GREEN GLASS TASSLE BAG CHARM,0.0005642941512701209
90129D,23.6,8,2,2,2.95,AMBER GLASS TASSLE BAG CHARM,0.00026555018883299804
90129E,17.700000000000003,6,1,1,2.95,PURPLE GLASS TASSLE BAG CHARM,0.00019916264162474855
90129F,47.2,16,5,5,2.95,RED GLASS TASSLE BAG CHARM,0.0005311003776659961
90130A,2.95,1,1,1,2.95,WHITE STONE/CRYSTAL EARRINGS,3.3193773604124755e-05
90130B,26.55,9,3,3,2.9500000000000006,TURQ STONE/CRYSTAL EARRINGS,0.0002987439624371228
90131,27.8,4,1,1,6.95,PINK/AMETHYST/GOLD NECKLACE,0.0003128091207439553
90133,44.55,9,3,3,4.95,TEAL/FUSCHIA COL BEAD NECKLACE,0.0005012822420555111
90135,29.700000000000003,6,1,1,4.95,ORANGE/WHT/FUSCHIA STONES NECKLACE,0.0003341881613703408
90136,29.849999999999998,3,2,2,9.95,PALE PINK/AMETHYST STONE NECKLACE,0.0003358759803671606
90138,19.8,4,1,1,4.95,WHITE/PINK MINI CRYSTALS NECKLACE,0.00022279210758022717
90141A,19.8,4,2,2,4.95,GREEN PENDANT TRIPLE SHELL NECKLACE,0.00022279210758022717
90141B,29.700000000000003,6,2,2,4.95,IVORY PENDANT TRIPLE SHELL NECKLACE,0.0003341881613703408
90141C,19.8,4,2,2,4.95,TURQ PENDANT TRIPLE SHELL NECKLACE,0.00022279210758022717
90141D,14.850000000000001,3,1,1,4.95,ROSE PENDANT TRIPLE SHELL NECKLACE,0.0001670940806851704
90141E,14.850000000000001,3,1,1,4.95,ORANGE PENDANT TRIPLE SHELL NECKLAC,0.0001670940806851704
90142D,44.55,9,3,3,4.95,MOP PENDANT SHELL NECKLACE,0.0005012822420555111
90143,135.0,18,7,7,7.5,SILVER BRACELET W PASTEL FLOWER,0.0015190370971379125
90144,26.25,7,3,3,3.75,SILVER DROP EARRINGS WITH FLOWER,0.000295368324443483
90145,124.95,21,11,7,5.95,SILVER HOOP EARRINGS WITH FLOWER,0.0014059532243509791
90146,63.75,13,3,3,6.25,FINE SILVER NECKLACE W PASTEL FLOWE,0.0007173230736484586
90147,208.95,21,12,10,9.95,CHUNKY SILVER NECKLACE PASTEL FLOWE,0.0023511318625701245
90148,89.25,7,5,5,12.75,LONG SILVER NECKLACE PASTEL FLOWER,0.0010042523031078422
90149,335.28000000000003,52,3,2,7.12,SILVER FLOWR PINK SHELL NECKLACE,0.003772613021691847
90151,68.0,8,4,2,8.5,SILVER/NATURAL SHELL NECKLACE,0.0007651446118916892
90152A,17.85,3,3,3,5.95,SILVER/NAT SHELL NECKLACE W PENDANT,0.00020085046062156845
90152B,5.95,1,1,1,5.95,BLUE/GREEN SHELL NECKLACE W PENDANT,6.695015354052281e-05
90152C,5.95,1,1,1,5.95,BLUE/NAT SHELL NECKLACE W PENDANT,6.695015354052281e-05
90154,421.75,57,5,5,8.61,LAZER CUT NECKLACE W PASTEL BEADS,0.004745584412725293
90155,45.0,6,4,4,7.5,RESIN NECKLACE W PASTEL BEADS,0.0005063456990459708
90156,14.850000000000001,3,2,2,4.95,RESIN BRACELET W PASTEL BEADS,0.0001670940806851704
90157,34.65,7,2,2,4.95,RIVIERA NECKLACE,0.0003898861882653975
90158,69.30000000000001,14,6,6,4.95,ST TROPEZ NECKLACE,0.0007797723765307952
90159,14.850000000000001,3,2,2,4.95,COTE D'AZURE NECKLACE,0.0001670940806851704
90160A,215.45000000000002,31,11,10,6.95,PURPLE BOUDICCA LARGE BRACELET,0.002424270685765654
90160B,145.95000000000002,21,8,7,6.95,RED BOUDICCA LARGE BRACELET,0.0016422478839057655
90160C,284.95000000000005,41,16,14,6.95,TURQ+RED BOUDICCA LARGE BRACELET,0.003206293487625543
90160D,222.4,32,9,9,6.95,PINK BOUDICCA LARGE BRACELET,0.0025024729659516424
90161A,44.550000000000004,9,6,6,4.95,ANT COPPER RED BOUDICCA BRACELET,0.0005012822420555112
90161B,222.75,45,12,10,4.95,ANT COPPER TURQ BOUDICCA BRACELET,0.002506411210277556
90161C,222.75,45,15,13,4.95,ANT COPPER LIME BOUDICCA BRACELET,0.002506411210277556
90161D,153.45000000000002,31,9,6,4.95,ANT COPPER PINK BOUDICCA BRACELET,0.0017266388337467608
90162A,17.700000000000003,6,1,1,2.95,ANT SILVER TURQUOISE BOUDICCA RING,0.00019916264162474855
90162B,79.65,27,10,7,2.95,ANT SILVER LIME GREEN BOUDICCA RING,0.0008962318873113684
90162C,41.300000000000004,14,7,3,2.95,ANT SILVER FUSCHIA BOUDICCA RING,0.00046471283045774667
90162D,29.500000000000004,10,5,3,2.95,ANT SILVER PURPLE BOUDICCA RING,0.00033193773604124757
90163A,30.0,4,2,2,7.5,PINK ROSEBUD & PEARL NECKLACE,0.00033756379936398053
90163B,15.0,2,1,1,7.5,WHITE ROSEBUD & PEARL NECKLACE,0.00016878189968199027
90164A,70.35,19,6,6,4.7250000000000005,PINK ROSEBUD PEARL BRACELET,0.0007915871095085345
90164B,65.7,28,7,7,2.742857142857143,WHITE  ROSEBUD PEARL BRACELET,0.0007392647206071175
90165B,2.55,1,1,1,2.55,WHITE ROSEBUD  PEARL EARRINGS,2.8692922945938346e-05
90166,58.900000000000006,14,8,4,4.1875,PINK & WHITE ROSEBUD RING,0.0006627502594179485
90167,8.5,10,1,1,0.85,BEADED LOVE HEART JEWELLERY SET,9.564307648646115e-05
90168,17.700000000000003,6,1,1,2.95,2 DAISIES HAIR COMB,0.00019916264162474855
90169,15.299999999999999,6,1,1,2.55,DAISY HAIR COMB,0.00017215753767563008
90170,75.89999999999999,46,6,6,1.6499999999999997,DAISY HAIR BAND,0.0008540364123908708
90173,60.0,16,3,3,3.75,PAIR BUTTERFLY HAIR CLIPS,0.0006751275987279611
90174,40.8,16,4,4,2.55,BUTTERFLY HAIR BAND,0.00045908676713501354
90175A,80.55,9,8,6,8.95,WHITE GLASS CHUNKY CHARM BRACELET,0.0009063588012922879
90175C,80.55,9,6,6,8.95,BLUE GLASS CHUNKY CHARM BRACELET,0.0009063588012922879
90175D,26.849999999999998,3,2,2,8.95,TIGRIS EYE CHUNKY CHARM BRACELET,0.00030211960043076256
90176A,15.0,2,1,1,7.5,CLASSIC DIAMANTE NECKLACE JET,0.00016878189968199027
90176B,15.0,2,1,1,7.5,DIAMANTE NECKLACE BLACK,0.00016878189968199027
90176C,15.0,2,1,1,7.5,DIAMANTE NECKLACE,0.00016878189968199027
90176D,52.5,7,4,4,7.5,DIAMANTE NECKLACE PURPLE,0.000590736648886966
90176E,22.5,3,2,2,7.5,DIAMANTE NECKLACE GREEN,0.0002531728495229854
90177A,17.700000000000003,6,1,1,2.95,CLASSIC DIAMANTE EARRINGS JET,0.00019916264162474855
90177B,20.650000000000002,7,2,2,2.95,DROP DIAMANTE EARRINGS BLACK DIAMON,0.00023235641522887333
90177C,38.35000000000001,13,3,3,2.9500000000000006,DROP DIAMANTE EARRINGS CRYSTAL,0.00043151905685362185
90177D,50.150000000000006,17,6,5,2.9500000000000006,DROP DIAMANTE EARRINGS PURPLE,0.0005642941512701209
90177E,17.700000000000003,6,1,1,2.95,DROP DIAMANTE EARRINGS GREEN,0.00019916264162474855
90178A,71.69999999999999,6,6,6,11.949999999999998,AMBER CHUNKY GLASS+BEAD NECKLACE,0.0008067774804799134
90178B,11.95,1,1,1,11.95,PURPLE CHUNKY GLASS+BEAD NECKLACE,0.00013446291341331893
90179A,17.85,3,2,2,5.95,AMBER FINE BEAD NECKLACE W TASSEL,0.00020085046062156845
90179C,5.95,1,1,1,5.95,BLACK FINE BEAD NECKLACE W TASSEL,6.695015354052281e-05
90180A,87.35,13,5,5,8.55,BLACK+WHITE NECKLACE W TASSEL,0.0009828732624814567
90180B,29.849999999999998,3,3,3,9.95,PURPLE AMETHYST NECKLACE W TASSEL,0.0003358759803671606
90181A,8.95,1,1,1,8.95,AMBER GLASS/SHELL/PEARL NECKLACE,0.00010070653347692085
90182C,17.700000000000003,6,1,1,2.95,BLACK 3 BEAD DROP EARRINGS,0.00019916264162474855
90183A,59.00000000000001,20,5,5,2.95,AMBER DROP EARRINGS W LONG BEADS,0.0006638754720824951
90183C,2.95,1,1,1,2.95,BLACK DROP EARRINGS W LONG BEADS,3.3193773604124755e-05
90184A,71.6,8,4,4,8.95,AMBER CHUNKY BEAD BRACELET W STRAP,0.0008056522678153668
90184B,187.95,21,11,11,8.95,AMETHYST CHUNKY BEAD BRACELET W STR,0.002114837203015338
90184C,98.44999999999999,11,7,7,8.95,BLACK CHUNKY BEAD BRACELET W STRAP,0.0011077718682461295
90185A,93.5,22,5,5,4.25,AMBER DIAMANTE EXPANDABLE RING,0.0010520738413510727
90185B,55.25,13,3,3,4.25,AMETHYST DIAMANTE EXPANDABLE RING,0.0006216799971619975
90185C,89.25,21,5,5,4.25,BLACK DIAMANTE EXPANDABLE RING,0.0010042523031078422
90185D,136.0,32,8,7,4.25,CRYSTAL DIAMANTE EXPANDABLE RING,0.0015302892237833783
90186A,11.8,4,3,3,2.9500000000000006,AMETHYST HOOP EARRING FLORAL LEAF,0.00013277509441649902
90186B,35.400000000000006,12,6,6,2.9500000000000006,CRYSTAL HOOP EARRING FLORAL LEAF,0.0003983252832494971
90187B,13.4,4,1,1,3.35,GREEN DROP EARRINGS W BEAD CLUSTER,0.00015077849704924466
90188,5.1,2,2,2,2.55,DROP EARRINGS W FLOWER & LEAF,5.738584589187669e-05
90189A,15.0,2,2,2,7.5,SILVER 2 STRAND NECKLACE-LEAF CHARM,0.00016878189968199027
90190A,17.700000000000003,6,1,1,2.95,SILVER/CRYSTAL DROP EARRINGS W LEAF,0.00019916264162474855
90190B,17.700000000000003,6,1,1,2.95,GOLD/AMBER DROP EARRINGS W LEAF,0.00019916264162474855
90190C,14.75,5,4,4,2.95,SILVER/AMETHYST DROP EARRINGS LEAF,0.00016596886802062376
90191,113.9,22,7,7,8.55,SILVER LARIAT 40CM,0.0012816172249185797
90192,113.85000000000001,23,8,5,4.95,JADE DROP EARRINGS W FILIGREE,0.0012810546185863063
90194,51.0,12,6,6,4.25,SILVER LARIAT BLACK STONE EARRINGS,0.0005738584589187669
90195A,95.2,16,7,7,6.378571428571428,PURPLE GEMSTONE BRACELET,0.001071202456648365
90195B,20.849999999999998,3,3,3,6.949999999999999,BLACK GEMSTONE BRACELET,0.0002346068405579665
90196A,102.0,8,5,5,12.75,PURPLE GEMSTONE NECKLACE 45CM,0.0011477169178375339
90196B,51.0,4,4,4,12.75,BLACK GEMSTONE NECKLACE 45CM,0.0005738584589187669
90197B,14.850000000000001,3,1,1,4.95,BLACK GLASS BRACELET W HEART CHARMS,0.0001670940806851704
90198A,144.5,34,10,8,4.25,VINTAGE ROSE BEAD BRACELET RASPBERR,0.0016259323002698399
90198B,127.5,30,11,11,4.25,VINTAGE ROSE BEAD BRACELET BLACK,0.0014346461472969172
90199A,50.8,8,3,3,6.349999999999999,5 STRAND GLASS NECKLACE BLACK,0.0005716080335896737
90199B,12.7,2,1,1,6.35,5 STRAND GLASS NECKLACE AMETHYST,0.00014290200839741843
90199C,101.6,16,7,7,6.35,5 STRAND GLASS NECKLACE CRYSTAL,0.0011432160671793474
90199D,12.7,2,2,2,6.35,5 STRAND GLASS NECKLACE AMBER,0.00014290200839741843
90200A,174.25,41,16,14,4.25,PURPLE SWEETHEART BRACELET,0.001960683067972454
90200B,284.75,67,24,18,4.25,BLACK SWEETHEART BRACELET,0.003204043062296449
90200C,85.0,20,6,6,4.25,BLUE SWEETHEART BRACELET,0.0009564307648646116
90200D,404.5,98,24,21,4.229166666666667,PINK SWEETHEART BRACELET,0.0045514852280910045
90200E,311.0,76,18,15,4.222222222222222,GREEN SWEETHEART BRACELET,0.0034994113867399318
90201A,138.65,47,11,11,2.95,PURPLE ENAMEL FLOWER RING,0.0015601073593938637
90201B,188.8,64,10,9,2.95,BLACK ENAMEL FLOWER RING,0.0021244015106639843
90201C,153.4,52,12,12,2.9500000000000006,RED ENAMEL FLOWER RING,0.0017260762274144874
90201D,135.70000000000002,46,9,9,2.95,GREEN ENAMEL FLOWER RING,0.001526913585789739
90202A,17.700000000000003,6,1,1,2.95,PURPLE ENAMEL FLOWER HAIR TIE,0.00019916264162474855
90202B,20.650000000000002,7,2,2,2.95,WHITE ENAMEL FLOWER HAIR TIE,0.00023235641522887333
90202C,20.650000000000002,7,2,2,2.95,GREEN ENAMEL FLOWER HAIR TIE,0.00023235641522887333
90202D,35.400000000000006,12,2,2,2.95,PINK ENAMEL FLOWER HAIR TIE,0.0003983252832494971
90204,56.95,17,8,8,3.35,PAIR OF ENAMEL BUTTERFLY HAIRCLIP,0.0006408086124592899
90205A,26.4,16,6,6,1.6499999999999997,LARGE MINT DIAMANTE HAIRSLIDE,0.0002970561434403029
90205C,9.899999999999999,6,3,3,1.6499999999999997,LARGE CRYSTAL DIAMANTE HAIRSLIDE,0.00011139605379011356
90206A,29.700000000000003,6,3,2,4.95,GOLD DIAMANTE STAR BROOCH,0.0003341881613703408
90206C,59.400000000000006,12,7,6,4.95,CRYSTAL DIAMANTE STAR BROOCH,0.0006683763227406816
90208,25.499999999999996,10,4,4,2.55,PAIR OF PINK FLOWER CLUSTER SLIDE,0.00028692922945938346
90209A,163.8,84,4,3,2.0125,PURPLE ENAMEL+GLASS HAIR COMB,0.0018430983445273338
90209B,189.0,104,11,7,2.0416666666666665,GREEN ENAMEL+GLASS HAIR COMB,0.0021266519359930776
90209C,413.7,231,12,8,2.0125,PINK ENAMEL+GLASS HAIR COMB,0.004655004793229292
90210A,35.9,26,3,3,1.8166666666666667,GREY ACRYLIC FACETED BANGLE,0.00040395134657223006
90210B,58.6,40,6,6,2.016666666666667,CLEAR ACRYLIC FACETED BANGLE,0.0006593746214243087
90210C,115.9,94,5,5,1.49,RED   ACRYLIC FACETED BANGLE,0.0013041214782095116
90210D,125.0,104,5,4,1.15,PURPLE ACRYLIC FACETED BANGLE,0.0014065158306832523
90211A,29.75,5,3,3,5.95,DIAMOND LAS VEGAS NECKLACE 45CM,0.0003347507677026141
90211B,23.8,4,2,2,5.95,JET BLACK LAS VEGAS NECKLACE 45CM,0.00026780061416209125
90212B,11.25,3,1,1,3.75,JET BLACK LAS VEGAS BRACELET ROUND,0.0001265864247614927
90212C,22.5,6,2,2,3.75,PURPLE LAS VEGAS BRACELET ROUND,0.0002531728495229854
90214A,55.71,63,14,5,1.1128571428571428,"LETTER ""A"" BLING KEY RING",0.0006268559754189119
90214B,4.7299999999999995,13,2,2,0.77,"LETTER ""B"" BLING KEY RING",5.322255903305427e-05
90214C,40.04,52,9,7,0.8233333333333334,"LETTER ""C"" BLING KEY RING",0.00045053515088445934
90214D,25.71,39,7,5,0.9757142857142858,"LETTER ""D"" BLING KEY RING",0.00028929217605493134
90214E,27.25,41,8,6,0.89,"LETTER ""E"" BLING KEY RING",0.00030662045108894903
90214F,3.7699999999999996,13,2,2,0.29,"LETTER ""F"" BLING KEY RING",4.242051745340689e-05
90214G,18.5,34,7,5,0.8385714285714286,"LETTER ""G"" BLING KEY RING",0.00020816434294112132
90214H,15.02,22,6,4,0.93,"LETTER ""H"" BLING KEY RING",0.0001690069422148996
90214I,18.77,25,3,3,0.61,"LETTER ""I"" BLING KEY RING",0.00021120241713539718
90214J,17.23,23,5,3,1.058,"LETTER ""J"" BLING KEY RING",0.0001938741421013795
90214K,34.75,47,12,6,1.01,"LETTER ""K"" BLING KEY RING",0.00039101140092994417
90214L,29.189999999999998,51,5,4,0.866,"LETTER ""L"" BLING KEY RING",0.00032844957678115303
90214M,22.23,27,5,3,1.058,"LETTER ""M"" BLING KEY RING",0.0002501347753287096
90214N,10.02,18,5,3,0.866,"LETTER ""N"" BLING KEY RING",0.0001127463089875695
90214O,3.4799999999999995,12,1,1,0.29,"LETTER ""O"" BLING KEY RING",3.915740072622174e-05
90214P,10.999999999999998,28,6,4,0.77,"LETTER ""P"" BLING KEY RING",0.0001237733931001262
90214R,6.27,15,4,3,0.77,"LETTER ""R"" BLING KEY RING",7.055083406707194e-05
90214S,26.0,40,6,5,0.77,"LETTER ""S"" BLING KEY RING",0.0002925552927821165
90214T,3.4799999999999995,12,1,1,0.29,"LETTER ""T"" BLING KEY RING",3.915740072622174e-05
90214U,3.4799999999999995,12,1,1,0.29,"LETTER ""U"" BLING KEY RING",3.915740072622174e-05
90214V,5.9799999999999995,14,3,2,0.93,"LETTER ""V"" BLING KEY RING",6.728771733988679e-05
90214W,3.4799999999999995,12,1,1,0.29,"LETTER ""W"" BLING KEY RING",3.915740072622174e-05
90214Y,18.65,61,3,3,0.61,"LETTER ""Y"" BLING KEY RING",0.00020985216193794123
90214Z,3.4799999999999995,12,1,1,0.29,"LETTER ""Z"" BLING KEY RING",3.915740072622174e-05
BANK CHARGES,165.001,12,11,10,13.750083333333334,Bank Charges,0.0018566121486285384
C2,6686.0,134,133,29,50.13533834586466,CARRIAGE,0.07523171875158581
DOT,11906.36,16,16,1,744.1475,DOTCOM POSTAGE,0.1339718706065108
M,53419.93,6933,253,197,178.40612903225806,Manual,0.6010878177519295
PADS,0.003,3,3,3,0.001,PADS TO MATCH ALL CUSHIONS,3.375637993639805e-08
POST,77803.96,3120,1099,331,31.570482256596904,POSTAGE,0.8754600114387725
