Segment,StockCode,Revenue,Quantity,Orders,Customers
Segment 0,10002,30.599999999999998,36,2,2
Segment 0,10080,14.04,36,2,2
Segment 0,10120,1.05,5,1,1
Segment 0,10124A,1.26,3,1,1
Segment 0,10125,59.2,100,4,4
Segment 0,10133,236.88,521,16,15
Segment 0,10135,416.4,428,18,17
Segment 0,11001,136.89,81,5,4
Segment 0,15030,17.4,60,1,1
Segment 0,15034,43.68000000000001,312,13,13
Segment 0,15036,4208.16,6032,45,39
Segment 0,15039,351.9,414,10,10
Segment 0,15044A,185.85000000000002,63,9,9
Segment 0,15044B,248.45,91,8,8
Segment 0,15044C,103.25000000000001,35,7,7
Segment 0,15044D,381.2,136,13,13
Segment 0,15056BL,2811.15,537,37,30
Segment 0,15056N,3715.25,695,47,42
Segment 0,15056P,962.9000000000001,182,13,11
Segment 0,15058A,194.70000000000002,26,11,11
Segment 0,15058B,55.65,7,4,4
Segment 0,15058C,119.0,20,4,4
Segment 0,15060B,120.0,32,8,8
Segment 0,16008,7.699999999999999,62,4,4
Segment 0,16011,42.42,202,8,8
Segment 0,16012,5.04,24,1,1
Segment 0,16014,3759.48,11694,13,8
Segment 0,16015,118.7,243,8,8
Segment 0,16016,326.35,387,11,11
Segment 0,16043,2.88,24,1,1
Segment 0,16045,96.0,2400,11,11
Segment 0,16048,23.04,192,7,7
Segment 0,16049,17.28,144,1,1
Segment 0,16054,17.28,144,4,4
Segment 0,16156L,21.0,50,2,2
Segment 0,16156S,136.5,325,13,12
Segment 0,16161G,12.5,125,5,5
Segment 0,16161P,231.0,550,22,22
Segment 0,16161U,115.5,275,9,8
Segment 0,16168M,15.120000000000001,36,2,2
Segment 0,16169E,283.5,675,23,23
Segment 0,16169M,10.5,25,1,1
Segment 0,16202A,1.5,3,1,1
Segment 0,16216,11.2,170,3,3
Segment 0,16218,16.5,275,4,4
Segment 0,16219,17.28,288,4,4
Segment 0,16225,193.09,353,8,7
Segment 0,16235,93.45,445,7,6
Segment 0,16236,9.03,43,3,3
Segment 0,16237,79.38,378,14,13
Segment 0,16238,25.619999999999997,122,5,5
Segment 0,16259,91.80000000000001,972,7,7
Segment 0,17001,20.88,72,1,1
Segment 0,17003,1192.5,4854,22,19
Segment 0,17007B,25.200000000000003,12,1,1
Segment 0,17012C,17.849999999999998,21,2,2
Segment 0,17012D,22.95,27,2,2
Segment 0,17012F,22.95,27,2,2
Segment 0,17013D,1.65,1,1,1
Segment 0,17014A,42.0,100,2,2
Segment 0,17021,27.0,90,5,5
Segment 0,17028J,2.52,6,1,1
Segment 0,17038,20.1,201,3,3
Segment 0,17084A,10.5,50,1,1
Segment 0,17084J,21.0,100,3,3
Segment 0,17084N,26.25,125,3,3
Segment 0,17084P,21.0,100,3,3
Segment 0,17084R,30.24,144,2,2
Segment 0,17090A,7.5,6,1,1
Segment 0,17091A,2.2800000000000002,6,1,1
Segment 0,17091J,90.35,208,8,8
Segment 0,17096,348.27000000000004,2043,3,2
Segment 0,17107D,5.1,2,1,1
Segment 0,17129F,27.259999999999998,38,3,3
Segment 0,17136A,13.44,168,4,4
Segment 0,18007,335.15999999999997,5586,2,1
Segment 0,18094C,31.25,25,3,3
Segment 0,18097C,352.95,161,9,7
Segment 0,18098C,175.5,66,3,3
Segment 0,20615,55.2,52,3,3
Segment 0,20616,15.75,21,2,2
Segment 0,20617,12.600000000000001,6,1,1
Segment 0,20619,12.600000000000001,6,1,1
Segment 0,20622,31.500000000000004,15,2,1
Segment 0,20652,62.5,50,5,5
Segment 0,20653,15.0,12,1,1
Segment 0,20654,15.0,12,1,1
Segment 0,20657,6.25,5,1,1
Segment 0,20658,15.0,12,1,1
Segment 0,20659,15.0,12,1,1
Segment 0,20665,76.70000000000002,26,5,5
Segment 0,20666,5.9,2,2,2
Segment 0,20668,100.8,840,13,12
Segment 0,20669,30.0,24,2,2
Segment 0,20674,160.0,128,13,10
Segment 0,20675,407.64,348,18,13
Segment 0,20676,397.64,340,21,17
Segment 0,20677,402.64,344,20,13
Segment 0,20679,1545.65,287,34,25
Segment 0,20681,22.75,7,2,2
Segment 0,20682,276.25,85,15,15
Segment 0,20684,22.75,7,2,2
Segment 0,20685,1505.7,202,52,46
Segment 0,20686,74.75,23,6,6
Segment 0,20696,3.75,1,1,1
Segment 0,20699,5.1,2,1,1
Segment 0,20702,34.0,8,4,4
Segment 0,20704,85.1,18,5,5
Segment 0,20705,78.15,17,5,5
Segment 0,20707,15.0,12,1,1
Segment 0,20711,481.12,249,18,17
Segment 0,20712,1833.38,936,31,25
Segment 0,20713,684.6,368,16,16
Segment 0,20716,13.75,11,2,2
Segment 0,20717,125.0,100,9,9
Segment 0,20718,456.25,365,26,24
Segment 0,20719,716.05,873,49,38
Segment 0,20723,743.35,951,30,23
Segment 0,20724,1519.35,1971,59,49
Segment 0,20725,2025.3,1282,60,50
Segment 0,20726,862.75,535,37,29
Segment 0,20727,1621.15,1031,53,41
Segment 0,20728,2502.7,1638,65,57
Segment 0,20733,43.35,51,4,4
Segment 0,20735,0.85,1,1,1
Segment 0,20748,63.75,5,1,1
Segment 0,20749,1509.8999999999999,202,50,46
Segment 0,20750,1730.55,237,51,41
Segment 0,20751,84.00000000000001,40,7,7
Segment 0,20752,48.300000000000004,23,4,4
Segment 0,20754,251.88,134,11,10
Segment 0,20755,5.949999999999999,7,2,2
Segment 0,20756,2.55,3,1,1
Segment 0,20757,5.1,6,2,2
Segment 0,20758,3.4,4,2,2
Segment 0,20759,2.55,3,1,1
Segment 0,20761,30.0,8,4,4
Segment 0,20762,7.5,2,2,2
Segment 0,20764,15.0,4,2,2
Segment 0,20765,18.75,5,2,2
Segment 0,20766,30.0,8,3,3
Segment 0,20767,45.9,18,3,3
Segment 0,20770,93.45,43,3,3
Segment 0,20771,15.299999999999999,6,1,1
Segment 0,20772,210.75,92,7,6
Segment 0,20775,9.899999999999999,6,1,1
Segment 0,20777,29.699999999999996,18,4,4
Segment 0,20780,10.98,2,2,2
Segment 0,20781,21.96,4,3,3
Segment 0,20782,10.98,2,1,1
Segment 0,20785,39.95,1,1,1
Segment 0,20793,6.75,1,1,1
Segment 0,20794,22.95,9,2,2
Segment 0,20798,25.200000000000003,12,1,1
Segment 0,20801,70.24000000000001,80,6,6
Segment 0,20802,64.35,39,5,5
Segment 0,20803,29.25,75,3,3
Segment 0,20818,7.5,2,1,1
Segment 0,20819,90.0,24,5,4
Segment 0,20823,18.96,24,1,1
Segment 0,20828,407.99999999999994,160,26,26
Segment 0,20829,247.8,118,12,12
Segment 0,20830,12.600000000000001,6,1,1
Segment 0,20831,12.600000000000001,6,1,1
Segment 0,20832,27.22,58,4,4
Segment 0,20836,9.959999999999999,12,1,1
Segment 0,20837,55.32000000000001,36,3,3
Segment 0,20838,20.4,24,2,2
Segment 0,20839,49.3,58,6,6
Segment 0,20840,66.3,78,6,6
Segment 0,20846,240.0,192,14,8
Segment 0,20847,15.0,4,1,1
Segment 0,20854,33.0,20,1,1
Segment 0,20856,3.3,2,2,2
Segment 0,20866,60.0,48,3,3
Segment 0,20867,45.0,36,1,1
Segment 0,20869,24.180000000000003,62,1,1
Segment 0,20886,58.5,30,4,4
Segment 0,20893,302.40000000000003,144,2,2
Segment 0,20894,17.700000000000003,6,1,1
Segment 0,20897,183.14999999999998,69,4,4
Segment 0,20898,17.700000000000003,6,1,1
Segment 0,20902,25.4,4,2,2
Segment 0,20903,38.099999999999994,6,3,3
Segment 0,20914,2122.95,801,50,42
Segment 0,20931,219.3,70,7,6
Segment 0,20932,65.4,20,3,3
Segment 0,20934,54.5,10,5,5
Segment 0,20936,53.10000000000001,18,3,2
Segment 0,20941,21.25,17,2,2
Segment 0,20956,230.0,184,12,10
Segment 0,20961,267.5,214,9,7
Segment 0,20963,152.5,122,7,6
Segment 0,20967,270.0,72,11,9
Segment 0,20969,463.29,127,22,16
Segment 0,20970,529.65,147,21,16
Segment 0,20971,926.61,765,44,38
Segment 0,20972,1496.53,1241,63,55
Segment 0,20973,295.1,454,16,16
Segment 0,20974,350.35,539,24,21
Segment 0,20975,428.35,659,28,25
Segment 0,20977,181.25,145,10,10
Segment 0,20978,253.75,203,17,15
Segment 0,20979,381.25,305,22,20
Segment 0,20980,6.25,5,2,2
Segment 0,20981,265.2,312,23,21
Segment 0,20982,214.2,252,12,12
Segment 0,20983,294.09999999999997,346,16,14
Segment 0,20984,69.80999999999999,233,9,8
Segment 0,20985,58.75,47,6,6
Segment 0,20986,16.25,13,2,2
Segment 0,20992,271.81,599,18,16
Segment 0,20996,132.24,696,13,12
Segment 0,20998,17.700000000000003,6,1,1
Segment 0,21001,17.85,3,1,1
Segment 0,21003,38.099999999999994,6,1,1
Segment 0,21012,285.62,161,6,6
Segment 0,21014,38.88999999999999,109,5,5
Segment 0,21015,59.42999999999999,203,10,10
Segment 0,21025,1.25,1,1,1
Segment 0,21026,13.75,11,2,2
Segment 0,21027,3.75,3,1,1
Segment 0,21028,3.75,3,1,1
Segment 0,21030,5.0,4,2,2
Segment 0,21032,5.0,4,2,2
Segment 0,21033,43.68,21,3,3
Segment 0,21034,194.75,205,95,86
Segment 0,21035,302.4,96,12,12
Segment 0,21039,91.8,36,5,5
Segment 0,21041,106.20000000000002,36,5,5
Segment 0,21042,53.550000000000004,9,4,4
Segment 0,21043,175.5,90,8,8
Segment 0,21051,16.8,8,3,3
Segment 0,21054,223.74999999999997,25,3,3
Segment 0,21055,152.14999999999998,17,9,8
Segment 0,21056,496.99999999999994,60,10,8
Segment 0,21058,21.25,25,3,3
Segment 0,21059,12.75,15,4,4
Segment 0,21060,1.7,2,2,2
Segment 0,21061,0.85,1,1,1
Segment 0,21062,32.3,38,3,3
Segment 0,21063,11.049999999999999,13,2,2
Segment 0,21064,303.70000000000005,70,9,6
Segment 0,21065,65.7,30,3,3
Segment 0,21067,7.5,6,1,1
Segment 0,21068,520.2,480,22,7
Segment 0,21069,22.5,18,2,2
Segment 0,21070,140.4,126,3,3
Segment 0,21071,203.67000000000002,183,21,6
Segment 0,21078,375.66,486,17,17
Segment 0,21080,689.31,855,49,47
Segment 0,21084,51.11000000000001,269,11,11
Segment 0,21086,155.35000000000002,239,21,18
Segment 0,21088,25.080000000000002,132,9,9
Segment 0,21089,6.840000000000001,36,3,3
Segment 0,21090,81.89999999999999,210,13,13
Segment 0,21094,246.5,290,24,21
Segment 0,21096,22.23,57,6,6
Segment 0,21098,731.81,673,11,9
Segment 0,21100,16.5,10,1,1
Segment 0,21106,199.1,74,8,7
Segment 0,21107,202.8,72,9,8
Segment 0,21108,14139.300000000001,7273,32,31
Segment 0,21109,184.5,70,8,8
Segment 0,21110,154.35,57,8,8
Segment 0,21111,173.8,76,6,6
Segment 0,21112,1307.0,484,6,6
Segment 0,21114,181.25,145,14,14
Segment 0,21115,914.8000000000001,168,13,13
Segment 0,21116,789.4000000000001,164,25,13
Segment 0,21117,30.0,24,2,2
Segment 0,21121,537.5,430,23,23
Segment 0,21122,722.5,578,30,29
Segment 0,21123,95.0,76,5,5
Segment 0,21124,462.5,370,19,19
Segment 0,21125,91.25,73,7,6
Segment 0,21126,81.25,65,8,8
Segment 0,21128,69.5,10,2,2
Segment 0,21129,90.35000000000001,13,4,4
Segment 0,21131,4.25,1,1,1
Segment 0,21132,17.0,4,1,1
Segment 0,21135,400.53,237,22,20
Segment 0,21136,1297.92,768,56,53
Segment 0,21137,5580.84,1628,53,29
Segment 0,21143,46.8,24,2,2
Segment 0,21145,15.0,12,1,1
Segment 0,21154,145.0,116,11,11
Segment 0,21155,392.09999999999997,158,25,23
Segment 0,21156,457.65,247,22,21
Segment 0,21157,2.1,1,1,1
Segment 0,21158,19.349999999999998,17,3,3
Segment 0,21159,28.209999999999997,37,3,3
Segment 0,21161,4.35,3,2,2
Segment 0,21162,18.959999999999997,16,2,2
Segment 0,21163,26.759999999999998,36,2,2
Segment 0,21164,457.25000000000006,155,21,18
Segment 0,21165,263.64,156,15,13
Segment 0,21166,956.44,487,30,26
Segment 0,21167,76.86,366,6,5
Segment 0,21169,538.04,332,25,22
Segment 0,21171,21.749999999999996,15,3,3
Segment 0,21172,475.59999999999997,328,24,21
Segment 0,21174,665.99,321,29,25
Segment 0,21175,8775.75,4727,49,42
Segment 0,21179,67.44,120,6,6
Segment 0,21181,1743.6000000000001,876,54,47
Segment 0,21187,186.75,119,6,6
Segment 0,21188,106.20000000000002,36,3,3
Segment 0,21189,39.599999999999994,24,2,2
Segment 0,21191,303.72,154,10,9
Segment 0,21192,107.24999999999999,65,5,5
Segment 0,21194,31.200000000000003,48,3,2
Segment 0,21195,25.200000000000003,12,1,1
Segment 0,21197,19.799999999999997,12,1,1
Segment 0,21198,119.15999999999998,108,4,3
Segment 0,21199,19.799999999999997,12,1,1
Segment 0,21200,80.85,49,4,4
Segment 0,21201,153.0,60,6,6
Segment 0,21202,54.3,62,3,3
Segment 0,21204,143.54999999999998,87,7,7
Segment 0,21205,73.95,29,5,5
Segment 0,21206,109.05,101,4,4
Segment 0,21207,199.95,127,8,7
Segment 0,21208,72.53999999999999,186,10,9
Segment 0,21209,74.85,137,8,7
Segment 0,21210,662.3,470,29,25
Segment 0,21211,191.39999999999998,132,6,6
Segment 0,21212,3000.18,6942,75,66
Segment 0,21213,1996.3600000000001,4588,45,37
Segment 0,21215,55.0,100,5,4
Segment 0,21216,389.1,82,15,14
Segment 0,21217,368.15,37,19,17
Segment 0,21218,332.25,91,16,15
Segment 0,21220,12.5,10,1,1
Segment 0,21221,6.25,5,1,1
Segment 0,21222,12.5,10,1,1
Segment 0,21224,80.0,64,5,4
Segment 0,21226,6.25,5,1,1
Segment 0,21228,1.25,1,1,1
Segment 0,21231,951.5300000000001,805,43,41
Segment 0,21232,1663.13,1429,61,53
Segment 0,21238,335.44,424,26,23
Segment 0,21239,264.04,340,14,11
Segment 0,21240,233.17000000000002,289,19,17
Segment 0,21242,724.56,456,24,21
Segment 0,21243,562.3199999999999,360,16,12
Segment 0,21244,517.76,320,16,13
Segment 0,21245,141.96,84,9,8
Segment 0,21246,89.10000000000001,18,3,3
Segment 0,21248,18.849999999999998,13,2,2
Segment 0,21249,168.15000000000003,57,10,10
Segment 0,21250,103.6,40,2,2
Segment 0,21251,61.95000000000001,21,5,5
Segment 0,21253,41.300000000000004,14,2,2
Segment 0,21257,961.35,133,17,17
Segment 0,21258,1127.6999999999998,102,10,8
Segment 0,21259,790.5500000000001,149,24,20
Segment 0,21260,422.5,130,20,14
Segment 0,21261,59.00000000000001,20,4,4
Segment 0,21262,106.20000000000002,36,4,4
Segment 0,21263,46.8,24,2,2
Segment 0,21264,74.1,38,4,4
Segment 0,21265,46.8,24,2,2
Segment 0,21269,17.0,2,1,1
Segment 0,21270,38.25,3,3,3
Segment 0,21272,17.5,14,2,2
Segment 0,21277,65.85,3,3,3
Segment 0,21280,15.299999999999999,6,1,1
Segment 0,21284,20.28,12,1,1
Segment 0,21285,59.760000000000005,48,3,3
Segment 0,21287,97.08,228,5,4
Segment 0,21288,164.45000000000002,59,8,7
Segment 0,21289,20.0,16,1,1
Segment 0,21291,163.2,192,7,6
Segment 0,21292,40.8,48,3,3
Segment 0,21294,79.41999999999999,186,6,6
Segment 0,21306,27.839999999999996,96,3,3
Segment 0,21307,3.4799999999999995,12,1,1
Segment 0,21310,29.95,1,1,1
Segment 0,21311,9.059999999999999,25,2,2
Segment 0,21313,300.53,401,17,16
Segment 0,21314,981.9000000000001,479,46,44
Segment 0,21316,51.940000000000005,22,3,3
Segment 0,21317,32.7,6,2,2
Segment 0,21318,61.92,120,5,5
Segment 0,21319,63.66,46,3,3
Segment 0,21320,246.17000000000002,119,6,5
Segment 0,21324,53.10000000000001,18,3,3
Segment 0,21326,1761.7,3002,45,31
Segment 0,21327,56.099999999999994,34,6,6
Segment 0,21328,138.59999999999997,84,11,10
Segment 0,21329,64.35,39,5,5
Segment 0,21332,3.95,1,1,1
Segment 0,21340,1787.05,163,38,36
Segment 0,21348,285.59999999999997,112,1,1
Segment 0,21349,47.25,7,3,3
Segment 0,21351,6.75,1,1,1
Segment 0,21352,395.70000000000005,102,6,6
Segment 0,21354,112.5,90,6,6
Segment 0,21355,78.75,63,9,9
Segment 0,21356,60.0,48,4,4
Segment 0,21358,46.25,37,4,4
Segment 0,21359,79.15,17,3,3
Segment 0,21360,67.30000000000001,14,3,3
Segment 0,21361,153.0,12,5,5
Segment 0,21363,103.95,21,10,10
Segment 0,21364,20.25,3,3,3
Segment 0,21365,18.75,25,3,3
Segment 0,21366,17.0,4,2,2
Segment 0,21367,0.75,1,1,1
Segment 0,21368,0.75,1,1,1
Segment 0,21369,15.0,12,1,1
Segment 0,21371,9.75,13,2,2
Segment 0,21372,4.5,6,2,2
Segment 0,21373,48.0,64,4,4
Segment 0,21374,16.25,13,2,2
Segment 0,21376,10.9,2,1,1
Segment 0,21377,13.2,8,3,3
Segment 0,21378,37.949999999999996,23,5,5
Segment 0,21379,37.5,30,5,5
Segment 0,21380,725.6,272,16,15
Segment 0,21381,1087.01,725,14,13
Segment 0,21382,200.05,211,9,9
Segment 0,21383,39.0,60,6,5
Segment 0,21385,340.0,400,20,19
Segment 0,21386,49.379999999999995,114,7,7
Segment 0,21389,111.35,131,11,11
Segment 0,21390,340.0,272,13,13
Segment 0,21391,118.35,147,8,8
Segment 0,21392,12.600000000000001,6,1,1
Segment 0,21394,84.63,169,8,8
Segment 0,21395,76.05,195,6,6
Segment 0,21397,60.239999999999995,128,6,6
Segment 0,21398,96.3,168,7,7
Segment 0,21399,108.53999999999999,252,7,7
Segment 0,21400,25.919999999999998,216,8,7
Segment 0,21401,23.04,192,7,6
Segment 0,21402,23.759999999999998,198,5,5
Segment 0,21403,77.75999999999999,360,7,6
Segment 0,21407,162.0,40,9,9
Segment 0,21408,148.75,35,11,11
Segment 0,21411,405.4,156,19,19
Segment 0,21413,20.0,16,2,2
Segment 0,21415,27.300000000000004,13,3,3
Segment 0,21417,38.88,26,4,4
Segment 0,21418,30.599999999999998,12,2,2
Segment 0,21420,22.75,7,2,2
Segment 0,21421,75.0,60,1,1
Segment 0,21422,343.35999999999996,448,7,7
Segment 0,21424,35.400000000000006,12,1,1
Segment 0,21425,35.400000000000006,12,2,2
Segment 0,21427,33.6,16,3,3
Segment 0,21428,225.75,55,9,8
Segment 0,21429,316.34999999999997,177,14,13
Segment 0,21430,491.61,127,17,16
Segment 0,21439,468.73,437,4,4
Segment 0,21441,36.01,61,7,7
Segment 0,21442,24.11,47,5,5
Segment 0,21445,1.25,1,1,1
Segment 0,21447,38.75,31,4,4
Segment 0,21448,59.39999999999999,36,3,3
Segment 0,21452,203.55,69,11,11
Segment 0,21454,10.2,12,1,1
Segment 0,21455,21.25,25,5,5
Segment 0,21456,15.0,12,1,1
Segment 0,21458,15.0,12,1,1
Segment 0,21459,11.7,6,1,1
Segment 0,21462,74.25,11,5,5
Segment 0,21463,329.1,58,16,16
Segment 0,21464,89.25,21,7,7
Segment 0,21465,18.75,5,3,3
Segment 0,21466,45.0,12,6,6
Segment 0,21467,146.25,39,9,9
Segment 0,21468,11.25,3,2,2
Segment 0,21469,30.0,8,2,2
Segment 0,21470,123.75,33,10,10
Segment 0,21471,142.5,38,12,12
Segment 0,21472,71.25,19,8,8
Segment 0,21473,19.95,1,1,1
Segment 0,21476,29.9,2,1,1
Segment 0,21479,1174.3600000000001,308,31,30
Segment 0,21481,1108.3200000000002,352,37,36
Segment 0,21484,864.3,230,30,26
Segment 0,21485,1533.6000000000001,320,60,53
Segment 0,21494,67.5,54,5,5
Segment 0,21495,470.5,1225,16,15
Segment 0,21497,283.5,675,20,19
Segment 0,21498,592.5,1525,31,31
Segment 0,21499,294.0,700,23,23
Segment 0,21500,283.5,675,22,21
Segment 0,21503,21.0,50,2,2
Segment 0,21504,197.28,516,14,12
Segment 0,21506,80.64,192,16,16
Segment 0,21507,70.56,168,12,12
Segment 0,21508,45.36,108,8,7
Segment 0,21509,65.52,156,11,9
Segment 0,21519,65.52,156,12,11
Segment 0,21520,10.08,24,2,2
Segment 0,21523,1279.2,168,43,28
Segment 0,21524,1394.25,189,42,34
Segment 0,21527,154.95000000000002,21,5,5
Segment 0,21528,55.6,8,4,4
Segment 0,21530,73.79,77,8,8
Segment 0,21531,294.15,127,19,17
Segment 0,21533,436.65000000000003,95,23,21
Segment 0,21534,140.1,30,8,8
Segment 0,21535,270.29999999999995,106,18,17
Segment 0,21537,34.0,8,1,1
Segment 0,21539,314.4,72,7,7
Segment 0,21544,255.0,300,9,6
Segment 0,21547,35.400000000000006,12,2,2
Segment 0,21555,35.699999999999996,14,3,3
Segment 0,21556,33.15,13,3,3
Segment 0,21557,17.700000000000003,6,1,1
Segment 0,21558,277.95,109,13,13
Segment 0,21559,247.35,97,15,12
Segment 0,21561,76.5,30,5,5
Segment 0,21562,7.5,6,2,2
Segment 0,21563,153.40000000000003,52,10,10
Segment 0,21564,2.95,1,1,1
Segment 0,21576,63.0,28,5,5
Segment 0,21577,87.75,39,7,7
Segment 0,21578,94.5,42,7,7
Segment 0,21579,27.0,12,2,2
Segment 0,21581,54.0,24,3,3
Segment 0,21584,277.2,168,11,11
Segment 0,21586,99.44999999999999,39,4,4
Segment 0,21587,61.199999999999996,24,2,2
Segment 0,21588,262.65,103,13,12
Segment 0,21591,97.5,78,8,8
Segment 0,21592,209.36,184,15,15
Segment 0,21609,1231.4,476,11,7
Segment 0,21613,26.550000000000004,9,2,2
Segment 0,21614,8.850000000000001,3,1,1
Segment 0,21615,128.75,77,10,10
Segment 0,21616,193.75,143,14,13
Segment 0,21617,133.75,91,10,9
Segment 0,21618,33.75,17,3,3
Segment 0,21619,150.0,94,13,13
Segment 0,21620,95.0,68,9,9
Segment 0,21621,3936.5,494,49,45
Segment 0,21622,158.4,32,7,7
Segment 0,21623,577.0999999999999,58,15,15
Segment 0,21624,202.3,34,13,13
Segment 0,21625,62.550000000000004,9,6,6
Segment 0,21626,280.8,144,9,9
Segment 0,21627,119.6,8,4,4
Segment 0,21628,74.75,5,3,3
Segment 0,21629,79.5,10,3,3
Segment 0,21630,125.29999999999998,14,6,6
Segment 0,21631,178.5,14,4,4
Segment 0,21633,178.5,14,4,4
Segment 0,21634,28.08,72,2,2
Segment 0,21635,20.0,16,2,2
Segment 0,21636,106.05,127,9,7
Segment 0,21637,22.5,18,1,1
Segment 0,21638,88.20000000000002,42,4,3
Segment 0,21640,20.4,24,1,1
Segment 0,21641,157.17999999999998,542,2,2
Segment 0,21642,159.97,457,8,7
Segment 0,21643,52.5,42,5,5
Segment 0,21644,15.0,12,1,1
Segment 0,21647,10.5,5,4,4
Segment 0,21648,30.0,24,1,1
Segment 0,21650,61.75000000000001,325,7,6
Segment 0,21651,29.699999999999996,18,2,2
Segment 0,21654,75.67,175,7,6
Segment 0,21655,60.84,36,2,1
Segment 0,21656,34.8,24,4,4
Segment 0,21658,665.14,182,16,10
Segment 0,21661,5.95,1,1,1
Segment 0,21662,285.40000000000003,52,3,3
Segment 0,21664,177.72,52,2,2
Segment 0,21666,23.400000000000002,36,2,2
Segment 0,21668,210.7,158,15,14
Segment 0,21669,189.45,141,14,13
Segment 0,21670,289.5,222,16,16
Segment 0,21671,170.2,132,14,14
Segment 0,21672,212.9,162,13,13
Segment 0,21673,192.1,146,10,10
Segment 0,21675,10.2,12,1,1
Segment 0,21676,15.299999999999999,18,1,1
Segment 0,21677,86.69999999999999,102,8,7
Segment 0,21679,142.79999999999998,168,8,7
Segment 0,21680,40.8,48,4,4
Segment 0,21682,163.35,33,9,9
Segment 0,21683,247.8,84,6,3
Segment 0,21684,102.0,120,2,2
Segment 0,21686,279.65000000000003,7,4,1
Segment 0,21688,265.5,90,6,6
Segment 0,21689,97.5,26,5,5
Segment 0,21692,15.0,4,1,1
Segment 0,21693,295.00000000000006,100,12,10
Segment 0,21694,648.9,246,9,7
Segment 0,21695,177.00000000000003,60,6,6
Segment 0,21696,165.20000000000002,56,6,6
Segment 0,21698,9.36,24,1,1
Segment 0,21700,183.6,216,8,7
Segment 0,21703,1342.7400000000002,4253,37,26
Segment 0,21704,1305.37,1789,24,13
Segment 0,21705,43.47,63,4,4
Segment 0,21706,123.75,25,5,5
Segment 0,21707,123.75,25,9,9
Segment 0,21708,74.25,15,4,4
Segment 0,21709,64.35,13,4,4
Segment 0,21710,39.6,8,4,4
Segment 0,21711,19.8,4,1,1
Segment 0,21713,212.10000000000002,101,17,17
Segment 0,21714,167.5,134,13,13
Segment 0,21715,524.55,217,22,20
Segment 0,21716,637.65,267,23,21
Segment 0,21717,81.6,32,3,3
Segment 0,21718,421.25,337,22,19
Segment 0,21719,52.7,62,2,2
Segment 0,21723,20.4,24,2,2
Segment 0,21725,71.4,84,4,4
Segment 0,21726,30.599999999999998,36,2,2
Segment 0,21730,679.6,152,29,13
Segment 0,21731,1645.1999999999998,1032,46,38
Segment 0,21733,1673.45,615,52,47
Segment 0,21735,558.0,48,13,12
Segment 0,21736,57.42000000000001,42,3,3
Segment 0,21738,2.95,1,1,1
Segment 0,21739,50.150000000000006,17,5,5
Segment 0,21741,20.650000000000002,7,2,2
Segment 0,21742,160.65,27,13,12
Segment 0,21743,502.9,190,8,7
Segment 0,21744,5.9,2,1,1
Segment 0,21745,221.25,59,10,8
Segment 0,21746,876.51,807,16,14
Segment 0,21747,146.28,132,5,4
Segment 0,21749,263.70000000000005,137,12,12
Segment 0,21750,39.900000000000006,19,3,3
Segment 0,21754,1152.4,196,43,35
Segment 0,21755,1234.9,208,53,45
Segment 0,21756,276.70000000000005,46,16,15
Segment 0,21758,6.45,1,1,1
Segment 0,21763,20.0,1,1,1
Segment 0,21769,79.95,1,1,1
Segment 0,21770,514.8000000000001,104,43,40
Segment 0,21773,108.83,103,9,9
Segment 0,21774,30.24,72,1,1
Segment 0,21781,179.39999999999998,12,8,7
Segment 0,21784,19.9,2,1,1
Segment 0,21785,264.55,407,1,1
Segment 0,21786,40.32,96,4,4
Segment 0,21787,224.39999999999998,264,8,8
Segment 0,21788,40.8,48,2,2
Segment 0,21789,61.199999999999996,72,3,3
Segment 0,21790,2811.74,3950,106,86
Segment 0,21791,1252.64,1024,64,60
Segment 0,21792,130.35000000000002,33,4,4
Segment 0,21793,227.20000000000002,48,9,9
Segment 0,21794,99.25,23,6,6
Segment 0,21801,15.54,37,2,2
Segment 0,21802,71.82,171,6,6
Segment 0,21803,91.14,217,6,6
Segment 0,21804,217.5,58,6,5
Segment 0,21807,0.42,1,1,1
Segment 0,21808,45.0,12,1,1
Segment 0,21809,166.32,400,8,8
Segment 0,21810,172.38,442,9,8
Segment 0,21811,178.62,458,9,8
Segment 0,21812,29.700000000000003,6,3,3
Segment 0,21813,123.75,25,1,1
Segment 0,21817,48.36,124,4,4
Segment 0,21818,105.09,227,7,7
Segment 0,21819,39.85,101,4,4
Segment 0,21820,277.5,74,9,8
Segment 0,21821,165.0,44,8,8
Segment 0,21822,156.42000000000002,198,8,5
Segment 0,21823,120.35999999999999,276,9,9
Segment 0,21824,93.6,240,9,9
Segment 0,21826,16.25,13,3,3
Segment 0,21828,43.75,35,8,8
Segment 0,21829,160.04999999999998,793,11,10
Segment 0,21830,90.72,216,4,4
Segment 0,21832,46.199999999999996,28,3,3
Segment 0,21833,1155.72,708,20,14
Segment 0,21841,8.5,2,1,1
Segment 0,21843,1345.8,124,47,40
Segment 0,21844,259.2,96,8,8
Segment 0,21845,75.84,96,5,5
Segment 0,21846,14.850000000000001,3,1,1
Segment 0,21847,14.850000000000001,3,1,1
Segment 0,21850,153.0,36,1,1
Segment 0,21851,14.850000000000001,3,1,1
Segment 0,21864,226.80000000000004,108,9,9
Segment 0,21865,50.400000000000006,24,7,7
Segment 0,21866,40.0,32,5,5
Segment 0,21867,38.75,31,5,5
Segment 0,21868,380.14,326,17,15
Segment 0,21870,96.32000000000001,88,3,3
Segment 0,21871,240.84,192,21,7
Segment 0,21872,37.5,30,3,3
Segment 0,21873,30.119999999999997,48,2,2
Segment 0,21874,15.0,12,1,1
Segment 0,21875,120.66,102,5,5
Segment 0,21876,226.85999999999999,234,11,11
Segment 0,21877,259.2,192,15,13
Segment 0,21878,276.25,325,13,11
Segment 0,21879,33.84,120,6,6
Segment 0,21880,82.56,144,9,9
Segment 0,21881,24.720000000000002,72,4,4
Segment 0,21882,20.160000000000004,48,3,3
Segment 0,21883,49.440000000000005,144,8,8
Segment 0,21884,18.240000000000002,96,4,4
Segment 0,21888,729.54,198,33,31
Segment 0,21889,1101.25,881,52,50
Segment 0,21890,1241.05,445,26,23
Segment 0,21891,2028.32,1628,49,39
Segment 0,21892,773.75,619,35,32
Segment 0,21894,115.0,92,6,6
Segment 0,21896,86.10000000000001,41,9,9
Segment 0,21899,94.9,146,7,7
Segment 0,21900,126.10000000000001,194,9,9
Segment 0,21901,96.85000000000001,149,9,9
Segment 0,21902,65.65,101,7,7
Segment 0,21903,107.10000000000001,51,7,7
Segment 0,21904,2.1,1,1,1
Segment 0,21905,24.45,21,6,6
Segment 0,21906,162.0,24,9,9
Segment 0,21907,275.1,131,15,15
Segment 0,21908,386.40000000000003,184,16,15
Segment 0,21910,19.799999999999997,12,1,1
Segment 0,21911,59.39999999999999,36,3,2
Segment 0,21912,2015.5500000000002,645,35,31
Segment 0,21913,127.5,34,7,7
Segment 0,21914,725.0,580,37,35
Segment 0,21915,3352.8,2968,61,55
Segment 0,21916,73.92,176,12,12
Segment 0,21917,127.68,304,14,14
Segment 0,21918,534.8399999999999,1438,17,16
Segment 0,21922,877.95,121,22,19
Segment 0,21925,98.75,79,8,8
Segment 0,21926,80.0,64,6,5
Segment 0,21927,101.25,81,7,6
Segment 0,21928,1075.07,569,24,21
Segment 0,21929,2446.08,1322,41,33
Segment 0,21930,529.48,271,17,17
Segment 0,21931,2235.1,1191,40,33
Segment 0,21932,330.95,173,21,19
Segment 0,21933,387.8,192,18,16
Segment 0,21934,313.5,190,16,15
Segment 0,21935,654.65,421,21,19
Segment 0,21936,392.35,133,21,18
Segment 0,21937,316.29999999999995,114,11,10
Segment 0,21942,10.2,12,1,1
Segment 0,21945,10.2,12,1,1
Segment 0,21947,1.25,1,1,1
Segment 0,21948,60.0,48,3,3
Segment 0,21955,402.6,52,19,17
Segment 0,21967,705.5699999999999,2673,14,13
Segment 0,21973,36.25,25,3,3
Segment 0,21974,390.04999999999995,269,30,30
Segment 0,21975,1622.6,3812,32,28
Segment 0,21976,102.85000000000001,187,10,10
Segment 0,21977,1884.8500000000001,4243,57,55
Segment 0,21980,238.43999999999997,756,23,23
Segment 0,21981,406.44,1668,14,12
Segment 0,21982,511.53999999999996,2186,17,16
Segment 0,21983,196.68,612,16,15
Segment 0,21984,92.66999999999999,293,12,12
Segment 0,21985,830.05,3145,31,28
Segment 0,21986,427.44,1800,16,15
Segment 0,21987,31.200000000000003,48,4,4
Segment 0,21988,41.65,49,5,5
Segment 0,21989,51.0,60,7,7
Segment 0,21990,112.5,90,10,10
Segment 0,21991,75.0,60,5,5
Segment 0,21992,169.15,119,15,15
Segment 0,21993,127.5,102,11,11
Segment 0,22021,127.04999999999998,77,6,6
Segment 0,22023,45.36,108,8,8
Segment 0,22024,30.240000000000002,72,6,6
Segment 0,22025,25.2,60,5,5
Segment 0,22026,20.16,48,3,3
Segment 0,22027,177.84,444,24,24
Segment 0,22028,70.56,168,12,12
Segment 0,22029,120.96,288,19,18
Segment 0,22030,65.52,156,13,13
Segment 0,22031,10.08,24,2,2
Segment 0,22032,5.04,12,1,1
Segment 0,22033,25.2,60,2,2
Segment 0,22035,20.16,48,2,2
Segment 0,22037,95.76,228,17,16
Segment 0,22038,10.5,25,1,1
Segment 0,22039,10.5,25,1,1
Segment 0,22040,10.5,25,1,1
Segment 0,22041,1483.65,675,24,15
Segment 0,22042,5.04,12,1,1
Segment 0,22043,65.52,216,3,3
Segment 0,22044,5.04,12,1,1
Segment 0,22045,147.84,352,14,13
Segment 0,22046,136.5,325,11,10
Segment 0,22047,126.0,300,11,11
Segment 0,22048,10.5,25,1,1
Segment 0,22049,19.0,100,2,2
Segment 0,22050,42.0,100,4,4
Segment 0,22051,42.0,100,4,4
Segment 0,22052,21.0,50,2,2
Segment 0,22053,3240.4199999999996,3936,4,4
Segment 0,22055,569.73,393,27,22
Segment 0,22057,66.12,68,7,7
Segment 0,22059,72.78,102,7,6
Segment 0,22060,134.3,34,5,4
Segment 0,22061,375.54999999999995,49,14,12
Segment 0,22062,51.089999999999996,59,5,5
Segment 0,22063,143.84,80,5,5
Segment 0,22064,184.79999999999998,112,8,8
Segment 0,22065,145.67999999999998,292,9,9
Segment 0,22066,166.28,372,13,13
Segment 0,22067,95.1,62,4,4
Segment 0,22068,92.39999999999999,56,3,3
Segment 0,22069,59.39999999999999,36,3,3
Segment 0,22070,175.11,49,7,7
Segment 0,22071,67.5,18,4,4
Segment 0,22072,182.61,59,8,8
Segment 0,22073,99.24000000000001,28,2,2
Segment 0,22074,55.349999999999994,123,3,3
Segment 0,22075,387.98999999999995,265,5,5
Segment 0,22076,149.60999999999999,109,9,9
Segment 0,22077,1410.7499999999998,785,60,56
Segment 0,22078,207.9,99,13,13
Segment 0,22079,353.1,214,24,23
Segment 0,22080,165.0,100,9,8
Segment 0,22081,196.35,119,11,11
Segment 0,22082,666.6,404,42,39
Segment 0,22083,1299.8,484,32,31
Segment 0,22084,3843.2,1456,46,44
Segment 0,22085,459.40000000000003,172,7,7
Segment 0,22086,6688.700000000001,2506,116,97
Segment 0,22087,882.5,310,29,25
Segment 0,22088,273.1,98,12,12
Segment 0,22089,538.6,188,23,22
Segment 0,22090,2105.6000000000004,768,56,50
Segment 0,22091,19.04,40,4,4
Segment 0,22092,5.07,13,3,3
Segment 0,22093,16.17,15,2,2
Segment 0,22094,204.48999999999998,467,10,10
Segment 0,22095,17.630000000000003,43,5,5
Segment 0,22096,207.20000000000002,496,7,7
Segment 0,22097,0.39,1,1,1
Segment 0,22098,44.85,115,5,5
Segment 0,22100,14.040000000000001,36,1,1
Segment 0,22101,75.60000000000001,36,4,3
Segment 0,22102,51.14999999999999,31,4,2
Segment 0,22103,44.55,27,3,3
Segment 0,22105,8.5,2,1,1
Segment 0,22106,163.05,27,3,2
Segment 0,22107,40.0,16,3,3
Segment 0,22108,15.0,4,1,1
Segment 0,22109,1374.63,385,20,15
Segment 0,22110,257.55,101,15,14
Segment 0,22111,3700.2000000000003,812,77,62
Segment 0,22112,3386.25,749,80,64
Segment 0,22113,2451.04,668,57,51
Segment 0,22114,1828.35,459,57,45
Segment 0,22115,196.47000000000003,153,18,18
Segment 0,22116,31.39,37,4,4
Segment 0,22117,97.35000000000002,33,5,5
Segment 0,22118,37.2,12,4,4
Segment 0,22119,164.60000000000002,28,8,8
Segment 0,22120,310.95,33,12,12
Segment 0,22121,462.3500000000001,83,9,8
Segment 0,22123,115.05,59,6,6
Segment 0,22127,127.5,102,7,7
Segment 0,22128,1026.3,894,23,19
Segment 0,22129,290.09999999999997,378,9,8
Segment 0,22130,107.1,126,8,8
Segment 0,22131,76.05,39,9,9
Segment 0,22132,74.8,88,7,7
Segment 0,22133,40.8,48,3,3
Segment 0,22134,5.04,12,1,1
Segment 0,22135,10.08,24,2,2
Segment 0,22136,19.799999999999997,12,1,1
Segment 0,22138,4042.5000000000005,854,148,126
Segment 0,22139,1789.95,365,83,75
Segment 0,22141,671.3000000000001,343,24,23
Segment 0,22142,638.6999999999999,478,26,25
Segment 0,22144,1196.6000000000001,611,43,40
Segment 0,22145,63.0,30,1,1
Segment 0,22147,619.5999999999999,440,39,37
Segment 0,22148,548.7,306,12,11
Segment 0,22149,1183.8000000000002,578,57,49
Segment 0,22150,469.95,241,39,35
Segment 0,22151,779.04,2040,23,15
Segment 0,22152,10.08,24,1,1
Segment 0,22153,100.8,240,5,5
Segment 0,22154,362.15999999999997,924,12,11
Segment 0,22155,61.739999999999995,147,3,3
Segment 0,22156,300.04999999999995,353,18,13
Segment 0,22158,1116.0500000000002,387,27,24
Segment 0,22161,125.40000000000002,660,22,21
Segment 0,22162,47.2,16,1,1
Segment 0,22163,78.79,97,5,5
Segment 0,22164,17.700000000000003,6,1,1
Segment 0,22165,568.8000000000001,144,1,1
Segment 0,22166,307.05000000000007,99,2,2
Segment 0,22167,139.29999999999998,14,8,6
Segment 0,22168,187.0,22,14,13
Segment 0,22169,521.9,63,24,24
Segment 0,22170,581.55,89,19,19
Segment 0,22171,1482.6000000000001,192,24,22
Segment 0,22173,600.63,207,23,23
Segment 0,22174,298.91999999999996,196,8,7
Segment 0,22175,221.25000000000003,75,13,11
Segment 0,22176,126.85000000000002,43,8,8
Segment 0,22178,5321.97,4061,135,88
Segment 0,22179,746.7,122,13,10
Segment 0,22180,611.9499999999999,65,18,17
Segment 0,22181,86.97,117,4,4
Segment 0,22182,143.55,29,6,5
Segment 0,22183,70.5,11,4,4
Segment 0,22185,231.62999999999997,151,12,12
Segment 0,22186,141.6,68,9,9
Segment 0,22187,208.54999999999998,81,11,11
Segment 0,22188,280.45,71,17,16
Segment 0,22189,1132.42,302,48,45
Segment 0,22190,395.1,211,7,4
Segment 0,22191,1084.6,133,38,36
Segment 0,22192,742.9000000000001,91,26,22
Segment 0,22193,2213.4,282,37,28
Segment 0,22194,68.0,8,4,4
Segment 0,22195,146.84999999999997,89,12,12
Segment 0,22196,123.24999999999999,145,14,14
Segment 0,22197,4585.85,6221,61,50
Segment 0,22199,17.0,4,1,1
Segment 0,22200,55.25,13,5,5
Segment 0,22201,8.5,2,2,2
Segment 0,22202,7.5,2,1,1
Segment 0,22203,18.75,5,2,2
Segment 0,22204,3.75,1,1,1
Segment 0,22207,263.5,62,12,10
Segment 0,22208,83.0,100,11,11
Segment 0,22209,71.38,86,8,8
Segment 0,22210,53.099999999999994,62,7,7
Segment 0,22211,38.16,44,7,7
Segment 0,22212,136.5,65,9,8
Segment 0,22214,30.599999999999998,12,2,2
Segment 0,22215,295.8,36,13,12
Segment 0,22216,20.4,24,1,1
Segment 0,22217,147.73,209,7,7
Segment 0,22219,267.75,315,28,28
Segment 0,22220,411.6,60,17,15
Segment 0,22221,152.6,28,8,8
Segment 0,22222,670.0500000000001,211,19,19
Segment 0,22223,199.8,84,7,7
Segment 0,22224,380.55000000000007,129,20,20
Segment 0,22227,115.05000000000001,177,9,9
Segment 0,22228,38.22,52,6,6
Segment 0,22230,92.24999999999999,293,4,4
Segment 0,22231,172.45999999999998,148,12,12
Segment 0,22232,19.47,33,3,3
Segment 0,22233,84.52999999999999,75,7,7
Segment 0,22236,950.2499999999999,83,17,15
Segment 0,22241,146.25,117,11,10
Segment 0,22242,59.39999999999999,36,3,3
Segment 0,22243,59.39999999999999,36,3,3
Segment 0,22244,93.6,48,4,4
Segment 0,22245,30.599999999999998,36,3,3
Segment 0,22246,144.29999999999998,74,5,5
Segment 0,22247,27.2,32,2,2
Segment 0,22248,40.8,48,3,3
Segment 0,22249,74.8,88,7,7
Segment 0,22250,56.1,66,4,4
Segment 0,22251,106.25,85,7,7
Segment 0,22252,82.5,66,5,4
Segment 0,22254,15.0,12,1,1
Segment 0,22255,21.25,25,3,3
Segment 0,22256,60.0,48,4,4
Segment 0,22257,15.0,12,2,2
Segment 0,22258,45.0,36,3,3
Segment 0,22259,15.0,12,1,1
Segment 0,22260,49.3,58,5,5
Segment 0,22261,73.1,86,8,8
Segment 0,22262,124.1,146,8,8
Segment 0,22263,10.2,12,1,1
Segment 0,22264,57.57,105,5,5
Segment 0,22265,31.200000000000003,48,2,2
Segment 0,22266,57.99,189,5,5
Segment 0,22267,51.67,95,6,6
Segment 0,22268,57.45,219,7,7
Segment 0,22269,57.370000000000005,103,8,8
Segment 0,22270,93.75,25,6,6
Segment 0,22271,819.6500000000001,299,26,23
Segment 0,22272,56.05000000000001,19,4,4
Segment 0,22273,743.0000000000001,260,33,31
Segment 0,22274,446.90000000000003,158,22,21
Segment 0,22275,527.85,69,1,1
Segment 0,22276,122.39999999999999,48,3,3
Segment 0,22277,130.20000000000002,62,3,3
Segment 0,22278,49.5,10,4,3
Segment 0,22279,45.0,36,3,3
Segment 0,22280,15.0,12,1,1
Segment 0,22281,23.8,4,2,2
Segment 0,22282,102.0,8,4,4
Segment 0,22283,190.8,24,9,8
Segment 0,22284,300.29999999999995,182,11,9
Segment 0,22285,217.79999999999995,132,10,10
Segment 0,22286,66.02999999999999,53,5,5
Segment 0,22287,88.55999999999999,72,5,5
Segment 0,22288,102.5,82,5,5
Segment 0,22289,60.0,48,2,2
Segment 0,22291,187.04999999999998,129,8,8
Segment 0,22292,91.35,63,5,5
Segment 0,22293,274.04999999999995,189,12,12
Segment 0,22294,507.5,406,13,12
Segment 0,22295,389.4,236,17,16
Segment 0,22296,437.24999999999994,265,22,22
Segment 0,22297,405.0,324,11,10
Segment 0,22299,60.0,48,1,1
Segment 0,22300,369.75,145,18,16
Segment 0,22301,369.75,145,20,17
Segment 0,22302,391.8,160,18,17
Segment 0,22303,376.5,154,19,16
Segment 0,22304,91.8,36,5,5
Segment 0,22305,94.35,37,6,6
Segment 0,22306,246.16000000000003,205,12,12
Segment 0,22307,186.96,147,8,8
Segment 0,22309,125.39999999999999,58,5,5
Segment 0,22310,232.35,159,3,2
Segment 0,22311,250.69999999999996,98,3,3
Segment 0,22312,21.900000000000002,8,3,3
Segment 0,22313,4.2,2,2,2
Segment 0,22314,58.55000000000001,21,5,5
Segment 0,22315,18.75,15,4,4
Segment 0,22316,1.25,1,1,1
Segment 0,22317,70.80000000000001,24,4,4
Segment 0,22318,153.40000000000003,52,10,10
Segment 0,22319,71.88000000000001,204,6,6
Segment 0,22320,249.9,42,13,12
Segment 0,22321,30.599999999999998,36,3,3
Segment 0,22322,40.8,48,4,4
Segment 0,22324,9.75,5,1,1
Segment 0,22325,118.80000000000001,24,8,7
Segment 0,22326,1174.1000000000001,398,46,39
Segment 0,22327,106.20000000000002,36,6,6
Segment 0,22328,4334.249999999999,1671,32,27
Segment 0,22329,103.94999999999999,63,7,7
Segment 0,22331,180.14999999999998,115,9,8
Segment 0,22332,16.5,10,2,2
Segment 0,22333,231.0,140,12,11
Segment 0,22334,23.099999999999998,14,2,2
Segment 0,22335,149.5,230,10,10
Segment 0,22336,88.20000000000002,348,5,5
Segment 0,22338,85.71000000000001,393,8,7
Segment 0,22339,59.28000000000001,312,4,4
Segment 0,22340,85.32,180,8,8
Segment 0,22341,143.54999999999998,87,7,7
Segment 0,22342,73.8,84,4,4
Segment 0,22343,5.04,24,1,1
Segment 0,22344,10.08,48,2,2
Segment 0,22345,5.04,24,1,1
Segment 0,22348,64.6,76,6,6
Segment 0,22349,131.25,35,9,9
Segment 0,22350,68.85,27,5,5
Segment 0,22351,19.799999999999997,12,1,1
Segment 0,22352,124.94999999999999,49,8,7
Segment 0,22353,2.55,1,1,1
Segment 0,22354,90.0,24,4,4
Segment 0,22355,501.0,620,36,32
Segment 0,22356,564.5,710,32,29
Segment 0,22357,200.5,50,8,8
Segment 0,22358,144.55,49,12,12
Segment 0,22359,56.05000000000001,19,4,4
Segment 0,22360,525.8000000000001,188,16,12
Segment 0,22361,106.20000000000002,36,8,7
Segment 0,22362,70.80000000000001,24,4,3
Segment 0,22363,70.80000000000001,24,4,4
Segment 0,22364,114.30000000000001,42,4,4
Segment 0,22365,168.75,21,11,11
Segment 0,22366,676.05,93,22,20
Segment 0,22367,642.15,337,38,36
Segment 0,22371,533.0,132,24,20
Segment 0,22372,97.75,23,7,7
Segment 0,22374,110.5,26,9,9
Segment 0,22375,8.5,2,2,2
Segment 0,22376,63.75,15,6,6
Segment 0,22377,258.7,147,12,11
Segment 0,22378,216.5,115,6,5
Segment 0,22379,829.6,401,28,20
Segment 0,22380,235.29999999999998,118,17,16
Segment 0,22381,231.1,116,15,15
Segment 0,22382,1527.1,974,55,47
Segment 0,22383,1891.25,1225,49,37
Segment 0,22384,1645.4,1076,48,40
Segment 0,22385,788.7,400,20,16
Segment 0,22386,2759.85,1467,56,51
Segment 0,22390,4.68,12,1,1
Segment 0,22396,9.75,25,3,3
Segment 0,22398,93.15,133,10,10
Segment 0,22399,45.0,36,4,4
Segment 0,22400,33.72,60,5,5
Segment 0,22402,48.72,72,5,5
Segment 0,22403,25.61,37,4,4
Segment 0,22405,45.0,36,3,3
Segment 0,22406,63.75,51,5,5
Segment 0,22407,1.25,1,1,1
Segment 0,22409,52.5,42,4,4
Segment 0,22410,30.0,24,2,2
Segment 0,22411,1615.57,875,48,34
Segment 0,22412,94.50000000000001,45,6,6
Segment 0,22413,4365.45,1575,29,29
Segment 0,22414,103.35,13,7,7
Segment 0,22416,37.699999999999996,26,4,4
Segment 0,22417,295.90000000000003,538,27,26
Segment 0,22418,601.8,708,21,20
Segment 0,22419,173.22,441,16,15
Segment 0,22420,45.36,108,7,7
Segment 0,22421,197.57999999999998,499,21,20
Segment 0,22422,15.600000000000001,24,2,2
Segment 0,22423,13438.3,1172,236,201
Segment 0,22424,1288.95,109,42,36
Segment 0,22425,325.40000000000003,68,17,16
Segment 0,22426,281.9,82,14,14
Segment 0,22427,2646.6000000000004,468,73,66
Segment 0,22428,139.0,20,5,5
Segment 0,22429,556.5,138,22,21
Segment 0,22430,468.95,97,23,23
Segment 0,22431,288.59999999999997,148,22,21
Segment 0,22432,335.4,172,25,25
Segment 0,22433,253.49999999999997,130,18,18
Segment 0,22434,132.6,68,7,7
Segment 0,22435,128.75,103,12,12
Segment 0,22436,83.2,128,6,6
Segment 0,22437,154.7,182,8,8
Segment 0,22438,44.85,23,4,4
Segment 0,22439,134.55,207,9,9
Segment 0,22440,36.96,88,9,9
Segment 0,22441,320.0,160,14,14
Segment 0,22442,118.8,24,5,5
Segment 0,22443,55.65,7,3,3
Segment 0,22444,60.0,48,2,2
Segment 0,22445,132.75000000000003,45,8,8
Segment 0,22446,40.2,12,2,2
Segment 0,22447,6.7,2,1,1
Segment 0,22448,33.5,10,2,2
Segment 0,22449,134.0,40,9,9
Segment 0,22450,46.900000000000006,14,4,4
Segment 0,22451,30.150000000000002,9,3,3
Segment 0,22453,29.500000000000004,10,2,2
Segment 0,22454,14.75,5,2,2
Segment 0,22456,1100.25,235,43,40
Segment 0,22457,5057.450000000001,1831,137,124
Segment 0,22458,2.55,1,1,1
Segment 0,22459,2.55,1,1,1
Segment 0,22460,880.7900000000001,763,24,24
Segment 0,22461,63.2,16,2,2
Segment 0,22464,996.3899999999999,731,37,35
Segment 0,22465,644.28,420,21,18
Segment 0,22466,310.04999999999995,159,15,15
Segment 0,22467,2729.1,1192,63,41
Segment 0,22468,284.55,45,6,6
Segment 0,22469,2865.6,1824,103,95
Segment 0,22470,2198.65,767,84,72
Segment 0,22471,75.0,20,5,5
Segment 0,22472,39.6,8,4,4
Segment 0,22473,197.25,95,6,6
Segment 0,22474,105.9,22,10,10
Segment 0,22475,19.8,4,2,2
Segment 0,22476,109.65,27,6,6
Segment 0,22477,126.25,101,6,6
Segment 0,22478,225.0,180,11,5
Segment 0,22479,37.5,30,3,3
Segment 0,22480,15.0,12,1,1
Segment 0,22481,86.41,101,9,9
Segment 0,22482,33.75,27,3,3
Segment 0,22483,177.00000000000003,60,14,14
Segment 0,22485,688.5,54,25,25
Segment 0,22486,12.75,1,1,1
Segment 0,22487,1265.35,133,71,68
Segment 0,22488,538.4999999999999,338,28,28
Segment 0,22489,767.8199999999999,1919,41,37
Segment 0,22491,929.8199999999999,1182,29,26
Segment 0,22492,1895.4,2916,53,44
Segment 0,22493,486.74999999999994,295,19,14
Segment 0,22494,91.25,73,9,9
Segment 0,22495,85.55000000000001,29,8,8
Segment 0,22496,14.75,5,3,3
Segment 0,22497,72.25,17,5,5
Segment 0,22498,77.35000000000001,13,6,6
Segment 0,22499,1427.2,256,36,35
Segment 0,22500,103.95,21,5,5
Segment 0,22501,786.05,79,30,29
Segment 0,22502,41327.299999999996,385,35,32
Segment 0,22503,479.09999999999997,18,2,2
Segment 0,22504,1447.1,74,8,6
Segment 0,22505,423.75,89,18,18
Segment 0,22507,277.2,56,20,20
Segment 0,22508,341.25,91,23,23
Segment 0,22509,315.0,20,8,7
Segment 0,22510,55.0,20,5,5
Segment 0,22511,32.04,20,5,5
Segment 0,22512,25.0,12,2,2
Segment 0,22513,60.0,16,6,6
Segment 0,22514,69.30000000000001,33,7,6
Segment 0,22515,67.2,32,6,5
Segment 0,22516,27.300000000000004,13,3,3
Segment 0,22517,31.500000000000004,15,4,4
Segment 0,22518,52.50000000000001,25,5,5
Segment 0,22519,75.60000000000001,36,6,6
Segment 0,22520,82.44999999999999,97,9,9
Segment 0,22521,103.69999999999999,122,11,11
Segment 0,22522,118.99999999999999,140,15,15
Segment 0,22523,115.6,136,12,12
Segment 0,22524,105.0,84,7,7
Segment 0,22525,80.0,64,5,5
Segment 0,22526,306.0,24,13,11
Segment 0,22529,100.2,266,6,6
Segment 0,22530,105.84,252,13,13
Segment 0,22531,174.3,415,18,17
Segment 0,22532,165.60000000000002,600,4,2
Segment 0,22533,186.18,649,7,5
Segment 0,22534,293.4,726,16,15
Segment 0,22535,166.02,601,5,3
Segment 0,22536,297.06,913,14,10
Segment 0,22537,70.56,168,7,6
Segment 0,22538,10.08,24,1,1
Segment 0,22539,74.34,177,8,8
Segment 0,22540,60.480000000000004,144,6,6
Segment 0,22543,10.08,24,1,1
Segment 0,22544,171.36,408,11,11
Segment 0,22546,101.94,277,3,3
Segment 0,22547,20.16,48,2,2
Segment 0,22548,740.53,761,22,20
Segment 0,22549,498.9,354,23,22
Segment 0,22550,890.46,306,16,14
Segment 0,22551,978.4499999999999,593,40,37
Segment 0,22553,554.4,336,29,28
Segment 0,22554,686.3999999999999,416,34,32
Segment 0,22555,702.8999999999999,426,34,33
Segment 0,22556,775.4999999999999,470,39,36
Segment 0,22557,442.19999999999993,268,31,31
Segment 0,22558,1300.9099999999999,863,52,48
Segment 0,22559,127.13,109,7,6
Segment 0,22560,2107.23,1839,50,41
Segment 0,22561,1760.9999999999998,1076,56,46
Segment 0,22562,250.0,200,16,16
Segment 0,22563,213.75,171,19,19
Segment 0,22564,107.5,86,7,7
Segment 0,22565,113.89999999999999,134,12,12
Segment 0,22566,119.85,141,15,14
Segment 0,22567,1215.4099999999999,973,20,18
Segment 0,22568,1683.93,479,44,30
Segment 0,22569,2251.17,651,29,21
Segment 0,22570,2411.61,703,24,20
Segment 0,22571,124.94999999999999,147,7,7
Segment 0,22572,22.099999999999998,26,3,3
Segment 0,22573,680.77,889,13,12
Segment 0,22574,241.39999999999998,284,17,17
Segment 0,22575,214.5,110,10,8
Segment 0,22576,187.0,220,15,15
Segment 0,22577,385.44999999999993,1165,49,49
Segment 0,22578,468.53,1465,48,47
Segment 0,22579,239.25999999999996,686,29,29
Segment 0,22580,196.35000000000002,33,8,8
Segment 0,22581,154.17,213,10,10
Segment 0,22582,537.0,236,16,15
Segment 0,22583,334.04999999999995,131,21,21
Segment 0,22584,1062.3,442,29,26
Segment 0,22585,1043.75,835,55,49
Segment 0,22586,41.65,49,5,5
Segment 0,22587,53.55,63,6,6
Segment 0,22588,192.44,68,12,12
Segment 0,22589,92.48,32,6,6
Segment 0,22591,97.5,30,5,5
Segment 0,22592,276.36,76,12,12
Segment 0,22593,249.89999999999998,294,18,18
Segment 0,22594,219.29999999999998,258,16,16
Segment 0,22595,540.5999999999999,636,45,45
Segment 0,22596,806.86,662,39,36
Segment 0,22597,94.5,210,7,7
Segment 0,22598,40.8,48,3,3
Segment 0,22599,71.88,132,5,5
Segment 0,22600,184.45,217,15,13
Segment 0,22601,543.0699999999999,727,13,11
Segment 0,22602,169.14999999999998,199,14,13
Segment 0,22603,175.1,206,15,12
Segment 0,22604,155.54999999999998,61,10,9
Segment 0,22605,1264.5,94,34,30
Segment 0,22606,385.95,25,18,18
Segment 0,22607,1343.75,147,34,29
Segment 0,22608,61.56,324,8,8
Segment 0,22609,88.92,468,10,10
Segment 0,22610,156.95999999999998,576,14,14
Segment 0,22611,74.25,15,4,4
Segment 0,22613,105.67,139,7,7
Segment 0,22614,104.88,312,10,7
Segment 0,22615,40.67999999999999,132,5,5
Segment 0,22616,3293.82,12610,48,23
Segment 0,22617,2244.6,484,64,59
Segment 0,22618,39.8,4,2,2
Segment 0,22619,1076.25,287,47,44
Segment 0,22620,547.25,389,36,36
Segment 0,22621,1053.8,660,53,51
Segment 0,22622,3260.35,329,48,41
Segment 0,22623,635.1500000000001,117,24,22
Segment 0,22624,1531.7,185,68,64
Segment 0,22625,1628.1,221,45,37
Segment 0,22626,357.0,42,18,17
Segment 0,22627,615.4000000000001,76,18,18
Segment 0,22628,193.05,39,15,15
Segment 0,22629,1427.6999999999998,742,48,34
Segment 0,22630,910.65,467,35,27
Segment 0,22631,429.0,220,15,14
Segment 0,22632,1623.0000000000002,820,52,35
Segment 0,22633,1491.0000000000002,760,48,28
Segment 0,22634,2277.1,258,42,30
Segment 0,22635,1377.35,153,28,21
Segment 0,22636,428.4,52,17,17
Segment 0,22637,464.85,195,20,18
Segment 0,22638,22.59,13,3,3
Segment 0,22639,504.94,210,19,19
Segment 0,22640,35.699999999999996,14,4,4
Segment 0,22641,73.95,29,4,4
Segment 0,22642,53.55,21,4,4
Segment 0,22643,7.6499999999999995,3,1,1
Segment 0,22644,444.29999999999995,438,24,23
Segment 0,22645,340.28999999999996,261,24,23
Segment 0,22646,482.53,517,31,28
Segment 0,22647,31.439999999999998,48,2,2
Segment 0,22649,346.5,70,13,8
Segment 0,22650,87.0,60,7,7
Segment 0,22651,99.44999999999999,117,9,9
Segment 0,22652,425.7,258,26,25
Segment 0,22653,101.4,52,6,6
Segment 0,22654,547.4000000000001,92,27,26
Segment 0,22655,1420.0,10,6,6
Segment 0,22656,1010.0,4,4,3
Segment 0,22659,3378.0499999999997,1895,43,26
Segment 0,22660,88.05,11,5,4
Segment 0,22661,243.7,302,18,17
Segment 0,22662,979.3,642,28,25
Segment 0,22663,174.59,88,13,12
Segment 0,22664,65.1,31,6,6
Segment 0,22665,573.7,214,16,15
Segment 0,22666,1172.6000000000001,404,55,50
Segment 0,22667,241.15000000000003,85,14,14
Segment 0,22668,1266.5,470,24,21
Segment 0,22669,638.5,230,22,22
Segment 0,22670,201.25,161,15,15
Segment 0,22671,100.64999999999998,61,6,6
Segment 0,22672,295.34999999999997,179,16,15
Segment 0,22673,150.0,120,10,9
Segment 0,22674,166.25,133,11,9
Segment 0,22675,151.25,121,10,9
Segment 0,22676,152.5,122,10,8
Segment 0,22677,115.0,92,11,9
Segment 0,22678,100.0,80,8,7
Segment 0,22679,83.75,67,9,8
Segment 0,22680,102.5,82,8,7
Segment 0,22681,62.5,50,5,4
Segment 0,22682,90.0,72,8,7
Segment 0,22683,75.0,60,6,5
Segment 0,22684,62.5,50,5,4
Segment 0,22685,77.5,62,6,5
Segment 0,22686,60.0,48,3,2
Segment 0,22687,47.7,6,2,2
Segment 0,22688,56.25,7,4,4
Segment 0,22689,307.95,39,9,9
Segment 0,22690,693.9,94,25,23
Segment 0,22691,127.2,16,9,9
Segment 0,22692,978.15,129,38,37
Segment 0,22693,1770.72,1776,24,23
Segment 0,22694,722.1,351,38,36
Segment 0,22695,173.1,126,8,7
Segment 0,22696,280.05,151,14,13
Segment 0,22697,2884.3,1042,107,88
Segment 0,22698,2424.7000000000003,874,85,70
Segment 0,22699,3227.6000000000004,1176,105,88
Segment 0,22700,52.85,35,6,6
Segment 0,22702,54.60000000000001,26,4,3
Segment 0,22703,2.1,1,1,1
Segment 0,22704,126.0,300,11,10
Segment 0,22705,52.5,125,5,5
Segment 0,22706,84.0,200,6,6
Segment 0,22707,42.0,100,4,4
Segment 0,22708,63.0,150,6,6
Segment 0,22709,84.0,200,8,8
Segment 0,22710,356.5,925,17,16
Segment 0,22711,137.34,327,11,11
Segment 0,22712,60.48,144,11,11
Segment 0,22713,105.84,252,14,12
Segment 0,22714,60.48,144,10,9
Segment 0,22715,45.36,108,9,9
Segment 0,22716,90.72,216,16,16
Segment 0,22717,15.120000000000001,36,3,3
Segment 0,22718,15.120000000000001,36,3,3
Segment 0,22719,3.75,3,2,2
Segment 0,22720,2889.4,612,107,95
Segment 0,22721,608.55,145,14,14
Segment 0,22722,1259.6000000000001,328,58,49
Segment 0,22723,602.8000000000001,176,15,15
Segment 0,22725,1490.25,407,33,19
Segment 0,22726,2619.9,714,53,34
Segment 0,22727,4330.3,1290,67,44
Segment 0,22728,867.75,241,26,21
Segment 0,22729,1062.75,293,26,15
Segment 0,22730,837.75,233,23,20
Segment 0,22731,108.75,87,6,6
Segment 0,22732,330.73,281,11,11
Segment 0,22733,232.5,186,10,10
Segment 0,22734,1306.5800000000002,482,36,36
Segment 0,22735,150.15,91,8,8
Segment 0,22736,140.25,85,10,9
Segment 0,22737,310.2,188,16,15
Segment 0,22738,424.8,272,14,14
Segment 0,22739,244.2,148,17,16
Segment 0,22740,285.59999999999997,336,7,6
Segment 0,22741,326.4,384,8,7
Segment 0,22742,20.650000000000002,7,2,2
Segment 0,22743,112.10000000000002,38,11,11
Segment 0,22744,230.10000000000002,78,14,14
Segment 0,22745,430.20000000000005,212,28,28
Segment 0,22746,302.1,151,18,18
Segment 0,22747,184.5,95,10,10
Segment 0,22748,396.6,196,27,27
Segment 0,22749,1245.09,347,40,36
Segment 0,22750,1080.09,303,31,30
Segment 0,22751,956.91,269,24,23
Segment 0,22752,1378.3000000000002,184,41,23
Segment 0,22753,43.29,69,7,7
Segment 0,22754,52.63999999999999,80,8,8
Segment 0,22755,52.63999999999999,80,8,8
Segment 0,22756,11.86,26,4,4
Segment 0,22757,39.36,48,4,4
Segment 0,22758,58.11,63,8,8
Segment 0,22759,802.4999999999999,498,33,29
Segment 0,22760,89.25,7,6,6
Segment 0,22761,162.65,7,4,4
Segment 0,22762,562.8,40,16,15
Segment 0,22763,199.0,20,9,9
Segment 0,22766,921.85,319,37,33
Segment 0,22767,623.55,65,24,24
Segment 0,22768,537.3,54,27,27
Segment 0,22769,24.95,1,1,1
Segment 0,22770,14.95,1,1,1
Segment 0,22771,752.5,602,28,25
Segment 0,22772,150.0,120,10,10
Segment 0,22773,87.5,70,8,8
Segment 0,22774,92.5,74,7,7
Segment 0,22775,48.75,39,5,5
Segment 0,22776,1940.35,209,65,60
Segment 0,22777,727.6000000000001,94,7,7
Segment 0,22778,251.21,67,12,11
Segment 0,22779,280.5,66,12,11
Segment 0,22780,371.25,93,11,10
Segment 0,22781,1316.25,189,30,20
Segment 0,22782,343.95,21,9,8
Segment 0,22783,79.8,4,3,3
Segment 0,22784,1181.9,258,39,36
Segment 0,22785,93.75,53,3,3
Segment 0,22786,59.5,10,4,4
Segment 0,22788,109.44999999999999,11,5,5
Segment 0,22789,241.79999999999998,124,17,17
Segment 0,22791,3238.51,2879,69,46
Segment 0,22792,440.46,550,20,19
Segment 0,22794,333.90000000000003,42,18,17
Segment 0,22795,423.1,66,16,15
Segment 0,22796,318.4,32,15,15
Segment 0,22797,203.39999999999998,12,7,7
Segment 0,22798,550.15,193,23,22
Segment 0,22799,238.0,28,8,8
Segment 0,22800,1123.65,315,29,24
Segment 0,22801,796.2,220,37,31
Segment 0,22802,380.99999999999994,20,10,10
Segment 0,22803,946.3,26,12,5
Segment 0,22804,975.4000000000001,348,42,37
Segment 0,22805,108.75,87,9,9
Segment 0,22806,35.400000000000006,12,2,2
Segment 0,22807,256.20000000000005,88,14,13
Segment 0,22808,114.60000000000002,40,9,9
Segment 0,22809,321.90000000000003,114,14,14
Segment 0,22810,197.65000000000003,67,11,11
Segment 0,22811,56.05000000000001,19,3,3
Segment 0,22812,581.55,313,13,13
Segment 0,22813,352.95,181,13,13
Segment 0,22814,15.120000000000001,36,3,3
Segment 0,22815,40.32,96,6,6
Segment 0,22816,151.2,360,20,20
Segment 0,22817,30.24,72,4,4
Segment 0,22818,100.8,240,14,14
Segment 0,22819,25.2,60,5,5
Segment 0,22820,85.80000000000001,132,5,5
Segment 0,22821,39.0,60,5,5
Segment 0,22822,513.5500000000001,89,26,23
Segment 0,22823,1350.0,12,5,5
Segment 0,22824,251.65000000000003,7,7,7
Segment 0,22825,198.75,25,5,5
Segment 0,22826,2395.0,23,11,9
Segment 0,22827,1445.0,9,8,7
Segment 0,22828,580.0,4,2,2
Segment 0,22829,119.39999999999999,12,7,7
Segment 0,22831,241.90000000000003,82,12,10
Segment 0,22832,75.25,7,4,4
Segment 0,22834,467.70000000000005,337,17,15
Segment 0,22835,1575.15,339,53,45
Segment 0,22837,367.35,79,12,12
Segment 0,22838,535.55,37,17,16
Segment 0,22839,373.75,25,19,17
Segment 0,22840,929.7,126,29,28
Segment 0,22841,385.5,50,20,19
Segment 0,22842,372.3,58,16,16
Segment 0,22843,206.4,32,10,10
Segment 0,22844,423.3,51,19,17
Segment 0,22845,234.95,37,20,19
Segment 0,22846,1075.55,69,24,18
Segment 0,22847,1678.6,108,39,31
Segment 0,22848,238.25,15,7,7
Segment 0,22849,493.45,31,16,14
Segment 0,22851,308.82,378,32,31
Segment 0,22852,89.25,21,6,6
Segment 0,22853,107.25,33,6,6
Segment 0,22854,411.90000000000003,90,13,13
Segment 0,22855,660.14,550,37,35
Segment 0,22856,60.0,48,2,2
Segment 0,22857,154.68,204,4,4
Segment 0,22858,329.84999999999997,213,11,10
Segment 0,22859,98.99999999999999,60,9,9
Segment 0,22860,209.55,127,5,4
Segment 0,22861,11.549999999999999,7,2,2
Segment 0,22862,76.5,18,4,4
Segment 0,22863,165.20000000000002,56,8,8
Segment 0,22865,1333.8000000000002,658,38,33
Segment 0,22866,1118.4,544,37,35
Segment 0,22867,1306.5000000000002,645,37,34
Segment 0,22868,15.6,8,1,1
Segment 0,22869,17.55,9,2,2
Segment 0,22870,15.6,8,1,1
Segment 0,22871,17.55,9,2,2
Segment 0,22872,15.6,8,1,1
Segment 0,22873,15.6,8,1,1
Segment 0,22874,15.6,8,1,1
Segment 0,22875,15.6,8,1,1
Segment 0,22876,19.5,10,3,3
Segment 0,22877,17.55,9,2,2
Segment 0,22878,12.600000000000001,6,1,1
Segment 0,22881,3.9,2,1,1
Segment 0,22882,1.95,1,1,1
Segment 0,22890,621.9,66,23,21
Segment 0,22891,89.25,21,5,5
Segment 0,22892,187.5,150,13,12
Segment 0,22893,55.44,132,4,4
Segment 0,22894,248.75,25,8,8
Segment 0,22895,625.75,213,17,15
Segment 0,22896,198.89999999999998,78,13,13
Segment 0,22897,140.65,97,13,13
Segment 0,22898,509.55,269,27,25
Segment 0,22899,470.50000000000006,230,25,24
Segment 0,22900,4214.75,1545,37,23
Segment 0,22902,687.6,386,15,9
Segment 0,22904,345.15000000000003,117,18,17
Segment 0,22905,147.5,50,4,4
Segment 0,22906,448.34999999999997,279,27,25
Segment 0,22907,528.12,636,49,45
Segment 0,22908,177.64999999999998,209,26,26
Segment 0,22909,1074.59,1367,51,48
Segment 0,22910,3431.3500000000004,1273,75,67
Segment 0,22911,97.35000000000002,33,6,6
Segment 0,22912,9.9,2,2,2
Segment 0,22913,24.75,5,3,3
Segment 0,22914,59.400000000000006,12,6,6
Segment 0,22915,181.92,516,18,18
Segment 0,22916,223.60000000000002,344,9,8
Segment 0,22917,223.60000000000002,344,10,9
Segment 0,22918,188.00000000000003,320,9,8
Segment 0,22919,93.60000000000001,144,8,7
Segment 0,22920,208.0,320,9,8
Segment 0,22921,200.20000000000002,308,8,8
Segment 0,22922,153.0,180,12,12
Segment 0,22923,127.5,150,11,10
Segment 0,22924,61.199999999999996,72,6,6
Segment 0,22925,333.2,56,21,18
Segment 0,22926,612.5500000000001,109,23,20
Segment 0,22927,558.7,106,13,11
Segment 0,22928,136.85,23,10,8
Segment 0,22929,65.0,1,1,1
Segment 0,22930,284.4,120,11,11
Segment 0,22931,188.7,74,6,6
Segment 0,22932,142.79999999999998,56,4,4
Segment 0,22933,314.15000000000003,113,10,10
Segment 0,22934,321.5,122,8,8
Segment 0,22935,136.5,42,3,3
Segment 0,22936,35.75,11,3,3
Segment 0,22937,293.25,115,14,14
Segment 0,22938,558.9,294,23,23
Segment 0,22939,183.15,37,9,9
Segment 0,22940,1311.75,327,32,29
Segment 0,22941,1178.1,141,34,31
Segment 0,22942,1026.3500000000001,131,15,14
Segment 0,22943,272.25,55,11,11
Segment 0,22944,178.32000000000002,444,8,8
Segment 0,22945,287.28,360,15,15
Segment 0,22946,373.8,28,5,5
Segment 0,22947,656.4,64,10,9
Segment 0,22948,44.199999999999996,52,3,2
Segment 0,22949,123.24999999999999,85,7,7
Segment 0,22950,1118.35,811,32,32
Segment 0,22951,210.65,383,17,17
Segment 0,22952,1070.3,2258,46,44
Segment 0,22953,131.25,105,7,6
Segment 0,22954,7.5,6,2,2
Segment 0,22955,132.3,63,10,9
Segment 0,22956,222.60000000000002,106,16,14
Segment 0,22957,530.95,193,22,22
Segment 0,22959,136.5,325,13,12
Segment 0,22960,3096.75,771,93,86
Segment 0,22961,2589.45,1829,86,77
Segment 0,22962,186.70999999999998,227,19,19
Segment 0,22963,183.01999999999998,230,15,15
Segment 0,22964,594.3000000000001,283,32,28
Segment 0,22965,275.1,131,20,18
Segment 0,22966,797.5,638,44,42
Segment 0,22967,156.35000000000002,53,8,8
Segment 0,22968,1097.1,126,12,12
Segment 0,22969,2392.2,1716,87,87
Segment 0,22970,1433.4,632,33,21
Segment 0,22971,1046.8500000000001,455,32,21
Segment 0,22972,341.54999999999995,207,16,11
Segment 0,22973,80.85,49,5,5
Segment 0,22974,255.74999999999997,155,14,11
Segment 0,22975,95.0,76,7,7
Segment 0,22976,116.25,93,8,8
Segment 0,22977,92.5,74,4,4
Segment 0,22978,423.75,113,18,17
Segment 0,22979,220.39999999999998,152,16,15
Segment 0,22980,345.15,215,20,19
Segment 0,22981,5.8,4,3,2
Segment 0,22982,83.75,67,9,9
Segment 0,22983,120.96000000000001,288,23,23
Segment 0,22984,108.0,288,6,6
Segment 0,22985,73.5,175,5,5
Segment 0,22986,126.0,300,12,12
Segment 0,22988,2066.54,1894,31,20
Segment 0,22989,534.45,165,26,23
Segment 0,22990,237.60000000000002,48,12,11
Segment 0,22991,306.15,157,12,12
Segment 0,22992,335.4,172,16,15
Segment 0,22993,681.25,545,40,36
Segment 0,22994,21.84,52,4,4
Segment 0,22995,51.24,122,6,6
Segment 0,22996,99.96,238,14,14
Segment 0,22997,44.94,107,7,6
Segment 0,22998,1569.3,4285,26,15
Segment 0,22999,47.04,112,6,6
Segment 0,23000,83.16,198,9,8
Segment 0,23002,75.6,180,10,9
Segment 0,23003,3.78,9,3,3
Segment 0,23004,11.34,27,3,3
Segment 0,23005,112.98,269,11,8
Segment 0,23006,21.0,50,3,3
Segment 0,23007,467.54999999999995,29,12,12
Segment 0,23008,489.44999999999993,31,12,12
Segment 0,23009,596.0999999999999,38,10,10
Segment 0,23010,84.75,5,4,4
Segment 0,23012,883.9000000000001,242,32,26
Segment 0,23013,657.0000000000001,180,25,20
Segment 0,23014,637.2500000000001,175,23,19
Segment 0,23015,74.25,9,2,2
Segment 0,23016,213.25,29,5,5
Segment 0,23017,141.9,12,4,4
Segment 0,23018,50.0,4,2,2
Segment 0,23019,49.5,6,3,3
Segment 0,23020,481.8,42,10,9
Segment 0,23021,156.4,40,4,4
Segment 0,23022,242.56,130,5,5
Segment 0,23023,198.59999999999997,132,7,7
Segment 0,23024,297.82000000000005,118,3,2
Segment 0,23025,12.48,6,1,1
Segment 0,23026,49.92,24,3,3
Segment 0,23027,37.44,18,1,1
Segment 0,23028,54.44999999999999,33,6,6
Segment 0,23029,102.29999999999998,62,7,7
Segment 0,23031,79.19999999999999,48,6,6
Segment 0,23032,202.95,123,14,14
Segment 0,23033,17.4,12,1,1
Segment 0,23034,52.199999999999996,36,4,3
Segment 0,23035,208.79999999999998,144,13,11
Segment 0,23036,45.0,36,2,2
Segment 0,23037,59.39999999999999,36,3,3
Segment 0,23039,93.6,48,4,4
Segment 0,23040,293.25,51,11,9
Segment 0,23041,385.95000000000005,93,13,13
Segment 0,23042,226.10000000000002,34,4,4
Segment 0,23043,37.5,6,3,3
Segment 0,23044,157.7,38,5,5
Segment 0,23045,186.75,45,7,7
Segment 0,23046,133.0,20,6,6
Segment 0,23047,34.5,6,4,4
Segment 0,23048,982.4,256,12,12
Segment 0,23049,503.25,61,20,16
Segment 0,23050,899.75,111,32,23
Segment 0,23051,677.0,84,20,13
Segment 0,23052,849.75,103,32,20
Segment 0,23053,660.5,82,25,19
Segment 0,23054,404.25,49,16,11
Segment 0,23055,308.71999999999997,56,3,3
Segment 0,23056,364.96999999999997,65,6,6
Segment 0,23057,303.15000000000003,69,5,5
Segment 0,23058,47.400000000000006,60,4,4
Segment 0,23060,89.44,43,5,5
Segment 0,23061,157.5,126,11,10
Segment 0,23064,834.25,19,7,7
Segment 0,23065,312.5,25,12,12
Segment 0,23066,132.0,16,5,5
Segment 0,23067,195.05,47,9,9
Segment 0,23068,134.46,54,9,9
Segment 0,23069,12.5,2,1,1
Segment 0,23070,33.2,8,2,2
Segment 0,23071,374.5,53,3,3
Segment 0,23072,374.5,53,4,4
Segment 0,23073,87.5,7,7,7
Segment 0,23074,24.96,12,2,2
Segment 0,23075,149.4,36,4,4
Segment 0,23076,1740.0,1392,43,42
Segment 0,23077,1533.0,1260,31,27
Segment 0,23078,939.6,792,18,16
Segment 0,23079,107.39999999999999,12,8,7
Segment 0,23080,437.25,53,22,20
Segment 0,23081,181.5,22,10,9
Segment 0,23082,844.59,237,22,21
Segment 0,23083,1080.8400000000001,300,20,18
Segment 0,23084,9738.48,5388,81,61
Segment 0,23085,973.8,111,12,12
Segment 0,23086,409.52,376,6,5
Segment 0,23087,140.0,112,7,7
Segment 0,23088,60.0,48,3,3
Segment 0,23089,450.9,258,14,11
Segment 0,23090,200.85999999999999,242,14,13
Segment 0,23091,423.11,71,16,16
Segment 0,23092,269.40000000000003,36,9,7
Segment 0,23093,161.85000000000002,65,9,9
Segment 0,23094,137.5,11,6,5
Segment 0,23096,118.79999999999998,72,5,5
Segment 0,23099,152.95000000000002,23,8,7
Segment 0,23100,267.5,214,13,13
Segment 0,23101,142.31,181,8,8
Segment 0,23102,71.38,86,6,6
Segment 0,23103,582.4499999999999,353,19,19
Segment 0,23104,25.0,2,2,2
Segment 0,23106,115.60000000000001,40,7,7
Segment 0,23107,92.48,32,6,6
Segment 0,23108,581.54,98,23,22
Segment 0,23109,1264.99,451,26,23
Segment 0,23110,333.5,58,24,22
Segment 0,23111,258.2,22,10,10
Segment 0,23112,289.8,40,12,12
Segment 0,23113,4.95,1,1,1
Segment 0,23114,34.65,7,3,3
Segment 0,23115,44.55,9,4,4
Segment 0,23116,4.95,1,1,1
Segment 0,23117,9.9,2,2,2
Segment 0,23118,825.72,138,17,16
Segment 0,23119,119.03999999999999,192,15,14
Segment 0,23120,41.58,99,4,4
Segment 0,23121,62.58,149,8,8
Segment 0,23122,454.08000000000004,672,8,8
Segment 0,23123,29.879999999999995,36,2,2
Segment 0,23126,708.1500000000001,145,31,24
Segment 0,23127,673.5,138,27,22
Segment 0,23128,247.5,50,14,13
Segment 0,23129,796.8000000000001,192,29,25
Segment 0,23130,568.5500000000001,137,26,22
Segment 0,23131,341.85,87,9,9
Segment 0,23132,132.25,23,8,8
Segment 0,23133,386.4,48,18,17
Segment 0,23134,33.0,4,2,2
Segment 0,23135,46.0,8,2,2
Segment 0,23136,30.0,8,2,2
Segment 0,23137,15.0,4,1,1
Segment 0,23138,108.74999999999999,75,7,6
Segment 0,23139,17.4,12,1,1
Segment 0,23140,120.35000000000001,29,4,3
Segment 0,23142,31.200000000000003,3,3,3
Segment 0,23143,15.8,4,1,1
Segment 0,23144,863.4399999999999,1088,42,30
Segment 0,23145,471.03999999999996,512,26,18
Segment 0,23146,256.89,81,13,13
Segment 0,23147,247.95,171,18,18
Segment 0,23148,143.0,172,14,14
Segment 0,23152,131.25,35,9,9
Segment 0,23153,112.5,30,8,7
Segment 0,23154,374.40000000000003,180,11,10
Segment 0,23155,228.48,288,13,13
Segment 0,23156,149.76,72,6,5
Segment 0,23157,983.3100000000001,512,15,13
Segment 0,23158,124.8,60,3,3
Segment 0,23159,52.0,25,3,3
Segment 0,23160,154.8,144,3,3
Segment 0,23161,90.0,72,4,4
Segment 0,23162,623.76,184,10,9
Segment 0,23163,668.2800000000001,300,17,14
Segment 0,23164,143.55,29,8,8
Segment 0,23165,275.54999999999995,167,16,15
Segment 0,23166,77507.19,74490,16,16
Segment 0,23167,1188.6399999999999,1676,15,14
Segment 0,23168,122.5,98,10,10
Segment 0,23169,829.6,208,27,26
Segment 0,23170,673.1999999999999,424,27,25
Segment 0,23171,692.9999999999999,436,27,26
Segment 0,23172,583.8,364,24,22
Segment 0,23173,1765.7,202,32,31
Segment 0,23174,661.5500000000001,165,27,27
Segment 0,23175,559.75,187,22,22
Segment 0,23176,414.0,184,26,26
Segment 0,23177,443.25,197,29,28
Segment 0,23178,89.59,31,6,6
Segment 0,23179,54.91,19,4,4
Segment 0,23181,126.0,16,5,4
Segment 0,23182,141.92999999999998,171,8,8
Segment 0,23183,26.25,7,2,2
Segment 0,23184,163.35000000000002,33,8,7
Segment 0,23185,15.079999999999998,52,3,3
Segment 0,23186,81.77999999999999,282,7,7
Segment 0,23187,113.09999999999998,390,9,9
Segment 0,23188,1157.55,719,34,26
Segment 0,23189,187.85,65,6,6
Segment 0,23190,141.89999999999998,86,9,9
Segment 0,23191,67.64999999999999,41,4,4
Segment 0,23192,250.79999999999995,152,16,16
Segment 0,23193,186.75,83,17,17
Segment 0,23194,485.09,229,24,24
Segment 0,23196,202.1,146,11,10
Segment 0,23197,147.0,108,5,5
Segment 0,23198,276.04999999999995,197,16,15
Segment 0,23199,1871.88,1011,33,28
Segment 0,23200,1361.3,745,25,20
Segment 0,23201,1859.22,954,48,39
Segment 0,23202,1908.8,1030,38,33
Segment 0,23203,2560.86,1372,49,42
Segment 0,23204,399.0,500,24,20
Segment 0,23205,204.0,240,15,13
Segment 0,23206,854.5,530,37,30
Segment 0,23207,503.05,317,25,24
Segment 0,23208,415.6,264,18,17
Segment 0,23209,1052.3,662,40,38
Segment 0,23210,225.0,180,8,8
Segment 0,23211,464.76,396,9,7
Segment 0,23212,182.5,146,10,9
Segment 0,23213,267.5,214,14,13
Segment 0,23214,174.72,84,8,8
Segment 0,23215,1100.04,564,25,25
Segment 0,23216,61.25,49,5,5
Segment 0,23217,142.5,114,6,6
Segment 0,23218,105.0,84,2,2
Segment 0,23219,25.0,20,2,2
Segment 0,23220,39.839999999999996,48,4,4
Segment 0,23221,169.32,204,12,12
Segment 0,23222,69.72,84,6,6
Segment 0,23223,79.67999999999999,96,7,7
Segment 0,23224,15.77,19,2,2
Segment 0,23225,49.8,60,3,3
Segment 0,23226,158.75,127,6,6
Segment 0,23227,180.0,144,6,6
Segment 0,23228,30.0,24,1,1
Segment 0,23229,993.4200000000001,330,23,21
Segment 0,23230,168.0,400,15,13
Segment 0,23231,178.5,425,17,17
Segment 0,23232,288.5,725,20,20
Segment 0,23233,126.0,300,12,12
Segment 0,23234,551.99,191,27,27
Segment 0,23235,20.23,7,2,2
Segment 0,23236,294.78,102,12,11
Segment 0,23237,99.60000000000001,24,4,4
Segment 0,23238,547.8000000000001,132,13,8
Segment 0,23239,136.95000000000002,33,8,7
Segment 0,23240,962.8000000000001,232,32,29
Segment 0,23241,295.36,142,16,13
Segment 0,23242,245.44000000000003,118,14,11
Segment 0,23243,872.4000000000001,184,29,27
Segment 0,23244,46.8,24,4,4
Segment 0,23245,2422.8,536,64,59
Segment 0,23247,913.4900000000001,341,23,22
Segment 0,23249,82.5,50,3,3
Segment 0,23250,75.0,60,4,4
Segment 0,23251,327.18,294,9,9
Segment 0,23252,322.92,92,12,12
Segment 0,23253,574.2,36,8,8
Segment 0,23254,560.25,135,23,21
Segment 0,23255,161.85000000000002,39,9,9
Segment 0,23256,610.0500000000001,147,26,24
Segment 0,23263,591.25,473,36,35
Segment 0,23264,210.0,168,16,15
Segment 0,23265,216.25,173,18,16
Segment 0,23266,213.75,171,17,16
Segment 0,23267,195.0,156,8,7
Segment 0,23268,224.39999999999998,168,7,7
Segment 0,23269,224.4,168,4,3
Segment 0,23270,31.9,22,3,3
Segment 0,23271,225.76,272,12,12
Segment 0,23272,59.39999999999999,36,3,3
Segment 0,23273,226.04999999999998,137,10,10
Segment 0,23274,428.99999999999994,260,11,11
Segment 0,23275,140.0,112,10,8
Segment 0,23280,140.26999999999998,169,12,7
Segment 0,23281,9.959999999999999,12,1,1
Segment 0,23282,59.75999999999999,72,6,5
Segment 0,23283,688.2,92,23,22
Segment 0,23284,4444.5,613,76,63
Segment 0,23285,47.6,56,5,5
Segment 0,23286,108.8,128,10,9
Segment 0,23287,88.39999999999999,104,8,7
Segment 0,23288,88.39999999999999,104,8,7
Segment 0,23289,90.0,72,7,7
Segment 0,23290,222.45000000000002,201,9,9
Segment 0,23291,90.0,72,7,7
Segment 0,23292,101.25,81,10,10
Segment 0,23293,747.06,934,57,51
Segment 0,23294,309.62,390,31,29
Segment 0,23295,762.92,1004,45,42
Segment 0,23296,942.48,840,38,35
Segment 0,23297,563.55,359,12,11
Segment 0,23298,1663.2,336,70,62
Segment 0,23299,150.0,40,8,8
Segment 0,23300,2117.55,1423,32,30
Segment 0,23301,1800.3,1190,49,43
Segment 0,23302,13.989999999999998,9,4,4
Segment 0,23306,226.2,156,13,13
Segment 0,23307,303.95,581,22,22
Segment 0,23308,172.5,342,14,13
Segment 0,23309,583.6,1288,22,17
Segment 0,23310,336.96,828,13,12
Segment 0,23311,795.5999999999999,312,36,36
Segment 0,23312,415.00000000000006,100,18,17
Segment 0,23313,2087.3,454,40,33
Segment 0,23314,412.5,33,12,12
Segment 0,23315,179.1,18,7,7
Segment 0,23316,296.8,32,9,6
Segment 0,23317,207.25,23,5,5
Segment 0,23318,971.8800000000001,416,32,30
Segment 0,23319,927.5400000000001,414,28,28
Segment 0,23320,940.0600000000001,366,24,24
Segment 0,23321,677.66,430,40,38
Segment 0,23322,1257.6000000000001,448,49,45
Segment 0,23323,510.30000000000007,243,28,27
Segment 0,23324,8.32,4,2,2
Segment 0,23325,9.899999999999999,6,1,1
Segment 0,23326,151.20000000000002,240,5,5
Segment 0,23327,287.04,480,7,7
Segment 0,23328,1019.91,241,29,26
Segment 0,23329,465.29999999999995,282,15,14
Segment 0,23330,285.0,228,16,16
Segment 0,23331,100.17,159,5,5
Segment 0,23332,628.65,381,24,22
Segment 0,23333,391.25,313,20,20
Segment 0,23334,121.59,193,6,6
Segment 0,23335,161.6,83,8,6
Segment 0,23336,8.32,4,4,4
Segment 0,23337,2.08,1,1,1
Segment 0,23338,16.64,8,3,3
Segment 0,23339,12.48,6,1,1
Segment 0,23340,1034.25,685,12,12
Segment 0,23341,455.6,56,12,10
Segment 0,23342,253.3,31,9,8
Segment 0,23343,1250.44,643,32,29
Segment 0,23344,2565.36,1317,55,46
Segment 0,23345,45.0,36,3,3
Segment 0,23346,210.0,168,3,3
Segment 0,23347,25.0,20,2,2
Segment 0,23348,146.48,76,7,6
Segment 0,23349,440.87,391,17,16
Segment 0,23350,438.51,375,19,18
Segment 0,23351,384.86,322,21,21
Segment 0,23352,191.25,153,13,13
Segment 0,23353,302.12,364,16,16
Segment 0,23354,185.92,224,16,16
Segment 0,23355,4273.95,941,94,72
Segment 0,23356,1379.8000000000002,244,48,45
Segment 0,23357,450.6,112,12,12
Segment 0,23358,255.0,72,8,8
Segment 0,23359,146.25,75,4,4
Segment 0,23360,138.45,71,9,9
Segment 0,23365,254.8,392,10,10
Segment 0,23366,58.5,90,6,6
Segment 0,23367,118.30000000000001,182,12,12
Segment 0,23368,72.15,111,9,9
Segment 0,23369,67.5,54,4,4
Segment 0,23370,100.0,80,5,5
Segment 0,23371,50.0,40,3,3
Segment 0,23372,20.0,16,1,1
Segment 0,23373,98.39999999999999,120,8,8
Segment 0,23374,90.19999999999999,110,9,8
Segment 0,23375,106.6,130,10,10
Segment 0,23376,93.6,240,10,10
Segment 0,23377,37.44,96,3,3
Segment 0,23378,250.95000000000002,721,15,14
Segment 0,23379,37.44,96,3,3
Segment 0,23380,185.82,554,6,6
Segment 0,23381,210.78000000000003,618,9,9
Segment 0,23382,405.63,117,14,14
Segment 0,23388,87.15,21,5,5
Segment 0,23389,149.4,36,9,9
Segment 0,23390,91.30000000000001,22,7,7
Segment 0,23391,149.4,36,9,7
Segment 0,23392,83.2,40,9,9
Segment 0,23393,487.5,130,29,28
Segment 0,23394,206.25,55,14,13
Segment 0,23395,480.0,128,25,25
Segment 0,23396,393.75,105,24,23
Segment 0,23397,417.9,42,19,19
Segment 0,23398,102.0,120,5,5
Segment 0,23399,214.2,252,16,16
Segment 0,23400,106.25,17,8,7
Segment 0,23401,181.25,29,12,12
Segment 0,23402,127.5,34,6,6
Segment 0,23403,127.5,34,9,9
Segment 0,23404,485.1,98,16,14
Segment 0,23405,158.4,32,8,8
Segment 0,23406,162.5,26,11,10
Segment 0,23407,258.7,26,13,13
Segment 0,23408,62.400000000000006,30,5,5
Segment 0,23409,112.5,30,5,5
Segment 0,23410,24.450000000000003,3,2,2
Segment 0,23411,128.70000000000002,26,5,5
Segment 0,23412,90.0,12,5,5
Segment 0,23413,14.850000000000001,3,1,1
Segment 0,23414,109.44999999999999,11,8,8
Segment 0,23418,296.64,156,7,7
Segment 0,23419,124.80000000000001,60,5,5
Segment 0,23420,33.28,16,2,2
Segment 0,23421,8.32,4,1,1
Segment 0,23422,58.24,28,3,3
Segment 0,23423,71.25,19,4,4
Segment 0,23424,193.05,39,10,9
Segment 0,23425,24.42,18,2,2
Segment 0,23426,173.4,60,8,7
Segment 0,23427,333.2,28,17,17
Segment 0,23428,70.5,10,1,1
Segment 0,23431,49.8,60,4,4
Segment 0,23432,139.43999999999997,168,7,7
Segment 0,23433,69.72,84,7,7
Segment 0,23434,137.14000000000001,154,14,14
Segment 0,23435,23.700000000000003,30,3,3
Segment 0,23436,80.0,64,5,5
Segment 0,23437,185.0,148,10,10
Segment 0,23438,180.0,144,9,8
Segment 0,23439,836.1000000000001,421,25,24
Segment 0,23441,4.2,10,1,1
Segment 0,23444,375.0,25,25,20
Segment 0,23445,132.79999999999998,160,8,8
Segment 0,23446,19.799999999999997,12,1,1
Segment 0,23447,21.449999999999996,13,2,2
Segment 0,23448,19.799999999999997,12,1,1
Segment 0,23451,23.4,12,2,2
Segment 0,23452,46.8,24,4,4
Segment 0,23453,31.2,16,2,2
Segment 0,23454,83.0,20,3,3
Segment 0,23455,17.34,6,1,1
Segment 0,23456,49.800000000000004,12,3,3
Segment 0,23457,44.550000000000004,9,3,3
Segment 0,23458,224.25,15,8,8
Segment 0,23459,50.0,4,2,2
Segment 0,23460,69.64999999999999,7,4,4
Segment 0,23461,2112.4,636,7,7
Segment 0,23462,139.65,7,5,5
Segment 0,23463,9.95,1,1,1
Segment 0,23464,4.95,1,1,1
Segment 0,23465,49.5,6,3,3
Segment 0,23466,33.0,4,2,2
Segment 0,23468,24.75,3,2,2
Segment 0,23469,132.8,32,6,6
Segment 0,23470,100.0,16,5,5
Segment 0,23471,161.85,19,4,4
Segment 0,23472,149.75,11,3,3
Segment 0,23473,69.72,84,7,7
Segment 0,23474,49.8,60,5,5
Segment 0,23475,39.839999999999996,48,4,4
Segment 0,23476,30.0,24,2,2
Segment 0,23477,15.0,12,1,1
Segment 0,23479,54.949999999999996,7,3,3
Segment 0,23480,931.26,266,24,22
Segment 0,23483,150.0,120,11,10
Segment 0,23484,82.88000000000001,32,2,2
Segment 0,23485,466.4,20,12,12
Segment 0,23486,2135.7,158,7,7
Segment 0,23487,99.5,10,7,7
Segment 0,23489,358.36,124,19,19
Segment 0,23490,258.75,69,14,14
Segment 0,23491,396.0,48,17,16
Segment 0,23492,90.75,11,4,4
Segment 0,23493,592.8,304,23,23
Segment 0,23494,178.5,30,10,10
Segment 0,23495,2.5,2,1,1
Segment 0,23497,1095.3999999999999,792,14,14
Segment 0,23498,913.5999999999999,660,6,6
Segment 0,23499,20.58,49,3,3
Segment 0,23500,204.0,180,4,4
Segment 0,23501,473.0,412,6,6
Segment 0,23502,63.75,51,6,6
Segment 0,23503,772.75,635,32,31
Segment 0,23504,381.25,305,25,23
Segment 0,23505,204.0,180,10,8
Segment 0,23506,94.5,225,5,5
Segment 0,23507,44.1,105,5,5
Segment 0,23508,92.4,220,4,4
Segment 0,23509,16.8,40,2,2
Segment 0,23510,8.4,20,1,1
Segment 0,23511,151.84,73,12,12
Segment 0,23512,112.32000000000001,54,8,8
Segment 0,23513,110.24000000000001,53,9,9
Segment 0,23514,141.44,68,10,9
Segment 0,23515,118.56,57,8,8
Segment 0,23516,93.75,25,4,4
Segment 0,23517,141.60999999999999,49,8,8
Segment 0,23518,115.6,40,7,7
Segment 0,23519,45.0,12,2,2
Segment 0,23520,33.75,9,2,2
Segment 0,23521,17.34,6,1,1
Segment 0,23523,67.5,18,3,3
Segment 0,23524,22.5,6,1,1
Segment 0,23525,71.25,19,4,4
Segment 0,23526,226.10000000000002,38,8,8
Segment 0,23527,67.5,18,3,3
Segment 0,23528,22.5,6,1,1
Segment 0,23530,312.3,66,8,6
Segment 0,23531,152.9,22,8,8
Segment 0,23532,59.400000000000006,12,4,4
Segment 0,23533,29.75,5,2,2
Segment 0,23534,510.3,90,20,19
Segment 0,23535,397.40000000000003,68,13,13
Segment 0,23536,266.5,46,9,9
Segment 0,23537,29.700000000000003,6,1,1
Segment 0,23538,39.6,8,3,3
Segment 0,23539,71.4,12,2,2
Segment 0,23541,275.7,34,9,7
Segment 0,23542,16.5,2,1,1
Segment 0,23543,314.25,41,10,10
Segment 0,23544,16.5,2,1,1
Segment 0,23545,42.0,100,4,4
Segment 0,23546,63.0,150,6,6
Segment 0,23547,84.0,200,8,8
Segment 0,23548,21.0,50,2,2
Segment 0,23549,10.5,25,1,1
Segment 0,23550,63.0,150,4,4
Segment 0,23551,35.099999999999994,90,5,5
Segment 0,23552,1296.64,699,4,4
Segment 0,23553,62.5,5,2,2
Segment 0,23554,175.0,14,5,5
Segment 0,23555,162.5,13,4,4
Segment 0,23556,162.5,13,4,4
Segment 0,23558,62.5,5,2,2
Segment 0,23559,14.56,7,2,2
Segment 0,23561,57.800000000000004,20,1,1
Segment 0,23562,34.68,12,1,1
Segment 0,23564,90.0,72,5,4
Segment 0,23565,30.0,24,2,1
Segment 0,23566,75.0,60,4,4
Segment 0,23569,697.95,141,22,21
Segment 0,23570,142.5,114,13,13
Segment 0,23571,379.49999999999994,230,19,19
Segment 0,23574,37.5,5,5,4
Segment 0,23575,15.6,8,1,1
Segment 0,23576,13.65,7,2,2
Segment 0,23579,21.45,11,2,2
Segment 0,23580,15.6,8,1,1
Segment 0,23581,347.48,181,8,7
Segment 0,23582,52.0,25,4,4
Segment 0,23583,123.75,75,8,8
Segment 0,23597,17.700000000000003,6,1,1
Segment 0,23660,39.599999999999994,24,2,2
Segment 0,23661,19.799999999999997,12,1,1
Segment 0,23664,1.65,1,1,1
Segment 0,23681,161.5,110,2,2
Segment 0,23691,31.5,75,3,3
Segment 0,23694,10.08,24,2,2
Segment 0,23695,10.08,24,2,2
Segment 0,23697,25.2,60,1,1
Segment 0,23702,3.0,2,1,1
Segment 0,23843,168469.6,80995,1,1
Segment 0,35001G,23.5,14,2,2
Segment 0,35001W,230.10000000000002,78,1,1
Segment 0,35004B,902.4000000000001,192,8,5
Segment 0,35004C,412.40000000000003,88,3,3
Segment 0,35004G,44.449999999999996,7,3,2
Segment 0,35095A,5.04,12,1,1
Segment 0,35095B,7.5600000000000005,18,2,2
Segment 0,35265,27.8,4,1,1
Segment 0,35271S,2.66,14,1,1
Segment 0,35400,35.8,4,1,1
Segment 0,35443,0.85,1,1,1
Segment 0,35471D,107.82,250,14,14
Segment 0,35591T,1.25,1,1,1
Segment 0,35598C,2.95,1,1,1
Segment 0,35598D,62.400000000000006,96,3,3
Segment 0,35599B,152.1,78,2,2
Segment 0,35599D,118.0,40,1,1
Segment 0,35607A,4.5600000000000005,24,1,1
Segment 0,35607B,11.020000000000001,58,3,3
Segment 0,35610A,10.0,8,1,1
Segment 0,35610B,30.0,24,1,1
Segment 0,35610C,30.0,24,1,1
Segment 0,35637A,55.0,20,3,3
Segment 0,35637C,31.4,12,3,3
Segment 0,35638A,1.95,1,1,1
Segment 0,35638B,13.649999999999999,7,2,2
Segment 0,35645,4.25,1,1,1
Segment 0,35646,90.0,72,3,3
Segment 0,35648,106.23999999999998,128,6,6
Segment 0,35651,80.85,49,4,4
Segment 0,35653,2.95,1,1,1
Segment 0,35809A,19.919999999999998,24,2,2
Segment 0,35809B,2.1,1,1,1
Segment 0,35810A,29.879999999999995,36,3,3
Segment 0,35815P,13.3,35,1,1
Segment 0,35816P,11.4,30,1,1
Segment 0,35817P,15.299999999999999,6,1,1
Segment 0,35818B,9.120000000000001,24,1,1
Segment 0,35818P,54.34,143,4,4
Segment 0,35819B,26.6,70,4,4
Segment 0,35819P,52.870000000000005,59,2,2
Segment 0,35833P,15.0,12,1,1
Segment 0,35911A,45.9,54,4,4
Segment 0,35912B,16.25,13,2,2
Segment 0,35914,10.2,12,1,1
Segment 0,35915B,19.799999999999997,12,2,2
Segment 0,35915C,19.799999999999997,12,2,2
Segment 0,35916A,1.7,2,1,1
Segment 0,35920,7.5,6,1,1
Segment 0,35922,9.9,2,1,1
Segment 0,35923,28.08,72,6,6
Segment 0,35924,25.200000000000003,12,2,2
Segment 0,35933,19.0,50,2,2
Segment 0,35953,86.16,168,4,4
Segment 0,35954,27.360000000000003,144,2,2
Segment 0,35961,125.79999999999998,148,12,12
Segment 0,35965,85.64,92,6,6
Segment 0,35967,19.32,36,3,3
Segment 0,35970,1430.68,892,42,39
Segment 0,35971,63.75,51,3,3
Segment 0,37327,51.48,132,6,6
Segment 0,37340,118.16999999999999,303,9,9
Segment 0,37342,173.52,216,8,7
Segment 0,37370,796.07,739,23,9
Segment 0,37413,12.48,32,5,5
Segment 0,37446,291.7,210,21,20
Segment 0,37447,173.23999999999998,124,8,8
Segment 0,37448,201.15,135,13,12
Segment 0,37449,1866.6,208,37,32
Segment 0,37450,169.8,60,7,7
Segment 0,37467,1.7,2,1,1
Segment 0,37468,0.39,1,1,1
Segment 0,37475,79.6,8,7,7
Segment 0,37479P,4.68,12,2,2
Segment 0,37482P,17.64,12,2,2
Segment 0,37487B,2.32,8,1,1
Segment 0,37489A,2.34,6,3,3
Segment 0,37489B,7.02,10,4,4
Segment 0,37489C,3.9,2,1,1
Segment 0,37489D,1.95,5,3,3
Segment 0,37495,394.95,113,20,19
Segment 0,37500,84.35,13,6,6
Segment 0,37501,76.45,11,3,3
Segment 0,40001,44.199999999999996,52,3,3
Segment 0,40003,10.0,8,3,3
Segment 0,40005B,0.85,1,1,1
Segment 0,40016,443.58,1299,12,12
Segment 0,44089C,0.42,1,1,1
Segment 0,44234,8.4,40,3,3
Segment 0,44235,4.2,10,2,2
Segment 0,44242B,9.48,12,1,1
Segment 0,44265,8.5,2,1,1
Segment 0,46000M,120.9,78,9,9
Segment 0,46000R,7.25,5,3,3
Segment 0,46000S,561.15,387,28,26
Segment 0,46000U,22.5,18,3,3
Segment 0,46126A,10.0,8,1,1
Segment 0,46138B,8.5,10,1,1
Segment 0,46775D,67.8,4,3,3
Segment 0,46776A,19.8,4,2,2
Segment 0,46776B,29.700000000000003,6,2,2
Segment 0,46776C,19.8,4,2,2
Segment 0,46776D,9.9,2,1,1
Segment 0,46776E,9.9,2,1,1
Segment 0,46776F,9.9,2,1,1
Segment 0,47013C,0.72,6,1,1
Segment 0,47021G,18.72,48,1,1
Segment 0,47310M,6.25,5,1,1
Segment 0,47341A,10.0,4,2,2
Segment 0,47341B,2.5,2,1,1
Segment 0,47343A,32.37,39,2,2
Segment 0,47344B,2.4899999999999998,3,1,1
Segment 0,47348A,15.6,40,3,3
Segment 0,47367B,15.0,4,1,1
Segment 0,47420,4.5600000000000005,24,1,1
Segment 0,47421,10.08,24,1,1
Segment 0,47471,3.9000000000000004,6,2,2
Segment 0,47480,120.44999999999999,73,5,4
Segment 0,47503A,81.77,169,10,10
Segment 0,47503H,1.95,1,1,1
Segment 0,47504H,81.18,98,6,4
Segment 0,47504K,249.05,287,18,18
Segment 0,47556B,6045.0,2600,2,1
Segment 0,47559B,90.0,72,10,10
Segment 0,47563A,2.5,2,1,1
Segment 0,47566,13317.6,3012,188,150
Segment 0,47566B,994.8000000000001,214,31,28
Segment 0,47567B,393.15000000000003,77,8,8
Segment 0,47570B,127.8,12,2,2
Segment 0,47574A,37.5,36,3,3
Segment 0,47578A,17.0,20,2,2
Segment 0,47580,81.6,32,7,7
Segment 0,47585A,45.0,12,3,3
Segment 0,47590A,1767.9,342,42,35
Segment 0,47590B,2102.1000000000004,418,44,36
Segment 0,47591B,14.85,9,2,2
Segment 0,47591D,956.1,536,33,31
Segment 0,47593B,59.849999999999994,127,6,6
Segment 0,47594A,1.95,1,1,1
Segment 0,47594B,46.8,24,1,1
Segment 0,47599A,408.40000000000003,214,14,13
Segment 0,47599B,330.7,177,11,10
Segment 0,48111,498.75,67,17,16
Segment 0,48116,456.45000000000005,63,15,14
Segment 0,48129,610.2,84,22,22
Segment 0,48138,3745.2,496,71,52
Segment 0,48173C,337.65,43,16,16
Segment 0,48184,591.15,75,30,28
Segment 0,48185,9643.55,1457,30,24
Segment 0,48187,1959.0,266,67,51
Segment 0,48188,683.85,93,24,23
Segment 0,48194,1345.65,179,54,46
Segment 0,51008,862.55,279,3,3
Segment 0,51014A,275.16,564,13,10
Segment 0,51014C,407.88,876,14,11
Segment 0,51014L,168.0,360,8,7
Segment 0,51020A,4.35,15,2,2
Segment 0,51020B,2.32,8,2,2
Segment 0,62018,5185.25,4095,14,7
Segment 0,62043B,6.639999999999999,8,2,2
Segment 0,62086A,58.5,30,5,5
Segment 0,62097B,4.1499999999999995,5,1,1
Segment 0,70006,183.89999999999998,268,8,8
Segment 0,70007,71.10000000000001,90,2,2
Segment 0,71038,49.050000000000004,9,4,4
Segment 0,71050,2.0999999999999996,6,1,1
Segment 0,71053,1419.09,403,49,31
Segment 0,71101E,40.8,48,3,1
Segment 0,71270,17.5,14,2,2
Segment 0,71403,2.95,1,1,1
Segment 0,71406C,4.62,11,2,2
Segment 0,71459,1008.6,1260,43,41
Segment 0,71477,2207.66,706,29,25
Segment 0,71495A,17.28,48,1,1
Segment 0,71495B,17.28,48,1,1
Segment 0,71496A,2.6500000000000004,5,1,1
Segment 0,71496B,3.18,6,1,1
Segment 0,71510,10.2,12,1,1
Segment 0,72024U,5.04,24,1,1
Segment 0,72122,68.39999999999999,72,3,3
Segment 0,72127,72.5,58,6,5
Segment 0,72128,7.6499999999999995,9,2,2
Segment 0,72130,28.830000000000002,51,3,3
Segment 0,72131,158.39999999999998,96,3,2
Segment 0,72133,7.5,6,1,1
Segment 0,72134,20.16,48,1,1
Segment 0,72140E,5.949999999999999,7,2,2
Segment 0,72225C,13.919999999999998,48,2,2
Segment 0,72232,48.45,255,8,8
Segment 0,72349B,475.68,264,11,10
Segment 0,72351A,199.50000000000003,95,10,10
Segment 0,72351B,554.16,292,13,12
Segment 0,72369A,22.5,18,1,1
Segment 0,72586,15.12,36,1,1
Segment 0,72598,45.05,53,4,4
Segment 0,72741,1582.6499999999999,1161,49,43
Segment 0,72760B,338.29999999999995,34,16,15
Segment 0,72780,15.299999999999999,18,2,2
Segment 0,72798C,1.65,1,1,1
Segment 0,72799C,24.86,26,3,3
Segment 0,72799E,165.83,65,8,8
Segment 0,72799F,115.05000000000001,39,5,5
Segment 0,72800B,24.78,18,2,2
Segment 0,72800C,29.88,20,3,3
Segment 0,72800E,45.18,26,6,5
Segment 0,72801C,50.88,48,1,1
Segment 0,72801G,5.0,4,1,1
Segment 0,72802A,234.32999999999998,57,9,7
Segment 0,72802B,483.75,255,11,9
Segment 0,72802C,841.99,407,16,13
Segment 0,72803A,165.75,39,9,6
Segment 0,72807A,293.25,69,13,10
Segment 0,72807B,208.25,49,14,11
Segment 0,72807C,801.45,201,19,16
Segment 0,72811,8.94,6,1,1
Segment 0,72812,12.600000000000001,6,1,1
Segment 0,72816,15.0,12,1,1
Segment 0,72817,101.88,108,6,6
Segment 0,72818,41.68,88,4,4
Segment 0,72819,111.3,54,4,4
Segment 0,75049L,1972.6999999999998,2254,25,19
Segment 0,75131,487.28,464,5,5
Segment 0,75172,47.400000000000006,60,3,3
Segment 0,75178,12.5,10,1,1
Segment 0,77101A,2.5,2,1,1
Segment 0,78033,11.9,2,1,1
Segment 0,78124,45.0,36,3,3
Segment 0,79000,495.0,684,14,12
Segment 0,79030D,19.799999999999997,12,2,2
Segment 0,79030G,37.44,96,2,2
Segment 0,79051A,47.769999999999996,125,7,7
Segment 0,79066K,58.77,81,6,6
Segment 0,79067,15.0,4,1,1
Segment 0,79071B,5.9,2,1,1
Segment 0,79144B,2.52,6,1,1
Segment 0,79157V,1.7,2,1,1
Segment 0,79160,25.200000000000003,12,1,1
Segment 0,79163,57.239999999999995,108,3,3
Segment 0,79164,19.799999999999997,12,1,1
Segment 0,79190A,27.3,65,2,2
Segment 0,79190B,8.4,20,1,1
Segment 0,79190D,6.3,15,1,1
Segment 0,79191B,10.2,12,1,1
Segment 0,79191C,61.199999999999996,72,4,4
Segment 0,79191D,10.2,12,1,1
Segment 0,79302M,311.05,119,8,4
Segment 0,79321,11845.6,2560,62,39
Segment 0,79323B,54.0,8,1,1
Segment 0,79323P,27.0,4,1,1
Segment 0,79331,3.04,8,1,1
Segment 0,79337,14.459999999999999,18,2,2
Segment 0,79403,20.4,24,2,2
Segment 0,79406,15.84,72,1,1
Segment 0,81952B,19.0,100,1,1
Segment 0,81952V,19.57,103,2,2
Segment 0,82001S,1429.26,418,13,10
Segment 0,82011C,11.25,3,2,2
Segment 0,82095,15.3,2,1,1
Segment 0,82482,1340.1000000000001,540,66,47
Segment 0,82483,1628.3,274,44,25
Segment 0,82484,1868.05,252,58,47
Segment 0,82486,1458.65,183,49,28
Segment 0,82494L,1833.1000000000001,658,76,56
Segment 0,82551,205.89999999999998,142,12,10
Segment 0,82552,333.5,230,20,18
Segment 0,82567,58.800000000000004,28,5,4
Segment 0,82578,108.35000000000001,197,14,14
Segment 0,82580,281.55,571,25,24
Segment 0,82581,213.35,447,14,13
Segment 0,82582,1502.4,784,23,15
Segment 0,82583,623.58,311,20,16
Segment 0,82599,84.0,40,5,5
Segment 0,82600,830.1000000000001,401,37,31
Segment 0,82613B,35.2,68,3,3
Segment 0,82613C,16.8,40,1,1
Segment 0,82613D,43.6,88,4,4
Segment 0,82616B,58.75,47,3,3
Segment 0,82616C,60.0,48,3,3
Segment 0,84006,15.299999999999999,18,2,2
Segment 0,84012,86.69999999999999,98,4,3
Segment 0,84029E,1247.47,333,46,24
Segment 0,84029G,1507.98,410,54,32
Segment 0,84030E,310.25,73,16,15
Segment 0,84031A,32.550000000000004,7,3,3
Segment 0,84031B,13.950000000000001,3,1,1
Segment 0,84032A,74.54,26,7,7
Segment 0,84032B,45.040000000000006,16,4,4
Segment 0,84050,173.24999999999997,105,15,15
Segment 0,84051,11.05,13,3,3
Segment 0,84077,1635.9599999999998,6972,58,49
Segment 0,84078A,7194.900000000001,202,33,23
Segment 0,84086C,194.70000000000002,66,4,3
Segment 0,84192,26.25,21,3,3
Segment 0,84199,0.21,1,1,1
Segment 0,84212,861.55,1835,19,17
Segment 0,84218,3.9,2,2,2
Segment 0,84228,10.08,24,2,2
Segment 0,84231,7.15,11,2,2
Segment 0,84247E,8.850000000000001,3,2,2
Segment 0,84247G,15.120000000000001,36,3,3
Segment 0,84247L,10.08,24,2,2
Segment 0,84249A,5.04,12,1,1
Segment 0,84251B,4.5600000000000005,24,2,2
Segment 0,84251G,4.5600000000000005,24,2,2
Segment 0,84279B,67.5,18,6,6
Segment 0,84279P,178.86,50,9,9
Segment 0,84313B,11.7,6,1,1
Segment 0,84313C,23.4,12,2,2
Segment 0,84341B,2.55,3,2,2
Segment 0,84347,1294.9499999999998,529,22,18
Segment 0,84352,59.8,4,1,1
Segment 0,84356,71.45,11,4,4
Segment 0,84358,9.95,1,1,1
Segment 0,84360,179.3,38,2,2
Segment 0,84375,1883.1000000000001,931,41,34
Segment 0,84378,721.9,554,44,41
Segment 0,84380,903.79,703,45,37
Segment 0,84406B,1111.55,317,36,19
Segment 0,84422,16.83,29,2,2
Segment 0,84429A,53.10000000000001,18,3,3
Segment 0,84457,1.7,2,1,1
Segment 0,84459A,93.86999999999999,63,5,5
Segment 0,84459B,71.52,48,4,4
Segment 0,84497,3.75,1,1,1
Segment 0,84507B,15.299999999999999,6,1,1
Segment 0,84507C,2.55,1,1,1
Segment 0,84508A,3333.3,1586,12,3
Segment 0,84508B,20.4,8,3,3
Segment 0,84508C,17.849999999999998,7,2,2
Segment 0,84509A,191.25,51,10,10
Segment 0,84509B,52.5,14,3,3
Segment 0,84509C,15.0,4,1,1
Segment 0,84509G,67.5,42,4,4
Segment 0,84510A,100.0,80,8,8
Segment 0,84510C,12.5,10,1,1
Segment 0,84519A,37.5,30,2,2
Segment 0,84519B,15.0,12,2,2
Segment 0,84520B,27.2,32,4,4
Segment 0,84527,15.6,8,1,1
Segment 0,84531A,0.39,1,1,1
Segment 0,84531B,0.39,1,1,1
Segment 0,84534B,13.6,16,1,1
Segment 0,84535B,152.16,336,5,4
Segment 0,84536A,54.18,129,11,11
Segment 0,84536B,219.34,587,13,11
Segment 0,84548,6.6,4,1,1
Segment 0,84558A,8.850000000000001,3,3,3
Segment 0,84559A,7.6499999999999995,9,4,4
Segment 0,84559B,10.2,12,3,3
Segment 0,84563A,23.6,8,1,1
Segment 0,84563B,11.8,4,3,2
Segment 0,84568,607.68,3168,7,6
Segment 0,84569A,2.5,2,2,2
Segment 0,84569D,22.5,18,2,2
Segment 0,84575A,1.95,1,1,1
Segment 0,84576,23.4,12,1,1
Segment 0,84580,262.5,70,17,16
Segment 0,84581,93.75,25,11,11
Segment 0,84584,91.79999999999998,36,4,4
Segment 0,84592,2.95,1,1,1
Segment 0,84593,14.750000000000002,5,1,1
Segment 0,84595E,5.4,2,2,2
Segment 0,84596B,130.12,294,13,13
Segment 0,84596E,3.78,9,2,2
Segment 0,84596F,64.68,154,8,8
Segment 0,84596G,47.04,112,4,4
Segment 0,84596L,30.24,72,1,1
Segment 0,84598,60.48,288,1,1
Segment 0,84609,51.0,6,2,2
Segment 0,84614A,11.9,2,1,1
Segment 0,84616,149.75,5,3,3
Segment 0,84617,12.75,1,1,1
Segment 0,84625C,1.7,2,1,1
Segment 0,84629,21.95,1,1,1
Segment 0,84637,5.95,1,1,1
Segment 0,84658,13.9,2,1,1
Segment 0,84659A,33.15,13,4,4
Segment 0,84660A,30.8,24,2,2
Segment 0,84660B,46.6,44,3,3
Segment 0,84660C,63.2,80,3,3
Segment 0,84661A,68.52,60,3,3
Segment 0,84661B,99.44999999999999,39,2,2
Segment 0,84661C,53.22,54,2,2
Segment 0,84663A,15.8,20,1,1
Segment 0,84665,47.6,8,2,2
Segment 0,84673A,0.65,1,1,1
Segment 0,84674,35.400000000000006,12,2,2
Segment 0,84678,60.599999999999994,36,3,3
Segment 0,84683,45.0,36,2,2
Segment 0,84685,18.75,5,2,2
Segment 0,84686,17.0,4,1,1
Segment 0,84687,97.05000000000001,19,4,4
Segment 0,84689,9.95,3,2,2
Segment 0,84691,172.79999999999998,240,3,1
Segment 0,84692,174.72,416,21,20
Segment 0,84706D,3.9,2,1,1
Segment 0,84707A,43.3,14,2,2
Segment 0,84707B,29.849999999999998,3,2,2
Segment 0,84708B,9.9,2,1,1
Segment 0,84711B,19.9,2,1,1
Segment 0,84712B,15.9,2,1,1
Segment 0,84741C,13.649999999999999,7,2,2
Segment 0,84744,16.25,13,2,2
Segment 0,84745A,2.52,6,1,1
Segment 0,84745B,2.52,6,1,1
Segment 0,84754,30.0,24,2,2
Segment 0,84755,1211.05,1985,59,54
Segment 0,84760S,15.95,11,2,2
Segment 0,84763,106.25,85,6,6
Segment 0,84766,46.8,24,2,2
Segment 0,84789,45.0,12,3,3
Segment 0,84792,292.95000000000005,63,14,13
Segment 0,84795B,272.1,38,6,6
Segment 0,84795C,15.9,2,1,1
Segment 0,84796A,25.5,2,2,2
Segment 0,84796B,25.5,2,2,2
Segment 0,84798B,15.299999999999999,6,1,1
Segment 0,84799,47.66,70,3,3
Segment 0,84800L,81.12,48,2,2
Segment 0,84800M,30.48,24,1,1
Segment 0,84801A,37.800000000000004,18,2,2
Segment 0,84804A,61.95,21,2,2
Segment 0,84806A,17.4,12,1,1
Segment 0,84806B,52.2,36,3,3
Segment 0,84813,540.25,55,7,6
Segment 0,84816,119.85000000000001,3,2,2
Segment 0,84817,68.04,90,4,4
Segment 0,84818,142.57,143,11,11
Segment 0,84819,117.93,105,8,8
Segment 0,84820,15.95,9,2,2
Segment 0,84821,37.099999999999994,134,6,6
Segment 0,84823,166.95,21,5,5
Segment 0,84826,50.4,240,3,2
Segment 0,84827,34.2,180,2,1
Segment 0,84828,45.0,36,2,2
Segment 0,84832,280.5,330,26,25
Segment 0,84836,968.75,775,49,46
Segment 0,84840,8.5,1,1,1
Segment 0,84843,95.2,16,6,6
Segment 0,84846A,25.200000000000003,12,2,2
Segment 0,84849A,21.970000000000002,13,2,2
Segment 0,84849D,25.35,15,2,2
Segment 0,84857C,93.6,48,3,3
Segment 0,84858C,5.95,1,1,1
Segment 0,84859A,40.949999999999996,21,3,3
Segment 0,84859C,33.15,17,2,2
Segment 0,84870C,7.5,2,1,1
Segment 0,84874B,16.5,10,1,1
Segment 0,84875B,61.25,39,4,4
Segment 0,84875D,15.0,12,1,1
Segment 0,84876B,90.0,72,2,2
Segment 0,84876D,45.0,28,2,2
Segment 0,84877B,30.0,24,1,1
Segment 0,84877D,45.0,28,2,2
Segment 0,84879,7752.599999999999,4860,183,139
Segment 0,84880,117.30000000000001,17,3,3
Segment 0,84884A,150.1,38,7,7
Segment 0,84906,11.7,6,1,1
Segment 0,84912A,3.75,1,1,1
Segment 0,84912B,30.0,8,1,1
Segment 0,84913B,55.800000000000004,12,3,3
Segment 0,84915,12.5,10,1,1
Segment 0,84916,18.45,11,2,2
Segment 0,84917,55.35,33,3,3
Segment 0,84920,52.5,14,4,4
Segment 0,84924A,93.75,25,5,5
Segment 0,84925D,2.55,1,1,1
Segment 0,84926A,27.36,48,4,4
Segment 0,84926D,13.919999999999998,48,1,1
Segment 0,84926E,27.839999999999996,96,4,4
Segment 0,84926F,20.879999999999995,72,3,3
Segment 0,84927A,2.1,1,1,1
Segment 0,84927D,10.5,5,1,1
Segment 0,84927E,12.600000000000001,6,1,1
Segment 0,84927F,11.459999999999999,25,3,3
Segment 0,84929,15.96,84,3,3
Segment 0,84931A,15.299999999999999,6,1,1
Segment 0,84931B,168.3,66,6,5
Segment 0,84944,44.8,24,4,4
Segment 0,84945,1256.53,1537,51,45
Segment 0,84946,6392.320000000001,5672,157,119
Segment 0,84947,4531.29,4109,71,53
Segment 0,84949,1313.2499999999998,857,40,36
Segment 0,84950,1167.0,2076,15,14
Segment 0,84951A,29.16,36,2,2
Segment 0,84951B,104.16,96,3,3
Segment 0,84952B,22.5,6,1,1
Segment 0,84968A,102.0,8,6,6
Segment 0,84968C,178.5,14,7,7
Segment 0,84968D,76.5,6,5,5
Segment 0,84968E,25.5,2,2,2
Segment 0,84968F,76.5,6,5,5
Segment 0,84969,4.25,1,1,1
Segment 0,84970L,1000.7099999999999,1035,48,38
Segment 0,84970S,1055.9299999999998,1349,53,45
Segment 0,84971S,91.8,108,6,6
Segment 0,84974,29.849999999999998,3,2,2
Segment 0,84976,71.76,84,3,3
Segment 0,84978,2024.91,1785,72,59
Segment 0,84987,658.5,474,32,31
Segment 0,84988,939.55,691,28,27
Segment 0,84991,1994.89,4591,54,50
Segment 0,84992,1791.85,4279,26,23
Segment 0,84993A,10.5,25,2,2
Segment 0,84993B,5.46,13,2,2
Segment 0,84997A,2173.66,570,21,14
Segment 0,84997B,2324.7400000000002,630,23,18
Segment 0,84997C,6689.2300000000005,1797,35,23
Segment 0,84997D,7959.81,2147,42,29
Segment 0,85006,10.2,12,1,1
Segment 0,85008,1.5,1,1,1
Segment 0,85014A,909.5500000000001,169,26,24
Segment 0,85014B,749.3000000000001,134,27,25
Segment 0,85015,282.20000000000005,364,20,20
Segment 0,85016,143.4,168,5,5
Segment 0,85017B,79.08,176,9,9
Segment 0,85019A,95.25,57,5,5
Segment 0,85019B,61.25,49,3,3
Segment 0,85019C,74.0,52,4,4
Segment 0,85023B,30.599999999999998,12,2,2
Segment 0,85025B,39.599999999999994,24,2,2
Segment 0,85025C,19.799999999999997,12,1,1
Segment 0,85026B,25.5,30,2,2
Segment 0,85027L,19.5,10,2,2
Segment 0,85028S,28.2,12,2,2
Segment 0,85030,7.8,4,1,1
Segment 0,85031A,7.5,6,1,1
Segment 0,85032A,54.60000000000001,84,6,6
Segment 0,85032B,46.800000000000004,72,6,6
Segment 0,85032C,30.300000000000004,31,4,4
Segment 0,85032D,70.60000000000001,93,9,9
Segment 0,85034A,90.25,41,6,6
Segment 0,85034B,299.0,208,14,14
Segment 0,85034C,207.0,144,11,11
Segment 0,85035A,81.75,39,7,7
Segment 0,85035B,395.75,307,4,4
Segment 0,85035C,530.5,398,9,9
Segment 0,85036A,270.24,72,8,7
Segment 0,85036B,44.25,21,3,3
Segment 0,85036C,59.95,23,4,4
Segment 0,85038,207.90000000000003,99,11,11
Segment 0,85039A,150.45,97,5,5
Segment 0,85039B,21.449999999999996,13,2,2
Segment 0,85040A,136.95,83,7,7
Segment 0,85045,102.0,24,1,1
Segment 0,85048,1990.65,267,42,39
Segment 0,85049A,857.9200000000001,752,24,22
Segment 0,85049C,72.5,58,9,9
Segment 0,85049D,17.5,14,2,2
Segment 0,85049E,281.61,249,12,12
Segment 0,85049G,323.89,281,11,11
Segment 0,85049H,18.75,15,2,2
Segment 0,85053,415.02000000000004,207,26,25
Segment 0,85054,59.00000000000001,20,5,5
Segment 0,85059,72.5,30,7,7
Segment 0,85061W,394.27,535,13,13
Segment 0,85062,267.9,174,9,9
Segment 0,85066,1597.65,127,54,46
Segment 0,85067,69.8,4,2,2
Segment 0,85071A,60.449999999999996,155,7,7
Segment 0,85071B,60.21,115,6,6
Segment 0,85071C,27.389999999999997,37,3,3
Segment 0,85078,33.84,120,5,5
Segment 0,85084,3.4,4,1,1
Segment 0,85088,63.00000000000001,30,2,2
Segment 0,85093,24.36,36,2,2
Segment 0,85094,2.2800000000000002,12,1,1
Segment 0,85099B,11774.1,6315,142,102
Segment 0,85099C,3238.52,1745,56,47
Segment 0,85099F,1977.9,1030,44,37
Segment 0,85103,71.4,12,1,1
Segment 0,85104,367.2,144,1,1
Segment 0,85106,856.86,506,2,2
Segment 0,85107,134.67000000000002,69,5,4
Segment 0,85111,154.2,492,5,5
Segment 0,85114A,213.6,144,3,1
Segment 0,85114B,39.599999999999994,24,1,1
Segment 0,85114C,11.549999999999999,7,2,2
Segment 0,85116,87.60000000000001,108,3,3
Segment 0,85123A,21364.3,8204,275,206
Segment 0,85124B,5.1,2,1,1
Segment 0,85124C,10.2,4,3,2
Segment 0,85125,69.30000000000001,14,2,2
Segment 0,85129B,15.0,12,1,1
Segment 0,85129D,15.0,12,1,1
Segment 0,85130A,39.599999999999994,24,1,1
Segment 0,85130B,58.46,74,4,4
Segment 0,85130C,58.46,74,4,4
Segment 0,85130D,21.330000000000002,27,2,2
Segment 0,85131A,10.0,8,1,1
Segment 0,85131D,15.0,12,1,1
Segment 0,85132A,48.949999999999996,21,3,3
Segment 0,85132B,21.65,7,2,2
Segment 0,85132C,204.95,101,8,7
Segment 0,85135A,7.95,1,1,1
Segment 0,85135B,47.7,6,4,4
Segment 0,85135C,63.6,8,3,3
Segment 0,85136A,31.8,4,4,4
Segment 0,85136C,31.8,4,2,2
Segment 0,85141,167.29999999999998,22,6,6
Segment 0,85144,14.5,2,1,1
Segment 0,85145,15.8,4,1,1
Segment 0,85146,41.35,13,2,2
Segment 0,85150,665.6999999999999,278,21,18
Segment 0,85152,2315.4,1190,30,28
Segment 0,85159A,129.45,75,6,6
Segment 0,85159B,85.19999999999999,48,4,4
Segment 0,85160B,3.51,9,2,2
Segment 0,85167B,8.75,7,1,1
Segment 0,85169A,60.0,48,4,4
Segment 0,85169B,30.0,24,2,2
Segment 0,85169D,30.0,24,2,2
Segment 0,85170B,2.1,1,1,1
Segment 0,85170C,50.400000000000006,24,3,3
Segment 0,85170D,37.800000000000004,18,3,3
Segment 0,85172,134.4,320,4,4
Segment 0,85173,107.1,58,8,7
Segment 0,85174,200.35,45,6,5
Segment 0,85175,369.6,944,18,14
Segment 0,85176,72.25,85,6,6
Segment 0,85177,92.64999999999999,109,8,8
Segment 0,85178,529.8,516,17,17
Segment 0,85179A,31.450000000000003,17,3,3
Segment 0,85179C,30.0,24,1,1
Segment 0,85180A,240.78,78,7,6
Segment 0,85180B,80.10000000000001,26,5,4
Segment 0,85183A,15.0,12,1,1
Segment 0,85183B,45.0,36,3,2
Segment 0,85184C,361.15000000000003,181,15,14
Segment 0,85185B,20.650000000000002,7,2,2
Segment 0,85186A,30.240000000000002,72,2,2
Segment 0,85186C,50.4,120,4,4
Segment 0,85187,49.49999999999999,30,3,3
Segment 0,85188A,20.4,24,1,1
Segment 0,85194L,62.9,74,7,7
Segment 0,85194S,74.75,115,7,7
Segment 0,85197,4.2,2,1,1
Segment 0,85198,20.4,24,2,2
Segment 0,85199L,54.6,84,3,3
Segment 0,85199S,171.35999999999999,408,14,13
Segment 0,85200,2.5,2,1,1
Segment 0,85203,36.96,88,5,5
Segment 0,85204,25.439999999999998,212,3,3
Segment 0,85206A,567.5999999999999,368,14,14
Segment 0,85208,2.1,1,1,1
Segment 0,85211,19.799999999999997,12,1,1
Segment 0,85212,41.519999999999996,120,5,5
Segment 0,85213,24.119999999999997,60,4,4
Segment 0,85215,54.60000000000001,84,2,2
Segment 0,85225,5.25,5,2,2
Segment 0,85227,104.55,123,10,10
Segment 0,85230A,20.88,72,1,1
Segment 0,85230B,21.169999999999995,73,3,3
Segment 0,85230E,20.879999999999995,72,2,2
Segment 0,85230F,13.919999999999998,48,2,2
Segment 0,85230G,6.959999999999999,24,1,1
Segment 0,85231B,35.699999999999996,42,4,4
Segment 0,85231G,10.2,12,1,1
Segment 0,85232A,19.8,4,2,2
Segment 0,85232B,44.550000000000004,9,2,1
Segment 0,85232D,49.5,10,4,4
Segment 0,90000A,11.9,2,1,1
Segment 0,90002D,3.75,1,1,1
Segment 0,90010A,17.9,2,1,1
Segment 0,90010E,26.849999999999998,3,2,2
Segment 0,90012A,5.9,2,1,1
Segment 0,90014A,27.650000000000002,7,2,2
Segment 0,90018A,12.75,3,2,2
Segment 0,90019A,44.550000000000004,9,5,4
Segment 0,90022,3.75,1,1,1
Segment 0,90023,4.25,1,1,1
Segment 0,90027A,11.8,4,1,1
Segment 0,90027D,11.8,4,1,1
Segment 0,90030A,48.0,48,3,3
Segment 0,90030B,30.0,30,2,2
Segment 0,90030C,42.0,42,2,2
Segment 0,90031,24.0,24,1,1
Segment 0,90039A,22.5,6,1,1
Segment 0,90039B,22.5,6,1,1
Segment 0,90039D,45.0,12,1,1
Segment 0,90040A,10.5,3,1,1
Segment 0,90040B,14.0,4,2,2
Segment 0,90051,13.9,2,1,1
Segment 0,90057,60.0,48,2,2
Segment 0,90058A,54.72,144,3,3
Segment 0,90058B,54.72,144,3,3
Segment 0,90063B,17.0,2,1,1
Segment 0,90064B,7.5,2,1,1
Segment 0,90070,17.85,3,1,1
Segment 0,90093,3.8,20,1,1
Segment 0,90094,5.1,2,1,1
Segment 0,90098,7.6499999999999995,3,1,1
Segment 0,90099,10.2,4,2,2
Segment 0,90114,15.299999999999999,6,1,1
Segment 0,90120B,42.5,10,1,1
Segment 0,90120C,59.5,14,2,2
Segment 0,90123C,23.8,4,1,1
Segment 0,90124B,9.95,1,1,1
Segment 0,90129B,20.650000000000002,7,1,1
Segment 0,90129C,5.9,2,1,1
Segment 0,90129F,26.55,9,1,1
Segment 0,90130B,17.700000000000003,6,1,1
Segment 0,90133,24.75,5,1,1
Segment 0,90141A,4.95,1,1,1
Segment 0,90141C,4.95,1,1,1
Segment 0,90143,15.0,2,1,1
Segment 0,90145,5.95,1,1,1
Segment 0,90148,12.75,1,1,1
Segment 0,90157,24.75,5,1,1
Segment 0,90158,24.75,5,1,1
Segment 0,90160A,69.5,10,2,2
Segment 0,90160B,69.5,10,2,2
Segment 0,90160C,118.15,17,3,3
Segment 0,90160D,139.0,20,3,3
Segment 0,90161B,84.15,17,2,2
Segment 0,90161C,79.2,16,2,2
Segment 0,90161D,29.700000000000003,6,1,1
Segment 0,90163A,15.0,2,1,1
Segment 0,90164B,11.7,6,1,1
Segment 0,90173,15.0,4,1,1
Segment 0,90174,15.299999999999999,6,1,1
Segment 0,90175C,26.849999999999998,3,2,2
Segment 0,90175D,17.9,2,1,1
Segment 0,90177D,2.95,1,1,1
Segment 0,90178A,11.95,1,1,1
Segment 0,90180A,9.95,1,1,1
Segment 0,90180B,9.95,1,1,1
Segment 0,90183C,2.95,1,1,1
Segment 0,90184B,44.75,5,2,2
Segment 0,90184C,53.699999999999996,6,2,2
Segment 0,90185A,4.25,1,1,1
Segment 0,90191,25.5,2,1,1
Segment 0,90194,8.5,2,1,1
Segment 0,90198A,59.5,14,2,2
Segment 0,90198B,42.5,10,1,1
Segment 0,90199C,12.7,2,1,1
Segment 0,90200D,94.25,25,2,2
Segment 0,90200E,90.0,24,1,1
Segment 0,90201A,53.1,18,1,1
Segment 0,90201B,70.80000000000001,24,2,2
Segment 0,90201C,38.35000000000001,13,2,2
Segment 0,90201D,53.1,18,1,1
Segment 0,90206A,14.850000000000001,3,1,1
Segment 0,90211A,11.9,2,1,1
Segment 0,90211B,11.9,2,1,1
Segment 0,90214G,3.4799999999999995,12,1,1
Segment 0,90214Y,13.919999999999998,48,1,1
Segment 0,BANK CHARGES,45.001,4,3,3
Segment 0,C2,811.0,18,17,16
Segment 0,M,8317.86,214,33,32
Segment 0,PADS,0.001,1,1,1
Segment 0,POST,9206.8,386,197,128
Segment 1,10002,10.2,12,1,1
Segment 1,10133,8.4,20,1,1
Segment 1,10135,25.2,60,1,1
Segment 1,11001,27.04,16,1,1
Segment 1,15036,451.92,624,3,2
Segment 1,15044D,17.700000000000003,6,1,1
Segment 1,15056BL,267.75,45,10,1
Segment 1,15056N,339.15000000000003,57,11,1
Segment 1,15056P,196.35000000000002,33,6,1
Segment 1,15058C,39.5,10,1,1
Segment 1,15060B,90.0,24,4,1
Segment 1,16011,5.04,24,1,1
Segment 1,16014,8.4,20,1,1
Segment 1,16016,8.5,10,1,1
Segment 1,16045,12.0,300,3,1
Segment 1,16048,17.28,144,3,1
Segment 1,16052,20.16,48,2,1
Segment 1,16054,8.64,72,2,1
Segment 1,16156L,10.5,25,1,1
Segment 1,16156S,31.5,75,3,1
Segment 1,16161G,2.5,25,1,1
Segment 1,16161P,178.0,500,4,3
Segment 1,16169E,42.0,100,3,1
Segment 1,16206B,6.25,5,1,1
Segment 1,16216,4.8,80,1,1
Segment 1,16218,4.8,80,1,1
Segment 1,16219,8.28,108,3,1
Segment 1,16235,12.6,60,1,1
Segment 1,16236,5.88,28,1,1
Segment 1,16237,12.6,60,2,1
Segment 1,16259,31.32,216,2,1
Segment 1,17012A,15.299999999999999,6,1,1
Segment 1,17012B,35.699999999999996,30,2,1
Segment 1,17012D,15.299999999999999,6,1,1
Segment 1,17012E,15.299999999999999,6,1,1
Segment 1,17012F,30.599999999999998,12,1,1
Segment 1,17091J,21.18,42,2,1
Segment 1,17107D,15.299999999999999,6,1,1
Segment 1,17136A,1.92,24,1,1
Segment 1,18094C,15.0,12,1,1
Segment 1,18097C,76.5,30,3,1
Segment 1,18098C,17.700000000000003,6,1,1
Segment 1,20619,37.800000000000004,18,2,1
Segment 1,20622,12.600000000000001,6,1,1
Segment 1,20652,15.0,12,1,1
Segment 1,20654,15.0,12,1,1
Segment 1,20655,15.0,12,1,1
Segment 1,20658,15.0,12,1,1
Segment 1,20668,11.52,96,3,1
Segment 1,20674,80.0,64,4,2
Segment 1,20675,345.28000000000003,320,6,3
Segment 1,20676,411.6,384,7,3
Segment 1,20677,491.6,448,9,3
Segment 1,20678,6.6,4,1,1
Segment 1,20679,357.0,60,11,1
Segment 1,20685,6763.6,1334,16,5
Segment 1,20696,15.0,4,1,1
Segment 1,20702,12.75,3,1,1
Segment 1,20704,27.8,4,1,1
Segment 1,20711,385.6,220,3,2
Segment 1,20712,2690.1,1530,14,2
Segment 1,20713,1463.8,830,9,3
Segment 1,20717,355.5,330,4,2
Segment 1,20718,542.5,510,6,2
Segment 1,20719,1753.5,2430,18,2
Segment 1,20723,538.0,740,10,2
Segment 1,20724,1537.5,2130,15,2
Segment 1,20725,2292.15,1571,19,3
Segment 1,20726,2241.0,1540,16,3
Segment 1,20727,985.5,670,11,3
Segment 1,20728,1002.0,680,12,2
Segment 1,20733,8.5,10,1,1
Segment 1,20749,159.0,20,6,1
Segment 1,20750,1514.6999999999998,234,13,2
Segment 1,20751,350.58000000000004,181,9,2
Segment 1,20752,163.8,78,6,2
Segment 1,20754,138.60000000000002,66,7,2
Segment 1,20755,10.2,12,1,1
Segment 1,20761,45.0,12,3,1
Segment 1,20762,15.0,4,1,1
Segment 1,20763,15.0,4,1,1
Segment 1,20764,30.0,8,2,1
Segment 1,20766,15.0,4,1,1
Segment 1,20767,30.599999999999998,12,2,1
Segment 1,20768,15.299999999999999,6,1,1
Segment 1,20769,30.599999999999998,12,2,1
Segment 1,20771,15.299999999999999,6,1,1
Segment 1,20772,15.299999999999999,6,1,1
Segment 1,20795,12.600000000000001,6,1,1
Segment 1,20802,19.799999999999997,12,1,1
Segment 1,20803,9.899999999999999,6,1,1
Segment 1,20828,61.199999999999996,24,3,1
Segment 1,20829,50.400000000000006,24,2,1
Segment 1,20831,12.600000000000001,6,1,1
Segment 1,20837,9.959999999999999,12,1,1
Segment 1,20839,10.2,12,1,1
Segment 1,20840,30.599999999999998,36,2,2
Segment 1,20856,16.5,10,1,1
Segment 1,20867,15.0,12,1,1
Segment 1,20893,15.299999999999999,6,1,1
Segment 1,20914,563.4000000000001,204,14,2
Segment 1,20931,2.95,1,1,1
Segment 1,20934,21.8,4,1,1
Segment 1,20936,17.700000000000003,6,1,1
Segment 1,20961,37.5,30,3,1
Segment 1,20963,25.0,20,2,1
Segment 1,20966,25.0,20,2,1
Segment 1,20969,30.0,8,2,1
Segment 1,20970,289.08000000000004,84,5,2
Segment 1,20971,502.9200000000001,468,6,2
Segment 1,20972,487.9200000000001,456,5,2
Segment 1,20973,453.6,816,4,3
Segment 1,20975,16.25,25,2,2
Segment 1,20977,235.68,208,6,2
Segment 1,20978,155.68,144,2,2
Segment 1,20979,720.9000000000001,674,9,3
Segment 1,20981,41.65,49,5,2
Segment 1,20982,10.2,12,1,1
Segment 1,20983,21.25,25,3,2
Segment 1,20984,90.47999999999999,312,4,2
Segment 1,20985,45.0,36,3,1
Segment 1,20992,28.08,72,3,1
Segment 1,20996,23.76,96,4,1
Segment 1,20998,17.700000000000003,6,1,1
Segment 1,21000,25.5,6,1,1
Segment 1,21014,17.159999999999997,36,2,1
Segment 1,21015,20.879999999999995,72,3,1
Segment 1,21033,181.08,101,2,1
Segment 1,21035,665.2,236,5,2
Segment 1,21041,53.10000000000001,18,3,1
Segment 1,21042,53.550000000000004,9,3,1
Segment 1,21043,46.8,24,2,1
Segment 1,21055,35.8,4,1,1
Segment 1,21056,35.8,4,1,1
Segment 1,21058,329.76,432,7,3
Segment 1,21059,10.2,12,1,1
Segment 1,21060,10.2,12,1,1
Segment 1,21061,20.4,24,2,1
Segment 1,21062,10.2,12,1,1
Segment 1,21063,10.2,12,1,1
Segment 1,21064,35.7,6,1,1
Segment 1,21066,360.6,444,2,2
Segment 1,21068,398.76000000000005,480,3,3
Segment 1,21070,345.6,432,1,1
Segment 1,21071,15.0,12,1,1
Segment 1,21078,143.28,216,4,2
Segment 1,21080,805.9200000000001,1104,20,3
Segment 1,21084,50.160000000000004,264,2,2
Segment 1,21086,283.56,516,6,3
Segment 1,21088,41.04,216,1,1
Segment 1,21090,107.64000000000001,276,3,2
Segment 1,21094,429.84,648,8,3
Segment 1,21096,74.88,192,1,1
Segment 1,21098,30.0,24,2,1
Segment 1,21108,79.83,81,5,1
Segment 1,21109,23.4,12,1,1
Segment 1,21111,30.0,24,1,1
Segment 1,21112,120.0,96,1,1
Segment 1,21114,75.0,60,5,1
Segment 1,21115,219.5,42,4,2
Segment 1,21116,14.850000000000001,3,1,1
Segment 1,21117,30.0,24,2,1
Segment 1,21121,1341.1200000000001,1248,7,3
Segment 1,21122,1035.8400000000001,960,7,2
Segment 1,21123,122.5,98,3,1
Segment 1,21124,1065.8400000000001,984,8,2
Segment 1,21125,15.0,12,1,1
Segment 1,21126,15.0,12,1,1
Segment 1,21132,17.0,4,1,1
Segment 1,21135,27.04,16,2,1
Segment 1,21136,485.03999999999996,312,9,2
Segment 1,21137,650.88,192,1,1
Segment 1,21154,312.0,280,5,2
Segment 1,21155,152.1,66,8,2
Segment 1,21156,687.6,408,11,2
Segment 1,21162,18.72,48,2,1
Segment 1,21163,9.36,24,1,1
Segment 1,21164,275.22,102,5,3
Segment 1,21165,40.56,24,2,1
Segment 1,21166,4465.32,1944,25,3
Segment 1,21169,121.68,72,4,1
Segment 1,21172,52.199999999999996,36,3,1
Segment 1,21174,2885.79,1251,16,3
Segment 1,21175,3627.7799999999997,1530,20,3
Segment 1,21179,33.72,60,2,2
Segment 1,21181,3998.1600000000003,1776,19,3
Segment 1,21188,122.39999999999999,48,1,1
Segment 1,21189,19.799999999999997,12,1,1
Segment 1,21191,81.12,48,1,1
Segment 1,21192,69.6,48,1,1
Segment 1,21194,23.400000000000002,36,1,1
Segment 1,21195,243.36,144,3,2
Segment 1,21196,59.39999999999999,36,2,2
Segment 1,21197,69.6,48,1,1
Segment 1,21198,59.39999999999999,36,2,2
Segment 1,21199,39.599999999999994,24,1,1
Segment 1,21202,124.80000000000001,192,1,1
Segment 1,21206,124.80000000000001,192,1,1
Segment 1,21207,208.79999999999998,144,3,2
Segment 1,21208,153.23999999999998,132,3,2
Segment 1,21209,153.23999999999998,132,3,2
Segment 1,21210,1031.05,817,10,3
Segment 1,21211,120.0,96,1,1
Segment 1,21212,2247.6,5136,38,3
Segment 1,21213,418.8,960,11,3
Segment 1,21216,1405.2,328,9,3
Segment 1,21217,1837.8000000000002,204,7,3
Segment 1,21218,1939.5,594,12,3
Segment 1,21219,37.5,30,2,2
Segment 1,21220,25.0,20,2,1
Segment 1,21222,37.5,30,3,2
Segment 1,21224,25.0,20,2,1
Segment 1,21231,30.0,24,2,1
Segment 1,21232,90.0,72,5,1
Segment 1,21238,379.6,520,8,3
Segment 1,21239,296.88,408,5,2
Segment 1,21240,310.48,424,7,2
Segment 1,21242,763.5999999999999,520,9,3
Segment 1,21243,444.64,304,5,3
Segment 1,21244,485.19999999999993,328,5,2
Segment 1,21245,152.72,104,2,2
Segment 1,21246,69.30000000000001,14,2,1
Segment 1,21249,570.9,222,7,3
Segment 1,21251,35.400000000000006,12,2,1
Segment 1,21253,35.400000000000006,12,1,1
Segment 1,21257,143.1,18,7,1
Segment 1,21258,138.6,12,4,1
Segment 1,21259,1594.6999999999998,266,12,2
Segment 1,21260,387.59999999999997,114,1,1
Segment 1,21261,123.90000000000002,42,4,2
Segment 1,21262,88.50000000000001,30,2,1
Segment 1,21263,23.4,12,1,1
Segment 1,21264,23.4,12,1,1
Segment 1,21270,25.5,2,2,1
Segment 1,21272,230.88,156,2,1
Segment 1,21279,15.299999999999999,6,1,1
Segment 1,21284,24.96,24,2,1
Segment 1,21285,34.56,36,3,1
Segment 1,21286,14.16,24,2,1
Segment 1,21287,42.36,84,2,1
Segment 1,21289,20.0,16,1,1
Segment 1,21291,13.6,16,1,1
Segment 1,21292,13.6,16,1,1
Segment 1,21294,18.72,48,1,1
Segment 1,21313,20.4,24,2,1
Segment 1,21314,33.6,16,2,1
Segment 1,21328,19.799999999999997,12,1,1
Segment 1,21332,51.0,4,1,1
Segment 1,21340,25.5,2,1,1
Segment 1,21351,27.0,4,1,1
Segment 1,21352,48.900000000000006,14,2,1
Segment 1,21355,45.0,36,2,1
Segment 1,21356,30.0,24,2,1
Segment 1,21363,29.700000000000003,6,2,1
Segment 1,21373,9.0,12,1,1
Segment 1,21380,177.00000000000003,60,7,1
Segment 1,21381,81.12,48,4,1
Segment 1,21382,53.7,54,2,1
Segment 1,21385,414.71999999999997,576,2,1
Segment 1,21386,23.880000000000003,84,4,1
Segment 1,21389,10.2,12,1,1
Segment 1,21390,1095.8400000000001,1008,4,1
Segment 1,21391,9.0,12,1,1
Segment 1,21394,18.72,48,1,1
Segment 1,21397,18.72,48,1,1
Segment 1,21398,18.72,48,1,1
Segment 1,21399,18.72,48,1,1
Segment 1,21401,14.399999999999999,120,3,1
Segment 1,21402,8.64,72,2,1
Segment 1,21403,20.16,168,5,1
Segment 1,21408,41.1,14,3,1
Segment 1,21411,145.95,43,10,1
Segment 1,21422,13.6,16,1,1
Segment 1,21424,61.199999999999996,24,1,1
Segment 1,21426,44.400000000000006,24,1,1
Segment 1,21428,682.8,200,11,3
Segment 1,21429,454.79999999999995,280,7,2
Segment 1,21430,951.84,304,17,3
Segment 1,21439,31.25,25,3,2
Segment 1,21441,20.4,24,2,1
Segment 1,21442,14.76,36,2,1
Segment 1,21448,79.19999999999999,48,4,1
Segment 1,21452,262.5,102,2,2
Segment 1,21454,10.2,12,1,1
Segment 1,21455,10.2,12,1,1
Segment 1,21459,11.7,6,1,1
Segment 1,21460,11.7,6,1,1
Segment 1,21462,31.2,16,2,1
Segment 1,21465,45.0,12,2,1
Segment 1,21466,45.0,12,1,1
Segment 1,21467,90.0,24,4,1
Segment 1,21468,22.5,6,1,1
Segment 1,21469,157.5,42,7,1
Segment 1,21470,180.0,48,8,1
Segment 1,21471,135.0,36,6,1
Segment 1,21479,85.0,20,3,1
Segment 1,21481,1545.73,507,16,2
Segment 1,21484,58.400000000000006,16,4,1
Segment 1,21485,3309.9,674,14,3
Segment 1,21494,75.0,60,5,1
Segment 1,21497,10.5,25,1,1
Segment 1,21498,73.5,175,4,2
Segment 1,21499,52.5,125,4,1
Segment 1,21500,63.0,150,4,1
Segment 1,21503,68.42,201,2,1
Segment 1,21506,15.120000000000001,36,3,1
Segment 1,21507,175.67999999999998,480,9,2
Segment 1,21508,149.76,408,9,3
Segment 1,21509,342.0,948,13,3
Segment 1,21518,5.04,12,1,1
Segment 1,21519,55.44,132,9,1
Segment 1,21523,7108.4,1444,25,3
Segment 1,21524,1594.5,246,16,4
Segment 1,21527,31.8,4,2,1
Segment 1,21528,85.30000000000001,14,2,1
Segment 1,21530,28.44,36,2,1
Segment 1,21531,238.5,102,9,2
Segment 1,21533,103.95000000000002,21,4,1
Segment 1,21534,74.25,15,4,1
Segment 1,21535,122.39999999999999,48,8,1
Segment 1,21537,410.0,104,6,2
Segment 1,21539,103.95000000000002,21,7,2
Segment 1,21544,140.2,212,2,2
Segment 1,21556,30.599999999999998,12,2,1
Segment 1,21557,17.700000000000003,6,1,1
Segment 1,21558,630.0,300,4,1
Segment 1,21559,2064.45,979,16,2
Segment 1,21561,899.85,427,9,2
Segment 1,21563,400.8,240,3,1
Segment 1,21564,94.80000000000001,120,1,1
Segment 1,21576,27.0,12,2,1
Segment 1,21577,27.0,12,2,1
Segment 1,21578,229.5,102,3,1
Segment 1,21579,13.5,6,1,1
Segment 1,21584,33.0,20,1,1
Segment 1,21588,61.199999999999996,24,2,1
Segment 1,21592,30.0,24,1,1
Segment 1,21609,17.700000000000003,6,1,1
Segment 1,21615,15.0,12,1,1
Segment 1,21616,15.0,12,1,1
Segment 1,21617,22.5,6,1,1
Segment 1,21619,30.0,24,2,1
Segment 1,21620,15.0,12,1,1
Segment 1,21621,3471.58,434,3,2
Segment 1,21623,16592.08,2600,7,1
Segment 1,21627,59.8,4,1,1
Segment 1,21628,59.8,4,1,1
Segment 1,21630,95.4,12,1,1
Segment 1,21634,9.36,24,1,1
Segment 1,21635,22.5,6,1,1
Segment 1,21636,18.0,24,2,1
Segment 1,21640,69.12,96,1,1
Segment 1,21642,13.919999999999998,48,2,1
Segment 1,21643,15.0,12,1,1
Segment 1,21648,30.0,24,1,1
Segment 1,21650,9.120000000000001,48,2,1
Segment 1,21656,8.7,6,1,1
Segment 1,21658,128.76,36,4,1
Segment 1,21666,7.800000000000001,12,1,1
Segment 1,21668,516.0,432,13,3
Segment 1,21669,423.6,360,8,3
Segment 1,21670,342.48,264,7,3
Segment 1,21671,496.2,420,7,3
Segment 1,21672,704.52,612,14,3
Segment 1,21673,280.08,216,9,3
Segment 1,21675,10.2,12,1,1
Segment 1,21677,30.599999999999998,36,2,1
Segment 1,21679,30.599999999999998,36,2,1
Segment 1,21684,230.4,360,1,1
Segment 1,21688,17.700000000000003,6,1,1
Segment 1,21695,17.700000000000003,6,1,1
Segment 1,21696,35.400000000000006,12,1,1
Segment 1,21703,5.04,12,1,1
Segment 1,21704,71.39999999999999,84,7,1
Segment 1,21705,29.159999999999997,36,2,1
Segment 1,21706,39.6,8,2,1
Segment 1,21713,100.80000000000001,48,3,1
Segment 1,21714,45.0,36,1,1
Segment 1,21715,490.8,232,6,3
Segment 1,21716,268.8,128,3,2
Segment 1,21717,336.0,160,2,1
Segment 1,21718,75.0,60,2,1
Segment 1,21730,76.5,18,1,1
Segment 1,21731,4523.4,3108,17,3
Segment 1,21733,8313.960000000001,2600,18,2
Segment 1,21735,25.5,2,1,1
Segment 1,21739,17.700000000000003,6,1,1
Segment 1,21742,23.8,4,1,1
Segment 1,21743,17.700000000000003,6,1,1
Segment 1,21744,88.5,30,3,1
Segment 1,21749,25.200000000000003,12,2,1
Segment 1,21754,154.70000000000002,26,5,1
Segment 1,21755,227.10000000000002,35,4,2
Segment 1,21756,156.45,24,3,2
Segment 1,21769,527.7,10,1,1
Segment 1,21770,2510.85,587,15,4
Segment 1,21781,29.9,2,1,1
Segment 1,21786,10.08,24,1,1
Segment 1,21787,496.8,720,4,1
Segment 1,21788,93.60000000000001,144,1,1
Segment 1,21790,627.24,804,28,1
Segment 1,21791,546.6,492,13,3
Segment 1,21792,58.6,12,2,1
Segment 1,21794,81.0,12,1,1
Segment 1,21809,18.72,48,1,1
Segment 1,21810,168.48,432,2,2
Segment 1,21811,18.72,48,1,1
Segment 1,21815,34.8,24,1,1
Segment 1,21817,28.080000000000002,72,2,1
Segment 1,21818,14.040000000000001,36,1,1
Segment 1,21819,14.040000000000001,36,1,1
Segment 1,21820,22.5,6,1,1
Segment 1,21821,22.5,6,1,1
Segment 1,21822,9.48,12,1,1
Segment 1,21823,18.72,48,2,1
Segment 1,21824,28.08,72,3,1
Segment 1,21829,7.56,36,1,1
Segment 1,21832,59.39999999999999,36,3,1
Segment 1,21833,60.84,36,3,1
Segment 1,21843,1837.9499999999998,181,14,3
Segment 1,21845,113.76,144,3,1
Segment 1,21868,15.0,12,1,1
Segment 1,21870,15.0,12,1,1
Segment 1,21871,385.20000000000005,456,3,2
Segment 1,21872,405.6,480,5,2
Segment 1,21873,953.52,648,3,2
Segment 1,21874,1531.3199999999997,1188,3,3
Segment 1,21876,1825.8,1236,5,3
Segment 1,21877,1095.96,780,3,3
Segment 1,21878,61.2,72,2,2
Segment 1,21880,46.800000000000004,72,1,1
Segment 1,21888,1223.16,340,12,2
Segment 1,21889,265.0,212,7,1
Segment 1,21890,39.0,12,2,1
Segment 1,21891,652.4399999999999,492,8,2
Segment 1,21892,257.64,228,8,2
Segment 1,21894,30.0,24,1,1
Segment 1,21896,1387.8,582,3,2
Segment 1,21897,1250.82,402,2,1
Segment 1,21898,1402.3799999999999,438,2,1
Segment 1,21899,320.88000000000005,600,2,2
Segment 1,21900,320.88000000000005,600,2,2
Segment 1,21901,15.600000000000001,24,1,1
Segment 1,21902,320.88000000000005,600,2,2
Segment 1,21903,79.2,36,3,2
Segment 1,21905,28.44,36,2,2
Segment 1,21906,995.16,140,5,2
Segment 1,21907,100.80000000000001,48,4,1
Segment 1,21908,969.9599999999999,612,6,3
Segment 1,21912,330.0,88,18,1
Segment 1,21913,60.0,16,4,1
Segment 1,21914,905.7,834,13,2
Segment 1,21915,2028.3000000000002,1878,20,2
Segment 1,21917,164.57999999999998,433,3,2
Segment 1,21918,379.14,985,9,3
Segment 1,21922,87.45,11,3,1
Segment 1,21928,704.08,401,5,2
Segment 1,21929,1247.88,711,9,4
Segment 1,21930,724.88,411,6,1
Segment 1,21931,166.95,101,2,1
Segment 1,21932,376.0,220,8,2
Segment 1,21933,523.4,286,7,3
Segment 1,21934,161.5,110,2,2
Segment 1,21935,357.65,241,6,2
Segment 1,21936,1327.45,511,13,3
Segment 1,21937,441.5,170,5,2
Segment 1,21945,10.2,12,1,1
Segment 1,21947,127.2,120,1,1
Segment 1,21949,142.2,132,2,2
Segment 1,21955,3366.0,720,5,2
Segment 1,21967,6.959999999999999,24,1,1
Segment 1,21972,17.4,12,1,1
Segment 1,21974,285.84999999999997,217,7,2
Segment 1,21975,524.4,1152,19,2
Segment 1,21976,668.4,1584,10,3
Segment 1,21977,360.0,768,16,3
Segment 1,21980,55.919999999999995,168,6,1
Segment 1,21981,174.51,661,7,3
Segment 1,21982,27.839999999999996,96,3,1
Segment 1,21983,16.32,48,2,1
Segment 1,21984,121.92,480,3,2
Segment 1,21985,37.199999999999996,120,4,1
Segment 1,21986,47.63999999999999,156,6,2
Segment 1,21987,346.61,613,7,2
Segment 1,21988,379.69,589,6,2
Segment 1,21989,249.01000000000002,337,6,2
Segment 1,21990,120.0,96,3,2
Segment 1,21992,45.0,36,3,2
Segment 1,21993,135.0,108,5,2
Segment 1,22024,191.51999999999998,528,8,3
Segment 1,22025,175.68,480,8,3
Segment 1,22026,30.959999999999997,84,2,2
Segment 1,22027,247.67999999999998,672,12,3
Segment 1,22028,128.16,336,13,3
Segment 1,22029,787.68,2184,21,3
Segment 1,22030,35.28,84,7,1
Segment 1,22032,5.04,12,1,1
Segment 1,22035,56.879999999999995,156,3,3
Segment 1,22037,164.16,432,10,2
Segment 1,22038,10.5,25,1,1
Segment 1,22043,13.680000000000001,72,3,1
Segment 1,22044,9.120000000000001,48,2,1
Segment 1,22045,178.0,500,6,2
Segment 1,22046,68.0,200,1,1
Segment 1,22048,10.5,25,1,1
Segment 1,22049,30.5,100,3,1
Segment 1,22050,78.5,225,2,2
Segment 1,22051,10.5,25,1,1
Segment 1,22057,6.24,16,1,1
Segment 1,22059,9.36,24,1,1
Segment 1,22061,276.98,38,3,2
Segment 1,22064,19.799999999999997,12,1,1
Segment 1,22065,73.56,156,4,1
Segment 1,22066,18.72,48,1,1
Segment 1,22070,257.04,72,4,2
Segment 1,22071,22.5,6,1,1
Segment 1,22072,75.0,36,5,1
Segment 1,22075,19.799999999999997,12,1,1
Segment 1,22077,1029.6,672,12,3
Segment 1,22078,930.0,500,7,3
Segment 1,22079,223.5,150,4,2
Segment 1,22080,364.5,250,3,3
Segment 1,22081,33.0,20,2,1
Segment 1,22082,414.0,280,5,2
Segment 1,22083,376.8,144,5,2
Segment 1,22085,102.0,40,1,1
Segment 1,22086,1658.1000000000001,638,14,2
Segment 1,22087,70.80000000000001,24,3,2
Segment 1,22088,155.10000000000002,58,4,2
Segment 1,22089,119.7,46,2,1
Segment 1,22090,749.4,292,8,3
Segment 1,22092,14.040000000000001,36,1,1
Segment 1,22093,80.28,144,3,2
Segment 1,22094,70.2,180,2,2
Segment 1,22097,28.080000000000002,72,1,1
Segment 1,22099,15.0,12,1,1
Segment 1,22100,56.160000000000004,144,1,1
Segment 1,22101,12.600000000000001,6,1,1
Segment 1,22102,29.699999999999996,18,3,1
Segment 1,22107,10.0,8,1,1
Segment 1,22108,15.0,4,1,1
Segment 1,22109,518.1600000000001,152,2,2
Segment 1,22110,168.29999999999998,66,7,1
Segment 1,22111,2692.9500000000003,529,10,2
Segment 1,22112,430.65000000000003,87,16,1
Segment 1,22113,619.5,162,11,2
Segment 1,22114,2630.3999999999996,534,11,2
Segment 1,22117,3187.2,996,3,1
Segment 1,22119,130.2,36,4,1
Segment 1,22120,332.67,33,4,2
Segment 1,22121,83.25,15,2,1
Segment 1,22123,32.879999999999995,24,2,1
Segment 1,22127,15.0,12,1,1
Segment 1,22128,142.2,132,2,2
Segment 1,22129,182.99999999999997,252,2,2
Segment 1,22130,40.8,48,4,1
Segment 1,22131,1840.5,1110,13,3
Segment 1,22132,148.44,204,3,3
Segment 1,22133,69.12,96,1,1
Segment 1,22136,159.0,108,2,2
Segment 1,22137,17.700000000000003,6,1,1
Segment 1,22138,3330.6,684,29,4
Segment 1,22139,1433.8500000000001,327,20,2
Segment 1,22141,126.00000000000001,60,9,1
Segment 1,22142,317.4,252,4,2
Segment 1,22144,185.8,98,5,2
Segment 1,22147,438.45,341,10,3
Segment 1,22148,221.4,132,3,3
Segment 1,22149,371.6,196,8,2
Segment 1,22150,677.85,403,12,3
Segment 1,22151,195.84,528,4,2
Segment 1,22152,165.6,456,2,2
Segment 1,22158,1026.4,400,4,2
Segment 1,22161,59.28000000000001,312,4,1
Segment 1,22163,74.58000000000001,78,3,1
Segment 1,22167,69.65,7,2,1
Segment 1,22168,17.0,2,1,1
Segment 1,22169,795.8,134,9,2
Segment 1,22170,746.28,156,5,2
Segment 1,22171,4496.28,762,10,2
Segment 1,22173,70.80000000000001,24,3,1
Segment 1,22174,19.799999999999997,12,1,1
Segment 1,22175,682.8,264,6,2
Segment 1,22176,88.50000000000001,30,2,2
Segment 1,22178,351.9,234,12,2
Segment 1,22180,251.25,27,6,1
Segment 1,22181,20.4,24,2,1
Segment 1,22182,109.2,40,5,1
Segment 1,22185,39.599999999999994,24,1,1
Segment 1,22186,46.8,24,2,1
Segment 1,22187,46.8,24,2,1
Segment 1,22188,9848.52,4212,17,2
Segment 1,22189,14216.3,5978,28,2
Segment 1,22191,302.6,38,8,2
Segment 1,22192,652.8000000000001,84,12,3
Segment 1,22193,819.4000000000001,106,12,3
Segment 1,22194,17.0,2,1,1
Segment 1,22195,175.39999999999998,116,4,2
Segment 1,22196,261.0,356,5,3
Segment 1,22197,775.8,928,32,1
Segment 1,22198,39.599999999999994,24,2,1
Segment 1,22199,51.0,12,2,1
Segment 1,22200,17.0,4,1,1
Segment 1,22203,45.0,12,2,1
Segment 1,22204,15.0,4,1,1
Segment 1,22208,49.559999999999995,36,3,1
Segment 1,22209,29.759999999999998,24,2,1
Segment 1,22210,129.23999999999998,132,4,2
Segment 1,22211,39.72,36,3,1
Segment 1,22212,77.04,36,2,2
Segment 1,22214,15.299999999999999,6,1,1
Segment 1,22215,17.0,2,1,1
Segment 1,22219,232.44,312,3,3
Segment 1,22220,19.9,2,1,1
Segment 1,22221,39.8,4,2,1
Segment 1,22223,14.850000000000001,3,1,1
Segment 1,22228,58.67999999999999,108,6,1
Segment 1,22229,39.12,72,5,1
Segment 1,22230,27.839999999999996,96,2,1
Segment 1,22231,49.559999999999995,84,2,2
Segment 1,22232,28.32,48,2,1
Segment 1,22233,55.199999999999996,72,3,1
Segment 1,22236,551.0999999999999,50,3,2
Segment 1,22241,30.0,24,2,1
Segment 1,22242,417.59999999999997,288,2,1
Segment 1,22243,2923.2,2016,7,1
Segment 1,22244,1334.9999999999998,788,8,2
Segment 1,22245,378.48,504,4,1
Segment 1,22246,23.4,12,1,1
Segment 1,22249,13.6,16,1,1
Segment 1,22252,15.0,12,1,1
Segment 1,22254,218.52,204,2,2
Segment 1,22256,15.0,12,1,1
Segment 1,22258,40.32,96,1,1
Segment 1,22260,30.599999999999998,36,3,1
Segment 1,22261,20.4,24,2,1
Segment 1,22262,30.599999999999998,36,2,1
Segment 1,22266,133.76,704,2,1
Segment 1,22267,80.52000000000001,180,4,1
Segment 1,22268,56.88,216,5,1
Segment 1,22269,81.12,208,8,1
Segment 1,22270,15.0,4,1,1
Segment 1,22271,491.09999999999997,186,8,2
Segment 1,22272,122.39999999999999,48,1,1
Segment 1,22273,682.8,264,8,3
Segment 1,22274,684.3,258,8,2
Segment 1,22278,59.400000000000006,12,3,1
Segment 1,22279,15.0,12,1,1
Segment 1,22281,35.7,6,3,1
Segment 1,22282,304.35,25,7,1
Segment 1,22283,302.1,38,13,1
Segment 1,22284,59.39999999999999,36,3,1
Segment 1,22285,19.799999999999997,12,1,1
Segment 1,22286,65.52000000000001,168,3,1
Segment 1,22287,95.75999999999999,168,4,1
Segment 1,22288,30.0,24,1,1
Segment 1,22292,360.0,288,1,1
Segment 1,22294,640.5600000000001,600,3,2
Segment 1,22295,626.4,432,2,1
Segment 1,22296,333.0,228,2,2
Segment 1,22297,640.5600000000001,600,3,2
Segment 1,22299,30.0,24,1,1
Segment 1,22300,499.14000000000004,438,2,2
Segment 1,22301,499.14000000000004,438,2,2
Segment 1,22302,514.44,444,3,2
Segment 1,22303,741.24,552,5,3
Segment 1,22304,545.0400000000001,456,4,2
Segment 1,22305,45.9,18,2,1
Segment 1,22306,12.72,12,1,1
Segment 1,22307,42.72,36,2,1
Segment 1,22308,150.9,68,2,2
Segment 1,22309,15.299999999999999,6,1,1
Segment 1,22310,89.1,54,2,1
Segment 1,22311,88.50000000000001,30,4,1
Segment 1,22312,53.10000000000001,18,3,1
Segment 1,22315,31.25,25,2,1
Segment 1,22317,53.10000000000001,18,3,1
Segment 1,22318,35.400000000000006,12,2,1
Segment 1,22320,89.25,15,3,1
Segment 1,22325,44.550000000000004,9,2,1
Segment 1,22326,8952.9,3510,29,3
Segment 1,22327,507.29999999999995,198,4,3
Segment 1,22328,4074.6,1596,19,2
Segment 1,22329,735.5999999999999,504,9,2
Segment 1,22331,990.8999999999999,682,10,3
Segment 1,22332,348.0,240,3,2
Segment 1,22333,864.9,594,9,3
Segment 1,22334,221.99999999999997,152,3,2
Segment 1,22335,158.4,288,1,1
Segment 1,22336,192.24,408,3,2
Segment 1,22337,158.4,288,1,1
Segment 1,22338,88.56,408,5,1
Segment 1,22339,70.32000000000001,312,4,1
Segment 1,22340,37.44,96,4,1
Segment 1,22341,19.799999999999997,12,1,1
Segment 1,22342,36.0,48,1,1
Segment 1,22343,68.16,336,3,2
Segment 1,22344,60.599999999999994,252,3,1
Segment 1,22345,55.44,264,3,1
Segment 1,22346,45.36,216,1,1
Segment 1,22348,215.88,276,8,3
Segment 1,22349,3440.4,864,4,3
Segment 1,22350,2484.72,924,3,2
Segment 1,22352,1545.15,733,11,2
Segment 1,22354,305.1,90,2,2
Segment 1,22355,806.7,1102,14,2
Segment 1,22356,1042.0,1440,14,2
Segment 1,22360,262.5,102,2,2
Segment 1,22361,17.700000000000003,6,1,1
Segment 1,22362,17.700000000000003,6,1,1
Segment 1,22363,78.9,30,2,2
Segment 1,22364,78.9,30,2,2
Segment 1,22365,1887.5,330,6,3
Segment 1,22366,1055.2,210,4,2
Segment 1,22367,1264.2,756,18,2
Segment 1,22371,193.20000000000002,48,4,1
Segment 1,22372,34.0,8,2,1
Segment 1,22374,179.8,44,5,1
Segment 1,22375,111.80000000000001,28,2,1
Segment 1,22376,68.0,16,3,1
Segment 1,22378,426.0,435,5,2
Segment 1,22379,288.0,155,3,2
Segment 1,22380,113.5,60,3,1
Segment 1,22381,113.5,60,3,1
Segment 1,22382,2369.5,1630,16,3
Segment 1,22383,1354.5,930,11,2
Segment 1,22384,1470.0,1000,16,3
Segment 1,22385,1273.4,730,9,2
Segment 1,22386,1308.2,740,10,3
Segment 1,22390,9.36,24,2,1
Segment 1,22391,9.36,24,1,1
Segment 1,22393,56.16,144,4,2
Segment 1,22395,4.68,12,1,1
Segment 1,22396,105.47999999999999,252,2,2
Segment 1,22398,37.44,96,3,2
Segment 1,22399,587.4,552,6,2
Segment 1,22400,65.52,168,3,3
Segment 1,22402,117.0,300,3,2
Segment 1,22403,32.76,84,1,1
Segment 1,22405,39.36,48,4,1
Segment 1,22407,30.0,24,2,1
Segment 1,22409,30.0,24,2,1
Segment 1,22410,4.68,12,1,1
Segment 1,22411,581.5,330,5,2
Segment 1,22412,25.200000000000003,12,1,1
Segment 1,22413,1423.9800000000002,450,14,2
Segment 1,22414,458.0,100,1,1
Segment 1,22416,412.2,324,3,1
Segment 1,22417,811.2,1872,19,3
Segment 1,22418,662.88,912,6,2
Segment 1,22422,7.800000000000001,12,1,1
Segment 1,22423,9073.5,802,62,3
Segment 1,22424,979.49,103,10,2
Segment 1,22425,186.8,40,5,1
Segment 1,22426,139.4,44,5,1
Segment 1,22427,410.40000000000003,72,13,1
Segment 1,22428,41.7,6,1,1
Segment 1,22429,102.0,24,4,1
Segment 1,22430,235.0,52,7,1
Segment 1,22431,35.099999999999994,18,3,1
Segment 1,22432,181.79999999999998,108,4,2
Segment 1,22433,23.4,12,2,1
Segment 1,22434,31.2,16,2,1
Segment 1,22435,60.0,48,4,1
Segment 1,22436,13.0,20,1,1
Segment 1,22437,322.0,440,4,2
Segment 1,22438,39.0,20,2,1
Segment 1,22439,31.200000000000003,48,2,1
Segment 1,22440,25.200000000000003,60,3,1
Segment 1,22441,33.6,16,2,1
Segment 1,22442,23.4,12,1,1
Segment 1,22443,63.6,8,2,1
Segment 1,22445,160.75,61,3,1
Segment 1,22446,35.1,18,2,2
Segment 1,22447,20.1,6,1,1
Segment 1,22448,55.2,24,2,2
Segment 1,22449,40.2,12,1,1
Segment 1,22450,60.300000000000004,18,1,1
Segment 1,22452,70.80000000000001,24,3,2
Segment 1,22453,53.10000000000001,18,2,2
Segment 1,22456,118.80000000000001,24,5,1
Segment 1,22457,668.1,246,13,2
Segment 1,22458,1215.8799999999999,452,2,1
Segment 1,22459,812.28,316,2,1
Segment 1,22460,75.0,60,5,1
Segment 1,22464,68.88,48,4,1
Segment 1,22465,98.16,72,6,1
Segment 1,22466,736.1999999999999,444,5,3
Segment 1,22467,2366.7000000000003,1110,16,3
Segment 1,22469,10934.98,5833,26,3
Segment 1,22470,14038.640000000001,4558,18,3
Segment 1,22471,254.4,112,3,2
Segment 1,22472,410.15,121,10,2
Segment 1,22473,61.65,27,4,1
Segment 1,22474,326.55,97,8,2
Segment 1,22475,14.850000000000001,3,1,1
Segment 1,22477,1090.6,740,4,2
Segment 1,22478,1090.6,740,4,2
Segment 1,22479,1078.1,730,3,2
Segment 1,22480,203.52,192,2,1
Segment 1,22481,15.0,12,1,1
Segment 1,22482,203.52,192,2,1
Segment 1,22483,386.4,144,9,2
Segment 1,22485,76.5,6,2,1
Segment 1,22487,423.75,49,11,2
Segment 1,22488,218.39999999999998,144,5,2
Segment 1,22489,403.2,1104,10,2
Segment 1,22491,258.36,348,4,2
Segment 1,22492,2721.6,4896,15,3
Segment 1,22493,79.19999999999999,48,3,1
Segment 1,22494,15.0,12,1,1
Segment 1,22497,17.0,4,1,1
Segment 1,22500,19.8,4,1,1
Segment 1,22501,348.0,42,7,2
Segment 1,22505,1793.4,420,15,3
Segment 1,22507,7234.639999999999,1720,18,4
Segment 1,22508,3065.52,752,3,2
Segment 1,22509,195.35,33,5,2
Segment 1,22514,91.80000000000001,48,3,2
Segment 1,22515,79.20000000000002,42,2,2
Segment 1,22516,91.80000000000001,48,3,2
Segment 1,22517,79.20000000000002,42,2,2
Segment 1,22518,66.60000000000001,36,1,1
Segment 1,22519,66.60000000000001,36,1,1
Segment 1,22520,20.4,24,2,1
Segment 1,22522,158.64000000000001,216,3,2
Segment 1,22523,91.8,108,2,2
Segment 1,22524,133.5,122,3,2
Segment 1,22525,106.0,100,1,1
Segment 1,22526,89.25,7,2,1
Segment 1,22530,138.24,384,2,1
Segment 1,22531,20.16,48,2,1
Segment 1,22534,148.32000000000002,408,3,2
Segment 1,22536,10.08,24,1,1
Segment 1,22539,383.03999999999996,1128,6,3
Segment 1,22540,123.83999999999999,408,3,3
Segment 1,22541,106.55999999999999,288,3,2
Segment 1,22543,172.79999999999998,480,2,2
Segment 1,22544,459.35999999999996,1344,6,2
Segment 1,22545,183.29999999999998,505,4,3
Segment 1,22546,193.38,529,5,3
Segment 1,22548,15.0,12,1,1
Segment 1,22549,554.4,432,10,3
Segment 1,22550,240.0,64,14,1
Segment 1,22551,2823.6,1944,16,3
Segment 1,22553,874.8,600,8,2
Segment 1,22554,2505.0,1716,17,3
Segment 1,22555,1332.0,912,11,3
Segment 1,22556,1651.05,1117,22,3
Segment 1,22557,1630.1999999999998,1116,15,3
Segment 1,22558,1390.56,1008,23,2
Segment 1,22559,30.0,24,2,1
Segment 1,22560,700.5600000000001,648,8,2
Segment 1,22561,865.6499999999999,577,16,2
Segment 1,22562,76.32000000000001,72,1,1
Segment 1,22563,182.64000000000001,168,3,2
Segment 1,22567,251.04999999999998,193,7,2
Segment 1,22568,334.08,96,6,2
Segment 1,22569,327.72,92,8,2
Segment 1,22570,436.2,124,9,2
Segment 1,22571,160.92,204,7,2
Segment 1,22572,51.0,60,3,1
Segment 1,22573,102.0,120,4,1
Segment 1,22574,81.6,96,5,1
Segment 1,22576,91.8,108,6,1
Segment 1,22577,130.79999999999998,312,12,1
Segment 1,22578,211.31999999999996,636,15,1
Segment 1,22579,79.79999999999998,252,9,1
Segment 1,22580,160.65,27,7,1
Segment 1,22581,20.4,24,2,1
Segment 1,22585,335.28000000000003,312,4,2
Segment 1,22587,10.2,12,1,1
Segment 1,22589,17.34,6,1,1
Segment 1,22591,19.5,6,1,1
Segment 1,22592,192.72,56,3,2
Segment 1,22593,185.28,240,6,2
Segment 1,22594,164.88,216,5,2
Segment 1,22595,1470.24,2016,11,2
Segment 1,22596,34.68,36,3,1
Segment 1,22601,164.88,216,7,2
Segment 1,22603,113.88,156,2,2
Segment 1,22604,51.0,20,1,1
Segment 1,22605,597.9499999999999,45,10,1
Segment 1,22606,51.0,4,1,1
Segment 1,22607,159.2,16,6,1
Segment 1,22608,20.52,108,3,1
Segment 1,22609,13.68,72,2,1
Segment 1,22610,13.68,72,2,1
Segment 1,22613,470.18,674,7,2
Segment 1,22614,14.309999999999999,49,3,2
Segment 1,22615,108.0,432,1,1
Segment 1,22617,892.2,204,12,2
Segment 1,22619,1431.0,420,8,2
Segment 1,22620,1042.8,856,18,2
Segment 1,22621,267.45,181,6,3
Segment 1,22622,489.69999999999993,46,10,2
Segment 1,22623,612.1500000000001,117,12,1
Segment 1,22624,1035.3000000000002,129,27,2
Segment 1,22625,989.4000000000001,126,20,2
Segment 1,22626,535.5,69,8,2
Segment 1,22627,498.1,61,17,2
Segment 1,22628,719.6,168,3,2
Segment 1,22629,9093.0,5500,35,3
Segment 1,22630,8541.6,5168,29,3
Segment 1,22631,2266.35,1369,16,3
Segment 1,22632,25.200000000000003,12,1,1
Segment 1,22634,583.8,68,5,3
Segment 1,22635,635.2,72,9,3
Segment 1,22636,445.40000000000003,58,4,3
Segment 1,22637,2083.2000000000003,840,11,3
Segment 1,22638,15.299999999999999,6,1,1
Segment 1,22642,15.299999999999999,6,1,1
Segment 1,22644,107.4,84,2,2
Segment 1,22646,90.0,72,1,1
Segment 1,22647,14.040000000000001,36,1,1
Segment 1,22650,124.8,96,4,2
Segment 1,22651,217.55999999999997,300,2,2
Segment 1,22652,636.5,410,12,3
Segment 1,22653,622.5,350,5,2
Segment 1,22654,1204.2,236,10,3
Segment 1,22659,703.8,420,7,2
Segment 1,22660,458.0,100,1,1
Segment 1,22661,792.0,1100,8,1
Segment 1,22662,1644.5,1130,11,3
Segment 1,22663,694.8,410,4,1
Segment 1,22665,17.700000000000003,6,1,1
Segment 1,22666,4424.24,1564,30,5
Segment 1,22667,848.6999999999999,330,13,3
Segment 1,22668,201.25,75,6,2
Segment 1,22669,44.25,15,3,1
Segment 1,22670,60.0,48,4,1
Segment 1,22671,19.799999999999997,12,1,1
Segment 1,22672,19.799999999999997,12,1,1
Segment 1,22675,15.0,12,1,1
Segment 1,22687,2351.7999999999997,498,5,3
Segment 1,22688,2856.1,622,3,2
Segment 1,22689,1557.6,290,8,3
Segment 1,22690,4018.8,854,9,3
Segment 1,22691,549.6,120,2,1
Segment 1,22692,1656.6,340,7,3
Segment 1,22693,240.0,192,7,1
Segment 1,22694,75.60000000000001,36,4,1
Segment 1,22696,58.5,30,3,1
Segment 1,22697,1572.15,585,34,3
Segment 1,22698,1509.45,567,32,3
Segment 1,22699,2010.15,753,41,3
Segment 1,22700,1928.88,630,3,2
Segment 1,22701,138.96,78,2,2
Segment 1,22702,2203.2,918,3,1
Segment 1,22703,72.0,30,1,1
Segment 1,22704,220.0,600,6,3
Segment 1,22705,31.5,75,3,2
Segment 1,22706,68.0,200,1,1
Segment 1,22708,68.0,200,1,1
Segment 1,22709,89.0,250,3,3
Segment 1,22710,78.5,225,2,2
Segment 1,22712,601.1999999999999,1668,13,3
Segment 1,22714,321.12,888,11,3
Segment 1,22715,92.88,252,5,3
Segment 1,22716,160.26,433,11,3
Segment 1,22718,5.04,12,1,1
Segment 1,22720,8010.19,1713,35,5
Segment 1,22721,76.5,30,3,1
Segment 1,22722,7573.3,1946,11,3
Segment 1,22723,46.6,20,3,1
Segment 1,22725,218.25,63,5,3
Segment 1,22726,263.25,75,6,3
Segment 1,22727,338.25,95,9,3
Segment 1,22728,2031.61,509,13,4
Segment 1,22729,90.0,24,4,1
Segment 1,22730,2160.69,537,8,4
Segment 1,22731,136.98000000000002,126,2,2
Segment 1,22732,22.5,18,1,1
Segment 1,22733,22.5,18,1,1
Segment 1,22734,300.66,114,7,2
Segment 1,22735,207.0,140,3,2
Segment 1,22736,207.0,140,3,2
Segment 1,22737,99.0,60,5,1
Segment 1,22738,223.5,150,4,2
Segment 1,22739,289.5,190,7,2
Segment 1,22740,81.6,96,2,1
Segment 1,22741,40.8,48,1,1
Segment 1,22742,27.180000000000003,18,2,1
Segment 1,22743,167.28,72,4,2
Segment 1,22744,167.28,72,4,1
Segment 1,22745,174.0,90,6,2
Segment 1,22746,50.400000000000006,24,4,1
Segment 1,22747,37.800000000000004,18,3,1
Segment 1,22748,75.60000000000001,36,6,1
Segment 1,22749,1244.04,364,11,3
Segment 1,22750,1081.3200000000002,316,10,3
Segment 1,22751,1657.2,488,7,3
Segment 1,22752,251.60000000000002,32,3,2
Segment 1,22753,25.439999999999998,48,3,1
Segment 1,22754,97.32,252,4,2
Segment 1,22755,107.52,264,5,2
Segment 1,22756,15.0,12,1,1
Segment 1,22757,162.48000000000002,240,4,2
Segment 1,22758,83.02000000000001,182,5,2
Segment 1,22759,775.1999999999999,528,9,2
Segment 1,22760,12.75,1,1,1
Segment 1,22762,44.849999999999994,3,3,1
Segment 1,22763,39.8,4,2,1
Segment 1,22765,227.47000000000003,23,1,1
Segment 1,22766,1803.2,576,18,2
Segment 1,22767,1246.28,172,12,2
Segment 1,22768,1087.08,156,7,2
Segment 1,22769,87.8,4,1,1
Segment 1,22770,14.95,1,1,1
Segment 1,22771,161.82,126,9,3
Segment 1,22772,131.82,102,6,3
Segment 1,22773,101.82,78,5,3
Segment 1,22774,71.82,54,4,2
Segment 1,22775,95.76,72,6,3
Segment 1,22776,221.4,24,8,2
Segment 1,22779,360.0,96,2,1
Segment 1,22780,394.0,104,4,2
Segment 1,22781,15.3,2,1,1
Segment 1,22782,49.9,2,1,1
Segment 1,22783,4775.52,354,3,1
Segment 1,22784,29.700000000000003,6,2,1
Segment 1,22788,596.2,87,2,2
Segment 1,22791,120.0,96,5,1
Segment 1,22792,20.4,24,2,1
Segment 1,22794,47.7,6,3,1
Segment 1,22795,528.6,84,11,2
Segment 1,22796,298.5,30,11,1
Segment 1,22797,101.69999999999999,6,6,1
Segment 1,22798,70.80000000000001,24,3,1
Segment 1,22799,35.400000000000006,12,1,1
Segment 1,22800,15.0,4,1,1
Segment 1,22801,30.0,8,2,1
Segment 1,22803,39.95,1,1,1
Segment 1,22804,194.70000000000002,66,6,1
Segment 1,22805,15.0,12,1,1
Segment 1,22806,17.700000000000003,6,1,1
Segment 1,22807,127.2,48,3,2
Segment 1,22808,35.400000000000006,12,2,1
Segment 1,22809,35.400000000000006,12,2,1
Segment 1,22810,17.700000000000003,6,1,1
Segment 1,22811,17.700000000000003,6,1,1
Segment 1,22812,158.39999999999998,96,1,1
Segment 1,22813,158.39999999999998,96,1,1
Segment 1,22814,155.51999999999998,432,4,1
Segment 1,22815,15.120000000000001,36,2,1
Segment 1,22816,15.120000000000001,36,2,1
Segment 1,22817,25.919999999999998,72,1,1
Segment 1,22818,41.04,108,3,2
Segment 1,22819,77.75999999999999,216,2,1
Segment 1,22820,23.400000000000002,36,3,1
Segment 1,22821,62.400000000000006,96,5,1
Segment 1,22822,71.4,12,3,1
Segment 1,22823,220.0,2,1,1
Segment 1,22824,35.95,1,1,1
Segment 1,22826,170.0,2,2,1
Segment 1,22827,165.0,1,1,1
Segment 1,22829,39.8,4,2,1
Segment 1,22830,2509.4400000000005,126,2,1
Segment 1,22831,17.700000000000003,6,1,1
Segment 1,22832,180.7,18,2,2
Segment 1,22833,2353.68,72,1,1
Segment 1,22834,40.8,48,1,1
Segment 1,22835,406.8,88,14,2
Segment 1,22837,37.2,8,1,1
Segment 1,22838,1221.45,95,6,3
Segment 1,22839,896.9000000000001,78,6,3
Segment 1,22840,680.4,104,12,3
Segment 1,22841,648.6,100,9,3
Segment 1,22842,674.4,112,9,3
Segment 1,22843,620.64,112,8,3
Segment 1,22844,390.15999999999997,52,4,3
Segment 1,22845,392.15999999999997,80,3,3
Segment 1,22846,2083.91,153,21,4
Segment 1,22847,1819.76,136,16,3
Segment 1,22848,1339.6,96,10,4
Segment 1,22849,798.76,60,7,4
Segment 1,22851,81.6,96,6,1
Segment 1,22852,107.92,24,3,2
Segment 1,22853,74.7,22,2,2
Segment 1,22856,335.28000000000003,312,3,2
Segment 1,22857,113.88,156,2,2
Segment 1,22858,245.7,162,3,3
Segment 1,22859,402.29999999999995,270,4,3
Segment 1,22860,89.1,54,2,2
Segment 1,22863,41.300000000000004,14,2,1
Segment 1,22865,405.6,216,4,2
Segment 1,22866,202.8,108,2,2
Segment 1,22867,380.40000000000003,204,3,2
Segment 1,22879,34.72,16,1,1
Segment 1,22880,34.72,16,1,1
Segment 1,22881,34.72,16,1,1
Segment 1,22882,34.72,16,1,1
Segment 1,22883,34.72,16,1,1
Segment 1,22884,34.72,16,1,1
Segment 1,22885,34.72,16,1,1
Segment 1,22886,34.72,16,1,1
Segment 1,22887,34.72,16,1,1
Segment 1,22888,34.72,16,1,1
Segment 1,22889,52.08,24,1,1
Segment 1,22890,223.9,26,2,2
Segment 1,22891,128.25,33,4,1
Segment 1,22892,167.64000000000001,156,3,3
Segment 1,22894,83.75,9,3,2
Segment 1,22895,1094.9,402,6,2
Segment 1,22896,91.8,36,3,2
Segment 1,22897,183.0,140,5,2
Segment 1,22898,800.52,468,10,3
Segment 1,22899,975.4,524,12,2
Segment 1,22900,275.0,100,1,1
Segment 1,22902,2.1,1,1,1
Segment 1,22904,567.3,214,5,2
Segment 1,22905,254.0,120,2,1
Segment 1,22906,39.599999999999994,24,2,1
Segment 1,22907,729.97,1009,18,3
Segment 1,22908,767.88,1092,13,3
Segment 1,22909,1051.56,1428,18,2
Segment 1,22910,1653.8999999999999,642,8,2
Segment 1,22911,102.0,40,1,1
Segment 1,22912,257.49,75,2,2
Segment 1,22913,395.64,108,2,2
Segment 1,22914,425.34000000000003,114,4,3
Segment 1,22915,10.08,24,2,1
Segment 1,22916,112.8,192,3,3
Segment 1,22917,128.4,216,5,3
Segment 1,22918,120.6,204,4,3
Segment 1,22919,112.8,192,3,3
Segment 1,22920,120.6,204,4,3
Segment 1,22921,112.8,192,3,3
Segment 1,22922,20.4,24,2,1
Segment 1,22923,20.4,24,2,1
Segment 1,22925,190.10000000000002,38,2,2
Segment 1,22927,23.8,4,2,1
Segment 1,22928,190.10000000000002,38,2,2
Segment 1,22929,231.8,4,1,1
Segment 1,22930,249.60000000000002,96,3,1
Segment 1,22931,232.20000000000002,108,3,2
Segment 1,22932,45.9,18,3,1
Segment 1,22933,35.400000000000006,12,2,2
Segment 1,22934,140.1,54,2,2
Segment 1,22935,198.0,72,1,1
Segment 1,22936,19.5,6,1,1
Segment 1,22937,219.29999999999998,86,5,2
Segment 1,22938,46.8,24,1,1
Segment 1,22939,193.05,39,5,2
Segment 1,22940,1508.0,400,6,3
Segment 1,22941,170.0,20,3,1
Segment 1,22942,154.4,26,4,1
Segment 1,22943,176.25,39,4,1
Segment 1,22944,254.64000000000001,600,7,2
Segment 1,22945,351.84,480,5,2
Segment 1,22946,1172.7,90,6,3
Segment 1,22947,417.6,48,8,2
Segment 1,22948,163.2,192,3,2
Segment 1,22950,1707.0,1356,8,2
Segment 1,22951,622.8,1416,15,2
Segment 1,22952,750.0,1704,16,3
Segment 1,22955,202.8,108,3,2
Segment 1,22956,1659.6000000000001,876,8,2
Segment 1,22957,359.1,138,5,2
Segment 1,22959,99.5,275,4,2
Segment 1,22960,5339.23,1341,39,5
Segment 1,22961,1264.85,965,27,3
Segment 1,22962,396.6,540,7,3
Segment 1,22963,258.35999999999996,348,7,3
Segment 1,22964,1078.2000000000003,582,5,2
Segment 1,22965,367.20000000000005,192,8,1
Segment 1,22966,1230.8400000000001,1116,20,2
Segment 1,22967,297.9,114,5,2
Segment 1,22968,1391.5,162,8,3
Segment 1,22969,5411.4,3528,17,3
Segment 1,22970,151.20000000000002,72,1,1
Segment 1,22972,248.39999999999998,168,5,2
Segment 1,22973,280.04999999999995,193,4,2
Segment 1,22974,457.19999999999993,312,5,2
Segment 1,22975,15.0,12,1,1
Segment 1,22976,15.0,12,1,1
Segment 1,22977,30.0,24,2,1
Segment 1,22978,5561.16,1428,17,3
Segment 1,22979,2509.74,1644,17,4
Segment 1,22980,625.8,420,10,2
Segment 1,22981,214.8,168,3,2
Segment 1,22982,60.0,48,3,1
Segment 1,22983,15.120000000000001,36,3,1
Segment 1,22984,196.55999999999997,540,10,2
Segment 1,22985,31.5,75,3,1
Segment 1,22986,31.5,75,3,2
Segment 1,22989,2282.77,745,13,4
Segment 1,22990,504.2,116,6,2
Segment 1,22991,876.5999999999999,516,10,3
Segment 1,22992,1542.6,924,11,3
Segment 1,22993,1680.01,1365,28,4
Segment 1,22994,10.08,24,1,1
Segment 1,22999,20.16,48,2,1
Segment 1,23000,10.08,24,1,1
Segment 1,23004,10.08,24,1,1
Segment 1,23006,10.08,24,1,1
Segment 1,23007,639.8999999999999,42,6,2
Segment 1,23008,819.3,54,7,2
Segment 1,23009,179.39999999999998,12,1,1
Segment 1,23010,499.3499999999999,33,6,2
Segment 1,23012,238.60000000000002,68,5,3
Segment 1,23013,238.60000000000002,68,6,3
Segment 1,23014,165.60000000000002,48,3,2
Segment 1,23015,16.5,2,1,1
Segment 1,23017,133.8,12,1,1
Segment 1,23018,133.8,12,1,1
Segment 1,23019,89.4,12,1,1
Segment 1,23020,178.4,16,2,1
Segment 1,23021,16.6,4,1,1
Segment 1,23022,49.92,24,1,1
Segment 1,23023,19.799999999999997,12,1,1
Segment 1,23025,12.48,6,1,1
Segment 1,23026,24.96,12,2,1
Segment 1,23028,159.0,108,3,2
Segment 1,23029,198.6,132,6,2
Segment 1,23031,228.29999999999998,150,8,2
Segment 1,23032,198.59999999999997,132,5,2
Segment 1,23033,146.1,114,3,2
Segment 1,23034,120.0,96,1,1
Segment 1,23035,276.6,204,6,2
Segment 1,23040,17.25,3,1,1
Segment 1,23046,13.3,2,1,1
Segment 1,23048,33.2,8,2,1
Segment 1,23049,82.5,10,5,2
Segment 1,23050,33.0,4,2,1
Segment 1,23052,49.5,6,3,1
Segment 1,23054,33.0,4,2,1
Segment 1,23056,18.75,3,1,1
Segment 1,23057,79.2,16,1,1
Segment 1,23058,18.96,24,2,1
Segment 1,23060,24.96,12,1,1
Segment 1,23061,30.0,24,2,1
Segment 1,23064,266.9,6,2,2
Segment 1,23065,25.0,2,1,1
Segment 1,23066,49.5,6,2,1
Segment 1,23067,24.900000000000002,6,1,1
Segment 1,23068,19.92,8,1,1
Segment 1,23069,12.5,2,1,1
Segment 1,23070,16.6,4,1,1
Segment 1,23071,305.1,27,2,2
Segment 1,23072,37.5,3,1,1
Segment 1,23073,112.5,9,5,1
Segment 1,23074,12.48,6,1,1
Segment 1,23076,619.2,576,6,2
Segment 1,23077,1090.0,1040,5,3
Segment 1,23078,339.6,312,4,2
Segment 1,23079,53.699999999999996,6,2,1
Segment 1,23080,393.0,52,5,2
Segment 1,23081,529.5,70,6,2
Segment 1,23082,789.1800000000001,234,5,2
Segment 1,23083,969.6000000000001,288,8,2
Segment 1,23084,12417.76,6385,17,3
Segment 1,23085,62.400000000000006,6,2,1
Segment 1,23086,169.76,160,2,2
Segment 1,23087,149.76,144,1,1
Segment 1,23088,20.0,16,1,1
Segment 1,23090,29.879999999999995,36,2,1
Segment 1,23092,822.1600000000001,148,4,2
Segment 1,23093,302.24,176,4,2
Segment 1,23094,25.0,2,1,1
Segment 1,23099,53.2,8,4,1
Segment 1,23100,164.76,156,3,2
Segment 1,23101,153.48,204,6,2
Segment 1,23102,103.67999999999999,144,2,1
Segment 1,23103,39.599999999999994,24,1,1
Segment 1,23104,37.5,3,2,1
Segment 1,23107,6.32,8,1,1
Segment 1,23108,3630.16,584,15,4
Segment 1,23109,173.4,60,5,1
Segment 1,23110,613.2,120,12,2
Segment 1,23111,200.0,16,10,1
Segment 1,23112,279.6,40,6,2
Segment 1,23113,4967.3099999999995,985,5,4
Segment 1,23114,193.95000000000002,45,2,2
Segment 1,23115,4.95,1,1,1
Segment 1,23118,469.20000000000005,68,12,2
Segment 1,23119,160.08,300,3,3
Segment 1,23120,103.67999999999999,288,1,1
Segment 1,23121,227.51999999999998,624,4,3
Segment 1,23122,217.32,300,3,3
Segment 1,23123,113.63999999999999,156,2,2
Segment 1,23126,411.2,96,6,2
Segment 1,23127,19.8,4,1,1
Segment 1,23128,185.8,44,2,2
Segment 1,23129,409.8,108,3,2
Segment 1,23130,426.4,112,5,2
Segment 1,23131,229.8,60,4,2
Segment 1,23132,1613.31,379,6,2
Segment 1,23133,2184.46,378,11,2
Segment 1,23134,5738.88,976,6,1
Segment 1,23135,4681.2,1410,9,1
Segment 1,23136,15.0,4,1,1
Segment 1,23137,10.0,8,1,1
Segment 1,23138,17.4,12,1,1
Segment 1,23142,31.200000000000003,3,2,1
Segment 1,23144,370.79999999999995,504,7,2
Segment 1,23145,110.03999999999999,132,4,2
Segment 1,23146,112.13,37,5,2
Segment 1,23147,71.05,49,5,2
Segment 1,23148,31.54,38,4,2
Segment 1,23149,14.940000000000001,6,1,1
Segment 1,23150,14.940000000000001,6,1,1
Segment 1,23152,60.0,16,2,1
Segment 1,23153,15.0,4,1,1
Segment 1,23154,693.04,373,5,3
Segment 1,23155,188.04,252,7,2
Segment 1,23156,468.96000000000004,252,3,2
Segment 1,23157,1481.76,792,8,3
Segment 1,23158,715.9200000000001,384,4,2
Segment 1,23159,496.0,265,5,3
Segment 1,23160,30.0,24,1,1
Segment 1,23161,154.8,144,2,1
Segment 1,23162,510.84000000000003,148,9,2
Segment 1,23163,747.96,332,12,2
Segment 1,23164,338.40000000000003,80,4,2
Segment 1,23165,572.8499999999999,385,9,3
Segment 1,23166,460.61,433,10,3
Segment 1,23167,222.95,301,7,3
Segment 1,23168,202.44,168,10,2
Segment 1,23169,224.10000000000002,54,7,2
Segment 1,23170,1429.8,948,28,3
Segment 1,23171,883.1999999999999,576,21,3
Segment 1,23172,843.5999999999999,552,20,3
Segment 1,23173,2861.2000000000003,344,21,3
Segment 1,23174,1601.3500000000001,409,25,3
Segment 1,23175,1183.0,412,23,3
Segment 1,23176,1054.8,536,8,3
Segment 1,23177,738.0,376,4,2
Segment 1,23178,196.62000000000003,78,2,2
Segment 1,23179,286.26000000000005,114,3,2
Segment 1,23180,19.8,4,1,1
Segment 1,23183,45.0,12,2,1
Segment 1,23184,208.8,48,2,2
Segment 1,23186,83.51999999999998,288,5,1
Segment 1,23187,50.459999999999994,174,4,2
Segment 1,23188,39.599999999999994,24,2,1
Segment 1,23189,701.6400000000001,276,9,3
Segment 1,23190,349.65,241,4,2
Segment 1,23191,59.39999999999999,36,3,1
Segment 1,23192,816.4499999999999,553,13,3
Segment 1,23193,738.0,376,4,2
Segment 1,23194,784.8,368,3,2
Segment 1,23196,69.6,48,4,1
Segment 1,23197,69.6,48,4,1
Segment 1,23198,278.05,205,12,2
Segment 1,23199,1421.48,781,12,3
Segment 1,23200,738.88,411,6,3
Segment 1,23201,1458.06,792,21,3
Segment 1,23202,656.1,330,16,2
Segment 1,23203,1967.36,1092,15,3
Segment 1,23204,1008.85,1401,9,2
Segment 1,23205,809.85,1121,10,2
Segment 1,23206,1647.8,1132,13,3
Segment 1,23207,1423.8,972,16,3
Segment 1,23208,260.5,170,6,2
Segment 1,23209,1957.8,1332,23,3
Segment 1,23210,239.76,216,4,1
Segment 1,23211,90.0,72,3,1
Segment 1,23212,164.76,156,2,1
Segment 1,23213,15.0,12,1,1
Segment 1,23214,24.96,12,1,1
Segment 1,23218,15.0,12,1,1
Segment 1,23220,39.839999999999996,48,4,1
Segment 1,23221,9.959999999999999,12,1,1
Segment 1,23222,9.959999999999999,12,1,1
Segment 1,23224,19.919999999999998,24,2,1
Segment 1,23225,123.6,168,3,1
Segment 1,23226,60.0,48,2,1
Segment 1,23227,30.0,24,1,1
Segment 1,23229,1115.07,325,11,3
Segment 1,23230,267.0,750,6,2
Segment 1,23231,157.0,450,3,2
Segment 1,23232,209.92000000000002,576,6,2
Segment 1,23233,110.0,300,2,1
Segment 1,23234,572.52,228,3,2
Segment 1,23235,259.27000000000004,103,3,2
Segment 1,23236,774.9200000000001,308,7,3
Segment 1,23237,569.05,151,4,2
Segment 1,23238,904.15,241,5,2
Segment 1,23239,360.0,96,1,1
Segment 1,23240,3602.6,956,18,3
Segment 1,23241,638.2400000000001,344,6,3
Segment 1,23242,446.08000000000004,241,3,1
Segment 1,23243,12862.63,2695,25,5
Segment 1,23244,262.95,157,5,2
Segment 1,23245,3505.7000000000003,822,39,3
Segment 1,23247,745.62,258,5,2
Segment 1,23249,59.39999999999999,36,3,1
Segment 1,23250,90.0,72,4,1
Segment 1,23251,105.0,84,5,1
Segment 1,23252,120.0,32,4,1
Segment 1,23253,727.6,56,4,3
Segment 1,23254,1931.5,514,8,3
Segment 1,23255,1088.3,290,6,2
Segment 1,23256,1898.3,506,9,2
Segment 1,23263,159.84,144,4,1
Segment 1,23264,90.0,72,6,1
Segment 1,23265,60.0,48,4,1
Segment 1,23266,90.0,72,6,1
Segment 1,23267,60.0,48,4,1
Segment 1,23268,754.8,600,4,2
Segment 1,23269,34.8,24,2,1
Segment 1,23270,377.4,300,3,2
Segment 1,23271,26.56,32,2,1
Segment 1,23272,19.799999999999997,12,1,1
Segment 1,23273,59.39999999999999,36,3,1
Segment 1,23274,59.39999999999999,36,3,1
Segment 1,23275,444.36,420,5,2
Segment 1,23280,562.9200000000001,780,7,2
Segment 1,23281,503.76,696,7,2
Segment 1,23282,29.879999999999995,36,3,1
Segment 1,23283,1366.8,268,9,4
Segment 1,23284,5672.5,1222,6,3
Segment 1,23285,3232.85,3265,8,4
Segment 1,23286,3053.8900000000003,3093,8,4
Segment 1,23287,152.69,209,4,3
Segment 1,23288,3232.85,3265,8,4
Segment 1,23289,514.85,481,7,2
Segment 1,23290,857.2500000000001,801,9,2
Segment 1,23291,576.5,538,10,3
Segment 1,23292,808.1000000000001,754,11,3
Segment 1,23293,878.41,1211,12,3
Segment 1,23294,542.97,739,9,3
Segment 1,23295,674.17,931,9,3
Segment 1,23296,626.23,587,10,3
Segment 1,23297,1128.15,771,8,3
Segment 1,23298,2339.9500000000003,545,21,4
Segment 1,23299,429.0,124,6,3
Segment 1,23300,183.95999999999998,132,4,3
Segment 1,23301,203.76,144,6,3
Segment 1,23302,202.92,156,6,2
Segment 1,23306,519.5,398,13,3
Segment 1,23307,525.5,1154,19,3
Segment 1,23308,232.8,480,11,2
Segment 1,23309,202.14999999999998,481,5,2
Segment 1,23310,300.23999999999995,792,7,2
Segment 1,23311,168.29999999999998,66,7,1
Segment 1,23312,408.2,108,3,2
Segment 1,23313,257.0,60,3,1
Segment 1,23314,1339.0,124,9,2
Segment 1,23315,431.00000000000006,52,4,1
Segment 1,23316,137.60000000000002,16,2,2
Segment 1,23317,39.8,4,1,1
Segment 1,23318,773.5799999999999,366,5,1
Segment 1,23319,59.760000000000005,24,4,1
Segment 1,23320,422.28000000000003,180,10,1
Segment 1,23321,287.40000000000003,252,4,2
Segment 1,23322,632.13,297,5,2
Segment 1,23323,25.200000000000003,12,2,1
Segment 1,23326,377.28000000000003,672,5,3
Segment 1,23327,30.240000000000002,48,1,1
Segment 1,23328,1133.82,330,9,3
Segment 1,23329,39.599999999999994,24,2,1
Segment 1,23330,45.0,36,3,1
Segment 1,23332,79.19999999999999,48,4,1
Segment 1,23333,45.0,36,3,1
Segment 1,23335,12.48,6,1,1
Segment 1,23336,12.48,6,1,1
Segment 1,23337,12.48,6,1,1
Segment 1,23338,12.48,6,1,1
Segment 1,23339,12.48,6,1,1
Segment 1,23340,387.6,264,2,2
Segment 1,23341,142.8,18,4,2
Segment 1,23342,176.8,22,5,2
Segment 1,23343,380.88,211,3,3
Segment 1,23344,914.48,501,9,2
Segment 1,23345,1543.25,1425,8,3
Segment 1,23346,1528.25,1413,7,3
Segment 1,23347,337.25,297,3,2
Segment 1,23348,37.44,18,3,1
Segment 1,23349,135.0,108,5,2
Segment 1,23350,15.0,12,1,1
Segment 1,23351,45.0,36,3,1
Segment 1,23352,15.0,12,1,1
Segment 1,23353,195.35999999999999,264,5,2
Segment 1,23354,39.839999999999996,48,4,1
Segment 1,23355,159.0,36,4,1
Segment 1,23356,297.3,54,5,1
Segment 1,23358,112.5,54,5,1
Segment 1,23359,25.349999999999998,13,2,2
Segment 1,23360,262.95,157,3,3
Segment 1,23365,0.65,1,1,1
Segment 1,23366,11.05,17,2,2
Segment 1,23367,21.450000000000003,33,3,2
Segment 1,23368,21.450000000000003,33,3,2
Segment 1,23369,272.61,257,3,1
Segment 1,23370,136.93,129,2,2
Segment 1,23371,408.29,385,4,2
Segment 1,23372,408.29,385,4,2
Segment 1,23373,41.0,50,2,1
Segment 1,23374,66.42,81,6,2
Segment 1,23378,18.72,48,2,1
Segment 1,23380,9.75,25,2,2
Segment 1,23382,578.76,172,10,3
Segment 1,23388,1145.75,305,6,3
Segment 1,23389,1349.85,359,7,3
Segment 1,23390,1162.3500000000001,309,7,3
Segment 1,23391,379.15,101,3,1
Segment 1,23392,358.24,199,4,3
Segment 1,23393,15.0,4,1,1
Segment 1,23395,15.0,4,1,1
Segment 1,23397,119.39999999999999,12,5,1
Segment 1,23398,20.4,24,2,1
Segment 1,23399,30.599999999999998,36,3,1
Segment 1,23400,1086.12,260,6,2
Segment 1,23401,1187.1000000000001,282,8,2
Segment 1,23402,60.0,16,2,1
Segment 1,23403,814.8100000000001,281,9,2
Segment 1,23404,1305.08,391,9,2
Segment 1,23405,19.8,4,1,1
Segment 1,23406,1124.8000000000002,268,7,2
Segment 1,23407,59.699999999999996,6,3,1
Segment 1,23408,37.44,18,3,1
Segment 1,23409,22.5,6,1,1
Segment 1,23411,59.400000000000006,12,2,1
Segment 1,23412,637.44,128,2,1
Segment 1,23413,89.10000000000001,18,6,1
Segment 1,23414,9.95,1,1,1
Segment 1,23415,35.489999999999995,49,4,2
Segment 1,23416,1.65,1,1,1
Segment 1,23417,4.68,12,1,1
Segment 1,23418,85.92,48,1,1
Segment 1,23419,135.84,72,3,2
Segment 1,23422,24.96,12,1,1
Segment 1,23423,90.0,24,3,1
Segment 1,23424,278.40000000000003,64,6,2
Segment 1,23425,14.940000000000001,6,1,1
Segment 1,23426,391.79999999999995,228,5,2
Segment 1,23427,125.0,10,6,1
Segment 1,23428,16.3,2,1,1
Segment 1,23429,16.3,2,1,1
Segment 1,23430,16.3,2,1,1
Segment 1,23431,29.879999999999995,36,3,1
Segment 1,23432,59.75999999999999,72,4,1
Segment 1,23433,29.879999999999995,36,3,1
Segment 1,23434,31.6,40,3,1
Segment 1,23436,139.8,132,2,2
Segment 1,23437,60.0,48,1,1
Segment 1,23438,60.0,48,1,1
Segment 1,23439,228.00000000000003,120,3,2
Segment 1,23440,257.76,144,1,1
Segment 1,23445,144.0,200,1,1
Segment 1,23446,208.79999999999998,144,1,1
Segment 1,23447,208.79999999999998,144,1,1
Segment 1,23451,11.7,6,1,1
Segment 1,23452,11.7,6,1,1
Segment 1,23453,15.6,8,1,1
Segment 1,23454,16.6,4,1,1
Segment 1,23456,16.6,4,1,1
Segment 1,23458,29.9,2,1,1
Segment 1,23460,19.9,2,1,1
Segment 1,23461,33.2,8,2,1
Segment 1,23467,19.740000000000002,6,1,1
Segment 1,23469,261.78,78,2,2
Segment 1,23470,219.04,40,3,2
Segment 1,23472,29.9,2,1,1
Segment 1,23473,149.03,205,3,2
Segment 1,23474,0.83,1,1,1
Segment 1,23475,10.79,13,2,2
Segment 1,23476,1.25,1,1,1
Segment 1,23477,1.25,1,1,1
Segment 1,23478,200.93,193,2,1
Segment 1,23479,94.19999999999999,12,5,1
Segment 1,23480,1124.19,341,5,3
Segment 1,23482,208.79999999999998,144,1,1
Segment 1,23483,74.88,72,1,1
Segment 1,23485,2579.2,124,2,2
Segment 1,23486,99.89999999999999,6,3,1
Segment 1,23489,69.36,24,2,1
Segment 1,23490,185.94,54,4,1
Segment 1,23491,33.0,4,1,1
Segment 1,23492,33.0,4,2,1
Segment 1,23493,159.9,82,5,2
Segment 1,23494,352.70000000000005,66,7,2
Segment 1,23495,60.0,48,3,1
Segment 1,23496,15.0,12,1,1
Segment 1,23497,113.65,85,5,3
Segment 1,23498,124.8,96,2,2
Segment 1,23499,20.16,48,2,2
Segment 1,23500,129.0,120,2,2
Segment 1,23502,120.25,113,3,3
Segment 1,23505,105.25,101,2,2
Segment 1,23506,144.42,401,2,1
Segment 1,23507,98.82000000000001,271,3,3
Segment 1,23508,144.42,401,2,1
Segment 1,23509,14.399999999999999,40,1,1
Segment 1,23510,90.42,251,2,2
Segment 1,23511,276.48,153,3,2
Segment 1,23512,521.76,291,3,2
Segment 1,23513,521.76,291,3,2
Segment 1,23514,288.96000000000004,159,4,2
Segment 1,23515,517.6,289,3,2
Segment 1,23516,485.01,147,3,2
Segment 1,23517,265.05,105,3,2
Segment 1,23518,486.75000000000006,195,3,2
Segment 1,23519,485.01,147,3,2
Segment 1,23520,236.88,72,1,1
Segment 1,23521,288.96000000000004,258,2,1
Segment 1,23522,406.19999999999993,252,3,2
Segment 1,23523,540.96,192,3,2
Segment 1,23524,842.7600000000001,303,5,3
Segment 1,23525,1189.92,408,4,2
Segment 1,23526,2386.12,544,6,3
Segment 1,23527,800.49,255,4,2
Segment 1,23528,833.6700000000001,313,4,2
Segment 1,23529,1495.5900000000001,505,5,2
Segment 1,23530,1894.5,528,7,2
Segment 1,23531,2709.81,567,7,2
Segment 1,23532,582.87,141,3,2
Segment 1,23533,611.64,144,3,2
Segment 1,23534,2168.1299999999997,489,5,3
Segment 1,23535,2082.96,468,5,2
Segment 1,23536,2001.9799999999998,398,6,3
Segment 1,23538,837.72,234,2,1
Segment 1,23539,512.1600000000001,132,2,1
Segment 1,23540,797.64,132,2,1
Segment 1,23541,2965.44,424,7,3
Segment 1,23542,2255.2799999999997,336,8,3
Segment 1,23543,4840.52,964,5,2
Segment 1,23544,715.68,126,2,1
Segment 1,23545,89.0,250,3,2
Segment 1,23546,52.5,125,3,2
Segment 1,23549,10.5,25,1,1
Segment 1,23550,78.5,225,2,2
Segment 1,23551,28.47,73,3,2
Segment 1,23552,166.32,90,3,2
Segment 1,23553,4708.5,430,3,1
Segment 1,23554,3285.0,300,1,1
Segment 1,23555,3285.0,300,1,1
Segment 1,23556,3285.0,300,1,1
Segment 1,23557,3285.0,300,1,1
Segment 1,23558,3285.0,300,1,1
Segment 1,23559,186.4,103,3,2
Segment 1,23560,149.4,60,1,1
Segment 1,23561,149.4,60,1,1
Segment 1,23562,149.4,60,1,1
Segment 1,23567,15.0,12,1,1
Segment 1,23568,15.0,12,1,1
Segment 1,23569,606.6,140,5,2
Segment 1,23571,79.19999999999999,48,3,1
Segment 1,23574,7.5,1,1,1
Segment 1,23575,79.19999999999999,48,1,1
Segment 1,23581,380.88,211,4,2
Segment 1,23582,22.880000000000003,11,2,2
Segment 1,23583,776.15,531,7,2
Segment 1,23597,204.0,80,1,1
Segment 1,23598,204.0,80,1,1
Segment 1,23681,290.0,200,1,1
Segment 1,23697,5.04,12,1,1
Segment 1,35001G,25.5,6,1,1
Segment 1,35095A,10.08,24,1,1
Segment 1,35241,14.850000000000001,3,1,1
Segment 1,35471D,18.72,48,2,1
Segment 1,35598B,17.700000000000003,6,1,1
Segment 1,35598D,15.600000000000001,24,1,1
Segment 1,35646,60.0,48,2,1
Segment 1,35648,19.919999999999998,24,1,1
Segment 1,35651,19.799999999999997,12,1,1
Segment 1,35809A,2.4899999999999998,3,1,1
Segment 1,35810A,19.919999999999998,24,1,1
Segment 1,35810B,9.959999999999999,12,1,1
Segment 1,35815P,18.240000000000002,48,1,1
Segment 1,35818P,18.240000000000002,48,2,1
Segment 1,35819B,18.240000000000002,48,2,1
Segment 1,35911A,20.4,24,2,1
Segment 1,35912B,152.64000000000001,144,2,1
Segment 1,35914,35.400000000000006,24,2,1
Segment 1,35923,246.24,384,2,1
Segment 1,35924,121.67999999999999,72,1,1
Segment 1,35933,7.6,20,2,1
Segment 1,35953,37.44,96,2,1
Segment 1,35957,18.240000000000002,96,1,1
Segment 1,35961,860.04,1188,6,2
Segment 1,35964,28.080000000000002,72,2,1
Segment 1,35965,18.96,24,1,1
Segment 1,35967,18.240000000000002,48,3,1
Segment 1,35968,9.120000000000001,24,2,1
Segment 1,35970,356.52,228,8,2
Segment 1,37340,18.72,48,1,1
Segment 1,37342,37.92,48,2,1
Segment 1,37370,135.0,108,1,1
Segment 1,37447,17.88,12,1,1
Segment 1,37449,217.28,32,1,1
Segment 1,37475,131.73,15,3,1
Segment 1,37479P,2.34,6,1,1
Segment 1,37495,15.0,4,1,1
Segment 1,37500,178.20000000000002,36,2,1
Segment 1,37501,62.550000000000004,9,2,1
Segment 1,46000M,18.6,12,1,1
Segment 1,46000U,2.5,2,1,1
Segment 1,47021G,13.26,34,1,1
Segment 1,47341A,12.5,10,1,1
Segment 1,47343A,9.959999999999999,12,1,1
Segment 1,47348A,11.7,6,1,1
Segment 1,47480,19.799999999999997,12,1,1
Segment 1,47503A,40.32,96,4,1
Segment 1,47504H,9.48,12,1,1
Segment 1,47504K,18.96,24,2,1
Segment 1,47518F,2.88,24,1,1
Segment 1,47559B,65.0,52,4,1
Segment 1,47566,1517.2500000000002,355,16,3
Segment 1,47566B,39.6,8,2,1
Segment 1,47567B,124.95000000000002,21,3,1
Segment 1,47570B,63.900000000000006,6,1,1
Segment 1,47580,30.599999999999998,12,1,1
Segment 1,47590A,661.2,136,10,2
Segment 1,47590B,661.2,136,9,2
Segment 1,47591D,387.9,222,12,2
Segment 1,47593B,149.76,384,4,2
Segment 1,47594B,11.7,6,1,1
Segment 1,47599A,248.8,138,5,2
Segment 1,47599B,25.200000000000003,12,2,1
Segment 1,48111,2414.6,524,4,2
Segment 1,48116,3776.08,823,5,2
Segment 1,48129,1616.5,340,8,2
Segment 1,48138,5969.5,1218,8,3
Segment 1,48173C,5895.38,1261,8,2
Segment 1,48184,3047.0,548,11,4
Segment 1,48185,6025.4,1232,10,3
Segment 1,48187,8525.7,1758,23,3
Segment 1,48188,6152.1,1312,19,3
Segment 1,48194,8549.4,1762,21,4
Segment 1,51014A,9.36,24,1,1
Segment 1,51014C,19.56,36,2,1
Segment 1,70006,43.5,42,2,1
Segment 1,71053,150.0,40,7,1
Segment 1,71279,17.700000000000003,6,1,1
Segment 1,71403,35.400000000000006,12,1,1
Segment 1,71459,140.52,180,7,1
Segment 1,71477,118.0,32,4,1
Segment 1,71496A,25.44,48,1,1
Segment 1,72122,22.799999999999997,24,2,1
Segment 1,72128,20.4,24,2,1
Segment 1,72225C,48.72,168,4,1
Segment 1,72351A,25.200000000000003,12,1,1
Segment 1,72586,45.36,108,2,2
Segment 1,72598,30.599999999999998,36,2,1
Segment 1,72741,39.15,27,2,1
Segment 1,72760B,99.5,10,3,1
Segment 1,72780,30.599999999999998,36,2,1
Segment 1,72799E,9.48,12,1,1
Segment 1,72800C,15.299999999999999,6,1,1
Segment 1,72800E,30.599999999999998,12,2,1
Segment 1,72802A,68.58,18,1,1
Segment 1,72802B,145.07999999999998,36,4,1
Segment 1,72802C,145.07999999999998,36,4,1
Segment 1,72807A,17.0,4,1,1
Segment 1,72807B,85.0,20,4,1
Segment 1,72807C,85.0,20,4,1
Segment 1,72816,67.8,60,3,1
Segment 1,72817,101.88,108,5,1
Segment 1,72818,50.16,84,3,1
Segment 1,72819,60.599999999999994,36,3,1
Segment 1,75011,9.48,12,1,1
Segment 1,79000,20.4,24,2,1
Segment 1,79030D,4.68,12,1,1
Segment 1,79030G,18.72,48,1,1
Segment 1,79051A,15.600000000000001,24,1,1
Segment 1,79191C,90.72,144,1,1
Segment 1,79302M,17.700000000000003,6,1,1
Segment 1,79321,111.8,20,5,1
Segment 1,79403,10.2,12,1,1
Segment 1,81952V,1.9,10,1,1
Segment 1,82011B,7.5,2,1,1
Segment 1,82482,2191.02,1134,11,2
Segment 1,82483,741.8,124,3,2
Segment 1,82484,15766.9,3261,32,2
Segment 1,82486,196.89999999999998,22,9,1
Segment 1,82494L,177.00000000000003,60,9,1
Segment 1,82551,1953.6,1200,9,1
Segment 1,82552,1812.6,1068,10,2
Segment 1,82578,183.48000000000002,252,4,1
Segment 1,82580,566.76,756,10,2
Segment 1,82581,285.72,396,7,2
Segment 1,82582,25.200000000000003,12,1,1
Segment 1,82583,3780.72,1836,12,3
Segment 1,82600,3170.52,1332,13,2
Segment 1,82613C,10.0,8,1,1
Segment 1,84029E,136.0,32,6,1
Segment 1,84029G,30.0,8,1,1
Segment 1,84030E,372.0,96,7,2
Segment 1,84031A,60.0,48,2,1
Segment 1,84032A,123.90000000000002,42,3,1
Segment 1,84032B,106.20000000000002,36,2,1
Segment 1,84050,19.799999999999997,12,2,1
Segment 1,84077,153.11999999999998,528,10,1
Segment 1,84078A,39.95,1,1,1
Segment 1,84212,201.6,480,1,1
Segment 1,84218,101.39999999999999,60,1,1
Segment 1,84226,21.76,34,1,1
Segment 1,84228,44.4,120,1,1
Segment 1,84247G,10.08,24,2,1
Segment 1,84251G,2.2800000000000002,12,1,1
Segment 1,84279B,15.0,4,1,1
Segment 1,84279P,75.0,20,5,1
Segment 1,84341B,27.36,72,2,1
Segment 1,84347,359.1,162,5,2
Segment 1,84352,16.95,1,1,1
Segment 1,84375,151.20000000000002,72,6,2
Segment 1,84378,459.84,384,10,2
Segment 1,84380,907.32,780,14,2
Segment 1,84402B,9.48,12,1,1
Segment 1,84406B,1806.68,484,7,3
Segment 1,84452,10.2,12,1,1
Segment 1,84459A,360.0,288,2,1
Segment 1,84459B,360.0,288,2,1
Segment 1,84461,30.599999999999998,12,1,1
Segment 1,84508C,15.299999999999999,6,1,1
Segment 1,84509A,302.4,96,5,2
Segment 1,84509B,75.0,20,3,1
Segment 1,84509G,75.0,28,4,1
Segment 1,84510A,143.5,130,4,2
Segment 1,84519A,30.0,24,1,1
Segment 1,84519B,30.0,24,1,1
Segment 1,84531A,4.68,12,1,1
Segment 1,84531B,4.68,12,1,1
Segment 1,84536A,33.6,80,5,1
Segment 1,84558A,17.700000000000003,6,1,1
Segment 1,84559A,10.2,12,1,1
Segment 1,84559B,10.2,12,1,1
Segment 1,84563A,11.9,2,1,1
Segment 1,84580,52.5,14,3,1
Segment 1,84581,60.0,16,3,1
Segment 1,84584,15.299999999999999,6,1,1
Segment 1,84595E,19.799999999999997,12,1,1
Segment 1,84596B,36.96,88,5,1
Segment 1,84596F,20.16,48,3,1
Segment 1,84596G,13.44,32,2,1
Segment 1,84596L,10.08,24,1,1
Segment 1,84600,15.9,2,1,1
Segment 1,84609,34.0,4,1,1
Segment 1,84616,59.9,2,1,1
Segment 1,84617,12.75,1,1,1
Segment 1,84625A,38.1,30,2,1
Segment 1,84625C,20.4,24,1,1
Segment 1,84629,14.850000000000001,3,1,1
Segment 1,84637,35.7,6,2,1
Segment 1,84638,13.9,2,1,1
Segment 1,84658,27.8,4,1,1
Segment 1,84661A,24.78,18,2,1
Segment 1,84661B,9.48,12,1,1
Segment 1,84674,35.400000000000006,12,2,1
Segment 1,84678,15.299999999999999,6,1,1
Segment 1,84683,62.400000000000006,96,2,1
Segment 1,84688,51.0,12,2,1
Segment 1,84692,73.5,175,7,1
Segment 1,84707B,23.4,12,1,1
Segment 1,84712B,31.8,4,2,1
Segment 1,84755,200.0,352,6,2
Segment 1,84789,30.0,8,1,1
Segment 1,84792,257.52,64,3,3
Segment 1,84795B,15.9,2,1,1
Segment 1,84800L,81.12,48,1,1
Segment 1,84804B,28.44,36,1,1
Segment 1,84805B,30.0,24,1,1
Segment 1,84806A,9.36,24,1,1
Segment 1,84817,53.28,84,4,1
Segment 1,84818,87.48,84,5,1
Segment 1,84819,38.03,35,3,1
Segment 1,84820,12.64,16,1,1
Segment 1,84821,14.76,36,2,1
Segment 1,84828,15.0,12,1,1
Segment 1,84832,307.08000000000004,420,6,2
Segment 1,84836,258.96000000000004,240,3,2
Segment 1,84843,11.9,2,1,1
Segment 1,84849A,40.56,24,2,1
Segment 1,84849B,20.28,12,1,1
Segment 1,84857C,23.4,12,1,1
Segment 1,84875B,30.0,24,1,1
Segment 1,84877B,30.0,24,1,1
Segment 1,84879,774.96,504,14,2
Segment 1,84880,67.5,9,2,1
Segment 1,84898F,4.2,2,1,1
Segment 1,84912A,15.0,4,1,1
Segment 1,84912B,15.0,4,1,1
Segment 1,84913A,18.6,4,1,1
Segment 1,84913B,37.2,8,2,1
Segment 1,84915,125.0,100,1,1
Segment 1,84916,125.0,100,1,1
Segment 1,84926A,34.8,120,5,1
Segment 1,84926D,40.32,96,1,1
Segment 1,84926E,6.959999999999999,24,1,1
Segment 1,84929,54.720000000000006,288,3,2
Segment 1,84931A,15.299999999999999,6,1,1
Segment 1,84931B,30.599999999999998,12,2,1
Segment 1,84944,178.2,108,3,2
Segment 1,84945,122.39999999999999,144,6,1
Segment 1,84946,135.0,108,7,1
Segment 1,84947,30.0,24,2,1
Segment 1,84949,59.39999999999999,36,4,1
Segment 1,84950,7.800000000000001,12,1,1
Segment 1,84952A,22.5,6,1,1
Segment 1,84968A,178.5,14,4,1
Segment 1,84968C,51.0,4,2,1
Segment 1,84968D,25.5,2,1,1
Segment 1,84968E,76.5,6,1,1
Segment 1,84968F,12.75,1,1,1
Segment 1,84969,102.0,24,3,1
Segment 1,84970L,367.68,456,5,2
Segment 1,84970S,265.91999999999996,384,6,2
Segment 1,84976,134.04000000000002,156,3,2
Segment 1,84978,616.08,564,15,2
Segment 1,84987,789.6,624,8,2
Segment 1,84988,137.4,108,2,2
Segment 1,84991,654.0,1416,19,2
Segment 1,84992,664.8000000000001,1464,23,3
Segment 1,84993A,10.08,24,1,1
Segment 1,84997A,530.6800000000001,148,3,2
Segment 1,84997B,1584.76,436,7,3
Segment 1,84997C,1331.3600000000001,368,7,3
Segment 1,84997D,1897.28,512,9,3
Segment 1,85008,14.850000000000001,3,1,1
Segment 1,85014A,232.05,39,9,2
Segment 1,85014B,249.9,42,9,2
Segment 1,85015,62.1,78,4,1
Segment 1,85017B,17.22,41,3,2
Segment 1,85019B,30.0,24,1,1
Segment 1,85024B,19.799999999999997,12,1,1
Segment 1,85032B,12.600000000000001,6,1,1
Segment 1,85032D,56.400000000000006,60,2,1
Segment 1,85034B,30.0,24,1,1
Segment 1,85034C,30.0,24,1,1
Segment 1,85035A,30.0,24,1,1
Segment 1,85035C,64.0,32,2,1
Segment 1,85036A,17.0,4,1,1
Segment 1,85039A,19.799999999999997,12,1,1
Segment 1,85040A,19.799999999999997,12,1,1
Segment 1,85048,858.0,120,12,1
Segment 1,85049A,30.0,24,2,1
Segment 1,85049C,212.64000000000001,192,5,2
Segment 1,85049D,30.0,24,2,1
Segment 1,85049E,45.0,36,3,1
Segment 1,85053,226.8,108,15,1
Segment 1,85054,35.400000000000006,12,2,1
Segment 1,85055,59.0,20,1,1
Segment 1,85059,60.0,16,4,1
Segment 1,85064,620.8,160,1,1
Segment 1,85066,2670.5600000000004,224,10,3
Segment 1,85071A,54.18000000000001,102,2,2
Segment 1,85071B,72.96000000000001,192,2,2
Segment 1,85071C,51.78,102,2,2
Segment 1,85078,63.84,336,5,1
Segment 1,85093,18.72,48,1,1
Segment 1,85094,9.120000000000001,48,1,1
Segment 1,85099B,4233.28,2411,28,4
Segment 1,85099C,220.60000000000002,120,3,2
Segment 1,85099F,858.5,510,6,2
Segment 1,85103,13.5,2,1,1
Segment 1,85116,28.200000000000003,30,2,1
Segment 1,85123A,16395.74,5300,44,3
Segment 1,85130B,18.96,24,1,1
Segment 1,85130C,18.96,24,1,1
Segment 1,85132A,46.8,24,1,1
Segment 1,85132B,23.4,12,1,1
Segment 1,85132C,46.8,24,2,1
Segment 1,85135B,15.9,2,1,1
Segment 1,85136A,15.9,2,1,1
Segment 1,85136C,31.8,4,2,1
Segment 1,85144,23.4,12,1,1
Segment 1,85150,76.5,30,4,1
Segment 1,85152,1344.06,891,7,2
Segment 1,85159B,70.19999999999999,36,2,1
Segment 1,85163A,12.75,1,1,1
Segment 1,85172,6.72,16,1,1
Segment 1,85177,20.4,24,1,1
Segment 1,85178,427.2,480,5,2
Segment 1,85180A,85.80000000000001,36,3,1
Segment 1,85183A,45.0,36,3,1
Segment 1,85183B,135.0,108,5,3
Segment 1,85184C,17.700000000000003,6,1,1
Segment 1,85186C,10.08,24,1,1
Segment 1,85187,69.6,48,1,1
Segment 1,85194L,103.67999999999999,144,1,1
Segment 1,85194S,52.080000000000005,216,4,1
Segment 1,85199L,23.400000000000002,36,3,1
Segment 1,85199S,20.16,48,2,1
Segment 1,85204,23.04,192,1,1
Segment 1,85206A,9.899999999999999,6,1,1
Segment 1,85212,24.119999999999997,60,2,1
Segment 1,85213,3.4799999999999995,12,1,1
Segment 1,85227,107.4,156,4,1
Segment 1,85230B,6.959999999999999,24,1,1
Segment 1,85231B,20.4,24,2,1
Segment 1,85231G,10.2,12,1,1
Segment 1,85232D,59.400000000000006,12,4,1
Segment 1,90003B,15.0,4,1,1
Segment 1,90003C,15.0,4,1,1
Segment 1,90003D,15.0,4,1,1
Segment 1,90003E,15.0,4,1,1
Segment 1,90013A,30.0,8,1,1
Segment 1,90018A,8.5,2,1,1
Segment 1,90018B,8.5,2,1,1
Segment 1,90018C,8.5,2,1,1
Segment 1,90022,15.0,4,1,1
Segment 1,90024B,17.0,2,1,1
Segment 1,90030A,6.0,6,1,1
Segment 1,90030B,6.0,6,1,1
Segment 1,90030C,6.0,6,1,1
Segment 1,90031,6.0,6,1,1
Segment 1,90057,30.0,24,1,1
Segment 1,90059A,9.899999999999999,6,1,1
Segment 1,90059B,9.899999999999999,6,1,1
Segment 1,90059C,9.899999999999999,6,1,1
Segment 1,90059D,9.899999999999999,6,1,1
Segment 1,90059E,9.899999999999999,6,1,1
Segment 1,90059F,9.899999999999999,6,1,1
Segment 1,90072,22.5,6,1,1
Segment 1,90076,15.299999999999999,6,1,1
Segment 1,90101,30.599999999999998,12,2,1
Segment 1,90103,15.299999999999999,6,1,1
Segment 1,90108,12.600000000000001,12,1,1
Segment 1,90118,15.299999999999999,6,1,1
Segment 1,90141A,14.850000000000001,3,1,1
Segment 1,90141B,14.850000000000001,3,1,1
Segment 1,90141C,14.850000000000001,3,1,1
Segment 1,90141D,14.850000000000001,3,1,1
Segment 1,90141E,14.850000000000001,3,1,1
Segment 1,90166,12.75,3,1,1
Segment 1,90168,17.700000000000003,6,1,1
Segment 1,90169,15.299999999999999,6,1,1
Segment 1,90170,19.799999999999997,12,1,1
Segment 1,90174,15.299999999999999,6,1,1
Segment 1,90177A,17.700000000000003,6,1,1
Segment 1,90177C,17.700000000000003,6,1,1
Segment 1,90177D,35.400000000000006,12,2,1
Segment 1,90177E,17.700000000000003,6,1,1
Segment 1,90182C,17.700000000000003,6,1,1
Segment 1,90183A,17.700000000000003,6,1,1
Segment 1,90185A,25.5,6,1,1
Segment 1,90185B,25.5,6,1,1
Segment 1,90185C,25.5,6,1,1
Segment 1,90192,14.850000000000001,3,1,1
Segment 1,90201A,17.700000000000003,6,1,1
Segment 1,90201B,17.700000000000003,6,1,1
Segment 1,90201C,17.700000000000003,6,1,1
Segment 1,90201D,17.700000000000003,6,1,1
Segment 1,90202A,17.700000000000003,6,1,1
Segment 1,90202B,17.700000000000003,6,1,1
Segment 1,90202C,17.700000000000003,6,1,1
Segment 1,90202D,17.700000000000003,6,1,1
Segment 1,90204,13.4,4,1,1
Segment 1,90205A,6.6,4,1,1
Segment 1,90205C,6.6,4,1,1
Segment 1,90208,15.299999999999999,6,1,1
Segment 1,90209A,12.600000000000001,6,1,1
Segment 1,90209C,6.300000000000001,3,1,1
Segment 1,C2,4175.0,84,84,1
Segment 1,M,3374.34,2,2,1
Segment 1,POST,1418.0,72,17,2
Segment 2,10002,657.9,774,45,36
Segment 2,10080,100.36999999999999,255,19,17
Segment 2,10120,38.01,181,26,23
Segment 2,10123C,3.25,5,3,3
Segment 2,10124A,5.46,13,4,4
Segment 2,10124G,7.14,17,4,4
Segment 2,10125,845.05,1065,56,44
Segment 2,10133,859.13,1764,98,82
Segment 2,10135,1146.45,1253,85,71
Segment 2,11001,1079.9099999999999,639,45,36
Segment 2,15030,22.619999999999997,78,10,9
Segment 2,15034,429.94000000000005,3671,67,53
Segment 2,15036,7434.44,9628,246,143
Segment 2,15039,547.4499999999999,757,51,42
Segment 2,15044A,823.0500000000001,279,58,39
Segment 2,15044B,430.70000000000005,146,31,24
Segment 2,15044C,483.80000000000007,164,43,32
Segment 2,15044D,1126.8500000000001,411,48,33
Segment 2,15056BL,9944.15,1769,202,103
Segment 2,15056N,13240.1,2408,267,131
Segment 2,15056P,2981.3,536,107,71
Segment 2,15058A,886.0500000000001,119,38,27
Segment 2,15058B,762.9,102,34,26
Segment 2,15058C,538.1,118,20,17
Segment 2,15060B,1077.0,300,67,53
Segment 2,16008,296.96,2284,52,47
Segment 2,16010,2.16,18,2,2
Segment 2,16011,308.7,1470,35,28
Segment 2,16012,246.12,1172,33,31
Segment 2,16014,567.04,1612,38,23
Segment 2,16015,72.5,145,14,9
Segment 2,16016,682.05,833,48,26
Segment 2,16020C,5.1,6,2,1
Segment 2,16033,43.199999999999996,360,3,3
Segment 2,16045,220.0,4900,46,43
Segment 2,16046,54.4,64,13,13
Segment 2,16048,123.36,908,35,32
Segment 2,16049,64.8,360,4,4
Segment 2,16052,23.76,96,3,3
Segment 2,16054,96.0,800,23,22
Segment 2,16151A,7.5,6,2,2
Segment 2,16156L,157.5,375,14,13
Segment 2,16156S,1396.5,3325,130,116
Segment 2,16161G,47.5,475,14,14
Segment 2,16161M,10.5,25,1,1
Segment 2,16161P,2403.42,5751,207,158
Segment 2,16161U,1323.0,3150,115,92
Segment 2,16162L,11.05,17,6,5
Segment 2,16162M,10.92,26,7,6
Segment 2,16168M,123.06,293,18,17
Segment 2,16169E,1524.54,3687,118,116
Segment 2,16169K,63.0,150,6,6
Segment 2,16169M,256.2,610,23,22
Segment 2,16169N,10.5,25,1,1
Segment 2,16169P,10.5,25,1,1
Segment 2,16202A,2.0,4,1,1
Segment 2,16202B,2.5,5,1,1
Segment 2,16202E,7.5,15,3,3
Segment 2,16206B,2.5,2,1,1
Segment 2,16207A,38.35000000000001,13,5,4
Segment 2,16207B,8.850000000000001,3,2,2
Segment 2,16216,84.72,1137,31,30
Segment 2,16218,154.8,2280,39,35
Segment 2,16219,113.76,1656,36,33
Segment 2,16225,343.7,366,48,46
Segment 2,16235,292.74,1394,68,58
Segment 2,16236,211.04999999999998,1005,60,53
Segment 2,16237,526.05,2505,124,92
Segment 2,16238,204.54,974,58,53
Segment 2,16244B,7.85,7,2,2
Segment 2,16248B,16.25,13,7,7
Segment 2,16254,24.65,29,7,6
Segment 2,16258A,144.49,430,30,27
Segment 2,16259,202.8,2184,21,19
Segment 2,17003,2263.44,7504,158,113
Segment 2,17011F,62.150000000000006,80,6,6
Segment 2,17012A,229.6,264,23,20
Segment 2,17012B,386.84999999999997,425,34,32
Segment 2,17012C,323.09999999999997,340,40,34
Segment 2,17012D,302.59999999999997,326,38,30
Segment 2,17012E,24.75,29,2,2
Segment 2,17012F,273.8,324,37,29
Segment 2,17013D,175.59,339,8,8
Segment 2,17014A,25.83,54,5,5
Segment 2,17021,407.7,1479,37,22
Segment 2,17038,90.0,900,13,13
Segment 2,17084A,31.5,150,6,6
Segment 2,17084J,26.25,125,5,5
Segment 2,17084N,178.5,850,28,21
Segment 2,17084P,52.29,249,10,9
Segment 2,17084R,453.59999999999997,2160,21,12
Segment 2,17090A,69.35,67,8,7
Segment 2,17090D,36.25,29,12,6
Segment 2,17091A,96.63,165,24,18
Segment 2,17091J,577.23,1416,69,52
Segment 2,17096,79.17,377,9,9
Segment 2,17107D,408.0,160,43,39
Segment 2,17109D,12.589999999999998,9,3,3
Segment 2,17129F,55.37,77,5,5
Segment 2,17136A,12.97,154,10,10
Segment 2,17164B,11.34,27,9,9
Segment 2,17165D,28.35,27,7,6
Segment 2,17174,3.3600000000000003,8,2,2
Segment 2,17191A,15.0,4,2,1
Segment 2,18007,48.6,270,15,14
Segment 2,18094C,76.25,61,9,8
Segment 2,18097A,12.75,5,4,4
Segment 2,18097C,982.35,453,38,33
Segment 2,18098C,268.45000000000005,91,29,18
Segment 2,20615,160.5,169,27,22
Segment 2,20616,55.35,54,16,13
Segment 2,20617,79.80000000000001,38,17,15
Segment 2,20618,94.5,45,19,16
Segment 2,20619,72.60000000000001,50,9,9
Segment 2,20622,108.30000000000001,67,20,18
Segment 2,20652,96.25,77,20,18
Segment 2,20653,23.75,19,3,3
Segment 2,20654,70.0,56,18,17
Segment 2,20655,38.75,31,18,15
Segment 2,20657,51.25,41,17,16
Segment 2,20658,372.5,298,55,41
Segment 2,20659,43.75,35,17,14
Segment 2,20661,17.7,6,2,2
Segment 2,20662,20.650000000000002,7,2,2
Segment 2,20663,2.95,1,1,1
Segment 2,20664,17.700000000000003,6,3,3
Segment 2,20665,843.7000000000002,286,60,50
Segment 2,20666,5.9,2,2,2
Segment 2,20667,2.95,1,1,1
Segment 2,20668,837.36,7506,122,95
Segment 2,20669,147.5,118,35,32
Segment 2,20670,17.700000000000003,6,4,4
Segment 2,20671,12.5,10,2,2
Segment 2,20674,1040.07,843,120,83
Segment 2,20675,1910.3500000000001,1583,181,127
Segment 2,20676,2759.17,2273,236,156
Segment 2,20677,1690.21,1385,168,112
Segment 2,20679,6723.700000000001,1213,201,108
Segment 2,20681,383.5,118,31,27
Segment 2,20682,3053.5,958,159,118
Segment 2,20684,224.25,69,29,27
Segment 2,20685,11837.07,1599,451,267
Segment 2,20686,711.75,219,53,42
Segment 2,20694,135.0,36,10,9
Segment 2,20695,21.25,5,4,4
Segment 2,20696,93.75,25,7,7
Segment 2,20697,43.349999999999994,17,9,8
Segment 2,20698,40.8,16,7,7
Segment 2,20699,68.85,27,10,10
Segment 2,20700,33.75,9,3,3
Segment 2,20701,22.5,6,3,3
Segment 2,20702,471.75,111,31,23
Segment 2,20703,4.25,1,1,1
Segment 2,20704,454.55,169,29,28
Segment 2,20705,312.55,109,21,20
Segment 2,20707,95.0,76,16,16
Segment 2,20711,3733.69,1902,198,125
Segment 2,20712,8448.81,4287,412,212
Segment 2,20713,8116.6,4226,329,178
Segment 2,20716,252.5,202,30,27
Segment 2,20717,1810.75,1479,191,133
Segment 2,20718,3615.25,2953,316,202
Segment 2,20719,3960.2,4812,393,189
Segment 2,20723,3547.0,4280,390,196
Segment 2,20724,6180.1,7546,591,274
Segment 2,20725,19337.85,11989,1103,466
Segment 2,20726,10437.95,6423,708,332
Segment 2,20727,12570.75,7719,899,403
Segment 2,20728,11374.5,6930,808,409
Segment 2,20731,92.5,74,8,8
Segment 2,20733,109.64999999999999,129,25,21
Segment 2,20735,97.5,130,12,9
Segment 2,20748,510.0,40,26,24
Segment 2,20749,8449.35,1189,292,187
Segment 2,20750,7720.349999999999,1049,278,185
Segment 2,20751,1421.5800000000002,691,150,116
Segment 2,20752,522.9000000000001,249,100,83
Segment 2,20754,1638.0000000000002,780,206,136
Segment 2,20755,227.79999999999998,268,43,40
Segment 2,20756,51.0,60,21,19
Segment 2,20757,118.14999999999999,139,26,26
Segment 2,20758,130.9,154,39,33
Segment 2,20759,51.849999999999994,61,19,16
Segment 2,20760,58.65,69,21,18
Segment 2,20761,300.0,80,41,39
Segment 2,20762,352.5,94,47,38
Segment 2,20763,147.5,50,22,21
Segment 2,20764,397.5,106,49,39
Segment 2,20765,307.5,82,44,40
Segment 2,20766,292.5,78,39,34
Segment 2,20767,445.34999999999997,181,50,44
Segment 2,20768,287.25,119,30,28
Segment 2,20769,127.5,50,21,18
Segment 2,20770,158.1,62,23,20
Segment 2,20771,137.7,54,22,17
Segment 2,20772,300.9,118,36,31
Segment 2,20773,89.1,54,22,20
Segment 2,20774,80.85,49,21,20
Segment 2,20775,94.05,57,19,18
Segment 2,20777,125.39999999999999,76,31,27
Segment 2,20778,24.75,15,8,8
Segment 2,20780,165.60000000000002,32,13,9
Segment 2,20781,119.19,23,15,14
Segment 2,20782,194.1,36,15,10
Segment 2,20785,483.35,13,4,3
Segment 2,20793,47.25,7,3,3
Segment 2,20794,135.14999999999998,53,10,10
Segment 2,20795,79.80000000000001,38,7,5
Segment 2,20796,100.64999999999999,61,8,8
Segment 2,20798,46.2,22,3,3
Segment 2,20801,441.44,512,41,37
Segment 2,20802,616.05,525,36,32
Segment 2,20803,175.02,428,21,18
Segment 2,20816,15.6,8,2,1
Segment 2,20818,12.5,10,1,1
Segment 2,20819,78.75,21,8,8
Segment 2,20820,24.75,5,2,2
Segment 2,20821,74.25,15,4,4
Segment 2,20823,31.6,40,4,4
Segment 2,20826,72.24000000000001,132,6,6
Segment 2,20828,1528.8,608,125,83
Segment 2,20829,1262.1000000000001,601,100,70
Segment 2,20830,128.10000000000002,61,17,16
Segment 2,20831,236.64000000000001,152,18,16
Segment 2,20832,385.82,712,45,40
Segment 2,20835,54.779999999999994,66,7,7
Segment 2,20836,126.15999999999998,152,15,12
Segment 2,20837,77.19,93,11,10
Segment 2,20838,243.95,287,28,25
Segment 2,20839,331.34999999999997,375,40,35
Segment 2,20840,282.2,332,30,24
Segment 2,20845,120.64999999999999,19,11,7
Segment 2,20846,483.5,402,45,40
Segment 2,20847,157.5,42,13,11
Segment 2,20848,61.95,21,8,7
Segment 2,20851,53.550000000000004,9,7,5
Segment 2,20854,219.79999999999998,144,16,15
Segment 2,20856,211.2,128,24,23
Segment 2,20857,52.8,32,8,7
Segment 2,20861,2.1,1,1,1
Segment 2,20866,408.45,345,30,28
Segment 2,20867,157.5,126,21,19
Segment 2,20868,148.61,359,28,27
Segment 2,20869,22.23,57,15,15
Segment 2,20878,30.0,24,7,7
Segment 2,20886,563.55,289,60,50
Segment 2,20892,12.75,1,1,1
Segment 2,20893,243.75,106,15,12
Segment 2,20894,38.35000000000001,13,6,6
Segment 2,20897,41.300000000000004,14,3,3
Segment 2,20898,53.10000000000001,18,2,2
Segment 2,20901,19.049999999999997,3,2,2
Segment 2,20902,158.59999999999997,28,3,3
Segment 2,20903,88.89999999999999,14,7,7
Segment 2,20906,5.9,2,1,1
Segment 2,20910,12.7,2,1,1
Segment 2,20914,10642.550000000001,3689,658,304
Segment 2,20931,423.90000000000003,142,26,25
Segment 2,20932,341.70000000000005,132,17,17
Segment 2,20933,71.05,23,9,9
Segment 2,20934,218.0,40,14,14
Segment 2,20935,14.75,5,3,3
Segment 2,20936,175.30000000000004,60,19,16
Segment 2,20941,55.0,44,15,11
Segment 2,20956,560.0,448,43,39
Segment 2,20961,696.25,557,82,69
Segment 2,20963,822.5,658,85,70
Segment 2,20966,652.0,552,32,25
Segment 2,20967,675.0,180,60,52
Segment 2,20969,3485.55,941,210,135
Segment 2,20970,2903.4,780,184,119
Segment 2,20971,4809.89,3961,372,231
Segment 2,20972,5550.78,4530,415,246
Segment 2,20973,1704.8000000000002,2632,241,168
Segment 2,20974,2180.6000000000004,3364,240,168
Segment 2,20975,2401.6000000000004,3704,259,198
Segment 2,20977,1547.5,1238,125,98
Segment 2,20978,1576.25,1261,154,114
Segment 2,20979,2758.75,2207,192,138
Segment 2,20980,21.25,17,7,7
Segment 2,20981,1254.6,1476,175,133
Segment 2,20982,1329.3999999999999,1564,184,141
Segment 2,20983,1542.75,1815,200,164
Segment 2,20984,882.5699999999999,2829,148,121
Segment 2,20985,512.25,425,69,54
Segment 2,20986,465.75,403,46,35
Segment 2,20992,1288.23,3013,206,141
Segment 2,20996,416.1,1914,141,107
Segment 2,20997,59.400000000000006,12,3,3
Segment 2,20998,274.5,94,24,23
Segment 2,21000,165.75,39,15,15
Segment 2,21001,124.95,21,11,11
Segment 2,21002,55.25,13,5,5
Segment 2,21003,19.049999999999997,3,2,2
Segment 2,21011,26.099999999999998,18,2,2
Segment 2,21012,795.9000000000001,379,66,56
Segment 2,21014,385.59999999999997,1040,58,57
Segment 2,21015,252.93999999999997,822,49,45
Segment 2,21018,18.7,22,4,4
Segment 2,21025,77.5,62,10,10
Segment 2,21026,108.75,87,16,15
Segment 2,21027,80.0,64,14,13
Segment 2,21028,80.0,64,13,12
Segment 2,21030,131.25,105,18,16
Segment 2,21031,47.5,38,9,8
Segment 2,21032,71.25,57,10,10
Segment 2,21033,1162.38,494,90,67
Segment 2,21034,1479.1499999999999,1557,729,392
Segment 2,21035,3190.65,1041,172,128
Segment 2,21038,86.75,77,23,20
Segment 2,21039,925.65,363,65,48
Segment 2,21040,29.7,22,8,8
Segment 2,21041,1123.95,381,104,88
Segment 2,21042,1624.3500000000001,273,94,64
Segment 2,21043,588.65,267,46,42
Segment 2,21051,205.8,98,19,18
Segment 2,21054,366.95,41,22,19
Segment 2,21055,975.55,109,61,50
Segment 2,21056,787.5999999999999,88,44,34
Segment 2,21058,451.34999999999997,531,64,57
Segment 2,21059,441.15,519,69,59
Segment 2,21060,270.3,318,48,43
Segment 2,21061,317.05,373,47,45
Segment 2,21062,377.4,444,55,50
Segment 2,21063,360.4,424,70,57
Segment 2,21064,362.55,87,37,31
Segment 2,21065,365.75,161,28,25
Segment 2,21066,243.75,195,37,29
Segment 2,21067,200.0,160,38,27
Segment 2,21068,656.25,525,97,69
Segment 2,21069,503.82,414,45,30
Segment 2,21070,530.36,448,65,45
Segment 2,21071,736.25,589,83,63
Segment 2,21078,1036.1499999999999,1219,163,122
Segment 2,21080,5707.469999999999,6951,598,365
Segment 2,21084,326.90000000000003,1522,80,73
Segment 2,21086,2395.98,3726,231,137
Segment 2,21087,56.99,99,9,9
Segment 2,21088,220.05,933,59,54
Segment 2,21089,35.31,181,19,18
Segment 2,21090,425.16999999999996,997,85,79
Segment 2,21094,3147.5899999999997,3875,252,146
Segment 2,21095,71.39999999999999,84,8,8
Segment 2,21096,265.66999999999996,601,57,53
Segment 2,21098,971.32,788,123,100
Segment 2,21100,54.45,33,7,6
Segment 2,21106,325.95000000000005,117,24,22
Segment 2,21107,1992.4,760,50,39
Segment 2,21108,2583.31,2157,146,123
Segment 2,21109,1014.0,360,48,41
Segment 2,21110,1243.85,391,56,49
Segment 2,21111,596.4,386,34,34
Segment 2,21112,434.20000000000005,244,29,25
Segment 2,21114,1260.0,1008,97,86
Segment 2,21115,1376.1,302,105,86
Segment 2,21116,1284.4,264,89,65
Segment 2,21117,81.75,61,10,8
Segment 2,21121,4930.0,3944,265,205
Segment 2,21122,4012.5,3210,240,176
Segment 2,21123,877.5,702,72,55
Segment 2,21124,3105.0,2484,188,154
Segment 2,21125,605.0,484,55,48
Segment 2,21126,461.25,369,52,44
Segment 2,21128,195.25,35,12,8
Segment 2,21129,165.75,25,9,7
Segment 2,21131,93.5,22,8,6
Segment 2,21132,94.75,23,10,9
Segment 2,21135,2331.07,1819,133,99
Segment 2,21136,5360.69,3197,281,200
Segment 2,21137,30979.77,9055,221,105
Segment 2,21143,364.65,187,23,23
Segment 2,21145,137.5,110,7,7
Segment 2,21147,100.80000000000001,48,9,9
Segment 2,21154,1969.5,1606,213,154
Segment 2,21155,4233.3,1745,271,171
Segment 2,21156,4122.3,2238,245,174
Segment 2,21157,94.5,45,11,9
Segment 2,21158,517.35,1033,132,94
Segment 2,21159,369.72999999999996,717,90,64
Segment 2,21161,184.14999999999998,127,32,23
Segment 2,21162,512.1899999999999,979,119,91
Segment 2,21163,453.78999999999996,851,97,78
Segment 2,21164,3190.3500000000004,1101,203,138
Segment 2,21165,4433.83,2719,308,156
Segment 2,21166,8851.68,4437,494,250
Segment 2,21167,177.24,844,18,14
Segment 2,21169,3820.88,2312,281,163
Segment 2,21171,236.35,163,48,36
Segment 2,21172,2975.3999999999996,2052,307,204
Segment 2,21174,4550.67,2206,312,192
Segment 2,21175,12595.5,5231,587,290
Segment 2,21179,796.42,1310,140,107
Segment 2,21181,13520.2,6687,583,301
Segment 2,21187,279.15,175,21,20
Segment 2,21188,530.2500000000001,183,26,21
Segment 2,21189,199.64999999999998,121,25,23
Segment 2,21190,13.2,8,5,5
Segment 2,21191,373.8,178,30,26
Segment 2,21192,1211.6999999999998,810,32,25
Segment 2,21194,278.15000000000003,303,35,32
Segment 2,21195,339.3,261,20,18
Segment 2,21196,87.44999999999999,53,7,7
Segment 2,21197,233.30999999999997,183,11,11
Segment 2,21198,687.93,709,39,39
Segment 2,21199,637.14,714,40,39
Segment 2,21200,1098.4499999999998,817,33,27
Segment 2,21201,2401.9500000000003,1069,57,34
Segment 2,21202,192.89999999999998,146,15,15
Segment 2,21204,527.9999999999999,320,43,36
Segment 2,21205,367.2,144,39,35
Segment 2,21206,1110.8999999999999,778,66,47
Segment 2,21207,770.55,467,67,63
Segment 2,21208,259.10999999999996,435,39,35
Segment 2,21209,294.3,500,40,35
Segment 2,21210,4682.099999999999,3282,300,206
Segment 2,21211,372.65,257,50,45
Segment 2,21212,8649.95,16181,850,552
Segment 2,21213,3699.05,7151,405,247
Segment 2,21215,391.95000000000005,741,56,45
Segment 2,21216,5846.45,1275,203,127
Segment 2,21217,6253.249999999999,655,215,143
Segment 2,21218,4556.25,1311,155,107
Segment 2,21219,361.25,289,36,32
Segment 2,21220,230.0,184,31,29
Segment 2,21221,233.75,187,22,22
Segment 2,21222,182.5,146,24,22
Segment 2,21224,701.25,561,64,48
Segment 2,21226,3.75,3,3,3
Segment 2,21228,5.0,4,1,1
Segment 2,21231,4299.52,3560,295,166
Segment 2,21232,8688.36,7324,464,246
Segment 2,21238,1793.77,2151,230,128
Segment 2,21239,1311.51,1587,170,122
Segment 2,21240,1635.5,2022,177,126
Segment 2,21242,2558.52,1548,171,119
Segment 2,21243,1821.68,1112,112,82
Segment 2,21244,1737.1799999999998,1062,111,87
Segment 2,21245,866.97,513,78,58
Segment 2,21246,656.4000000000001,136,32,28
Segment 2,21248,233.45,161,48,41
Segment 2,21249,1135.3500000000001,393,62,55
Segment 2,21250,153.4,52,15,13
Segment 2,21251,389.40000000000003,132,28,26
Segment 2,21253,97.35000000000001,33,11,10
Segment 2,21257,2583.35,333,124,79
Segment 2,21258,2229.15,185,70,47
Segment 2,21259,3533.1000000000004,618,188,105
Segment 2,21260,2369.25,777,115,86
Segment 2,21261,320.05,99,18,17
Segment 2,21262,584.1000000000001,198,43,37
Segment 2,21263,200.85,103,26,26
Segment 2,21264,390.0,200,35,31
Segment 2,21265,175.5,90,12,11
Segment 2,21268,0.84,2,1,1
Segment 2,21269,212.5,25,16,15
Segment 2,21270,102.0,8,7,7
Segment 2,21272,372.5,298,53,44
Segment 2,21275,169.5,10,9,9
Segment 2,21277,363.2,17,16,15
Segment 2,21278,79.05,31,7,7
Segment 2,21279,150.45,59,11,11
Segment 2,21280,150.45,59,11,11
Segment 2,21281,89.24999999999999,35,6,6
Segment 2,21284,180.70000000000002,190,18,18
Segment 2,21285,215.67000000000002,211,20,20
Segment 2,21286,213.37,159,14,14
Segment 2,21287,456.09000000000003,1056,43,40
Segment 2,21288,540.5500000000001,193,31,25
Segment 2,21289,293.75,235,16,16
Segment 2,21291,605.1999999999999,712,32,25
Segment 2,21292,291.09,417,21,20
Segment 2,21293,199.50000000000003,95,15,12
Segment 2,21294,624.74,1302,51,39
Segment 2,21306,130.89999999999998,364,30,30
Segment 2,21307,35.72,67,12,10
Segment 2,21311,141.33999999999997,400,39,35
Segment 2,21313,1275.59,1643,95,74
Segment 2,21314,5514.1,2701,282,165
Segment 2,21316,76.42000000000002,94,5,5
Segment 2,21317,408.75,75,22,20
Segment 2,21318,218.16,330,29,28
Segment 2,21319,37.769999999999996,29,8,8
Segment 2,21320,25.57,19,4,4
Segment 2,21324,150.45000000000002,51,17,17
Segment 2,21326,3955.9,6518,219,132
Segment 2,21327,775.4999999999999,470,122,90
Segment 2,21328,1032.8999999999999,626,159,121
Segment 2,21329,843.1499999999999,511,144,111
Segment 2,21331,127.5,10,6,6
Segment 2,21332,88.35,9,6,6
Segment 2,21333,162.25,55,15,15
Segment 2,21336,20.650000000000002,7,2,2
Segment 2,21340,8051.5,738,212,136
Segment 2,21344,139.29999999999998,14,5,5
Segment 2,21348,70.05,27,4,4
Segment 2,21349,33.75,5,4,4
Segment 2,21351,500.2,76,26,24
Segment 2,21352,608.3000000000001,174,27,26
Segment 2,21354,648.25,557,55,46
Segment 2,21355,751.25,601,92,83
Segment 2,21356,203.75,163,35,30
Segment 2,21357,23.75,19,10,9
Segment 2,21358,346.25,277,53,48
Segment 2,21359,510.35,73,20,17
Segment 2,21360,116.9,22,10,10
Segment 2,21361,860.1,70,43,35
Segment 2,21363,806.85,163,69,53
Segment 2,21364,141.75,21,17,15
Segment 2,21365,338.25,319,37,31
Segment 2,21366,80.75,19,7,6
Segment 2,21367,85.65,107,27,25
Segment 2,21368,83.85,107,26,22
Segment 2,21369,127.5,86,12,11
Segment 2,21370,25.9,10,6,6
Segment 2,21371,259.65,255,28,24
Segment 2,21372,54.400000000000006,52,18,14
Segment 2,21373,323.25,431,40,36
Segment 2,21374,287.5,210,35,33
Segment 2,21375,107.30000000000001,22,10,9
Segment 2,21376,138.75,27,12,12
Segment 2,21377,110.00999999999999,85,16,15
Segment 2,21378,137.1,106,17,16
Segment 2,21379,118.11,111,18,17
Segment 2,21380,3530.15,1265,150,117
Segment 2,21381,1502.41,889,98,72
Segment 2,21382,834.7,714,73,51
Segment 2,21383,453.05,697,69,68
Segment 2,21385,2165.7999999999997,2548,175,129
Segment 2,21386,173.89,481,33,32
Segment 2,21389,688.5,810,75,66
Segment 2,21390,2582.5,2066,138,100
Segment 2,21391,699.0,779,63,59
Segment 2,21392,25.53,26,5,4
Segment 2,21393,38.67,29,7,7
Segment 2,21394,1316.6399999999999,3304,99,75
Segment 2,21395,924.6899999999999,2371,68,55
Segment 2,21397,366.29999999999995,840,37,36
Segment 2,21398,415.40999999999997,995,37,32
Segment 2,21399,642.7199999999999,1591,51,40
Segment 2,21400,79.2,610,37,34
Segment 2,21401,94.86,698,48,41
Segment 2,21402,113.52,946,51,45
Segment 2,21403,157.92,1166,58,50
Segment 2,21407,798.75,192,84,69
Segment 2,21408,475.65,159,44,35
Segment 2,21411,1676.0,472,147,123
Segment 2,21413,23.75,19,7,5
Segment 2,21414,2.1,1,1,1
Segment 2,21415,335.83000000000004,183,26,21
Segment 2,21416,18.75,5,4,4
Segment 2,21417,373.6,259,26,18
Segment 2,21418,82.1,46,9,8
Segment 2,21420,57.870000000000005,39,10,9
Segment 2,21421,117.5,94,11,9
Segment 2,21422,423.3,498,31,22
Segment 2,21424,264.75,93,16,15
Segment 2,21425,82.60000000000001,28,11,7
Segment 2,21426,187.20000000000002,92,13,12
Segment 2,21427,107.10000000000001,51,17,16
Segment 2,21428,2635.5,654,145,102
Segment 2,21429,2047.5,1102,184,130
Segment 2,21430,5574.99,1565,271,161
Segment 2,21439,940.0,752,50,42
Segment 2,21441,144.72,264,26,24
Segment 2,21442,152.91,255,26,23
Segment 2,21445,227.5,182,15,13
Segment 2,21446,356.25,285,59,42
Segment 2,21447,723.75,579,70,47
Segment 2,21448,389.4,236,53,41
Segment 2,21452,1579.7000000000003,542,109,92
Segment 2,21454,249.04999999999998,293,41,39
Segment 2,21455,198.89999999999998,234,26,26
Segment 2,21456,163.75,131,16,15
Segment 2,21457,138.75,111,15,14
Segment 2,21458,173.75,139,16,15
Segment 2,21459,113.1,58,14,12
Segment 2,21460,37.05,19,7,7
Segment 2,21461,13.65,7,3,3
Segment 2,21462,645.75,149,54,48
Segment 2,21463,3010.75,575,109,59
Segment 2,21464,918.0,216,93,48
Segment 2,21465,581.25,155,53,48
Segment 2,21466,813.9,226,77,60
Segment 2,21467,487.5,130,55,44
Segment 2,21468,393.75,105,43,37
Segment 2,21469,723.75,193,60,52
Segment 2,21470,855.0,228,81,63
Segment 2,21471,795.0,212,67,60
Segment 2,21472,330.0,88,23,20
Segment 2,21473,418.95,21,17,15
Segment 2,21476,433.54999999999995,29,17,13
Segment 2,21479,5577.82,1430,311,213
Segment 2,21481,5378.39,1641,306,206
Segment 2,21484,3917.15,1027,227,170
Segment 2,21485,8780.85,1835,426,305
Segment 2,21486,22.5,6,3,3
Segment 2,21488,11.850000000000001,3,2,2
Segment 2,21494,1234.7,1006,100,71
Segment 2,21495,1665.0,4050,128,82
Segment 2,21497,2035.5,4875,182,149
Segment 2,21498,2896.74,6897,259,198
Segment 2,21499,1815.0,4350,165,146
Segment 2,21500,1722.0,4100,163,135
Segment 2,21503,199.5,475,19,19
Segment 2,21504,403.2,960,65,55
Segment 2,21506,1184.4,2820,208,146
Segment 2,21507,948.24,2268,156,120
Segment 2,21508,624.96,1488,111,91
Segment 2,21509,912.24,2172,160,125
Segment 2,21518,96.9,241,15,14
Segment 2,21519,1086.9,2629,161,85
Segment 2,21520,177.54,433,31,27
Segment 2,21523,8078.85,1095,292,164
Segment 2,21524,8196.6,1109,330,207
Segment 2,21527,2690.55,349,120,84
Segment 2,21528,1033.55,149,76,54
Segment 2,21530,543.65,587,63,53
Segment 2,21531,2013.4499999999998,815,164,118
Segment 2,21533,4681.05,983,276,183
Segment 2,21534,1349.4,276,112,85
Segment 2,21535,3604.6499999999996,1439,272,181
Segment 2,21537,765.0,180,48,45
Segment 2,21538,18.75,5,2,2
Segment 2,21539,3371.8500000000004,699,187,111
Segment 2,21544,979.1999999999999,1152,95,68
Segment 2,21547,177.00000000000003,60,14,11
Segment 2,21555,104.55,41,9,8
Segment 2,21556,462.45,187,37,31
Segment 2,21557,642.3000000000001,234,30,20
Segment 2,21558,3241.2,1324,222,147
Segment 2,21559,5319.0,2160,350,211
Segment 2,21561,1443.3,566,133,103
Segment 2,21562,190.0,152,19,15
Segment 2,21563,1532.46,666,101,78
Segment 2,21564,1057.8600000000001,486,71,55
Segment 2,21576,285.75,127,34,32
Segment 2,21577,1102.5,490,104,84
Segment 2,21578,976.5,434,68,59
Segment 2,21579,283.5,126,26,25
Segment 2,21580,202.5,90,24,21
Segment 2,21581,299.25,133,34,29
Segment 2,21584,1415.0,860,129,106
Segment 2,21586,1589.25,691,61,49
Segment 2,21587,414.45,171,24,23
Segment 2,21588,3098.25,1359,113,85
Segment 2,21591,1350.14,1102,132,105
Segment 2,21592,1470.47,1347,185,138
Segment 2,21609,820.1000000000001,278,61,51
Segment 2,21613,606.2,212,36,35
Segment 2,21614,132.75000000000003,45,6,6
Segment 2,21615,846.25,589,84,72
Segment 2,21616,840.0,576,84,67
Segment 2,21617,686.75,369,63,51
Segment 2,21618,378.75,249,45,42
Segment 2,21619,822.5,582,100,81
Segment 2,21620,1061.25,701,112,85
Segment 2,21621,11745.95,1382,326,214
Segment 2,21622,1522.65,311,80,66
Segment 2,21623,5400.65,583,175,121
Segment 2,21624,809.2,136,61,56
Segment 2,21625,1862.6000000000001,268,102,87
Segment 2,21626,1140.75,585,64,54
Segment 2,21627,358.79999999999995,24,17,7
Segment 2,21628,209.29999999999998,14,8,6
Segment 2,21629,119.25,15,10,6
Segment 2,21630,116.35,13,12,3
Segment 2,21631,344.55000000000007,85,8,8
Segment 2,21632,142.20000000000002,36,3,3
Segment 2,21633,123.9,18,6,6
Segment 2,21634,294.12,516,18,17
Segment 2,21635,141.25,103,10,10
Segment 2,21636,481.65,635,57,50
Segment 2,21637,113.75,91,5,5
Segment 2,21638,294.0,140,23,20
Segment 2,21640,333.2,392,36,34
Segment 2,21641,143.1,366,16,14
Segment 2,21642,560.9399999999999,1718,72,67
Segment 2,21643,300.0,240,21,19
Segment 2,21644,236.25,189,29,26
Segment 2,21647,207.90000000000003,99,19,16
Segment 2,21648,544.7,454,24,22
Segment 2,21650,303.64000000000004,1494,46,38
Segment 2,21651,162.14999999999998,107,8,7
Segment 2,21654,267.95,543,37,32
Segment 2,21656,126.14999999999999,87,12,10
Segment 2,21657,180.7,26,14,10
Segment 2,21658,2036.72,544,101,69
Segment 2,21661,11.9,2,2,2
Segment 2,21662,124.95,21,12,10
Segment 2,21664,150.0,40,14,12
Segment 2,21666,214.50000000000003,330,29,17
Segment 2,21668,4003.47,3115,251,146
Segment 2,21669,4624.38,3594,278,145
Segment 2,21670,3821.71,3035,230,134
Segment 2,21671,3938.37,3145,229,143
Segment 2,21672,3906.5699999999997,3117,221,139
Segment 2,21673,3434.27,2735,212,135
Segment 2,21675,368.04999999999995,433,40,39
Segment 2,21676,130.89999999999998,154,19,17
Segment 2,21677,447.95,527,56,50
Segment 2,21678,83.3,98,15,15
Segment 2,21679,625.5999999999999,736,69,54
Segment 2,21680,627.3,738,47,37
Segment 2,21681,19.9,2,2,2
Segment 2,21682,678.15,137,38,30
Segment 2,21683,587.0500000000001,199,40,34
Segment 2,21684,225.24999999999997,265,27,21
Segment 2,21686,319.6,8,6,4
Segment 2,21688,613.6000000000001,208,31,28
Segment 2,21689,247.5,66,18,17
Segment 2,21690,82.5,22,7,6
Segment 2,21692,48.75,13,6,6
Segment 2,21693,672.6000000000001,228,29,29
Segment 2,21694,168.15000000000003,57,11,11
Segment 2,21695,622.45,211,28,28
Segment 2,21696,448.4000000000001,152,22,20
Segment 2,21698,87.69,193,18,18
Segment 2,21700,855.9499999999999,1007,71,48
Segment 2,21703,1191.9,2879,183,142
Segment 2,21704,1920.86,2414,150,117
Segment 2,21705,1121.07,1119,96,82
Segment 2,21706,851.4,172,57,45
Segment 2,21707,435.6,88,34,32
Segment 2,21708,569.25,115,26,23
Segment 2,21709,311.85,63,23,23
Segment 2,21710,306.90000000000003,62,23,22
Segment 2,21711,366.3,74,20,20
Segment 2,21713,1051.2,512,99,83
Segment 2,21714,1046.25,837,110,91
Segment 2,21715,1525.05,615,100,89
Segment 2,21716,1752.8999999999999,710,96,85
Segment 2,21717,437.84999999999997,183,30,28
Segment 2,21718,1065.0,852,101,82
Segment 2,21719,201.45,237,30,26
Segment 2,21720,47.599999999999994,56,7,7
Segment 2,21721,124.94999999999999,147,17,17
Segment 2,21722,51.849999999999994,61,13,12
Segment 2,21723,252.45,297,29,25
Segment 2,21724,242.25,285,48,41
Segment 2,21725,129.2,152,20,20
Segment 2,21726,134.29999999999998,158,27,25
Segment 2,21730,1239.3000000000002,258,79,61
Segment 2,21731,10123.05,6205,413,217
Segment 2,21733,9891.150000000001,3501,553,325
Segment 2,21735,1572.15,125,59,43
Segment 2,21736,79.80000000000001,38,2,2
Segment 2,21738,120.95000000000002,41,16,15
Segment 2,21739,306.8,104,31,29
Segment 2,21741,365.8,124,26,25
Segment 2,21742,928.2,156,72,61
Segment 2,21743,215.35000000000002,73,19,18
Segment 2,21744,893.8500000000001,303,67,62
Segment 2,21745,3144.36,860,188,104
Segment 2,21746,2499.03,2043,160,103
Segment 2,21747,351.25,281,35,26
Segment 2,21749,1070.1000000000001,521,79,63
Segment 2,21750,109.20000000000002,52,12,11
Segment 2,21754,13087.95,2217,608,315
Segment 2,21755,8978.550000000001,1515,462,281
Segment 2,21756,3746.8500000000004,627,203,146
Segment 2,21757,29.700000000000003,6,3,3
Segment 2,21758,195.95000000000002,31,13,12
Segment 2,21761,269.55,9,9,9
Segment 2,21763,89.85,3,2,2
Segment 2,21770,4111.650000000001,851,264,213
Segment 2,21773,314.47,395,41,37
Segment 2,21774,312.65999999999997,282,42,35
Segment 2,21775,261.25,209,36,31
Segment 2,21777,55.65,7,3,3
Segment 2,21781,1653.7,114,67,40
Segment 2,21784,338.29999999999995,34,24,17
Segment 2,21785,0.85,1,1,1
Segment 2,21786,425.88,1014,68,46
Segment 2,21787,1827.6,2184,135,100
Segment 2,21788,700.5,858,59,53
Segment 2,21789,589.9,694,59,49
Segment 2,21790,5395.67,6491,534,354
Segment 2,21791,4931.88,4044,380,272
Segment 2,21792,1097.0,260,59,49
Segment 2,21793,762.2,188,45,44
Segment 2,21794,1549.3500000000001,383,79,69
Segment 2,21801,176.4,420,20,20
Segment 2,21802,344.4,820,39,38
Segment 2,21803,368.76,878,41,39
Segment 2,21804,337.5,90,31,30
Segment 2,21807,158.34,377,23,22
Segment 2,21808,321.25,87,20,20
Segment 2,21809,754.64,1344,66,59
Segment 2,21810,1954.37,4235,150,114
Segment 2,21811,1690.9099999999999,3189,129,105
Segment 2,21812,668.25,135,32,29
Segment 2,21813,757.35,153,36,36
Segment 2,21814,102.95,71,12,11
Segment 2,21815,155.14999999999998,107,17,14
Segment 2,21816,47.849999999999994,33,7,6
Segment 2,21817,326.15000000000003,703,47,42
Segment 2,21818,1063.73,2205,130,105
Segment 2,21819,851.87,1959,106,85
Segment 2,21820,611.25,163,42,36
Segment 2,21821,288.75,77,25,24
Segment 2,21822,334.40000000000003,344,43,37
Segment 2,21823,511.06999999999994,775,57,50
Segment 2,21824,557.2099999999999,1089,60,52
Segment 2,21826,92.5,74,14,12
Segment 2,21827,2.5,2,2,2
Segment 2,21828,338.75,271,57,43
Segment 2,21829,1083.8999999999999,5254,112,89
Segment 2,21830,887.88,2114,73,56
Segment 2,21832,1098.8999999999999,666,96,75
Segment 2,21833,2368.8,1440,89,69
Segment 2,21836,11.25,3,2,2
Segment 2,21839,5.45,1,1,1
Segment 2,21841,297.5,70,19,18
Segment 2,21843,11180.0,1092,344,211
Segment 2,21844,2900.8500000000004,1011,116,87
Segment 2,21845,1388.5,1486,70,55
Segment 2,21846,274.55,59,16,9
Segment 2,21847,29.700000000000003,6,4,4
Segment 2,21849,232.65000000000003,47,19,14
Segment 2,21850,118.80000000000001,24,20,11
Segment 2,21851,99.0,20,11,10
Segment 2,21864,884.1,462,79,52
Segment 2,21865,350.70000000000005,167,54,41
Segment 2,21866,485.0,388,83,68
Segment 2,21867,237.5,190,56,46
Segment 2,21868,2472.03,1983,204,135
Segment 2,21870,1471.32,1188,128,91
Segment 2,21871,2696.25,1973,226,116
Segment 2,21872,613.38,498,95,71
Segment 2,21873,493.34,562,69,52
Segment 2,21874,1887.05,1405,182,104
Segment 2,21875,788.89,653,94,74
Segment 2,21876,1806.1299999999999,1781,165,121
Segment 2,21877,2943.97,2193,249,151
Segment 2,21878,1266.5,1490,132,103
Segment 2,21879,205.56000000000003,588,45,40
Segment 2,21880,492.24000000000007,1080,78,70
Segment 2,21881,182.71,383,33,29
Segment 2,21882,109.28000000000002,304,28,27
Segment 2,21883,503.32000000000005,1148,80,71
Segment 2,21884,197.01000000000002,405,35,35
Segment 2,21888,3097.83,833,215,172
Segment 2,21889,3785.0,3028,352,276
Segment 2,21890,1896.1000000000001,598,136,117
Segment 2,21891,3229.7,2318,269,220
Segment 2,21892,2430.14,1966,227,197
Segment 2,21894,407.5,326,51,47
Segment 2,21895,4.25,1,1,1
Segment 2,21896,665.7,317,71,66
Segment 2,21898,20.650000000000002,7,5,5
Segment 2,21899,1040.65,1601,188,134
Segment 2,21900,1326.65,2041,239,151
Segment 2,21901,976.95,1503,214,129
Segment 2,21902,728.6500000000001,1121,142,101
Segment 2,21903,1377.6000000000001,656,126,99
Segment 2,21904,100.80000000000001,48,21,19
Segment 2,21905,460.91,406,92,72
Segment 2,21906,1705.9,266,73,58
Segment 2,21907,3940.8000000000006,1888,295,185
Segment 2,21908,4454.400000000001,2144,317,194
Segment 2,21910,19.799999999999997,12,6,6
Segment 2,21911,113.84999999999998,69,17,16
Segment 2,21912,3021.12,816,201,166
Segment 2,21913,940.11,253,76,63
Segment 2,21914,6441.9,5190,423,264
Segment 2,21915,8058.25,6629,430,281
Segment 2,21916,1393.86,3401,201,139
Segment 2,21917,1085.16,2666,142,110
Segment 2,21918,1493.64,3558,236,168
Segment 2,21922,3993.6000000000004,528,131,86
Segment 2,21925,350.0,280,31,28
Segment 2,21926,356.15,291,34,28
Segment 2,21927,418.65,341,41,33
Segment 2,21928,9491.85,4797,452,229
Segment 2,21929,9325.93,4722,491,259
Segment 2,21930,7761.41,3954,397,195
Segment 2,21931,13568.45,6878,662,290
Segment 2,21932,2858.65,1623,266,189
Segment 2,21933,2700.8,1536,236,172
Segment 2,21934,1229.25,745,84,63
Segment 2,21935,1570.8,952,122,96
Segment 2,21936,5639.05,1959,312,193
Segment 2,21937,3101.4,1092,178,128
Segment 2,21942,92.05,111,19,11
Segment 2,21943,48.449999999999996,57,10,7
Segment 2,21944,146.10999999999999,193,30,22
Segment 2,21945,139.79,165,25,24
Segment 2,21946,58.9,72,11,8
Segment 2,21947,477.5,382,61,54
Segment 2,21948,242.5,194,37,30
Segment 2,21949,539.7,450,49,41
Segment 2,21955,2258.25,301,118,84
Segment 2,21967,699.79,2181,139,109
Segment 2,21972,387.15,267,36,32
Segment 2,21973,191.4,132,26,21
Segment 2,21974,2159.0499999999997,1489,181,142
Segment 2,21975,3409.7000000000003,6398,412,249
Segment 2,21976,1600.3000000000002,2938,219,162
Segment 2,21977,5454.400000000001,10456,544,341
Segment 2,21980,1176.9499999999998,3735,193,158
Segment 2,21981,814.2199999999999,2598,146,123
Segment 2,21982,1061.83,3357,197,157
Segment 2,21983,417.54999999999995,1315,90,77
Segment 2,21984,563.9899999999999,1741,117,102
Segment 2,21985,1464.6499999999999,4685,284,224
Segment 2,21986,597.9399999999999,1866,118,94
Segment 2,21987,703.3000000000001,1082,123,94
Segment 2,21988,897.5999999999999,1056,122,88
Segment 2,21989,1034.45,1217,165,115
Segment 2,21990,1200.1,888,136,112
Segment 2,21991,489.55,359,84,72
Segment 2,21992,1254.95,921,167,141
Segment 2,21993,1372.35,1019,169,135
Segment 2,22021,405.9,246,54,51
Segment 2,22023,418.32,996,72,60
Segment 2,22024,611.7,1477,101,76
Segment 2,22025,496.08,1212,73,64
Segment 2,22026,499.68,1200,81,62
Segment 2,22027,1175.76,2820,207,147
Segment 2,22028,893.52,2148,147,104
Segment 2,22029,1820.16,4344,321,205
Segment 2,22030,1242.72,3000,200,157
Segment 2,22031,136.08,324,26,25
Segment 2,22032,131.46,313,27,25
Segment 2,22033,115.92,276,19,18
Segment 2,22034,1.26,3,1,1
Segment 2,22035,388.08,924,71,54
Segment 2,22037,1204.98,2869,217,150
Segment 2,22038,157.5,375,15,15
Segment 2,22039,84.0,200,5,4
Segment 2,22040,262.5,625,24,24
Segment 2,22041,6188.25,2809,121,53
Segment 2,22042,146.16,348,24,23
Segment 2,22043,204.12,900,37,36
Segment 2,22044,182.28,756,33,33
Segment 2,22045,1942.5,4625,169,124
Segment 2,22046,640.5,1525,56,48
Segment 2,22047,1163.5,2875,88,78
Segment 2,22048,294.0,700,28,28
Segment 2,22049,163.75,650,23,22
Segment 2,22050,357.0,850,32,29
Segment 2,22051,346.5,825,33,30
Segment 2,22052,197.82,471,19,19
Segment 2,22053,354.75,299,21,18
Segment 2,22055,943.24,752,107,76
Segment 2,22057,474.57,413,46,37
Segment 2,22059,1620.4499999999998,1409,130,75
Segment 2,22060,838.35,165,26,24
Segment 2,22061,2511.9,378,99,65
Segment 2,22062,404.23,321,42,35
Segment 2,22063,674.48,296,67,47
Segment 2,22064,1671.6,1204,140,72
Segment 2,22065,2106.62,4752,139,115
Segment 2,22066,744.62,1594,108,81
Segment 2,22067,465.78,322,43,27
Segment 2,22068,391.83,365,74,51
Segment 2,22069,138.48,158,28,21
Segment 2,22070,1116.09,339,61,49
Segment 2,22071,895.29,295,62,57
Segment 2,22072,2227.83,703,124,79
Segment 2,22073,872.94,242,42,35
Segment 2,22074,558.12,658,54,52
Segment 2,22075,924.93,753,97,86
Segment 2,22076,1083.9599999999998,870,91,85
Segment 2,22077,10975.8,6238,613,346
Segment 2,22078,1388.1,661,119,85
Segment 2,22079,2047.65,1241,186,161
Segment 2,22080,1245.75,755,111,103
Segment 2,22081,706.2,428,70,60
Segment 2,22082,2829.75,1715,270,204
Segment 2,22083,8056.650000000001,2807,368,251
Segment 2,22084,7962.550000000001,2825,306,227
Segment 2,22085,739.2,256,59,50
Segment 2,22086,25536.75,9245,790,502
Segment 2,22087,7313.400000000001,2692,186,121
Segment 2,22088,2712.8500000000004,963,119,93
Segment 2,22089,1945.7500000000002,665,133,112
Segment 2,22090,9420.900000000001,3302,421,262
Segment 2,22091,871.3000000000001,1848,116,89
Segment 2,22092,270.62,566,75,68
Segment 2,22093,669.99,1579,141,107
Segment 2,22094,597.6800000000001,1312,122,100
Segment 2,22095,1340.4,1364,84,64
Segment 2,22096,247.06,596,94,76
Segment 2,22097,534.85,1195,119,99
Segment 2,22098,669.38,1390,125,88
Segment 2,22099,631.78,1342,115,92
Segment 2,22100,161.74,364,31,30
Segment 2,22101,406.02,721,16,15
Segment 2,22102,634.2,1484,11,10
Segment 2,22103,439.29,981,9,8
Segment 2,22104,66.69999999999999,46,6,6
Segment 2,22105,558.0,504,9,8
Segment 2,22106,374.25,251,7,6
Segment 2,22107,672.5,198,51,38
Segment 2,22108,108.75,59,13,12
Segment 2,22109,2840.73,799,123,79
Segment 2,22110,1047.1499999999999,417,123,97
Segment 2,22111,11800.650000000001,2479,549,354
Segment 2,22112,17411.4,3772,566,308
Segment 2,22113,8512.76,2170,423,276
Segment 2,22114,10214.5,2550,429,271
Segment 2,22115,1247.74,1090,155,127
Segment 2,22116,375.38,374,75,57
Segment 2,22117,481.45000000000005,223,61,50
Segment 2,22118,683.9,202,71,60
Segment 2,22119,1348.8,272,86,71
Segment 2,22120,3990.0499999999997,415,144,104
Segment 2,22121,1231.45,211,93,80
Segment 2,22123,582.13,343,56,50
Segment 2,22124,63.470000000000006,53,12,12
Segment 2,22125,23.8,4,1,1
Segment 2,22127,195.0,156,10,10
Segment 2,22128,833.75,667,45,39
Segment 2,22129,265.2,312,20,20
Segment 2,22130,1071.83,1283,73,68
Segment 2,22131,1337.55,697,142,99
Segment 2,22132,475.99999999999994,560,56,45
Segment 2,22133,433.49999999999994,510,46,32
Segment 2,22134,120.12,286,28,24
Segment 2,22135,76.86,183,22,16
Segment 2,22136,288.74999999999994,175,37,30
Segment 2,22137,94.4,32,6,6
Segment 2,22138,14180.7,2998,655,446
Segment 2,22139,15267.900000000001,3210,669,403
Segment 2,22141,3780.9000000000005,1839,294,229
Segment 2,22142,3272.0499999999997,2293,275,228
Segment 2,22144,5276.200000000001,2582,351,273
Segment 2,22146,1.95,1,1,1
Segment 2,22147,4384.45,3069,367,242
Segment 2,22148,2119.35,1093,140,131
Segment 2,22149,5867.5,2895,377,279
Segment 2,22150,3836.3999999999996,2000,326,245
Segment 2,22151,4562.28,11418,237,150
Segment 2,22152,584.64,1392,76,63
Segment 2,22153,861.78,2093,74,53
Segment 2,22154,1085.28,2584,93,74
Segment 2,22155,855.54,2037,79,62
Segment 2,22156,1186.47,1396,122,88
Segment 2,22157,180.2,212,11,11
Segment 2,22158,5801.400000000001,2036,223,167
Segment 2,22161,481.28000000000003,2182,113,91
Segment 2,22162,241.9,82,22,19
Segment 2,22163,408.61,427,40,34
Segment 2,22164,191.75000000000003,65,11,10
Segment 2,22165,827.0500000000001,99,36,25
Segment 2,22166,182.85,23,14,11
Segment 2,22167,736.3,74,46,32
Segment 2,22168,950.3,113,59,54
Segment 2,22169,5709.45,704,225,132
Segment 2,22170,3607.65,543,172,115
Segment 2,22171,5307.400000000001,640,249,141
Segment 2,22173,5180.16,1772,279,180
Segment 2,22174,1676.85,1041,118,89
Segment 2,22175,1398.3000000000002,474,106,68
Segment 2,22176,1169.65,403,80,50
Segment 2,22178,19363.65,14821,628,307
Segment 2,22179,3693.9,570,132,82
Segment 2,22180,2029.8,204,104,73
Segment 2,22181,365.5,430,37,34
Segment 2,22182,421.45000000000005,127,23,23
Segment 2,22183,335.70000000000005,54,10,10
Segment 2,22184,51.0,6,3,2
Segment 2,22185,1601.7299999999998,1157,100,93
Segment 2,22186,1323.6,628,98,96
Segment 2,22187,1992.25,945,121,107
Segment 2,22188,1938.22,506,124,101
Segment 2,22189,6550.18,1694,354,221
Segment 2,22190,328.86,329,34,32
Segment 2,22191,6239.0,740,329,194
Segment 2,22192,5927.9,707,293,149
Segment 2,22193,7616.0,914,355,170
Segment 2,22194,365.5,43,28,19
Segment 2,22195,2290.7,1398,179,129
Segment 2,22196,1444.1499999999999,1699,198,123
Segment 2,22197,16544.399999999998,21024,847,344
Segment 2,22198,1166.05,737,48,38
Segment 2,22199,1199.5,336,90,65
Segment 2,22200,1048.25,289,62,41
Segment 2,22201,336.25,101,36,25
Segment 2,22202,135.0,36,15,14
Segment 2,22203,838.75,255,79,67
Segment 2,22204,252.5,82,25,19
Segment 2,22207,2324.0,580,70,52
Segment 2,22208,1036.12,1088,169,132
Segment 2,22209,627.8499999999999,629,102,87
Segment 2,22210,565.62,638,121,104
Segment 2,22211,694.04,664,108,89
Segment 2,22212,2496.6600000000003,1217,204,130
Segment 2,22214,194.91,93,15,14
Segment 2,22215,1916.2,289,72,56
Segment 2,22216,140.51999999999998,276,16,13
Segment 2,22217,496.03,553,56,55
Segment 2,22218,4.25,1,1,1
Segment 2,22219,2111.4,2484,245,152
Segment 2,22220,978.4499999999999,143,51,46
Segment 2,22221,702.35,85,30,26
Segment 2,22222,1617.75,521,96,81
Segment 2,22223,579.75,177,31,24
Segment 2,22224,1302.95,449,83,65
Segment 2,22227,906.7500000000001,1395,118,67
Segment 2,22228,489.80999999999995,665,78,72
Segment 2,22229,284.54999999999995,397,54,51
Segment 2,22230,201.27999999999997,416,51,43
Segment 2,22231,569.61,585,88,77
Segment 2,22232,458.64,542,56,50
Segment 2,22233,353.84999999999997,359,62,59
Segment 2,22236,2034.0,168,63,47
Segment 2,22241,1563.89,1273,135,110
Segment 2,22242,285.45,173,19,17
Segment 2,22243,1586.8499999999997,985,94,64
Segment 2,22244,1431.75,749,75,57
Segment 2,22245,516.8,608,45,38
Segment 2,22246,362.7,186,26,24
Segment 2,22247,354.45,417,51,49
Segment 2,22248,254.14999999999998,299,38,37
Segment 2,22249,418.2,492,65,63
Segment 2,22250,294.09999999999997,346,50,50
Segment 2,22251,508.75,407,62,56
Segment 2,22252,561.72,474,47,41
Segment 2,22254,415.0,332,29,28
Segment 2,22255,379.95,447,31,28
Segment 2,22256,216.25,173,27,26
Segment 2,22257,88.91,103,12,12
Segment 2,22258,398.14,446,31,30
Segment 2,22259,165.48,228,14,14
Segment 2,22260,203.14999999999998,239,32,28
Segment 2,22261,324.7,382,52,48
Segment 2,22262,492.99999999999994,580,58,48
Segment 2,22263,108.11,239,14,12
Segment 2,22264,404.78000000000003,998,34,32
Segment 2,22265,250.90000000000003,386,43,37
Segment 2,22266,358.79,903,70,62
Segment 2,22267,401.64,408,61,57
Segment 2,22268,426.22,1156,79,62
Segment 2,22269,355.65,515,62,50
Segment 2,22270,498.75,133,34,27
Segment 2,22271,3317.9500000000003,1141,208,152
Segment 2,22272,371.70000000000005,126,40,37
Segment 2,22273,3428.9500000000003,1177,227,171
Segment 2,22274,2518.9,862,188,142
Segment 2,22276,492.15,193,53,47
Segment 2,22277,581.9,289,56,50
Segment 2,22278,999.9000000000001,202,61,52
Segment 2,22279,498.45,417,38,37
Segment 2,22280,193.75,155,24,23
Segment 2,22281,511.70000000000005,86,32,31
Segment 2,22282,918.0,72,48,32
Segment 2,22283,1470.75,185,90,69
Segment 2,22284,1055.9999999999998,640,83,67
Segment 2,22285,1136.85,689,79,63
Segment 2,22286,644.9399999999999,720,68,56
Segment 2,22287,427.61999999999995,460,47,44
Segment 2,22288,431.25,345,32,30
Segment 2,22289,92.5,74,17,17
Segment 2,22291,1481.8999999999999,1022,77,62
Segment 2,22292,1064.3,734,82,70
Segment 2,22293,910.5999999999999,628,70,51
Segment 2,22294,4808.75,3847,215,142
Segment 2,22295,3073.95,1863,184,133
Segment 2,22296,3595.3499999999995,2179,233,160
Segment 2,22297,3260.0,2608,193,139
Segment 2,22299,1140.09,1243,39,35
Segment 2,22300,2132.5499999999997,849,121,81
Segment 2,22301,3594.15,1509,156,103
Segment 2,22302,3874.5,1602,165,111
Segment 2,22303,4751.7,1946,200,131
Segment 2,22304,598.35,241,35,29
Segment 2,22305,484.49999999999994,190,30,25
Segment 2,22306,961.73,843,82,69
Segment 2,22307,542.33,486,46,41
Segment 2,22308,158.1,62,24,22
Segment 2,22309,474.75,195,40,38
Segment 2,22310,343.09999999999997,214,25,21
Segment 2,22311,2347.7,878,75,54
Segment 2,22312,1333.4500000000003,467,83,56
Segment 2,22313,807.9000000000001,290,46,35
Segment 2,22314,1211.0500000000002,441,74,48
Segment 2,22315,632.5,506,95,80
Segment 2,22316,592.04,532,32,24
Segment 2,22317,297.95000000000005,101,27,26
Segment 2,22318,870.2500000000001,295,65,50
Segment 2,22319,469.18000000000006,1070,52,46
Segment 2,22320,731.85,123,50,41
Segment 2,22321,584.8,688,53,41
Segment 2,22322,290.7,342,33,26
Segment 2,22323,1.95,1,1,1
Segment 2,22324,397.04999999999995,211,21,18
Segment 2,22325,544.5,110,43,38
Segment 2,22326,11715.500000000002,4082,484,233
Segment 2,22327,1600.3500000000001,549,138,93
Segment 2,22328,7540.050000000001,2595,382,192
Segment 2,22329,1267.4999999999998,774,124,89
Segment 2,22331,1515.6,936,116,86
Segment 2,22332,1094.25,669,113,83
Segment 2,22333,3357.1499999999996,2087,209,145
Segment 2,22334,823.3499999999999,499,82,69
Segment 2,22335,816.85,1301,90,72
Segment 2,22336,332.55,1237,39,38
Segment 2,22337,207.35000000000002,319,22,21
Segment 2,22338,650.7600000000001,2982,92,82
Segment 2,22339,429.94,1630,39,36
Segment 2,22340,299.66999999999996,697,46,42
Segment 2,22341,348.15,211,24,24
Segment 2,22342,640.8,688,45,42
Segment 2,22343,631.15,1147,56,43
Segment 2,22344,252.91,505,37,28
Segment 2,22345,204.81,435,33,24
Segment 2,22346,223.06,472,28,20
Segment 2,22348,2057.83,2443,204,128
Segment 2,22349,1585.11,425,98,70
Segment 2,22350,994.4999999999999,390,76,54
Segment 2,22352,4607.549999999999,1881,279,170
Segment 2,22353,150.45,59,23,22
Segment 2,22354,1750.2,484,51,33
Segment 2,22355,4710.7,5802,454,206
Segment 2,22356,3633.3,4458,384,180
Segment 2,22357,1036.75,251,69,59
Segment 2,22358,993.4000000000001,340,88,71
Segment 2,22359,377.6,128,54,40
Segment 2,22360,828.2,284,103,82
Segment 2,22361,991.9000000000001,346,104,80
Segment 2,22362,536.9000000000001,182,69,53
Segment 2,22363,418.15000000000003,145,45,36
Segment 2,22364,667.4000000000001,236,72,58
Segment 2,22365,2493.9,336,97,63
Segment 2,22366,3067.17,407,123,79
Segment 2,22367,4264.349999999999,2241,374,254
Segment 2,22371,2351.85,567,188,117
Segment 2,22372,715.3,170,86,68
Segment 2,22374,1464.6,348,129,92
Segment 2,22375,821.55,195,84,59
Segment 2,22376,595.0,140,65,54
Segment 2,22377,993.5,610,82,66
Segment 2,22378,950.5,655,77,53
Segment 2,22379,8310.6,4211,345,157
Segment 2,22380,1855.18,953,162,94
Segment 2,22381,5338.9,2709,257,112
Segment 2,22382,10507.0,6380,845,430
Segment 2,22383,13691.75,8395,915,386
Segment 2,22384,11008.0,6720,796,389
Segment 2,22385,6561.9400000000005,3256,395,219
Segment 2,22386,18951.21,9769,713,305
Segment 2,22389,371.60999999999996,223,34,34
Segment 2,22390,366.78,218,23,21
Segment 2,22391,176.7,122,17,17
Segment 2,22393,546.06,338,43,39
Segment 2,22394,139.79999999999998,108,13,13
Segment 2,22395,121.47,117,12,12
Segment 2,22396,432.05,881,94,79
Segment 2,22398,1351.07,2225,208,151
Segment 2,22399,607.5,486,71,63
Segment 2,22400,519.8199999999999,1044,126,100
Segment 2,22402,714.6999999999999,1178,126,94
Segment 2,22403,424.23,901,75,64
Segment 2,22405,261.83,259,45,41
Segment 2,22406,224.95,235,47,42
Segment 2,22407,50.61,57,14,12
Segment 2,22408,135.29,133,19,18
Segment 2,22409,163.75,131,32,29
Segment 2,22410,165.9,174,36,28
Segment 2,22411,12752.51,6381,665,327
Segment 2,22412,1365.9,659,103,63
Segment 2,22413,3975.0500000000006,1367,295,192
Segment 2,22414,925.35,127,51,26
Segment 2,22415,143.1,18,12,12
Segment 2,22416,516.1999999999999,356,55,48
Segment 2,22417,2506.8500000000004,4643,338,233
Segment 2,22418,3712.7799999999997,4390,202,152
Segment 2,22419,752.04,1912,95,75
Segment 2,22420,376.98,969,52,43
Segment 2,22421,476.94,1207,72,56
Segment 2,22422,283.05,835,56,48
Segment 2,22423,79791.75,6789,1296,661
Segment 2,22424,5824.65,467,259,146
Segment 2,22425,1396.95,289,102,88
Segment 2,22426,1641.1000000000001,482,115,86
Segment 2,22427,7911.450000000001,1371,338,237
Segment 2,22428,1243.55,181,76,66
Segment 2,22429,3349.0,788,265,200
Segment 2,22430,1850.0,376,124,103
Segment 2,22431,2288.25,1203,216,130
Segment 2,22432,2149.7999999999997,1132,184,125
Segment 2,22433,1558.9499999999998,829,149,96
Segment 2,22434,1275.3,654,97,83
Segment 2,22435,2710.9,2228,183,135
Segment 2,22436,1246.7,1918,128,96
Segment 2,22437,1679.6,1976,152,125
Segment 2,22438,631.8,640,58,57
Segment 2,22439,916.5000000000001,1410,126,102
Segment 2,22440,738.36,1758,112,86
Segment 2,22441,1455.3000000000002,693,141,112
Segment 2,22442,961.95,241,64,60
Segment 2,22443,1041.45,131,70,55
Segment 2,22444,844.26,690,30,26
Segment 2,22445,1010.3500000000001,349,70,59
Segment 2,22446,250.60000000000002,98,20,19
Segment 2,22447,197.15,67,14,14
Segment 2,22448,474.35,151,29,24
Segment 2,22449,1009.3000000000001,302,69,51
Segment 2,22450,476.65000000000003,143,44,34
Segment 2,22451,607.2500000000001,187,33,31
Segment 2,22452,716.8500000000001,243,53,46
Segment 2,22453,551.6500000000001,187,34,30
Segment 2,22454,398.25000000000006,135,31,27
Segment 2,22456,4891.900000000001,1042,234,174
Segment 2,22457,16389.550000000003,5725,754,453
Segment 2,22458,153.0,60,11,10
Segment 2,22459,147.89999999999998,58,12,10
Segment 2,22460,1621.02,1326,120,89
Segment 2,22461,951.0500000000001,155,40,32
Segment 2,22464,3457.5699999999997,2233,217,150
Segment 2,22465,1757.9599999999998,1188,114,93
Segment 2,22466,2670.8999999999996,1414,121,91
Segment 2,22467,8875.2,3760,400,208
Segment 2,22468,2373.45,363,93,71
Segment 2,22469,13426.099999999999,8458,790,465
Segment 2,22470,11356.650000000001,3943,661,401
Segment 2,22471,607.0500000000001,159,51,43
Segment 2,22472,737.1,158,62,50
Segment 2,22473,671.4,212,57,46
Segment 2,22474,555.9,122,62,56
Segment 2,22475,576.6,128,63,44
Segment 2,22476,1756.5,730,62,51
Segment 2,22477,517.5,414,57,52
Segment 2,22478,526.25,421,52,49
Segment 2,22479,353.75,283,45,40
Segment 2,22480,497.5,398,60,53
Segment 2,22481,455.55,537,67,56
Segment 2,22482,263.75,211,39,34
Segment 2,22483,1052.4,360,93,71
Segment 2,22485,4103.4,332,125,111
Segment 2,22486,267.90000000000003,50,8,7
Segment 2,22487,4860.8,520,278,204
Segment 2,22488,3529.9499999999994,2215,246,175
Segment 2,22489,1952.58,4793,244,188
Segment 2,22491,1388.01,1677,156,127
Segment 2,22492,6801.200000000001,10552,232,159
Segment 2,22493,2001.7499999999998,1219,141,106
Segment 2,22494,909.77,757,80,65
Segment 2,22495,414.09000000000003,207,53,50
Segment 2,22496,447.59000000000003,233,63,57
Segment 2,22497,663.0,156,53,44
Segment 2,22498,1124.55,189,74,58
Segment 2,22499,7269.1,1258,230,175
Segment 2,22500,678.0500000000001,205,75,70
Segment 2,22501,8500.9,939,208,148
Segment 2,22502,4325.650000000001,768,178,134
Segment 2,22503,529.0,28,10,10
Segment 2,22504,1305.85,67,27,22
Segment 2,22505,3263.1,666,219,159
Segment 2,22507,4181.45,847,297,199
Segment 2,22508,2185.98,586,194,148
Segment 2,22509,1330.85,143,65,60
Segment 2,22510,255.08,116,32,27
Segment 2,22511,340.08,160,40,37
Segment 2,22512,151.46,86,25,22
Segment 2,22513,224.04,100,34,29
Segment 2,22514,359.1,171,59,51
Segment 2,22515,323.40000000000003,154,48,44
Segment 2,22516,226.8,108,34,29
Segment 2,22517,249.90000000000003,119,45,41
Segment 2,22518,408.90000000000003,199,48,36
Segment 2,22519,463.50000000000006,225,55,44
Segment 2,22520,474.29999999999995,558,90,74
Segment 2,22521,387.59999999999997,456,79,67
Segment 2,22522,466.65,549,97,80
Segment 2,22523,492.15,579,99,80
Segment 2,22524,455.0,364,53,45
Segment 2,22525,302.5,242,41,33
Segment 2,22526,1011.15,81,52,43
Segment 2,22529,218.82,521,51,44
Segment 2,22530,816.06,1943,148,124
Segment 2,22531,1151.94,2825,141,108
Segment 2,22532,191.94,457,59,50
Segment 2,22533,391.32,1014,66,59
Segment 2,22534,1202.34,2945,175,151
Segment 2,22535,443.1,1055,99,82
Segment 2,22536,725.22,1809,113,91
Segment 2,22537,684.1800000000001,1629,123,107
Segment 2,22538,135.96,350,22,22
Segment 2,22539,485.11,1264,68,60
Segment 2,22540,728.97,1896,54,40
Segment 2,22541,69.03,166,16,15
Segment 2,22543,322.13,904,33,28
Segment 2,22544,866.03,2360,97,84
Segment 2,22545,192.06,546,40,34
Segment 2,22546,359.55,992,47,41
Segment 2,22547,245.6,668,41,36
Segment 2,22548,1140.07,923,143,122
Segment 2,22549,3031.0,2140,197,167
Segment 2,22550,1884.54,506,137,117
Segment 2,22551,7488.449999999999,4585,502,293
Segment 2,22553,4840.65,2957,376,247
Segment 2,22554,7979.099999999999,4894,506,311
Segment 2,22555,5508.299999999999,3350,383,253
Segment 2,22556,7104.449999999999,4329,440,262
Segment 2,22557,4793.249999999999,2905,404,276
Segment 2,22558,7367.73,4813,506,305
Segment 2,22559,300.88,248,26,25
Segment 2,22560,4310.93,3529,253,181
Segment 2,22561,5108.999999999999,3140,302,232
Segment 2,22562,1341.32,1084,162,126
Segment 2,22563,1775.07,1431,212,143
Segment 2,22564,950.0,760,142,106
Segment 2,22565,544.85,641,83,70
Segment 2,22566,559.3,658,94,77
Segment 2,22567,1473.69,1121,145,112
Segment 2,22568,6842.55,1865,343,205
Segment 2,22569,4501.32,1228,244,162
Segment 2,22570,5062.35,1373,279,174
Segment 2,22571,1449.48,1764,154,139
Segment 2,22572,948.29,1145,116,108
Segment 2,22573,1139.0,1340,120,110
Segment 2,22574,1327.6999999999998,1562,118,108
Segment 2,22575,926.55,501,65,52
Segment 2,22576,888.25,1045,95,83
Segment 2,22577,2566.29,7345,372,286
Segment 2,22578,2172.7499999999995,6575,341,278
Segment 2,22579,1243.83,3619,219,191
Segment 2,22580,3634.25,635,135,110
Segment 2,22581,481.33,785,76,68
Segment 2,22582,902.6999999999999,354,56,54
Segment 2,22583,1009.8,396,55,51
Segment 2,22584,3148.65,1311,114,97
Segment 2,22585,4556.400000000001,3864,236,182
Segment 2,22586,602.65,709,108,94
Segment 2,22587,651.9499999999999,767,113,96
Segment 2,22588,1465.4,522,115,96
Segment 2,22589,584.46,210,35,35
Segment 2,22591,819.85,257,44,44
Segment 2,22592,1177.83,321,65,61
Segment 2,22593,1207.83,1443,96,82
Segment 2,22594,991.0799999999999,1188,84,72
Segment 2,22595,2989.43,3539,264,222
Segment 2,22596,2249.15,2133,173,153
Segment 2,22597,754.1999999999999,2060,93,83
Segment 2,22598,241.57999999999998,750,43,37
Segment 2,22599,398.63,1195,56,50
Segment 2,22600,1051.4299999999998,1259,114,104
Segment 2,22601,983.4499999999999,1157,114,103
Segment 2,22602,1375.28,1640,141,124
Segment 2,22603,753.0999999999999,886,98,94
Segment 2,22604,1031.25,427,82,62
Segment 2,22605,6967.95,517,183,144
Segment 2,22606,3596.9,254,106,88
Segment 2,22607,7798.299999999999,840,252,188
Segment 2,22608,543.37,2701,63,51
Segment 2,22609,862.1999999999999,3996,93,73
Segment 2,22610,1325.54,6158,140,102
Segment 2,22611,927.7500000000001,201,34,31
Segment 2,22613,535.5,630,85,69
Segment 2,22614,795.8399999999999,2466,141,119
Segment 2,22615,397.42999999999995,1247,54,50
Segment 2,22616,2168.96,6744,301,163
Segment 2,22617,6192.400000000001,1292,326,228
Segment 2,22618,532.11,57,20,20
Segment 2,22619,5317.35,1441,267,201
Segment 2,22620,3512.2,2504,280,217
Segment 2,22621,7366.749999999999,4735,416,307
Segment 2,22622,7914.749999999999,761,170,128
Segment 2,22623,3530.4500000000003,651,171,138
Segment 2,22624,10705.75,1293,499,304
Segment 2,22625,8316.4,1007,366,247
Segment 2,22626,3182.4,384,153,111
Segment 2,22627,5393.16,645,265,170
Segment 2,22628,1984.95,401,94,64
Segment 2,22629,10051.349999999999,5253,552,273
Segment 2,22630,8061.15,4193,494,247
Segment 2,22631,3155.7,1638,209,145
Segment 2,22632,6187.620000000001,3069,296,219
Segment 2,22633,7521.660000000001,3707,382,268
Segment 2,22634,3713.15,393,154,120
Segment 2,22635,3962.5499999999997,422,141,117
Segment 2,22636,3774.0,454,160,120
Segment 2,22637,3163.95,1317,213,160
Segment 2,22638,324.37,203,32,31
Segment 2,22639,1139.74,522,99,79
Segment 2,22640,305.96999999999997,171,37,29
Segment 2,22641,151.97,83,20,19
Segment 2,22642,438.03,224,37,33
Segment 2,22643,323.64,180,29,28
Segment 2,22644,1573.31,1383,145,114
Segment 2,22645,1703.4599999999998,1372,193,134
Segment 2,22646,3974.3199999999997,3180,235,152
Segment 2,22647,318.09,489,29,28
Segment 2,22649,3092.85,635,142,76
Segment 2,22650,886.0,616,93,67
Segment 2,22651,673.1999999999999,792,69,56
Segment 2,22652,4631.55,2807,325,228
Segment 2,22653,1146.6,588,82,60
Segment 2,22654,3168.7000000000003,546,159,121
Segment 2,22655,6705.0,50,32,28
Segment 2,22656,2675.0,22,16,14
Segment 2,22659,5382.45,2831,379,174
Segment 2,22660,1422.6,190,57,47
Segment 2,22661,2532.1,3086,278,145
Segment 2,22662,6856.4,4216,513,275
Segment 2,22663,4373.650000000001,2181,264,152
Segment 2,22664,1077.8,600,87,54
Segment 2,22665,2238.9500000000003,785,189,139
Segment 2,22666,12727.6,4552,684,406
Segment 2,22667,5332.950000000001,1881,385,209
Segment 2,22668,3335.1,1178,162,134
Segment 2,22669,2204.3,754,134,117
Segment 2,22670,1821.25,1457,168,119
Segment 2,22671,1003.7999999999998,620,75,64
Segment 2,22672,1579.6499999999999,969,127,104
Segment 2,22673,681.25,545,80,70
Segment 2,22674,1071.76,872,111,91
Segment 2,22675,958.01,781,89,78
Segment 2,22676,826.25,661,92,48
Segment 2,22677,716.25,573,79,45
Segment 2,22678,630.0,504,71,46
Segment 2,22679,575.0,460,61,41
Segment 2,22680,631.25,505,72,49
Segment 2,22681,586.25,469,55,35
Segment 2,22682,523.75,419,58,40
Segment 2,22683,503.75,403,53,43
Segment 2,22684,411.25,329,44,33
Segment 2,22685,506.25,405,52,40
Segment 2,22686,453.75,363,47,31
Segment 2,22687,442.53000000000003,55,24,24
Segment 2,22688,446.4,60,18,18
Segment 2,22689,1933.5,246,83,79
Segment 2,22690,4534.65,595,218,166
Segment 2,22691,1470.75,193,77,50
Segment 2,22692,5943.6,788,264,185
Segment 2,22693,7518.92,6172,202,140
Segment 2,22694,2406.0,1160,244,187
Segment 2,22695,612.89,507,80,70
Segment 2,22696,914.2499999999999,491,101,91
Segment 2,22697,10441.550000000001,3709,504,286
Segment 2,22698,8518.35,3021,409,237
Segment 2,22699,12172.45,4315,580,321
Segment 2,22700,346.35,237,33,30
Segment 2,22701,296.07000000000005,177,38,32
Segment 2,22702,246.90000000000003,217,29,27
Segment 2,22703,154.70000000000002,124,29,26
Segment 2,22704,1580.0,3800,137,111
Segment 2,22705,651.0,1550,61,51
Segment 2,22706,640.5,1525,57,54
Segment 2,22707,462.0,1100,41,35
Segment 2,22708,966.0,2300,87,67
Segment 2,22709,355.5,875,28,27
Segment 2,22710,939.5,2275,71,56
Segment 2,22711,934.5,2225,85,75
Segment 2,22712,950.88,2264,172,121
Segment 2,22713,682.38,1635,115,89
Segment 2,22714,714.3,1711,127,108
Segment 2,22715,436.68,1050,77,65
Segment 2,22716,967.68,2304,179,145
Segment 2,22717,430.92,1026,80,63
Segment 2,22718,540.0,1296,90,63
Segment 2,22719,152.57,133,20,19
Segment 2,22720,18730.050000000003,3923,945,529
Segment 2,22721,2671.65,615,203,160
Segment 2,22722,10296.95,2701,557,334
Segment 2,22723,2705.05,767,195,145
Segment 2,22725,4035.0,1076,262,144
Segment 2,22726,14174.25,3799,686,280
Segment 2,22727,14790.0,3968,760,332
Segment 2,22728,10161.0,2724,544,259
Segment 2,22729,5329.5,1426,317,158
Segment 2,22730,6814.5,1822,422,211
Segment 2,22731,1032.5,826,85,74
Segment 2,22732,1455.0,1164,102,87
Segment 2,22733,1528.75,1223,118,106
Segment 2,22734,6406.99,2237,283,238
Segment 2,22735,693.0,420,69,61
Segment 2,22736,1395.9,846,131,117
Segment 2,22737,1529.55,927,151,129
Segment 2,22738,2470.65,1541,150,128
Segment 2,22739,1851.3,1122,161,145
Segment 2,22740,3999.2499999999995,4705,90,78
Segment 2,22741,5969.549999999999,7023,140,95
Segment 2,22742,1045.15,445,78,70
Segment 2,22743,1536.91,589,122,98
Segment 2,22744,1329.38,518,117,103
Segment 2,22745,2716.5,1315,261,180
Segment 2,22746,2063.7000000000003,997,211,153
Segment 2,22747,1400.1000000000001,681,146,108
Segment 2,22748,2951.7000000000003,1427,287,198
Segment 2,22749,4989.3,1342,336,231
Segment 2,22750,4859.52,1312,327,210
Segment 2,22751,2764.65,743,210,154
Segment 2,22752,7125.900000000001,922,214,153
Segment 2,22753,432.60999999999996,657,106,85
Segment 2,22754,814.4899999999999,1189,134,104
Segment 2,22755,654.12,988,120,96
Segment 2,22756,306.63,343,62,57
Segment 2,22757,517.23,539,75,69
Segment 2,22758,426.06,464,76,68
Segment 2,22759,5201.7,3298,255,214
Segment 2,22760,2581.2,216,49,39
Segment 2,22761,548.9,22,18,16
Segment 2,22762,1397.35,97,65,56
Segment 2,22763,1504.9499999999998,153,79,64
Segment 2,22764,74.85,3,2,2
Segment 2,22765,29.9,2,2,2
Segment 2,22766,5364.55,1825,371,234
Segment 2,22767,4504.099999999999,462,160,121
Segment 2,22768,4925.299999999999,502,186,150
Segment 2,22769,24.95,1,1,1
Segment 2,22770,1178.3999999999999,80,52,41
Segment 2,22771,4904.92,4076,247,134
Segment 2,22772,2648.9,2242,127,66
Segment 2,22773,1598.2,1340,106,66
Segment 2,22774,1240.7,1054,67,42
Segment 2,22775,2030.0,1624,114,67
Segment 2,22776,7546.45,787,351,259
Segment 2,22777,1020.0,126,33,28
Segment 2,22778,1658.13,447,82,66
Segment 2,22779,2622.5,634,123,73
Segment 2,22780,2081.25,501,106,67
Segment 2,22781,2297.7000000000003,306,117,91
Segment 2,22782,2394.1,158,59,53
Segment 2,22783,836.25,75,22,22
Segment 2,22784,4004.4,848,204,150
Segment 2,22785,594.75,137,44,40
Segment 2,22786,413.05,71,28,22
Segment 2,22788,689.05,71,27,22
Segment 2,22789,1188.45,615,102,81
Segment 2,22791,4884.81,4269,181,135
Segment 2,22792,1112.6399999999999,1320,96,76
Segment 2,22794,1764.9,222,117,91
Segment 2,22795,4863.1,738,244,150
Segment 2,22796,4089.4999999999995,418,171,125
Segment 2,22797,1339.05,79,59,50
Segment 2,22798,2566.5,870,137,97
Segment 2,22799,1071.4,139,65,57
Segment 2,22800,1522.5,406,103,80
Segment 2,22801,1335.0,356,105,86
Segment 2,22802,570.0,40,23,19
Segment 2,22803,658.1500000000001,17,11,11
Segment 2,22804,5050.700000000001,2082,331,206
Segment 2,22805,1312.5,1050,90,63
Segment 2,22806,542.5500000000001,225,25,25
Segment 2,22807,1328.3500000000001,507,79,56
Segment 2,22808,735.0500000000001,263,41,39
Segment 2,22809,2529.55,877,138,122
Segment 2,22810,1896.8000000000002,656,107,91
Segment 2,22811,376.8,160,37,31
Segment 2,22812,2072.7,1122,94,82
Segment 2,22813,2811.2999999999997,1486,126,99
Segment 2,22814,413.28000000000003,984,78,68
Segment 2,22815,599.76,1428,100,69
Segment 2,22816,1198.44,2910,151,136
Segment 2,22817,574.56,1368,104,69
Segment 2,22818,1122.12,2682,140,134
Segment 2,22819,574.56,1368,101,83
Segment 2,22820,260.0,400,35,34
Segment 2,22821,408.20000000000005,628,53,44
Segment 2,22822,1594.2,276,104,91
Segment 2,22823,845.0,7,6,6
Segment 2,22824,1617.7,46,34,33
Segment 2,22825,246.45000000000002,31,16,16
Segment 2,22826,3645.0,33,28,23
Segment 2,22827,3805.0,25,17,13
Segment 2,22828,950.0,6,5,5
Segment 2,22829,1723.05,179,83,68
Segment 2,22830,100.85,5,4,4
Segment 2,22831,1283.2500000000002,435,85,77
Segment 2,22832,1335.75,125,60,55
Segment 2,22833,149.85000000000002,3,3,3
Segment 2,22834,4928.7,3627,256,176
Segment 2,22835,9769.2,2068,412,262
Segment 2,22837,3781.7000000000003,842,115,92
Segment 2,22838,2339.65,159,99,89
Segment 2,22839,2135.2,144,96,81
Segment 2,22840,3509.4,452,196,155
Segment 2,22841,2670.9,342,163,129
Segment 2,22842,1824.8500000000001,279,108,96
Segment 2,22843,1216.05,183,86,74
Segment 2,22844,4469.3,533,247,149
Segment 2,22845,2891.75,469,195,126
Segment 2,22846,5530.849999999999,344,189,132
Segment 2,22847,8463.6,528,268,174
Segment 2,22848,2799.2,177,88,53
Segment 2,22849,3107.1499999999996,197,91,59
Segment 2,22851,1400.22,1662,229,159
Segment 2,22852,1262.25,297,94,71
Segment 2,22853,1176.5,362,92,67
Segment 2,22854,2466.15,505,125,105
Segment 2,22855,2119.68,1776,137,114
Segment 2,22856,255.0,204,17,17
Segment 2,22857,664.6999999999999,782,52,50
Segment 2,22858,1128.4499999999998,697,95,89
Segment 2,22859,1311.6,808,113,98
Segment 2,22860,605.55,367,76,74
Segment 2,22861,470.24999999999994,285,36,34
Segment 2,22862,497.25,117,37,36
Segment 2,22863,1184.4,408,75,65
Segment 2,22865,13062.6,6488,508,335
Segment 2,22866,9619.26,4763,419,286
Segment 2,22867,9252.000000000002,4550,418,292
Segment 2,22868,87.75,45,9,9
Segment 2,22869,113.1,58,16,15
Segment 2,22870,111.14999999999999,57,13,12
Segment 2,22871,83.85,43,8,8
Segment 2,22872,91.64999999999999,47,12,12
Segment 2,22873,76.05,39,12,11
Segment 2,22874,87.75,45,9,8
Segment 2,22875,78.0,40,11,11
Segment 2,22876,81.89999999999999,42,8,8
Segment 2,22877,87.75,45,9,9
Segment 2,22878,96.60000000000001,46,10,9
Segment 2,22879,24.54,22,6,4
Segment 2,22880,40.14,30,9,6
Segment 2,22881,53.79,37,10,6
Segment 2,22882,53.79,37,14,9
Segment 2,22883,55.739999999999995,38,9,7
Segment 2,22884,40.14,30,11,8
Segment 2,22885,57.69,39,10,8
Segment 2,22886,40.14,30,7,5
Segment 2,22887,32.339999999999996,26,9,6
Segment 2,22888,26.49,23,6,5
Segment 2,22889,30.0,22,4,3
Segment 2,22890,2236.2999999999997,230,106,66
Segment 2,22891,1080.25,257,77,60
Segment 2,22892,2488.96,2024,166,99
Segment 2,22893,434.22,1075,41,39
Segment 2,22894,2214.95,228,92,68
Segment 2,22895,3739.55,1231,202,142
Segment 2,22896,2593.95,1079,174,121
Segment 2,22897,1249.55,871,134,113
Segment 2,22898,2559.0,1320,232,167
Segment 2,22899,2360.7000000000003,1142,211,158
Segment 2,22900,6330.400000000001,2022,310,164
Segment 2,22902,1174.4,569,71,56
Segment 2,22903,337.90000000000003,118,19,18
Segment 2,22904,4031.05,1399,198,139
Segment 2,22905,413.70000000000005,146,40,38
Segment 2,22906,1681.6499999999999,1041,142,120
Segment 2,22907,3147.17,3785,425,300
Segment 2,22908,1906.2099999999998,2281,249,174
Segment 2,22909,3917.81,4721,399,310
Segment 2,22910,17785.850000000002,6463,576,392
Segment 2,22911,1038.8500000000001,363,73,60
Segment 2,22912,905.85,183,83,69
Segment 2,22913,970.2,196,85,70
Segment 2,22914,1425.6000000000001,288,119,95
Segment 2,22915,697.8,1860,106,88
Segment 2,22916,777.4000000000001,1196,160,116
Segment 2,22917,788.45,1213,162,117
Segment 2,22918,759.85,1169,161,116
Segment 2,22919,812.5000000000001,1250,167,119
Segment 2,22920,1614.5500000000002,2717,161,119
Segment 2,22921,700.7,1078,144,102
Segment 2,22922,938.6499999999999,1141,69,56
Segment 2,22923,873.7499999999999,1083,60,52
Segment 2,22924,845.9999999999999,1032,66,56
Segment 2,22925,1927.8000000000002,324,135,102
Segment 2,22926,2635.55,449,155,118
Segment 2,22927,1618.4,272,109,80
Segment 2,22928,1041.25,175,68,49
Segment 2,22929,845.0,13,10,10
Segment 2,22930,1467.0,588,120,101
Segment 2,22931,1061.55,429,90,80
Segment 2,22932,809.25,347,47,40
Segment 2,22933,946.9500000000002,321,73,67
Segment 2,22934,864.3000000000001,306,57,53
Segment 2,22935,1101.0,372,39,37
Segment 2,22936,263.25,81,21,20
Segment 2,22937,1736.55,681,108,101
Segment 2,22938,3224.3999999999996,1720,141,132
Segment 2,22939,1425.25,295,73,60
Segment 2,22940,4121.0,988,241,202
Segment 2,22941,6436.2,774,202,166
Segment 2,22942,2409.9,351,102,91
Segment 2,22943,4086.3500000000004,877,136,110
Segment 2,22944,634.48,1510,39,37
Segment 2,22945,1590.31,1915,106,99
Segment 2,22946,3156.2999999999997,210,65,52
Segment 2,22947,2677.05,291,68,62
Segment 2,22948,819.4,964,74,59
Segment 2,22949,809.0999999999999,558,75,72
Segment 2,22950,3410.75,2435,122,118
Segment 2,22951,2308.8500000000004,4283,298,212
Segment 2,22952,4488.5,8558,387,289
Segment 2,22953,375.0,300,56,51
Segment 2,22954,157.5,126,18,16
Segment 2,22955,1510.0400000000002,794,87,77
Segment 2,22956,1802.2500000000002,958,138,124
Segment 2,22957,2899.8,996,158,149
Segment 2,22959,1704.5,4125,117,116
Segment 2,22960,18063.25,4469,686,467
Segment 2,22961,13963.4,9908,705,447
Segment 2,22962,2207.63,2711,204,152
Segment 2,22963,1860.83,2303,176,141
Segment 2,22964,2624.7000000000003,1267,241,178
Segment 2,22965,1993.5000000000002,955,169,146
Segment 2,22966,5455.42,4430,462,333
Segment 2,22967,1869.3500000000001,641,111,108
Segment 2,22968,3288.6,348,119,99
Segment 2,22969,8937.15,6243,400,331
Segment 2,22970,4143.15,1701,217,151
Segment 2,22971,3284.1,1326,184,138
Segment 2,22972,2108.9999999999995,1284,155,122
Segment 2,22973,1494.8999999999999,906,98,72
Segment 2,22974,1636.7999999999997,992,131,109
Segment 2,22975,1278.75,1023,131,101
Segment 2,22976,1141.25,913,102,67
Segment 2,22977,1006.25,805,104,92
Segment 2,22978,2637.72,708,132,126
Segment 2,22979,2813.1,1950,240,199
Segment 2,22980,2451.1499999999996,1503,193,171
Segment 2,22981,361.04999999999995,249,53,52
Segment 2,22982,1012.5,810,113,104
Segment 2,22983,1662.84,3997,282,193
Segment 2,22984,671.04,1608,111,77
Segment 2,22985,913.5,2175,80,67
Segment 2,22986,1447.92,3476,129,106
Segment 2,22987,42.0,100,4,4
Segment 2,22988,5119.45,4205,274,173
Segment 2,22989,4798.95,1535,258,210
Segment 2,22990,1565.2,356,111,96
Segment 2,22991,3503.85,1819,192,166
Segment 2,22992,4886.7,2506,242,194
Segment 2,22993,9592.51,7871,718,379
Segment 2,22994,824.88,1964,143,80
Segment 2,22995,817.32,1946,142,80
Segment 2,22996,1731.0,4190,259,138
Segment 2,22997,931.14,2217,157,90
Segment 2,22998,2917.08,7014,370,195
Segment 2,22999,1090.74,2597,167,98
Segment 2,23000,1129.38,2689,181,111
Segment 2,23002,736.26,1753,116,71
Segment 2,23003,201.6,480,44,32
Segment 2,23004,740.88,1764,107,66
Segment 2,23005,1291.08,3074,156,93
Segment 2,23006,643.44,1532,111,80
Segment 2,23007,4974.299999999999,314,114,91
Segment 2,23008,4281.45,271,96,81
Segment 2,23009,2423.2499999999995,155,47,34
Segment 2,23010,3183.8999999999996,202,74,62
Segment 2,23012,2262.15,597,149,117
Segment 2,23013,1948.3500000000001,513,138,107
Segment 2,23014,1868.15,497,125,97
Segment 2,23015,198.0,24,11,11
Segment 2,23016,276.05,37,12,12
Segment 2,23017,475.70000000000005,40,16,15
Segment 2,23018,403.4,34,17,16
Segment 2,23019,490.15000000000003,63,24,22
Segment 2,23020,1431.8,118,60,57
Segment 2,23021,302.95000000000005,73,20,19
Segment 2,23022,503.20000000000005,262,15,13
Segment 2,23023,189.74999999999997,115,14,14
Segment 2,23024,364.24,136,7,6
Segment 2,23025,624.0,300,43,37
Segment 2,23026,899.84,446,44,36
Segment 2,23027,547.0400000000001,263,25,24
Segment 2,23028,1324.9499999999998,803,94,74
Segment 2,23029,1678.6499999999999,1029,114,84
Segment 2,23031,1531.7999999999997,940,108,81
Segment 2,23032,2444.2499999999995,1493,144,95
Segment 2,23033,636.55,439,52,37
Segment 2,23034,974.4,672,64,50
Segment 2,23035,2139.15,1515,135,91
Segment 2,23036,181.25,145,12,11
Segment 2,23037,217.79999999999998,132,13,12
Segment 2,23038,29.879999999999995,36,3,3
Segment 2,23039,257.4,132,17,17
Segment 2,23040,414.0,72,23,22
Segment 2,23041,693.0500000000001,167,35,33
Segment 2,23042,399.0,60,20,20
Segment 2,23043,418.75,67,15,14
Segment 2,23044,224.10000000000002,54,17,17
Segment 2,23045,261.45000000000005,63,14,13
Segment 2,23046,551.95,83,25,22
Segment 2,23047,287.5,50,20,20
Segment 2,23048,1203.5,290,67,65
Segment 2,23049,2466.75,299,130,79
Segment 2,23050,2541.0,308,130,86
Segment 2,23051,1790.25,217,102,76
Segment 2,23052,3465.0,420,177,121
Segment 2,23053,1740.75,211,100,82
Segment 2,23054,1501.5,182,80,65
Segment 2,23055,834.0,360,32,29
Segment 2,23056,2212.1,650,26,24
Segment 2,23057,1063.3500000000001,433,32,29
Segment 2,23058,331.66,394,34,32
Segment 2,23060,364.0,175,31,26
Segment 2,23061,931.25,745,71,62
Segment 2,23064,2466.5,194,12,10
Segment 2,23065,2105.1,171,76,66
Segment 2,23066,1383.3,170,67,62
Segment 2,23067,846.6,204,58,51
Segment 2,23068,1713.9,714,117,93
Segment 2,23069,518.75,83,29,25
Segment 2,23070,560.25,135,30,26
Segment 2,23071,356.5,89,11,10
Segment 2,23072,519.0,102,16,15
Segment 2,23073,933.8,76,43,39
Segment 2,23074,395.84000000000003,197,31,28
Segment 2,23075,1707.2,416,69,54
Segment 2,23076,6859.2,5568,191,154
Segment 2,23077,7897.5,6318,259,181
Segment 2,23078,6188.75,4951,183,136
Segment 2,23079,1925.35,217,91,72
Segment 2,23080,6557.25,833,169,120
Segment 2,23081,2560.5,322,87,64
Segment 2,23082,5292.93,1435,221,176
Segment 2,23083,4092.09,1103,167,134
Segment 2,23084,25340.59,13655,658,376
Segment 2,23085,2242.6,233,55,49
Segment 2,23086,788.51,655,28,24
Segment 2,23087,637.5,510,33,33
Segment 2,23088,777.5,622,46,44
Segment 2,23089,1705.4999999999998,970,104,83
Segment 2,23090,1419.09,1767,97,78
Segment 2,23091,2556.54,414,160,139
Segment 2,23092,2445.1000000000004,319,111,86
Segment 2,23093,1501.47,603,105,91
Segment 2,23094,1612.5,129,65,57
Segment 2,23096,1146.7499999999998,695,101,80
Segment 2,23099,525.35,79,37,35
Segment 2,23100,2014.88,1624,189,161
Segment 2,23101,1221.6899999999998,1491,168,160
Segment 2,23102,753.1899999999999,917,119,116
Segment 2,23103,5359.199999999999,3248,264,207
Segment 2,23104,1161.9,99,36,32
Segment 2,23106,627.96,234,41,40
Segment 2,23107,793.21,289,51,50
Segment 2,23108,6661.79,1119,291,237
Segment 2,23109,4489.4,1580,188,149
Segment 2,23110,2451.35,433,171,128
Segment 2,23111,2710.9,233,96,66
Segment 2,23112,2596.5,353,154,116
Segment 2,23113,723.6,152,37,34
Segment 2,23114,450.45000000000005,91,35,34
Segment 2,23115,634.5,134,33,33
Segment 2,23116,312.75,69,16,16
Segment 2,23117,405.90000000000003,82,36,36
Segment 2,23118,3590.6,486,187,132
Segment 2,23119,758.9399999999999,1245,86,75
Segment 2,23120,382.62,911,69,61
Segment 2,23121,414.12,986,69,65
Segment 2,23122,549.4599999999999,662,76,73
Segment 2,23123,385.95,465,58,56
Segment 2,23124,268.75,215,20,20
Segment 2,23125,131.25,105,15,14
Segment 2,23126,3574.5,726,210,166
Segment 2,23127,2589.4500000000003,527,144,118
Segment 2,23128,1500.15,305,103,92
Segment 2,23129,2133.1000000000004,514,116,106
Segment 2,23130,2401.8,588,127,110
Segment 2,23131,1995.1000000000001,490,89,76
Segment 2,23132,1977.9,354,116,100
Segment 2,23133,2112.3,270,93,70
Segment 2,23134,442.8,56,24,22
Segment 2,23135,527.05,95,29,26
Segment 2,23136,341.25,91,35,32
Segment 2,23137,115.0,34,14,13
Segment 2,23138,979.4999999999999,710,59,50
Segment 2,23139,423.58,350,15,15
Segment 2,23140,419.15000000000003,101,25,22
Segment 2,23141,206.70000000000002,66,16,16
Segment 2,23142,907.2,93,25,25
Segment 2,23143,141.0,21,11,11
Segment 2,23144,2459.7,3078,169,142
Segment 2,23145,1294.85,1363,112,105
Segment 2,23146,1918.3400000000001,586,171,130
Segment 2,23147,1989.3999999999999,1372,190,144
Segment 2,23148,1339.51,1613,178,121
Segment 2,23149,216.63000000000002,87,16,14
Segment 2,23150,283.86,114,33,29
Segment 2,23151,101.13000000000001,57,17,16
Segment 2,23152,1732.83,469,132,96
Segment 2,23153,667.5,178,62,54
Segment 2,23154,3349.76,1637,182,121
Segment 2,23155,1119.3,1374,86,66
Segment 2,23156,2505.84,1218,160,106
Segment 2,23157,2148.64,1033,103,89
Segment 2,23158,4068.88,1996,158,87
Segment 2,23159,3547.36,1732,171,109
Segment 2,23160,1372.1,1138,49,42
Segment 2,23161,1574.4,1320,58,51
Segment 2,23162,3141.69,879,110,80
Segment 2,23163,2132.6400000000003,896,92,73
Segment 2,23164,1511.55,317,59,54
Segment 2,23165,2803.7999999999997,1740,168,142
Segment 2,23166,2190.21,1857,139,113
Segment 2,23167,1905.7399999999998,2458,132,104
Segment 2,23168,2450.3,2098,183,122
Segment 2,23169,4116.05,1019,211,169
Segment 2,23170,5266.499999999999,3314,232,184
Segment 2,23171,4116.9,2594,183,155
Segment 2,23172,3512.3999999999996,2216,157,127
Segment 2,23173,9139.4,988,273,203
Segment 2,23174,4422.05,1091,193,150
Segment 2,23175,3689.0,1180,205,171
Segment 2,23176,1617.75,719,136,121
Segment 2,23177,1629.0,724,164,137
Segment 2,23178,493.96000000000004,180,43,38
Segment 2,23179,478.09999999999997,166,28,28
Segment 2,23180,427.35,95,30,27
Segment 2,23181,1298.25,161,63,55
Segment 2,23182,2235.1899999999996,2693,195,125
Segment 2,23183,491.25,131,41,38
Segment 2,23184,3127.05,655,170,114
Segment 2,23185,96.28999999999999,253,26,23
Segment 2,23186,333.76,1052,53,46
Segment 2,23187,503.65999999999997,1678,59,53
Segment 2,23188,3667.9499999999994,2223,226,174
Segment 2,23189,2269.88,812,94,77
Segment 2,23190,2162.3999999999996,1328,154,129
Segment 2,23191,2811.1499999999996,1727,208,169
Segment 2,23192,3145.7999999999997,1924,249,197
Segment 2,23193,856.31,383,103,85
Segment 2,23194,1181.2,528,131,110
Segment 2,23196,2042.35,1435,199,155
Segment 2,23197,1569.8,1124,145,105
Segment 2,23198,3514.62,2502,318,236
Segment 2,23199,14877.74,7483,609,299
Segment 2,23200,8580.02,4264,413,230
Segment 2,23201,13416.86,6637,620,343
Segment 2,23202,13776.36,6792,664,332
Segment 2,23203,25025.18,12536,963,448
Segment 2,23204,3725.25,4505,357,170
Segment 2,23205,2475.65,2989,279,178
Segment 2,23206,12218.1,7514,737,355
Segment 2,23207,8137.2,4968,559,339
Segment 2,23208,7571.05,4637,530,275
Segment 2,23209,15914.95,9803,884,418
Segment 2,23210,2718.0299999999997,2247,123,103
Segment 2,23211,1976.78,1654,88,71
Segment 2,23212,1998.03,1671,106,91
Segment 2,23213,1525.77,1269,90,78
Segment 2,23214,1347.8400000000001,648,73,67
Segment 2,23215,3059.6800000000003,1471,155,131
Segment 2,23216,447.26,382,24,24
Segment 2,23217,1032.02,874,56,53
Segment 2,23218,266.25,213,21,21
Segment 2,23219,398.75,319,37,35
Segment 2,23220,626.5799999999999,774,51,48
Segment 2,23221,952.7699999999999,1167,76,69
Segment 2,23222,475.52,592,43,39
Segment 2,23223,406.7,490,43,40
Segment 2,23224,441.48999999999995,551,41,38
Segment 2,23225,443.21999999999997,534,39,37
Segment 2,23226,1082.5,866,53,46
Segment 2,23227,1608.51,1311,70,50
Segment 2,23228,1559.76,1272,59,54
Segment 2,23229,3841.56,1044,173,158
Segment 2,23230,2299.0,5550,193,156
Segment 2,23231,2336.0,5600,212,164
Segment 2,23232,2434.0,5900,194,159
Segment 2,23233,1548.5,3725,135,112
Segment 2,23234,3223.09,1141,193,167
Segment 2,23235,1429.19,543,86,79
Segment 2,23236,3910.37,1373,244,182
Segment 2,23237,3374.05,827,154,121
Segment 2,23238,4967.0,1220,204,135
Segment 2,23239,2421.2000000000003,626,136,112
Segment 2,23240,10253.050000000001,2503,411,285
Segment 2,23241,2448.96,1188,230,163
Segment 2,23242,1488.64,721,153,114
Segment 2,23243,7420.1,1574,314,236
Segment 2,23244,1100.25,579,88,74
Segment 2,23245,13267.1,2794,562,398
Segment 2,23247,3551.96,1244,226,202
Segment 2,23249,1131.1499999999999,703,61,52
Segment 2,23250,1192.34,970,80,58
Segment 2,23251,1462.02,1218,83,67
Segment 2,23252,1646.67,445,106,88
Segment 2,23253,1400.55,93,31,30
Segment 2,23254,4079.4500000000003,983,240,178
Segment 2,23255,2540.05,619,124,102
Segment 2,23256,5453.6,1328,278,201
Segment 2,23263,3191.09,2569,301,229
Segment 2,23264,1570.0,1256,185,157
Segment 2,23265,1445.0,1156,184,159
Segment 2,23266,1725.0,1380,209,180
Segment 2,23267,1064.84,868,75,69
Segment 2,23268,930.9,642,63,58
Segment 2,23269,803.3,554,69,58
Segment 2,23270,1154.1999999999998,796,109,89
Segment 2,23271,1004.9799999999999,1254,58,53
Segment 2,23272,400.7699999999999,291,29,29
Segment 2,23273,1131.8999999999999,686,76,72
Segment 2,23274,1292.5499999999997,795,74,69
Segment 2,23275,2944.36,2420,216,155
Segment 2,23280,642.65,787,101,73
Segment 2,23281,404.21,487,76,49
Segment 2,23282,357.72999999999996,431,77,55
Segment 2,23283,3891.9,516,164,114
Segment 2,23284,22597.86,3082,535,304
Segment 2,23285,860.74,1042,112,92
Segment 2,23286,1051.99,1267,137,105
Segment 2,23287,960.77,1145,127,98
Segment 2,23288,697.0,820,111,90
Segment 2,23289,1176.25,941,119,98
Segment 2,23290,1447.5,1158,144,108
Segment 2,23291,1048.75,839,112,89
Segment 2,23292,1317.5,1054,129,93
Segment 2,23293,3223.0099999999998,3951,365,259
Segment 2,23294,2001.2499999999998,2479,233,175
Segment 2,23295,2657.8399999999997,3304,283,197
Segment 2,23296,3153.11,2587,252,196
Segment 2,23297,2992.0499999999997,1889,109,101
Segment 2,23298,26306.600000000002,5548,863,499
Segment 2,23299,2247.75,609,98,93
Segment 2,23300,6311.699999999999,3930,538,310
Segment 2,23301,8837.849999999999,5525,642,351
Segment 2,23302,1183.59,781,160,129
Segment 2,23303,79.94999999999999,41,5,5
Segment 2,23304,138.45,71,9,9
Segment 2,23305,111.14999999999999,57,7,7
Segment 2,23306,2614.5499999999997,1823,176,161
Segment 2,23307,3972.7500000000005,7365,437,330
Segment 2,23308,1921.5000000000002,3522,255,184
Segment 2,23309,1854.9,3486,236,152
Segment 2,23310,3508.3199999999997,8456,176,127
Segment 2,23311,4245.75,1665,230,205
Segment 2,23312,4273.35,1049,162,144
Segment 2,23313,9324.15,1937,300,212
Segment 2,23314,2700.0,216,81,72
Segment 2,23315,1152.5,118,58,52
Segment 2,23316,1606.8,168,76,64
Segment 2,23317,1202.25,123,58,47
Segment 2,23318,5806.320000000001,2484,278,232
Segment 2,23319,5719.740000000001,2386,317,265
Segment 2,23320,5205.2300000000005,1951,259,230
Segment 2,23321,5537.889999999999,3389,514,334
Segment 2,23322,5720.500000000001,1950,440,298
Segment 2,23323,2248.8,1078,230,178
Segment 2,23324,708.0,351,35,34
Segment 2,23325,650.9999999999999,412,26,23
Segment 2,23326,999.8100000000001,1587,39,38
Segment 2,23327,562.74,942,24,23
Segment 2,23328,5032.86,1402,235,162
Segment 2,23329,2164.7999999999997,1312,190,150
Segment 2,23330,1686.25,1349,169,136
Segment 2,23331,745.2900000000001,1183,72,59
Segment 2,23332,2443.6499999999996,1481,230,181
Segment 2,23333,1941.25,1553,187,154
Segment 2,23334,1111.95,1765,85,74
Segment 2,23335,544.32,267,70,54
Segment 2,23336,382.72,184,53,38
Segment 2,23337,330.72,159,55,45
Segment 2,23338,780.8000000000001,386,82,56
Segment 2,23339,280.8,135,53,39
Segment 2,23340,1867.7999999999997,1132,105,95
Segment 2,23341,1718.7,207,82,63
Segment 2,23342,2604.4,310,139,94
Segment 2,23343,6488.76,3167,332,246
Segment 2,23344,11608.1,5730,491,333
Segment 2,23345,1075.0,860,115,90
Segment 2,23346,1150.0,920,118,95
Segment 2,23347,586.25,469,59,43
Segment 2,23348,1089.8,539,101,85
Segment 2,23349,2732.14,2222,217,193
Segment 2,23350,2635.89,2145,217,184
Segment 2,23351,3096.7799999999997,2550,239,216
Segment 2,23352,1622.38,1310,142,134
Segment 2,23353,2355.54,2838,224,205
Segment 2,23354,2342.2599999999998,2822,236,215
Segment 2,23355,16263.000000000002,3476,589,392
Segment 2,23356,8862.5,1550,371,261
Segment 2,23357,1242.0,286,72,64
Segment 2,23358,1121.25,341,52,50
Segment 2,23359,1564.1999999999998,828,68,65
Segment 2,23360,1596.8999999999999,830,92,81
Segment 2,23365,716.95,1103,112,93
Segment 2,23366,1055.55,1683,124,103
Segment 2,23367,1337.05,2057,203,163
Segment 2,23368,1037.4,1596,160,120
Segment 2,23369,710.6800000000001,588,86,73
Segment 2,23370,1064.43,871,90,75
Segment 2,23371,1270.68,1036,119,90
Segment 2,23372,1089.43,891,92,72
Segment 2,23373,925.4599999999999,1153,76,75
Segment 2,23374,1286.26,1593,101,92
Segment 2,23375,784.7399999999999,957,76,73
Segment 2,23376,876.9,2326,100,92
Segment 2,23377,420.81,1079,75,64
Segment 2,23378,942.42,2494,122,110
Segment 2,23379,385.89,1067,46,45
Segment 2,23380,555.36,1424,81,74
Segment 2,23381,319.40999999999997,819,52,48
Segment 2,23382,3028.14,834,130,113
Segment 2,23388,1904.8500000000001,459,121,105
Segment 2,23389,2506.6000000000004,604,178,143
Segment 2,23390,1593.6000000000001,384,127,105
Segment 2,23391,830.0000000000001,200,52,46
Segment 2,23392,613.6,295,60,56
Segment 2,23393,2156.25,575,153,133
Segment 2,23394,1091.25,291,86,74
Segment 2,23395,1839.48,492,132,112
Segment 2,23396,1749.48,468,125,108
Segment 2,23397,2617.25,271,135,115
Segment 2,23398,354.45,417,48,45
Segment 2,23399,1153.4499999999998,1357,138,125
Segment 2,23400,856.25,137,69,64
Segment 2,23401,543.75,87,46,42
Segment 2,23402,656.25,175,41,38
Segment 2,23403,821.25,219,72,66
Segment 2,23404,2094.75,429,102,86
Segment 2,23405,702.9,142,43,42
Segment 2,23406,643.75,103,58,50
Segment 2,23407,1771.1,178,96,84
Segment 2,23408,538.72,259,48,45
Segment 2,23409,540.0,144,30,30
Segment 2,23410,244.5,30,14,13
Segment 2,23411,584.7,122,34,32
Segment 2,23412,1163.9,157,58,53
Segment 2,23413,599.85,127,31,30
Segment 2,23414,1126.73,115,52,48
Segment 2,23415,370.10999999999996,277,41,40
Segment 2,23416,153.42,122,17,17
Segment 2,23417,133.07999999999998,128,20,20
Segment 2,23418,632.32,304,50,45
Segment 2,23419,584.48,281,52,48
Segment 2,23420,297.44,143,26,24
Segment 2,23421,307.84000000000003,148,25,23
Segment 2,23422,324.48,156,27,25
Segment 2,23423,596.25,159,44,42
Segment 2,23424,1346.4,272,83,73
Segment 2,23425,396.07000000000005,213,32,32
Segment 2,23426,2289.08,812,140,112
Segment 2,23427,2090.2,182,78,68
Segment 2,23428,472.70000000000005,58,24,23
Segment 2,23429,342.3,42,19,18
Segment 2,23430,268.95,33,16,15
Segment 2,23431,976.6299999999999,1253,57,56
Segment 2,23432,776.8799999999999,936,57,56
Segment 2,23433,823.3599999999999,992,68,64
Segment 2,23434,1176.3700000000001,1267,113,110
Segment 2,23435,375.08000000000004,416,38,35
Segment 2,23436,1565.85,1293,83,82
Segment 2,23437,1586.25,1269,97,94
Segment 2,23438,1437.5,1150,85,77
Segment 2,23439,6317.700000000001,3077,335,240
Segment 2,23440,41.6,20,4,4
Segment 2,23441,5.04,12,2,2
Segment 2,23442,83.2,40,7,7
Segment 2,23444,825.0,54,54,43
Segment 2,23445,1854.2099999999998,2287,85,72
Segment 2,23446,1.65,1,1,1
Segment 2,23447,1.65,1,1,1
Segment 2,23448,21.449999999999996,13,2,2
Segment 2,23449,15.0,12,1,1
Segment 2,23451,413.4,212,37,32
Segment 2,23452,852.15,437,72,61
Segment 2,23453,520.65,267,41,35
Segment 2,23454,464.8,112,40,35
Segment 2,23455,459.56,164,32,30
Segment 2,23456,500.20000000000005,124,31,28
Segment 2,23457,346.05,71,25,23
Segment 2,23458,478.4,32,20,20
Segment 2,23459,362.5,29,17,17
Segment 2,23460,666.65,67,37,35
Segment 2,23461,762.95,185,74,67
Segment 2,23462,1322.55,69,38,37
Segment 2,23463,109.44999999999999,11,6,6
Segment 2,23464,74.25,15,5,5
Segment 2,23465,181.5,22,12,12
Segment 2,23466,357.0,44,18,17
Segment 2,23467,55.93000000000001,17,4,4
Segment 2,23468,132.0,16,9,9
Segment 2,23469,796.8000000000001,192,53,51
Segment 2,23470,875.0,140,65,61
Segment 2,23471,434.15,45,22,22
Segment 2,23472,598.25,41,26,25
Segment 2,23473,292.15999999999997,352,31,30
Segment 2,23474,185.92,224,20,19
Segment 2,23475,161.85,195,18,17
Segment 2,23476,201.25,161,14,14
Segment 2,23477,75.0,60,5,5
Segment 2,23478,91.25,73,7,7
Segment 2,23479,670.5,90,32,31
Segment 2,23480,3646.6800000000003,996,137,114
Segment 2,23481,236.25,189,24,20
Segment 2,23482,404.24999999999994,245,33,29
Segment 2,23483,939.64,788,48,42
Segment 2,23484,341.02000000000004,118,22,22
Segment 2,23485,2457.0,105,62,53
Segment 2,23486,1498.05,93,57,55
Segment 2,23487,583.4,60,33,32
Segment 2,23489,2052.93,717,113,103
Segment 2,23490,1353.75,361,74,65
Segment 2,23491,1394.25,169,55,45
Segment 2,23492,387.75,47,19,18
Segment 2,23493,5425.35,2813,311,252
Segment 2,23494,3030.2000000000003,516,149,128
Segment 2,23495,172.5,138,19,18
Segment 2,23496,95.0,76,21,20
Segment 2,23497,2108.1499999999996,1487,145,127
Segment 2,23498,1045.6499999999999,741,74,66
Segment 2,23499,479.22,1141,86,80
Segment 2,23500,1538.75,1231,73,67
Segment 2,23501,1366.5,1110,73,67
Segment 2,23502,627.5,502,76,69
Segment 2,23503,3399.0,2736,290,250
Segment 2,23504,1628.75,1303,159,139
Segment 2,23505,806.5,662,89,81
Segment 2,23506,517.02,1231,113,102
Segment 2,23507,354.90000000000003,845,85,77
Segment 2,23508,441.84000000000003,1052,93,85
Segment 2,23509,175.98000000000002,419,47,44
Segment 2,23510,399.0,950,88,83
Segment 2,23511,605.28,291,68,67
Segment 2,23512,264.16,127,36,34
Segment 2,23513,440.96000000000004,212,50,48
Segment 2,23514,468.0,225,47,45
Segment 2,23515,426.40000000000003,205,46,46
Segment 2,23516,442.5,118,32,32
Segment 2,23517,439.28000000000003,152,39,39
Segment 2,23518,352.58,122,31,31
Segment 2,23519,225.0,60,14,14
Segment 2,23520,315.0,84,27,27
Segment 2,23521,252.68,88,17,17
Segment 2,23522,186.21,65,16,16
Segment 2,23523,438.75,117,28,27
Segment 2,23524,517.5,138,43,36
Segment 2,23525,435.0,116,33,29
Segment 2,23526,1558.6,268,72,64
Segment 2,23527,487.5,130,34,33
Segment 2,23528,401.25,107,25,24
Segment 2,23529,352.5,94,22,22
Segment 2,23530,1780.65,383,56,49
Segment 2,23531,2112.2000000000003,316,77,62
Segment 2,23532,173.85000000000002,43,17,15
Segment 2,23533,294.95,61,26,23
Segment 2,23534,2988.9500000000003,509,159,131
Segment 2,23535,3214.9,550,140,116
Segment 2,23536,981.75,165,58,55
Segment 2,23537,287.55,61,17,16
Segment 2,23538,292.05,59,19,18
Segment 2,23539,428.40000000000003,72,25,24
Segment 2,23540,92.9,14,8,8
Segment 2,23541,2585.75,327,99,83
Segment 2,23542,1104.9,138,59,50
Segment 2,23543,1461.4,188,76,66
Segment 2,23544,283.6,36,17,15
Segment 2,23545,808.5,1925,71,66
Segment 2,23546,1165.5,2775,105,94
Segment 2,23547,525.0,1250,49,47
Segment 2,23548,409.5,975,39,38
Segment 2,23549,472.5,1125,44,41
Segment 2,23550,609.0,1450,56,53
Segment 2,23551,518.6999999999999,1330,83,78
Segment 2,23552,1690.8,843,93,84
Segment 2,23553,1375.3,113,56,46
Segment 2,23554,1056.4,86,44,39
Segment 2,23555,1187.8,98,39,37
Segment 2,23556,1250.3,103,43,37
Segment 2,23557,550.0,44,27,23
Segment 2,23558,1125.3,93,43,39
Segment 2,23559,886.72,433,67,62
Segment 2,23560,297.67,103,19,19
Segment 2,23561,251.43,87,11,11
Segment 2,23562,488.41,169,34,34
Segment 2,23564,388.75,311,34,32
Segment 2,23565,330.0,264,27,25
Segment 2,23566,485.0,388,39,38
Segment 2,23567,173.75,139,15,13
Segment 2,23568,305.0,244,23,21
Segment 2,23569,3113.55,629,142,127
Segment 2,23570,2123.75,1699,211,187
Segment 2,23571,2819.0999999999995,1726,191,173
Segment 2,23574,60.0,8,8,4
Segment 2,23575,195.0,100,19,19
Segment 2,23576,235.95,121,24,23
Segment 2,23578,109.2,56,11,11
Segment 2,23579,173.54999999999998,89,20,18
Segment 2,23580,198.9,102,20,19
Segment 2,23581,6404.96,3202,277,214
Segment 2,23582,7151.06,3682,215,174
Segment 2,23583,3802.3,2342,264,216
Segment 2,23597,338.0,120,25,25
Segment 2,23598,696.2,236,39,37
Segment 2,23630,2.99,1,1,1
Segment 2,23660,443.84999999999997,269,29,28
Segment 2,23661,316.79999999999995,192,22,22
Segment 2,23681,1751.9,1086,110,99
Segment 2,23691,357.0,850,32,31
Segment 2,23694,90.72,216,18,18
Segment 2,23695,204.54,487,36,35
Segment 2,23697,108.36,258,20,20
Segment 2,23702,24.0,2,2,2
Segment 2,35001G,270.27,81,18,17
Segment 2,35001W,36.43000000000001,13,3,3
Segment 2,35004B,1211.5,254,34,22
Segment 2,35004C,1230.7,254,28,23
Segment 2,35004G,220.2,52,13,11
Segment 2,35004P,5.45,1,1,1
Segment 2,35095A,133.98,319,28,25
Segment 2,35095B,165.48,394,38,33
Segment 2,35241,394.15000000000003,85,28,25
Segment 2,35265,20.5,11,9,9
Segment 2,35271S,0.95,5,1,1
Segment 2,35400,53.699999999999996,6,4,4
Segment 2,35443,4.25,5,3,3
Segment 2,35471D,485.29999999999995,1176,109,95
Segment 2,35591T,5.0,4,3,3
Segment 2,35597A,1.25,1,1,1
Segment 2,35597B,1.25,1,1,1
Segment 2,35597D,17.48,46,2,2
Segment 2,35598A,17.700000000000003,6,1,1
Segment 2,35598B,234.65,269,16,16
Segment 2,35598C,2.95,1,1,1
Segment 2,35598D,194.3,298,18,17
Segment 2,35599B,328.34999999999997,119,20,16
Segment 2,35599D,333.85,143,16,14
Segment 2,35607B,7.220000000000001,38,4,4
Segment 2,35637A,121.3,54,17,17
Segment 2,35637C,19.5,10,3,3
Segment 2,35638A,80.15,37,4,4
Segment 2,35638B,1.95,1,1,1
Segment 2,35645,12.75,3,2,1
Segment 2,35646,449.0,340,34,24
Segment 2,35647,15.0,12,1,1
Segment 2,35648,519.0799999999999,572,42,29
Segment 2,35649,46.900000000000006,14,4,4
Segment 2,35650,4.95,1,1,1
Segment 2,35651,416.84999999999997,245,27,23
Segment 2,35653,100.30000000000001,34,10,9
Segment 2,35809A,331.78,337,35,33
Segment 2,35809B,7.08,7,2,2
Segment 2,35810A,475.65999999999997,518,46,41
Segment 2,35810B,145.07,135,20,17
Segment 2,35815P,20.340000000000003,49,2,2
Segment 2,35816P,18.240000000000002,48,1,1
Segment 2,35817P,4.5600000000000005,12,1,1
Segment 2,35818B,0.38,1,1,1
Segment 2,35818P,26.6,70,11,10
Segment 2,35819B,56.24,148,16,14
Segment 2,35819P,13.680000000000001,36,5,5
Segment 2,35833P,26.25,21,7,6
Segment 2,35909A,23.6,8,3,3
Segment 2,35909B,23.6,8,2,2
Segment 2,35910A,39.0,20,4,4
Segment 2,35910B,25.349999999999998,13,3,3
Segment 2,35911A,123.69999999999999,122,17,17
Segment 2,35911B,35.7,17,4,4
Segment 2,35912B,115.0,92,14,12
Segment 2,35913B,25.499999999999996,30,7,7
Segment 2,35914,116.65,99,15,14
Segment 2,35915B,127.04999999999998,77,11,11
Segment 2,35915C,61.04999999999999,37,6,6
Segment 2,35916A,15.299999999999999,18,2,2
Segment 2,35916B,5.1,6,1,1
Segment 2,35916C,45.9,54,5,5
Segment 2,35920,72.5,58,9,9
Segment 2,35921,62.5,50,9,8
Segment 2,35922,123.75,25,8,8
Segment 2,35923,162.69,351,26,19
Segment 2,35924,159.60000000000002,76,19,19
Segment 2,35933,48.64,128,11,11
Segment 2,35953,1099.84,2604,75,73
Segment 2,35954,211.87,919,27,26
Segment 2,35957,127.80000000000001,462,6,6
Segment 2,35958,6.8,8,2,2
Segment 2,35961,1057.3999999999999,1244,130,100
Segment 2,35964,198.81,501,33,31
Segment 2,35965,74.32000000000001,64,20,14
Segment 2,35966,10.260000000000002,27,2,2
Segment 2,35967,99.30000000000001,261,22,19
Segment 2,35968,34.52,97,14,12
Segment 2,35970,5308.820000000001,3218,267,223
Segment 2,35971,381.25,305,40,33
Segment 2,35972,120.0,96,16,14
Segment 2,37327,405.47999999999996,1036,32,27
Segment 2,37330,2.34,6,1,1
Segment 2,37333,44.4,12,9,8
Segment 2,37340,583.89,1483,47,46
Segment 2,37342,757.0500000000001,951,47,39
Segment 2,37343,89.69999999999999,62,8,8
Segment 2,37351,1.56,4,1,1
Segment 2,37370,1894.46,1654,87,61
Segment 2,37379A,7.5,6,1,1
Segment 2,37413,189.72,460,67,44
Segment 2,37423,33.18,78,3,3
Segment 2,37444A,15.600000000000001,40,10,8
Segment 2,37444B,2.95,1,1,1
Segment 2,37444C,25.16,12,5,4
Segment 2,37446,1057.8,756,106,66
Segment 2,37447,853.77,573,66,41
Segment 2,37448,1759.3999999999999,1204,139,64
Segment 2,37449,2081.25,215,102,67
Segment 2,37450,1240.4,440,81,38
Segment 2,37461,1.25,1,1,1
Segment 2,37462E,5.59,27,4,4
Segment 2,37464,3.75,3,2,2
Segment 2,37467,58.339999999999996,126,10,10
Segment 2,37468,18.33,47,8,8
Segment 2,37471,10.2,12,1,1
Segment 2,37475,290.93,31,17,17
Segment 2,37476,150.44,16,8,8
Segment 2,37479B,60.33,127,17,16
Segment 2,37479P,29.88,60,12,11
Segment 2,37482P,105.03,225,29,26
Segment 2,37488A,2.34,6,2,2
Segment 2,37489A,11.31,25,10,10
Segment 2,37489B,8.97,19,7,7
Segment 2,37489C,8.969999999999999,19,6,6
Segment 2,37489D,14.43,33,12,12
Segment 2,37491B,6.6,4,1,1
Segment 2,37491C,13.2,8,1,1
Segment 2,37491D,3.3,2,1,1
Segment 2,37495,1137.45,311,63,55
Segment 2,37500,1360.0800000000002,248,58,43
Segment 2,37501,542.1,78,22,22
Segment 2,37509,5.1,2,2,2
Segment 2,40001,311.09999999999997,366,25,17
Segment 2,40003,53.75,43,7,6
Segment 2,40005B,9.35,11,3,3
Segment 2,40016,1034.22,3191,50,36
Segment 2,40046A,62.5,50,6,6
Segment 2,44089A,5.46,13,3,3
Segment 2,44089C,8.82,21,4,4
Segment 2,44091A,3.78,9,3,3
Segment 2,44092B,11.899999999999999,14,5,4
Segment 2,44092C,15.299999999999999,18,6,5
Segment 2,44228,10.2,12,1,1
Segment 2,44234,24.779999999999998,118,12,11
Segment 2,44235,39.9,95,9,7
Segment 2,44236,37.56,28,5,5
Segment 2,44242A,9.48,12,1,1
Segment 2,44242B,25.0,20,1,1
Segment 2,45013,8.850000000000001,3,2,2
Segment 2,46000M,1292.7,834,99,78
Segment 2,46000P,72.25,17,5,5
Segment 2,46000R,94.25,65,19,18
Segment 2,46000S,1592.1,1098,134,98
Segment 2,46000U,88.75,71,12,11
Segment 2,46115B,2.2800000000000002,12,2,1
Segment 2,46118,61.199999999999996,72,10,8
Segment 2,46126A,20.0,16,3,3
Segment 2,46138B,16.65,17,5,5
Segment 2,46775D,339.0,20,10,9
Segment 2,46776A,49.5,10,4,4
Segment 2,46776B,44.55,9,5,4
Segment 2,46776C,34.65,7,4,4
Segment 2,46776D,29.700000000000003,6,1,1
Segment 2,46776E,59.400000000000006,12,4,4
Segment 2,46776F,74.25,15,5,4
Segment 2,47013A,3.0399999999999996,14,4,4
Segment 2,47013C,4.78,37,6,6
Segment 2,47016,4.2,2,1,1
Segment 2,47021G,159.03,335,10,8
Segment 2,47310M,223.75,179,30,18
Segment 2,47341A,16.25,13,2,2
Segment 2,47341B,53.75,43,10,10
Segment 2,47343A,62.99999999999999,60,10,9
Segment 2,47344B,32.87,31,4,4
Segment 2,47348A,21.06,50,10,6
Segment 2,47351B,94.4,32,6,6
Segment 2,47367B,179.55,53,10,10
Segment 2,47369A,23.6,8,6,6
Segment 2,47369B,5.9,2,2,2
Segment 2,47420,32.68000000000001,172,12,10
Segment 2,47421,106.68,254,16,11
Segment 2,47422,82.74,197,19,12
Segment 2,47469,163.20999999999998,353,10,9
Segment 2,47471,29.900000000000002,46,12,12
Segment 2,47480,853.8,564,27,21
Segment 2,47481,54.4,64,12,12
Segment 2,47503A,891.5,2008,136,108
Segment 2,47503H,88.18,94,31,29
Segment 2,47503J,7.95,1,1,1
Segment 2,47504H,429.76,506,63,57
Segment 2,47504K,1265.83,1293,145,118
Segment 2,47518F,64.67999999999999,419,24,17
Segment 2,47559B,1684.5,1378,199,133
Segment 2,47563A,180.0,142,29,26
Segment 2,47566,45805.200000000004,9976,1108,545
Segment 2,47566B,5749.75,1233,239,155
Segment 2,47567B,2261.4500000000003,391,101,67
Segment 2,47570B,340.8,32,18,16
Segment 2,47574A,178.0,186,46,32
Segment 2,47574B,17.0,4,2,2
Segment 2,47578A,146.2,172,25,24
Segment 2,47579,2.1,1,1,1
Segment 2,47580,451.34999999999997,177,49,41
Segment 2,47585A,337.5,90,24,20
Segment 2,47586A,53.55,21,8,7
Segment 2,47589,21.8,4,2,2
Segment 2,47590A,5344.6,988,268,183
Segment 2,47590B,6439.950000000001,1211,283,193
Segment 2,47591B,47.849999999999994,29,8,7
Segment 2,47591D,3908.1,2068,327,209
Segment 2,47593A,14.37,33,12,10
Segment 2,47593B,402.88,1022,69,56
Segment 2,47594A,97.5,50,24,24
Segment 2,47594B,109.2,56,23,22
Segment 2,47599A,1815.4,884,114,83
Segment 2,47599B,1098.3000000000002,523,85,53
Segment 2,48111,3420.75,461,146,89
Segment 2,48116,1776.6,234,96,65
Segment 2,48129,2802.6,372,142,97
Segment 2,48138,13262.61,1809,425,252
Segment 2,48173C,2994.0,400,138,83
Segment 2,48184,7271.85,979,291,188
Segment 2,48185,4587.15,613,180,110
Segment 2,48187,9323.4,1242,415,255
Segment 2,48188,4367.7,580,201,132
Segment 2,48194,8815.35,1165,387,229
Segment 2,51008,759.0,220,14,12
Segment 2,51014A,1058.61,2219,120,89
Segment 2,51014C,589.0,1226,72,54
Segment 2,51014L,672.36,1402,79,60
Segment 2,51020A,49.339999999999996,94,11,10
Segment 2,51020B,33.36,72,8,7
Segment 2,62018,273.0,140,33,29
Segment 2,62043B,7.469999999999999,9,3,3
Segment 2,62074B,6.72,16,4,4
Segment 2,62086A,48.75,25,6,6
Segment 2,62094B,30.599999999999998,12,2,1
Segment 2,62096A,45.0,36,6,6
Segment 2,62096B,2.5,2,1,1
Segment 2,62097B,3.32,4,2,1
Segment 2,70006,723.9499999999999,809,62,60
Segment 2,70007,439.47999999999996,384,45,41
Segment 2,71038,1190.45,229,43,30
Segment 2,71050,9.45,27,5,4
Segment 2,71053,3278.49,895,177,109
Segment 2,71101E,217.01999999999998,270,17,14
Segment 2,71143,8.5,10,1,1
Segment 2,71215,4.62,11,2,2
Segment 2,71270,190.0,152,15,11
Segment 2,71279,368.75000000000006,125,25,18
Segment 2,71403,112.10000000000001,38,10,9
Segment 2,71406C,21.0,50,9,8
Segment 2,71459,5404.25,6725,282,172
Segment 2,71477,7286.91,2333,194,122
Segment 2,71495B,6.72,16,2,2
Segment 2,71496A,8.33,13,2,2
Segment 2,71496B,4.19,7,3,3
Segment 2,71510,8.5,10,2,2
Segment 2,72024U,10.08,48,2,2
Segment 2,72051S,18.06,43,4,4
Segment 2,72122,183.35,193,38,33
Segment 2,72127,110.6,90,21,19
Segment 2,72128,86.78999999999999,111,27,23
Segment 2,72130,82.36,140,19,16
Segment 2,72131,54.599999999999994,28,13,11
Segment 2,72132,31.2,16,10,8
Segment 2,72133,41.25,33,12,10
Segment 2,72134,11.9,14,6,4
Segment 2,72140E,20.4,24,6,6
Segment 2,72225C,55.67999999999999,192,8,8
Segment 2,72232,262.58000000000004,1382,49,35
Segment 2,72349B,614.4,316,60,39
Segment 2,72351A,1543.14,777,104,63
Segment 2,72351B,2328.2000000000003,1218,119,71
Segment 2,72369A,5.0,4,1,1
Segment 2,72586,131.04,312,32,31
Segment 2,72598,188.7,222,30,29
Segment 2,72709,22.099999999999998,26,5,3
Segment 2,72741,5896.3,4414,189,147
Segment 2,72760B,2556.72,264,103,83
Segment 2,72780,68.85,81,15,14
Segment 2,72783,33.6,16,2,2
Segment 2,72798C,9.899999999999999,6,2,2
Segment 2,72799C,95.87,53,14,13
Segment 2,72799E,391.87000000000006,157,36,32
Segment 2,72799F,185.85000000000002,63,14,13
Segment 2,72800B,223.03,113,32,27
Segment 2,72800C,164.38,90,23,20
Segment 2,72800D,193.79999999999998,76,24,19
Segment 2,72800E,699.28,352,61,53
Segment 2,72801C,112.5,90,13,12
Segment 2,72801D,67.5,54,10,9
Segment 2,72801G,46.25,37,8,7
Segment 2,72802A,916.78,230,40,33
Segment 2,72802B,982.0,446,57,42
Segment 2,72802C,1310.83,539,65,47
Segment 2,72803A,344.25,81,30,23
Segment 2,72807A,847.94,202,50,41
Segment 2,72807B,852.19,203,58,43
Segment 2,72807C,1479.13,353,85,63
Segment 2,72811,28.31,19,4,4
Segment 2,72812,12.600000000000001,6,1,1
Segment 2,72815,7.5,2,1,1
Segment 2,72816,688.56,696,22,22
Segment 2,72817,523.99,633,69,63
Segment 2,72818,600.14,1448,48,43
Segment 2,72819,263.25,117,22,22
Segment 2,72821,18.15,11,4,4
Segment 2,75011,31.6,40,8,6
Segment 2,75013B,37.949999999999996,23,5,5
Segment 2,75049L,3457.7999999999997,3780,83,49
Segment 2,75131,18.59,11,6,6
Segment 2,75172,37.910000000000004,33,5,5
Segment 2,75178,15.0,12,4,3
Segment 2,77079,2.12,1,1,1
Segment 2,77101A,88.75,71,17,13
Segment 2,78033,167.45000000000002,35,6,5
Segment 2,78034B,13.65,7,5,5
Segment 2,78124,201.5,154,14,13
Segment 2,79000,2092.6,2908,71,53
Segment 2,79026B,10.61,25,9,7
Segment 2,79030D,144.35999999999999,312,23,21
Segment 2,79030G,354.71999999999997,748,39,35
Segment 2,79051A,177.38,562,26,22
Segment 2,79062D,19.4,52,4,4
Segment 2,79063C,25.65,135,13,12
Segment 2,79063D,16.72,88,9,8
Segment 2,79066K,481.95,567,77,59
Segment 2,79067,473.75,137,15,14
Segment 2,79071B,50.150000000000006,17,9,8
Segment 2,79144B,22.259999999999998,53,12,12
Segment 2,79144C,6.3,15,4,4
Segment 2,79149B,7.14,17,7,7
Segment 2,79151B,4.2,10,1,1
Segment 2,79157B,3.4,4,2,2
Segment 2,79157V,2.55,3,2,2
Segment 2,79160,392.46000000000004,215,31,27
Segment 2,79161A,2.95,1,1,1
Segment 2,79163,358.71,881,25,20
Segment 2,79164,460.20000000000005,1096,14,9
Segment 2,79190A,115.5,275,32,22
Segment 2,79190B,139.85999999999999,333,32,21
Segment 2,79190D,89.03999999999999,212,24,15
Segment 2,79191B,115.6,136,23,21
Segment 2,79191C,388.45,457,57,51
Segment 2,79191D,11.049999999999999,13,6,6
Segment 2,79192A,3.75,3,2,2
Segment 2,79302M,224.20000000000002,76,21,17
Segment 2,79321,18479.5,3698,323,150
Segment 2,79329,12.18,12,2,2
Segment 2,79331,14.459999999999999,18,2,2
Segment 2,79336,13.680000000000003,36,3,2
Segment 2,79337,172.54,434,7,6
Segment 2,79403,42.5,50,6,5
Segment 2,79406,14.96,68,5,5
Segment 2,81950B,19.14,66,7,7
Segment 2,81950V,8.6,20,6,6
Segment 2,81952B,18.81,99,7,7
Segment 2,81952V,34.58,182,19,17
Segment 2,81953B,2.09,11,3,2
Segment 2,81953P,1.52,8,2,1
Segment 2,82001S,2497.5299999999997,719,57,35
Segment 2,82011A,60.0,16,10,8
Segment 2,82011B,78.75,21,16,9
Segment 2,82011C,90.0,24,16,14
Segment 2,82095,38.25,5,3,3
Segment 2,82482,14292.2,5678,744,353
Segment 2,82483,10585.210000000001,1671,424,208
Segment 2,82484,14012.3,1970,475,229
Segment 2,82486,14033.5,1654,469,199
Segment 2,82494L,14612.6,5204,698,328
Segment 2,82551,1703.7499999999998,1175,212,138
Segment 2,82552,1938.6499999999999,1337,244,157
Segment 2,82567,777.0000000000001,370,118,77
Segment 2,82578,647.9000000000001,1178,169,122
Segment 2,82580,1462.95,2719,301,176
Segment 2,82581,1191.8000000000002,2226,239,149
Segment 2,82582,6868.860000000001,3419,334,155
Segment 2,82583,5844.900000000001,2869,327,180
Segment 2,82599,699.3000000000001,333,70,57
Segment 2,82600,6711.840000000001,3358,338,180
Segment 2,82605,29.400000000000002,14,3,3
Segment 2,82613A,75.0,60,11,11
Segment 2,82613B,203.45,269,37,33
Segment 2,82613C,177.2,248,30,28
Segment 2,82613D,216.0,372,40,36
Segment 2,82615,91.8,36,1,1
Segment 2,82616B,307.0,232,31,28
Segment 2,82616C,257.0,192,38,33
Segment 2,84006,515.9499999999999,607,67,42
Segment 2,84012,1071.85,1077,87,73
Segment 2,84016,10.5,25,1,1
Segment 2,84029E,11455.0,3192,252,197
Segment 2,84029G,7428.62,1962,248,172
Segment 2,84030E,3966.5,970,233,174
Segment 2,84031A,297.35,91,31,28
Segment 2,84031B,248.55,71,28,26
Segment 2,84032A,746.2800000000001,324,80,66
Segment 2,84032B,845.6800000000001,376,107,95
Segment 2,84033,37.95,23,7,7
Segment 2,84050,3603.0499999999997,2605,166,115
Segment 2,84051,124.1,146,20,20
Segment 2,84077,6701.4,24300,362,250
Segment 2,84078A,3335.7000000000003,86,57,50
Segment 2,84086B,47.2,16,7,3
Segment 2,84086C,206.50000000000003,70,15,10
Segment 2,84192,112.5,90,22,16
Segment 2,84199,26.25,125,26,26
Segment 2,84201B,2.47,13,2,2
Segment 2,84201C,0.95,5,1,1
Segment 2,84206A,2.2800000000000002,12,2,2
Segment 2,84206B,0.95,5,1,1
Segment 2,84206C,1.52,8,2,2
Segment 2,84212,2701.6,5600,69,48
Segment 2,84218,117.0,60,37,34
Segment 2,84226,11.049999999999999,13,7,7
Segment 2,84228,57.96,138,14,12
Segment 2,84231,52.0,80,14,9
Segment 2,84247E,227.15000000000003,77,21,21
Segment 2,84247G,95.76,228,14,11
Segment 2,84247K,64.9,22,9,7
Segment 2,84247L,35.28,84,6,6
Segment 2,84247N,64.9,22,18,16
Segment 2,84249A,60.48,144,10,10
Segment 2,84251B,25.270000000000003,133,12,10
Segment 2,84251C,4.5600000000000005,24,2,2
Segment 2,84251G,25.080000000000002,132,11,11
Segment 2,84279B,584.43,157,50,41
Segment 2,84279P,970.11,261,78,67
Segment 2,84306,21.9,2,2,2
Segment 2,84313B,66.6,20,10,4
Segment 2,84313C,143.39999999999998,70,15,12
Segment 2,84341B,180.43,434,26,25
Segment 2,84347,11793.0,5260,230,165
Segment 2,84352,415.75,25,17,11
Segment 2,84356,1400.7,286,39,26
Segment 2,84358,277.79,31,11,5
Segment 2,84360,190.4,32,14,6
Segment 2,84375,5937.000000000001,2828,327,244
Segment 2,84378,4482.0,3404,429,322
Segment 2,84380,4212.65,3237,416,280
Segment 2,84388,9.24,14,5,5
Segment 2,84406B,3409.8500000000004,909,178,104
Segment 2,84415A,15.0,12,2,2
Segment 2,84415B,5.0,4,1,1
Segment 2,84422,16.38,42,5,5
Segment 2,84429A,61.95,21,9,8
Segment 2,84452,52.699999999999996,62,15,13
Segment 2,84457,98.6,116,19,19
Segment 2,84459A,327.8,220,44,42
Segment 2,84459B,503.62,338,53,48
Segment 2,84461,68.85,27,11,10
Segment 2,84462,13.75,11,5,5
Segment 2,84465,29.5,10,7,7
Segment 2,84466,57.5,46,10,8
Segment 2,84497,45.0,12,6,6
Segment 2,84499,5.949999999999999,7,2,2
Segment 2,84507B,61.199999999999996,24,12,8
Segment 2,84507C,145.35,57,21,9
Segment 2,84508A,107.1,42,21,13
Segment 2,84508B,122.39999999999999,48,27,18
Segment 2,84508C,96.89999999999999,38,17,11
Segment 2,84509A,1361.25,363,110,86
Segment 2,84509B,405.0,108,34,31
Segment 2,84509C,168.75,45,20,17
Segment 2,84509E,33.56,20,5,5
Segment 2,84509G,413.75,197,33,32
Segment 2,84510A,858.75,687,106,85
Segment 2,84510C,102.5,82,27,22
Segment 2,84510E,24.8,24,8,8
Segment 2,84519A,332.35,255,43,36
Segment 2,84519B,427.7,334,71,55
Segment 2,84520B,324.09,405,44,43
Segment 2,84522,23.4,12,6,6
Segment 2,84527,29.25,15,4,4
Segment 2,84531A,59.67,121,21,20
Segment 2,84531B,63.18,114,21,20
Segment 2,84534B,25.5,30,4,4
Segment 2,84535A,181.85,393,18,18
Segment 2,84535B,575.25,885,98,73
Segment 2,84536A,983.64,2342,191,124
Segment 2,84536B,399.09999999999997,1015,79,59
Segment 2,84539,26.4,16,1,1
Segment 2,84548,18.15,11,2,2
Segment 2,84549,11.549999999999999,7,2,2
Segment 2,84550,1.65,1,1,1
Segment 2,84551,1.65,1,1,1
Segment 2,84558A,817.1500000000001,277,53,44
Segment 2,84559A,202.29999999999998,238,35,27
Segment 2,84559B,146.2,172,35,29
Segment 2,84562A,15.9,2,2,2
Segment 2,84563A,103.30000000000001,34,7,7
Segment 2,84563B,165.25,55,15,13
Segment 2,84568,1480.32,7872,16,12
Segment 2,84569A,213.75,171,20,20
Segment 2,84569B,93.75,75,11,11
Segment 2,84569D,291.25,233,29,27
Segment 2,84575A,17.85,3,2,2
Segment 2,84576,40.95,21,6,6
Segment 2,84580,888.75,237,92,70
Segment 2,84581,450.0,120,53,46
Segment 2,84584,102.0,40,12,12
Segment 2,84592,203.55,69,16,14
Segment 2,84595E,80.85,49,5,4
Segment 2,84596B,1376.33,3109,298,166
Segment 2,84596E,134.75,224,30,28
Segment 2,84596F,1029.57,2315,236,150
Segment 2,84596G,429.51,993,127,73
Segment 2,84596J,103.64,227,23,18
Segment 2,84596L,254.05,595,67,42
Segment 2,84597B,51.25,41,5,3
Segment 2,84597C,57.5,46,13,11
Segment 2,84598,141.12,672,3,3
Segment 2,84600,230.55,29,14,12
Segment 2,84609,374.0,44,12,12
Segment 2,84613A,27.900000000000002,6,3,3
Segment 2,84613C,4.65,1,1,1
Segment 2,84616,119.8,4,2,2
Segment 2,84617,12.75,1,1,1
Segment 2,84620,11.9,2,1,1
Segment 2,84625A,432.65,425,29,23
Segment 2,84625C,456.04999999999995,413,26,18
Segment 2,84629,113.2,16,8,8
Segment 2,84631,127.2,16,9,7
Segment 2,84632,359.70000000000005,6,5,5
Segment 2,84637,124.95,21,9,8
Segment 2,84638,118.15,17,11,10
Segment 2,84658,250.20000000000002,36,13,11
Segment 2,84659A,145.35,57,13,12
Segment 2,84660A,316.84000000000003,332,27,24
Segment 2,84660B,234.71,201,19,15
Segment 2,84660C,212.77,219,18,15
Segment 2,84661A,34.73,15,5,5
Segment 2,84661B,96.72,40,6,6
Segment 2,84661C,16.88,8,3,3
Segment 2,84663A,151.24,100,21,19
Segment 2,84665,577.15,97,15,12
Segment 2,84666,71.10000000000001,18,3,3
Segment 2,84673A,37.7,58,21,19
Segment 2,84673B,68.25,105,31,29
Segment 2,84674,319.6,136,34,26
Segment 2,84675,26.55,9,2,2
Segment 2,84678,91.2,48,5,5
Segment 2,84679,55.7,6,2,2
Segment 2,84683,8.75,7,2,2
Segment 2,84685,33.75,9,3,3
Segment 2,84686,45.14,44,6,5
Segment 2,84687,279.45,51,16,12
Segment 2,84688,93.5,22,6,6
Segment 2,84691,1.7,2,1,1
Segment 2,84692,1886.22,4491,278,179
Segment 2,84706D,21.799999999999997,4,2,2
Segment 2,84706F,47.2,16,10,9
Segment 2,84707A,307.65,47,19,17
Segment 2,84707B,85.44999999999999,11,7,7
Segment 2,84708B,212.85000000000002,43,11,11
Segment 2,84709B,101.15,17,9,9
Segment 2,84711A,129.35,13,6,6
Segment 2,84711B,129.35,13,7,6
Segment 2,84712B,87.45,11,7,6
Segment 2,84715,47.2,16,3,3
Segment 2,84723,37.5,10,4,4
Segment 2,84725,28.4,26,17,15
Segment 2,84731,2.04,2,2,2
Segment 2,84732B,8.58,22,2,2
Segment 2,84732D,4.29,11,2,2
Segment 2,84741C,103.35,53,12,12
Segment 2,84744,111.25,89,15,14
Segment 2,84745A,10.92,26,4,4
Segment 2,84745B,10.92,26,4,4
Segment 2,84746,11.25,3,1,1
Segment 2,84748,86.25,23,7,6
Segment 2,84750A,46.8,24,1,1
Segment 2,84750B,38.61,35,9,9
Segment 2,84751B,37.11,17,8,8
Segment 2,84754,478.89,405,32,31
Segment 2,84755,6530.5,10490,430,252
Segment 2,84760S,46.4,32,6,6
Segment 2,84763,552.76,472,39,31
Segment 2,84766,200.3,74,9,8
Segment 2,84773,8.850000000000001,3,1,1
Segment 2,84789,447.35,137,33,25
Segment 2,84792,2701.6200000000003,594,163,104
Segment 2,84795B,929.85,123,32,25
Segment 2,84796A,153.0,12,8,8
Segment 2,84796B,505.04999999999995,43,14,13
Segment 2,84798A,35.699999999999996,14,3,3
Segment 2,84798B,2.55,1,1,1
Segment 2,84799,107.82,150,6,6
Segment 2,84800L,477.12000000000006,264,19,17
Segment 2,84800M,143.83,103,10,10
Segment 2,84800S,120.07000000000001,107,9,9
Segment 2,84801A,37.800000000000004,18,2,2
Segment 2,84801B,46.2,22,3,3
Segment 2,84802A,3.38,2,1,1
Segment 2,84802B,6.76,4,1,1
Segment 2,84803B,25.35,15,3,3
Segment 2,84804A,118.63000000000001,49,6,6
Segment 2,84804B,159.93000000000004,63,5,5
Segment 2,84805A,52.5,30,3,3
Segment 2,84805B,22.5,14,2,2
Segment 2,84806A,70.13,101,9,9
Segment 2,84806B,341.96,260,16,15
Segment 2,84809A,79.80000000000001,38,5,5
Segment 2,84809B,37.800000000000004,18,1,1
Segment 2,84813,381.6,72,13,12
Segment 2,84816,319.6,8,7,7
Segment 2,84817,478.44000000000005,513,45,41
Segment 2,84818,994.6,908,76,65
Segment 2,84819,614.78,462,47,44
Segment 2,84820,314.46000000000004,122,25,25
Segment 2,84821,304.89,525,29,25
Segment 2,84823,612.15,77,18,18
Segment 2,84824,31.9,2,2,2
Segment 2,84826,323.83,859,26,25
Segment 2,84827,106.19,267,9,9
Segment 2,84828,1051.76,856,97,75
Segment 2,84832,1527.4499999999998,1797,141,107
Segment 2,84836,5436.46,4382,390,257
Segment 2,84840,17.0,2,2,2
Segment 2,84842,52.5,14,9,8
Segment 2,84843,745.35,141,32,28
Segment 2,84846A,84.0,40,8,7
Segment 2,84847,67.5,18,9,8
Segment 2,84849A,180.83,107,23,20
Segment 2,84849B,363.35,215,51,38
Segment 2,84849D,464.75,275,76,58
Segment 2,84857C,57.95,23,3,3
Segment 2,84858C,17.85,3,2,2
Segment 2,84859A,193.14999999999998,97,24,19
Segment 2,84859B,48.75,25,8,8
Segment 2,84859C,130.85,63,17,14
Segment 2,84865,67.15,19,7,7
Segment 2,84870B,75.0,20,10,9
Segment 2,84870C,67.5,18,9,9
Segment 2,84872A,50.849999999999994,3,3,3
Segment 2,84873A,33.9,2,2,2
Segment 2,84874B,37.95,23,5,5
Segment 2,84875B,47.5,38,9,8
Segment 2,84875D,48.75,39,7,7
Segment 2,84876B,157.5,126,17,14
Segment 2,84876D,142.5,96,10,10
Segment 2,84877A,15.0,12,1,1
Segment 2,84877B,97.5,78,7,6
Segment 2,84877D,75.0,58,8,8
Segment 2,84879,36476.88,22152,1142,530
Segment 2,84880,1225.8000000000002,182,53,43
Segment 2,84881,69.85,11,5,5
Segment 2,84882,120.0,32,14,11
Segment 2,84884A,704.8,192,48,41
Segment 2,84898F,90.30000000000001,43,17,14
Segment 2,84905,59.400000000000006,12,2,2
Segment 2,84906,86.9,22,9,8
Segment 2,84907,38.25,5,3,3
Segment 2,84910A,59.5,10,6,6
Segment 2,84912A,330.0,88,27,21
Segment 2,84912B,480.0,128,39,27
Segment 2,84913A,153.45000000000002,33,9,9
Segment 2,84913B,232.50000000000003,50,15,15
Segment 2,84915,48.8,24,4,4
Segment 2,84916,199.35,73,13,13
Segment 2,84917,153.55,89,9,9
Segment 2,84919,201.55,29,9,9
Segment 2,84920,187.5,50,17,17
Segment 2,84921,41.25,11,5,5
Segment 2,84922,34.0,8,5,5
Segment 2,84924A,165.0,44,17,15
Segment 2,84924F,7.9,10,3,3
Segment 2,84925D,35.699999999999996,14,9,7
Segment 2,84925F,106.77,75,13,13
Segment 2,84926A,114.75999999999999,356,20,17
Segment 2,84926D,164.7,462,25,21
Segment 2,84926E,199.33999999999997,598,28,24
Segment 2,84926F,84.82,242,13,13
Segment 2,84927A,51.75,45,13,11
Segment 2,84927D,28.89,39,10,8
Segment 2,84927E,59.220000000000006,51,10,9
Segment 2,84927F,152.55,264,36,32
Segment 2,84929,438.18,1806,54,51
Segment 2,84931A,178.5,70,20,18
Segment 2,84931B,135.14999999999998,53,17,15
Segment 2,84944,754.9499999999999,415,62,54
Segment 2,84945,6102.599999999999,7620,236,154
Segment 2,84946,11097.18,9414,475,286
Segment 2,84947,4176.820000000001,3626,185,119
Segment 2,84949,2895.45,1781,177,125
Segment 2,84950,630.6500000000001,985,60,48
Segment 2,84951A,254.1,294,25,21
Segment 2,84951B,173.52,200,19,18
Segment 2,84952A,116.25,31,4,4
Segment 2,84952B,60.0,16,6,6
Segment 2,84952C,71.25,19,5,5
Segment 2,84963A,171.8,4,1,1
Segment 2,84963B,149.85000000000002,3,1,1
Segment 2,84968A,1481.85,123,36,24
Segment 2,84968B,25.5,2,2,2
Segment 2,84968C,956.25,75,38,27
Segment 2,84968D,650.25,51,22,19
Segment 2,84968E,831.5999999999999,72,14,9
Segment 2,84968F,836.55,69,22,18
Segment 2,84969,1122.0,264,65,45
Segment 2,84970L,3892.5099999999998,3923,266,189
Segment 2,84970S,4535.23,5611,318,216
Segment 2,84971S,1076.1299999999999,1305,87,58
Segment 2,84974,358.2,36,26,24
Segment 2,84975,8.45,5,2,2
Segment 2,84976,192.63,237,21,20
Segment 2,84978,8459.4,7184,447,235
Segment 2,84984A,74.4,16,5,3
Segment 2,84984B,65.10000000000001,14,4,3
Segment 2,84984D,60.45,13,4,3
Segment 2,84985A,58.0,40,17,14
Segment 2,84987,2167.75,1495,190,162
Segment 2,84988,3951.85,2785,260,171
Segment 2,84989A,13.750000000000002,25,15,14
Segment 2,84990,1.1,2,2,2
Segment 2,84991,4873.150000000001,9229,547,349
Segment 2,84992,2925.9500000000003,5405,406,289
Segment 2,84993A,105.0,250,27,25
Segment 2,84993B,18.48,44,15,14
Segment 2,84997A,4041.1000000000004,1018,181,121
Segment 2,84997B,7478.2300000000005,1905,271,173
Segment 2,84997C,5322.8,1344,243,171
Segment 2,84997D,7874.200000000001,1972,343,207
Segment 2,85006,47.05,43,8,8
Segment 2,85008,39.6,8,5,5
Segment 2,85014A,4852.400000000001,872,197,150
Segment 2,85014B,6743.3,1214,236,174
Segment 2,85015,1163.2,1582,82,79
Segment 2,85016,269.1,300,17,15
Segment 2,85017A,5.1,6,2,2
Segment 2,85017B,364.17,656,58,52
Segment 2,85017C,21.07,43,8,8
Segment 2,85018D,25.5,10,5,5
Segment 2,85019A,441.0,348,20,17
Segment 2,85019B,549.25,425,21,17
Segment 2,85019C,188.25,129,6,5
Segment 2,85020,163.8,78,16,11
Segment 2,85023B,43.349999999999994,17,6,5
Segment 2,85024B,57.74999999999999,35,9,9
Segment 2,85024C,19.799999999999997,12,9,8
Segment 2,85025B,222.74999999999997,135,18,17
Segment 2,85025C,235.94999999999996,143,25,24
Segment 2,85026B,38.25,45,7,7
Segment 2,85027L,109.64999999999999,47,14,13
Segment 2,85028L,19.5,10,4,4
Segment 2,85028S,23.4,12,6,6
Segment 2,85030,21.45,11,5,5
Segment 2,85031A,38.4,10,6,6
Segment 2,85031B,4.95,1,1,1
Segment 2,85031C,14.850000000000001,3,1,1
Segment 2,85032A,623.9000000000001,652,89,75
Segment 2,85032B,585.85,647,83,74
Segment 2,85032C,531.5500000000001,559,77,67
Segment 2,85032D,332.70000000000005,465,46,46
Segment 2,85034A,741.75,447,60,51
Segment 2,85034B,901.0,608,66,62
Segment 2,85034C,1160.25,825,106,94
Segment 2,85035A,523.0,188,56,49
Segment 2,85035B,358.5,210,34,31
Segment 2,85035C,918.75,627,88,73
Segment 2,85036A,322.75,119,39,37
Segment 2,85036B,464.33,241,38,36
Segment 2,85036C,878.2,608,67,60
Segment 2,85038,1684.0200000000002,878,83,56
Segment 2,85039A,286.04999999999995,185,20,17
Segment 2,85039B,562.4999999999999,354,39,34
Segment 2,85039C,73.32,116,7,7
Segment 2,85040A,1128.8999999999999,690,111,76
Segment 2,85040B,222.74999999999997,135,34,28
Segment 2,85045,69.3,14,7,7
Segment 2,85047,19.049999999999997,3,2,2
Segment 2,85048,5314.75,705,154,126
Segment 2,85049A,2376.25,1901,222,178
Segment 2,85049B,67.5,54,13,13
Segment 2,85049C,1172.5,938,186,147
Segment 2,85049D,612.5,490,93,80
Segment 2,85049E,2917.5,2334,296,231
Segment 2,85049F,462.5,370,84,69
Segment 2,85049G,1410.0,1128,204,146
Segment 2,85049H,417.5,334,58,55
Segment 2,85053,2264.6400000000003,1144,168,125
Segment 2,85054,1032.4,466,71,56
Segment 2,85055,48.75,13,8,7
Segment 2,85059,587.5,226,58,49
Segment 2,85061W,1052.3,1238,88,60
Segment 2,85062,1838.6999999999998,1126,116,84
Segment 2,85064,212.55,39,19,18
Segment 2,85066,15379.5,1274,373,234
Segment 2,85067,56.849999999999994,3,3,3
Segment 2,85071A,378.23,681,75,64
Segment 2,85071B,431.36,800,87,76
Segment 2,85071C,216.78,434,61,53
Segment 2,85071D,178.41,319,56,54
Segment 2,85078,262.52000000000004,1280,52,39
Segment 2,85084,11.05,13,5,5
Segment 2,85086A,37.4,44,7,7
Segment 2,85087,106.20000000000002,36,6,6
Segment 2,85088,226.02,117,15,14
Segment 2,85089,38.35,13,5,5
Segment 2,85092,40.05,27,2,2
Segment 2,85093,184.41,367,17,17
Segment 2,85094,111.35000000000001,441,28,27
Segment 2,85095,66.3,34,6,6
Segment 2,85096,67.5,18,10,9
Segment 2,85099B,45797.33,23964,1289,513
Segment 2,85099C,12191.300000000001,6297,525,245
Segment 2,85099F,15010.01,7892,517,264
Segment 2,85103,460.55,77,4,4
Segment 2,85104,120.75,49,10,10
Segment 2,85106,56.099999999999994,22,7,7
Segment 2,85107,358.83,165,17,16
Segment 2,85109,10.2,12,1,1
Segment 2,85111,202.70999999999998,699,42,34
Segment 2,85114A,626.85,409,34,18
Segment 2,85114B,492.45,313,39,34
Segment 2,85114C,695.4,436,56,34
Segment 2,85116,407.00000000000006,412,29,25
Segment 2,85118,108.24000000000001,120,4,4
Segment 2,85123A,48388.1,17654,1544,633
Segment 2,85124B,204.0,80,28,22
Segment 2,85124C,198.89999999999998,78,27,20
Segment 2,85125,475.0,106,14,10
Segment 2,85127,376.2,76,17,15
Segment 2,85129B,78.75,63,12,7
Segment 2,85129C,77.5,62,8,6
Segment 2,85129D,156.25,125,26,14
Segment 2,85130A,67.64999999999999,41,8,8
Segment 2,85130B,497.39,573,41,36
Segment 2,85130C,251.0,272,34,30
Segment 2,85130D,391.28999999999996,381,46,37
Segment 2,85131A,306.25,245,18,16
Segment 2,85131B,7.5,6,2,1
Segment 2,85131C,37.5,30,4,3
Segment 2,85131D,22.5,18,3,2
Segment 2,85132A,707.3,334,43,31
Segment 2,85132B,859.0,420,52,38
Segment 2,85132C,2460.75,1225,112,85
Segment 2,85135A,111.3,14,5,5
Segment 2,85135B,302.1,38,28,22
Segment 2,85135C,524.7,66,43,36
Segment 2,85136A,333.90000000000003,42,30,28
Segment 2,85136B,15.9,2,2,2
Segment 2,85136C,182.85,23,17,16
Segment 2,85141,270.55,53,29,24
Segment 2,85144,347.84999999999997,105,35,34
Segment 2,85145,84.75,17,10,9
Segment 2,85146,106.5,30,6,6
Segment 2,85150,5215.349999999999,2113,320,172
Segment 2,85152,8525.28,4200,504,231
Segment 2,85159A,557.4499999999999,307,34,29
Segment 2,85159B,771.9499999999999,393,46,36
Segment 2,85160B,35.58,78,12,12
Segment 2,85161,151.6,8,7,6
Segment 2,85163A,140.25,11,11,11
Segment 2,85163B,89.25,7,6,6
Segment 2,85167B,71.5,38,4,4
Segment 2,85168B,39.8,4,3,3
Segment 2,85169A,431.8,452,43,39
Segment 2,85169B,161.49,177,23,15
Segment 2,85169C,353.72,336,21,14
Segment 2,85169D,206.48000000000002,208,20,18
Segment 2,85170A,2.1,1,1,1
Segment 2,85170B,97.8,68,17,10
Segment 2,85170C,195.9,129,19,18
Segment 2,85170D,292.92,206,32,23
Segment 2,85172,396.47999999999996,944,34,28
Segment 2,85173,447.56,300,35,30
Segment 2,85174,1516.3,402,65,47
Segment 2,85175,1668.8999999999999,4193,109,67
Segment 2,85176,445.4,524,60,42
Segment 2,85177,297.5,350,30,29
Segment 2,85178,730.0,584,61,52
Segment 2,85179A,109.65,85,9,9
Segment 2,85179C,53.4,40,5,5
Segment 2,85180A,394.5,234,23,22
Segment 2,85180B,195.9,86,14,13
Segment 2,85183A,671.25,511,74,56
Segment 2,85183B,973.75,735,95,77
Segment 2,85184C,1737.8500000000001,1077,106,93
Segment 2,85185B,780.2500000000001,271,54,47
Segment 2,85185D,44.25000000000001,15,8,7
Segment 2,85186A,170.1,405,35,33
Segment 2,85186C,112.98,269,28,27
Segment 2,85187,368.25,229,49,47
Segment 2,85188A,212.5,250,28,26
Segment 2,85188B,63.74999999999999,75,8,8
Segment 2,85189,7.6499999999999995,9,3,2
Segment 2,85194L,549.0999999999999,646,47,43
Segment 2,85194S,320.92,832,44,42
Segment 2,85195,23.1,11,3,3
Segment 2,85197,58.800000000000004,28,16,16
Segment 2,85198,32.3,38,3,3
Segment 2,85199L,468.00000000000006,720,56,45
Segment 2,85199S,672.42,1601,101,83
Segment 2,85200,190.0,152,20,20
Segment 2,85202,117.17999999999999,279,37,32
Segment 2,85203,181.86,433,40,37
Segment 2,85204,132.12,946,34,32
Segment 2,85205B,260.09999999999997,102,19,19
Segment 2,85206A,748.1999999999999,460,84,80
Segment 2,85206B,23.099999999999998,14,4,4
Segment 2,85208,119.7,57,18,18
Segment 2,85211,113.92999999999999,117,14,12
Segment 2,85212,427.86999999999995,1447,59,51
Segment 2,85213,131.08999999999997,257,18,17
Segment 2,85214,166.64999999999998,101,42,35
Segment 2,85215,50.7,78,5,5
Segment 2,85216,35.75,55,8,6
Segment 2,85224,6.300000000000001,3,1,1
Segment 2,85225,1.0,1,1,1
Segment 2,85227,667.25,785,122,101
Segment 2,85230A,76.55999999999999,264,11,11
Segment 2,85230B,222.50999999999996,807,29,25
Segment 2,85230E,96.57,333,14,12
Segment 2,85230F,56.25999999999999,194,8,8
Segment 2,85230G,104.39999999999999,360,15,15
Segment 2,85231B,499.79999999999995,588,92,66
Segment 2,85231G,358.7,422,61,45
Segment 2,85232A,319.8,68,21,19
Segment 2,85232B,49.5,10,4,4
Segment 2,85232D,689.1,146,44,39
Segment 2,90000A,53.550000000000004,9,5,5
Segment 2,90000B,17.85,3,2,2
Segment 2,90000D,35.7,6,4,4
Segment 2,90001A,8.5,2,1,1
Segment 2,90001B,17.0,4,2,2
Segment 2,90001C,8.5,2,2,2
Segment 2,90001D,21.25,5,3,3
Segment 2,90002D,33.75,9,5,4
Segment 2,90003B,7.5,2,2,2
Segment 2,90003C,30.0,8,4,4
Segment 2,90003D,48.75,13,5,5
Segment 2,90003E,15.0,4,1,1
Segment 2,90010A,44.75,5,4,4
Segment 2,90010B,62.64999999999999,7,3,3
Segment 2,90010E,62.64999999999999,7,5,5
Segment 2,90011A,2.95,1,1,1
Segment 2,90011B,20.650000000000002,7,2,2
Segment 2,90012A,17.700000000000003,6,1,1
Segment 2,90012B,35.400000000000006,12,2,2
Segment 2,90013A,30.0,8,2,2
Segment 2,90013C,41.25,11,4,4
Segment 2,90014A,75.55,9,8,6
Segment 2,90014B,85.5,10,8,7
Segment 2,90014C,32.8,4,3,3
Segment 2,90016A,42.5,5,3,3
Segment 2,90016B,76.5,9,8,6
Segment 2,90018A,51.0,12,6,5
Segment 2,90018B,25.5,6,4,4
Segment 2,90018C,17.0,4,2,2
Segment 2,90019A,44.55,9,4,4
Segment 2,90019B,9.9,2,2,2
Segment 2,90019C,19.8,4,3,3
Segment 2,90021,11.95,1,1,1
Segment 2,90022,11.25,3,2,2
Segment 2,90023,29.75,7,3,1
Segment 2,90024B,17.0,2,1,1
Segment 2,90024C,17.0,2,1,1
Segment 2,90024D,8.5,1,1,1
Segment 2,90024F,17.0,2,1,1
Segment 2,90025A,7.5,2,2,2
Segment 2,90025F,3.75,1,1,1
Segment 2,90026A,17.0,2,1,1
Segment 2,90026B,17.0,2,2,2
Segment 2,90026C,25.5,3,2,2
Segment 2,90026D,25.5,3,3,3
Segment 2,90028,17.0,2,1,1
Segment 2,90029,25.5,3,2,2
Segment 2,90030A,12.0,12,2,2
Segment 2,90030B,89.8,70,11,9
Segment 2,90030C,20.0,20,4,4
Segment 2,90031,12.0,12,2,2
Segment 2,90032,62.5,10,5,3
Segment 2,90033,5.1,2,1,1
Segment 2,90035A,43.0,4,2,1
Segment 2,90035C,21.5,2,1,1
Segment 2,90036A,47.7,6,4,3
Segment 2,90036B,31.8,4,2,2
Segment 2,90036C,47.7,6,2,2
Segment 2,90036D,87.45,11,4,4
Segment 2,90036E,55.650000000000006,7,5,4
Segment 2,90036F,31.8,4,1,1
Segment 2,90037B,15.299999999999999,6,1,1
Segment 2,90038A,22.5,6,1,1
Segment 2,90038B,22.5,6,1,1
Segment 2,90038C,22.5,6,1,1
Segment 2,90039C,3.75,1,1,1
Segment 2,90039D,7.5,2,1,1
Segment 2,90040A,10.5,3,1,1
Segment 2,90040C,24.5,7,3,3
Segment 2,90041,7.0,2,1,1
Segment 2,90042A,7.6499999999999995,3,2,1
Segment 2,90043,14.850000000000001,3,1,1
Segment 2,90046,14.850000000000001,3,1,1
Segment 2,90048,14.850000000000001,3,1,1
Segment 2,90049,14.850000000000001,3,1,1
Segment 2,90050,41.7,6,2,2
Segment 2,90051,27.8,4,2,2
Segment 2,90054,2.55,1,1,1
Segment 2,90055,2.55,1,1,1
Segment 2,90057,561.36,408,15,15
Segment 2,90058A,41.04,108,3,3
Segment 2,90058B,150.48,396,11,11
Segment 2,90059B,3.3,2,1,1
Segment 2,90059C,1.65,1,1,1
Segment 2,90059E,4.949999999999999,3,1,1
Segment 2,90059F,3.3,2,1,1
Segment 2,90060B,5.95,1,1,1
Segment 2,90060D,17.85,3,3,3
Segment 2,90062,255.0,20,6,6
Segment 2,90063A,93.5,11,7,7
Segment 2,90063B,51.0,6,4,4
Segment 2,90064A,26.25,7,3,3
Segment 2,90064B,33.75,9,5,5
Segment 2,90065A,40.5,6,3,3
Segment 2,90065B,6.75,1,1,1
Segment 2,90067A,29.500000000000004,10,3,3
Segment 2,90069,15.0,2,1,1
Segment 2,90070,29.75,5,2,2
Segment 2,90071,1.25,1,1,1
Segment 2,90072,15.0,4,2,1
Segment 2,90073,64.35000000000001,13,4,4
Segment 2,90074,17.9,2,1,1
Segment 2,90078,15.0,2,1,1
Segment 2,90079,24.75,5,2,2
Segment 2,90081A,74.25,15,8,7
Segment 2,90081C,54.45,11,6,6
Segment 2,90082A,133.35,21,10,8
Segment 2,90082B,152.4,24,9,7
Segment 2,90082D,38.099999999999994,6,3,3
Segment 2,90083,2.2800000000000002,12,1,1
Segment 2,90084,0.85,1,1,1
Segment 2,90085,20.4,24,2,2
Segment 2,90086,29.52,72,3,3
Segment 2,90087,23.880000000000003,84,3,3
Segment 2,90089,2.47,13,2,2
Segment 2,90093,13.33,25,3,3
Segment 2,90094,28.049999999999997,11,11,11
Segment 2,90096,20.4,8,3,3
Segment 2,90098,63.75,25,8,8
Segment 2,90099,40.8,16,11,10
Segment 2,90100,2.55,1,1,1
Segment 2,90101,2.55,1,1,1
Segment 2,90102,8.5,10,1,1
Segment 2,90104,0.85,1,1,1
Segment 2,90108,54.6,52,5,5
Segment 2,90114,150.45,59,9,9
Segment 2,90116,27.04,16,3,3
Segment 2,90119,17.849999999999998,7,2,2
Segment 2,90120B,42.5,10,4,4
Segment 2,90120C,72.25,17,5,4
Segment 2,90120D,8.5,2,2,2
Segment 2,90122A,39.6,8,3,3
Segment 2,90122B,4.95,1,1,1
Segment 2,90122C,84.15,17,5,3
Segment 2,90123A,83.3,14,8,8
Segment 2,90123B,47.6,8,4,4
Segment 2,90123C,53.55,9,4,4
Segment 2,90123D,17.85,3,2,2
Segment 2,90124A,59.699999999999996,6,4,4
Segment 2,90124B,29.849999999999998,3,2,2
Segment 2,90124C,69.64999999999999,7,4,4
Segment 2,90125A,22.5,25,3,3
Segment 2,90125B,24.9,19,3,3
Segment 2,90125C,2.1,1,1,1
Segment 2,90125D,4.2,2,2,2
Segment 2,90125E,2.1,1,1,1
Segment 2,90128B,1.25,1,1,1
Segment 2,90129A,20.650000000000002,7,3,3
Segment 2,90129B,41.300000000000004,14,5,5
Segment 2,90129C,44.25000000000001,15,5,5
Segment 2,90129D,23.6,8,2,2
Segment 2,90129E,17.700000000000003,6,1,1
Segment 2,90129F,20.650000000000002,7,4,4
Segment 2,90130A,2.95,1,1,1
Segment 2,90130B,8.850000000000001,3,2,2
Segment 2,90131,27.8,4,1,1
Segment 2,90133,19.8,4,2,2
Segment 2,90135,29.700000000000003,6,1,1
Segment 2,90136,29.849999999999998,3,2,2
Segment 2,90138,19.8,4,1,1
Segment 2,90141B,14.850000000000001,3,1,1
Segment 2,90142D,44.55,9,3,3
Segment 2,90143,120.0,16,6,6
Segment 2,90144,26.25,7,3,3
Segment 2,90145,83.30000000000001,14,7,5
Segment 2,90146,30.0,4,2,2
Segment 2,90147,199.0,20,11,9
Segment 2,90148,76.5,6,4,4
Segment 2,90149,7.5,1,1,1
Segment 2,90151,68.0,8,4,2
Segment 2,90152A,11.9,2,2,2
Segment 2,90152B,5.95,1,1,1
Segment 2,90152C,5.95,1,1,1
Segment 2,90154,44.75,5,4,4
Segment 2,90155,37.5,5,3,3
Segment 2,90156,14.850000000000001,3,2,2
Segment 2,90157,9.9,2,1,1
Segment 2,90158,44.550000000000004,9,5,5
Segment 2,90159,14.850000000000001,3,2,2
Segment 2,90160A,145.95000000000002,21,9,8
Segment 2,90160B,76.45,11,6,5
Segment 2,90160C,152.9,22,11,10
Segment 2,90160D,83.4,12,6,6
Segment 2,90161A,39.6,8,5,5
Segment 2,90161B,138.6,28,10,8
Segment 2,90161C,143.55,29,13,11
Segment 2,90161D,123.75000000000001,25,8,5
Segment 2,90162A,17.700000000000003,6,1,1
Segment 2,90162B,79.65,27,10,7
Segment 2,90162C,41.300000000000004,14,7,3
Segment 2,90162D,29.500000000000004,10,5,3
Segment 2,90163A,15.0,2,1,1
Segment 2,90163B,15.0,2,1,1
Segment 2,90164A,70.35,19,6,6
Segment 2,90164B,54.0,22,6,6
Segment 2,90165B,2.55,1,1,1
Segment 2,90166,21.25,5,2,2
Segment 2,90167,8.5,10,1,1
Segment 2,90170,54.44999999999999,33,4,4
Segment 2,90173,45.0,12,2,2
Segment 2,90174,10.2,4,2,2
Segment 2,90175A,80.55,9,8,6
Segment 2,90175C,53.699999999999996,6,4,4
Segment 2,90175D,8.95,1,1,1
Segment 2,90176A,15.0,2,1,1
Segment 2,90176B,15.0,2,1,1
Segment 2,90176C,15.0,2,1,1
Segment 2,90176D,52.5,7,4,4
Segment 2,90176E,22.5,3,2,2
Segment 2,90177B,17.700000000000003,6,1,1
Segment 2,90177C,20.650000000000002,7,2,2
Segment 2,90177D,8.850000000000001,3,2,2
Segment 2,90178A,59.75,5,5,5
Segment 2,90178B,11.95,1,1,1
Segment 2,90179A,17.85,3,2,2
Segment 2,90179C,5.95,1,1,1
Segment 2,90180A,77.4,12,4,4
Segment 2,90180B,9.95,1,1,1
Segment 2,90181A,8.95,1,1,1
Segment 2,90183A,41.300000000000004,14,4,4
Segment 2,90184A,62.65,7,3,3
Segment 2,90184B,134.25,15,8,8
Segment 2,90184C,35.8,4,4,4
Segment 2,90185A,63.75,15,3,3
Segment 2,90185B,29.75,7,2,2
Segment 2,90185C,63.75,15,4,4
Segment 2,90185D,136.0,32,8,7
Segment 2,90186A,11.8,4,3,3
Segment 2,90186B,35.400000000000006,12,6,6
Segment 2,90187B,13.4,4,1,1
Segment 2,90188,5.1,2,2,2
Segment 2,90189A,15.0,2,2,2
Segment 2,90190A,17.700000000000003,6,1,1
Segment 2,90190B,17.700000000000003,6,1,1
Segment 2,90190C,14.75,5,4,4
Segment 2,90191,70.7,14,5,5
Segment 2,90192,99.0,20,7,4
Segment 2,90194,38.25,9,4,4
Segment 2,90195A,95.2,16,7,7
Segment 2,90195B,20.849999999999998,3,3,3
Segment 2,90196A,102.0,8,5,5
Segment 2,90196B,51.0,4,4,4
Segment 2,90197B,14.850000000000001,3,1,1
Segment 2,90198A,80.75,19,7,5
Segment 2,90198B,85.0,20,10,10
Segment 2,90199A,50.8,8,3,3
Segment 2,90199B,12.7,2,1,1
Segment 2,90199C,88.89999999999999,14,6,6
Segment 2,90199D,12.7,2,2,2
Segment 2,90200A,174.25,41,16,14
Segment 2,90200B,272.0,64,23,17
Segment 2,90200C,72.25,17,5,5
Segment 2,90200D,297.5,70,21,18
Segment 2,90200E,208.25,49,16,13
Segment 2,90201A,67.85000000000001,23,9,9
Segment 2,90201B,100.30000000000001,34,7,6
Segment 2,90201C,97.35000000000001,33,9,9
Segment 2,90201D,64.9,22,7,7
Segment 2,90202B,2.95,1,1,1
Segment 2,90202C,2.95,1,1,1
Segment 2,90202D,17.700000000000003,6,1,1
Segment 2,90204,40.2,12,6,6
Segment 2,90205A,19.8,12,5,5
Segment 2,90205C,3.3,2,2,2
Segment 2,90206A,14.850000000000001,3,2,1
Segment 2,90206C,59.400000000000006,12,7,6
Segment 2,90208,7.6499999999999995,3,2,2
Segment 2,90209A,151.2,78,3,2
Segment 2,90209B,189.0,104,11,7
Segment 2,90209C,407.4,228,11,7
Segment 2,90210A,35.9,26,3,3
Segment 2,90210B,58.6,40,6,6
Segment 2,90210C,40.9,34,4,4
Segment 2,90210D,50.0,44,4,3
Segment 2,90211A,11.9,2,1,1
Segment 2,90211B,11.9,2,1,1
Segment 2,90212B,11.25,3,1,1
Segment 2,90212C,22.5,6,2,2
Segment 2,90214A,55.71,63,14,5
Segment 2,90214B,4.7299999999999995,13,2,2
Segment 2,90214C,40.04,52,9,7
Segment 2,90214D,24.46,38,6,4
Segment 2,90214E,27.25,41,8,6
Segment 2,90214F,3.7699999999999996,13,2,2
Segment 2,90214G,15.02,22,6,4
Segment 2,90214H,15.02,22,6,4
Segment 2,90214I,18.77,25,3,3
Segment 2,90214J,17.23,23,5,3
Segment 2,90214K,34.75,47,12,6
Segment 2,90214L,29.189999999999998,51,5,4
Segment 2,90214M,22.23,27,5,3
Segment 2,90214N,10.02,18,5,3
Segment 2,90214O,3.4799999999999995,12,1,1
Segment 2,90214P,10.999999999999998,28,6,4
Segment 2,90214R,6.27,15,4,3
Segment 2,90214S,26.0,40,6,5
Segment 2,90214T,3.4799999999999995,12,1,1
Segment 2,90214U,3.4799999999999995,12,1,1
Segment 2,90214V,5.9799999999999995,14,3,2
Segment 2,90214W,3.4799999999999995,12,1,1
Segment 2,90214Y,4.7299999999999995,13,2,2
Segment 2,90214Z,3.4799999999999995,12,1,1
Segment 2,BANK CHARGES,120.0,8,8,7
Segment 2,C2,1050.0,19,19,11
Segment 2,M,38217.97,1933,190,159
Segment 2,PADS,0.002,2,2,2
Segment 2,POST,58937.41,2657,881,198
Segment 3,10002,0.85,1,1,1
Segment 3,10120,1.26,6,2,1
Segment 3,10125,25.2,60,1,1
Segment 3,10133,34.58,68,7,3
Segment 3,10135,196.14,195,13,3
Segment 3,11001,709.1600000000001,516,11,3
Segment 3,15030,1.45,5,1,1
Segment 3,15034,223.44000000000003,2436,11,4
Segment 3,15036,3949.92,5592,30,10
Segment 3,15039,232.95000000000002,387,9,6
Segment 3,15044A,221.68,80,11,5
Segment 3,15044B,186.5,70,9,4
Segment 3,15044C,192.4,72,10,4
Segment 3,15044D,207.04,76,11,6
Segment 3,15056BL,2195.62,428,42,8
Segment 3,15056N,3378.41,662,53,10
Segment 3,15056P,101.71000000000001,16,9,4
Segment 3,15058A,23.85,3,2,2
Segment 3,15058B,47.7,6,3,2
Segment 3,15058C,197.75,45,5,4
Segment 3,15060B,195.87,55,16,6
Segment 3,16008,56.05,546,14,3
Segment 3,16010,1.44,12,1,1
Segment 3,16011,11.13,53,2,1
Segment 3,16012,5.04,24,1,1
Segment 3,16014,0.84,2,2,2
Segment 3,16015,98.78,274,2,2
Segment 3,16016,36.55,43,5,3
Segment 3,16033,57.599999999999994,480,1,1
Segment 3,16043,8.879999999999999,74,1,1
Segment 3,16045,52.0,1300,8,6
Segment 3,16048,23.04,192,2,1
Segment 3,16052,61.37,323,1,1
Segment 3,16054,18.6,150,4,2
Segment 3,16151A,53.75,43,1,1
Segment 3,16156L,10.5,25,1,1
Segment 3,16156S,766.5,2075,21,6
Segment 3,16161G,7.5,75,2,2
Segment 3,16161P,168.0,400,15,6
Segment 3,16161U,249.0,650,10,5
Segment 3,16169E,42.42,101,5,3
Segment 3,16169K,21.0,50,2,2
Segment 3,16169M,10.5,25,1,1
Segment 3,16169P,10.5,25,1,1
Segment 3,16202B,12.0,24,1,1
Segment 3,16207B,2.46,1,1,1
Segment 3,16216,126.42,1929,6,4
Segment 3,16218,77.1,1125,6,3
Segment 3,16219,170.57999999999998,863,4,3
Segment 3,16225,60.05,41,19,4
Segment 3,16235,119.4,730,4,3
Segment 3,16236,40.6,220,9,2
Segment 3,16237,267.42,1652,22,3
Segment 3,16238,34.93,163,15,3
Segment 3,16254,3.26,2,2,1
Segment 3,16258A,12.04,15,8,2
Segment 3,16259,0.64,8,1,1
Segment 3,17003,2513.67,10569,26,4
Segment 3,17007B,25.200000000000003,12,1,1
Segment 3,17012C,0.85,1,1,1
Segment 3,17012D,22.1,26,3,2
Segment 3,17012F,1.7,2,2,1
Segment 3,17013D,80.64,192,2,1
Segment 3,17021,197.64000000000001,822,5,3
Segment 3,17038,28.000000000000004,400,3,2
Segment 3,17084N,8.0,50,1,1
Segment 3,17084R,276.48,1728,4,2
Segment 3,17090A,30.599999999999998,36,1,1
Segment 3,17091J,187.57999999999998,400,8,5
Segment 3,17096,16.32,96,1,1
Segment 3,17107D,5.1,2,1,1
Segment 3,17109D,19.759999999999998,52,2,1
Segment 3,17129F,208.62,312,11,3
Segment 3,17136A,1.26,6,2,1
Segment 3,17174,0.42,1,1,1
Segment 3,18094C,30.599999999999998,36,2,1
Segment 3,18097C,49.349999999999994,25,2,2
Segment 3,18098C,78.9,30,3,2
Segment 3,20615,17.64,10,5,3
Segment 3,20616,51.68000000000001,59,7,4
Segment 3,20617,45.34,22,8,4
Segment 3,20618,43.38,23,9,4
Segment 3,20619,83.23,68,10,5
Segment 3,20622,85.68,74,9,4
Segment 3,20652,17.259999999999998,8,7,2
Segment 3,20653,4.92,2,2,1
Segment 3,20654,26.69,25,3,2
Segment 3,20655,55.36,46,15,4
Segment 3,20657,18.89,15,4,3
Segment 3,20658,6.25,5,2,1
Segment 3,20659,80.81,47,11,3
Segment 3,20661,17.37,3,3,1
Segment 3,20662,20.32,4,3,2
Segment 3,20663,8.74,2,2,2
Segment 3,20665,77.80000000000001,28,8,3
Segment 3,20668,447.36,4176,43,3
Segment 3,20669,66.25,53,5,2
Segment 3,20670,11.58,2,2,1
Segment 3,20674,352.74,325,12,6
Segment 3,20675,515.38,477,18,6
Segment 3,20676,1412.3200000000002,1313,34,9
Segment 3,20677,1055.63,980,23,5
Segment 3,20679,429.52000000000004,70,24,7
Segment 3,20682,299.90999999999997,97,8,5
Segment 3,20684,3.25,1,1,1
Segment 3,20685,5258.48,762,57,11
Segment 3,20686,35.88,10,5,3
Segment 3,20696,7.5,2,1,1
Segment 3,20700,3.75,1,1,1
Segment 3,20702,21.25,5,4,3
Segment 3,20704,59.0,20,4,4
Segment 3,20705,38.15,17,2,2
Segment 3,20707,85.52,67,14,3
Segment 3,20711,3088.87,1827,26,8
Segment 3,20712,2539.31,1434,35,9
Segment 3,20713,8782.02,5027,57,10
Segment 3,20716,107.25,101,2,2
Segment 3,20717,162.13,125,27,6
Segment 3,20718,492.56,429,36,8
Segment 3,20719,832.1899999999999,1104,71,9
Segment 3,20723,688.35,871,62,9
Segment 3,20724,885.5,1158,74,10
Segment 3,20725,4503.5,2934,107,13
Segment 3,20726,955.81,593,59,8
Segment 3,20727,2772.9,1826,89,11
Segment 3,20728,2335.33,1541,81,11
Segment 3,20733,525.7,726,16,4
Segment 3,20735,22.95,27,17,1
Segment 3,20748,102.0,8,3,1
Segment 3,20749,1989.2599999999998,306,17,5
Segment 3,20750,1243.2499999999998,191,23,7
Segment 3,20751,60.900000000000006,29,5,2
Segment 3,20752,21.0,10,5,2
Segment 3,20754,639.9,375,15,5
Segment 3,20755,3.4,4,4,1
Segment 3,20757,9.28,10,2,2
Segment 3,20761,33.67,7,4,2
Segment 3,20762,7.46,1,1,1
Segment 3,20763,27.46,17,2,2
Segment 3,20764,41.13,8,7,3
Segment 3,20765,41.089999999999996,7,5,3
Segment 3,20766,77.08,21,4,3
Segment 3,20767,12.469999999999999,3,3,2
Segment 3,20768,15.16,5,5,2
Segment 3,20769,15.02,4,3,2
Segment 3,20770,5.1,2,2,1
Segment 3,20771,12.61,4,3,2
Segment 3,20772,7.51,2,2,2
Segment 3,20773,3.3,2,1,1
Segment 3,20774,4.949999999999999,3,1,1
Segment 3,20777,1.65,1,1,1
Segment 3,20780,16.28,2,2,2
Segment 3,20781,10.98,2,2,2
Segment 3,20782,10.79,1,1,1
Segment 3,20794,55.05,23,3,3
Segment 3,20798,4.2,2,1,1
Segment 3,20801,196.48000000000002,256,7,4
Segment 3,20802,30.24,72,2,2
Segment 3,20803,169.74,402,6,4
Segment 3,20819,14.96,3,3,2
Segment 3,20821,4.95,1,1,1
Segment 3,20823,75.84,96,2,1
Segment 3,20826,56.160000000000004,144,2,1
Segment 3,20827,34.32,88,2,1
Segment 3,20828,491.1,218,23,6
Segment 3,20829,968.09,521,49,7
Segment 3,20830,16.8,8,2,2
Segment 3,20831,10.5,5,4,1
Segment 3,20832,104.64,240,6,3
Segment 3,20836,4.9799999999999995,6,1,1
Segment 3,20838,18.59,19,3,3
Segment 3,20839,20.990000000000002,7,2,2
Segment 3,20840,20.18,18,5,3
Segment 3,20846,60.72,52,3,2
Segment 3,20861,2.1,1,1,1
Segment 3,20866,18.89,15,4,3
Segment 3,20867,13.97,13,2,2
Segment 3,20868,10.65,22,3,2
Segment 3,20869,7.800000000000001,20,1,1
Segment 3,20886,229.35,133,13,2
Segment 3,20893,5.1,2,1,1
Segment 3,20894,17.7,6,2,2
Segment 3,20897,5.9,2,1,1
Segment 3,20898,2.95,1,1,1
Segment 3,20902,6.35,1,1,1
Segment 3,20906,2.95,1,1,1
Segment 3,20910,38.099999999999994,6,2,1
Segment 3,20914,3942.63,1465,42,8
Segment 3,20931,148.3,50,3,3
Segment 3,20932,109.15,37,2,2
Segment 3,20935,2.95,1,1,1
Segment 3,20936,26.88,8,3,2
Segment 3,20956,123.63,96,4,2
Segment 3,20961,300.61,225,33,5
Segment 3,20963,397.99,300,28,6
Segment 3,20964,5.1,2,1,1
Segment 3,20966,21.25,17,7,2
Segment 3,20967,15.0,4,4,2
Segment 3,20969,2747.9700000000003,798,23,5
Segment 3,20970,257.75,69,20,4
Segment 3,20971,5379.97,5023,35,6
Segment 3,20972,1082.01,879,52,9
Segment 3,20973,91.8,96,15,4
Segment 3,20974,1699.6000000000001,2824,27,6
Segment 3,20975,1250.45,2005,18,6
Segment 3,20977,5.0,4,1,1
Segment 3,20978,23.75,19,6,2
Segment 3,20979,366.36,332,7,3
Segment 3,20980,6.25,5,2,1
Segment 3,20981,10.2,12,5,1
Segment 3,20982,151.85999999999999,186,18,4
Segment 3,20983,382.21,457,15,5
Segment 3,20984,118.32,408,6,4
Segment 3,20985,539.88,505,9,4
Segment 3,20986,61.01,43,10,3
Segment 3,20992,257.75,655,17,4
Segment 3,20996,76.02000000000001,348,26,4
Segment 3,20997,14.850000000000001,3,2,1
Segment 3,20998,38.35000000000001,13,2,2
Segment 3,21003,25.4,4,3,3
Segment 3,21012,47.580000000000005,25,8,4
Segment 3,21014,13.919999999999998,48,1,1
Segment 3,21015,44.07999999999999,152,4,3
Segment 3,21025,48.5,37,5,3
Segment 3,21026,51.120000000000005,42,4,3
Segment 3,21027,36.2,32,2,2
Segment 3,21028,64.54,49,7,2
Segment 3,21030,4.92,2,1,1
Segment 3,21031,2.46,1,1,1
Segment 3,21032,7.38,3,3,1
Segment 3,21033,545.53,305,13,4
Segment 3,21034,66.5,70,35,2
Segment 3,21035,2648.76,942,30,9
Segment 3,21039,267.21000000000004,111,7,4
Segment 3,21041,395.30000000000007,134,26,6
Segment 3,21042,65.45,11,4,2
Segment 3,21043,117.0,60,1,1
Segment 3,21051,6.23,2,2,2
Segment 3,21054,17.9,2,2,2
Segment 3,21055,186.73999999999998,14,11,4
Segment 3,21056,319.78,22,11,3
Segment 3,21058,50.86,58,13,5
Segment 3,21059,22.95,27,3,3
Segment 3,21060,20.4,24,2,1
Segment 3,21061,11.899999999999999,14,2,2
Segment 3,21062,5.1,6,2,1
Segment 3,21063,30.459999999999997,34,8,4
Segment 3,21064,38.2,8,7,2
Segment 3,21065,395.7,294,9,3
Segment 3,21066,52.02,48,2,1
Segment 3,21067,39.38,35,2,2
Segment 3,21068,62.5,50,3,2
Segment 3,21069,1521.48,1435,4,3
Segment 3,21070,42.18,26,8,2
Segment 3,21071,66.06,61,2,2
Segment 3,21078,417.64000000000004,562,17,7
Segment 3,21080,2447.29,3395,65,12
Segment 3,21084,35.68,144,10,4
Segment 3,21086,1164.2,2092,27,9
Segment 3,21087,5.13,27,1,1
Segment 3,21088,59.25,295,5,3
Segment 3,21089,3.58,14,2,2
Segment 3,21090,89.55,181,15,4
Segment 3,21094,1672.6,2538,41,9
Segment 3,21095,9.35,11,1,1
Segment 3,21096,116.47,293,6,3
Segment 3,21098,1931.9199999999998,1679,27,5
Segment 3,21106,5.9,2,2,1
Segment 3,21107,14.750000000000002,5,3,1
Segment 3,21108,489.13000000000005,559,9,5
Segment 3,21109,907.5,394,11,4
Segment 3,21110,890.1,326,14,5
Segment 3,21111,490.09999999999997,302,9,5
Segment 3,21112,690.63,421,10,5
Segment 3,21114,157.78,114,12,4
Segment 3,21115,57.21,7,7,3
Segment 3,21116,250.54,58,2,2
Segment 3,21121,985.5600000000001,876,41,7
Segment 3,21122,575.24,503,27,7
Segment 3,21123,118.31,97,17,5
Segment 3,21124,160.0,128,12,5
Segment 3,21125,32.5,26,4,4
Segment 3,21126,46.69,41,6,4
Segment 3,21128,19.41,2,2,2
Segment 3,21129,76.2,7,7,2
Segment 3,21131,192.5,70,8,4
Segment 3,21132,14.0,4,4,2
Segment 3,21135,214.91,635,5,2
Segment 3,21136,310.57,177,6,4
Segment 3,21137,1834.31,526,38,5
Segment 3,21143,163.79999999999998,84,1,1
Segment 3,21147,100.14,41,12,2
Segment 3,21154,1323.88,1184,33,8
Segment 3,21155,1097.45,489,50,9
Segment 3,21156,318.37,145,14,5
Segment 3,21157,4.2,2,2,2
Segment 3,21158,148.26,372,11,6
Segment 3,21159,144.42000000000002,354,15,6
Segment 3,21162,145.36,370,14,4
Segment 3,21163,109.88,260,10,5
Segment 3,21164,921.9,354,17,7
Segment 3,21165,1663.8999999999999,1126,34,8
Segment 3,21166,5958.6900000000005,3301,53,8
Segment 3,21167,10.5,50,1,1
Segment 3,21169,2263.3799999999997,1554,32,5
Segment 3,21171,308.7,246,9,4
Segment 3,21172,1197.82,914,37,10
Segment 3,21174,262.19,144,14,5
Segment 3,21175,1064.31,487,36,8
Segment 3,21179,122.01,293,18,7
Segment 3,21181,4603.860000000001,2593,38,10
Segment 3,21187,56.099999999999994,34,6,4
Segment 3,21188,79.65,27,3,2
Segment 3,21189,13.2,8,1,1
Segment 3,21190,232.0,160,2,1
Segment 3,21191,29.400000000000002,14,3,2
Segment 3,21192,1.65,1,1,1
Segment 3,21194,31.85,49,2,2
Segment 3,21198,63.419999999999995,110,5,3
Segment 3,21199,70.02,114,6,4
Segment 3,21200,93.60000000000001,144,2,2
Segment 3,21201,117.3,46,9,4
Segment 3,21202,31.200000000000003,48,1,1
Segment 3,21204,19.799999999999997,12,1,1
Segment 3,21205,91.8,36,4,3
Segment 3,21206,101.85000000000001,149,4,3
Segment 3,21207,352.95,243,6,2
Segment 3,21208,46.8,120,4,4
Segment 3,21209,146.73,373,6,4
Segment 3,21210,1567.57,1108,26,10
Segment 3,21211,459.29999999999995,330,9,6
Segment 3,21212,2484.15,5411,66,14
Segment 3,21213,741.25,1603,38,8
Segment 3,21215,13.750000000000002,25,2,2
Segment 3,21216,689.37,151,14,6
Segment 3,21217,719.0999999999999,78,16,4
Segment 3,21218,243.2,62,20,5
Segment 3,21219,9.84,4,4,1
Segment 3,21220,32.06,15,7,3
Segment 3,21221,22.14,9,1,1
Segment 3,21222,19.68,8,7,1
Segment 3,21224,107.45,89,10,5
Segment 3,21231,1583.5600000000002,1359,41,7
Segment 3,21232,1753.5700000000002,1529,52,12
Segment 3,21238,313.6,424,13,6
Segment 3,21239,177.27,237,12,6
Segment 3,21240,305.38,418,12,4
Segment 3,21242,809.23,547,18,5
Segment 3,21243,500.40999999999997,337,15,6
Segment 3,21244,619.3299999999999,421,15,5
Segment 3,21245,456.38,310,11,4
Segment 3,21246,34.650000000000006,7,2,1
Segment 3,21248,18.849999999999998,13,2,2
Segment 3,21253,15.54,6,2,1
Segment 3,21257,39.64,4,4,3
Segment 3,21258,1518.78,126,22,5
Segment 3,21259,484.01,90,13,6
Segment 3,21260,351.0,108,12,3
Segment 3,21261,17.700000000000003,6,1,1
Segment 3,21262,2.95,1,1,1
Segment 3,21263,42.9,22,7,3
Segment 3,21264,7.8,4,2,1
Segment 3,21265,27.299999999999997,14,2,2
Segment 3,21269,8.5,1,1,1
Segment 3,21270,12.75,1,1,1
Segment 3,21272,32.94,30,3,2
Segment 3,21277,56.849999999999994,3,1,1
Segment 3,21284,85.9,158,4,4
Segment 3,21285,47.629999999999995,55,7,2
Segment 3,21286,51.839999999999996,72,2,2
Segment 3,21287,159.6,420,4,2
Segment 3,21288,2.95,1,1,1
Segment 3,21289,220.0,176,1,1
Segment 3,21292,245.76,384,1,1
Segment 3,21293,14.63,6,3,2
Segment 3,21306,7.539999999999999,26,3,2
Segment 3,21311,7.829999999999999,27,3,3
Segment 3,21313,501.19,760,15,5
Segment 3,21314,870.3600000000001,468,12,5
Segment 3,21316,25.28,32,1,1
Segment 3,21317,69.30000000000001,14,2,1
Segment 3,21318,88.92,228,6,5
Segment 3,21319,28.080000000000002,72,1,1
Segment 3,21320,37.92,48,1,1
Segment 3,21326,334.40000000000003,520,13,5
Segment 3,21327,56.099999999999994,34,17,3
Segment 3,21328,62.65,33,16,3
Segment 3,21329,67.6,36,19,4
Segment 3,21331,12.75,1,1,1
Segment 3,21336,2.95,1,1,1
Segment 3,21340,259.11,22,9,6
Segment 3,21351,120.60000000000001,20,3,1
Segment 3,21352,65.75,21,2,2
Segment 3,21354,125.2,104,7,3
Segment 3,21355,80.4,72,4,2
Segment 3,21356,68.14999999999999,68,12,2
Segment 3,21358,16.25,13,2,2
Segment 3,21359,154.20000000000002,36,3,2
Segment 3,21360,9.95,1,1,1
Segment 3,21361,114.75,9,6,2
Segment 3,21363,84.15,17,9,3
Segment 3,21364,6.75,1,1,1
Segment 3,21365,3.0,4,2,1
Segment 3,21366,4.25,1,1,1
Segment 3,21367,73.11,55,7,3
Segment 3,21368,43.8,52,3,2
Segment 3,21370,62.300000000000004,5,2,1
Segment 3,21371,5.25,7,2,1
Segment 3,21372,16.83,9,5,2
Segment 3,21374,96.25,71,3,2
Segment 3,21380,1468.5500000000002,493,59,5
Segment 3,21381,55.769999999999996,33,22,2
Segment 3,21382,63.35,61,9,3
Segment 3,21383,5.2,8,2,2
Segment 3,21385,32.019999999999996,34,8,4
Segment 3,21386,5.859999999999999,10,2,2
Segment 3,21389,52.699999999999996,62,7,3
Segment 3,21390,522.04,432,19,6
Segment 3,21391,20.25,27,3,1
Segment 3,21394,118.63,301,6,4
Segment 3,21395,93.6,240,4,2
Segment 3,21398,112.32,288,4,3
Segment 3,21399,56.16,144,3,2
Segment 3,21400,4.619999999999999,11,3,1
Segment 3,21402,9.48,74,3,3
Segment 3,21403,2.88,24,1,1
Segment 3,21407,4.25,1,1,1
Segment 3,21408,87.00999999999999,13,7,3
Segment 3,21411,143.91,43,9,4
Segment 3,21413,1.25,1,1,1
Segment 3,21415,12.600000000000001,6,1,1
Segment 3,21417,8.4,4,2,2
Segment 3,21418,2.55,1,1,1
Segment 3,21420,3.25,1,1,1
Segment 3,21421,152.64000000000001,144,1,1
Segment 3,21422,438.09999999999997,598,7,2
Segment 3,21424,250.7,98,4,2
Segment 3,21425,70.05,27,3,3
Segment 3,21426,179.70000000000002,97,3,2
Segment 3,21427,21.0,10,5,2
Segment 3,21428,715.25,189,17,4
Segment 3,21429,98.55,53,12,2
Segment 3,21430,2383.38,702,14,6
Segment 3,21439,135.0,108,20,3
Segment 3,21441,22.17,27,3,2
Segment 3,21442,37.68,48,3,2
Segment 3,21445,38.75,31,5,3
Segment 3,21446,133.75,107,16,5
Segment 3,21447,173.75,139,17,5
Segment 3,21448,3.3,2,2,1
Segment 3,21452,94.4,32,11,4
Segment 3,21456,22.5,18,2,1
Segment 3,21457,5.0,4,1,1
Segment 3,21458,8.75,7,2,2
Segment 3,21459,9.75,5,2,2
Segment 3,21460,1.95,1,1,1
Segment 3,21461,1.95,1,1,1
Segment 3,21462,108.0,16,6,3
Segment 3,21463,53.55,9,4,2
Segment 3,21464,26.75,7,2,2
Segment 3,21465,82.46000000000001,21,5,3
Segment 3,21466,78.59,17,7,4
Segment 3,21467,89.92,22,10,4
Segment 3,21468,41.17,9,4,3
Segment 3,21469,29.96,7,2,2
Segment 3,21470,112.38,27,15,3
Segment 3,21471,622.6500000000001,207,7,4
Segment 3,21472,45.0,12,2,1
Segment 3,21479,3378.29,941,33,8
Segment 3,21481,1163.61,419,20,9
Segment 3,21484,930.4200000000001,272,21,8
Segment 3,21485,2202.83,497,33,10
Segment 3,21486,7.5,2,1,1
Segment 3,21494,240.03,102,16,2
Segment 3,21495,220.5,525,21,5
Segment 3,21497,1079.5,2975,27,8
Segment 3,21498,747.5,1925,41,7
Segment 3,21499,636.5,1725,23,5
Segment 3,21500,524.5,1425,24,5
Segment 3,21504,152.64,384,17,7
Segment 3,21506,615.5999999999999,1656,23,8
Segment 3,21507,114.47999999999999,278,21,5
Segment 3,21508,145.99,377,17,7
Segment 3,21509,124.99,305,19,5
Segment 3,21518,5.04,12,1,1
Segment 3,21519,113.03999999999999,300,9,3
Segment 3,21523,2682.62,380,37,8
Segment 3,21524,869.97,113,17,6
Segment 3,21527,631.5,90,6,5
Segment 3,21528,34.75,5,4,3
Segment 3,21530,44.24,56,10,2
Segment 3,21531,902.85,425,14,6
Segment 3,21533,996.0,208,7,4
Segment 3,21535,1807.3500000000001,857,12,5
Segment 3,21537,128.5,34,2,2
Segment 3,21539,624.6,144,10,3
Segment 3,21544,145.45,205,7,4
Segment 3,21556,1333.2,592,5,3
Segment 3,21557,176.34000000000003,54,19,4
Segment 3,21558,460.34999999999997,207,26,6
Segment 3,21559,1091.09,475,45,8
Segment 3,21561,449.13,204,20,6
Segment 3,21562,170.85000000000002,161,4,3
Segment 3,21563,504.36,400,20,6
Segment 3,21564,530.91,409,30,6
Segment 3,21576,27.92,10,5,2
Segment 3,21577,18.0,8,3,2
Segment 3,21578,11.25,5,4,1
Segment 3,21579,18.0,8,3,2
Segment 3,21581,18.0,8,3,1
Segment 3,21584,18.15,11,5,1
Segment 3,21586,2.55,1,1,1
Segment 3,21588,20.4,8,4,1
Segment 3,21591,3.75,3,3,1
Segment 3,21592,425.49,583,9,2
Segment 3,21615,203.75,161,5,3
Segment 3,21616,45.0,24,5,3
Segment 3,21617,5.0,4,2,1
Segment 3,21618,58.75,35,3,3
Segment 3,21619,245.0,196,6,4
Segment 3,21620,17.5,14,2,2
Segment 3,21621,1791.13,228,13,6
Segment 3,21622,74.25,15,5,3
Segment 3,21623,109.44999999999999,11,8,2
Segment 3,21624,173.35,33,8,3
Segment 3,21625,187.24,26,5,4
Segment 3,21626,23.4,12,1,1
Segment 3,21627,29.9,2,2,2
Segment 3,21628,261.6,20,4,4
Segment 3,21629,196.70000000000002,26,12,4
Segment 3,21630,124.25,15,3,3
Segment 3,21631,238.8,56,4,3
Segment 3,21632,94.80000000000001,24,2,2
Segment 3,21633,226.05,55,4,3
Segment 3,21634,131.04000000000002,336,2,2
Segment 3,21635,183.75,145,2,2
Segment 3,21636,93.75,125,3,2
Segment 3,21638,107.10000000000001,51,4,2
Segment 3,21640,14.45,17,8,2
Segment 3,21641,67.69999999999999,194,5,3
Segment 3,21642,66.11999999999999,228,8,4
Segment 3,21643,226.76,196,4,2
Segment 3,21644,17.5,14,2,2
Segment 3,21647,4.2,2,1,1
Segment 3,21648,175.44,144,5,2
Segment 3,21650,66.38,330,6,3
Segment 3,21654,84.24000000000001,216,3,2
Segment 3,21657,13.9,2,1,1
Segment 3,21658,31.6,8,5,2
Segment 3,21662,5.95,1,1,1
Segment 3,21664,15.0,4,1,1
Segment 3,21666,3.9000000000000004,6,1,1
Segment 3,21667,29.9,2,1,1
Segment 3,21668,1447.3600000000001,1296,54,6
Segment 3,21669,1001.97,841,51,6
Segment 3,21670,517.53,441,36,5
Segment 3,21671,413.88,364,29,4
Segment 3,21672,754.15,643,59,4
Segment 3,21673,1023.5,874,45,6
Segment 3,21675,54.26,62,9,4
Segment 3,21676,44.849999999999994,39,12,3
Segment 3,21677,89.75,101,14,4
Segment 3,21678,5.1,6,1,1
Segment 3,21679,92.22,114,8,5
Segment 3,21680,15.299999999999999,18,2,2
Segment 3,21682,39.660000000000004,7,3,3
Segment 3,21683,41.300000000000004,14,2,2
Segment 3,21684,7.5600000000000005,7,6,3
Segment 3,21686,669.1,18,8,1
Segment 3,21688,35.400000000000006,12,1,1
Segment 3,21693,53.10000000000001,18,2,1
Segment 3,21698,19.57,49,3,3
Segment 3,21700,36.55,43,6,3
Segment 3,21703,891.67,2128,22,6
Segment 3,21704,558.75,717,16,6
Segment 3,21705,105.51,159,8,2
Segment 3,21706,114.88,23,4,2
Segment 3,21707,41.870000000000005,7,4,3
Segment 3,21708,34.0,8,2,1
Segment 3,21709,53.86,11,4,3
Segment 3,21710,65.91,14,4,3
Segment 3,21711,34.0,8,2,1
Segment 3,21713,65.10000000000001,31,6,2
Segment 3,21714,90.0,72,2,1
Segment 3,21715,196.35,77,10,4
Segment 3,21716,221.57,85,15,4
Segment 3,21717,76.5,30,3,2
Segment 3,21718,51.17,39,18,4
Segment 3,21719,1.7,2,2,1
Segment 3,21720,0.85,1,1,1
Segment 3,21721,23.799999999999997,28,3,2
Segment 3,21722,3.4,4,2,1
Segment 3,21723,39.099999999999994,46,7,2
Segment 3,21724,73.95,87,9,2
Segment 3,21725,32.3,38,8,2
Segment 3,21726,31.45,37,7,2
Segment 3,21730,323.79,69,10,4
Segment 3,21731,3540.06,2518,46,8
Segment 3,21733,2716.63,1033,56,11
Segment 3,21735,396.29999999999995,35,9,4
Segment 3,21738,2.95,1,1,1
Segment 3,21739,36.89,14,11,3
Segment 3,21742,29.75,5,3,1
Segment 3,21743,14.75,5,3,2
Segment 3,21744,133.94,30,9,2
Segment 3,21745,35.33,7,7,3
Segment 3,21746,146.16,124,9,5
Segment 3,21747,30.0,24,2,1
Segment 3,21749,2286.0000000000005,1230,14,4
Segment 3,21750,12.600000000000001,6,1,1
Segment 3,21754,1109.46,194,35,9
Segment 3,21755,958.16,165,36,9
Segment 3,21756,464.53000000000003,81,20,5
Segment 3,21761,29.95,1,1,1
Segment 3,21763,59.9,2,1,1
Segment 3,21770,159.21,32,19,6
Segment 3,21773,270.22,422,9,4
Segment 3,21774,304.13,481,9,3
Segment 3,21775,52.66,74,5,3
Segment 3,21781,134.54999999999998,9,5,3
Segment 3,21784,149.25,15,13,2
Segment 3,21785,1.7,2,2,1
Segment 3,21786,153.60999999999999,452,15,4
Segment 3,21787,4413.28,5584,33,6
Segment 3,21788,98.63000000000001,149,4,3
Segment 3,21789,21.48,30,5,3
Segment 3,21790,1606.82,2084,54,8
Segment 3,21791,1769.0400000000002,1558,28,7
Segment 3,21792,102.7,26,5,4
Segment 3,21793,251.04,60,12,4
Segment 3,21794,334.87,83,7,3
Segment 3,21802,2.52,6,1,1
Segment 3,21803,2.52,6,2,1
Segment 3,21804,101.7,30,3,2
Segment 3,21807,15.12,36,1,1
Segment 3,21809,53.98,65,10,4
Segment 3,21810,106.89,91,12,5
Segment 3,21811,288.33,633,16,5
Segment 3,21812,334.2,76,7,4
Segment 3,21813,306.0,72,3,1
Segment 3,21817,2.55,3,1,1
Segment 3,21818,96.18,228,9,4
Segment 3,21819,147.70000000000002,366,7,5
Segment 3,21820,157.34,45,6,4
Segment 3,21821,349.2,96,6,2
Segment 3,21822,27.35,19,6,2
Segment 3,21823,37.44,96,1,1
Segment 3,21824,18.72,48,1,1
Segment 3,21826,6.25,5,1,1
Segment 3,21827,5.0,4,1,1
Segment 3,21828,6.25,5,3,2
Segment 3,21829,58.739999999999995,271,7,4
Segment 3,21830,94.87,221,11,3
Segment 3,21832,92.32999999999998,49,13,4
Segment 3,21833,692.76,444,8,3
Segment 3,21843,3555.0499999999997,411,16,6
Segment 3,21844,1809.1,706,10,4
Segment 3,21845,142.20000000000002,180,4,2
Segment 3,21846,76.22,10,7,2
Segment 3,21849,18.189999999999998,3,3,2
Segment 3,21851,24.869999999999997,3,3,1
Segment 3,21864,79.44000000000001,39,8,4
Segment 3,21865,55.980000000000004,29,7,4
Segment 3,21866,141.71,114,18,6
Segment 3,21867,53.77,40,14,5
Segment 3,21868,57.31,23,10,2
Segment 3,21870,76.25,61,5,2
Segment 3,21871,2827.84,2643,20,8
Segment 3,21872,309.25,257,16,5
Segment 3,21873,271.61,325,14,6
Segment 3,21874,282.24,240,8,2
Segment 3,21875,1340.0100000000002,1245,12,4
Segment 3,21876,190.82,290,16,6
Segment 3,21877,2399.4300000000003,2175,26,7
Segment 3,21878,368.95,509,5,4
Segment 3,21879,62.53,317,6,6
Segment 3,21880,47.34,162,11,4
Segment 3,21881,108.12,520,8,4
Segment 3,21882,60.540000000000006,246,7,5
Segment 3,21883,28.300000000000004,76,5,3
Segment 3,21884,103.56,516,5,4
Segment 3,21888,667.6800000000001,180,20,5
Segment 3,21889,2049.7000000000003,1645,38,9
Segment 3,21890,71.01,15,9,2
Segment 3,21891,4087.86,3466,14,3
Segment 3,21892,190.22,97,25,4
Segment 3,21894,51.98,29,13,3
Segment 3,21896,12.600000000000001,6,6,2
Segment 3,21899,173.39000000000001,253,21,5
Segment 3,21900,185.5,246,15,4
Segment 3,21901,50.86,66,10,4
Segment 3,21902,53.1,80,10,4
Segment 3,21903,792.48,384,17,5
Segment 3,21904,2.1,1,1,1
Segment 3,21905,191.51000000000002,221,10,4
Segment 3,21906,357.75,53,7,2
Segment 3,21907,440.65000000000003,225,15,7
Segment 3,21908,1393.5600000000002,693,35,8
Segment 3,21910,19.799999999999997,12,1,1
Segment 3,21912,141.86,22,14,3
Segment 3,21913,14.92,2,2,1
Segment 3,21914,1146.28,827,44,5
Segment 3,21915,10317.08,9470,50,11
Segment 3,21916,303.34,785,35,5
Segment 3,21917,273.71999999999997,687,27,6
Segment 3,21918,406.65999999999997,1031,20,6
Segment 3,21922,715.14,98,11,7
Segment 3,21925,55.0,44,26,2
Segment 3,21926,73.75,59,20,2
Segment 3,21927,250.0,200,50,2
Segment 3,21928,6782.48,3932,61,12
Segment 3,21929,5408.01,3133,61,12
Segment 3,21930,1850.06,1058,51,7
Segment 3,21931,5814.34,3343,70,9
Segment 3,21932,791.46,447,24,8
Segment 3,21933,677.26,392,22,7
Segment 3,21934,376.95,243,41,5
Segment 3,21935,241.26999999999998,149,55,4
Segment 3,21936,3006.91,1153,39,9
Segment 3,21937,571.3,214,12,6
Segment 3,21942,32.3,38,3,2
Segment 3,21944,31.769999999999996,39,3,2
Segment 3,21945,30.599999999999998,36,2,1
Segment 3,21947,135.53,91,19,6
Segment 3,21948,239.32,175,14,4
Segment 3,21949,43.59,31,8,3
Segment 3,21955,592.56,84,13,5
Segment 3,21967,92.65999999999998,284,19,6
Segment 3,21972,18.849999999999998,13,2,2
Segment 3,21973,2.9,2,1,1
Segment 3,21974,107.55999999999999,61,11,3
Segment 3,21975,362.58,744,66,8
Segment 3,21976,124.53,227,37,6
Segment 3,21977,3911.75,8763,52,11
Segment 3,21980,531.42,1862,28,10
Segment 3,21981,113.69999999999999,354,23,5
Segment 3,21982,393.84,1268,42,8
Segment 3,21983,82.17999999999999,248,16,5
Segment 3,21984,221.01999999999998,780,25,7
Segment 3,21985,210.26999999999998,591,35,9
Segment 3,21986,56.769999999999996,163,15,7
Segment 3,21987,173.63000000000002,307,13,6
Segment 3,21988,344.36,500,14,6
Segment 3,21989,338.23,451,27,6
Segment 3,21990,302.0,138,28,3
Segment 3,21991,110.98,52,13,3
Segment 3,21992,171.19,75,14,2
Segment 3,21993,292.5,131,20,3
Segment 3,22021,44.54999999999999,27,4,3
Segment 3,22023,12.57,27,4,3
Segment 3,22024,85.45,203,14,5
Segment 3,22025,5.04,12,1,1
Segment 3,22026,91.44,228,14,4
Segment 3,22027,91.43,205,19,6
Segment 3,22028,106.21,251,13,5
Segment 3,22029,391.34,1018,33,8
Segment 3,22030,777.03,2097,22,8
Segment 3,22031,12.45,15,4,1
Segment 3,22032,10.08,24,2,1
Segment 3,22035,103.89999999999999,266,11,6
Segment 3,22037,88.06,218,13,5
Segment 3,22038,21.0,50,2,2
Segment 3,22039,10.5,25,1,1
Segment 3,22040,31.5,75,3,2
Segment 3,22041,778.9200000000001,328,51,5
Segment 3,22045,384.0,1000,17,9
Segment 3,22046,84.0,200,7,3
Segment 3,22047,73.5,175,6,4
Segment 3,22048,78.5,225,2,2
Segment 3,22049,57.25,150,3,1
Segment 3,22050,21.0,50,2,2
Segment 3,22051,10.5,25,1,1
Segment 3,22052,21.0,50,2,1
Segment 3,22053,1.25,1,1,1
Segment 3,22055,148.81,101,8,4
Segment 3,22057,101.25,81,2,1
Segment 3,22059,257.88,204,4,3
Segment 3,22060,138.40000000000003,32,3,3
Segment 3,22061,690.25,99,13,7
Segment 3,22062,144.42,174,5,3
Segment 3,22063,288.23,161,9,4
Segment 3,22064,256.5,274,15,4
Segment 3,22065,557.58,1218,12,7
Segment 3,22066,99.52,218,9,4
Segment 3,22067,1.65,1,1,1
Segment 3,22068,18.15,11,4,2
Segment 3,22069,39.599999999999994,24,6,2
Segment 3,22070,482.44,413,12,4
Segment 3,22071,309.75,391,5,2
Segment 3,22072,33.75,9,2,2
Segment 3,22073,94.92,28,1,1
Segment 3,22074,159.47,219,18,6
Segment 3,22075,672.2,508,17,4
Segment 3,22076,69.15,55,13,2
Segment 3,22077,1553.6899999999998,899,41,8
Segment 3,22078,58.8,28,4,4
Segment 3,22079,184.64,96,11,4
Segment 3,22080,102.3,62,3,2
Segment 3,22081,42.82,18,6,2
Segment 3,22082,243.98000000000002,126,17,5
Segment 3,22083,2202.06,830,39,10
Segment 3,22084,1605.8,604,22,6
Segment 3,22085,115.05000000000001,39,6,4
Segment 3,22086,8700.58,3202,60,12
Segment 3,22087,1976.7,746,39,7
Segment 3,22088,1542.05,579,34,8
Segment 3,22089,791.5,290,22,7
Segment 3,22090,6510.09,2515,82,10
Segment 3,22091,29.33,49,10,4
Segment 3,22092,21.83,51,9,3
Segment 3,22093,38.37,85,7,3
Segment 3,22094,57.67,122,11,5
Segment 3,22095,69.56,164,13,3
Segment 3,22096,107.49000000000001,265,8,6
Segment 3,22097,122.23000000000002,309,11,2
Segment 3,22098,195.85000000000002,450,13,5
Segment 3,22099,56.79,45,6,3
Segment 3,22100,72.23,183,5,2
Segment 3,22101,137.40000000000003,74,3,2
Segment 3,22103,210.45,145,3,1
Segment 3,22104,53.370000000000005,105,6,3
Segment 3,22106,47.6,8,2,1
Segment 3,22107,239.98000000000002,69,14,2
Segment 3,22108,107.78,34,13,2
Segment 3,22109,252.03,45,13,4
Segment 3,22110,89.06,33,9,4
Segment 3,22111,1856.1000000000001,428,20,7
Segment 3,22112,2356.34,544,38,9
Segment 3,22113,565.6,145,20,8
Segment 3,22114,712.82,186,17,7
Segment 3,22115,262.6,252,10,7
Segment 3,22116,86.62,94,11,4
Segment 3,22117,36.5,38,3,2
Segment 3,22118,21.53,3,3,3
Segment 3,22119,56.06,6,5,2
Segment 3,22120,193.0,21,7,3
Segment 3,22121,147.89000000000001,23,10,5
Segment 3,22123,63.54,16,8,2
Segment 3,22124,63.95,25,11,2
Segment 3,22127,142.2,132,2,2
Segment 3,22128,40.44,36,2,2
Segment 3,22129,47.160000000000004,44,5,3
Segment 3,22130,40.8,48,3,1
Segment 3,22131,104.62,38,16,4
Segment 3,22132,73.67,83,17,5
Segment 3,22133,42.36,48,10,5
Segment 3,22134,129.6,338,26,4
Segment 3,22135,27.599999999999998,54,24,4
Segment 3,22136,62.699999999999996,38,10,4
Segment 3,22137,78.9,30,4,2
Segment 3,22138,1399.3,250,22,5
Segment 3,22139,1934.53,337,51,8
Segment 3,22141,436.88000000000005,201,21,3
Segment 3,22142,106.79,47,16,4
Segment 3,22144,450.6,168,22,4
Segment 3,22147,2866.25,2273,20,5
Segment 3,22148,465.9,282,4,3
Segment 3,22149,4126.6900000000005,2213,19,7
Segment 3,22150,476.3,270,25,5
Segment 3,22151,375.03,867,25,7
Segment 3,22152,206.81,478,14,4
Segment 3,22153,24.84,66,7,3
Segment 3,22154,8.4,20,6,2
Segment 3,22155,7.14,17,3,2
Segment 3,22156,99.94,124,12,5
Segment 3,22158,69.86,22,7,3
Segment 3,22161,189.96,984,14,5
Segment 3,22162,23.6,8,4,1
Segment 3,22163,18.96,24,1,1
Segment 3,22165,94.80000000000001,24,1,1
Segment 3,22167,104.75000000000001,25,2,2
Segment 3,22168,17.0,2,1,1
Segment 3,22169,1380.99,173,28,7
Segment 3,22170,1442.67,235,29,6
Segment 3,22171,873.8000000000001,112,21,7
Segment 3,22173,415.8,146,32,6
Segment 3,22174,2002.34,1418,42,7
Segment 3,22175,76.7,26,14,3
Segment 3,22176,35.400000000000006,12,8,2
Segment 3,22178,3697.84,3288,40,6
Segment 3,22179,663.39,103,33,6
Segment 3,22180,29.849999999999998,3,3,1
Segment 3,22181,5.1,6,3,1
Segment 3,22182,39.6,8,2,1
Segment 3,22183,60.75,9,3,2
Segment 3,22184,17.0,2,1,1
Segment 3,22185,101.24,58,13,5
Segment 3,22186,211.79,81,9,5
Segment 3,22187,314.67,133,11,4
Segment 3,22188,190.76000000000002,54,8,4
Segment 3,22189,789.0200000000001,214,22,6
Segment 3,22190,61.17,26,11,2
Segment 3,22191,3901.5,508,16,7
Segment 3,22192,205.33,25,7,5
Segment 3,22193,400.09000000000003,47,12,5
Segment 3,22195,223.97,93,25,5
Segment 3,22196,180.23,179,30,6
Segment 3,22197,15300.83,20987,95,12
Segment 3,22198,164.8,112,3,3
Segment 3,22199,59.75,31,5,4
Segment 3,22200,89.03999999999999,20,8,4
Segment 3,22201,21.25,5,2,2
Segment 3,22202,3.75,1,1,1
Segment 3,22203,93.63,38,8,5
Segment 3,22204,31.25,9,3,2
Segment 3,22207,2139.61,557,31,6
Segment 3,22208,60.44,59,16,4
Segment 3,22209,69.67999999999999,81,9,4
Segment 3,22210,72.94999999999999,80,10,4
Segment 3,22211,34.81,38,8,4
Segment 3,22212,194.67000000000002,98,38,5
Segment 3,22214,5.89,3,3,1
Segment 3,22215,25.5,3,3,2
Segment 3,22216,21.39,27,3,3
Segment 3,22217,2.5,2,1,1
Segment 3,22219,202.78,256,35,7
Segment 3,22220,79.6,8,5,2
Segment 3,22221,69.64999999999999,7,4,2
Segment 3,22222,311.40000000000003,92,34,4
Segment 3,22223,108.44999999999999,51,3,2
Segment 3,22224,287.15,109,12,4
Segment 3,22227,255.05,397,43,7
Segment 3,22228,10.6,26,3,2
Segment 3,22229,10.6,26,3,2
Segment 3,22230,34.8,120,6,2
Segment 3,22231,29.5,50,4,2
Segment 3,22233,21.12,34,5,3
Segment 3,22236,89.25,7,5,3
Segment 3,22241,407.64,348,17,4
Segment 3,22242,201.9,134,3,2
Segment 3,22243,25.65,17,4,3
Segment 3,22244,51.3,30,7,3
Segment 3,22245,39.38,50,4,2
Segment 3,22246,24.78,6,4,1
Segment 3,22247,24.74,34,3,3
Segment 3,22248,25.59,35,3,3
Segment 3,22249,23.89,33,2,2
Segment 3,22250,25.59,35,3,3
Segment 3,22251,27.94,26,3,3
Segment 3,22252,102.35000000000001,91,14,2
Segment 3,22254,57.5,46,9,2
Segment 3,22255,59.49999999999999,70,10,2
Segment 3,22256,30.0,24,1,1
Segment 3,22257,90.47999999999999,168,2,2
Segment 3,22258,60.48,144,1,1
Segment 3,22259,60.48,144,1,1
Segment 3,22260,68.57,77,7,3
Segment 3,22261,24.159999999999997,22,8,4
Segment 3,22262,137.42,158,22,5
Segment 3,22263,6.52,4,3,1
Segment 3,22264,54.72,288,1,1
Segment 3,22265,49.400000000000006,76,3,3
Segment 3,22266,12.16,64,1,1
Segment 3,22267,120.87,145,4,3
Segment 3,22268,124.19,245,4,3
Segment 3,22269,26.34,14,9,3
Segment 3,22270,162.72,48,1,1
Segment 3,22271,73.42,22,14,4
Segment 3,22272,2.95,1,1,1
Segment 3,22273,6893.489999999999,2763,25,6
Segment 3,22274,61.4,16,13,3
Segment 3,22276,30.599999999999998,12,6,3
Segment 3,22277,16.52,4,4,1
Segment 3,22278,94.05,19,14,3
Segment 3,22279,16.21,12,4,2
Segment 3,22280,14.879999999999999,9,5,2
Segment 3,22281,71.4,12,6,1
Segment 3,22282,100.92,6,5,2
Segment 3,22283,79.39,9,5,4
Segment 3,22284,26.4,16,2,1
Segment 3,22286,47.879999999999995,84,3,2
Segment 3,22287,18.72,48,1,1
Segment 3,22288,1.25,1,1,1
Segment 3,22291,92.79999999999998,64,5,2
Segment 3,22294,618.01,509,15,6
Segment 3,22295,300.71999999999997,188,9,5
Segment 3,22296,596.8299999999999,367,13,5
Segment 3,22297,400.72,324,14,6
Segment 3,22299,1.25,1,1,1
Segment 3,22300,10.2,4,2,1
Segment 3,22301,15.299999999999999,6,3,1
Segment 3,22302,176.56,81,4,4
Segment 3,22303,239.41000000000003,112,5,5
Segment 3,22304,17.57,5,3,2
Segment 3,22305,934.69,439,6,3
Segment 3,22306,69.96000000000001,66,4,3
Segment 3,22307,63.6,60,5,3
Segment 3,22308,47.89,15,10,3
Segment 3,22309,91.38,33,18,4
Segment 3,22310,177.24,104,21,5
Segment 3,22311,223.85,43,11,3
Segment 3,22312,34.74,6,4,1
Segment 3,22313,670.7900000000001,261,6,4
Segment 3,22314,161.54,54,14,5
Segment 3,22315,229.77,213,18,5
Segment 3,22316,111.76,104,8,3
Segment 3,22317,81.52,28,5,4
Segment 3,22318,101.95,37,12,6
Segment 3,22319,31.200000000000003,48,3,1
Segment 3,22320,29.21,3,3,2
Segment 3,22321,10.2,12,1,1
Segment 3,22324,49.56,12,7,1
Segment 3,22325,42.45,9,5,3
Segment 3,22326,259.27000000000004,85,36,6
Segment 3,22327,112.10000000000001,38,14,4
Segment 3,22328,1620.69,607,25,6
Segment 3,22329,74.24999999999999,45,11,5
Segment 3,22331,64.31,35,8,4
Segment 3,22332,102.3,62,11,5
Segment 3,22333,2292.8799999999997,1568,37,8
Segment 3,22334,32.989999999999995,19,4,4
Segment 3,22335,121.55000000000001,199,22,5
Segment 3,22336,54.720000000000006,288,2,2
Segment 3,22337,18.200000000000003,28,3,2
Segment 3,22338,99.92,392,11,4
Segment 3,22339,9.75,29,4,3
Segment 3,22340,2.73,7,3,2
Segment 3,22341,161.14999999999998,95,9,5
Segment 3,22342,19.049999999999997,13,2,2
Segment 3,22343,39.989999999999995,195,3,2
Segment 3,22344,49.15,241,4,3
Segment 3,22345,52.62,246,4,3
Segment 3,22346,40.7,194,3,2
Segment 3,22348,883.4799999999999,1066,36,7
Segment 3,22349,63.67,15,3,3
Segment 3,22350,38.25,15,4,2
Segment 3,22352,427.39,185,26,6
Segment 3,22354,357.52,102,8,4
Segment 3,22355,1096.45,1423,81,9
Segment 3,22356,598.29,695,57,9
Segment 3,22357,95.35000000000001,23,10,2
Segment 3,22358,197.43,65,10,4
Segment 3,22359,44.14000000000001,14,4,3
Segment 3,22360,821.6999999999999,306,22,6
Segment 3,22361,391.55,149,10,4
Segment 3,22362,361.83,137,7,5
Segment 3,22363,656.14,254,6,4
Segment 3,22364,560.52,208,17,5
Segment 3,22365,315.04,42,12,6
Segment 3,22366,89.4,12,7,3
Segment 3,22367,390.09,203,18,6
Segment 3,22371,390.58,78,31,6
Segment 3,22372,88.28,20,6,5
Segment 3,22374,115.19,27,13,6
Segment 3,22375,101.45,25,8,5
Segment 3,22376,85.44,20,8,5
Segment 3,22377,258.69,281,11,6
Segment 3,22378,489.06,475,15,9
Segment 3,22379,2484.83,1307,31,8
Segment 3,22380,62.370000000000005,21,13,3
Segment 3,22381,541.88,282,14,5
Segment 3,22382,1416.55,891,72,10
Segment 3,22383,1730.1,1138,68,9
Segment 3,22384,2179.9,1430,71,12
Segment 3,22385,6696.71,3845,53,10
Segment 3,22386,14235.1,8172,92,13
Segment 3,22389,225.3,106,2,2
Segment 3,22390,24.8,5,4,1
Segment 3,22393,10.059999999999999,3,2,2
Segment 3,22394,51.0,52,3,3
Segment 3,22395,4.109999999999999,5,2,2
Segment 3,22396,21.48,18,8,3
Segment 3,22398,46.63,90,7,4
Segment 3,22399,70.0,56,6,2
Segment 3,22400,92.81,114,9,4
Segment 3,22402,125.3,151,10,6
Segment 3,22403,86.76,200,5,3
Segment 3,22405,2.5,2,2,1
Segment 3,22406,48.19,33,12,2
Segment 3,22407,14.96,11,6,3
Segment 3,22408,4.96,3,3,2
Segment 3,22409,23.75,19,7,2
Segment 3,22410,12.3,13,7,3
Segment 3,22411,5166.8,2904,72,12
Segment 3,22412,292.8,158,3,3
Segment 3,22413,873.97,295,13,5
Segment 3,22414,158.97,13,11,3
Segment 3,22415,7.95,1,1,1
Segment 3,22416,208.79999999999998,144,1,1
Segment 3,22417,514.4399999999999,1044,23,8
Segment 3,22418,231.70999999999998,257,13,5
Segment 3,22419,307.08,450,46,4
Segment 3,22420,77.57,121,25,5
Segment 3,22421,120.25999999999999,218,27,4
Segment 3,22422,90.15,99,14,2
Segment 3,22423,39961.2,3611,109,16
Segment 3,22424,400.40999999999997,32,15,5
Segment 3,22425,176.96,37,17,5
Segment 3,22426,165.65,51,10,3
Segment 3,22427,452.68,80,17,7
Segment 3,22428,104.48,14,10,3
Segment 3,22429,908.54,234,24,5
Segment 3,22430,67.9,14,7,4
Segment 3,22431,1070.8,610,34,7
Segment 3,22432,425.78,232,21,6
Segment 3,22433,651.68,370,20,6
Segment 3,22434,72.38,36,6,3
Segment 3,22435,346.14,292,14,5
Segment 3,22436,16.75,23,4,2
Segment 3,22437,105.35,127,9,5
Segment 3,22438,85.8,204,4,4
Segment 3,22439,90.65,97,19,4
Segment 3,22440,1443.54,3967,14,4
Segment 3,22441,252.10000000000002,121,10,3
Segment 3,22442,73.65,15,4,2
Segment 3,22443,47.7,6,5,1
Segment 3,22444,30.0,24,1,1
Segment 3,22445,55.5,14,12,4
Segment 3,22446,107.09,33,14,2
Segment 3,22448,13.26,2,1,1
Segment 3,22449,30.830000000000002,10,8,4
Segment 3,22450,26.8,8,3,2
Segment 3,22451,16.75,5,2,1
Segment 3,22452,307.15,121,10,5
Segment 3,22453,314.5,118,8,4
Segment 3,22454,226.0,88,4,2
Segment 3,22456,702.45,147,21,5
Segment 3,22457,1974.0700000000002,625,63,8
Segment 3,22460,278.78000000000003,219,13,4
Segment 3,22461,237.00000000000003,60,3,1
Segment 3,22464,266.87,167,19,5
Segment 3,22465,327.68,278,18,7
Segment 3,22466,1352.85,911,9,5
Segment 3,22467,3517.55,1590,91,10
Segment 3,22468,374.39,59,17,5
Segment 3,22469,990.41,653,42,10
Segment 3,22470,885.71,309,38,9
Segment 3,22471,156.28,68,5,3
Segment 3,22472,37.31999999999999,4,4,2
Segment 3,22473,309.09,103,12,5
Segment 3,22474,20.689999999999998,3,3,2
Segment 3,22475,599.85,143,43,2
Segment 3,22476,279.67,53,10,4
Segment 3,22477,31.25,25,3,3
Segment 3,22478,87.5,70,9,3
Segment 3,22479,43.75,35,3,3
Segment 3,22480,12.5,10,4,2
Segment 3,22481,50.78,42,7,2
Segment 3,22482,22.5,18,4,2
Segment 3,22483,414.18,158,14,4
Segment 3,22485,784.5,70,13,5
Segment 3,22486,8.29,1,1,1
Segment 3,22487,218.95999999999998,21,19,4
Segment 3,22488,348.40999999999997,213,30,6
Segment 3,22489,630.87,1497,23,5
Segment 3,22491,544.4499999999999,691,11,7
Segment 3,22492,4621.04,7712,25,7
Segment 3,22493,1169.58,790,13,4
Segment 3,22494,86.62,48,29,4
Segment 3,22495,12.59,5,4,2
Segment 3,22496,11.8,4,3,3
Segment 3,22498,154.70000000000002,26,16,4
Segment 3,22499,1232.53,220,30,7
Segment 3,22500,24.75,5,4,2
Segment 3,22501,1164.05,132,12,8
Segment 3,22502,1695.4,332,21,9
Segment 3,22503,271.1,18,4,3
Segment 3,22504,259.45,19,4,3
Segment 3,22505,806.14,186,10,6
Segment 3,22507,717.73,163,13,7
Segment 3,22508,326.71,82,16,4
Segment 3,22509,82.65,7,2,2
Segment 3,22510,90.79,73,4,2
Segment 3,22511,83.75,65,3,2
Segment 3,22512,55.79,19,5,4
Segment 3,22513,120.94,18,11,2
Segment 3,22514,16.8,8,6,2
Segment 3,22515,18.900000000000002,9,7,2
Segment 3,22516,2.1,1,1,1
Segment 3,22517,6.300000000000001,3,3,1
Segment 3,22518,135.3,73,3,2
Segment 3,22519,135.3,73,3,2
Segment 3,22520,22.099999999999998,26,4,4
Segment 3,22521,17.0,20,4,3
Segment 3,22522,13.6,16,5,3
Segment 3,22523,17.0,20,5,4
Segment 3,22524,27.5,22,2,1
Segment 3,22525,65.0,52,5,3
Segment 3,22529,9.9,27,4,2
Segment 3,22530,370.56,932,18,5
Segment 3,22531,1.26,3,2,1
Segment 3,22532,2.52,6,3,2
Segment 3,22533,28.020000000000003,77,5,4
Segment 3,22534,91.44000000000001,252,8,4
Segment 3,22535,21.060000000000002,57,6,3
Segment 3,22536,748.56,1972,16,7
Segment 3,22537,7.98,19,5,2
Segment 3,22538,5.04,12,3,2
Segment 3,22539,106.66,252,3,3
Segment 3,22540,2.4899999999999998,3,2,1
Segment 3,22541,5.03,11,2,2
Segment 3,22543,10.76,26,3,1
Segment 3,22544,130.29,299,10,4
Segment 3,22545,15.33,37,3,3
Segment 3,22546,112.53999999999999,266,4,3
Segment 3,22547,13.75,22,7,3
Segment 3,22548,199.86,175,13,6
Segment 3,22549,151.29,65,14,3
Segment 3,22550,795.71,226,9,4
Segment 3,22551,848.0999999999999,534,21,6
Segment 3,22553,191.39999999999998,116,26,4
Segment 3,22554,450.42999999999995,271,30,5
Segment 3,22555,1900.9399999999998,1186,21,5
Segment 3,22556,57.71,31,20,4
Segment 3,22557,466.19,275,30,5
Segment 3,22558,2466.0099999999998,1721,58,8
Segment 3,22559,14.76,6,4,1
Segment 3,22560,2162.75,1974,25,5
Segment 3,22561,1328.97,897,21,8
Segment 3,22562,42.78,34,11,6
Segment 3,22563,1073.14,1007,18,7
Segment 3,22564,1941.69,1822,16,7
Segment 3,22565,52.86,42,13,3
Segment 3,22566,37.129999999999995,29,9,3
Segment 3,22567,77.35,59,10,3
Segment 3,22568,2896.2400000000002,837,24,7
Segment 3,22569,2552.77,721,13,7
Segment 3,22570,2762.15,812,12,6
Segment 3,22571,72.25,85,8,4
Segment 3,22572,17.849999999999998,21,4,2
Segment 3,22573,114.78999999999999,91,17,4
Segment 3,22574,201.29,179,17,5
Segment 3,22575,13.2,8,1,1
Segment 3,22576,50.73,45,9,3
Segment 3,22577,333.35999999999996,960,30,7
Segment 3,22578,311.47999999999996,952,29,6
Segment 3,22579,101.39999999999999,248,19,5
Segment 3,22580,784.53,139,16,7
Segment 3,22581,48.12,66,10,4
Segment 3,22582,1057.06,439,5,4
Segment 3,22583,2.55,1,1,1
Segment 3,22584,1277.99,485,10,4
Segment 3,22585,1200.52,1040,24,8
Segment 3,22586,32.3,38,4,1
Segment 3,22588,66.58,12,8,2
Segment 3,22589,246.21,75,15,4
Segment 3,22591,313.99,81,13,3
Segment 3,22592,239.17000000000002,53,11,4
Segment 3,22593,92.25999999999999,70,18,4
Segment 3,22594,104.8,82,20,3
Segment 3,22595,267.53999999999996,312,41,5
Segment 3,22596,444.51,433,19,6
Segment 3,22597,124.69,263,18,5
Segment 3,22598,7.789999999999999,13,5,2
Segment 3,22599,57.699999999999996,162,9,3
Segment 3,22600,65.96,62,14,3
Segment 3,22601,133.47,135,16,5
Segment 3,22602,101.28999999999999,121,19,4
Segment 3,22603,46.05,45,10,3
Segment 3,22604,1405.0600000000002,663,15,5
Segment 3,22605,725.58,53,13,6
Segment 3,22606,271.0,20,7,3
Segment 3,22607,2260.09,262,11,6
Segment 3,22608,352.44,1764,10,3
Segment 3,22609,241.39999999999998,1028,13,5
Segment 3,22610,817.56,2304,15,6
Segment 3,22611,14.850000000000001,3,2,1
Segment 3,22613,39.03,45,15,4
Segment 3,22614,45.58,128,16,4
Segment 3,22615,71.72999999999999,211,9,5
Segment 3,22616,1798.99,5975,33,9
Segment 3,22617,881.6899999999999,173,22,7
Segment 3,22618,49.75,5,3,1
Segment 3,22619,746.65,142,17,3
Segment 3,22620,850.58,737,30,5
Segment 3,22621,606.57,317,34,5
Segment 3,22622,1370.86,159,3,3
Segment 3,22623,241.92000000000002,33,12,4
Segment 3,22624,1365.98,158,26,6
Segment 3,22625,902.33,115,17,6
Segment 3,22626,59.129999999999995,6,4,4
Segment 3,22627,67.63,7,4,3
Segment 3,22628,709.7,166,6,4
Segment 3,22629,4101.09,2413,69,12
Segment 3,22630,2590.6899999999996,1495,58,10
Segment 3,22631,263.78,144,16,6
Segment 3,22632,902.7000000000002,487,10,5
Segment 3,22633,504.30000000000007,263,11,4
Segment 3,22634,77.95,9,2,2
Segment 3,22635,77.95,9,2,2
Segment 3,22636,8.5,1,1,1
Segment 3,22637,586.37,263,18,7
Segment 3,22638,32.16,33,2,2
Segment 3,22639,86.14,30,9,3
Segment 3,22642,9.92,2,1,1
Segment 3,22644,190.72,138,17,7
Segment 3,22645,200.19,115,16,4
Segment 3,22646,198.46,150,12,4
Segment 3,22647,66.28,148,4,3
Segment 3,22649,199.55,43,5,2
Segment 3,22650,25.15,19,2,2
Segment 3,22651,612.51,783,14,6
Segment 3,22652,2085.36,1384,31,7
Segment 3,22653,150.20999999999998,81,25,5
Segment 3,22654,1048.3700000000001,183,26,7
Segment 3,22659,9851.869999999999,5929,75,11
Segment 3,22660,188.68,26,6,4
Segment 3,22661,443.39,577,39,9
Segment 3,22662,850.79,539,46,7
Segment 3,22663,763.29,417,36,6
Segment 3,22664,35.28,11,9,2
Segment 3,22665,591.71,213,25,8
Segment 3,22666,2514.1800000000003,846,59,10
Segment 3,22667,1474.0499999999997,555,29,7
Segment 3,22668,612.81,231,12,5
Segment 3,22669,82.60000000000001,28,8,3
Segment 3,22670,110.24,87,21,6
Segment 3,22671,339.40999999999997,225,21,4
Segment 3,22672,332.82,222,14,5
Segment 3,22673,125.58,104,20,6
Segment 3,22674,293.7,265,22,6
Segment 3,22675,295.88,259,23,6
Segment 3,22676,322.39,255,36,5
Segment 3,22677,261.26,209,23,5
Segment 3,22678,209.93,166,23,6
Segment 3,22679,150.57,119,21,5
Segment 3,22680,196.22,156,20,5
Segment 3,22681,136.82,108,21,6
Segment 3,22682,159.36,127,13,5
Segment 3,22683,141.82,112,21,6
Segment 3,22684,103.15,83,11,4
Segment 3,22685,94.4,76,12,4
Segment 3,22686,483.45000000000005,448,23,6
Segment 3,22687,149.67,9,4,1
Segment 3,22688,83.28999999999999,11,2,2
Segment 3,22689,541.39,39,12,3
Segment 3,22690,372.64,52,9,6
Segment 3,22691,113.14,14,7,5
Segment 3,22692,873.23,119,29,6
Segment 3,22693,7696.56,7800,6,3
Segment 3,22694,125.10000000000001,61,17,4
Segment 3,22695,64.88,62,8,5
Segment 3,22696,50.66,20,5,3
Segment 3,22697,2837.54,1070,46,10
Segment 3,22698,2210.79,845,30,9
Segment 3,22699,7417.049999999999,2875,57,11
Segment 3,22700,250.7,290,6,3
Segment 3,22701,178.20999999999998,181,12,5
Segment 3,22702,157.2,196,7,4
Segment 3,22703,20.62,13,9,2
Segment 3,22704,231.0,550,19,5
Segment 3,22705,52.5,125,5,3
Segment 3,22706,52.5,125,5,3
Segment 3,22707,21.0,50,2,2
Segment 3,22708,52.5,125,5,5
Segment 3,22710,368.0,1000,10,5
Segment 3,22711,99.5,275,4,3
Segment 3,22712,88.64999999999999,195,17,6
Segment 3,22713,498.7,1362,20,8
Segment 3,22714,228.99,624,7,5
Segment 3,22715,40.32,96,7,1
Segment 3,22716,48.57,123,8,3
Segment 3,22717,41.04,108,4,3
Segment 3,22718,76.32,192,10,3
Segment 3,22719,351.75000000000006,327,12,4
Segment 3,22720,3668.6600000000003,762,59,11
Segment 3,22721,586.12,118,26,8
Segment 3,22722,1352.7500000000002,385,27,7
Segment 3,22723,331.69000000000005,91,22,9
Segment 3,22725,815.76,226,22,5
Segment 3,22726,3781.75,1042,44,5
Segment 3,22727,6410.400000000001,1853,41,9
Segment 3,22728,5478.73,1592,30,7
Segment 3,22729,1502.13,436,12,5
Segment 3,22730,446.42,129,15,6
Segment 3,22731,83.72,36,12,3
Segment 3,22732,122.15,59,12,3
Segment 3,22733,98.56,44,12,2
Segment 3,22734,26.04,6,3,2
Segment 3,22735,47.730000000000004,17,6,2
Segment 3,22736,64.16,20,8,2
Segment 3,22737,134.99,51,15,3
Segment 3,22738,74.08,28,8,3
Segment 3,22739,291.39,111,19,5
Segment 3,22740,1108.8,1488,8,4
Segment 3,22741,674.1899999999999,873,6,4
Segment 3,22742,143.26000000000002,154,6,4
Segment 3,22743,202.52,164,11,4
Segment 3,22744,165.38000000000002,162,11,5
Segment 3,22745,352.45,163,21,6
Segment 3,22746,308.42,143,19,7
Segment 3,22747,172.2,82,10,4
Segment 3,22748,493.01,228,26,7
Segment 3,22749,544.3299999999999,157,14,5
Segment 3,22750,74.75999999999999,14,10,4
Segment 3,22751,56.09,11,10,4
Segment 3,22752,3883.9900000000002,513,39,10
Segment 3,22753,112.44,143,50,5
Segment 3,22754,140.29,279,48,6
Segment 3,22755,195.95,242,60,4
Segment 3,22756,213.39000000000001,173,26,6
Segment 3,22757,230.14000000000001,181,30,6
Segment 3,22758,372.33,411,38,7
Segment 3,22759,1487.85,873,22,8
Segment 3,22760,406.65,35,10,4
Segment 3,22761,109.75,5,2,1
Segment 3,22762,65.95,5,3,2
Segment 3,22763,111.95,13,3,2
Segment 3,22766,1187.6799999999998,456,28,9
Segment 3,22767,558.9,62,12,5
Segment 3,22768,1087.21,124,13,5
Segment 3,22770,14.95,1,1,1
Segment 3,22771,983.9300000000001,853,37,6
Segment 3,22772,901.0,805,27,5
Segment 3,22773,440.0,352,26,5
Segment 3,22774,887.25,801,19,5
Segment 3,22775,842.86,757,20,4
Segment 3,22776,852.4499999999999,95,25,6
Segment 3,22777,850.85,111,2,2
Segment 3,22778,834.41,243,13,3
Segment 3,22779,2505.6,736,10,3
Segment 3,22780,2172.34,642,9,3
Segment 3,22781,279.89,35,12,6
Segment 3,22782,612.0,60,5,3
Segment 3,22783,230.55,29,4,3
Segment 3,22784,460.87,93,14,5
Segment 3,22785,108.94,22,7,5
Segment 3,22786,104.09,27,5,5
Segment 3,22788,339.34999999999997,36,12,4
Segment 3,22789,144.39,83,7,3
Segment 3,22791,45.57,20,5,2
Segment 3,22792,294.40999999999997,395,10,4
Segment 3,22794,226.5,30,19,5
Segment 3,22795,1263.1000000000001,210,16,3
Segment 3,22796,651.15,72,15,5
Segment 3,22797,814.89,49,7,5
Segment 3,22798,1496.61,555,25,6
Segment 3,22799,144.5,18,5,4
Segment 3,22800,152.23,39,5,4
Segment 3,22801,1050.9,303,15,5
Segment 3,22802,84.75,5,1,1
Segment 3,22803,71.5,2,1,1
Segment 3,22804,994.66,362,30,8
Segment 3,22805,470.43,411,22,4
Segment 3,22807,74.44,26,11,3
Segment 3,22808,14.75,5,2,2
Segment 3,22809,589.51,181,19,4
Segment 3,22810,656.33,171,18,3
Segment 3,22811,1537.3799999999999,590,14,2
Segment 3,22812,150.17,39,14,2
Segment 3,22813,880.6799999999998,502,14,3
Segment 3,22814,44.81999999999999,117,10,3
Segment 3,22815,87.0,238,5,3
Segment 3,22816,40.32,96,3,1
Segment 3,22817,132.35999999999999,346,17,5
Segment 3,22818,45.36,108,5,1
Segment 3,22819,81.36,204,18,5
Segment 3,22820,125.63000000000001,193,2,2
Segment 3,22821,25.060000000000002,38,3,2
Segment 3,22822,217.56,39,11,6
Segment 3,22823,330.0,3,1,1
Segment 3,22824,32.95,1,1,1
Segment 3,22825,99.30000000000001,14,4,2
Segment 3,22829,164.6,18,5,4
Segment 3,22831,417.34999999999997,161,6,3
Segment 3,22832,53.75,5,3,3
Segment 3,22834,681.23,592,14,7
Segment 3,22835,1933.98,444,26,7
Segment 3,22837,288.3,62,6,3
Segment 3,22838,4641.13,361,14,7
Segment 3,22839,1518.81,115,15,6
Segment 3,22840,1457.38,206,13,7
Segment 3,22841,182.53,23,7,5
Segment 3,22842,738.25,123,13,5
Segment 3,22843,642.0400000000001,106,10,5
Segment 3,22844,1471.0900000000001,187,22,7
Segment 3,22845,682.88,117,17,7
Segment 3,22846,907.0,60,15,4
Segment 3,22847,1229.73,79,19,6
Segment 3,22848,204.35,13,6,4
Segment 3,22849,273.09999999999997,18,5,2
Segment 3,22851,350.79,465,19,7
Segment 3,22852,48.5,12,5,4
Segment 3,22853,38.5,14,1,1
Segment 3,22854,669.25,155,9,5
Segment 3,22855,202.20000000000002,180,5,3
Segment 3,22858,9.899999999999999,6,1,1
Segment 3,22859,9.899999999999999,6,1,1
Segment 3,22860,19.799999999999997,12,2,2
Segment 3,22862,17.0,4,4,2
Segment 3,22863,551.55,213,8,3
Segment 3,22865,1311.7300000000002,694,22,5
Segment 3,22866,1264.2000000000003,682,13,6
Segment 3,22867,1125.73,594,16,5
Segment 3,22869,3.9,2,1,1
Segment 3,22870,1.95,1,1,1
Segment 3,22874,1.95,1,1,1
Segment 3,22875,5.85,3,2,2
Segment 3,22877,3.9,2,2,1
Segment 3,22879,10.08,24,1,1
Segment 3,22880,10.08,24,1,1
Segment 3,22881,10.08,24,1,1
Segment 3,22882,19.83,29,4,2
Segment 3,22883,10.08,24,1,1
Segment 3,22884,19.83,29,4,3
Segment 3,22885,10.08,24,1,1
Segment 3,22886,17.88,28,5,2
Segment 3,22887,10.08,24,1,1
Segment 3,22888,10.08,24,1,1
Segment 3,22889,74.1,97,2,2
Segment 3,22890,363.32,38,12,5
Segment 3,22891,204.26,30,18,3
Segment 3,22892,156.25,125,14,3
Segment 3,22893,102.18,257,20,2
Segment 3,22894,274.5,29,6,4
Segment 3,22895,379.39,129,13,4
Segment 3,22896,661.72,297,31,8
Segment 3,22897,274.56,188,20,7
Segment 3,22898,228.38,132,8,6
Segment 3,22899,178.18,85,11,6
Segment 3,22900,2210.5499999999997,901,20,6
Segment 3,22902,425.68,248,7,5
Segment 3,22903,89.53,35,13,3
Segment 3,22904,117.34000000000002,34,13,4
Segment 3,22905,407.34000000000003,161,21,7
Segment 3,22906,409.05,277,16,4
Segment 3,22907,549.16,658,41,9
Segment 3,22908,474.65,647,25,9
Segment 3,22909,476.95,595,21,8
Segment 3,22910,2768.67,1045,38,9
Segment 3,22911,5.79,1,1,1
Segment 3,22912,49.5,10,3,1
Segment 3,22913,89.10000000000001,18,5,3
Segment 3,22914,64.35000000000001,13,5,2
Segment 3,22915,214.56,528,7,3
Segment 3,22916,54.60000000000001,84,14,3
Segment 3,22917,50.7,78,13,3
Segment 3,22918,50.7,78,13,3
Segment 3,22919,51.35,79,13,3
Segment 3,22920,54.60000000000001,84,14,3
Segment 3,22921,42.25000000000001,65,11,3
Segment 3,22922,114.35,137,5,4
Segment 3,22923,10.2,12,2,1
Segment 3,22924,56.1,66,2,1
Segment 3,22925,60.620000000000005,8,4,3
Segment 3,22926,47.6,8,4,2
Segment 3,22927,77.35,13,5,2
Segment 3,22928,167.37,15,8,3
Segment 3,22929,57.95,1,1,1
Segment 3,22930,512.12,236,11,7
Segment 3,22931,391.06000000000006,181,11,7
Segment 3,22932,952.9500000000002,451,10,6
Segment 3,22933,975.7,430,6,3
Segment 3,22934,201.3,78,2,2
Segment 3,22935,528.75,187,9,5
Segment 3,22936,448.38,160,8,6
Segment 3,22937,170.99,57,9,5
Segment 3,22938,525.23,283,5,4
Segment 3,22939,377.13,75,15,6
Segment 3,22940,718.18,166,23,6
Segment 3,22941,4348.7,635,14,7
Segment 3,22942,509.6,72,10,5
Segment 3,22943,1404.43,303,8,6
Segment 3,22944,58.5,150,3,3
Segment 3,22945,166.5,102,10,2
Segment 3,22946,620.25,41,13,4
Segment 3,22947,1296.55,133,18,8
Segment 3,22948,258.06,246,18,6
Segment 3,22949,423.4,292,4,2
Segment 3,22950,807.8499999999999,577,4,4
Segment 3,22951,593.31,1129,24,6
Segment 3,22952,1109.6000000000001,2216,18,7
Segment 3,22953,72.38,55,19,4
Segment 3,22954,35.0,28,8,2
Segment 3,22955,67.2,32,6,3
Segment 3,22956,129.92000000000002,58,8,4
Segment 3,22957,1082.45,419,11,6
Segment 3,22959,63.42,151,6,3
Segment 3,22960,6116.99,1559,60,15
Segment 3,22961,3329.85,2337,50,10
Segment 3,22962,156.53,197,16,6
Segment 3,22963,148.95000000000002,189,12,6
Segment 3,22964,729.0400000000001,378,18,8
Segment 3,22965,86.42,38,9,6
Segment 3,22966,1131.3700000000001,1012,28,11
Segment 3,22967,901.05,351,7,4
Segment 3,22968,787.8000000000001,92,5,4
Segment 3,22969,763.45,593,14,8
Segment 3,22970,3854.4,1808,25,7
Segment 3,22971,1272.62,584,17,5
Segment 3,22972,86.80999999999999,53,4,4
Segment 3,22973,58.779999999999994,38,3,2
Segment 3,22974,93.38999999999999,55,7,4
Segment 3,22975,17.22,7,3,1
Segment 3,22976,9.84,4,1,1
Segment 3,22977,2.46,1,1,1
Segment 3,22978,557.9,157,30,7
Segment 3,22979,242.47,167,31,7
Segment 3,22980,234.83999999999997,148,19,6
Segment 3,22981,20.3,14,13,2
Segment 3,22982,150.8,119,21,6
Segment 3,22983,268.83,705,24,6
Segment 3,22984,88.06,218,13,6
Segment 3,22985,468.5,1325,8,4
Segment 3,22986,105.0,250,10,4
Segment 3,22988,2884.23,2658,22,4
Segment 3,22989,694.0,248,14,4
Segment 3,22990,363.54,82,11,8
Segment 3,22991,2130.24,1216,20,4
Segment 3,22992,2179.74,1312,16,5
Segment 3,22993,2197.65,1988,80,12
Segment 3,22994,25.44,64,12,4
Segment 3,22995,64.32000000000001,160,35,4
Segment 3,22996,44.160000000000004,112,19,3
Segment 3,22997,62.82,153,17,5
Segment 3,22998,154.94,346,41,7
Segment 3,22999,20.400000000000002,52,10,3
Segment 3,23000,52.14,131,14,5
Segment 3,23002,48.54,119,14,5
Segment 3,23003,20.400000000000002,52,5,3
Segment 3,23004,17.6,38,12,3
Segment 3,23005,363.65999999999997,1003,8,4
Segment 3,23006,35.1,87,15,4
Segment 3,23007,966.7999999999998,64,10,5
Segment 3,23008,943.8499999999999,63,5,4
Segment 3,23009,63.8,4,3,3
Segment 3,23010,676.7499999999999,45,5,5
Segment 3,23012,378.99,107,12,5
Segment 3,23013,367.14000000000004,104,11,5
Segment 3,23014,280.78000000000003,78,9,4
Segment 3,23015,8.25,1,1,1
Segment 3,23016,23.549999999999997,3,2,2
Segment 3,23023,3.29,1,1,1
Segment 3,23025,20.65,5,1,1
Segment 3,23026,42.25,21,4,3
Segment 3,23027,12.48,6,1,1
Segment 3,23028,451.89,297,11,6
Segment 3,23029,100.64999999999999,61,11,4
Segment 3,23031,148.5,90,16,4
Segment 3,23032,761.0999999999999,502,19,6
Segment 3,23033,143.7,114,3,2
Segment 3,23034,168.35,131,9,3
Segment 3,23035,291.03999999999996,208,12,6
Segment 3,23036,1.25,1,1,1
Segment 3,23037,38.089999999999996,25,2,2
Segment 3,23038,8.149999999999999,5,3,1
Segment 3,23039,19.799999999999997,12,1,1
Segment 3,23040,594.0,120,1,1
Segment 3,23042,33.25,5,1,1
Segment 3,23043,12.5,2,1,1
Segment 3,23044,33.2,8,2,2
Segment 3,23045,33.2,8,2,2
Segment 3,23046,1393.3,242,2,2
Segment 3,23047,11.5,2,1,1
Segment 3,23048,29.04,6,4,3
Segment 3,23049,520.25,65,14,6
Segment 3,23050,289.8,36,12,6
Segment 3,23051,274.1,34,11,6
Segment 3,23052,330.5,42,9,5
Segment 3,23053,188.65,25,4,4
Segment 3,23054,250.95,31,11,4
Segment 3,23055,144.0,144,1,1
Segment 3,23056,193.84,148,4,2
Segment 3,23057,200.44,156,3,3
Segment 3,23058,23.0,8,4,2
Segment 3,23060,29.12,14,2,2
Segment 3,23061,58.71,51,4,3
Segment 3,23064,49.95,1,1,1
Segment 3,23065,660.2,58,3,2
Segment 3,23066,398.85,53,2,1
Segment 3,23067,70.55000000000001,17,3,2
Segment 3,23068,58.970000000000006,25,3,3
Segment 3,23071,144.0,144,1,1
Segment 3,23072,168.0,168,1,1
Segment 3,23073,547.7,49,4,2
Segment 3,23074,10.74,6,1,1
Segment 3,23075,53.95,13,4,3
Segment 3,23076,419.76,360,8,4
Segment 3,23077,1095.2,1024,13,6
Segment 3,23078,609.36,552,8,5
Segment 3,23079,112.14999999999999,13,3,3
Segment 3,23080,533.28,60,25,6
Segment 3,23081,334.89,39,12,5
Segment 3,23082,1183.98,354,15,6
Segment 3,23083,593.35,168,14,7
Segment 3,23084,3754.41,1725,45,10
Segment 3,23085,158.9,19,3,2
Segment 3,23087,69.92,64,8,2
Segment 3,23088,89.68,74,7,4
Segment 3,23089,1338.87,907,16,7
Segment 3,23090,72.96,84,9,4
Segment 3,23091,439.85,74,16,5
Segment 3,23092,31.6,4,1,1
Segment 3,23093,157.11,71,5,3
Segment 3,23094,62.5,5,2,2
Segment 3,23096,341.17999999999995,226,11,4
Segment 3,23099,127.4,22,5,3
Segment 3,23100,114.96000000000001,96,8,4
Segment 3,23101,52.14,66,8,5
Segment 3,23102,67.08,84,12,5
Segment 3,23103,461.69999999999993,306,32,4
Segment 3,23104,131.10000000000002,12,4,3
Segment 3,23106,25.71,9,2,2
Segment 3,23107,27.790000000000003,11,3,3
Segment 3,23108,2099.24,391,22,8
Segment 3,23109,557.11,219,9,5
Segment 3,23110,275.65,51,12,5
Segment 3,23111,295.7,25,8,3
Segment 3,23112,271.4,38,11,4
Segment 3,23114,4.95,1,1,1
Segment 3,23117,4.95,1,1,1
Segment 3,23118,513.5,73,9,4
Segment 3,23119,237.65,418,12,5
Segment 3,23120,116.7,319,5,3
Segment 3,23121,254.1,701,6,5
Segment 3,23122,331.78999999999996,457,7,5
Segment 3,23123,175.78,242,6,4
Segment 3,23124,326.4,288,4,3
Segment 3,23125,312.0,300,1,1
Segment 3,23126,578.4300000000001,117,24,6
Segment 3,23127,223.64000000000001,44,10,5
Segment 3,23128,151.68,32,10,5
Segment 3,23129,593.48,128,17,5
Segment 3,23130,351.66999999999996,81,9,5
Segment 3,23131,1065.88,256,6,4
Segment 3,23132,1265.6200000000001,252,11,5
Segment 3,23133,459.75,63,12,5
Segment 3,23134,199.79999999999998,28,5,4
Segment 3,23135,124.55000000000001,25,2,2
Segment 3,23136,80.80000000000001,24,6,4
Segment 3,23137,113.24000000000001,34,4,3
Segment 3,23138,96.25,73,8,3
Segment 3,23139,61.39999999999999,44,6,4
Segment 3,23140,119.04,30,6,4
Segment 3,23141,8.3,2,2,2
Segment 3,23142,168.05,17,6,5
Segment 3,23144,186.04,224,19,6
Segment 3,23145,43.410000000000004,47,8,3
Segment 3,23146,238.66000000000003,74,22,6
Segment 3,23147,361.54999999999995,251,37,6
Segment 3,23148,238.29999999999998,290,38,6
Segment 3,23149,9.96,4,2,2
Segment 3,23150,47.31,19,6,3
Segment 3,23151,3.2800000000000002,2,2,2
Segment 3,23152,74.43,21,6,2
Segment 3,23153,128.63,36,7,5
Segment 3,23154,504.81000000000006,251,16,7
Segment 3,23155,133.56,180,5,3
Segment 3,23156,172.66000000000003,89,15,4
Segment 3,23157,417.84000000000003,193,19,6
Segment 3,23158,207.72,96,22,4
Segment 3,23159,467.37000000000006,233,16,6
Segment 3,23160,94.9,86,7,4
Segment 3,23161,77.4,72,4,2
Segment 3,23162,512.95,151,13,5
Segment 3,23163,400.82000000000005,186,13,6
Segment 3,23164,585.71,138,9,6
Segment 3,23165,965.6999999999999,658,27,7
Segment 3,23166,1258.72,1136,30,6
Segment 3,23167,866.8499999999999,1231,23,8
Segment 3,23168,509.17999999999995,485,17,6
Segment 3,23169,659.9,170,17,6
Segment 3,23170,2801.49,1877,41,12
Segment 3,23171,3491.7999999999997,2360,39,11
Segment 3,23172,853.4799999999999,556,23,8
Segment 3,23173,9267.22,1128,28,11
Segment 3,23174,4882.29,1289,23,10
Segment 3,23175,3563.25,1283,22,10
Segment 3,23176,1286.71,649,16,9
Segment 3,23177,2219.55,1131,17,7
Segment 3,23178,58.3,20,4,4
Segment 3,23179,18.61,5,5,2
Segment 3,23180,24.75,5,5,1
Segment 3,23181,60.0,8,1,1
Segment 3,23182,430.57,514,51,7
Segment 3,23183,128.21,28,13,4
Segment 3,23184,250.3,42,17,6
Segment 3,23185,3.4799999999999995,12,1,1
Segment 3,23186,320.40000000000003,360,5,3
Segment 3,23187,27.839999999999996,96,2,2
Segment 3,23188,235.05999999999997,130,20,6
Segment 3,23189,159.98000000000002,62,4,3
Segment 3,23190,37.19,23,12,5
Segment 3,23191,554.15,355,30,8
Segment 3,23192,984.1199999999999,640,34,8
Segment 3,23193,1969.5100000000002,1005,13,5
Segment 3,23194,1228.58,625,12,6
Segment 3,23196,164.95,127,19,4
Segment 3,23197,164.34,74,29,5
Segment 3,23198,272.46999999999997,159,28,6
Segment 3,23199,8255.2,4600,64,14
Segment 3,23200,2354.72,1309,26,9
Segment 3,23201,7426.3,4150,63,11
Segment 3,23202,4580.29,2543,54,10
Segment 3,23203,8093.54,4498,53,12
Segment 3,23204,499.05,633,35,7
Segment 3,23205,615.52,800,41,8
Segment 3,23206,3500.1,2354,79,13
Segment 3,23207,1930.36,1276,47,11
Segment 3,23208,1703.2,1120,43,11
Segment 3,23209,1861.16,1188,59,10
Segment 3,23210,128.71,107,19,3
Segment 3,23211,99.96000000000001,84,16,3
Segment 3,23212,232.34,202,27,3
Segment 3,23213,113.67,99,16,3
Segment 3,23214,77.31,28,10,3
Segment 3,23215,2796.08,1509,17,6
Segment 3,23216,105.0,87,11,3
Segment 3,23217,392.48,302,22,5
Segment 3,23218,79.56,63,9,3
Segment 3,23219,80.85,65,10,4
Segment 3,23220,68.17,59,18,2
Segment 3,23221,109.53999999999999,78,21,3
Segment 3,23222,135.44,88,14,3
Segment 3,23223,183.72999999999996,159,17,4
Segment 3,23224,143.26999999999998,125,14,3
Segment 3,23225,472.97999999999996,534,24,5
Segment 3,23226,177.34,158,10,3
Segment 3,23227,128.55,113,10,4
Segment 3,23228,136.54,101,18,3
Segment 3,23229,386.38,105,12,4
Segment 3,23230,462.5,1225,18,7
Segment 3,23231,315.0,750,25,7
Segment 3,23232,504.5,1325,18,7
Segment 3,23233,321.0,850,9,5
Segment 3,23234,219.78000000000003,72,9,5
Segment 3,23235,186.97000000000003,73,5,5
Segment 3,23236,1802.0,660,21,7
Segment 3,23237,165.35000000000002,41,7,4
Segment 3,23238,697.7,182,11,5
Segment 3,23239,224.25,57,10,5
Segment 3,23240,1576.45,403,24,6
Segment 3,23241,677.4399999999999,331,32,4
Segment 3,23242,705.92,350,17,6
Segment 3,23243,953.95,205,17,7
Segment 3,23244,282.90999999999997,165,8,7
Segment 3,23245,7370.68,1692,53,12
Segment 3,23247,549.45,205,17,5
Segment 3,23249,1.65,1,1,1
Segment 3,23250,1.25,1,1,1
Segment 3,23251,61.25,49,5,3
Segment 3,23252,63.75,17,3,3
Segment 3,23253,379.75,29,4,3
Segment 3,23254,103.75,25,5,2
Segment 3,23255,62.24,14,4,3
Segment 3,23256,153.53000000000003,35,11,5
Segment 3,23263,849.4,531,48,4
Segment 3,23264,526.7,346,42,4
Segment 3,23265,432.46,288,40,4
Segment 3,23266,500.89,341,42,4
Segment 3,23267,107.5,86,4,2
Segment 3,23268,70.08,24,4,1
Segment 3,23269,2.9,2,1,1
Segment 3,23270,49.35,39,3,2
Segment 3,23271,57.029999999999994,61,3,3
Segment 3,23272,42.769999999999996,13,2,1
Segment 3,23273,116.49,69,8,5
Segment 3,23274,89.16,48,10,4
Segment 3,23275,762.45,661,39,6
Segment 3,23280,200.23999999999998,258,13,5
Segment 3,23281,58.29,75,7,4
Segment 3,23282,165.35,214,16,6
Segment 3,23283,653.37,91,13,6
Segment 3,23284,3165.99,421,31,8
Segment 3,23285,243.64,316,7,7
Segment 3,23286,313.61,413,9,7
Segment 3,23287,243.64,316,7,6
Segment 3,23288,243.64000000000001,316,7,6
Segment 3,23289,73.75,59,8,4
Segment 3,23290,229.95000000000002,207,12,6
Segment 3,23291,164.89,99,15,5
Segment 3,23292,259.52,192,14,7
Segment 3,23293,1608.52,2132,31,10
Segment 3,23294,483.09999999999997,656,18,7
Segment 3,23295,575.6999999999999,718,22,8
Segment 3,23296,962.83,863,19,9
Segment 3,23297,1993.25,1241,11,8
Segment 3,23298,5834.500000000001,1350,55,8
Segment 3,23299,729.67,207,10,6
Segment 3,23300,1320.48,800,61,8
Segment 3,23301,1621.87,863,59,8
Segment 3,23302,580.21,527,17,5
Segment 3,23303,46.8,24,1,1
Segment 3,23305,48.75,25,2,2
Segment 3,23306,459.69,315,7,5
Segment 3,23307,1172.19,2561,26,11
Segment 3,23308,764.81,1611,25,10
Segment 3,23309,1057.05,2415,31,7
Segment 3,23310,749.31,1815,17,5
Segment 3,23311,354.6,156,8,4
Segment 3,23312,426.45000000000005,107,10,5
Segment 3,23313,1291.67,297,16,8
Segment 3,23314,187.02,18,2,1
Segment 3,23315,132.1,14,7,3
Segment 3,23316,171.05,19,8,3
Segment 3,23317,98.65,11,6,3
Segment 3,23318,793.65,379,14,7
Segment 3,23319,1462.44,696,16,6
Segment 3,23320,339.95,131,17,5
Segment 3,23321,295.15,191,24,4
Segment 3,23322,527.27,197,17,5
Segment 3,23323,170.4,89,10,4
Segment 3,23324,54.08,26,2,2
Segment 3,23325,40.49999999999999,26,3,3
Segment 3,23326,471.3,870,6,6
Segment 3,23327,132.0,240,2,2
Segment 3,23328,308.7,90,8,4
Segment 3,23329,124.94999999999999,83,8,3
Segment 3,23330,164.94,138,7,5
Segment 3,23331,86.82000000000001,150,4,3
Segment 3,23332,104.24999999999999,69,9,3
Segment 3,23333,121.15,107,6,4
Segment 3,23334,111.96000000000001,196,4,3
Segment 3,23335,4.16,2,2,1
Segment 3,23336,12.45,5,5,3
Segment 3,23337,6.24,3,3,2
Segment 3,23338,10.4,5,5,2
Segment 3,23339,6.24,3,3,2
Segment 3,23340,589.8,372,3,3
Segment 3,23342,17.0,2,2,1
Segment 3,23343,1622.02,884,18,8
Segment 3,23344,2548.1,1385,31,10
Segment 3,23345,91.25,73,7,4
Segment 3,23346,82.5,66,10,5
Segment 3,23347,51.25,41,6,4
Segment 3,23348,89.44,43,11,3
Segment 3,23349,142.38,126,7,3
Segment 3,23350,65.0,52,9,2
Segment 3,23351,167.38,146,8,4
Segment 3,23352,132.38,118,6,3
Segment 3,23353,215.79999999999998,260,8,4
Segment 3,23354,182.90999999999997,249,5,3
Segment 3,23355,3606.6000000000004,860,32,9
Segment 3,23356,2415.15,477,25,9
Segment 3,23357,139.4,34,4,3
Segment 3,23358,197.4,60,2,2
Segment 3,23359,98.99999999999999,60,2,2
Segment 3,23360,150.0,88,3,1
Segment 3,23365,19.05,33,5,3
Segment 3,23366,83.85000000000001,129,9,4
Segment 3,23367,326.5,506,13,7
Segment 3,23368,265.40000000000003,412,6,3
Segment 3,23369,2.5,2,2,2
Segment 3,23370,342.5,274,9,4
Segment 3,23371,46.25,37,7,3
Segment 3,23372,2.5,2,2,1
Segment 3,23373,176.8,240,2,2
Segment 3,23374,501.2,660,6,6
Segment 3,23375,168.6,230,2,2
Segment 3,23376,24.96,64,3,2
Segment 3,23377,9.75,25,2,2
Segment 3,23378,58.5,150,5,2
Segment 3,23379,4.68,12,1,1
Segment 3,23380,60.839999999999996,156,5,4
Segment 3,23381,14.43,37,3,2
Segment 3,23382,2142.5099999999998,589,9,6
Segment 3,23388,16.6,4,3,2
Segment 3,23389,182.60000000000002,44,11,4
Segment 3,23390,24.900000000000002,6,5,2
Segment 3,23391,95.45,23,5,4
Segment 3,23392,110.24000000000001,53,5,2
Segment 3,23393,202.5,54,18,3
Segment 3,23394,172.5,46,19,3
Segment 3,23395,221.25,59,17,3
Segment 3,23396,135.0,36,15,3
Segment 3,23397,915.35,109,17,4
Segment 3,23398,18.98,26,2,2
Segment 3,23399,141.38,170,19,4
Segment 3,23400,198.74,34,12,3
Segment 3,23401,243.40999999999997,45,4,3
Segment 3,23402,184.17000000000002,55,6,2
Segment 3,23403,216.75,61,20,3
Segment 3,23404,223.65000000000003,51,9,2
Segment 3,23405,246.95000000000005,57,5,3
Segment 3,23406,217.49,37,18,3
Segment 3,23407,337.21999999999997,38,6,5
Segment 3,23408,6.24,3,3,2
Segment 3,23409,96.72,28,5,3
Segment 3,23410,21.15,3,2,1
Segment 3,23411,243.75,57,5,4
Segment 3,23412,377.8,54,6,5
Segment 3,23413,39.6,8,5,2
Segment 3,23414,101.88,12,1,1
Segment 3,23418,52.0,25,2,2
Segment 3,23419,49.92,24,1,1
Segment 3,23424,149.10000000000002,34,4,3
Segment 3,23426,332.5,130,18,5
Segment 3,23427,87.5,7,5,1
Segment 3,23431,56.82,78,3,2
Segment 3,23432,69.12,96,2,1
Segment 3,23433,80.21,103,4,4
Segment 3,23434,279.39,321,4,4
Segment 3,23435,207.5,230,3,2
Segment 3,23436,466.0,440,2,2
Segment 3,23437,471.0,444,3,3
Segment 3,23438,466.0,440,3,2
Segment 3,23439,192.3,103,8,2
Segment 3,23451,70.5,38,4,3
Segment 3,23452,80.25,43,4,3
Segment 3,23453,44.4,24,2,2
Segment 3,23454,94.15,25,2,2
Segment 3,23455,89.64000000000001,36,1,1
Segment 3,23456,67.5,18,1,1
Segment 3,23457,108.0,24,1,1
Segment 3,23458,29.9,2,1,1
Segment 3,23460,250.88,32,1,1
Segment 3,23462,19.95,1,1,1
Segment 3,23466,8.25,1,1,1
Segment 3,23469,64.38000000000001,18,2,2
Segment 3,23470,129.35999999999999,24,2,2
Segment 3,23473,19.919999999999998,24,2,2
Segment 3,23474,9.959999999999999,12,1,1
Segment 3,23475,19.919999999999998,24,2,2
Segment 3,23476,15.0,12,1,1
Segment 3,23477,15.0,12,1,1
Segment 3,23478,15.0,12,1,1
Segment 3,23480,416.46000000000004,114,7,4
Segment 3,23481,29.96,28,3,3
Segment 3,23482,38.099999999999994,26,2,2
Segment 3,23483,362.1,330,6,4
Segment 3,23484,59.760000000000005,24,1,1
Segment 3,23485,216.4,10,4,3
Segment 3,23486,145.5,10,1,1
Segment 3,23487,71.1,8,2,2
Segment 3,23489,31.790000000000003,11,3,2
Segment 3,23490,167.19,49,3,3
Segment 3,23491,41.25,5,3,2
Segment 3,23492,99.0,12,1,1
Segment 3,23493,558.15,317,10,5
Segment 3,23494,633.5,110,10,5
Segment 3,23495,5.0,4,1,1
Segment 3,23497,191.54999999999998,147,8,6
Segment 3,23498,116.1,90,4,3
Segment 3,23499,2.52,6,2,1
Segment 3,23500,57.05,49,5,3
Segment 3,23501,263.8,248,6,4
Segment 3,23502,27.48,24,2,2
Segment 3,23503,71.21000000000001,61,5,3
Segment 3,23504,63.730000000000004,53,6,2
Segment 3,23505,122.75,115,3,2
Segment 3,23506,350.34000000000003,837,7,6
Segment 3,23507,630.36,1618,8,6
Segment 3,23508,334.38,799,7,5
Segment 3,23509,226.01999999999998,541,4,4
Segment 3,23510,403.92,1076,4,4
Segment 3,23511,12.82,7,2,2
Segment 3,23512,23.22,12,2,2
Segment 3,23514,10.74,6,1,1
Segment 3,23515,12.82,7,2,2
Segment 3,23516,3.75,1,1,1
Segment 3,23517,14.940000000000001,6,1,1
Segment 3,23521,89.64,36,2,2
Segment 3,23522,59.760000000000005,24,2,2
Segment 3,23523,104.22,30,4,3
Segment 3,23524,59.220000000000006,18,2,2
Segment 3,23525,81.72,24,3,3
Segment 3,23526,176.0,32,5,4
Segment 3,23527,39.480000000000004,12,2,2
Segment 3,23528,123.96000000000001,36,4,3
Segment 3,23529,104.22,30,3,2
Segment 3,23530,253.8,60,3,3
Segment 3,23531,344.45,55,5,5
Segment 3,23532,37.35,9,2,2
Segment 3,23534,653.5,118,10,6
Segment 3,23535,203.34999999999997,37,4,4
Segment 3,23536,23.8,4,1,1
Segment 3,23537,129.45000000000002,31,3,3
Segment 3,23538,104.55000000000001,25,3,3
Segment 3,23539,117.75,21,6,5
Segment 3,23541,327.8,44,5,4
Segment 3,23542,66.0,8,2,1
Segment 3,23543,253.3,34,3,3
Segment 3,23545,84.0,200,5,4
Segment 3,23546,84.0,200,6,4
Segment 3,23547,52.5,125,5,2
Segment 3,23548,21.0,50,2,2
Segment 3,23549,52.5,125,5,3
Segment 3,23550,10.5,25,1,1
Segment 3,23551,47.19,121,4,3
Segment 3,23552,182.95999999999998,98,3,3
Segment 3,23553,98.55,9,1,1
Segment 3,23554,214.24999999999997,19,4,4
Segment 3,23555,95.35,8,4,3
Segment 3,23556,214.24999999999997,19,4,4
Segment 3,23557,32.849999999999994,3,1,1
Segment 3,23558,131.39999999999998,12,1,1
Segment 3,23559,41.6,20,3,3
Segment 3,23562,5.78,2,1,1
Segment 3,23564,224.76,204,3,3
Segment 3,23565,75.0,60,2,2
Segment 3,23566,359.52,336,3,2
Segment 3,23567,45.0,36,2,1
Segment 3,23568,344.52,324,4,2
Segment 3,23569,79.2,16,5,2
Segment 3,23570,28.75,23,7,3
Segment 3,23571,23.099999999999994,14,3,2
Segment 3,23575,15.6,8,1,1
Segment 3,23576,96.74999999999999,57,3,3
Segment 3,23579,81.14999999999999,49,2,2
Segment 3,23581,1364.72,764,13,7
Segment 3,23582,1282.28,716,13,6
Segment 3,23583,549.05,357,19,7
Segment 3,23597,102.0,40,1,1
Segment 3,23598,274.8,104,2,2
Segment 3,23681,229.15,151,5,3
Segment 3,23691,93.0,250,3,2
Segment 3,23692,21.0,50,2,2
Segment 3,23694,41.04,108,4,3
Segment 3,23695,72.0,192,6,4
Segment 3,23697,41.04,108,4,4
Segment 3,35001G,187.31,55,3,3
Segment 3,35001W,3.49,1,1,1
Segment 3,35004B,137.25,29,5,3
Segment 3,35004C,239.55,51,7,2
Segment 3,35004G,183.65,67,4,3
Segment 3,35095A,144.72,456,4,2
Segment 3,35095B,104.39999999999999,360,1,1
Segment 3,35241,4.95,1,1,1
Segment 3,35265,1.95,1,1,1
Segment 3,35443,0.85,1,1,1
Segment 3,35471D,78.16,180,12,4
Segment 3,35598A,8.850000000000001,3,1,1
Segment 3,35598B,181.35,279,5,3
Segment 3,35598D,160.92,242,2,2
Segment 3,35599B,23.4,12,1,1
Segment 3,35599D,13.53,3,2,2
Segment 3,35637A,187.4,92,4,3
Segment 3,35637C,11.7,6,1,1
Segment 3,35638B,93.6,48,1,1
Segment 3,35646,69.88,53,5,4
Segment 3,35647,1.25,1,1,1
Segment 3,35648,129.52,88,11,4
Segment 3,35649,4.92,2,2,1
Segment 3,35651,39.599999999999994,24,1,1
Segment 3,35653,35.400000000000006,12,6,1
Segment 3,35809A,19.919999999999998,24,2,1
Segment 3,35810A,19.919999999999998,24,2,1
Segment 3,35815P,11.4,30,1,1
Segment 3,35818B,2.2800000000000002,6,1,1
Segment 3,35833P,3.75,3,3,1
Segment 3,35911A,4.1499999999999995,5,2,1
Segment 3,35913B,3.4,4,2,1
Segment 3,35915B,3.3,2,1,1
Segment 3,35920,3.75,3,1,1
Segment 3,35921,5.0,4,2,1
Segment 3,35922,4.95,1,1,1
Segment 3,35923,194.7,458,7,4
Segment 3,35924,955.6199999999999,564,9,3
Segment 3,35933,9.120000000000001,24,1,1
Segment 3,35953,57.72,148,4,3
Segment 3,35954,5.0,13,3,2
Segment 3,35958,3.4,4,1,1
Segment 3,35961,84.14999999999999,99,5,2
Segment 3,35964,18.72,48,2,2
Segment 3,35965,2.95,1,1,1
Segment 3,35967,13.68,36,1,1
Segment 3,35968,9.120000000000001,24,2,1
Segment 3,35970,535.29,289,22,6
Segment 3,35971,59.64,67,10,3
Segment 3,37327,91.02,206,7,3
Segment 3,37333,9.9,2,2,1
Segment 3,37340,82.96,208,6,3
Segment 3,37342,173.8,220,6,3
Segment 3,37370,3.75,3,2,1
Segment 3,37413,81.50999999999999,209,7,3
Segment 3,37444A,15.530000000000001,7,4,1
Segment 3,37444B,8.850000000000001,3,2,1
Segment 3,37444C,5.29,7,2,1
Segment 3,37446,415.4,324,21,7
Segment 3,37447,60.0,48,1,1
Segment 3,37448,75.0,60,2,2
Segment 3,37449,909.7,106,12,6
Segment 3,37450,421.95,165,10,2
Segment 3,37468,5.85,15,3,2
Segment 3,37475,19.9,2,2,2
Segment 3,37476,9.95,1,1,1
Segment 3,37479P,15.6,40,5,1
Segment 3,37482P,93.6,240,3,2
Segment 3,37487B,17.4,60,1,1
Segment 3,37488A,8.58,22,1,1
Segment 3,37489A,0.78,2,1,1
Segment 3,37489B,0.78,2,1,1
Segment 3,37489C,0.78,2,1,1
Segment 3,37489D,0.78,2,1,1
Segment 3,37500,349.83,41,14,3
Segment 3,37501,27.8,4,2,2
Segment 3,40001,218.40999999999997,337,7,3
Segment 3,40003,91.19999999999999,96,1,1
Segment 3,40016,392.9,1034,13,6
Segment 3,44089A,0.84,2,1,1
Segment 3,44089C,0.84,2,1,1
Segment 3,44228,20.4,24,1,1
Segment 3,44234,86.82,482,4,3
Segment 3,44235,155.93999999999997,433,2,2
Segment 3,44236,18.96,24,1,1
Segment 3,44242B,15.8,20,1,1
Segment 3,46000M,130.20000000000002,84,24,4
Segment 3,46000R,44.949999999999996,31,15,1
Segment 3,46000S,95.7,66,20,4
Segment 3,46000U,20.0,16,10,1
Segment 3,46118,102.85,121,8,4
Segment 3,46126A,30.0,24,2,1
Segment 3,46138B,18.0,16,6,2
Segment 3,46776D,19.8,4,1,1
Segment 3,46776F,9.9,2,2,1
Segment 3,47021G,39.39,101,3,2
Segment 3,47310M,96.73,81,16,4
Segment 3,47343A,39.839999999999996,48,1,1
Segment 3,47344B,8.299999999999999,10,1,1
Segment 3,47348A,1.95,1,1,1
Segment 3,47351B,140.1,54,3,1
Segment 3,47369B,5.79,1,1,1
Segment 3,47421,266.15999999999997,692,37,4
Segment 3,47422,122.28,322,23,4
Segment 3,47469,1.3,2,1,1
Segment 3,47471,115.08000000000001,210,10,5
Segment 3,47480,95.53,41,19,3
Segment 3,47481,108.97,157,7,3
Segment 3,47503A,238.02,457,11,4
Segment 3,47504H,340.46,332,22,6
Segment 3,47504K,292.15,353,9,4
Segment 3,47518F,46.08,384,3,1
Segment 3,47559B,573.42,499,28,8
Segment 3,47563A,67.5,54,15,4
Segment 3,47566,8145.18,1936,67,10
Segment 3,47566B,3646.2500000000005,833,41,8
Segment 3,47567B,468.52000000000004,96,8,5
Segment 3,47570B,1110.18,130,5,4
Segment 3,47574A,150.0,200,1,1
Segment 3,47580,250.06,107,19,6
Segment 3,47589,49.050000000000004,9,1,1
Segment 3,47590A,2322.92,482,35,8
Segment 3,47590B,2463.1000000000004,518,23,7
Segment 3,47591D,563.46,314,25,8
Segment 3,47593B,63.9,130,15,4
Segment 3,47594A,1.95,1,1,1
Segment 3,47594B,9.75,5,5,2
Segment 3,47599A,2009.02,1173,11,4
Segment 3,47599B,1274.74,739,10,5
Segment 3,48111,356.7,52,7,4
Segment 3,48116,2036.14,298,25,7
Segment 3,48129,615.16,84,10,4
Segment 3,48138,645.23,91,12,6
Segment 3,48173C,570.72,80,11,4
Segment 3,48184,2537.1,370,24,7
Segment 3,48185,915.69,125,21,6
Segment 3,48187,2975.7,432,26,5
Segment 3,48188,332.6,42,8,5
Segment 3,48194,1214.26,162,18,7
Segment 3,51008,41.4,12,2,1
Segment 3,51014A,415.76,766,23,6
Segment 3,51014C,154.46,300,22,5
Segment 3,51014L,100.97999999999999,162,18,5
Segment 3,51020A,62.63999999999999,216,5,4
Segment 3,51020B,34.88999999999999,117,5,4
Segment 3,62018,233.25,167,12,3
Segment 3,62086A,60.45,31,2,2
Segment 3,62094B,2.55,1,1,1
Segment 3,62096A,87.5,70,2,1
Segment 3,70006,704.7,1500,6,3
Segment 3,70007,122.17999999999999,254,6,3
Segment 3,71053,1045.8700000000001,295,17,8
Segment 3,71101E,20.68,28,2,2
Segment 3,71270,48.71,38,14,3
Segment 3,71279,61.199999999999996,24,1,1
Segment 3,71403,5.9,2,1,1
Segment 3,71406C,32.34,77,10,3
Segment 3,71459,3478.08,4776,47,12
Segment 3,71477,10428.65,3579,36,7
Segment 3,71495A,17.28,48,1,1
Segment 3,71495B,34.56,96,2,1
Segment 3,71496A,25.44,48,1,1
Segment 3,71510,17.82,30,5,2
Segment 3,72051S,0.84,2,1,1
Segment 3,72122,1.9,2,1,1
Segment 3,72127,25.0,20,2,1
Segment 3,72128,30.689999999999998,45,2,2
Segment 3,72130,15.600000000000001,24,2,1
Segment 3,72131,23.4,12,2,1
Segment 3,72132,23.4,12,2,1
Segment 3,72134,15.12,36,1,1
Segment 3,72225C,40.32,192,2,1
Segment 3,72232,319.2,1680,8,2
Segment 3,72349B,224.70000000000002,107,20,2
Segment 3,72351A,616.92,350,18,4
Segment 3,72351B,973.6800000000001,548,24,4
Segment 3,72369A,7.5,6,1,1
Segment 3,72586,70.56,168,2,2
Segment 3,72598,100.6,148,5,4
Segment 3,72709,15.299999999999999,18,2,1
Segment 3,72741,240.85,181,9,4
Segment 3,72760B,672.71,77,13,5
Segment 3,72780,1.7,2,1,1
Segment 3,72799C,2.95,1,1,1
Segment 3,72799E,158.01000000000002,159,3,2
Segment 3,72799F,64.14999999999999,25,2,1
Segment 3,72800B,17.849999999999998,7,2,2
Segment 3,72800C,20.4,8,3,2
Segment 3,72800D,22.95,9,5,1
Segment 3,72800E,138.68,60,27,3
Segment 3,72801D,5.0,4,2,1
Segment 3,72801G,2.5,2,2,1
Segment 3,72802A,51.98,10,5,3
Segment 3,72802B,139.11,231,3,2
Segment 3,72802C,243.22,392,3,2
Segment 3,72803A,204.0,408,1,1
Segment 3,72807A,243.84,64,2,1
Segment 3,72807B,289.56,76,2,1
Segment 3,72807C,362.39,95,4,3
Segment 3,72811,30.0,24,1,1
Segment 3,72812,24.779999999999998,6,2,1
Segment 3,72816,70.19999999999999,58,5,2
Segment 3,72817,233.64999999999998,199,14,4
Segment 3,72818,90.79,201,8,3
Segment 3,72819,1.25,1,1,1
Segment 3,75011,97.68,120,3,2
Segment 3,75013B,3.3,2,1,1
Segment 3,75049L,661.55,775,10,3
Segment 3,75131,16.69,13,2,2
Segment 3,75178,182.69,433,4,2
Segment 3,77101A,330.72,312,2,2
Segment 3,78034B,1.95,1,1,1
Segment 3,79000,133.2,168,8,3
Segment 3,79030D,46.8,120,4,2
Segment 3,79030G,196.86,466,10,6
Segment 3,79051A,20.879999999999995,72,3,2
Segment 3,79063C,18.0,100,1,1
Segment 3,79063D,18.0,100,1,1
Segment 3,79066K,77.41,91,27,4
Segment 3,79067,7.5,2,2,1
Segment 3,79071B,2.95,1,1,1
Segment 3,79144B,17.759999999999998,48,2,1
Segment 3,79144C,17.759999999999998,48,2,1
Segment 3,79149B,0.42,1,1,1
Segment 3,79151B,0.42,1,1,1
Segment 3,79160,374.88,216,16,2
Segment 3,79161A,2.95,1,1,1
Segment 3,79163,205.92000000000002,528,5,2
Segment 3,79164,217.62,558,4,2
Segment 3,79190B,96.84,302,2,2
Segment 3,79191B,5.1,6,2,1
Segment 3,79191C,272.15999999999997,432,3,1
Segment 3,79302M,397.5,154,17,4
Segment 3,79321,15828.210000000001,3368,129,15
Segment 3,79337,72.96000000000001,192,1,1
Segment 3,79403,2.55,3,2,1
Segment 3,81950B,14.499999999999998,50,1,1
Segment 3,81952B,0.19,1,1,1
Segment 3,81952V,13.3,70,2,2
Segment 3,81953P,3.8,20,1,1
Segment 3,82001S,1304.29,371,35,4
Segment 3,82011B,53.1,18,2,1
Segment 3,82011C,70.80000000000001,24,2,1
Segment 3,82482,2122.13,904,55,8
Segment 3,82483,1618.41,255,38,6
Segment 3,82484,2767.46,430,39,7
Segment 3,82486,1778.28,212,32,7
Segment 3,82494L,961.07,346,28,7
Segment 3,82551,366.47,274,20,7
Segment 3,82552,371.82,283,18,7
Segment 3,82567,171.41,97,26,5
Segment 3,82578,147.73000000000002,327,33,5
Segment 3,82580,705.69,1457,47,8
Segment 3,82581,306.26,680,42,8
Segment 3,82582,151.56,73,16,5
Segment 3,82583,2482.1400000000003,1351,26,7
Segment 3,82599,95.88000000000001,48,10,5
Segment 3,82600,1382.8200000000002,741,31,8
Segment 3,82613A,7.5,6,3,2
Segment 3,82613B,28.95,63,5,3
Segment 3,82613C,30.200000000000003,64,5,3
Segment 3,82613D,11.25,9,6,3
Segment 3,82616B,48.08,28,13,4
Segment 3,82616C,68.52,37,11,4
Segment 3,84006,175.1,206,8,2
Segment 3,84012,31.45,37,3,2
Segment 3,84029E,472.78999999999996,119,17,6
Segment 3,84029G,346.57,85,16,6
Segment 3,84030E,1080.91,275,21,7
Segment 3,84031A,108.63,27,13,2
Segment 3,84031B,75.59,19,8,2
Segment 3,84032A,162.29,55,15,4
Segment 3,84032B,336.23,223,17,6
Segment 3,84050,574.68,412,17,8
Segment 3,84051,76.8,120,1,1
Segment 3,84077,5067.93,22519,42,7
Segment 3,84078A,2436.6000000000004,68,15,5
Segment 3,84199,0.42,2,1,1
Segment 3,84206A,2.2800000000000002,12,1,1
Segment 3,84212,1106.7,2382,14,6
Segment 3,84226,1.7,2,1,1
Segment 3,84227,0.42,1,1,1
Segment 3,84228,0.84,2,2,1
Segment 3,84231,9.100000000000001,14,2,2
Segment 3,84247G,20.16,48,4,2
Segment 3,84249A,3.32,4,2,1
Segment 3,84251G,2.2800000000000002,12,1,1
Segment 3,84279P,18.75,5,2,2
Segment 3,84313B,97.5,50,2,1
Segment 3,84313C,741.3499999999999,379,7,3
Segment 3,84341B,41.89,109,3,2
Segment 3,84347,4107.22,1941,48,7
Segment 3,84352,50.849999999999994,3,3,1
Segment 3,84356,98.0,40,3,2
Segment 3,84360,18.6,4,1,1
Segment 3,84375,704.97,308,42,10
Segment 3,84378,2055.6,1659,38,11
Segment 3,84380,687.24,567,23,6
Segment 3,84387A,21.45,11,1,1
Segment 3,84388,3.9000000000000004,10,1,1
Segment 3,84402B,38.71,49,2,2
Segment 3,84406B,793.1500000000001,207,20,7
Segment 3,84415B,7.5,2,1,1
Segment 3,84422,187.20000000000002,480,1,1
Segment 3,84429A,20.650000000000002,7,2,2
Segment 3,84457,0.85,1,1,1
Segment 3,84459A,124.47,99,2,2
Segment 3,84459B,2.98,2,1,1
Segment 3,84461,5.1,2,2,2
Segment 3,84462,1.25,1,1,1
Segment 3,84507B,2.55,1,1,1
Segment 3,84507C,12.75,5,3,1
Segment 3,84508A,5.1,2,2,1
Segment 3,84509A,339.74,102,14,5
Segment 3,84509B,52.5,14,8,2
Segment 3,84509C,85.80000000000001,28,2,2
Segment 3,84509E,67.5,50,3,2
Segment 3,84509G,300.0,224,5,5
Segment 3,84510A,187.09,161,26,5
Segment 3,84510C,7.42,4,4,2
Segment 3,84510E,1.25,1,1,1
Segment 3,84519A,339.34,168,15,6
Segment 3,84519B,73.29,55,17,5
Segment 3,84520B,37.4,44,6,4
Segment 3,84527,39.599999999999994,24,1,1
Segment 3,84531A,7.02,6,2,2
Segment 3,84531B,13.26,22,2,2
Segment 3,84535A,3.25,5,2,1
Segment 3,84535B,35.58,51,5,3
Segment 3,84536A,75.58,178,14,4
Segment 3,84536B,36.9,82,7,4
Segment 3,84549,34.8,24,1,1
Segment 3,84558A,11.8,4,3,1
Segment 3,84559A,11.829999999999998,13,2,2
Segment 3,84559B,17.0,20,4,3
Segment 3,84563A,59.25,15,5,2
Segment 3,84563B,32.5,10,3,3
Segment 3,84569A,23.71,18,4,4
Segment 3,84569C,1.25,1,1,1
Segment 3,84569D,23.67,17,3,3
Segment 3,84575A,19.5,10,1,1
Segment 3,84576,46.8,24,2,1
Segment 3,84580,52.55,13,8,4
Segment 3,84581,12.01,3,3,2
Segment 3,84584,2.55,1,1,1
Segment 3,84595E,3.75,1,1,1
Segment 3,84596B,496.78,945,45,9
Segment 3,84596E,114.10000000000001,158,3,3
Segment 3,84596F,438.84,768,41,7
Segment 3,84596G,284.19,523,25,6
Segment 3,84596J,101.64,242,4,3
Segment 3,84596L,146.57,347,10,5
Segment 3,84598,60.48,288,1,1
Segment 3,84600,121.15,17,5,3
Segment 3,84609,261.0,36,2,1
Segment 3,84637,5.95,1,1,1
Segment 3,84658,16.58,2,1,1
Segment 3,84659A,135.81,64,5,3
Segment 3,84660A,414.26,481,7,4
Segment 3,84660B,403.34000000000003,450,7,2
Segment 3,84660C,314.6,340,6,2
Segment 3,84661A,4.96,1,1,1
Segment 3,84661B,19.84,4,3,1
Segment 3,84663A,157.0,140,3,1
Segment 3,84666,23.700000000000003,6,1,1
Segment 3,84673A,2.6,4,3,1
Segment 3,84673B,45.959999999999994,30,11,2
Segment 3,84674,35.9,26,2,2
Segment 3,84678,60.0,48,1,1
Segment 3,84683,31.200000000000003,48,1,1
Segment 3,84685,26.25,7,4,1
Segment 3,84686,4.25,1,1,1
Segment 3,84692,674.13,1721,58,9
Segment 3,84705C,15.0,12,1,1
Segment 3,84707A,89.79,5,4,2
Segment 3,84707B,39.86,3,3,3
Segment 3,84708B,34.0,8,2,1
Segment 3,84709B,17.85,3,2,2
Segment 3,84711A,9.95,1,1,1
Segment 3,84712B,12.72,2,1,1
Segment 3,84723,60.449999999999996,31,2,1
Segment 3,84725,11.25,15,1,1
Segment 3,84743C,1.25,1,1,1
Segment 3,84744,7.5,6,1,1
Segment 3,84748,3.75,1,1,1
Segment 3,84750B,16.38,26,3,3
Segment 3,84754,77.57000000000001,73,2,2
Segment 3,84755,1624.96,2736,34,10
Segment 3,84763,20.0,16,4,2
Segment 3,84766,93.6,48,3,1
Segment 3,84789,73.45,23,6,4
Segment 3,84792,218.45,53,10,5
Segment 3,84795B,31.8,4,1,1
Segment 3,84796B,262.79999999999995,24,1,1
Segment 3,84801A,21.0,10,1,1
Segment 3,84813,225.12,18,2,2
Segment 3,84816,79.9,2,1,1
Segment 3,84817,110.88,264,2,2
Segment 3,84818,236.16,288,7,2
Segment 3,84819,181.04999999999998,209,4,3
Segment 3,84820,140.0,112,3,3
Segment 3,84821,50.4,240,3,3
Segment 3,84823,111.30000000000001,14,2,2
Segment 3,84826,12.6,60,1,1
Segment 3,84827,12.700000000000001,62,3,2
Segment 3,84828,75.65,46,11,4
Segment 3,84832,61.07,59,15,3
Segment 3,84836,435.76,353,34,6
Segment 3,84843,11.9,2,2,1
Segment 3,84847,7.5,2,2,1
Segment 3,84849A,18.59,11,4,2
Segment 3,84849B,8.45,5,5,2
Segment 3,84849D,319.40999999999997,189,24,4
Segment 3,84854,24.75,5,1,1
Segment 3,84857B,46.8,24,1,1
Segment 3,84857C,23.4,12,1,1
Segment 3,84858C,226.25,181,2,1
Segment 3,84859A,14.11,5,3,2
Segment 3,84859B,11.93,5,2,2
Segment 3,84859C,12.39,3,2,1
Segment 3,84865,42.5,5,4,1
Segment 3,84874B,1.65,1,1,1
Segment 3,84875B,30.0,24,1,1
Segment 3,84876B,3.75,3,1,1
Segment 3,84877D,1.25,1,1,1
Segment 3,84879,11408.59,7747,36,7
Segment 3,84880,470.55000000000007,93,7,4
Segment 3,84882,7.5,2,1,1
Segment 3,84884A,221.76,56,9,4
Segment 3,84912A,37.5,10,9,2
Segment 3,84912B,30.0,8,5,3
Segment 3,84915,95.65,65,5,2
Segment 3,84916,64.6,28,2,1
Segment 3,84917,191.6,48,2,1
Segment 3,84920,26.25,7,5,1
Segment 3,84924A,22.38,3,2,1
Segment 3,84925F,3.16,4,1,1
Segment 3,84926A,21.169999999999998,73,2,2
Segment 3,84926D,47.7,99,4,2
Segment 3,84926E,88.74,248,4,3
Segment 3,84926F,72.3,109,7,2
Segment 3,84927F,2.34,6,1,1
Segment 3,84929,36.3,66,2,1
Segment 3,84944,36.8,16,2,2
Segment 3,84945,777.72,966,13,8
Segment 3,84946,1568.67,1242,38,9
Segment 3,84947,533.73,460,20,4
Segment 3,84949,2905.35,1979,29,3
Segment 3,84950,177.72,276,11,3
Segment 3,84951A,31.009999999999998,32,6,3
Segment 3,84951B,40.76,38,9,3
Segment 3,84952A,7.46,1,1,1
Segment 3,84952B,164.96,123,6,3
Segment 3,84952C,153.75,121,4,2
Segment 3,84968A,25.5,2,2,1
Segment 3,84968C,12.75,1,1,1
Segment 3,84968D,62.67,3,3,2
Segment 3,84968E,101.46000000000001,7,5,3
Segment 3,84968F,25.5,2,2,1
Segment 3,84969,39.739999999999995,6,4,1
Segment 3,84970L,402.63,285,17,5
Segment 3,84970S,951.41,1100,35,8
Segment 3,84971S,197.57,241,21,5
Segment 3,84976,22.25,25,2,2
Segment 3,84978,1550.5800000000002,1428,38,8
Segment 3,84984A,13.950000000000001,3,1,1
Segment 3,84984B,13.950000000000001,3,1,1
Segment 3,84985A,1.45,1,1,1
Segment 3,84987,459.93,333,10,6
Segment 3,84988,536.43,369,17,9
Segment 3,84989A,1.1,2,2,2
Segment 3,84991,1082.58,2428,37,13
Segment 3,84992,869.75,1881,46,10
Segment 3,84993A,2.52,6,3,2
Segment 3,84997A,2872.85,789,29,6
Segment 3,84997B,3771.08,1064,25,8
Segment 3,84997C,697.1999999999999,184,23,5
Segment 3,84997D,1067.41,289,30,9
Segment 3,85014A,367.99,52,24,7
Segment 3,85014B,2475.2200000000003,451,31,9
Segment 3,85015,82.62,104,7,3
Segment 3,85016,46.5,54,3,2
Segment 3,85017B,31.08,74,4,2
Segment 3,85017C,5.1,6,2,2
Segment 3,85018D,5.1,2,2,1
Segment 3,85019A,11.0,4,3,3
Segment 3,85023B,158.85000000000002,75,4,3
Segment 3,85024B,212.1,146,2,2
Segment 3,85025B,208.79999999999998,144,1,1
Segment 3,85025C,220.6,152,2,2
Segment 3,85027L,31.349999999999998,13,2,2
Segment 3,85032A,0.65,1,1,1
Segment 3,85032B,10.55,14,3,3
Segment 3,85032C,3.25,5,3,1
Segment 3,85032D,7.800000000000001,12,1,1
Segment 3,85034A,8.29,1,1,1
Segment 3,85034B,127.44,40,9,3
Segment 3,85034C,158.39,75,13,3
Segment 3,85035A,42.29,9,7,2
Segment 3,85035B,62.0,40,5,3
Segment 3,85035C,79.44999999999999,33,8,3
Segment 3,85036A,21.04,4,4,3
Segment 3,85036B,45.0,90,1,1
Segment 3,85036C,75.37,95,5,2
Segment 3,85038,93.94,37,16,3
Segment 3,85039A,126.94999999999999,149,14,3
Segment 3,85039B,85.96,124,10,2
Segment 3,85039C,56.62,106,5,2
Segment 3,85040A,59.24,20,6,2
Segment 3,85045,14.850000000000001,3,2,1
Segment 3,85048,1211.3,174,6,4
Segment 3,85049A,338.63,226,18,3
Segment 3,85049C,11.21,8,5,4
Segment 3,85049D,11.25,9,5,2
Segment 3,85049E,248.09,122,24,4
Segment 3,85049F,5.0,4,1,1
Segment 3,85049G,183.69000000000003,164,12,4
Segment 3,85049H,82.97,98,13,1
Segment 3,85053,181.06,82,24,6
Segment 3,85054,100.61,51,9,4
Segment 3,85055,15.0,4,1,1
Segment 3,85059,51.21,18,10,5
Segment 3,85061W,147.92999999999998,195,7,4
Segment 3,85062,108.27,68,7,4
Segment 3,85064,32.7,6,3,1
Segment 3,85066,800.4599999999999,71,8,6
Segment 3,85071A,19.94,38,6,4
Segment 3,85071B,53.82,138,8,4
Segment 3,85071C,17.83,34,6,4
Segment 3,85071D,27.57,43,8,4
Segment 3,85078,16.299999999999997,10,3,1
Segment 3,85086A,0.85,1,1,1
Segment 3,85087,13.16,4,1,1
Segment 3,85088,96.25,41,3,2
Segment 3,85095,61.96,32,4,3
Segment 3,85096,7.5,2,1,1
Segment 3,85099B,23235.83,13388,141,16
Segment 3,85099C,7980.16,4609,65,12
Segment 3,85099F,12722.91,7339,87,12
Segment 3,85104,14.530000000000001,3,3,2
Segment 3,85107,17.849999999999998,7,3,1
Segment 3,85111,59.16,204,4,1
Segment 3,85114A,52.8,32,5,1
Segment 3,85114B,92.39999999999999,56,11,1
Segment 3,85114C,23.1,14,2,1
Segment 3,85116,180.0,144,3,1
Segment 3,85118,27.5,22,2,1
Segment 3,85123A,14399.31,5605,115,14
Segment 3,85124C,5.1,2,1,1
Segment 3,85125,30.45,7,2,2
Segment 3,85127,19.8,4,2,2
Segment 3,85129B,30.36,26,3,2
Segment 3,85129C,22.38,15,4,2
Segment 3,85129D,68.88,28,7,1
Segment 3,85130A,19.799999999999997,12,1,1
Segment 3,85130B,132.89000000000001,145,4,3
Segment 3,85130C,95.64,108,4,2
Segment 3,85130D,113.76,144,3,2
Segment 3,85131A,145.92000000000002,216,6,2
Segment 3,85131B,112.88,136,11,1
Segment 3,85131C,41.21,43,7,2
Segment 3,85131D,75.59,85,8,2
Segment 3,85132A,160.3,74,4,3
Segment 3,85132B,144.3,74,5,3
Segment 3,85132C,105.30000000000001,54,4,3
Segment 3,85135B,7.95,1,1,1
Segment 3,85135C,31.8,4,3,2
Segment 3,85136A,15.9,2,2,2
Segment 3,85136C,31.8,4,4,1
Segment 3,85141,173.8,44,3,2
Segment 3,85144,196.95,101,4,2
Segment 3,85145,63.2,16,2,2
Segment 3,85150,2739.03,1477,22,5
Segment 3,85152,3299.77,1857,49,9
Segment 3,85159A,92.55,69,5,3
Segment 3,85159B,207.15,145,7,4
Segment 3,85160B,7.02,18,1,1
Segment 3,85161,69.8,4,2,2
Segment 3,85163A,196.95000000000002,33,6,3
Segment 3,85163B,244.35,37,8,4
Segment 3,85167B,12.75,3,2,2
Segment 3,85168B,109.86999999999999,13,4,2
Segment 3,85169A,4.92,2,1,1
Segment 3,85170B,95.99999999999999,110,5,2
Segment 3,85170C,119.93,99,7,5
Segment 3,85170D,166.48999999999998,131,16,4
Segment 3,85172,6.72,16,1,1
Segment 3,85173,73.81,76,6,3
Segment 3,85174,249.22,46,9,3
Segment 3,85175,26.72,48,3,3
Segment 3,85176,24.589999999999996,17,9,2
Segment 3,85177,189.20999999999998,291,3,2
Segment 3,85178,953.9399999999999,790,15,6
Segment 3,85179A,47.21,17,5,3
Segment 3,85179C,6.25,5,1,1
Segment 3,85180A,123.26,86,4,3
Segment 3,85180B,105.0,84,2,2
Segment 3,85183A,74.5,98,3,2
Segment 3,85183B,74.5,98,3,2
Segment 3,85184C,349.93,255,14,8
Segment 3,85185B,11.8,4,3,2
Segment 3,85187,28.049999999999997,17,5,2
Segment 3,85188A,23.799999999999997,28,5,2
Segment 3,85194L,30.599999999999998,36,1,1
Segment 3,85197,4.2,2,1,1
Segment 3,85198,15.36,24,1,1
Segment 3,85199L,52.370000000000005,85,3,3
Segment 3,85199S,79.19,170,40,4
Segment 3,85200,36.25,29,5,3
Segment 3,85202,7.140000000000001,17,2,2
Segment 3,85203,18.72,48,4,3
Segment 3,85204,68.28,521,4,4
Segment 3,85205B,35.699999999999996,14,5,3
Segment 3,85206A,121.2,80,4,4
Segment 3,85208,174.84,102,5,3
Segment 3,85211,18.189999999999998,13,2,2
Segment 3,85212,208.95999999999998,800,4,3
Segment 3,85213,139.2,480,1,1
Segment 3,85214,3.3,2,1,1
Segment 3,85215,0.65,1,1,1
Segment 3,85227,218.53,247,11,3
Segment 3,85230A,105.84,504,6,2
Segment 3,85230B,75.6,360,5,1
Segment 3,85230E,150.0,696,8,3
Segment 3,85230F,20.16,96,2,1
Segment 3,85230G,145.67999999999998,648,9,4
Segment 3,85231B,116.16,144,10,3
Segment 3,85231G,92.35,127,3,2
Segment 3,85232A,9.9,2,2,1
Segment 3,85232B,1227.6,248,3,2
Segment 3,85232D,29.700000000000003,6,1,1
Segment 3,90003D,3.75,1,1,1
Segment 3,90016A,38.25,9,1,1
Segment 3,90030A,6.0,6,1,1
Segment 3,90030B,6.0,6,1,1
Segment 3,90030C,6.0,6,1,1
Segment 3,90031,6.0,6,1,1
Segment 3,90032,28.169999999999998,9,1,1
Segment 3,90043,9.96,1,1,1
Segment 3,90049,19.92,2,2,1
Segment 3,90057,660.0,528,4,3
Segment 3,90058A,27.36,72,1,1
Segment 3,90058B,27.36,72,1,1
Segment 3,90059B,1.65,1,1,1
Segment 3,90059C,1.65,1,1,1
Segment 3,90059E,1.65,1,1,1
Segment 3,90059F,1.65,1,1,1
Segment 3,90082B,6.35,1,1,1
Segment 3,90082D,6.35,1,1,1
Segment 3,90083,11.41,7,3,1
Segment 3,90086,20.409999999999997,13,8,2
Segment 3,90087,9.78,6,5,1
Segment 3,90093,3.26,2,2,1
Segment 3,90101,5.1,2,1,1
Segment 3,90103,5.1,2,1,1
Segment 3,90114,2.55,1,1,1
Segment 3,90119,127.92,52,13,1
Segment 3,90125A,71.39999999999999,84,3,1
Segment 3,90125C,61.199999999999996,72,2,1
Segment 3,90125D,61.199999999999996,72,3,1
Segment 3,90145,35.7,6,3,1
Segment 3,90146,33.75,9,1,1
Segment 3,90147,9.95,1,1,1
Segment 3,90149,327.78000000000003,51,2,1
Segment 3,90152A,5.95,1,1,1
Segment 3,90154,377.0,52,1,1
Segment 3,90155,7.5,1,1,1
Segment 3,90160C,13.9,2,2,1
Segment 3,90161A,4.95,1,1,1
Segment 3,90166,24.900000000000002,6,5,1
Segment 3,90170,1.65,1,1,1
Segment 3,90177B,2.95,1,1,1
Segment 3,90177D,2.95,1,1,1
Segment 3,90180B,9.95,1,1,1
Segment 3,90184A,8.95,1,1,1
Segment 3,90184B,8.95,1,1,1
Segment 3,90184C,8.95,1,1,1
Segment 3,90191,17.700000000000003,6,1,1
Segment 3,90194,4.25,1,1,1
Segment 3,90198A,4.25,1,1,1
Segment 3,90200B,12.75,3,1,1
Segment 3,90200C,12.75,3,1,1
Segment 3,90200D,12.75,3,1,1
Segment 3,90200E,12.75,3,1,1
Segment 3,90204,3.35,1,1,1
Segment 3,90208,2.55,1,1,1
Segment 3,90210C,75.0,60,1,1
Segment 3,90210D,75.0,60,1,1
Segment 3,90211A,5.95,1,1,1
Segment 3,90214D,1.25,1,1,1
Segment 3,C2,650.0,13,13,1
Segment 3,DOT,11906.36,16,16,1
Segment 3,M,3509.76,4784,28,5
Segment 3,POST,8241.75,5,4,3
